<?xml version="1.0" encoding="UTF-8"?>
<gpx version="1.1" creator="HoldMyTrack" xmlns="http://www.topografix.com/GPX/1/1" xmlns:gpxtpx="http://www.garmin.com/xmlschemas/TrackPointExtension/v1">
  <trk>
    <type>walking</type>
    <trkseg>
      <trkpt lat="41.486457454731315" lon="-81.74619475735463"><ele>159.3</ele><time>2026-09-11T20:16:07Z</time></trkpt>
      <trkpt lat="41.48645745473136" lon="-81.74619475735473"><ele>160.3</ele><time>2026-09-11T20:16:08Z</time></trkpt>
      <trkpt lat="41.486457235080906" lon="-81.74619594669352"><ele>161.9</ele><time>2026-09-11T20:16:09Z</time></trkpt>
      <trkpt lat="41.48645730543771" lon="-81.74619846937932"><ele>161.9</ele><time>2026-09-11T20:16:10Z</time></trkpt>
      <trkpt lat="41.48645781938552" lon="-81.74620340135633"><ele>161.4</ele><time>2026-09-11T20:16:11Z</time></trkpt>
      <trkpt lat="41.48666" lon="-81.74635333333333"><ele>157.599</ele><time>2026-09-11T20:17:00Z</time></trkpt>
      <trkpt lat="41.48666" lon="-81.74635166666667"><ele>157.5</ele><time>2026-09-11T20:17:01Z</time></trkpt>
      <trkpt lat="41.48666" lon="-81.74635"><ele>157.5</ele><time>2026-09-11T20:17:02Z</time></trkpt>
      <trkpt lat="41.48666" lon="-81.74635"><ele>157.5</ele><time>2026-09-11T20:17:03Z</time></trkpt>
      <trkpt lat="41.48666" lon="-81.74634833333333"><ele>157.1</ele><time>2026-09-11T20:17:04Z</time></trkpt>
      <trkpt lat="41.48666" lon="-81.74634666666667"><ele>157.1</ele><time>2026-09-11T20:17:05Z</time></trkpt>
      <trkpt lat="41.48665833333333" lon="-81.746345"><ele>157.1</ele><time>2026-09-11T20:17:06Z</time></trkpt>
      <trkpt lat="41.48665833333333" lon="-81.74634666666667"><ele>158.1</ele><time>2026-09-11T20:17:07Z</time></trkpt>
      <trkpt lat="41.48665833333333" lon="-81.74634666666667"><ele>157</ele><time>2026-09-11T20:17:08Z</time></trkpt>
      <trkpt lat="41.48665833333333" lon="-81.746345"><ele>156.8</ele><time>2026-09-11T20:17:09Z</time></trkpt>
      <trkpt lat="41.48665833333333" lon="-81.746345"><ele>156.8</ele><time>2026-09-11T20:17:10Z</time></trkpt>
      <trkpt lat="41.48665833333333" lon="-81.746345"><ele>156.8</ele><time>2026-09-11T20:17:11Z</time></trkpt>
      <trkpt lat="41.48665833333333" lon="-81.746345"><ele>157.6</ele><time>2026-09-11T20:17:12Z</time></trkpt>
      <trkpt lat="41.48665833333333" lon="-81.746345"><ele>157.6</ele><time>2026-09-11T20:17:13Z</time></trkpt>
      <trkpt lat="41.48665833333333" lon="-81.74634666666667"><ele>157.3</ele><time>2026-09-11T20:17:14Z</time></trkpt>
      <trkpt lat="41.48665833333333" lon="-81.74634666666667"><ele>157.6</ele><time>2026-09-11T20:17:15Z</time></trkpt>
      <trkpt lat="41.48665833333333" lon="-81.74635"><ele>157.6</ele><time>2026-09-11T20:17:16Z</time></trkpt>
      <trkpt lat="41.48665666666667" lon="-81.74635166666667"><ele>157</ele><time>2026-09-11T20:17:17Z</time></trkpt>
      <trkpt lat="41.48665666666667" lon="-81.74635833333333"><ele>157.1</ele><time>2026-09-11T20:17:18Z</time></trkpt>
      <trkpt lat="41.48665833333333" lon="-81.74636"><ele>157.299</ele><time>2026-09-11T20:17:20Z</time></trkpt>
      <trkpt lat="41.48665833333333" lon="-81.74636166666667"><ele>157.499</ele><time>2026-09-11T20:17:21Z</time></trkpt>
      <trkpt lat="41.48666" lon="-81.74636333333333"><ele>157.599</ele><time>2026-09-11T20:17:22Z</time></trkpt>
      <trkpt lat="41.48666166666667" lon="-81.746365"><ele>157.599</ele><time>2026-09-11T20:17:23Z</time></trkpt>
      <trkpt lat="41.48666333333333" lon="-81.74636166666667"><ele>157.499</ele><time>2026-09-11T20:17:24Z</time></trkpt>
      <trkpt lat="41.48666333333333" lon="-81.74636166666667"><ele>156.899</ele><time>2026-09-11T20:17:25Z</time></trkpt>
      <trkpt lat="41.486666666666665" lon="-81.746365"><ele>156.899</ele><time>2026-09-11T20:17:26Z</time></trkpt>
      <trkpt lat="41.486666666666665" lon="-81.746365"><ele>157.3</ele><time>2026-09-11T20:17:27Z</time></trkpt>
      <trkpt lat="41.486668333333334" lon="-81.746365"><ele>157.2</ele><time>2026-09-11T20:17:28Z</time></trkpt>
      <trkpt lat="41.486671666666666" lon="-81.74636666666666"><ele>157.1</ele><time>2026-09-11T20:17:29Z</time></trkpt>
      <trkpt lat="41.486671666666666" lon="-81.74636666666666"><ele>157.2</ele><time>2026-09-11T20:17:30Z</time></trkpt>
      <trkpt lat="41.48667" lon="-81.746365"><ele>157.1</ele><time>2026-09-11T20:17:31Z</time></trkpt>
      <trkpt lat="41.48667" lon="-81.746365"><ele>157</ele><time>2026-09-11T20:17:32Z</time></trkpt>
      <trkpt lat="41.486671666666666" lon="-81.746365"><ele>157</ele><time>2026-09-11T20:17:33Z</time></trkpt>
      <trkpt lat="41.486671666666666" lon="-81.74636666666666"><ele>157.6</ele><time>2026-09-11T20:17:34Z</time></trkpt>
      <trkpt lat="41.486673333333336" lon="-81.746365"><ele>157.3</ele><time>2026-09-11T20:17:35Z</time></trkpt>
      <trkpt lat="41.486673333333336" lon="-81.746365"><ele>157.4</ele><time>2026-09-11T20:17:36Z</time></trkpt>
      <trkpt lat="41.486675" lon="-81.74636666666666"><ele>157.1</ele><time>2026-09-11T20:17:37Z</time></trkpt>
      <trkpt lat="41.486675" lon="-81.746365"><ele>157.4</ele><time>2026-09-11T20:17:38Z</time></trkpt>
      <trkpt lat="41.486675" lon="-81.746365"><ele>157.1</ele><time>2026-09-11T20:17:39Z</time></trkpt>
      <trkpt lat="41.486675" lon="-81.746365"><ele>157.1</ele><time>2026-09-11T20:17:40Z</time></trkpt>
      <trkpt lat="41.486675" lon="-81.74636333333333"><ele>157.299</ele><time>2026-09-11T20:17:41Z</time></trkpt>
      <trkpt lat="41.48667666666667" lon="-81.74636166666667"><ele>157.299</ele><time>2026-09-11T20:17:42Z</time></trkpt>
      <trkpt lat="41.48667666666667" lon="-81.74635833333333"><ele>156.799</ele><time>2026-09-11T20:17:43Z</time></trkpt>
      <trkpt lat="41.48668" lon="-81.74635666666667"><ele>157.2</ele><time>2026-09-11T20:17:44Z</time></trkpt>
      <trkpt lat="41.48668" lon="-81.746355"><ele>156.8</ele><time>2026-09-11T20:17:45Z</time></trkpt>
      <trkpt lat="41.48668166666667" lon="-81.74635333333333"><ele>156.9</ele><time>2026-09-11T20:17:46Z</time></trkpt>
      <trkpt lat="41.48668" lon="-81.746355"><ele>157</ele><time>2026-09-11T20:17:47Z</time></trkpt>
      <trkpt lat="41.48668" lon="-81.74635666666667"><ele>157</ele><time>2026-09-11T20:17:48Z</time></trkpt>
      <trkpt lat="41.48668" lon="-81.746355"><ele>157.1</ele><time>2026-09-11T20:17:49Z</time></trkpt>
      <trkpt lat="41.48668" lon="-81.74635666666667"><ele>157.1</ele><time>2026-09-11T20:17:50Z</time></trkpt>
      <trkpt lat="41.48668166666667" lon="-81.74635333333333"><ele>157.2</ele><time>2026-09-11T20:17:51Z</time></trkpt>
      <trkpt lat="41.48668166666667" lon="-81.74635333333333"><ele>157.2</ele><time>2026-09-11T20:17:52Z</time></trkpt>
      <trkpt lat="41.48668166666667" lon="-81.74635333333333"><ele>157.1</ele><time>2026-09-11T20:17:53Z</time></trkpt>
      <trkpt lat="41.48668166666667" lon="-81.74635166666667"><ele>157.7</ele><time>2026-09-11T20:17:54Z</time></trkpt>
      <trkpt lat="41.48668166666667" lon="-81.74635333333333"><ele>157.7</ele><time>2026-09-11T20:17:55Z</time></trkpt>
      <trkpt lat="41.48668333333333" lon="-81.74635333333333"><ele>157.5</ele><time>2026-09-11T20:17:56Z</time></trkpt>
      <trkpt lat="41.486685" lon="-81.74635166666667"><ele>157.5</ele><time>2026-09-11T20:17:57Z</time></trkpt>
      <trkpt lat="41.486685" lon="-81.74635"><ele>157.1</ele><time>2026-09-11T20:17:58Z</time></trkpt>
      <trkpt lat="41.486686666666664" lon="-81.74634833333333"><ele>157.299</ele><time>2026-09-11T20:17:59Z</time></trkpt>
      <trkpt lat="41.48668833333333" lon="-81.74634666666667"><ele>157.299</ele><time>2026-09-11T20:18:00Z</time></trkpt>
      <trkpt lat="41.48669" lon="-81.746345"><ele>157.399</ele><time>2026-09-11T20:18:01Z</time></trkpt>
      <trkpt lat="41.486691666666665" lon="-81.74634166666667"><ele>156.999</ele><time>2026-09-11T20:18:02Z</time></trkpt>
      <trkpt lat="41.486691666666665" lon="-81.74634"><ele>157.1</ele><time>2026-09-11T20:18:03Z</time></trkpt>
      <trkpt lat="41.486695" lon="-81.74633833333333"><ele>157.299</ele><time>2026-09-11T20:18:04Z</time></trkpt>
      <trkpt lat="41.486695" lon="-81.74633833333333"><ele>157.1</ele><time>2026-09-11T20:18:05Z</time></trkpt>
      <trkpt lat="41.48669666666667" lon="-81.74633666666666"><ele>156.9</ele><time>2026-09-11T20:18:06Z</time></trkpt>
      <trkpt lat="41.48669833333334" lon="-81.746335"><ele>156.7</ele><time>2026-09-11T20:18:07Z</time></trkpt>
      <trkpt lat="41.48669666666667" lon="-81.74633333333334"><ele>157</ele><time>2026-09-11T20:18:08Z</time></trkpt>
      <trkpt lat="41.486695" lon="-81.74633333333334"><ele>157</ele><time>2026-09-11T20:18:09Z</time></trkpt>
      <trkpt lat="41.486695" lon="-81.74633333333334"><ele>157</ele><time>2026-09-11T20:18:10Z</time></trkpt>
      <trkpt lat="41.486695" lon="-81.74633166666666"><ele>157</ele><time>2026-09-11T20:18:11Z</time></trkpt>
      <trkpt lat="41.486695" lon="-81.74633166666666"><ele>157.1</ele><time>2026-09-11T20:18:12Z</time></trkpt>
      <trkpt lat="41.486695" lon="-81.74633166666666"><ele>157.1</ele><time>2026-09-11T20:18:13Z</time></trkpt>
      <trkpt lat="41.486695" lon="-81.74633"><ele>157</ele><time>2026-09-11T20:18:14Z</time></trkpt>
      <trkpt lat="41.486695" lon="-81.74632833333334"><ele>157.8</ele><time>2026-09-11T20:18:15Z</time></trkpt>
      <trkpt lat="41.486695" lon="-81.74632833333334"><ele>157.8</ele><time>2026-09-11T20:18:16Z</time></trkpt>
      <trkpt lat="41.486695" lon="-81.74632833333334"><ele>157.5</ele><time>2026-09-11T20:18:17Z</time></trkpt>
      <trkpt lat="41.48669666666667" lon="-81.74632666666666"><ele>157.6</ele><time>2026-09-11T20:18:18Z</time></trkpt>
      <trkpt lat="41.48669666666667" lon="-81.74632666666666"><ele>157.1</ele><time>2026-09-11T20:18:19Z</time></trkpt>
      <trkpt lat="41.48669833333334" lon="-81.746325"><ele>157.2</ele><time>2026-09-11T20:18:20Z</time></trkpt>
      <trkpt lat="41.4867" lon="-81.746325"><ele>157.3</ele><time>2026-09-11T20:18:21Z</time></trkpt>
      <trkpt lat="41.4867" lon="-81.746325"><ele>157.5</ele><time>2026-09-11T20:18:22Z</time></trkpt>
      <trkpt lat="41.4867" lon="-81.74632333333334"><ele>157</ele><time>2026-09-11T20:18:23Z</time></trkpt>
      <trkpt lat="41.4867" lon="-81.74632166666666"><ele>156.9</ele><time>2026-09-11T20:18:24Z</time></trkpt>
      <trkpt lat="41.4867" lon="-81.74632"><ele>157.3</ele><time>2026-09-11T20:18:25Z</time></trkpt>
      <trkpt lat="41.4867" lon="-81.74631833333333"><ele>157.1</ele><time>2026-09-11T20:18:26Z</time></trkpt>
      <trkpt lat="41.4867" lon="-81.74631833333333"><ele>156.9</ele><time>2026-09-11T20:18:27Z</time></trkpt>
      <trkpt lat="41.48670166666667" lon="-81.74631833333333"><ele>156.7</ele><time>2026-09-11T20:18:28Z</time></trkpt>
      <trkpt lat="41.48670333333333" lon="-81.74631666666667"><ele>156.8</ele><time>2026-09-11T20:18:29Z</time></trkpt>
      <trkpt lat="41.48670333333333" lon="-81.74631666666667"><ele>157</ele><time>2026-09-11T20:18:30Z</time></trkpt>
      <trkpt lat="41.48670333333333" lon="-81.746315"><ele>157</ele><time>2026-09-11T20:18:31Z</time></trkpt>
      <trkpt lat="41.48670333333333" lon="-81.746315"><ele>157</ele><time>2026-09-11T20:18:32Z</time></trkpt>
      <trkpt lat="41.486705" lon="-81.746315"><ele>157</ele><time>2026-09-11T20:18:33Z</time></trkpt>
      <trkpt lat="41.486705" lon="-81.746315"><ele>157</ele><time>2026-09-11T20:18:34Z</time></trkpt>
      <trkpt lat="41.486705" lon="-81.74631333333333"><ele>157</ele><time>2026-09-11T20:18:35Z</time></trkpt>
      <trkpt lat="41.486705" lon="-81.74631333333333"><ele>157.8</ele><time>2026-09-11T20:18:36Z</time></trkpt>
      <trkpt lat="41.486705" lon="-81.74631333333333"><ele>157.7</ele><time>2026-09-11T20:18:37Z</time></trkpt>
      <trkpt lat="41.4867" lon="-81.74631166666667"><ele>157.6</ele><time>2026-09-11T20:18:38Z</time></trkpt>
      <trkpt lat="41.48669833333334" lon="-81.74631166666667"><ele>157.1</ele><time>2026-09-11T20:18:39Z</time></trkpt>
      <trkpt lat="41.486695" lon="-81.74631166666667"><ele>157.299</ele><time>2026-09-11T20:18:40Z</time></trkpt>
      <trkpt lat="41.486691666666665" lon="-81.74631166666667"><ele>157.299</ele><time>2026-09-11T20:18:41Z</time></trkpt>
      <trkpt lat="41.48668833333333" lon="-81.74631166666667"><ele>157.1</ele><time>2026-09-11T20:18:42Z</time></trkpt>
      <trkpt lat="41.486686666666664" lon="-81.746315"><ele>157.2</ele><time>2026-09-11T20:18:43Z</time></trkpt>
      <trkpt lat="41.486685" lon="-81.74631833333333"><ele>157</ele><time>2026-09-11T20:18:44Z</time></trkpt>
      <trkpt lat="41.48668166666667" lon="-81.74632"><ele>157.1</ele><time>2026-09-11T20:18:45Z</time></trkpt>
      <trkpt lat="41.48668" lon="-81.74632166666666"><ele>157.1</ele><time>2026-09-11T20:18:46Z</time></trkpt>
      <trkpt lat="41.48667833333333" lon="-81.746325"><ele>157</ele><time>2026-09-11T20:18:47Z</time></trkpt>
      <trkpt lat="41.48667666666667" lon="-81.74632833333334"><ele>156.8</ele><time>2026-09-11T20:18:48Z</time></trkpt>
      <trkpt lat="41.486675" lon="-81.74633166666666"><ele>156.9</ele><time>2026-09-11T20:18:49Z</time></trkpt>
      <trkpt lat="41.486673333333336" lon="-81.74633333333334"><ele>157</ele><time>2026-09-11T20:18:50Z</time></trkpt>
      <trkpt lat="41.486673333333336" lon="-81.746335"><ele>156.8</ele><time>2026-09-11T20:18:51Z</time></trkpt>
      <trkpt lat="41.486671666666666" lon="-81.74633666666666"><ele>157.1</ele><time>2026-09-11T20:18:52Z</time></trkpt>
      <trkpt lat="41.486671666666666" lon="-81.74633833333333"><ele>157.1</ele><time>2026-09-11T20:18:53Z</time></trkpt>
      <trkpt lat="41.486671666666666" lon="-81.74634"><ele>156.5</ele><time>2026-09-11T20:18:54Z</time></trkpt>
      <trkpt lat="41.486671666666666" lon="-81.74634"><ele>157</ele><time>2026-09-11T20:18:55Z</time></trkpt>
      <trkpt lat="41.486673333333336" lon="-81.74634166666667"><ele>157.8</ele><time>2026-09-11T20:18:56Z</time></trkpt>
      <trkpt lat="41.486675" lon="-81.746345"><ele>157.7</ele><time>2026-09-11T20:18:57Z</time></trkpt>
      <trkpt lat="41.486675" lon="-81.746345"><ele>157.6</ele><time>2026-09-11T20:18:58Z</time></trkpt>
      <trkpt lat="41.48667666666667" lon="-81.74634833333333"><ele>157.6</ele><time>2026-09-11T20:18:59Z</time></trkpt>
      <trkpt lat="41.48667833333333" lon="-81.74635"><ele>157.1</ele><time>2026-09-11T20:19:00Z</time></trkpt>
      <trkpt lat="41.48668" lon="-81.74635166666667"><ele>157.1</ele><time>2026-09-11T20:19:01Z</time></trkpt>
      <trkpt lat="41.48668" lon="-81.74635333333333"><ele>157.1</ele><time>2026-09-11T20:19:02Z</time></trkpt>
      <trkpt lat="41.48668" lon="-81.74635333333333"><ele>157.2</ele><time>2026-09-11T20:19:03Z</time></trkpt>
      <trkpt lat="41.48668" lon="-81.746355"><ele>157</ele><time>2026-09-11T20:19:04Z</time></trkpt>
      <trkpt lat="41.48668" lon="-81.746355"><ele>156.7</ele><time>2026-09-11T20:19:05Z</time></trkpt>
      <trkpt lat="41.48668166666667" lon="-81.74635666666667"><ele>156.799</ele><time>2026-09-11T20:19:06Z</time></trkpt>
      <trkpt lat="41.48668333333333" lon="-81.74635666666667"><ele>156.999</ele><time>2026-09-11T20:19:07Z</time></trkpt>
      <trkpt lat="41.486685" lon="-81.74635666666667"><ele>156.999</ele><time>2026-09-11T20:19:08Z</time></trkpt>
      <trkpt lat="41.486686666666664" lon="-81.74636"><ele>156.799</ele><time>2026-09-11T20:19:09Z</time></trkpt>
      <trkpt lat="41.48668833333333" lon="-81.74636166666667"><ele>156.799</ele><time>2026-09-11T20:19:10Z</time></trkpt>
      <trkpt lat="41.48669" lon="-81.74636166666667"><ele>156.799</ele><time>2026-09-11T20:19:11Z</time></trkpt>
      <trkpt lat="41.48669" lon="-81.746365"><ele>157.1</ele><time>2026-09-11T20:19:12Z</time></trkpt>
      <trkpt lat="41.48669" lon="-81.746365"><ele>156.6</ele><time>2026-09-11T20:19:13Z</time></trkpt>
      <trkpt lat="41.48669" lon="-81.74636833333334"><ele>156.6</ele><time>2026-09-11T20:19:14Z</time></trkpt>
      <trkpt lat="41.48668833333333" lon="-81.74637"><ele>156.4</ele><time>2026-09-11T20:19:15Z</time></trkpt>
      <trkpt lat="41.48669" lon="-81.74637166666666"><ele>156.9</ele><time>2026-09-11T20:19:16Z</time></trkpt>
      <trkpt lat="41.486691666666665" lon="-81.74637"><ele>157.5</ele><time>2026-09-11T20:19:17Z</time></trkpt>
      <trkpt lat="41.486691666666665" lon="-81.74636833333334"><ele>157.3</ele><time>2026-09-11T20:19:18Z</time></trkpt>
      <trkpt lat="41.486695" lon="-81.74636833333334"><ele>157.5</ele><time>2026-09-11T20:19:19Z</time></trkpt>
      <trkpt lat="41.486695" lon="-81.74636833333334"><ele>157.6</ele><time>2026-09-11T20:19:20Z</time></trkpt>
      <trkpt lat="41.48669833333334" lon="-81.74636833333334"><ele>157.7</ele><time>2026-09-11T20:19:21Z</time></trkpt>
      <trkpt lat="41.48669833333334" lon="-81.74636833333334"><ele>157.7</ele><time>2026-09-11T20:19:22Z</time></trkpt>
      <trkpt lat="41.4867" lon="-81.74636833333334"><ele>157.5</ele><time>2026-09-11T20:19:23Z</time></trkpt>
      <trkpt lat="41.48669833333334" lon="-81.74636333333333"><ele>157.3</ele><time>2026-09-11T20:19:24Z</time></trkpt>
      <trkpt lat="41.48668833333333" lon="-81.74636666666666"><ele>157</ele><time>2026-09-11T20:19:26Z</time></trkpt>
      <trkpt lat="41.48668" lon="-81.74636666666666"><ele>157.1</ele><time>2026-09-11T20:19:27Z</time></trkpt>
      <trkpt lat="41.486673333333336" lon="-81.74636"><ele>157.1</ele><time>2026-09-11T20:19:28Z</time></trkpt>
      <trkpt lat="41.486675" lon="-81.74635833333333"><ele>156.7</ele><time>2026-09-11T20:19:29Z</time></trkpt>
      <trkpt lat="41.48667666666667" lon="-81.74635666666667"><ele>156.899</ele><time>2026-09-11T20:19:30Z</time></trkpt>
      <trkpt lat="41.48667666666667" lon="-81.74635666666667"><ele>156.7</ele><time>2026-09-11T20:19:31Z</time></trkpt>
      <trkpt lat="41.48667666666667" lon="-81.746355"><ele>156.6</ele><time>2026-09-11T20:19:32Z</time></trkpt>
      <trkpt lat="41.48667666666667" lon="-81.746355"><ele>156.1</ele><time>2026-09-11T20:19:33Z</time></trkpt>
      <trkpt lat="41.48667833333333" lon="-81.74635333333333"><ele>156.299</ele><time>2026-09-11T20:19:34Z</time></trkpt>
      <trkpt lat="41.48667833333333" lon="-81.74635166666667"><ele>156.499</ele><time>2026-09-11T20:19:35Z</time></trkpt>
      <trkpt lat="41.48668" lon="-81.74635"><ele>156.899</ele><time>2026-09-11T20:19:36Z</time></trkpt>
      <trkpt lat="41.48668" lon="-81.74635166666667"><ele>157.299</ele><time>2026-09-11T20:19:37Z</time></trkpt>
      <trkpt lat="41.48668166666667" lon="-81.74635166666667"><ele>157.499</ele><time>2026-09-11T20:19:38Z</time></trkpt>
      <trkpt lat="41.48668166666667" lon="-81.74635"><ele>157.299</ele><time>2026-09-11T20:19:39Z</time></trkpt>
      <trkpt lat="41.48668166666667" lon="-81.74635166666667"><ele>157.1</ele><time>2026-09-11T20:19:40Z</time></trkpt>
      <trkpt lat="41.486685" lon="-81.74635166666667"><ele>157.1</ele><time>2026-09-11T20:19:42Z</time></trkpt>
      <trkpt lat="41.486685" lon="-81.74635166666667"><ele>157</ele><time>2026-09-11T20:19:43Z</time></trkpt>
      <trkpt lat="41.486685" lon="-81.74635333333333"><ele>157</ele><time>2026-09-11T20:19:44Z</time></trkpt>
      <trkpt lat="41.486685" lon="-81.746355"><ele>156.6</ele><time>2026-09-11T20:19:45Z</time></trkpt>
      <trkpt lat="41.486685" lon="-81.746355"><ele>156.6</ele><time>2026-09-11T20:19:46Z</time></trkpt>
      <trkpt lat="41.486686666666664" lon="-81.74635666666667"><ele>156.7</ele><time>2026-09-11T20:19:47Z</time></trkpt>
      <trkpt lat="41.486686666666664" lon="-81.74635833333333"><ele>157</ele><time>2026-09-11T20:19:48Z</time></trkpt>
      <trkpt lat="41.48668833333333" lon="-81.74636"><ele>157</ele><time>2026-09-11T20:19:49Z</time></trkpt>
      <trkpt lat="41.486691666666665" lon="-81.74636166666667"><ele>156.7</ele><time>2026-09-11T20:19:50Z</time></trkpt>
      <trkpt lat="41.486695" lon="-81.74636"><ele>156.799</ele><time>2026-09-11T20:19:51Z</time></trkpt>
      <trkpt lat="41.48669666666667" lon="-81.74635833333333"><ele>156.799</ele><time>2026-09-11T20:19:52Z</time></trkpt>
      <trkpt lat="41.48669666666667" lon="-81.746355"><ele>156.799</ele><time>2026-09-11T20:19:53Z</time></trkpt>
      <trkpt lat="41.48669666666667" lon="-81.74635333333333"><ele>157.1</ele><time>2026-09-11T20:19:54Z</time></trkpt>
      <trkpt lat="41.48669666666667" lon="-81.74635333333333"><ele>156.1</ele><time>2026-09-11T20:19:55Z</time></trkpt>
      <trkpt lat="41.48669666666667" lon="-81.74634833333333"><ele>156.5</ele><time>2026-09-11T20:19:56Z</time></trkpt>
      <trkpt lat="41.486695" lon="-81.74634666666667"><ele>157</ele><time>2026-09-11T20:19:57Z</time></trkpt>
      <trkpt lat="41.486695" lon="-81.74634333333333"><ele>157.1</ele><time>2026-09-11T20:19:58Z</time></trkpt>
      <trkpt lat="41.486695" lon="-81.74634"><ele>157.1</ele><time>2026-09-11T20:19:59Z</time></trkpt>
      <trkpt lat="41.486693333333335" lon="-81.74633666666666"><ele>157.2</ele><time>2026-09-11T20:20:00Z</time></trkpt>
      <trkpt lat="41.486693333333335" lon="-81.74633333333334"><ele>156.399</ele><time>2026-09-11T20:20:01Z</time></trkpt>
      <trkpt lat="41.486695" lon="-81.74633166666666"><ele>156.899</ele><time>2026-09-11T20:20:02Z</time></trkpt>
      <trkpt lat="41.486695" lon="-81.74633"><ele>156.7</ele><time>2026-09-11T20:20:03Z</time></trkpt>
      <trkpt lat="41.486695" lon="-81.74632666666666"><ele>156.6</ele><time>2026-09-11T20:20:04Z</time></trkpt>
      <trkpt lat="41.486693333333335" lon="-81.74632666666666"><ele>156.6</ele><time>2026-09-11T20:20:05Z</time></trkpt>
      <trkpt lat="41.486693333333335" lon="-81.746325"><ele>156.6</ele><time>2026-09-11T20:20:06Z</time></trkpt>
      <trkpt lat="41.486693333333335" lon="-81.74632333333334"><ele>156.7</ele><time>2026-09-11T20:20:07Z</time></trkpt>
      <trkpt lat="41.486691666666665" lon="-81.74632166666666"><ele>156.8</ele><time>2026-09-11T20:20:08Z</time></trkpt>
      <trkpt lat="41.486691666666665" lon="-81.74632"><ele>157</ele><time>2026-09-11T20:20:09Z</time></trkpt>
      <trkpt lat="41.486691666666665" lon="-81.74632"><ele>156.9</ele><time>2026-09-11T20:20:10Z</time></trkpt>
      <trkpt lat="41.486691666666665" lon="-81.74632"><ele>156.8</ele><time>2026-09-11T20:20:11Z</time></trkpt>
      <trkpt lat="41.486691666666665" lon="-81.74632"><ele>156.6</ele><time>2026-09-11T20:20:12Z</time></trkpt>
      <trkpt lat="41.486691666666665" lon="-81.74632"><ele>156.7</ele><time>2026-09-11T20:20:13Z</time></trkpt>
      <trkpt lat="41.486693333333335" lon="-81.74632"><ele>156.5</ele><time>2026-09-11T20:20:14Z</time></trkpt>
      <trkpt lat="41.486693333333335" lon="-81.74632"><ele>156</ele><time>2026-09-11T20:20:15Z</time></trkpt>
      <trkpt lat="41.486695" lon="-81.74632"><ele>156.1</ele><time>2026-09-11T20:20:16Z</time></trkpt>
      <trkpt lat="41.486695" lon="-81.74632"><ele>156.299</ele><time>2026-09-11T20:20:17Z</time></trkpt>
      <trkpt lat="41.486695" lon="-81.74632"><ele>156.799</ele><time>2026-09-11T20:20:18Z</time></trkpt>
      <trkpt lat="41.48669666666667" lon="-81.74632166666666"><ele>156.999</ele><time>2026-09-11T20:20:19Z</time></trkpt>
      <trkpt lat="41.48669666666667" lon="-81.74632"><ele>156.999</ele><time>2026-09-11T20:20:20Z</time></trkpt>
      <trkpt lat="41.48669833333334" lon="-81.74632333333334"><ele>156.799</ele><time>2026-09-11T20:20:22Z</time></trkpt>
      <trkpt lat="41.4867" lon="-81.74632333333334"><ele>156.7</ele><time>2026-09-11T20:20:23Z</time></trkpt>
      <trkpt lat="41.48669833333334" lon="-81.746325"><ele>156.7</ele><time>2026-09-11T20:20:24Z</time></trkpt>
      <trkpt lat="41.48669833333334" lon="-81.74633166666666"><ele>156.6</ele><time>2026-09-11T20:20:25Z</time></trkpt>
      <trkpt lat="41.48669833333334" lon="-81.74633333333334"><ele>156.6</ele><time>2026-09-11T20:20:26Z</time></trkpt>
      <trkpt lat="41.486693333333335" lon="-81.74633833333333"><ele>156.7</ele><time>2026-09-11T20:20:27Z</time></trkpt>
      <trkpt lat="41.48669" lon="-81.74634166666667"><ele>156.7</ele><time>2026-09-11T20:20:28Z</time></trkpt>
      <trkpt lat="41.486685" lon="-81.74634666666667"><ele>156.799</ele><time>2026-09-11T20:20:29Z</time></trkpt>
      <trkpt lat="41.48668" lon="-81.74635166666667"><ele>156.499</ele><time>2026-09-11T20:20:30Z</time></trkpt>
      <trkpt lat="41.48667833333333" lon="-81.74635666666667"><ele>156.999</ele><time>2026-09-11T20:20:31Z</time></trkpt>
      <trkpt lat="41.486675" lon="-81.74636"><ele>156.799</ele><time>2026-09-11T20:20:32Z</time></trkpt>
      <trkpt lat="41.486673333333336" lon="-81.746365"><ele>156.799</ele><time>2026-09-11T20:20:33Z</time></trkpt>
      <trkpt lat="41.486671666666666" lon="-81.74636666666666"><ele>156.7</ele><time>2026-09-11T20:20:34Z</time></trkpt>
      <trkpt lat="41.48667" lon="-81.74637"><ele>156.6</ele><time>2026-09-11T20:20:35Z</time></trkpt>
      <trkpt lat="41.486666666666665" lon="-81.74637333333334"><ele>156.1</ele><time>2026-09-11T20:20:36Z</time></trkpt>
      <trkpt lat="41.48666166666667" lon="-81.74637833333334"><ele>156.2</ele><time>2026-09-11T20:20:37Z</time></trkpt>
      <trkpt lat="41.48665666666667" lon="-81.74637833333334"><ele>156.5</ele><time>2026-09-11T20:20:38Z</time></trkpt>
      <trkpt lat="41.48665333333334" lon="-81.74637833333334"><ele>156.3</ele><time>2026-09-11T20:20:39Z</time></trkpt>
      <trkpt lat="41.486648333333335" lon="-81.74637666666666"><ele>156.2</ele><time>2026-09-11T20:20:40Z</time></trkpt>
      <trkpt lat="41.486645" lon="-81.74637666666666"><ele>156.3</ele><time>2026-09-11T20:20:41Z</time></trkpt>
      <trkpt lat="41.48664333333333" lon="-81.74637833333334"><ele>157.2</ele><time>2026-09-11T20:20:42Z</time></trkpt>
      <trkpt lat="41.48663833333333" lon="-81.746375"><ele>156.9</ele><time>2026-09-11T20:20:43Z</time></trkpt>
      <trkpt lat="41.486635" lon="-81.74637333333334"><ele>156.8</ele><time>2026-09-11T20:20:44Z</time></trkpt>
      <trkpt lat="41.48663166666667" lon="-81.74637333333334"><ele>156.8</ele><time>2026-09-11T20:20:45Z</time></trkpt>
      <trkpt lat="41.48663" lon="-81.74637166666666"><ele>156.7</ele><time>2026-09-11T20:20:46Z</time></trkpt>
      <trkpt lat="41.486628333333336" lon="-81.74637"><ele>156.7</ele><time>2026-09-11T20:20:47Z</time></trkpt>
      <trkpt lat="41.486628333333336" lon="-81.74637"><ele>157</ele><time>2026-09-11T20:20:48Z</time></trkpt>
      <trkpt lat="41.486628333333336" lon="-81.74636833333334"><ele>156.8</ele><time>2026-09-11T20:20:49Z</time></trkpt>
      <trkpt lat="41.48663" lon="-81.74636833333334"><ele>156.7</ele><time>2026-09-11T20:20:51Z</time></trkpt>
      <trkpt lat="41.48663166666667" lon="-81.74636833333334"><ele>157</ele><time>2026-09-11T20:20:52Z</time></trkpt>
      <trkpt lat="41.48663166666667" lon="-81.74636833333334"><ele>156.7</ele><time>2026-09-11T20:20:53Z</time></trkpt>
      <trkpt lat="41.486635" lon="-81.74636833333334"><ele>156.2</ele><time>2026-09-11T20:20:54Z</time></trkpt>
      <trkpt lat="41.486635" lon="-81.74637"><ele>156.2</ele><time>2026-09-11T20:20:55Z</time></trkpt>
      <trkpt lat="41.48663833333333" lon="-81.74637"><ele>156.6</ele><time>2026-09-11T20:20:56Z</time></trkpt>
      <trkpt lat="41.48664" lon="-81.74637"><ele>156.1</ele><time>2026-09-11T20:20:57Z</time></trkpt>
      <trkpt lat="41.48664333333333" lon="-81.74637166666666"><ele>156.299</ele><time>2026-09-11T20:20:58Z</time></trkpt>
      <trkpt lat="41.486648333333335" lon="-81.74637333333334"><ele>156.499</ele><time>2026-09-11T20:20:59Z</time></trkpt>
      <trkpt lat="41.48665" lon="-81.74637333333334"><ele>156.199</ele><time>2026-09-11T20:21:00Z</time></trkpt>
      <trkpt lat="41.48665333333334" lon="-81.746375"><ele>155.9</ele><time>2026-09-11T20:21:01Z</time></trkpt>
      <trkpt lat="41.48665666666667" lon="-81.746375"><ele>156.3</ele><time>2026-09-11T20:21:02Z</time></trkpt>
      <trkpt lat="41.48665833333333" lon="-81.746375"><ele>156.5</ele><time>2026-09-11T20:21:03Z</time></trkpt>
      <trkpt lat="41.48666166666667" lon="-81.746375"><ele>156.8</ele><time>2026-09-11T20:21:04Z</time></trkpt>
      <trkpt lat="41.48666333333333" lon="-81.74637166666666"><ele>156.9</ele><time>2026-09-11T20:21:05Z</time></trkpt>
      <trkpt lat="41.486666666666665" lon="-81.74637"><ele>156.7</ele><time>2026-09-11T20:21:06Z</time></trkpt>
      <trkpt lat="41.486668333333334" lon="-81.74636833333334"><ele>156.7</ele><time>2026-09-11T20:21:07Z</time></trkpt>
      <trkpt lat="41.486671666666666" lon="-81.74636833333334"><ele>156.7</ele><time>2026-09-11T20:21:08Z</time></trkpt>
      <trkpt lat="41.486675" lon="-81.74636833333334"><ele>156.8</ele><time>2026-09-11T20:21:09Z</time></trkpt>
      <trkpt lat="41.48667666666667" lon="-81.74636833333334"><ele>156.8</ele><time>2026-09-11T20:21:10Z</time></trkpt>
      <trkpt lat="41.48668" lon="-81.74636833333334"><ele>156.6</ele><time>2026-09-11T20:21:11Z</time></trkpt>
      <trkpt lat="41.48668166666667" lon="-81.74636666666666"><ele>156.3</ele><time>2026-09-11T20:21:12Z</time></trkpt>
      <trkpt lat="41.48668333333333" lon="-81.746365"><ele>157</ele><time>2026-09-11T20:21:13Z</time></trkpt>
      <trkpt lat="41.486686666666664" lon="-81.74636333333333"><ele>156.7</ele><time>2026-09-11T20:21:14Z</time></trkpt>
      <trkpt lat="41.486686666666664" lon="-81.74636166666667"><ele>156.799</ele><time>2026-09-11T20:21:15Z</time></trkpt>
      <trkpt lat="41.486685" lon="-81.74636333333333"><ele>156.7</ele><time>2026-09-11T20:21:16Z</time></trkpt>
      <trkpt lat="41.486685" lon="-81.746365"><ele>156.1</ele><time>2026-09-11T20:21:17Z</time></trkpt>
      <trkpt lat="41.48668333333333" lon="-81.74636666666666"><ele>156.1</ele><time>2026-09-11T20:21:18Z</time></trkpt>
      <trkpt lat="41.48668166666667" lon="-81.74636666666666"><ele>156.2</ele><time>2026-09-11T20:21:19Z</time></trkpt>
      <trkpt lat="41.48668" lon="-81.74636666666666"><ele>156.5</ele><time>2026-09-11T20:21:20Z</time></trkpt>
      <trkpt lat="41.48668" lon="-81.74636666666666"><ele>156.3</ele><time>2026-09-11T20:21:21Z</time></trkpt>
      <trkpt lat="41.48668" lon="-81.746365"><ele>156.1</ele><time>2026-09-11T20:21:22Z</time></trkpt>
      <trkpt lat="41.48668" lon="-81.746365"><ele>156.3</ele><time>2026-09-11T20:21:23Z</time></trkpt>
      <trkpt lat="41.48668166666667" lon="-81.746365"><ele>157.1</ele><time>2026-09-11T20:21:24Z</time></trkpt>
      <trkpt lat="41.48668333333333" lon="-81.746365"><ele>157.1</ele><time>2026-09-11T20:21:25Z</time></trkpt>
      <trkpt lat="41.48668333333333" lon="-81.746365"><ele>156.9</ele><time>2026-09-11T20:21:26Z</time></trkpt>
      <trkpt lat="41.486685" lon="-81.746365"><ele>156.8</ele><time>2026-09-11T20:21:27Z</time></trkpt>
      <trkpt lat="41.486685" lon="-81.74636666666666"><ele>156.8</ele><time>2026-09-11T20:21:28Z</time></trkpt>
      <trkpt lat="41.486685" lon="-81.74636833333334"><ele>156.8</ele><time>2026-09-11T20:21:30Z</time></trkpt>
      <trkpt lat="41.486685" lon="-81.74636833333334"><ele>157.1</ele><time>2026-09-11T20:21:31Z</time></trkpt>
      <trkpt lat="41.486685" lon="-81.74636833333334"><ele>156.8</ele><time>2026-09-11T20:21:32Z</time></trkpt>
      <trkpt lat="41.486685" lon="-81.74636833333334"><ele>156.9</ele><time>2026-09-11T20:21:33Z</time></trkpt>
      <trkpt lat="41.486686666666664" lon="-81.74636833333334"><ele>156.6</ele><time>2026-09-11T20:21:34Z</time></trkpt>
      <trkpt lat="41.486686666666664" lon="-81.74636833333334"><ele>156.6</ele><time>2026-09-11T20:21:35Z</time></trkpt>
      <trkpt lat="41.48668833333333" lon="-81.74637"><ele>157.1</ele><time>2026-09-11T20:21:36Z</time></trkpt>
      <trkpt lat="41.48668833333333" lon="-81.74637333333334"><ele>156.799</ele><time>2026-09-11T20:21:37Z</time></trkpt>
      <trkpt lat="41.48669" lon="-81.746375"><ele>156.899</ele><time>2026-09-11T20:21:38Z</time></trkpt>
      <trkpt lat="41.48669" lon="-81.74637666666666"><ele>156.799</ele><time>2026-09-11T20:21:39Z</time></trkpt>
      <trkpt lat="41.486691666666665" lon="-81.746375"><ele>156.1</ele><time>2026-09-11T20:21:40Z</time></trkpt>
      <trkpt lat="41.486693333333335" lon="-81.746375"><ele>156.299</ele><time>2026-09-11T20:21:41Z</time></trkpt>
      <trkpt lat="41.48669666666667" lon="-81.74637333333334"><ele>156.299</ele><time>2026-09-11T20:21:42Z</time></trkpt>
      <trkpt lat="41.48669833333334" lon="-81.74637333333334"><ele>156.499</ele><time>2026-09-11T20:21:43Z</time></trkpt>
      <trkpt lat="41.4867" lon="-81.74637"><ele>156.6</ele><time>2026-09-11T20:21:44Z</time></trkpt>
      <trkpt lat="41.48670166666667" lon="-81.74636833333334"><ele>156.5</ele><time>2026-09-11T20:21:45Z</time></trkpt>
      <trkpt lat="41.48670166666667" lon="-81.74636666666666"><ele>157.3</ele><time>2026-09-11T20:21:46Z</time></trkpt>
      <trkpt lat="41.48670333333333" lon="-81.74636666666666"><ele>156.6</ele><time>2026-09-11T20:21:47Z</time></trkpt>
      <trkpt lat="41.48670333333333" lon="-81.746365"><ele>157</ele><time>2026-09-11T20:21:48Z</time></trkpt>
      <trkpt lat="41.48670333333333" lon="-81.74636333333333"><ele>157.1</ele><time>2026-09-11T20:21:49Z</time></trkpt>
      <trkpt lat="41.48670333333333" lon="-81.74636166666667"><ele>157</ele><time>2026-09-11T20:21:50Z</time></trkpt>
      <trkpt lat="41.486705" lon="-81.74636166666667"><ele>156.9</ele><time>2026-09-11T20:21:51Z</time></trkpt>
      <trkpt lat="41.486705" lon="-81.74636"><ele>156.9</ele><time>2026-09-11T20:21:52Z</time></trkpt>
      <trkpt lat="41.486705" lon="-81.74636"><ele>157</ele><time>2026-09-11T20:21:53Z</time></trkpt>
      <trkpt lat="41.486705" lon="-81.74636"><ele>157</ele><time>2026-09-11T20:21:54Z</time></trkpt>
      <trkpt lat="41.486705" lon="-81.74636"><ele>156.8</ele><time>2026-09-11T20:21:55Z</time></trkpt>
      <trkpt lat="41.486705" lon="-81.74635833333333"><ele>156.9</ele><time>2026-09-11T20:21:56Z</time></trkpt>
      <trkpt lat="41.48670666666667" lon="-81.74635666666667"><ele>157.3</ele><time>2026-09-11T20:21:57Z</time></trkpt>
      <trkpt lat="41.48670666666667" lon="-81.74635666666667"><ele>157</ele><time>2026-09-11T20:21:58Z</time></trkpt>
      <trkpt lat="41.48670833333333" lon="-81.74635666666667"><ele>156.3</ele><time>2026-09-11T20:21:59Z</time></trkpt>
      <trkpt lat="41.48670833333333" lon="-81.74635666666667"><ele>156.5</ele><time>2026-09-11T20:22:00Z</time></trkpt>
      <trkpt lat="41.48670833333333" lon="-81.74635833333333"><ele>156.6</ele><time>2026-09-11T20:22:01Z</time></trkpt>
      <trkpt lat="41.48670833333333" lon="-81.74635833333333"><ele>156.299</ele><time>2026-09-11T20:22:02Z</time></trkpt>
      <trkpt lat="41.48670833333333" lon="-81.74636"><ele>156.399</ele><time>2026-09-11T20:22:03Z</time></trkpt>
      <trkpt lat="41.48670833333333" lon="-81.74636"><ele>156.499</ele><time>2026-09-11T20:22:04Z</time></trkpt>
      <trkpt lat="41.48670833333333" lon="-81.74636"><ele>156.499</ele><time>2026-09-11T20:22:05Z</time></trkpt>
      <trkpt lat="41.48670833333333" lon="-81.74636"><ele>156.099</ele><time>2026-09-11T20:22:06Z</time></trkpt>
      <trkpt lat="41.48671" lon="-81.74636166666667"><ele>157.399</ele><time>2026-09-11T20:22:07Z</time></trkpt>
      <trkpt lat="41.48671" lon="-81.74636166666667"><ele>157.399</ele><time>2026-09-11T20:22:08Z</time></trkpt>
      <trkpt lat="41.486713333333334" lon="-81.74636166666667"><ele>157.1</ele><time>2026-09-11T20:22:09Z</time></trkpt>
      <trkpt lat="41.486713333333334" lon="-81.746365"><ele>157.1</ele><time>2026-09-11T20:22:11Z</time></trkpt>
      <trkpt lat="41.486713333333334" lon="-81.746365"><ele>157</ele><time>2026-09-11T20:22:12Z</time></trkpt>
      <trkpt lat="41.486715" lon="-81.746365"><ele>157</ele><time>2026-09-11T20:22:13Z</time></trkpt>
      <trkpt lat="41.486715" lon="-81.746365"><ele>157</ele><time>2026-09-11T20:22:14Z</time></trkpt>
      <trkpt lat="41.486715" lon="-81.746365"><ele>157.1</ele><time>2026-09-11T20:22:15Z</time></trkpt>
      <trkpt lat="41.486715" lon="-81.74636333333333"><ele>157.1</ele><time>2026-09-11T20:22:16Z</time></trkpt>
      <trkpt lat="41.486715" lon="-81.74636166666667"><ele>157.1</ele><time>2026-09-11T20:22:17Z</time></trkpt>
      <trkpt lat="41.486713333333334" lon="-81.74636166666667"><ele>157</ele><time>2026-09-11T20:22:18Z</time></trkpt>
      <trkpt lat="41.486713333333334" lon="-81.74636"><ele>157.3</ele><time>2026-09-11T20:22:19Z</time></trkpt>
      <trkpt lat="41.48671" lon="-81.74635833333333"><ele>157.1</ele><time>2026-09-11T20:22:20Z</time></trkpt>
      <trkpt lat="41.48671" lon="-81.74635666666667"><ele>156.5</ele><time>2026-09-11T20:22:21Z</time></trkpt>
      <trkpt lat="41.48670833333333" lon="-81.74635666666667"><ele>156.5</ele><time>2026-09-11T20:22:22Z</time></trkpt>
      <trkpt lat="41.48670666666667" lon="-81.746355"><ele>156.3</ele><time>2026-09-11T20:22:23Z</time></trkpt>
      <trkpt lat="41.486705" lon="-81.74635166666667"><ele>156.5</ele><time>2026-09-11T20:22:24Z</time></trkpt>
      <trkpt lat="41.486705" lon="-81.74634833333333"><ele>156.5</ele><time>2026-09-11T20:22:25Z</time></trkpt>
      <trkpt lat="41.48670333333333" lon="-81.746345"><ele>156.6</ele><time>2026-09-11T20:22:26Z</time></trkpt>
      <trkpt lat="41.48670333333333" lon="-81.74634166666667"><ele>156.5</ele><time>2026-09-11T20:22:27Z</time></trkpt>
      <trkpt lat="41.48670333333333" lon="-81.74633833333333"><ele>156.2</ele><time>2026-09-11T20:22:28Z</time></trkpt>
      <trkpt lat="41.48670333333333" lon="-81.74633666666666"><ele>156.7</ele><time>2026-09-11T20:22:29Z</time></trkpt>
      <trkpt lat="41.48670333333333" lon="-81.74633666666666"><ele>156.799</ele><time>2026-09-11T20:22:30Z</time></trkpt>
      <trkpt lat="41.48670333333333" lon="-81.74633333333334"><ele>156.6</ele><time>2026-09-11T20:22:31Z</time></trkpt>
      <trkpt lat="41.48670333333333" lon="-81.74633166666666"><ele>157.1</ele><time>2026-09-11T20:22:32Z</time></trkpt>
      <trkpt lat="41.48670166666667" lon="-81.74632833333334"><ele>157.1</ele><time>2026-09-11T20:22:33Z</time></trkpt>
      <trkpt lat="41.48670166666667" lon="-81.74632833333334"><ele>157.1</ele><time>2026-09-11T20:22:34Z</time></trkpt>
      <trkpt lat="41.48670166666667" lon="-81.74632666666666"><ele>157</ele><time>2026-09-11T20:22:35Z</time></trkpt>
      <trkpt lat="41.4867" lon="-81.74632666666666"><ele>157</ele><time>2026-09-11T20:22:36Z</time></trkpt>
      <trkpt lat="41.4867" lon="-81.74632666666666"><ele>157.1</ele><time>2026-09-11T20:22:37Z</time></trkpt>
      <trkpt lat="41.48669833333334" lon="-81.74632666666666"><ele>157.1</ele><time>2026-09-11T20:22:38Z</time></trkpt>
      <trkpt lat="41.48669666666667" lon="-81.74632333333334"><ele>157.299</ele><time>2026-09-11T20:22:39Z</time></trkpt>
      <trkpt lat="41.486695" lon="-81.74632333333334"><ele>157.399</ele><time>2026-09-11T20:22:40Z</time></trkpt>
      <trkpt lat="41.486695" lon="-81.74632166666666"><ele>157.2</ele><time>2026-09-11T20:22:41Z</time></trkpt>
      <trkpt lat="41.486693333333335" lon="-81.74632"><ele>157.1</ele><time>2026-09-11T20:22:42Z</time></trkpt>
      <trkpt lat="41.486693333333335" lon="-81.74632"><ele>157.1</ele><time>2026-09-11T20:22:43Z</time></trkpt>
      <trkpt lat="41.486691666666665" lon="-81.74631833333333"><ele>157.1</ele><time>2026-09-11T20:22:44Z</time></trkpt>
      <trkpt lat="41.48669" lon="-81.74631833333333"><ele>156.8</ele><time>2026-09-11T20:22:45Z</time></trkpt>
      <trkpt lat="41.486686666666664" lon="-81.74631833333333"><ele>156.6</ele><time>2026-09-11T20:22:46Z</time></trkpt>
      <trkpt lat="41.486685" lon="-81.74631833333333"><ele>156.7</ele><time>2026-09-11T20:22:47Z</time></trkpt>
      <trkpt lat="41.48668166666667" lon="-81.74631833333333"><ele>156.8</ele><time>2026-09-11T20:22:48Z</time></trkpt>
      <trkpt lat="41.48667833333333" lon="-81.74631833333333"><ele>156.7</ele><time>2026-09-11T20:22:49Z</time></trkpt>
      <trkpt lat="41.486675" lon="-81.74631833333333"><ele>157.5</ele><time>2026-09-11T20:22:50Z</time></trkpt>
      <trkpt lat="41.486671666666666" lon="-81.74632"><ele>157.6</ele><time>2026-09-11T20:22:51Z</time></trkpt>
      <trkpt lat="41.486668333333334" lon="-81.74632166666666"><ele>157.7</ele><time>2026-09-11T20:22:52Z</time></trkpt>
      <trkpt lat="41.486666666666665" lon="-81.74632333333334"><ele>157.3</ele><time>2026-09-11T20:22:53Z</time></trkpt>
      <trkpt lat="41.48666333333333" lon="-81.74632333333334"><ele>157.4</ele><time>2026-09-11T20:22:54Z</time></trkpt>
      <trkpt lat="41.48666333333333" lon="-81.74632333333334"><ele>157.4</ele><time>2026-09-11T20:22:55Z</time></trkpt>
      <trkpt lat="41.48665833333333" lon="-81.74632666666666"><ele>157.1</ele><time>2026-09-11T20:22:56Z</time></trkpt>
      <trkpt lat="41.48665833333333" lon="-81.74632666666666"><ele>157.1</ele><time>2026-09-11T20:22:57Z</time></trkpt>
      <trkpt lat="41.48665666666667" lon="-81.74632666666666"><ele>157.2</ele><time>2026-09-11T20:22:58Z</time></trkpt>
      <trkpt lat="41.48665666666667" lon="-81.74633"><ele>157.299</ele><time>2026-09-11T20:22:59Z</time></trkpt>
      <trkpt lat="41.486655" lon="-81.74633166666666"><ele>156.999</ele><time>2026-09-11T20:23:00Z</time></trkpt>
      <trkpt lat="41.48665333333334" lon="-81.746335"><ele>157.399</ele><time>2026-09-11T20:23:01Z</time></trkpt>
      <trkpt lat="41.486655" lon="-81.74633833333333"><ele>157.3</ele><time>2026-09-11T20:23:02Z</time></trkpt>
      <trkpt lat="41.48665666666667" lon="-81.74634166666667"><ele>157.2</ele><time>2026-09-11T20:23:03Z</time></trkpt>
      <trkpt lat="41.48665833333333" lon="-81.746345"><ele>157.3</ele><time>2026-09-11T20:23:04Z</time></trkpt>
      <trkpt lat="41.48665833333333" lon="-81.74635"><ele>156.7</ele><time>2026-09-11T20:23:05Z</time></trkpt>
      <trkpt lat="41.48666166666667" lon="-81.74635333333333"><ele>156.5</ele><time>2026-09-11T20:23:06Z</time></trkpt>
      <trkpt lat="41.48666166666667" lon="-81.74635666666667"><ele>156.5</ele><time>2026-09-11T20:23:07Z</time></trkpt>
      <trkpt lat="41.48666333333333" lon="-81.74636"><ele>156.6</ele><time>2026-09-11T20:23:08Z</time></trkpt>
      <trkpt lat="41.486665" lon="-81.74636166666667"><ele>156.6</ele><time>2026-09-11T20:23:09Z</time></trkpt>
      <trkpt lat="41.486666666666665" lon="-81.746365"><ele>156.6</ele><time>2026-09-11T20:23:10Z</time></trkpt>
      <trkpt lat="41.486666666666665" lon="-81.74636833333334"><ele>156.6</ele><time>2026-09-11T20:23:11Z</time></trkpt>
      <trkpt lat="41.486668333333334" lon="-81.74637"><ele>157.5</ele><time>2026-09-11T20:23:12Z</time></trkpt>
      <trkpt lat="41.486668333333334" lon="-81.74637"><ele>156.9</ele><time>2026-09-11T20:23:13Z</time></trkpt>
      <trkpt lat="41.48667" lon="-81.74637333333334"><ele>157.8</ele><time>2026-09-11T20:23:14Z</time></trkpt>
      <trkpt lat="41.486671666666666" lon="-81.74637333333334"><ele>157.7</ele><time>2026-09-11T20:23:15Z</time></trkpt>
      <trkpt lat="41.486671666666666" lon="-81.746375"><ele>157.5</ele><time>2026-09-11T20:23:16Z</time></trkpt>
      <trkpt lat="41.486671666666666" lon="-81.74637666666666"><ele>157.2</ele><time>2026-09-11T20:23:17Z</time></trkpt>
      <trkpt lat="41.486671666666666" lon="-81.74637833333334"><ele>157.1</ele><time>2026-09-11T20:23:18Z</time></trkpt>
      <trkpt lat="41.486671666666666" lon="-81.74638"><ele>157</ele><time>2026-09-11T20:23:19Z</time></trkpt>
      <trkpt lat="41.486671666666666" lon="-81.74638166666666"><ele>157</ele><time>2026-09-11T20:23:20Z</time></trkpt>
      <trkpt lat="41.486673333333336" lon="-81.74638333333333"><ele>157</ele><time>2026-09-11T20:23:21Z</time></trkpt>
      <trkpt lat="41.486673333333336" lon="-81.74638333333333"><ele>157.1</ele><time>2026-09-11T20:23:22Z</time></trkpt>
      <trkpt lat="41.486675" lon="-81.74638666666667"><ele>157.299</ele><time>2026-09-11T20:23:23Z</time></trkpt>
      <trkpt lat="41.48667666666667" lon="-81.74639"><ele>157.299</ele><time>2026-09-11T20:23:24Z</time></trkpt>
      <trkpt lat="41.48668166666667" lon="-81.74638833333333"><ele>156.799</ele><time>2026-09-11T20:23:25Z</time></trkpt>
      <trkpt lat="41.48668166666667" lon="-81.74638833333333"><ele>156.799</ele><time>2026-09-11T20:23:26Z</time></trkpt>
      <trkpt lat="41.486691666666665" lon="-81.74637666666666"><ele>156.8</ele><time>2026-09-11T20:23:27Z</time></trkpt>
      <trkpt lat="41.486695" lon="-81.746365"><ele>157</ele><time>2026-09-11T20:23:28Z</time></trkpt>
      <trkpt lat="41.486695" lon="-81.74636166666667"><ele>157</ele><time>2026-09-11T20:23:29Z</time></trkpt>
      <trkpt lat="41.486691666666665" lon="-81.74636"><ele>157.1</ele><time>2026-09-11T20:23:30Z</time></trkpt>
      <trkpt lat="41.486691666666665" lon="-81.74636"><ele>157.1</ele><time>2026-09-11T20:23:31Z</time></trkpt>
      <trkpt lat="41.486691666666665" lon="-81.74635166666667"><ele>157.1</ele><time>2026-09-11T20:23:32Z</time></trkpt>
      <trkpt lat="41.486691666666665" lon="-81.74635"><ele>157.1</ele><time>2026-09-11T20:23:33Z</time></trkpt>
      <trkpt lat="41.48669" lon="-81.74633833333333"><ele>158.1</ele><time>2026-09-11T20:23:34Z</time></trkpt>
      <trkpt lat="41.48669" lon="-81.74633166666666"><ele>158.1</ele><time>2026-09-11T20:23:35Z</time></trkpt>
      <trkpt lat="41.486685" lon="-81.74631833333333"><ele>157.799</ele><time>2026-09-11T20:23:36Z</time></trkpt>
      <trkpt lat="41.486675" lon="-81.746305"><ele>156.999</ele><time>2026-09-11T20:23:37Z</time></trkpt>
      <trkpt lat="41.486666666666665" lon="-81.74629833333333"><ele>157.599</ele><time>2026-09-11T20:23:38Z</time></trkpt>
      <trkpt lat="41.48666166666667" lon="-81.74629666666667"><ele>157.599</ele><time>2026-09-11T20:23:39Z</time></trkpt>
      <trkpt lat="41.486655" lon="-81.74630166666667"><ele>157.499</ele><time>2026-09-11T20:23:40Z</time></trkpt>
      <trkpt lat="41.48665333333334" lon="-81.74630833333333"><ele>157.6</ele><time>2026-09-11T20:23:41Z</time></trkpt>
      <trkpt lat="41.48665666666667" lon="-81.74630666666667"><ele>157.7</ele><time>2026-09-11T20:23:42Z</time></trkpt>
      <trkpt lat="41.48665666666667" lon="-81.74630833333333"><ele>157.6</ele><time>2026-09-11T20:23:43Z</time></trkpt>
      <trkpt lat="41.48665833333333" lon="-81.74630833333333"><ele>157.7</ele><time>2026-09-11T20:23:44Z</time></trkpt>
      <trkpt lat="41.48666166666667" lon="-81.74631"><ele>158</ele><time>2026-09-11T20:23:45Z</time></trkpt>
      <trkpt lat="41.48666333333333" lon="-81.74631166666667"><ele>158.2</ele><time>2026-09-11T20:23:46Z</time></trkpt>
      <trkpt lat="41.486666666666665" lon="-81.74631333333333"><ele>158</ele><time>2026-09-11T20:23:47Z</time></trkpt>
      <trkpt lat="41.486668333333334" lon="-81.74631833333333"><ele>158</ele><time>2026-09-11T20:23:48Z</time></trkpt>
      <trkpt lat="41.486668333333334" lon="-81.74632"><ele>158</ele><time>2026-09-11T20:23:49Z</time></trkpt>
      <trkpt lat="41.486671666666666" lon="-81.74632666666666"><ele>157.4</ele><time>2026-09-11T20:23:50Z</time></trkpt>
      <trkpt lat="41.486671666666666" lon="-81.74633"><ele>157</ele><time>2026-09-11T20:23:51Z</time></trkpt>
      <trkpt lat="41.486673333333336" lon="-81.74633333333334"><ele>157.1</ele><time>2026-09-11T20:23:52Z</time></trkpt>
      <trkpt lat="41.486675" lon="-81.74633666666666"><ele>157.2</ele><time>2026-09-11T20:23:53Z</time></trkpt>
      <trkpt lat="41.486675" lon="-81.74633833333333"><ele>157.2</ele><time>2026-09-11T20:23:54Z</time></trkpt>
      <trkpt lat="41.48667666666667" lon="-81.74634166666667"><ele>157.2</ele><time>2026-09-11T20:23:55Z</time></trkpt>
      <trkpt lat="41.48667666666667" lon="-81.74634333333333"><ele>157.1</ele><time>2026-09-11T20:23:56Z</time></trkpt>
      <trkpt lat="41.48667833333333" lon="-81.746345"><ele>157.9</ele><time>2026-09-11T20:23:57Z</time></trkpt>
      <trkpt lat="41.48668" lon="-81.74634666666667"><ele>158.2</ele><time>2026-09-11T20:23:58Z</time></trkpt>
      <trkpt lat="41.48668" lon="-81.74635"><ele>157.8</ele><time>2026-09-11T20:23:59Z</time></trkpt>
      <trkpt lat="41.48668" lon="-81.74635333333333"><ele>156.8</ele><time>2026-09-11T20:24:00Z</time></trkpt>
      <trkpt lat="41.48668" lon="-81.746355"><ele>157.6</ele><time>2026-09-11T20:24:01Z</time></trkpt>
      <trkpt lat="41.48668166666667" lon="-81.74635666666667"><ele>156.8</ele><time>2026-09-11T20:24:02Z</time></trkpt>
      <trkpt lat="41.48668333333333" lon="-81.74635666666667"><ele>156.8</ele><time>2026-09-11T20:24:03Z</time></trkpt>
      <trkpt lat="41.48668333333333" lon="-81.746355"><ele>156.6</ele><time>2026-09-11T20:24:04Z</time></trkpt>
      <trkpt lat="41.48668333333333" lon="-81.746355"><ele>157.2</ele><time>2026-09-11T20:24:05Z</time></trkpt>
      <trkpt lat="41.486685" lon="-81.746355"><ele>157.299</ele><time>2026-09-11T20:24:06Z</time></trkpt>
      <trkpt lat="41.48668333333333" lon="-81.746355"><ele>157.6</ele><time>2026-09-11T20:24:07Z</time></trkpt>
      <trkpt lat="41.48668333333333" lon="-81.746355"><ele>157.7</ele><time>2026-09-11T20:24:08Z</time></trkpt>
      <trkpt lat="41.48668333333333" lon="-81.746355"><ele>157.2</ele><time>2026-09-11T20:24:09Z</time></trkpt>
      <trkpt lat="41.48668333333333" lon="-81.74635666666667"><ele>157.2</ele><time>2026-09-11T20:24:10Z</time></trkpt>
      <trkpt lat="41.48668333333333" lon="-81.74635833333333"><ele>157.2</ele><time>2026-09-11T20:24:11Z</time></trkpt>
      <trkpt lat="41.48668333333333" lon="-81.74635833333333"><ele>157.2</ele><time>2026-09-11T20:24:12Z</time></trkpt>
      <trkpt lat="41.486685" lon="-81.74636"><ele>157.2</ele><time>2026-09-11T20:24:13Z</time></trkpt>
      <trkpt lat="41.48668333333333" lon="-81.74636"><ele>157</ele><time>2026-09-11T20:24:14Z</time></trkpt>
      <trkpt lat="41.48668166666667" lon="-81.74636"><ele>157.1</ele><time>2026-09-11T20:24:15Z</time></trkpt>
      <trkpt lat="41.48668166666667" lon="-81.74636166666667"><ele>157.1</ele><time>2026-09-11T20:24:16Z</time></trkpt>
      <trkpt lat="41.48668166666667" lon="-81.74636166666667"><ele>157.1</ele><time>2026-09-11T20:24:17Z</time></trkpt>
      <trkpt lat="41.48668166666667" lon="-81.74636166666667"><ele>157.1</ele><time>2026-09-11T20:24:18Z</time></trkpt>
      <trkpt lat="41.48668" lon="-81.74636166666667"><ele>158</ele><time>2026-09-11T20:24:19Z</time></trkpt>
      <trkpt lat="41.48668" lon="-81.74636166666667"><ele>158.2</ele><time>2026-09-11T20:24:20Z</time></trkpt>
      <trkpt lat="41.48668" lon="-81.74636"><ele>158.2</ele><time>2026-09-11T20:24:21Z</time></trkpt>
      <trkpt lat="41.48668" lon="-81.74636"><ele>157.2</ele><time>2026-09-11T20:24:22Z</time></trkpt>
      <trkpt lat="41.48667833333333" lon="-81.74636"><ele>156.9</ele><time>2026-09-11T20:24:23Z</time></trkpt>
      <trkpt lat="41.48667833333333" lon="-81.74635833333333"><ele>157.4</ele><time>2026-09-11T20:24:24Z</time></trkpt>
      <trkpt lat="41.48667666666667" lon="-81.74635833333333"><ele>157.1</ele><time>2026-09-11T20:24:25Z</time></trkpt>
      <trkpt lat="41.48667666666667" lon="-81.74635833333333"><ele>157.799</ele><time>2026-09-11T20:24:26Z</time></trkpt>
      <trkpt lat="41.48667666666667" lon="-81.74635666666667"><ele>157.299</ele><time>2026-09-11T20:24:27Z</time></trkpt>
      <trkpt lat="41.48667666666667" lon="-81.74635666666667"><ele>157.299</ele><time>2026-09-11T20:24:28Z</time></trkpt>
      <trkpt lat="41.486675" lon="-81.74635666666667"><ele>157.6</ele><time>2026-09-11T20:24:30Z</time></trkpt>
      <trkpt lat="41.486675" lon="-81.74635666666667"><ele>157.5</ele><time>2026-09-11T20:24:31Z</time></trkpt>
      <trkpt lat="41.486675" lon="-81.746355"><ele>157.5</ele><time>2026-09-11T20:24:32Z</time></trkpt>
      <trkpt lat="41.486673333333336" lon="-81.74635333333333"><ele>157.3</ele><time>2026-09-11T20:24:33Z</time></trkpt>
      <trkpt lat="41.486673333333336" lon="-81.74635333333333"><ele>157.3</ele><time>2026-09-11T20:24:34Z</time></trkpt>
      <trkpt lat="41.486671666666666" lon="-81.74635333333333"><ele>157.3</ele><time>2026-09-11T20:24:35Z</time></trkpt>
      <trkpt lat="41.486671666666666" lon="-81.74635166666667"><ele>157.3</ele><time>2026-09-11T20:24:36Z</time></trkpt>
      <trkpt lat="41.486671666666666" lon="-81.74635166666667"><ele>157.1</ele><time>2026-09-11T20:24:37Z</time></trkpt>
      <trkpt lat="41.486671666666666" lon="-81.74635"><ele>157.2</ele><time>2026-09-11T20:24:38Z</time></trkpt>
      <trkpt lat="41.48667" lon="-81.74634833333333"><ele>157.3</ele><time>2026-09-11T20:24:39Z</time></trkpt>
      <trkpt lat="41.486668333333334" lon="-81.746345"><ele>157.4</ele><time>2026-09-11T20:24:40Z</time></trkpt>
      <trkpt lat="41.486665" lon="-81.74634166666667"><ele>157.1</ele><time>2026-09-11T20:24:41Z</time></trkpt>
      <trkpt lat="41.486665" lon="-81.74634166666667"><ele>157.4</ele><time>2026-09-11T20:24:42Z</time></trkpt>
      <trkpt lat="41.48666333333333" lon="-81.74634"><ele>157.6</ele><time>2026-09-11T20:24:43Z</time></trkpt>
      <trkpt lat="41.48666166666667" lon="-81.74633833333333"><ele>157.6</ele><time>2026-09-11T20:24:44Z</time></trkpt>
      <trkpt lat="41.48666166666667" lon="-81.74634"><ele>157.5</ele><time>2026-09-11T20:24:45Z</time></trkpt>
      <trkpt lat="41.48665833333333" lon="-81.74634166666667"><ele>157.1</ele><time>2026-09-11T20:24:46Z</time></trkpt>
      <trkpt lat="41.48665833333333" lon="-81.74634166666667"><ele>157.5</ele><time>2026-09-11T20:24:47Z</time></trkpt>
      <trkpt lat="41.48665666666667" lon="-81.74634166666667"><ele>157.2</ele><time>2026-09-11T20:24:48Z</time></trkpt>
      <trkpt lat="41.48665666666667" lon="-81.74634166666667"><ele>157.799</ele><time>2026-09-11T20:24:49Z</time></trkpt>
      <trkpt lat="41.486655" lon="-81.74634166666667"><ele>156.9</ele><time>2026-09-11T20:24:50Z</time></trkpt>
      <trkpt lat="41.48665333333334" lon="-81.74634166666667"><ele>157</ele><time>2026-09-11T20:24:51Z</time></trkpt>
      <trkpt lat="41.48665333333334" lon="-81.74634"><ele>157.6</ele><time>2026-09-11T20:24:52Z</time></trkpt>
      <trkpt lat="41.48665" lon="-81.74634"><ele>157.6</ele><time>2026-09-11T20:24:53Z</time></trkpt>
      <trkpt lat="41.48665" lon="-81.74633833333333"><ele>157.6</ele><time>2026-09-11T20:24:54Z</time></trkpt>
      <trkpt lat="41.48665" lon="-81.74633833333333"><ele>157.6</ele><time>2026-09-11T20:24:55Z</time></trkpt>
      <trkpt lat="41.48665" lon="-81.74634"><ele>157.6</ele><time>2026-09-11T20:24:56Z</time></trkpt>
      <trkpt lat="41.486648333333335" lon="-81.74634166666667"><ele>157.5</ele><time>2026-09-11T20:24:57Z</time></trkpt>
      <trkpt lat="41.486648333333335" lon="-81.74633833333333"><ele>157.6</ele><time>2026-09-11T20:24:58Z</time></trkpt>
      <trkpt lat="41.486646666666665" lon="-81.74633666666666"><ele>157.1</ele><time>2026-09-11T20:24:59Z</time></trkpt>
      <trkpt lat="41.486646666666665" lon="-81.74633"><ele>157.5</ele><time>2026-09-11T20:25:00Z</time></trkpt>
      <trkpt lat="41.486645" lon="-81.74632166666666"><ele>157.6</ele><time>2026-09-11T20:25:01Z</time></trkpt>
      <trkpt lat="41.486645" lon="-81.74631833333333"><ele>157.799</ele><time>2026-09-11T20:25:02Z</time></trkpt>
      <trkpt lat="41.486645" lon="-81.74631333333333"><ele>157.999</ele><time>2026-09-11T20:25:03Z</time></trkpt>
      <trkpt lat="41.486645" lon="-81.74630833333333"><ele>158.199</ele><time>2026-09-11T20:25:04Z</time></trkpt>
      <trkpt lat="41.486645" lon="-81.74630166666667"><ele>158.099</ele><time>2026-09-11T20:25:05Z</time></trkpt>
      <trkpt lat="41.486646666666665" lon="-81.74629666666667"><ele>158.999</ele><time>2026-09-11T20:25:06Z</time></trkpt>
      <trkpt lat="41.486648333333335" lon="-81.74629166666666"><ele>157.6</ele><time>2026-09-11T20:25:07Z</time></trkpt>
      <trkpt lat="41.486648333333335" lon="-81.74629"><ele>157.4</ele><time>2026-09-11T20:25:08Z</time></trkpt>
      <trkpt lat="41.48665166666667" lon="-81.74627833333334"><ele>157.7</ele><time>2026-09-11T20:25:09Z</time></trkpt>
      <trkpt lat="41.486655" lon="-81.74626833333333"><ele>157.6</ele><time>2026-09-11T20:25:10Z</time></trkpt>
      <trkpt lat="41.48665666666667" lon="-81.74626333333333"><ele>157.6</ele><time>2026-09-11T20:25:11Z</time></trkpt>
      <trkpt lat="41.48666166666667" lon="-81.74625"><ele>157.799</ele><time>2026-09-11T20:25:12Z</time></trkpt>
      <trkpt lat="41.486666666666665" lon="-81.746235"><ele>157.799</ele><time>2026-09-11T20:25:13Z</time></trkpt>
      <trkpt lat="41.486671666666666" lon="-81.74622333333333"><ele>157.6</ele><time>2026-09-11T20:25:14Z</time></trkpt>
      <trkpt lat="41.486675" lon="-81.74621333333333"><ele>158.5</ele><time>2026-09-11T20:25:15Z</time></trkpt>
      <trkpt lat="41.48668166666667" lon="-81.7462"><ele>158.6</ele><time>2026-09-11T20:25:16Z</time></trkpt>
      <trkpt lat="41.48668166666667" lon="-81.74619833333334"><ele>158.6</ele><time>2026-09-11T20:25:17Z</time></trkpt>
      <trkpt lat="41.486685" lon="-81.74619166666666"><ele>158.3</ele><time>2026-09-11T20:25:18Z</time></trkpt>
      <trkpt lat="41.486686666666664" lon="-81.746185"><ele>158.3</ele><time>2026-09-11T20:25:19Z</time></trkpt>
      <trkpt lat="41.48668833333333" lon="-81.746175"><ele>157.8</ele><time>2026-09-11T20:25:20Z</time></trkpt>
      <trkpt lat="41.48668833333333" lon="-81.74617"><ele>157.8</ele><time>2026-09-11T20:25:21Z</time></trkpt>
      <trkpt lat="41.486686666666664" lon="-81.746165"><ele>158</ele><time>2026-09-11T20:25:22Z</time></trkpt>
      <trkpt lat="41.486686666666664" lon="-81.746155"><ele>158.5</ele><time>2026-09-11T20:25:23Z</time></trkpt>
      <trkpt lat="41.48669" lon="-81.746145"><ele>158.3</ele><time>2026-09-11T20:25:24Z</time></trkpt>
      <trkpt lat="41.48669" lon="-81.74613666666667"><ele>158.3</ele><time>2026-09-11T20:25:25Z</time></trkpt>
      <trkpt lat="41.48669" lon="-81.74613"><ele>158.6</ele><time>2026-09-11T20:25:26Z</time></trkpt>
      <trkpt lat="41.48669" lon="-81.74612166666667"><ele>158.6</ele><time>2026-09-11T20:25:27Z</time></trkpt>
      <trkpt lat="41.48669" lon="-81.746115"><ele>159.3</ele><time>2026-09-11T20:25:28Z</time></trkpt>
      <trkpt lat="41.486693333333335" lon="-81.74610333333334"><ele>158.8</ele><time>2026-09-11T20:25:29Z</time></trkpt>
      <trkpt lat="41.486693333333335" lon="-81.74610166666666"><ele>158</ele><time>2026-09-11T20:25:30Z</time></trkpt>
      <trkpt lat="41.486693333333335" lon="-81.74609333333333"><ele>158.3</ele><time>2026-09-11T20:25:31Z</time></trkpt>
      <trkpt lat="41.486693333333335" lon="-81.74608666666667"><ele>158.3</ele><time>2026-09-11T20:25:32Z</time></trkpt>
      <trkpt lat="41.486695" lon="-81.74608"><ele>158.2</ele><time>2026-09-11T20:25:33Z</time></trkpt>
      <trkpt lat="41.486695" lon="-81.746075"><ele>158.6</ele><time>2026-09-11T20:25:34Z</time></trkpt>
      <trkpt lat="41.486695" lon="-81.74607"><ele>158.4</ele><time>2026-09-11T20:25:35Z</time></trkpt>
      <trkpt lat="41.48669666666667" lon="-81.746065"><ele>158.4</ele><time>2026-09-11T20:25:36Z</time></trkpt>
      <trkpt lat="41.48669833333334" lon="-81.74606166666666"><ele>158.6</ele><time>2026-09-11T20:25:37Z</time></trkpt>
      <trkpt lat="41.4867" lon="-81.74605666666666"><ele>159</ele><time>2026-09-11T20:25:38Z</time></trkpt>
      <trkpt lat="41.4867" lon="-81.746055"><ele>159</ele><time>2026-09-11T20:25:39Z</time></trkpt>
      <trkpt lat="41.48670166666667" lon="-81.74605"><ele>158.3</ele><time>2026-09-11T20:25:40Z</time></trkpt>
      <trkpt lat="41.48670333333333" lon="-81.746045"><ele>158.3</ele><time>2026-09-11T20:25:41Z</time></trkpt>
      <trkpt lat="41.486705" lon="-81.74604166666667"><ele>158.4</ele><time>2026-09-11T20:25:42Z</time></trkpt>
      <trkpt lat="41.48671" lon="-81.74603833333333"><ele>158.4</ele><time>2026-09-11T20:25:43Z</time></trkpt>
      <trkpt lat="41.486711666666665" lon="-81.74603666666667"><ele>158.4</ele><time>2026-09-11T20:25:44Z</time></trkpt>
      <trkpt lat="41.486716666666666" lon="-81.74603166666667"><ele>158.4</ele><time>2026-09-11T20:25:45Z</time></trkpt>
      <trkpt lat="41.48672166666667" lon="-81.74602833333333"><ele>158.3</ele><time>2026-09-11T20:25:46Z</time></trkpt>
      <trkpt lat="41.48672166666667" lon="-81.74602833333333"><ele>158.4</ele><time>2026-09-11T20:25:47Z</time></trkpt>
      <trkpt lat="41.48672833333333" lon="-81.74602333333333"><ele>158.7</ele><time>2026-09-11T20:25:48Z</time></trkpt>
      <trkpt lat="41.48673" lon="-81.74602"><ele>159.3</ele><time>2026-09-11T20:25:49Z</time></trkpt>
      <trkpt lat="41.486731666666664" lon="-81.74602"><ele>158.6</ele><time>2026-09-11T20:25:50Z</time></trkpt>
      <trkpt lat="41.48673333333333" lon="-81.74601833333334"><ele>158.6</ele><time>2026-09-11T20:25:51Z</time></trkpt>
      <trkpt lat="41.486736666666665" lon="-81.746015"><ele>158</ele><time>2026-09-11T20:25:52Z</time></trkpt>
      <trkpt lat="41.486736666666665" lon="-81.74601166666666"><ele>159</ele><time>2026-09-11T20:25:53Z</time></trkpt>
      <trkpt lat="41.486738333333335" lon="-81.74601"><ele>158</ele><time>2026-09-11T20:25:54Z</time></trkpt>
      <trkpt lat="41.486738333333335" lon="-81.74601"><ele>158.6</ele><time>2026-09-11T20:25:56Z</time></trkpt>
      <trkpt lat="41.486738333333335" lon="-81.74601"><ele>158.5</ele><time>2026-09-11T20:25:57Z</time></trkpt>
      <trkpt lat="41.486738333333335" lon="-81.74601"><ele>158.8</ele><time>2026-09-11T20:25:58Z</time></trkpt>
      <trkpt lat="41.486738333333335" lon="-81.74601"><ele>158.8</ele><time>2026-09-11T20:25:59Z</time></trkpt>
      <trkpt lat="41.486738333333335" lon="-81.74601"><ele>158.7</ele><time>2026-09-11T20:26:00Z</time></trkpt>
      <trkpt lat="41.486738333333335" lon="-81.74601"><ele>158.9</ele><time>2026-09-11T20:26:01Z</time></trkpt>
      <trkpt lat="41.486738333333335" lon="-81.74600666666667"><ele>158.8</ele><time>2026-09-11T20:26:02Z</time></trkpt>
      <trkpt lat="41.486738333333335" lon="-81.74600666666667"><ele>158.1</ele><time>2026-09-11T20:26:03Z</time></trkpt>
      <trkpt lat="41.486738333333335" lon="-81.74601"><ele>158.1</ele><time>2026-09-11T20:26:04Z</time></trkpt>
      <trkpt lat="41.486736666666665" lon="-81.74601"><ele>158.1</ele><time>2026-09-11T20:26:05Z</time></trkpt>
      <trkpt lat="41.486736666666665" lon="-81.74601"><ele>158.299</ele><time>2026-09-11T20:26:06Z</time></trkpt>
      <trkpt lat="41.486736666666665" lon="-81.74601"><ele>158.1</ele><time>2026-09-11T20:26:07Z</time></trkpt>
      <trkpt lat="41.486738333333335" lon="-81.74601"><ele>158</ele><time>2026-09-11T20:26:08Z</time></trkpt>
      <trkpt lat="41.486738333333335" lon="-81.74601"><ele>158</ele><time>2026-09-11T20:26:09Z</time></trkpt>
      <trkpt lat="41.486738333333335" lon="-81.74600833333334"><ele>158.2</ele><time>2026-09-11T20:26:10Z</time></trkpt>
      <trkpt lat="41.48674" lon="-81.74600666666667"><ele>158.399</ele><time>2026-09-11T20:26:11Z</time></trkpt>
      <trkpt lat="41.48674" lon="-81.746005"><ele>158.799</ele><time>2026-09-11T20:26:12Z</time></trkpt>
      <trkpt lat="41.48674" lon="-81.74600166666667"><ele>159.1</ele><time>2026-09-11T20:26:13Z</time></trkpt>
      <trkpt lat="41.48674" lon="-81.746"><ele>159.1</ele><time>2026-09-11T20:26:14Z</time></trkpt>
      <trkpt lat="41.48674166666667" lon="-81.74599666666667"><ele>158.799</ele><time>2026-09-11T20:26:15Z</time></trkpt>
      <trkpt lat="41.48674166666667" lon="-81.745995"><ele>159.1</ele><time>2026-09-11T20:26:16Z</time></trkpt>
      <trkpt lat="41.48674166666667" lon="-81.745995"><ele>158.6</ele><time>2026-09-11T20:26:17Z</time></trkpt>
      <trkpt lat="41.48674166666667" lon="-81.74599166666667"><ele>158.6</ele><time>2026-09-11T20:26:18Z</time></trkpt>
      <trkpt lat="41.48674166666667" lon="-81.74599166666667"><ele>158</ele><time>2026-09-11T20:26:19Z</time></trkpt>
      <trkpt lat="41.48674166666667" lon="-81.74598833333333"><ele>159.1</ele><time>2026-09-11T20:26:20Z</time></trkpt>
      <trkpt lat="41.48674166666667" lon="-81.74598833333333"><ele>159</ele><time>2026-09-11T20:26:21Z</time></trkpt>
      <trkpt lat="41.48674166666667" lon="-81.74598833333333"><ele>158.7</ele><time>2026-09-11T20:26:22Z</time></trkpt>
      <trkpt lat="41.48674166666667" lon="-81.74598666666667"><ele>158.8</ele><time>2026-09-11T20:26:23Z</time></trkpt>
      <trkpt lat="41.48674166666667" lon="-81.74598666666667"><ele>158.1</ele><time>2026-09-11T20:26:24Z</time></trkpt>
      <trkpt lat="41.48674166666667" lon="-81.745985"><ele>158.8</ele><time>2026-09-11T20:26:25Z</time></trkpt>
      <trkpt lat="41.48674166666667" lon="-81.74598833333333"><ele>158.1</ele><time>2026-09-11T20:26:26Z</time></trkpt>
      <trkpt lat="41.48674333333334" lon="-81.74599333333333"><ele>158.8</ele><time>2026-09-11T20:26:27Z</time></trkpt>
      <trkpt lat="41.48674333333334" lon="-81.74599833333333"><ele>158.9</ele><time>2026-09-11T20:26:28Z</time></trkpt>
      <trkpt lat="41.486745" lon="-81.74600166666667"><ele>158.6</ele><time>2026-09-11T20:26:29Z</time></trkpt>
      <trkpt lat="41.486745" lon="-81.74600666666667"><ele>158.1</ele><time>2026-09-11T20:26:30Z</time></trkpt>
      <trkpt lat="41.48674666666667" lon="-81.74601"><ele>158.1</ele><time>2026-09-11T20:26:31Z</time></trkpt>
      <trkpt lat="41.48674666666667" lon="-81.746015"><ele>159.1</ele><time>2026-09-11T20:26:32Z</time></trkpt>
      <trkpt lat="41.48674666666667" lon="-81.74601833333334"><ele>159</ele><time>2026-09-11T20:26:33Z</time></trkpt>
      <trkpt lat="41.48674666666667" lon="-81.74602"><ele>158.9</ele><time>2026-09-11T20:26:34Z</time></trkpt>
      <trkpt lat="41.48674666666667" lon="-81.74602"><ele>159.8</ele><time>2026-09-11T20:26:35Z</time></trkpt>
      <trkpt lat="41.48674666666667" lon="-81.74601833333334"><ele>158.7</ele><time>2026-09-11T20:26:36Z</time></trkpt>
      <trkpt lat="41.48674666666667" lon="-81.74601833333334"><ele>159.5</ele><time>2026-09-11T20:26:37Z</time></trkpt>
      <trkpt lat="41.48674833333333" lon="-81.74601833333334"><ele>159.5</ele><time>2026-09-11T20:26:38Z</time></trkpt>
      <trkpt lat="41.48674833333333" lon="-81.74602"><ele>158.6</ele><time>2026-09-11T20:26:39Z</time></trkpt>
      <trkpt lat="41.48674833333333" lon="-81.74602"><ele>158.5</ele><time>2026-09-11T20:26:40Z</time></trkpt>
      <trkpt lat="41.48674666666667" lon="-81.74602"><ele>158.5</ele><time>2026-09-11T20:26:41Z</time></trkpt>
      <trkpt lat="41.48674833333333" lon="-81.74602"><ele>158.7</ele><time>2026-09-11T20:26:42Z</time></trkpt>
      <trkpt lat="41.48674666666667" lon="-81.74601833333334"><ele>159.5</ele><time>2026-09-11T20:26:43Z</time></trkpt>
      <trkpt lat="41.48674666666667" lon="-81.74601833333334"><ele>158.7</ele><time>2026-09-11T20:26:44Z</time></trkpt>
      <trkpt lat="41.486745" lon="-81.74601833333334"><ele>158.799</ele><time>2026-09-11T20:26:45Z</time></trkpt>
      <trkpt lat="41.486745" lon="-81.74601666666666"><ele>159.1</ele><time>2026-09-11T20:26:46Z</time></trkpt>
      <trkpt lat="41.48674166666667" lon="-81.74601666666666"><ele>159.1</ele><time>2026-09-11T20:26:47Z</time></trkpt>
      <trkpt lat="41.48674166666667" lon="-81.74601666666666"><ele>159.1</ele><time>2026-09-11T20:26:48Z</time></trkpt>
      <trkpt lat="41.48674" lon="-81.746015"><ele>159.1</ele><time>2026-09-11T20:26:49Z</time></trkpt>
      <trkpt lat="41.48674" lon="-81.746015"><ele>158.9</ele><time>2026-09-11T20:26:50Z</time></trkpt>
      <trkpt lat="41.486738333333335" lon="-81.746015"><ele>158.6</ele><time>2026-09-11T20:26:51Z</time></trkpt>
      <trkpt lat="41.486736666666665" lon="-81.746015"><ele>158.5</ele><time>2026-09-11T20:26:52Z</time></trkpt>
      <trkpt lat="41.486735" lon="-81.746015"><ele>158.1</ele><time>2026-09-11T20:26:53Z</time></trkpt>
      <trkpt lat="41.48673333333333" lon="-81.746015"><ele>159.1</ele><time>2026-09-11T20:26:54Z</time></trkpt>
      <trkpt lat="41.486731666666664" lon="-81.746015"><ele>158.299</ele><time>2026-09-11T20:26:55Z</time></trkpt>
      <trkpt lat="41.486731666666664" lon="-81.74601333333334"><ele>158.499</ele><time>2026-09-11T20:26:56Z</time></trkpt>
      <trkpt lat="41.48673" lon="-81.74601333333334"><ele>159</ele><time>2026-09-11T20:26:57Z</time></trkpt>
      <trkpt lat="41.48672666666667" lon="-81.74601333333334"><ele>159.2</ele><time>2026-09-11T20:26:58Z</time></trkpt>
      <trkpt lat="41.486725" lon="-81.74601"><ele>159.799</ele><time>2026-09-11T20:26:59Z</time></trkpt>
      <trkpt lat="41.486725" lon="-81.74600833333334"><ele>159.6</ele><time>2026-09-11T20:27:00Z</time></trkpt>
      <trkpt lat="41.48672333333333" lon="-81.74600666666667"><ele>158.7</ele><time>2026-09-11T20:27:01Z</time></trkpt>
      <trkpt lat="41.48672333333333" lon="-81.74600333333333"><ele>158.799</ele><time>2026-09-11T20:27:02Z</time></trkpt>
      <trkpt lat="41.48672333333333" lon="-81.74600166666667"><ele>158.799</ele><time>2026-09-11T20:27:03Z</time></trkpt>
      <trkpt lat="41.48672166666667" lon="-81.746"><ele>159.499</ele><time>2026-09-11T20:27:04Z</time></trkpt>
      <trkpt lat="41.48672166666667" lon="-81.746"><ele>159.599</ele><time>2026-09-11T20:27:05Z</time></trkpt>
      <trkpt lat="41.48672166666667" lon="-81.746"><ele>159.6</ele><time>2026-09-11T20:27:06Z</time></trkpt>
      <trkpt lat="41.48672166666667" lon="-81.746"><ele>159.1</ele><time>2026-09-11T20:27:07Z</time></trkpt>
      <trkpt lat="41.48672166666667" lon="-81.746"><ele>159.5</ele><time>2026-09-11T20:27:08Z</time></trkpt>
      <trkpt lat="41.48672" lon="-81.746"><ele>159.8</ele><time>2026-09-11T20:27:09Z</time></trkpt>
      <trkpt lat="41.48672" lon="-81.746"><ele>159.8</ele><time>2026-09-11T20:27:10Z</time></trkpt>
      <trkpt lat="41.486718333333336" lon="-81.746"><ele>159.3</ele><time>2026-09-11T20:27:11Z</time></trkpt>
      <trkpt lat="41.486718333333336" lon="-81.746"><ele>158.6</ele><time>2026-09-11T20:27:12Z</time></trkpt>
      <trkpt lat="41.486718333333336" lon="-81.746"><ele>159.1</ele><time>2026-09-11T20:27:13Z</time></trkpt>
      <trkpt lat="41.486718333333336" lon="-81.746"><ele>159.1</ele><time>2026-09-11T20:27:14Z</time></trkpt>
      <trkpt lat="41.486718333333336" lon="-81.74600166666667"><ele>159.1</ele><time>2026-09-11T20:27:15Z</time></trkpt>
      <trkpt lat="41.486718333333336" lon="-81.74600166666667"><ele>158.5</ele><time>2026-09-11T20:27:16Z</time></trkpt>
      <trkpt lat="41.486718333333336" lon="-81.74600166666667"><ele>159.4</ele><time>2026-09-11T20:27:17Z</time></trkpt>
      <trkpt lat="41.48672" lon="-81.74600333333333"><ele>158.6</ele><time>2026-09-11T20:27:18Z</time></trkpt>
      <trkpt lat="41.48672" lon="-81.74600333333333"><ele>159.299</ele><time>2026-09-11T20:27:19Z</time></trkpt>
      <trkpt lat="41.48672166666667" lon="-81.746005"><ele>160.2</ele><time>2026-09-11T20:27:20Z</time></trkpt>
      <trkpt lat="41.48672166666667" lon="-81.746005"><ele>160.1</ele><time>2026-09-11T20:27:21Z</time></trkpt>
      <trkpt lat="41.48672166666667" lon="-81.746005"><ele>160.5</ele><time>2026-09-11T20:27:22Z</time></trkpt>
      <trkpt lat="41.48672333333333" lon="-81.746005"><ele>159</ele><time>2026-09-11T20:27:23Z</time></trkpt>
      <trkpt lat="41.486725" lon="-81.746005"><ele>159.9</ele><time>2026-09-11T20:27:24Z</time></trkpt>
      <trkpt lat="41.48672666666667" lon="-81.746005"><ele>159.5</ele><time>2026-09-11T20:27:25Z</time></trkpt>
      <trkpt lat="41.48672666666667" lon="-81.74600666666667"><ele>159.6</ele><time>2026-09-11T20:27:26Z</time></trkpt>
      <trkpt lat="41.48672666666667" lon="-81.74600666666667"><ele>159.7</ele><time>2026-09-11T20:27:27Z</time></trkpt>
      <trkpt lat="41.48672833333333" lon="-81.74600666666667"><ele>159.799</ele><time>2026-09-11T20:27:28Z</time></trkpt>
      <trkpt lat="41.48672833333333" lon="-81.74600666666667"><ele>159.999</ele><time>2026-09-11T20:27:29Z</time></trkpt>
      <trkpt lat="41.48672833333333" lon="-81.74600666666667"><ele>159.999</ele><time>2026-09-11T20:27:30Z</time></trkpt>
      <trkpt lat="41.48672833333333" lon="-81.74600666666667"><ele>163.699</ele><time>2026-09-11T20:27:31Z</time></trkpt>
      <trkpt lat="41.48672833333333" lon="-81.74600666666667"><ele>163.699</ele><time>2026-09-11T20:27:32Z</time></trkpt>
      <trkpt lat="41.48672833333333" lon="-81.74600666666667"><ele>159.6</ele><time>2026-09-11T20:27:33Z</time></trkpt>
      <trkpt lat="41.48673" lon="-81.746005"><ele>159.299</ele><time>2026-09-11T20:27:34Z</time></trkpt>
      <trkpt lat="41.486731666666664" lon="-81.746005"><ele>159.2</ele><time>2026-09-11T20:27:35Z</time></trkpt>
      <trkpt lat="41.486731666666664" lon="-81.746005"><ele>159.6</ele><time>2026-09-11T20:27:36Z</time></trkpt>
      <trkpt lat="41.486731666666664" lon="-81.746005"><ele>159.6</ele><time>2026-09-11T20:27:37Z</time></trkpt>
      <trkpt lat="41.486731666666664" lon="-81.746005"><ele>158.6</ele><time>2026-09-11T20:27:38Z</time></trkpt>
      <trkpt lat="41.486731666666664" lon="-81.746005"><ele>158.6</ele><time>2026-09-11T20:27:39Z</time></trkpt>
      <trkpt lat="41.486731666666664" lon="-81.746005"><ele>160.6</ele><time>2026-09-11T20:27:40Z</time></trkpt>
      <trkpt lat="41.486731666666664" lon="-81.746005"><ele>162.6</ele><time>2026-09-11T20:27:41Z</time></trkpt>
      <trkpt lat="41.48673" lon="-81.746005"><ele>162.6</ele><time>2026-09-11T20:27:42Z</time></trkpt>
      <trkpt lat="41.48673" lon="-81.74600333333333"><ele>162.6</ele><time>2026-09-11T20:27:43Z</time></trkpt>
      <trkpt lat="41.48673" lon="-81.74600333333333"><ele>160.299</ele><time>2026-09-11T20:27:44Z</time></trkpt>
      <trkpt lat="41.48673" lon="-81.74600166666667"><ele>160.299</ele><time>2026-09-11T20:27:45Z</time></trkpt>
      <trkpt lat="41.486713333333334" lon="-81.74600666666667"><ele>159.899</ele><time>2026-09-11T20:27:46Z</time></trkpt>
      <trkpt lat="41.486711666666665" lon="-81.74601"><ele>160.299</ele><time>2026-09-11T20:27:47Z</time></trkpt>
      <trkpt lat="41.486711666666665" lon="-81.74601166666666"><ele>159.799</ele><time>2026-09-11T20:27:48Z</time></trkpt>
      <trkpt lat="41.48671" lon="-81.74601"><ele>160.2</ele><time>2026-09-11T20:27:49Z</time></trkpt>
      <trkpt lat="41.486711666666665" lon="-81.74601"><ele>160</ele><time>2026-09-11T20:27:50Z</time></trkpt>
      <trkpt lat="41.486713333333334" lon="-81.74600666666667"><ele>160.1</ele><time>2026-09-11T20:27:51Z</time></trkpt>
      <trkpt lat="41.486713333333334" lon="-81.746005"><ele>163.7</ele><time>2026-09-11T20:27:52Z</time></trkpt>
      <trkpt lat="41.486716666666666" lon="-81.74600333333333"><ele>162.1</ele><time>2026-09-11T20:27:53Z</time></trkpt>
      <trkpt lat="41.486716666666666" lon="-81.74600166666667"><ele>163.7</ele><time>2026-09-11T20:27:54Z</time></trkpt>
      <trkpt lat="41.486716666666666" lon="-81.746"><ele>163.7</ele><time>2026-09-11T20:27:55Z</time></trkpt>
      <trkpt lat="41.486716666666666" lon="-81.74599833333333"><ele>159.799</ele><time>2026-09-11T20:27:56Z</time></trkpt>
      <trkpt lat="41.486716666666666" lon="-81.74599833333333"><ele>159.6</ele><time>2026-09-11T20:27:57Z</time></trkpt>
      <trkpt lat="41.486715" lon="-81.74599666666667"><ele>159.9</ele><time>2026-09-11T20:27:58Z</time></trkpt>
      <trkpt lat="41.486713333333334" lon="-81.74599666666667"><ele>159.6</ele><time>2026-09-11T20:27:59Z</time></trkpt>
      <trkpt lat="41.486713333333334" lon="-81.74599666666667"><ele>159.9</ele><time>2026-09-11T20:28:00Z</time></trkpt>
      <trkpt lat="41.486713333333334" lon="-81.74599666666667"><ele>159.5</ele><time>2026-09-11T20:28:01Z</time></trkpt>
      <trkpt lat="41.486713333333334" lon="-81.74599833333333"><ele>158.8</ele><time>2026-09-11T20:28:02Z</time></trkpt>
      <trkpt lat="41.486713333333334" lon="-81.746"><ele>162.6</ele><time>2026-09-11T20:28:03Z</time></trkpt>
      <trkpt lat="41.486715" lon="-81.746"><ele>162.6</ele><time>2026-09-11T20:28:04Z</time></trkpt>
      <trkpt lat="41.486716666666666" lon="-81.74600333333333"><ele>162.6</ele><time>2026-09-11T20:28:05Z</time></trkpt>
      <trkpt lat="41.486718333333336" lon="-81.746005"><ele>159.8</ele><time>2026-09-11T20:28:06Z</time></trkpt>
      <trkpt lat="41.486718333333336" lon="-81.74600666666667"><ele>160.5</ele><time>2026-09-11T20:28:07Z</time></trkpt>
      <trkpt lat="41.48672" lon="-81.74601"><ele>159.7</ele><time>2026-09-11T20:28:08Z</time></trkpt>
      <trkpt lat="41.48672" lon="-81.74601"><ele>159.5</ele><time>2026-09-11T20:28:09Z</time></trkpt>
      <trkpt lat="41.48672" lon="-81.74601166666666"><ele>160.1</ele><time>2026-09-11T20:28:10Z</time></trkpt>
      <trkpt lat="41.48672333333333" lon="-81.746015"><ele>159.6</ele><time>2026-09-11T20:28:11Z</time></trkpt>
      <trkpt lat="41.486725" lon="-81.74601666666666"><ele>159.799</ele><time>2026-09-11T20:28:12Z</time></trkpt>
      <trkpt lat="41.48672666666667" lon="-81.74601833333334"><ele>159.899</ele><time>2026-09-11T20:28:13Z</time></trkpt>
      <trkpt lat="41.48672833333333" lon="-81.74602"><ele>159.999</ele><time>2026-09-11T20:28:14Z</time></trkpt>
      <trkpt lat="41.48672833333333" lon="-81.74602"><ele>163.699</ele><time>2026-09-11T20:28:15Z</time></trkpt>
      <trkpt lat="41.486731666666664" lon="-81.74602"><ele>161.8</ele><time>2026-09-11T20:28:16Z</time></trkpt>
      <trkpt lat="41.486731666666664" lon="-81.74602166666666"><ele>159.8</ele><time>2026-09-11T20:28:17Z</time></trkpt>
      <trkpt lat="41.486731666666664" lon="-81.74602166666666"><ele>159.7</ele><time>2026-09-11T20:28:18Z</time></trkpt>
      <trkpt lat="41.486731666666664" lon="-81.74602166666666"><ele>160.1</ele><time>2026-09-11T20:28:19Z</time></trkpt>
      <trkpt lat="41.486731666666664" lon="-81.74602"><ele>159.8</ele><time>2026-09-11T20:28:20Z</time></trkpt>
      <trkpt lat="41.486731666666664" lon="-81.74602"><ele>159.3</ele><time>2026-09-11T20:28:21Z</time></trkpt>
      <trkpt lat="41.486731666666664" lon="-81.74602"><ele>159.8</ele><time>2026-09-11T20:28:22Z</time></trkpt>
      <trkpt lat="41.486731666666664" lon="-81.74602"><ele>159.6</ele><time>2026-09-11T20:28:23Z</time></trkpt>
      <trkpt lat="41.486731666666664" lon="-81.74602"><ele>159.7</ele><time>2026-09-11T20:28:24Z</time></trkpt>
      <trkpt lat="41.486731666666664" lon="-81.74602"><ele>159.799</ele><time>2026-09-11T20:28:25Z</time></trkpt>
      <trkpt lat="41.486731666666664" lon="-81.74602"><ele>162.6</ele><time>2026-09-11T20:28:26Z</time></trkpt>
      <trkpt lat="41.486731666666664" lon="-81.74602"><ele>159.1</ele><time>2026-09-11T20:28:27Z</time></trkpt>
      <trkpt lat="41.486731666666664" lon="-81.74602"><ele>159.799</ele><time>2026-09-11T20:28:28Z</time></trkpt>
      <trkpt lat="41.486731666666664" lon="-81.74602"><ele>159.799</ele><time>2026-09-11T20:28:29Z</time></trkpt>
      <trkpt lat="41.486731666666664" lon="-81.74602"><ele>159.6</ele><time>2026-09-11T20:28:30Z</time></trkpt>
      <trkpt lat="41.486731666666664" lon="-81.74601833333334"><ele>159.7</ele><time>2026-09-11T20:28:31Z</time></trkpt>
      <trkpt lat="41.486731666666664" lon="-81.746015"><ele>160</ele><time>2026-09-11T20:28:32Z</time></trkpt>
      <trkpt lat="41.486731666666664" lon="-81.74601333333334"><ele>160</ele><time>2026-09-11T20:28:33Z</time></trkpt>
      <trkpt lat="41.486731666666664" lon="-81.74601"><ele>159.6</ele><time>2026-09-11T20:28:34Z</time></trkpt>
      <trkpt lat="41.486731666666664" lon="-81.74600666666667"><ele>159.7</ele><time>2026-09-11T20:28:35Z</time></trkpt>
      <trkpt lat="41.48673333333333" lon="-81.746005"><ele>159.799</ele><time>2026-09-11T20:28:36Z</time></trkpt>
      <trkpt lat="41.486731666666664" lon="-81.74600166666667"><ele>162.299</ele><time>2026-09-11T20:28:37Z</time></trkpt>
      <trkpt lat="41.486731666666664" lon="-81.746"><ele>162.2</ele><time>2026-09-11T20:28:38Z</time></trkpt>
      <trkpt lat="41.486731666666664" lon="-81.74599666666667"><ele>160.1</ele><time>2026-09-11T20:28:39Z</time></trkpt>
      <trkpt lat="41.48673333333333" lon="-81.745995"><ele>159.6</ele><time>2026-09-11T20:28:40Z</time></trkpt>
      <trkpt lat="41.486731666666664" lon="-81.74599166666667"><ele>159.9</ele><time>2026-09-11T20:28:41Z</time></trkpt>
      <trkpt lat="41.48673" lon="-81.74598833333333"><ele>159.8</ele><time>2026-09-11T20:28:42Z</time></trkpt>
      <trkpt lat="41.48672833333333" lon="-81.74598666666667"><ele>159.1</ele><time>2026-09-11T20:28:43Z</time></trkpt>
      <trkpt lat="41.48672833333333" lon="-81.745985"><ele>159.1</ele><time>2026-09-11T20:28:44Z</time></trkpt>
      <trkpt lat="41.48672833333333" lon="-81.74598166666667"><ele>158.9</ele><time>2026-09-11T20:28:45Z</time></trkpt>
      <trkpt lat="41.48672833333333" lon="-81.74598"><ele>159</ele><time>2026-09-11T20:28:46Z</time></trkpt>
      <trkpt lat="41.48672666666667" lon="-81.74597833333333"><ele>159.4</ele><time>2026-09-11T20:28:47Z</time></trkpt>
      <trkpt lat="41.48672666666667" lon="-81.74597666666666"><ele>159.1</ele><time>2026-09-11T20:28:48Z</time></trkpt>
      <trkpt lat="41.48672833333333" lon="-81.74597333333334"><ele>158.3</ele><time>2026-09-11T20:28:49Z</time></trkpt>
      <trkpt lat="41.48672833333333" lon="-81.74597166666666"><ele>159.5</ele><time>2026-09-11T20:28:50Z</time></trkpt>
      <trkpt lat="41.48672666666667" lon="-81.74597166666666"><ele>158.5</ele><time>2026-09-11T20:28:51Z</time></trkpt>
      <trkpt lat="41.486725" lon="-81.74597166666666"><ele>159</ele><time>2026-09-11T20:28:52Z</time></trkpt>
      <trkpt lat="41.48672333333333" lon="-81.74597166666666"><ele>159.3</ele><time>2026-09-11T20:28:53Z</time></trkpt>
      <trkpt lat="41.48672333333333" lon="-81.74597333333334"><ele>159.2</ele><time>2026-09-11T20:28:54Z</time></trkpt>
      <trkpt lat="41.48672333333333" lon="-81.74597333333334"><ele>159.8</ele><time>2026-09-11T20:28:55Z</time></trkpt>
      <trkpt lat="41.48672166666667" lon="-81.74597333333334"><ele>160.3</ele><time>2026-09-11T20:28:57Z</time></trkpt>
      <trkpt lat="41.48672166666667" lon="-81.74597166666666"><ele>162.8</ele><time>2026-09-11T20:28:58Z</time></trkpt>
      <trkpt lat="41.48672166666667" lon="-81.74596833333334"><ele>160.3</ele><time>2026-09-11T20:28:59Z</time></trkpt>
      <trkpt lat="41.48672166666667" lon="-81.74596333333334"><ele>160.3</ele><time>2026-09-11T20:29:00Z</time></trkpt>
      <trkpt lat="41.486731666666664" lon="-81.74596"><ele>160.1</ele><time>2026-09-11T20:29:01Z</time></trkpt>
      <trkpt lat="41.486765" lon="-81.74596666666666"><ele>159.6</ele><time>2026-09-11T20:29:02Z</time></trkpt>
      <trkpt lat="41.486776666666664" lon="-81.74597166666666"><ele>159.6</ele><time>2026-09-11T20:29:03Z</time></trkpt>
      <trkpt lat="41.48678666666667" lon="-81.745975"><ele>159.6</ele><time>2026-09-11T20:29:04Z</time></trkpt>
      <trkpt lat="41.48679" lon="-81.74597833333333"><ele>160.8</ele><time>2026-09-11T20:29:05Z</time></trkpt>
      <trkpt lat="41.486795" lon="-81.74598166666667"><ele>160.3</ele><time>2026-09-11T20:29:06Z</time></trkpt>
      <trkpt lat="41.4868" lon="-81.74598666666667"><ele>160.3</ele><time>2026-09-11T20:29:07Z</time></trkpt>
      <trkpt lat="41.486805" lon="-81.74599"><ele>160.3</ele><time>2026-09-11T20:29:08Z</time></trkpt>
      <trkpt lat="41.486808333333336" lon="-81.74599166666667"><ele>160.3</ele><time>2026-09-11T20:29:09Z</time></trkpt>
      <trkpt lat="41.48681666666667" lon="-81.74599166666667"><ele>162.5</ele><time>2026-09-11T20:29:10Z</time></trkpt>
      <trkpt lat="41.486823333333334" lon="-81.74599333333333"><ele>162.5</ele><time>2026-09-11T20:29:11Z</time></trkpt>
      <trkpt lat="41.48683333333334" lon="-81.74599166666667"><ele>160.6</ele><time>2026-09-11T20:29:12Z</time></trkpt>
      <trkpt lat="41.48683833333333" lon="-81.745995"><ele>159.5</ele><time>2026-09-11T20:29:13Z</time></trkpt>
      <trkpt lat="41.48684333333333" lon="-81.746"><ele>160.5</ele><time>2026-09-11T20:29:14Z</time></trkpt>
      <trkpt lat="41.486846666666665" lon="-81.74600166666667"><ele>159.6</ele><time>2026-09-11T20:29:15Z</time></trkpt>
      <trkpt lat="41.48685166666667" lon="-81.746005"><ele>159.6</ele><time>2026-09-11T20:29:16Z</time></trkpt>
      <trkpt lat="41.486855" lon="-81.74600833333334"><ele>160.2</ele><time>2026-09-11T20:29:17Z</time></trkpt>
      <trkpt lat="41.486853333333336" lon="-81.74600666666667"><ele>160.299</ele><time>2026-09-11T20:29:18Z</time></trkpt>
      <trkpt lat="41.48685166666667" lon="-81.74601"><ele>160.7</ele><time>2026-09-11T20:29:19Z</time></trkpt>
      <trkpt lat="41.486853333333336" lon="-81.74601"><ele>160.3</ele><time>2026-09-11T20:29:20Z</time></trkpt>
      <trkpt lat="41.486853333333336" lon="-81.74601"><ele>160.3</ele><time>2026-09-11T20:29:21Z</time></trkpt>
      <trkpt lat="41.48685166666667" lon="-81.74600833333334"><ele>164.3</ele><time>2026-09-11T20:29:22Z</time></trkpt>
      <trkpt lat="41.486846666666665" lon="-81.74601166666666"><ele>160.2</ele><time>2026-09-11T20:29:23Z</time></trkpt>
      <trkpt lat="41.48684166666666" lon="-81.74601166666666"><ele>160.2</ele><time>2026-09-11T20:29:24Z</time></trkpt>
      <trkpt lat="41.486835" lon="-81.74601333333334"><ele>160.3</ele><time>2026-09-11T20:29:25Z</time></trkpt>
      <trkpt lat="41.48682" lon="-81.74601333333334"><ele>159.8</ele><time>2026-09-11T20:29:26Z</time></trkpt>
      <trkpt lat="41.486808333333336" lon="-81.746015"><ele>160.8</ele><time>2026-09-11T20:29:27Z</time></trkpt>
      <trkpt lat="41.486801666666665" lon="-81.746015"><ele>160.8</ele><time>2026-09-11T20:29:28Z</time></trkpt>
      <trkpt lat="41.486795" lon="-81.746015"><ele>160.7</ele><time>2026-09-11T20:29:29Z</time></trkpt>
      <trkpt lat="41.486783333333335" lon="-81.746015"><ele>160.1</ele><time>2026-09-11T20:29:30Z</time></trkpt>
      <trkpt lat="41.486781666666666" lon="-81.74601833333334"><ele>159.9</ele><time>2026-09-11T20:29:31Z</time></trkpt>
      <trkpt lat="41.48677333333333" lon="-81.74601666666666"><ele>160</ele><time>2026-09-11T20:29:32Z</time></trkpt>
      <trkpt lat="41.48676833333333" lon="-81.74601666666666"><ele>160</ele><time>2026-09-11T20:29:33Z</time></trkpt>
      <trkpt lat="41.486758333333334" lon="-81.746015"><ele>160.2</ele><time>2026-09-11T20:29:34Z</time></trkpt>
      <trkpt lat="41.486755" lon="-81.74601333333334"><ele>159.399</ele><time>2026-09-11T20:29:35Z</time></trkpt>
      <trkpt lat="41.48674833333333" lon="-81.74601"><ele>159.2</ele><time>2026-09-11T20:29:36Z</time></trkpt>
      <trkpt lat="41.48674333333334" lon="-81.746005"><ele>160.1</ele><time>2026-09-11T20:29:37Z</time></trkpt>
      <trkpt lat="41.486735" lon="-81.74600166666667"><ele>160</ele><time>2026-09-11T20:29:38Z</time></trkpt>
      <trkpt lat="41.48673333333333" lon="-81.746"><ele>160.4</ele><time>2026-09-11T20:29:39Z</time></trkpt>
      <trkpt lat="41.48673" lon="-81.746"><ele>160.8</ele><time>2026-09-11T20:29:40Z</time></trkpt>
      <trkpt lat="41.48672666666667" lon="-81.746"><ele>160.8</ele><time>2026-09-11T20:29:41Z</time></trkpt>
      <trkpt lat="41.48672666666667" lon="-81.746"><ele>160.5</ele><time>2026-09-11T20:29:42Z</time></trkpt>
      <trkpt lat="41.486725" lon="-81.746"><ele>163.3</ele><time>2026-09-11T20:29:43Z</time></trkpt>
      <trkpt lat="41.486725" lon="-81.746"><ele>163.3</ele><time>2026-09-11T20:29:44Z</time></trkpt>
      <trkpt lat="41.48672333333333" lon="-81.74600166666667"><ele>163.3</ele><time>2026-09-11T20:29:45Z</time></trkpt>
      <trkpt lat="41.48672333333333" lon="-81.74600166666667"><ele>160.1</ele><time>2026-09-11T20:29:46Z</time></trkpt>
      <trkpt lat="41.48672166666667" lon="-81.74600166666667"><ele>160.2</ele><time>2026-09-11T20:29:47Z</time></trkpt>
      <trkpt lat="41.48672333333333" lon="-81.746"><ele>160.3</ele><time>2026-09-11T20:29:48Z</time></trkpt>
      <trkpt lat="41.48672666666667" lon="-81.746"><ele>162.5</ele><time>2026-09-11T20:29:49Z</time></trkpt>
      <trkpt lat="41.48672833333333" lon="-81.746"><ele>159.7</ele><time>2026-09-11T20:29:50Z</time></trkpt>
      <trkpt lat="41.48673" lon="-81.74600166666667"><ele>159.799</ele><time>2026-09-11T20:29:51Z</time></trkpt>
      <trkpt lat="41.486731666666664" lon="-81.74600166666667"><ele>159.799</ele><time>2026-09-11T20:29:52Z</time></trkpt>
      <trkpt lat="41.486735" lon="-81.74600166666667"><ele>159.899</ele><time>2026-09-11T20:29:53Z</time></trkpt>
      <trkpt lat="41.486735" lon="-81.74600166666667"><ele>159.799</ele><time>2026-09-11T20:29:54Z</time></trkpt>
      <trkpt lat="41.486738333333335" lon="-81.746005"><ele>159.999</ele><time>2026-09-11T20:29:55Z</time></trkpt>
      <trkpt lat="41.486738333333335" lon="-81.746005"><ele>159.999</ele><time>2026-09-11T20:29:56Z</time></trkpt>
      <trkpt lat="41.48674166666667" lon="-81.74600666666667"><ele>159.599</ele><time>2026-09-11T20:29:57Z</time></trkpt>
      <trkpt lat="41.486745" lon="-81.74601"><ele>159.799</ele><time>2026-09-11T20:29:58Z</time></trkpt>
      <trkpt lat="41.486745" lon="-81.74601"><ele>159.1</ele><time>2026-09-11T20:29:59Z</time></trkpt>
      <trkpt lat="41.48674666666667" lon="-81.74601166666666"><ele>159.2</ele><time>2026-09-11T20:30:00Z</time></trkpt>
      <trkpt lat="41.486745" lon="-81.74601166666666"><ele>160.299</ele><time>2026-09-11T20:30:01Z</time></trkpt>
      <trkpt lat="41.48674666666667" lon="-81.74601166666666"><ele>160.1</ele><time>2026-09-11T20:30:02Z</time></trkpt>
      <trkpt lat="41.486745" lon="-81.74601166666666"><ele>160</ele><time>2026-09-11T20:30:03Z</time></trkpt>
      <trkpt lat="41.48674333333334" lon="-81.74601"><ele>160.6</ele><time>2026-09-11T20:30:04Z</time></trkpt>
      <trkpt lat="41.48674333333334" lon="-81.74601166666666"><ele>163.7</ele><time>2026-09-11T20:30:05Z</time></trkpt>
      <trkpt lat="41.48674333333334" lon="-81.74601"><ele>163.7</ele><time>2026-09-11T20:30:06Z</time></trkpt>
      <trkpt lat="41.486745" lon="-81.74601"><ele>163.299</ele><time>2026-09-11T20:30:07Z</time></trkpt>
      <trkpt lat="41.486745" lon="-81.74601"><ele>160</ele><time>2026-09-11T20:30:08Z</time></trkpt>
      <trkpt lat="41.486745" lon="-81.74601"><ele>160.1</ele><time>2026-09-11T20:30:09Z</time></trkpt>
      <trkpt lat="41.486745" lon="-81.74601166666666"><ele>160.2</ele><time>2026-09-11T20:30:10Z</time></trkpt>
      <trkpt lat="41.486745" lon="-81.74601166666666"><ele>160.299</ele><time>2026-09-11T20:30:11Z</time></trkpt>
      <trkpt lat="41.48674333333334" lon="-81.74601333333334"><ele>159.799</ele><time>2026-09-11T20:30:12Z</time></trkpt>
      <trkpt lat="41.48674333333334" lon="-81.74601333333334"><ele>159.7</ele><time>2026-09-11T20:30:13Z</time></trkpt>
      <trkpt lat="41.48674166666667" lon="-81.74601333333334"><ele>159.799</ele><time>2026-09-11T20:30:14Z</time></trkpt>
      <trkpt lat="41.48674166666667" lon="-81.746015"><ele>159.399</ele><time>2026-09-11T20:30:15Z</time></trkpt>
      <trkpt lat="41.48674166666667" lon="-81.746015"><ele>159.899</ele><time>2026-09-11T20:30:16Z</time></trkpt>
      <trkpt lat="41.48674166666667" lon="-81.746015"><ele>159.9</ele><time>2026-09-11T20:30:17Z</time></trkpt>
      <trkpt lat="41.48674166666667" lon="-81.746015"><ele>161.7</ele><time>2026-09-11T20:30:18Z</time></trkpt>
      <trkpt lat="41.48674" lon="-81.74601666666666"><ele>159.6</ele><time>2026-09-11T20:30:19Z</time></trkpt>
      <trkpt lat="41.48674" lon="-81.74601833333334"><ele>159</ele><time>2026-09-11T20:30:20Z</time></trkpt>
      <trkpt lat="41.48674" lon="-81.74602"><ele>159.6</ele><time>2026-09-11T20:30:21Z</time></trkpt>
      <trkpt lat="41.486736666666665" lon="-81.74602166666666"><ele>159</ele><time>2026-09-11T20:30:23Z</time></trkpt>
      <trkpt lat="41.486736666666665" lon="-81.74602333333333"><ele>160.3</ele><time>2026-09-11T20:30:24Z</time></trkpt>
      <trkpt lat="41.486736666666665" lon="-81.74602333333333"><ele>159.8</ele><time>2026-09-11T20:30:25Z</time></trkpt>
      <trkpt lat="41.486736666666665" lon="-81.746025"><ele>159.8</ele><time>2026-09-11T20:30:26Z</time></trkpt>
      <trkpt lat="41.486735" lon="-81.746025"><ele>160.6</ele><time>2026-09-11T20:30:27Z</time></trkpt>
      <trkpt lat="41.486735" lon="-81.74602666666667"><ele>160.7</ele><time>2026-09-11T20:30:28Z</time></trkpt>
      <trkpt lat="41.486735" lon="-81.74602833333333"><ele>163.3</ele><time>2026-09-11T20:30:29Z</time></trkpt>
      <trkpt lat="41.486735" lon="-81.74602833333333"><ele>160.4</ele><time>2026-09-11T20:30:30Z</time></trkpt>
      <trkpt lat="41.48673333333333" lon="-81.74602833333333"><ele>160.5</ele><time>2026-09-11T20:30:31Z</time></trkpt>
      <trkpt lat="41.486735" lon="-81.74602833333333"><ele>160</ele><time>2026-09-11T20:30:32Z</time></trkpt>
      <trkpt lat="41.486731666666664" lon="-81.74603"><ele>160.5</ele><time>2026-09-11T20:30:33Z</time></trkpt>
      <trkpt lat="41.486731666666664" lon="-81.74603166666667"><ele>160.2</ele><time>2026-09-11T20:30:34Z</time></trkpt>
      <trkpt lat="41.486731666666664" lon="-81.74603"><ele>160.3</ele><time>2026-09-11T20:30:35Z</time></trkpt>
      <trkpt lat="41.486731666666664" lon="-81.74603"><ele>159.6</ele><time>2026-09-11T20:30:36Z</time></trkpt>
      <trkpt lat="41.486731666666664" lon="-81.74602833333333"><ele>158.8</ele><time>2026-09-11T20:30:37Z</time></trkpt>
      <trkpt lat="41.486731666666664" lon="-81.74602833333333"><ele>160.1</ele><time>2026-09-11T20:30:38Z</time></trkpt>
      <trkpt lat="41.486731666666664" lon="-81.74602833333333"><ele>160</ele><time>2026-09-11T20:30:39Z</time></trkpt>
      <trkpt lat="41.486731666666664" lon="-81.74602833333333"><ele>162.8</ele><time>2026-09-11T20:30:40Z</time></trkpt>
      <trkpt lat="41.486731666666664" lon="-81.74602833333333"><ele>159.7</ele><time>2026-09-11T20:30:41Z</time></trkpt>
      <trkpt lat="41.486731666666664" lon="-81.74602833333333"><ele>159.5</ele><time>2026-09-11T20:30:42Z</time></trkpt>
      <trkpt lat="41.486731666666664" lon="-81.74602833333333"><ele>159.5</ele><time>2026-09-11T20:30:43Z</time></trkpt>
      <trkpt lat="41.48673" lon="-81.74602833333333"><ele>159.4</ele><time>2026-09-11T20:30:44Z</time></trkpt>
      <trkpt lat="41.48672833333333" lon="-81.74602833333333"><ele>159.4</ele><time>2026-09-11T20:30:45Z</time></trkpt>
      <trkpt lat="41.48672666666667" lon="-81.74602833333333"><ele>158.7</ele><time>2026-09-11T20:30:46Z</time></trkpt>
      <trkpt lat="41.486725" lon="-81.74602833333333"><ele>158.7</ele><time>2026-09-11T20:30:47Z</time></trkpt>
      <trkpt lat="41.48672333333333" lon="-81.74602666666667"><ele>159.6</ele><time>2026-09-11T20:30:48Z</time></trkpt>
      <trkpt lat="41.48672333333333" lon="-81.746025"><ele>159.3</ele><time>2026-09-11T20:30:49Z</time></trkpt>
      <trkpt lat="41.486725" lon="-81.74602333333333"><ele>159.5</ele><time>2026-09-11T20:30:50Z</time></trkpt>
      <trkpt lat="41.486725" lon="-81.74602333333333"><ele>160.3</ele><time>2026-09-11T20:30:51Z</time></trkpt>
      <trkpt lat="41.48672666666667" lon="-81.74602"><ele>163.1</ele><time>2026-09-11T20:30:52Z</time></trkpt>
      <trkpt lat="41.48672666666667" lon="-81.74602"><ele>160.1</ele><time>2026-09-11T20:30:53Z</time></trkpt>
      <trkpt lat="41.48672666666667" lon="-81.74601833333334"><ele>160.4</ele><time>2026-09-11T20:30:54Z</time></trkpt>
      <trkpt lat="41.48672666666667" lon="-81.746015"><ele>160.1</ele><time>2026-09-11T20:30:55Z</time></trkpt>
      <trkpt lat="41.48672666666667" lon="-81.74601333333334"><ele>159.799</ele><time>2026-09-11T20:30:56Z</time></trkpt>
      <trkpt lat="41.48672833333333" lon="-81.74601"><ele>159.799</ele><time>2026-09-11T20:30:57Z</time></trkpt>
      <trkpt lat="41.48672833333333" lon="-81.746005"><ele>159.999</ele><time>2026-09-11T20:30:58Z</time></trkpt>
      <trkpt lat="41.486731666666664" lon="-81.74600166666667"><ele>159.299</ele><time>2026-09-11T20:30:59Z</time></trkpt>
      <trkpt lat="41.48673333333333" lon="-81.746"><ele>158.6</ele><time>2026-09-11T20:31:00Z</time></trkpt>
      <trkpt lat="41.48673333333333" lon="-81.74599833333333"><ele>158.8</ele><time>2026-09-11T20:31:01Z</time></trkpt>
      <trkpt lat="41.486738333333335" lon="-81.74599333333333"><ele>159.8</ele><time>2026-09-11T20:31:02Z</time></trkpt>
      <trkpt lat="41.48674166666667" lon="-81.74599"><ele>162.5</ele><time>2026-09-11T20:31:03Z</time></trkpt>
      <trkpt lat="41.486745" lon="-81.74598833333333"><ele>159.6</ele><time>2026-09-11T20:31:04Z</time></trkpt>
      <trkpt lat="41.48674666666667" lon="-81.74598666666667"><ele>159.5</ele><time>2026-09-11T20:31:05Z</time></trkpt>
      <trkpt lat="41.48674833333333" lon="-81.745985"><ele>159</ele><time>2026-09-11T20:31:06Z</time></trkpt>
      <trkpt lat="41.48675" lon="-81.745985"><ele>159.4</ele><time>2026-09-11T20:31:07Z</time></trkpt>
      <trkpt lat="41.48675" lon="-81.745985"><ele>159.5</ele><time>2026-09-11T20:31:08Z</time></trkpt>
      <trkpt lat="41.48675" lon="-81.74598333333333"><ele>158.8</ele><time>2026-09-11T20:31:09Z</time></trkpt>
      <trkpt lat="41.48675" lon="-81.74598333333333"><ele>158.7</ele><time>2026-09-11T20:31:10Z</time></trkpt>
      <trkpt lat="41.48675" lon="-81.74598333333333"><ele>158.6</ele><time>2026-09-11T20:31:11Z</time></trkpt>
      <trkpt lat="41.48675166666666" lon="-81.74598166666667"><ele>159.299</ele><time>2026-09-11T20:31:12Z</time></trkpt>
      <trkpt lat="41.48675166666666" lon="-81.74598"><ele>159.899</ele><time>2026-09-11T20:31:13Z</time></trkpt>
      <trkpt lat="41.48675166666666" lon="-81.74597833333333"><ele>159.799</ele><time>2026-09-11T20:31:14Z</time></trkpt>
      <trkpt lat="41.48675166666666" lon="-81.74597833333333"><ele>160.399</ele><time>2026-09-11T20:31:15Z</time></trkpt>
      <trkpt lat="41.48675" lon="-81.74597666666666"><ele>160.399</ele><time>2026-09-11T20:31:16Z</time></trkpt>
      <trkpt lat="41.48675" lon="-81.74597333333334"><ele>160.399</ele><time>2026-09-11T20:31:17Z</time></trkpt>
      <trkpt lat="41.48675" lon="-81.74597166666666"><ele>160.099</ele><time>2026-09-11T20:31:18Z</time></trkpt>
      <trkpt lat="41.48675" lon="-81.74597166666666"><ele>159.9</ele><time>2026-09-11T20:31:19Z</time></trkpt>
      <trkpt lat="41.48675" lon="-81.74596833333334"><ele>159.8</ele><time>2026-09-11T20:31:20Z</time></trkpt>
      <trkpt lat="41.48675" lon="-81.74596833333334"><ele>159.2</ele><time>2026-09-11T20:31:21Z</time></trkpt>
      <trkpt lat="41.48675" lon="-81.745965"><ele>158.8</ele><time>2026-09-11T20:31:22Z</time></trkpt>
      <trkpt lat="41.48675" lon="-81.745965"><ele>158.8</ele><time>2026-09-11T20:31:23Z</time></trkpt>
      <trkpt lat="41.48675" lon="-81.74596333333334"><ele>159.5</ele><time>2026-09-11T20:31:24Z</time></trkpt>
      <trkpt lat="41.48674666666667" lon="-81.74596333333334"><ele>159.8</ele><time>2026-09-11T20:31:25Z</time></trkpt>
      <trkpt lat="41.48674666666667" lon="-81.74596333333334"><ele>159.8</ele><time>2026-09-11T20:31:26Z</time></trkpt>
      <trkpt lat="41.48674666666667" lon="-81.74596166666667"><ele>158.9</ele><time>2026-09-11T20:31:27Z</time></trkpt>
      <trkpt lat="41.486745" lon="-81.74596166666667"><ele>159.1</ele><time>2026-09-11T20:31:28Z</time></trkpt>
      <trkpt lat="41.486745" lon="-81.74596333333334"><ele>158.9</ele><time>2026-09-11T20:31:29Z</time></trkpt>
      <trkpt lat="41.486745" lon="-81.745965"><ele>159</ele><time>2026-09-11T20:31:30Z</time></trkpt>
      <trkpt lat="41.486745" lon="-81.74596833333334"><ele>158.7</ele><time>2026-09-11T20:31:31Z</time></trkpt>
      <trkpt lat="41.486745" lon="-81.74597333333334"><ele>158.5</ele><time>2026-09-11T20:31:32Z</time></trkpt>
      <trkpt lat="41.48674666666667" lon="-81.74597833333333"><ele>158.8</ele><time>2026-09-11T20:31:33Z</time></trkpt>
      <trkpt lat="41.48674666666667" lon="-81.74598333333333"><ele>158.7</ele><time>2026-09-11T20:31:34Z</time></trkpt>
      <trkpt lat="41.48674666666667" lon="-81.74598833333333"><ele>159.3</ele><time>2026-09-11T20:31:35Z</time></trkpt>
      <trkpt lat="41.48674666666667" lon="-81.74599166666667"><ele>163.1</ele><time>2026-09-11T20:31:36Z</time></trkpt>
      <trkpt lat="41.48674666666667" lon="-81.74599666666667"><ele>159.2</ele><time>2026-09-11T20:31:37Z</time></trkpt>
      <trkpt lat="41.48674666666667" lon="-81.74600166666667"><ele>159.5</ele><time>2026-09-11T20:31:38Z</time></trkpt>
      <trkpt lat="41.48674666666667" lon="-81.746005"><ele>160.3</ele><time>2026-09-11T20:31:39Z</time></trkpt>
      <trkpt lat="41.48674833333333" lon="-81.74600666666667"><ele>160.3</ele><time>2026-09-11T20:31:40Z</time></trkpt>
      <trkpt lat="41.48674666666667" lon="-81.74601"><ele>160.2</ele><time>2026-09-11T20:31:41Z</time></trkpt>
      <trkpt lat="41.48674666666667" lon="-81.74601"><ele>160</ele><time>2026-09-11T20:31:42Z</time></trkpt>
      <trkpt lat="41.48674666666667" lon="-81.74601333333334"><ele>159.8</ele><time>2026-09-11T20:31:43Z</time></trkpt>
      <trkpt lat="41.486745" lon="-81.74601333333334"><ele>158.9</ele><time>2026-09-11T20:31:44Z</time></trkpt>
      <trkpt lat="41.48674666666667" lon="-81.74601333333334"><ele>158.8</ele><time>2026-09-11T20:31:45Z</time></trkpt>
      <trkpt lat="41.48674666666667" lon="-81.74601333333334"><ele>159.2</ele><time>2026-09-11T20:31:46Z</time></trkpt>
      <trkpt lat="41.48675" lon="-81.746015"><ele>159.2</ele><time>2026-09-11T20:31:47Z</time></trkpt>
      <trkpt lat="41.48675" lon="-81.74601333333334"><ele>158.6</ele><time>2026-09-11T20:31:49Z</time></trkpt>
      <trkpt lat="41.48675166666666" lon="-81.74601333333334"><ele>158.6</ele><time>2026-09-11T20:31:50Z</time></trkpt>
      <trkpt lat="41.48675" lon="-81.74601166666666"><ele>158.6</ele><time>2026-09-11T20:31:51Z</time></trkpt>
      <trkpt lat="41.48675" lon="-81.74601166666666"><ele>159.1</ele><time>2026-09-11T20:31:52Z</time></trkpt>
      <trkpt lat="41.48675" lon="-81.74601166666666"><ele>158.799</ele><time>2026-09-11T20:31:53Z</time></trkpt>
      <trkpt lat="41.48674666666667" lon="-81.74601333333334"><ele>158.7</ele><time>2026-09-11T20:31:54Z</time></trkpt>
      <trkpt lat="41.486745" lon="-81.746015"><ele>158.6</ele><time>2026-09-11T20:31:55Z</time></trkpt>
      <trkpt lat="41.48674333333334" lon="-81.746015"><ele>158.5</ele><time>2026-09-11T20:31:56Z</time></trkpt>
      <trkpt lat="41.48674166666667" lon="-81.74601666666666"><ele>159.3</ele><time>2026-09-11T20:31:57Z</time></trkpt>
      <trkpt lat="41.48674" lon="-81.74601833333334"><ele>158.6</ele><time>2026-09-11T20:31:58Z</time></trkpt>
      <trkpt lat="41.486738333333335" lon="-81.74602"><ele>158.6</ele><time>2026-09-11T20:31:59Z</time></trkpt>
      <trkpt lat="41.486736666666665" lon="-81.74602166666666"><ele>158.8</ele><time>2026-09-11T20:32:00Z</time></trkpt>
      <trkpt lat="41.486735" lon="-81.74602333333333"><ele>159</ele><time>2026-09-11T20:32:01Z</time></trkpt>
      <trkpt lat="41.486735" lon="-81.746025"><ele>159.5</ele><time>2026-09-11T20:32:02Z</time></trkpt>
      <trkpt lat="41.486735" lon="-81.74602833333333"><ele>160.3</ele><time>2026-09-11T20:32:03Z</time></trkpt>
      <trkpt lat="41.486735" lon="-81.74603"><ele>160.1</ele><time>2026-09-11T20:32:04Z</time></trkpt>
      <trkpt lat="41.486735" lon="-81.74603166666667"><ele>160.299</ele><time>2026-09-11T20:32:05Z</time></trkpt>
      <trkpt lat="41.486736666666665" lon="-81.74603333333333"><ele>159.299</ele><time>2026-09-11T20:32:06Z</time></trkpt>
      <trkpt lat="41.486736666666665" lon="-81.746035"><ele>158.899</ele><time>2026-09-11T20:32:07Z</time></trkpt>
      <trkpt lat="41.486738333333335" lon="-81.74603666666667"><ele>159.2</ele><time>2026-09-11T20:32:08Z</time></trkpt>
      <trkpt lat="41.48674" lon="-81.74603666666667"><ele>159.299</ele><time>2026-09-11T20:32:09Z</time></trkpt>
      <trkpt lat="41.48674" lon="-81.74603833333333"><ele>159.6</ele><time>2026-09-11T20:32:10Z</time></trkpt>
      <trkpt lat="41.48674" lon="-81.74604"><ele>159.5</ele><time>2026-09-11T20:32:11Z</time></trkpt>
      <trkpt lat="41.486738333333335" lon="-81.74604"><ele>158.6</ele><time>2026-09-11T20:32:12Z</time></trkpt>
      <trkpt lat="41.48674" lon="-81.74604"><ele>158.7</ele><time>2026-09-11T20:32:13Z</time></trkpt>
      <trkpt lat="41.486738333333335" lon="-81.74604166666667"><ele>158.6</ele><time>2026-09-11T20:32:14Z</time></trkpt>
      <trkpt lat="41.486736666666665" lon="-81.74604166666667"><ele>158.5</ele><time>2026-09-11T20:32:15Z</time></trkpt>
      <trkpt lat="41.486736666666665" lon="-81.74604166666667"><ele>159.7</ele><time>2026-09-11T20:32:16Z</time></trkpt>
      <trkpt lat="41.486736666666665" lon="-81.74604166666667"><ele>159</ele><time>2026-09-11T20:32:17Z</time></trkpt>
      <trkpt lat="41.486735" lon="-81.74604166666667"><ele>158.6</ele><time>2026-09-11T20:32:18Z</time></trkpt>
      <trkpt lat="41.486735" lon="-81.74604166666667"><ele>158.6</ele><time>2026-09-11T20:32:19Z</time></trkpt>
      <trkpt lat="41.48673333333333" lon="-81.74604166666667"><ele>159.4</ele><time>2026-09-11T20:32:20Z</time></trkpt>
      <trkpt lat="41.486731666666664" lon="-81.74604333333333"><ele>159.6</ele><time>2026-09-11T20:32:21Z</time></trkpt>
      <trkpt lat="41.486731666666664" lon="-81.74604166666667"><ele>158.6</ele><time>2026-09-11T20:32:22Z</time></trkpt>
      <trkpt lat="41.48673" lon="-81.74604166666667"><ele>159.299</ele><time>2026-09-11T20:32:23Z</time></trkpt>
      <trkpt lat="41.48673" lon="-81.74604166666667"><ele>158.799</ele><time>2026-09-11T20:32:24Z</time></trkpt>
      <trkpt lat="41.48672833333333" lon="-81.74604333333333"><ele>159.299</ele><time>2026-09-11T20:32:25Z</time></trkpt>
      <trkpt lat="41.48672833333333" lon="-81.74604333333333"><ele>159.499</ele><time>2026-09-11T20:32:26Z</time></trkpt>
      <trkpt lat="41.48672833333333" lon="-81.74604333333333"><ele>159.599</ele><time>2026-09-11T20:32:27Z</time></trkpt>
      <trkpt lat="41.48672666666667" lon="-81.74604333333333"><ele>159.199</ele><time>2026-09-11T20:32:28Z</time></trkpt>
      <trkpt lat="41.486725" lon="-81.74604166666667"><ele>159.099</ele><time>2026-09-11T20:32:29Z</time></trkpt>
      <trkpt lat="41.48672333333333" lon="-81.74604"><ele>160.1</ele><time>2026-09-11T20:32:30Z</time></trkpt>
      <trkpt lat="41.48672333333333" lon="-81.74603666666667"><ele>159.1</ele><time>2026-09-11T20:32:31Z</time></trkpt>
      <trkpt lat="41.48672333333333" lon="-81.74602833333333"><ele>159.7</ele><time>2026-09-11T20:32:33Z</time></trkpt>
      <trkpt lat="41.48672166666667" lon="-81.74602166666666"><ele>158.299</ele><time>2026-09-11T20:32:34Z</time></trkpt>
      <trkpt lat="41.48672166666667" lon="-81.74601833333334"><ele>158.799</ele><time>2026-09-11T20:32:35Z</time></trkpt>
      <trkpt lat="41.48672166666667" lon="-81.74601333333334"><ele>158.1</ele><time>2026-09-11T20:32:36Z</time></trkpt>
      <trkpt lat="41.48672166666667" lon="-81.74600666666667"><ele>158.7</ele><time>2026-09-11T20:32:37Z</time></trkpt>
      <trkpt lat="41.48672166666667" lon="-81.746005"><ele>158.6</ele><time>2026-09-11T20:32:38Z</time></trkpt>
      <trkpt lat="41.48672166666667" lon="-81.74600166666667"><ele>158.7</ele><time>2026-09-11T20:32:39Z</time></trkpt>
      <trkpt lat="41.48672166666667" lon="-81.74599833333333"><ele>158.2</ele><time>2026-09-11T20:32:41Z</time></trkpt>
      <trkpt lat="41.48672166666667" lon="-81.74599666666667"><ele>158.7</ele><time>2026-09-11T20:32:42Z</time></trkpt>
      <trkpt lat="41.48672166666667" lon="-81.74599666666667"><ele>159.5</ele><time>2026-09-11T20:32:43Z</time></trkpt>
      <trkpt lat="41.48672166666667" lon="-81.74599666666667"><ele>159.5</ele><time>2026-09-11T20:32:44Z</time></trkpt>
      <trkpt lat="41.48672166666667" lon="-81.74599833333333"><ele>159.4</ele><time>2026-09-11T20:32:45Z</time></trkpt>
      <trkpt lat="41.48672166666667" lon="-81.74599833333333"><ele>158.6</ele><time>2026-09-11T20:32:46Z</time></trkpt>
      <trkpt lat="41.48672166666667" lon="-81.74599833333333"><ele>158.6</ele><time>2026-09-11T20:32:47Z</time></trkpt>
      <trkpt lat="41.48672333333333" lon="-81.74600333333333"><ele>158.799</ele><time>2026-09-11T20:32:48Z</time></trkpt>
      <trkpt lat="41.48672333333333" lon="-81.74600666666667"><ele>159.299</ele><time>2026-09-11T20:32:49Z</time></trkpt>
      <trkpt lat="41.48672333333333" lon="-81.74600666666667"><ele>159.499</ele><time>2026-09-11T20:32:50Z</time></trkpt>
      <trkpt lat="41.48672333333333" lon="-81.74601"><ele>160.299</ele><time>2026-09-11T20:32:51Z</time></trkpt>
      <trkpt lat="41.48672333333333" lon="-81.74601333333334"><ele>159.499</ele><time>2026-09-11T20:32:52Z</time></trkpt>
      <trkpt lat="41.48672333333333" lon="-81.746015"><ele>160.099</ele><time>2026-09-11T20:32:53Z</time></trkpt>
      <trkpt lat="41.48672333333333" lon="-81.74601833333334"><ele>160.299</ele><time>2026-09-11T20:32:54Z</time></trkpt>
      <trkpt lat="41.48672333333333" lon="-81.74601833333334"><ele>160.499</ele><time>2026-09-11T20:32:55Z</time></trkpt>
      <trkpt lat="41.48672166666667" lon="-81.74601666666666"><ele>159.8</ele><time>2026-09-11T20:32:56Z</time></trkpt>
      <trkpt lat="41.48672166666667" lon="-81.74601666666666"><ele>159.5</ele><time>2026-09-11T20:32:57Z</time></trkpt>
      <trkpt lat="41.48672166666667" lon="-81.746015"><ele>158.2</ele><time>2026-09-11T20:32:58Z</time></trkpt>
      <trkpt lat="41.48672166666667" lon="-81.74601333333334"><ele>158.2</ele><time>2026-09-11T20:32:59Z</time></trkpt>
      <trkpt lat="41.48672" lon="-81.74601"><ele>158.2</ele><time>2026-09-11T20:33:00Z</time></trkpt>
      <trkpt lat="41.48672" lon="-81.74601"><ele>158.7</ele><time>2026-09-11T20:33:01Z</time></trkpt>
      <trkpt lat="41.48672166666667" lon="-81.74600666666667"><ele>158.5</ele><time>2026-09-11T20:33:02Z</time></trkpt>
      <trkpt lat="41.48672166666667" lon="-81.74600333333333"><ele>158.2</ele><time>2026-09-11T20:33:03Z</time></trkpt>
      <trkpt lat="41.48672166666667" lon="-81.74600166666667"><ele>158</ele><time>2026-09-11T20:33:04Z</time></trkpt>
      <trkpt lat="41.48672166666667" lon="-81.746"><ele>158.9</ele><time>2026-09-11T20:33:05Z</time></trkpt>
      <trkpt lat="41.48672166666667" lon="-81.74599833333333"><ele>159.6</ele><time>2026-09-11T20:33:06Z</time></trkpt>
      <trkpt lat="41.48672333333333" lon="-81.74599666666667"><ele>158.6</ele><time>2026-09-11T20:33:07Z</time></trkpt>
      <trkpt lat="41.486725" lon="-81.74599666666667"><ele>159.299</ele><time>2026-09-11T20:33:08Z</time></trkpt>
      <trkpt lat="41.48672666666667" lon="-81.74599666666667"><ele>158.799</ele><time>2026-09-11T20:33:09Z</time></trkpt>
      <trkpt lat="41.48672666666667" lon="-81.745995"><ele>158.6</ele><time>2026-09-11T20:33:10Z</time></trkpt>
      <trkpt lat="41.48672833333333" lon="-81.745995"><ele>158.5</ele><time>2026-09-11T20:33:11Z</time></trkpt>
      <trkpt lat="41.48672833333333" lon="-81.74599166666667"><ele>158.6</ele><time>2026-09-11T20:33:12Z</time></trkpt>
      <trkpt lat="41.48672833333333" lon="-81.74599166666667"><ele>159.799</ele><time>2026-09-11T20:33:13Z</time></trkpt>
      <trkpt lat="41.48672833333333" lon="-81.74599166666667"><ele>158.9</ele><time>2026-09-11T20:33:14Z</time></trkpt>
      <trkpt lat="41.48672833333333" lon="-81.74599333333333"><ele>160.3</ele><time>2026-09-11T20:33:15Z</time></trkpt>
      <trkpt lat="41.48672666666667" lon="-81.745995"><ele>160.3</ele><time>2026-09-11T20:33:16Z</time></trkpt>
      <trkpt lat="41.48672666666667" lon="-81.745995"><ele>160</ele><time>2026-09-11T20:33:17Z</time></trkpt>
      <trkpt lat="41.48672666666667" lon="-81.745995"><ele>160.3</ele><time>2026-09-11T20:33:18Z</time></trkpt>
      <trkpt lat="41.48672666666667" lon="-81.745995"><ele>160</ele><time>2026-09-11T20:33:19Z</time></trkpt>
      <trkpt lat="41.48672666666667" lon="-81.745995"><ele>158.1</ele><time>2026-09-11T20:33:20Z</time></trkpt>
      <trkpt lat="41.48672833333333" lon="-81.745995"><ele>158.299</ele><time>2026-09-11T20:33:21Z</time></trkpt>
      <trkpt lat="41.48673" lon="-81.74599666666667"><ele>158.1</ele><time>2026-09-11T20:33:22Z</time></trkpt>
      <trkpt lat="41.486735" lon="-81.74599833333333"><ele>158.1</ele><time>2026-09-11T20:33:23Z</time></trkpt>
      <trkpt lat="41.486738333333335" lon="-81.74600166666667"><ele>158.6</ele><time>2026-09-11T20:33:24Z</time></trkpt>
      <trkpt lat="41.48674" lon="-81.74600333333333"><ele>158</ele><time>2026-09-11T20:33:25Z</time></trkpt>
      <trkpt lat="41.48674" lon="-81.746005"><ele>158</ele><time>2026-09-11T20:33:26Z</time></trkpt>
      <trkpt lat="41.48674333333334" lon="-81.746005"><ele>158</ele><time>2026-09-11T20:33:27Z</time></trkpt>
      <trkpt lat="41.486745" lon="-81.74600666666667"><ele>158.1</ele><time>2026-09-11T20:33:28Z</time></trkpt>
      <trkpt lat="41.48674666666667" lon="-81.746005"><ele>158.6</ele><time>2026-09-11T20:33:29Z</time></trkpt>
      <trkpt lat="41.48674833333333" lon="-81.746005"><ele>158.9</ele><time>2026-09-11T20:33:30Z</time></trkpt>
      <trkpt lat="41.48675166666666" lon="-81.746005"><ele>158.6</ele><time>2026-09-11T20:33:31Z</time></trkpt>
      <trkpt lat="41.48675333333333" lon="-81.746005"><ele>159.3</ele><time>2026-09-11T20:33:32Z</time></trkpt>
      <trkpt lat="41.486755" lon="-81.746005"><ele>158.1</ele><time>2026-09-11T20:33:33Z</time></trkpt>
      <trkpt lat="41.486755" lon="-81.746005"><ele>158.2</ele><time>2026-09-11T20:33:34Z</time></trkpt>
      <trkpt lat="41.486756666666665" lon="-81.74600666666667"><ele>159.2</ele><time>2026-09-11T20:33:35Z</time></trkpt>
      <trkpt lat="41.486758333333334" lon="-81.746005"><ele>159.2</ele><time>2026-09-11T20:33:36Z</time></trkpt>
      <trkpt lat="41.48676" lon="-81.746005"><ele>158.7</ele><time>2026-09-11T20:33:37Z</time></trkpt>
      <trkpt lat="41.486758333333334" lon="-81.746005"><ele>159.1</ele><time>2026-09-11T20:33:38Z</time></trkpt>
      <trkpt lat="41.48676" lon="-81.746005"><ele>163.7</ele><time>2026-09-11T20:33:39Z</time></trkpt>
      <trkpt lat="41.486758333333334" lon="-81.74600666666667"><ele>163.7</ele><time>2026-09-11T20:33:40Z</time></trkpt>
      <trkpt lat="41.486758333333334" lon="-81.74600666666667"><ele>163.7</ele><time>2026-09-11T20:33:41Z</time></trkpt>
      <trkpt lat="41.486758333333334" lon="-81.74600666666667"><ele>159.7</ele><time>2026-09-11T20:33:42Z</time></trkpt>
      <trkpt lat="41.486756666666665" lon="-81.74600666666667"><ele>162.6</ele><time>2026-09-11T20:33:43Z</time></trkpt>
      <trkpt lat="41.486755" lon="-81.74600666666667"><ele>159.799</ele><time>2026-09-11T20:33:44Z</time></trkpt>
      <trkpt lat="41.48675333333333" lon="-81.74600666666667"><ele>159.799</ele><time>2026-09-11T20:33:45Z</time></trkpt>
      <trkpt lat="41.48675333333333" lon="-81.74600666666667"><ele>159.799</ele><time>2026-09-11T20:33:46Z</time></trkpt>
      <trkpt lat="41.48675333333333" lon="-81.74600833333334"><ele>158.399</ele><time>2026-09-11T20:33:47Z</time></trkpt>
      <trkpt lat="41.48675" lon="-81.74600666666667"><ele>158.499</ele><time>2026-09-11T20:33:48Z</time></trkpt>
      <trkpt lat="41.48675" lon="-81.74600666666667"><ele>158.099</ele><time>2026-09-11T20:33:49Z</time></trkpt>
      <trkpt lat="41.48675" lon="-81.74600166666667"><ele>158.1</ele><time>2026-09-11T20:33:50Z</time></trkpt>
      <trkpt lat="41.48674833333333" lon="-81.74599666666667"><ele>158.1</ele><time>2026-09-11T20:33:51Z</time></trkpt>
      <trkpt lat="41.48674833333333" lon="-81.745995"><ele>158.1</ele><time>2026-09-11T20:33:52Z</time></trkpt>
      <trkpt lat="41.48674833333333" lon="-81.74599333333333"><ele>158.1</ele><time>2026-09-11T20:33:53Z</time></trkpt>
      <trkpt lat="41.48674833333333" lon="-81.74599166666667"><ele>158.1</ele><time>2026-09-11T20:33:54Z</time></trkpt>
      <trkpt lat="41.48674666666667" lon="-81.74599"><ele>158.1</ele><time>2026-09-11T20:33:55Z</time></trkpt>
      <trkpt lat="41.48674666666667" lon="-81.74599"><ele>158.1</ele><time>2026-09-11T20:33:56Z</time></trkpt>
      <trkpt lat="41.48674833333333" lon="-81.74598833333333"><ele>158.1</ele><time>2026-09-11T20:33:57Z</time></trkpt>
      <trkpt lat="41.48674666666667" lon="-81.74598833333333"><ele>159.4</ele><time>2026-09-11T20:33:58Z</time></trkpt>
      <trkpt lat="41.48674666666667" lon="-81.74599"><ele>159.4</ele><time>2026-09-11T20:33:59Z</time></trkpt>
      <trkpt lat="41.48674333333334" lon="-81.74599166666667"><ele>159.4</ele><time>2026-09-11T20:34:00Z</time></trkpt>
      <trkpt lat="41.48674" lon="-81.74599333333333"><ele>159.6</ele><time>2026-09-11T20:34:01Z</time></trkpt>
      <trkpt lat="41.48674" lon="-81.74599333333333"><ele>159.6</ele><time>2026-09-11T20:34:02Z</time></trkpt>
      <trkpt lat="41.48673333333333" lon="-81.74599333333333"><ele>158.1</ele><time>2026-09-11T20:34:03Z</time></trkpt>
      <trkpt lat="41.48672833333333" lon="-81.745995"><ele>158.1</ele><time>2026-09-11T20:34:04Z</time></trkpt>
      <trkpt lat="41.486725" lon="-81.745995"><ele>158.299</ele><time>2026-09-11T20:34:05Z</time></trkpt>
      <trkpt lat="41.48672166666667" lon="-81.74599666666667"><ele>158.1</ele><time>2026-09-11T20:34:06Z</time></trkpt>
      <trkpt lat="41.486718333333336" lon="-81.746"><ele>158.1</ele><time>2026-09-11T20:34:07Z</time></trkpt>
      <trkpt lat="41.486716666666666" lon="-81.746"><ele>158.3</ele><time>2026-09-11T20:34:08Z</time></trkpt>
      <trkpt lat="41.486715" lon="-81.746"><ele>158.7</ele><time>2026-09-11T20:34:09Z</time></trkpt>
      <trkpt lat="41.486715" lon="-81.74600166666667"><ele>159.2</ele><time>2026-09-11T20:34:10Z</time></trkpt>
      <trkpt lat="41.486715" lon="-81.74600166666667"><ele>159.2</ele><time>2026-09-11T20:34:11Z</time></trkpt>
      <trkpt lat="41.486713333333334" lon="-81.746005"><ele>160.5</ele><time>2026-09-11T20:34:12Z</time></trkpt>
      <trkpt lat="41.486713333333334" lon="-81.746005"><ele>160.5</ele><time>2026-09-11T20:34:13Z</time></trkpt>
      <trkpt lat="41.486713333333334" lon="-81.74600666666667"><ele>160.5</ele><time>2026-09-11T20:34:14Z</time></trkpt>
      <trkpt lat="41.486715" lon="-81.74601"><ele>160.5</ele><time>2026-09-11T20:34:15Z</time></trkpt>
      <trkpt lat="41.486716666666666" lon="-81.74601166666666"><ele>160.5</ele><time>2026-09-11T20:34:16Z</time></trkpt>
      <trkpt lat="41.486716666666666" lon="-81.74601333333334"><ele>163.3</ele><time>2026-09-11T20:34:17Z</time></trkpt>
      <trkpt lat="41.486718333333336" lon="-81.746015"><ele>158.4</ele><time>2026-09-11T20:34:18Z</time></trkpt>
      <trkpt lat="41.48672" lon="-81.74601833333334"><ele>158.4</ele><time>2026-09-11T20:34:19Z</time></trkpt>
      <trkpt lat="41.48672166666667" lon="-81.74602"><ele>158.4</ele><time>2026-09-11T20:34:20Z</time></trkpt>
      <trkpt lat="41.48672333333333" lon="-81.746025"><ele>158.5</ele><time>2026-09-11T20:34:21Z</time></trkpt>
      <trkpt lat="41.48672333333333" lon="-81.74603"><ele>158.5</ele><time>2026-09-11T20:34:22Z</time></trkpt>
      <trkpt lat="41.486725" lon="-81.74603333333333"><ele>159.2</ele><time>2026-09-11T20:34:23Z</time></trkpt>
      <trkpt lat="41.486725" lon="-81.74603666666667"><ele>158.5</ele><time>2026-09-11T20:34:24Z</time></trkpt>
      <trkpt lat="41.48672666666667" lon="-81.74603833333333"><ele>158.9</ele><time>2026-09-11T20:34:25Z</time></trkpt>
      <trkpt lat="41.48672666666667" lon="-81.74604166666667"><ele>158.4</ele><time>2026-09-11T20:34:26Z</time></trkpt>
      <trkpt lat="41.48672833333333" lon="-81.74604333333333"><ele>158.1</ele><time>2026-09-11T20:34:27Z</time></trkpt>
      <trkpt lat="41.48672833333333" lon="-81.74604333333333"><ele>158.299</ele><time>2026-09-11T20:34:28Z</time></trkpt>
      <trkpt lat="41.48672833333333" lon="-81.74604333333333"><ele>158.299</ele><time>2026-09-11T20:34:29Z</time></trkpt>
      <trkpt lat="41.48673" lon="-81.74604333333333"><ele>158.999</ele><time>2026-09-11T20:34:30Z</time></trkpt>
      <trkpt lat="41.486731666666664" lon="-81.746045"><ele>158.399</ele><time>2026-09-11T20:34:31Z</time></trkpt>
      <trkpt lat="41.486731666666664" lon="-81.74604166666667"><ele>158.299</ele><time>2026-09-11T20:34:32Z</time></trkpt>
      <trkpt lat="41.48673333333333" lon="-81.74604166666667"><ele>158.299</ele><time>2026-09-11T20:34:33Z</time></trkpt>
      <trkpt lat="41.486735" lon="-81.74603666666667"><ele>158.7</ele><time>2026-09-11T20:34:34Z</time></trkpt>
      <trkpt lat="41.486735" lon="-81.74603333333333"><ele>158.7</ele><time>2026-09-11T20:34:35Z</time></trkpt>
      <trkpt lat="41.486735" lon="-81.74603"><ele>158.7</ele><time>2026-09-11T20:34:36Z</time></trkpt>
      <trkpt lat="41.486736666666665" lon="-81.74602666666667"><ele>158.7</ele><time>2026-09-11T20:34:37Z</time></trkpt>
      <trkpt lat="41.486736666666665" lon="-81.746025"><ele>158.7</ele><time>2026-09-11T20:34:38Z</time></trkpt>
      <trkpt lat="41.486736666666665" lon="-81.74602333333333"><ele>159.299</ele><time>2026-09-11T20:34:39Z</time></trkpt>
      <trkpt lat="41.486738333333335" lon="-81.74602166666666"><ele>159.6</ele><time>2026-09-11T20:34:40Z</time></trkpt>
      <trkpt lat="41.48674" lon="-81.74602"><ele>160.5</ele><time>2026-09-11T20:34:41Z</time></trkpt>
      <trkpt lat="41.48674166666667" lon="-81.74601833333334"><ele>159</ele><time>2026-09-11T20:34:42Z</time></trkpt>
      <trkpt lat="41.486745" lon="-81.746015"><ele>159</ele><time>2026-09-11T20:34:43Z</time></trkpt>
      <trkpt lat="41.48674666666667" lon="-81.74601333333334"><ele>159</ele><time>2026-09-11T20:34:44Z</time></trkpt>
      <trkpt lat="41.48674833333333" lon="-81.74601333333334"><ele>159</ele><time>2026-09-11T20:34:45Z</time></trkpt>
      <trkpt lat="41.48675" lon="-81.74601333333334"><ele>158.2</ele><time>2026-09-11T20:34:46Z</time></trkpt>
      <trkpt lat="41.48675166666666" lon="-81.74601333333334"><ele>158.2</ele><time>2026-09-11T20:34:47Z</time></trkpt>
      <trkpt lat="41.48675333333333" lon="-81.74601"><ele>159</ele><time>2026-09-11T20:34:48Z</time></trkpt>
      <trkpt lat="41.486755" lon="-81.74601"><ele>158.3</ele><time>2026-09-11T20:34:49Z</time></trkpt>
      <trkpt lat="41.486755" lon="-81.74601"><ele>158.1</ele><time>2026-09-11T20:34:50Z</time></trkpt>
      <trkpt lat="41.486755" lon="-81.74600833333334"><ele>158.1</ele><time>2026-09-11T20:34:51Z</time></trkpt>
      <trkpt lat="41.486755" lon="-81.74600833333334"><ele>158.1</ele><time>2026-09-11T20:34:52Z</time></trkpt>
      <trkpt lat="41.486758333333334" lon="-81.74600666666667"><ele>157.6</ele><time>2026-09-11T20:34:53Z</time></trkpt>
      <trkpt lat="41.486758333333334" lon="-81.74600666666667"><ele>158.1</ele><time>2026-09-11T20:34:54Z</time></trkpt>
      <trkpt lat="41.486758333333334" lon="-81.746005"><ele>156.9</ele><time>2026-09-11T20:34:55Z</time></trkpt>
      <trkpt lat="41.486758333333334" lon="-81.746005"><ele>156.7</ele><time>2026-09-11T20:34:56Z</time></trkpt>
      <trkpt lat="41.48676" lon="-81.746005"><ele>156.7</ele><time>2026-09-11T20:34:57Z</time></trkpt>
      <trkpt lat="41.486761666666666" lon="-81.74600666666667"><ele>157.5</ele><time>2026-09-11T20:34:58Z</time></trkpt>
      <trkpt lat="41.486763333333336" lon="-81.74601"><ele>157.5</ele><time>2026-09-11T20:34:59Z</time></trkpt>
      <trkpt lat="41.486761666666666" lon="-81.74601333333334"><ele>157.5</ele><time>2026-09-11T20:35:00Z</time></trkpt>
      <trkpt lat="41.486763333333336" lon="-81.746015"><ele>157.5</ele><time>2026-09-11T20:35:01Z</time></trkpt>
      <trkpt lat="41.486763333333336" lon="-81.74601833333334"><ele>157.5</ele><time>2026-09-11T20:35:02Z</time></trkpt>
      <trkpt lat="41.486763333333336" lon="-81.74601833333334"><ele>158</ele><time>2026-09-11T20:35:03Z</time></trkpt>
      <trkpt lat="41.486765" lon="-81.74601833333334"><ele>158</ele><time>2026-09-11T20:35:04Z</time></trkpt>
      <trkpt lat="41.486765" lon="-81.74601833333334"><ele>158.1</ele><time>2026-09-11T20:35:05Z</time></trkpt>
      <trkpt lat="41.486761666666666" lon="-81.74601333333334"><ele>158.5</ele><time>2026-09-11T20:35:06Z</time></trkpt>
      <trkpt lat="41.48676" lon="-81.74601333333334"><ele>159.7</ele><time>2026-09-11T20:35:07Z</time></trkpt>
      <trkpt lat="41.486758333333334" lon="-81.74601"><ele>158.799</ele><time>2026-09-11T20:35:08Z</time></trkpt>
      <trkpt lat="41.486755" lon="-81.74600833333334"><ele>158.8</ele><time>2026-09-11T20:35:09Z</time></trkpt>
      <trkpt lat="41.486755" lon="-81.74600833333334"><ele>158.8</ele><time>2026-09-11T20:35:10Z</time></trkpt>
      <trkpt lat="41.48674666666667" lon="-81.746005"><ele>158.8</ele><time>2026-09-11T20:35:11Z</time></trkpt>
      <trkpt lat="41.48674166666667" lon="-81.746005"><ele>160.4</ele><time>2026-09-11T20:35:12Z</time></trkpt>
      <trkpt lat="41.48674" lon="-81.746005"><ele>159</ele><time>2026-09-11T20:35:13Z</time></trkpt>
      <trkpt lat="41.486738333333335" lon="-81.74600666666667"><ele>158.9</ele><time>2026-09-11T20:35:14Z</time></trkpt>
      <trkpt lat="41.486736666666665" lon="-81.74600666666667"><ele>159.3</ele><time>2026-09-11T20:35:15Z</time></trkpt>
      <trkpt lat="41.486736666666665" lon="-81.74600666666667"><ele>159.5</ele><time>2026-09-11T20:35:16Z</time></trkpt>
      <trkpt lat="41.486736666666665" lon="-81.74600666666667"><ele>159.5</ele><time>2026-09-11T20:35:17Z</time></trkpt>
      <trkpt lat="41.486736666666665" lon="-81.74600666666667"><ele>159.5</ele><time>2026-09-11T20:35:18Z</time></trkpt>
      <trkpt lat="41.486736666666665" lon="-81.74600666666667"><ele>159.2</ele><time>2026-09-11T20:35:19Z</time></trkpt>
      <trkpt lat="41.486736666666665" lon="-81.746005"><ele>159.2</ele><time>2026-09-11T20:35:20Z</time></trkpt>
      <trkpt lat="41.486736666666665" lon="-81.746005"><ele>159.1</ele><time>2026-09-11T20:35:21Z</time></trkpt>
      <trkpt lat="41.486736666666665" lon="-81.746005"><ele>159.799</ele><time>2026-09-11T20:35:22Z</time></trkpt>
      <trkpt lat="41.486736666666665" lon="-81.74600666666667"><ele>158.6</ele><time>2026-09-11T20:35:23Z</time></trkpt>
      <trkpt lat="41.486736666666665" lon="-81.74600666666667"><ele>159.1</ele><time>2026-09-11T20:35:24Z</time></trkpt>
      <trkpt lat="41.486736666666665" lon="-81.74600833333334"><ele>159.1</ele><time>2026-09-11T20:35:25Z</time></trkpt>
      <trkpt lat="41.486735" lon="-81.74601"><ele>158.799</ele><time>2026-09-11T20:35:26Z</time></trkpt>
      <trkpt lat="41.486735" lon="-81.74601"><ele>158.799</ele><time>2026-09-11T20:35:27Z</time></trkpt>
      <trkpt lat="41.48673333333333" lon="-81.74601"><ele>158.399</ele><time>2026-09-11T20:35:28Z</time></trkpt>
      <trkpt lat="41.486731666666664" lon="-81.74601333333334"><ele>158.799</ele><time>2026-09-11T20:35:29Z</time></trkpt>
      <trkpt lat="41.486731666666664" lon="-81.746015"><ele>158.299</ele><time>2026-09-11T20:35:30Z</time></trkpt>
      <trkpt lat="41.486731666666664" lon="-81.74601666666666"><ele>158.299</ele><time>2026-09-11T20:35:31Z</time></trkpt>
      <trkpt lat="41.486731666666664" lon="-81.74601666666666"><ele>158.899</ele><time>2026-09-11T20:35:32Z</time></trkpt>
      <trkpt lat="41.486731666666664" lon="-81.746015"><ele>158.799</ele><time>2026-09-11T20:35:33Z</time></trkpt>
      <trkpt lat="41.486731666666664" lon="-81.746015"><ele>159</ele><time>2026-09-11T20:35:34Z</time></trkpt>
      <trkpt lat="41.486731666666664" lon="-81.74601333333334"><ele>158.1</ele><time>2026-09-11T20:35:35Z</time></trkpt>
      <trkpt lat="41.486731666666664" lon="-81.74601"><ele>158.299</ele><time>2026-09-11T20:35:36Z</time></trkpt>
      <trkpt lat="41.48672833333333" lon="-81.74601"><ele>158.1</ele><time>2026-09-11T20:35:37Z</time></trkpt>
      <trkpt lat="41.48673" lon="-81.74600833333334"><ele>158.5</ele><time>2026-09-11T20:35:38Z</time></trkpt>
      <trkpt lat="41.48673" lon="-81.74600666666667"><ele>158.8</ele><time>2026-09-11T20:35:39Z</time></trkpt>
      <trkpt lat="41.48673" lon="-81.74600666666667"><ele>158.8</ele><time>2026-09-11T20:35:40Z</time></trkpt>
      <trkpt lat="41.48672833333333" lon="-81.74600666666667"><ele>158.8</ele><time>2026-09-11T20:35:41Z</time></trkpt>
      <trkpt lat="41.48672833333333" lon="-81.746005"><ele>158.8</ele><time>2026-09-11T20:35:42Z</time></trkpt>
      <trkpt lat="41.48672833333333" lon="-81.746005"><ele>159</ele><time>2026-09-11T20:35:43Z</time></trkpt>
      <trkpt lat="41.48672833333333" lon="-81.746005"><ele>159.3</ele><time>2026-09-11T20:35:44Z</time></trkpt>
      <trkpt lat="41.48672833333333" lon="-81.746005"><ele>160</ele><time>2026-09-11T20:35:45Z</time></trkpt>
      <trkpt lat="41.486735" lon="-81.746005"><ele>160.7</ele><time>2026-09-11T20:35:46Z</time></trkpt>
      <trkpt lat="41.48674" lon="-81.74600666666667"><ele>163.7</ele><time>2026-09-11T20:35:47Z</time></trkpt>
      <trkpt lat="41.48674166666667" lon="-81.74601"><ele>163.7</ele><time>2026-09-11T20:35:48Z</time></trkpt>
      <trkpt lat="41.48674166666667" lon="-81.74601333333334"><ele>163.7</ele><time>2026-09-11T20:35:49Z</time></trkpt>
      <trkpt lat="41.48674166666667" lon="-81.74601166666666"><ele>163.7</ele><time>2026-09-11T20:35:50Z</time></trkpt>
      <trkpt lat="41.48674333333334" lon="-81.74601333333334"><ele>163.7</ele><time>2026-09-11T20:35:51Z</time></trkpt>
      <trkpt lat="41.48674333333334" lon="-81.74601333333334"><ele>159.7</ele><time>2026-09-11T20:35:52Z</time></trkpt>
      <trkpt lat="41.48674333333334" lon="-81.74601166666666"><ele>160.6</ele><time>2026-09-11T20:35:53Z</time></trkpt>
      <trkpt lat="41.48674333333334" lon="-81.74601"><ele>163.7</ele><time>2026-09-11T20:35:54Z</time></trkpt>
      <trkpt lat="41.486745" lon="-81.74601"><ele>160</ele><time>2026-09-11T20:35:55Z</time></trkpt>
      <trkpt lat="41.486745" lon="-81.74601"><ele>159.8</ele><time>2026-09-11T20:35:56Z</time></trkpt>
      <trkpt lat="41.486745" lon="-81.74600666666667"><ele>159.3</ele><time>2026-09-11T20:35:57Z</time></trkpt>
      <trkpt lat="41.486745" lon="-81.74600666666667"><ele>159.8</ele><time>2026-09-11T20:35:58Z</time></trkpt>
      <trkpt lat="41.486745" lon="-81.74600666666667"><ele>159.9</ele><time>2026-09-11T20:35:59Z</time></trkpt>
      <trkpt lat="41.486745" lon="-81.746005"><ele>160</ele><time>2026-09-11T20:36:00Z</time></trkpt>
      <trkpt lat="41.486745" lon="-81.74600666666667"><ele>159.9</ele><time>2026-09-11T20:36:01Z</time></trkpt>
      <trkpt lat="41.486745" lon="-81.746005"><ele>159.5</ele><time>2026-09-11T20:36:02Z</time></trkpt>
      <trkpt lat="41.48674333333334" lon="-81.746005"><ele>158.9</ele><time>2026-09-11T20:36:03Z</time></trkpt>
      <trkpt lat="41.48674166666667" lon="-81.74600333333333"><ele>158.3</ele><time>2026-09-11T20:36:04Z</time></trkpt>
      <trkpt lat="41.48674" lon="-81.74600333333333"><ele>158.4</ele><time>2026-09-11T20:36:05Z</time></trkpt>
      <trkpt lat="41.486738333333335" lon="-81.74600166666667"><ele>158.5</ele><time>2026-09-11T20:36:06Z</time></trkpt>
      <trkpt lat="41.486736666666665" lon="-81.74600166666667"><ele>158.5</ele><time>2026-09-11T20:36:07Z</time></trkpt>
      <trkpt lat="41.486736666666665" lon="-81.746"><ele>158.6</ele><time>2026-09-11T20:36:08Z</time></trkpt>
      <trkpt lat="41.486736666666665" lon="-81.74599833333333"><ele>159</ele><time>2026-09-11T20:36:09Z</time></trkpt>
      <trkpt lat="41.486736666666665" lon="-81.74599833333333"><ele>159.5</ele><time>2026-09-11T20:36:10Z</time></trkpt>
      <trkpt lat="41.486738333333335" lon="-81.74599833333333"><ele>159.4</ele><time>2026-09-11T20:36:11Z</time></trkpt>
      <trkpt lat="41.48674" lon="-81.746"><ele>159.3</ele><time>2026-09-11T20:36:12Z</time></trkpt>
      <trkpt lat="41.48674166666667" lon="-81.746"><ele>160.1</ele><time>2026-09-11T20:36:13Z</time></trkpt>
      <trkpt lat="41.486745" lon="-81.746005"><ele>160.1</ele><time>2026-09-11T20:36:14Z</time></trkpt>
      <trkpt lat="41.48674666666667" lon="-81.74600833333334"><ele>160.1</ele><time>2026-09-11T20:36:15Z</time></trkpt>
      <trkpt lat="41.48674833333333" lon="-81.74601"><ele>160.1</ele><time>2026-09-11T20:36:16Z</time></trkpt>
      <trkpt lat="41.48675" lon="-81.74601"><ele>158.3</ele><time>2026-09-11T20:36:17Z</time></trkpt>
      <trkpt lat="41.48675166666666" lon="-81.74601166666666"><ele>158.3</ele><time>2026-09-11T20:36:18Z</time></trkpt>
      <trkpt lat="41.48675333333333" lon="-81.74601333333334"><ele>158.3</ele><time>2026-09-11T20:36:19Z</time></trkpt>
      <trkpt lat="41.486755" lon="-81.74601333333334"><ele>159.4</ele><time>2026-09-11T20:36:20Z</time></trkpt>
      <trkpt lat="41.486758333333334" lon="-81.74601333333334"><ele>158.1</ele><time>2026-09-11T20:36:21Z</time></trkpt>
      <trkpt lat="41.486758333333334" lon="-81.74601333333334"><ele>158.1</ele><time>2026-09-11T20:36:22Z</time></trkpt>
      <trkpt lat="41.486758333333334" lon="-81.74601333333334"><ele>158.1</ele><time>2026-09-11T20:36:23Z</time></trkpt>
      <trkpt lat="41.486758333333334" lon="-81.74601"><ele>159.6</ele><time>2026-09-11T20:36:24Z</time></trkpt>
      <trkpt lat="41.486758333333334" lon="-81.74600666666667"><ele>160</ele><time>2026-09-11T20:36:25Z</time></trkpt>
      <trkpt lat="41.486758333333334" lon="-81.746005"><ele>160</ele><time>2026-09-11T20:36:26Z</time></trkpt>
      <trkpt lat="41.486758333333334" lon="-81.74600333333333"><ele>160.4</ele><time>2026-09-11T20:36:27Z</time></trkpt>
      <trkpt lat="41.48676" lon="-81.74600166666667"><ele>160.1</ele><time>2026-09-11T20:36:28Z</time></trkpt>
      <trkpt lat="41.48676" lon="-81.746"><ele>160.1</ele><time>2026-09-11T20:36:29Z</time></trkpt>
      <trkpt lat="41.48676" lon="-81.745995"><ele>160.1</ele><time>2026-09-11T20:36:30Z</time></trkpt>
      <trkpt lat="41.48676" lon="-81.745995"><ele>160.5</ele><time>2026-09-11T20:36:31Z</time></trkpt>
      <trkpt lat="41.48676" lon="-81.74599"><ele>159.3</ele><time>2026-09-11T20:36:32Z</time></trkpt>
      <trkpt lat="41.486758333333334" lon="-81.74598666666667"><ele>159.3</ele><time>2026-09-11T20:36:33Z</time></trkpt>
      <trkpt lat="41.486756666666665" lon="-81.745985"><ele>159.5</ele><time>2026-09-11T20:36:34Z</time></trkpt>
      <trkpt lat="41.486755" lon="-81.74598166666667"><ele>159.5</ele><time>2026-09-11T20:36:35Z</time></trkpt>
      <trkpt lat="41.48675333333333" lon="-81.74598"><ele>159.7</ele><time>2026-09-11T20:36:36Z</time></trkpt>
      <trkpt lat="41.48675333333333" lon="-81.74597666666666"><ele>159.5</ele><time>2026-09-11T20:36:37Z</time></trkpt>
      <trkpt lat="41.48675" lon="-81.745975"><ele>159.5</ele><time>2026-09-11T20:36:38Z</time></trkpt>
      <trkpt lat="41.48675" lon="-81.74597333333334"><ele>159.3</ele><time>2026-09-11T20:36:39Z</time></trkpt>
      <trkpt lat="41.48674833333333" lon="-81.74597166666666"><ele>160.3</ele><time>2026-09-11T20:36:40Z</time></trkpt>
      <trkpt lat="41.48674666666667" lon="-81.74597166666666"><ele>160.3</ele><time>2026-09-11T20:36:41Z</time></trkpt>
      <trkpt lat="41.48674666666667" lon="-81.74597166666666"><ele>160.3</ele><time>2026-09-11T20:36:42Z</time></trkpt>
      <trkpt lat="41.48674666666667" lon="-81.74596833333334"><ele>160.3</ele><time>2026-09-11T20:36:43Z</time></trkpt>
      <trkpt lat="41.48674666666667" lon="-81.74596833333334"><ele>160.3</ele><time>2026-09-11T20:36:44Z</time></trkpt>
      <trkpt lat="41.48674666666667" lon="-81.745965"><ele>160.2</ele><time>2026-09-11T20:36:45Z</time></trkpt>
      <trkpt lat="41.48674833333333" lon="-81.74596666666666"><ele>160.2</ele><time>2026-09-11T20:36:46Z</time></trkpt>
      <trkpt lat="41.48674833333333" lon="-81.74596666666666"><ele>159.799</ele><time>2026-09-11T20:36:47Z</time></trkpt>
      <trkpt lat="41.48675" lon="-81.74596833333334"><ele>158.399</ele><time>2026-09-11T20:36:48Z</time></trkpt>
      <trkpt lat="41.48675166666666" lon="-81.74596833333334"><ele>158.399</ele><time>2026-09-11T20:36:49Z</time></trkpt>
      <trkpt lat="41.48675333333333" lon="-81.74596666666666"><ele>159.399</ele><time>2026-09-11T20:36:50Z</time></trkpt>
      <trkpt lat="41.48675333333333" lon="-81.74596666666666"><ele>159.499</ele><time>2026-09-11T20:36:51Z</time></trkpt>
      <trkpt lat="41.48675333333333" lon="-81.745965"><ele>158.999</ele><time>2026-09-11T20:36:52Z</time></trkpt>
      <trkpt lat="41.486755" lon="-81.745965"><ele>159.099</ele><time>2026-09-11T20:36:53Z</time></trkpt>
      <trkpt lat="41.486756666666665" lon="-81.74596833333334"><ele>159.1</ele><time>2026-09-11T20:36:54Z</time></trkpt>
      <trkpt lat="41.486758333333334" lon="-81.74596666666666"><ele>159.1</ele><time>2026-09-11T20:36:55Z</time></trkpt>
      <trkpt lat="41.48676" lon="-81.74597"><ele>158.299</ele><time>2026-09-11T20:36:56Z</time></trkpt>
      <trkpt lat="41.486761666666666" lon="-81.74597333333334"><ele>159.499</ele><time>2026-09-11T20:36:57Z</time></trkpt>
      <trkpt lat="41.486761666666666" lon="-81.74597666666666"><ele>158.299</ele><time>2026-09-11T20:36:58Z</time></trkpt>
      <trkpt lat="41.486763333333336" lon="-81.74597833333333"><ele>158.399</ele><time>2026-09-11T20:36:59Z</time></trkpt>
      <trkpt lat="41.486765" lon="-81.74598166666667"><ele>159.499</ele><time>2026-09-11T20:37:00Z</time></trkpt>
      <trkpt lat="41.486765" lon="-81.74598333333333"><ele>159.399</ele><time>2026-09-11T20:37:01Z</time></trkpt>
      <trkpt lat="41.486765" lon="-81.74598666666667"><ele>159.7</ele><time>2026-09-11T20:37:02Z</time></trkpt>
      <trkpt lat="41.486765" lon="-81.74598666666667"><ele>159.7</ele><time>2026-09-11T20:37:03Z</time></trkpt>
      <trkpt lat="41.48676666666667" lon="-81.74598833333333"><ele>159.7</ele><time>2026-09-11T20:37:04Z</time></trkpt>
      <trkpt lat="41.486765" lon="-81.74599"><ele>159.7</ele><time>2026-09-11T20:37:05Z</time></trkpt>
      <trkpt lat="41.486765" lon="-81.74599"><ele>159.299</ele><time>2026-09-11T20:37:06Z</time></trkpt>
      <trkpt lat="41.486765" lon="-81.74599"><ele>159.299</ele><time>2026-09-11T20:37:07Z</time></trkpt>
      <trkpt lat="41.486765" lon="-81.74599"><ele>159.2</ele><time>2026-09-11T20:37:08Z</time></trkpt>
      <trkpt lat="41.486765" lon="-81.74599"><ele>159.2</ele><time>2026-09-11T20:37:09Z</time></trkpt>
      <trkpt lat="41.48676666666667" lon="-81.74599166666667"><ele>159.7</ele><time>2026-09-11T20:37:10Z</time></trkpt>
      <trkpt lat="41.48676666666667" lon="-81.74599166666667"><ele>159.299</ele><time>2026-09-11T20:37:11Z</time></trkpt>
      <trkpt lat="41.486765" lon="-81.74599166666667"><ele>159.7</ele><time>2026-09-11T20:37:12Z</time></trkpt>
      <trkpt lat="41.48676666666667" lon="-81.74599333333333"><ele>158.299</ele><time>2026-09-11T20:37:13Z</time></trkpt>
      <trkpt lat="41.48676666666667" lon="-81.745995"><ele>159.7</ele><time>2026-09-11T20:37:14Z</time></trkpt>
      <trkpt lat="41.486763333333336" lon="-81.74599666666667"><ele>159.7</ele><time>2026-09-11T20:37:15Z</time></trkpt>
      <trkpt lat="41.48676" lon="-81.746"><ele>159.799</ele><time>2026-09-11T20:37:16Z</time></trkpt>
      <trkpt lat="41.486758333333334" lon="-81.74600166666667"><ele>160.2</ele><time>2026-09-11T20:37:17Z</time></trkpt>
      <trkpt lat="41.486755" lon="-81.74600333333333"><ele>159.7</ele><time>2026-09-11T20:37:18Z</time></trkpt>
      <trkpt lat="41.48675333333333" lon="-81.746005"><ele>160.4</ele><time>2026-09-11T20:37:19Z</time></trkpt>
      <trkpt lat="41.48675" lon="-81.74600666666667"><ele>159.9</ele><time>2026-09-11T20:37:20Z</time></trkpt>
      <trkpt lat="41.48674833333333" lon="-81.74601"><ele>160.5</ele><time>2026-09-11T20:37:21Z</time></trkpt>
      <trkpt lat="41.48674666666667" lon="-81.74601166666666"><ele>159.8</ele><time>2026-09-11T20:37:22Z</time></trkpt>
      <trkpt lat="41.486745" lon="-81.746015"><ele>159.7</ele><time>2026-09-11T20:37:23Z</time></trkpt>
      <trkpt lat="41.486745" lon="-81.74601666666666"><ele>159.5</ele><time>2026-09-11T20:37:24Z</time></trkpt>
      <trkpt lat="41.486745" lon="-81.74602"><ele>159.6</ele><time>2026-09-11T20:37:25Z</time></trkpt>
      <trkpt lat="41.486745" lon="-81.74602166666666"><ele>159.6</ele><time>2026-09-11T20:37:26Z</time></trkpt>
      <trkpt lat="41.486745" lon="-81.74602333333333"><ele>159.6</ele><time>2026-09-11T20:37:27Z</time></trkpt>
      <trkpt lat="41.48674333333334" lon="-81.74602666666667"><ele>159.5</ele><time>2026-09-11T20:37:28Z</time></trkpt>
      <trkpt lat="41.48674333333334" lon="-81.74602833333333"><ele>158.8</ele><time>2026-09-11T20:37:29Z</time></trkpt>
      <trkpt lat="41.48674333333334" lon="-81.74602666666667"><ele>159.3</ele><time>2026-09-11T20:37:30Z</time></trkpt>
      <trkpt lat="41.48674333333334" lon="-81.74602833333333"><ele>159.4</ele><time>2026-09-11T20:37:31Z</time></trkpt>
      <trkpt lat="41.48674333333334" lon="-81.74602833333333"><ele>158.2</ele><time>2026-09-11T20:37:32Z</time></trkpt>
      <trkpt lat="41.48674166666667" lon="-81.74602833333333"><ele>159.5</ele><time>2026-09-11T20:37:33Z</time></trkpt>
      <trkpt lat="41.486738333333335" lon="-81.74602833333333"><ele>159.6</ele><time>2026-09-11T20:37:34Z</time></trkpt>
      <trkpt lat="41.48673333333333" lon="-81.74602833333333"><ele>159.9</ele><time>2026-09-11T20:37:35Z</time></trkpt>
      <trkpt lat="41.48672666666667" lon="-81.74603166666667"><ele>159.8</ele><time>2026-09-11T20:37:36Z</time></trkpt>
      <trkpt lat="41.486718333333336" lon="-81.74603333333333"><ele>159.9</ele><time>2026-09-11T20:37:37Z</time></trkpt>
      <trkpt lat="41.48670833333333" lon="-81.74603666666667"><ele>160</ele><time>2026-09-11T20:37:38Z</time></trkpt>
      <trkpt lat="41.48670333333333" lon="-81.74603833333333"><ele>159.6</ele><time>2026-09-11T20:37:39Z</time></trkpt>
      <trkpt lat="41.48669833333334" lon="-81.74604"><ele>160</ele><time>2026-09-11T20:37:40Z</time></trkpt>
      <trkpt lat="41.48669666666667" lon="-81.74604166666667"><ele>160</ele><time>2026-09-11T20:37:41Z</time></trkpt>
      <trkpt lat="41.486695" lon="-81.74604333333333"><ele>158.6</ele><time>2026-09-11T20:37:42Z</time></trkpt>
      <trkpt lat="41.486695" lon="-81.74604666666667"><ele>158.799</ele><time>2026-09-11T20:37:43Z</time></trkpt>
      <trkpt lat="41.486695" lon="-81.74605166666667"><ele>159.1</ele><time>2026-09-11T20:37:44Z</time></trkpt>
      <trkpt lat="41.48669666666667" lon="-81.746055"><ele>159.2</ele><time>2026-09-11T20:37:45Z</time></trkpt>
      <trkpt lat="41.486695" lon="-81.74606"><ele>160.799</ele><time>2026-09-11T20:37:46Z</time></trkpt>
      <trkpt lat="41.486695" lon="-81.746065"><ele>160.7</ele><time>2026-09-11T20:37:47Z</time></trkpt>
      <trkpt lat="41.486695" lon="-81.74606666666666"><ele>160.7</ele><time>2026-09-11T20:37:48Z</time></trkpt>
      <trkpt lat="41.486691666666665" lon="-81.74606833333333"><ele>160.7</ele><time>2026-09-11T20:37:49Z</time></trkpt>
      <trkpt lat="41.48668833333333" lon="-81.746065"><ele>163.499</ele><time>2026-09-11T20:37:50Z</time></trkpt>
      <trkpt lat="41.48668833333333" lon="-81.746065"><ele>163.5</ele><time>2026-09-11T20:37:51Z</time></trkpt>
      <trkpt lat="41.486686666666664" lon="-81.74606666666666"><ele>160.7</ele><time>2026-09-11T20:37:53Z</time></trkpt>
      <trkpt lat="41.486685" lon="-81.74607166666667"><ele>160.6</ele><time>2026-09-11T20:37:54Z</time></trkpt>
      <trkpt lat="41.486685" lon="-81.746075"><ele>160</ele><time>2026-09-11T20:37:55Z</time></trkpt>
      <trkpt lat="41.486685" lon="-81.74608"><ele>160.5</ele><time>2026-09-11T20:37:56Z</time></trkpt>
      <trkpt lat="41.48668333333333" lon="-81.74608333333333"><ele>160.8</ele><time>2026-09-11T20:37:57Z</time></trkpt>
      <trkpt lat="41.48668166666667" lon="-81.746085"><ele>163.7</ele><time>2026-09-11T20:37:58Z</time></trkpt>
      <trkpt lat="41.48668166666667" lon="-81.74609166666667"><ele>163.7</ele><time>2026-09-11T20:37:59Z</time></trkpt>
      <trkpt lat="41.48668166666667" lon="-81.74609833333334"><ele>163.7</ele><time>2026-09-11T20:38:00Z</time></trkpt>
      <trkpt lat="41.48668166666667" lon="-81.74610666666666"><ele>163.7</ele><time>2026-09-11T20:38:01Z</time></trkpt>
      <trkpt lat="41.48668166666667" lon="-81.74611333333333"><ele>163.7</ele><time>2026-09-11T20:38:02Z</time></trkpt>
      <trkpt lat="41.48668166666667" lon="-81.74611666666667"><ele>163.7</ele><time>2026-09-11T20:38:03Z</time></trkpt>
      <trkpt lat="41.486685" lon="-81.74612166666667"><ele>163.7</ele><time>2026-09-11T20:38:04Z</time></trkpt>
      <trkpt lat="41.486685" lon="-81.74612166666667"><ele>163.7</ele><time>2026-09-11T20:38:05Z</time></trkpt>
      <trkpt lat="41.48669" lon="-81.74613"><ele>163.7</ele><time>2026-09-11T20:38:06Z</time></trkpt>
      <trkpt lat="41.48669" lon="-81.74613"><ele>163.7</ele><time>2026-09-11T20:38:07Z</time></trkpt>
      <trkpt lat="41.486691666666665" lon="-81.746135"><ele>163.7</ele><time>2026-09-11T20:38:08Z</time></trkpt>
      <trkpt lat="41.486691666666665" lon="-81.74613666666667"><ele>160.299</ele><time>2026-09-11T20:38:09Z</time></trkpt>
      <trkpt lat="41.486693333333335" lon="-81.74614"><ele>160.1</ele><time>2026-09-11T20:38:10Z</time></trkpt>
      <trkpt lat="41.486695" lon="-81.74614333333334"><ele>160.2</ele><time>2026-09-11T20:38:11Z</time></trkpt>
      <trkpt lat="41.48669666666667" lon="-81.74614833333334"><ele>159.399</ele><time>2026-09-11T20:38:12Z</time></trkpt>
      <trkpt lat="41.48669833333334" lon="-81.74614833333334"><ele>159.399</ele><time>2026-09-11T20:38:13Z</time></trkpt>
      <trkpt lat="41.4867" lon="-81.74614833333334"><ele>158.999</ele><time>2026-09-11T20:38:14Z</time></trkpt>
      <trkpt lat="41.4867" lon="-81.74614833333334"><ele>158.699</ele><time>2026-09-11T20:38:15Z</time></trkpt>
      <trkpt lat="41.4867" lon="-81.74614833333334"><ele>158.899</ele><time>2026-09-11T20:38:16Z</time></trkpt>
      <trkpt lat="41.4867" lon="-81.74614833333334"><ele>158.5</ele><time>2026-09-11T20:38:17Z</time></trkpt>
      <trkpt lat="41.48669833333334" lon="-81.74614833333334"><ele>158.5</ele><time>2026-09-11T20:38:18Z</time></trkpt>
      <trkpt lat="41.48669833333334" lon="-81.74615"><ele>158.3</ele><time>2026-09-11T20:38:19Z</time></trkpt>
      <trkpt lat="41.48669833333334" lon="-81.74615"><ele>158.8</ele><time>2026-09-11T20:38:20Z</time></trkpt>
      <trkpt lat="41.48669666666667" lon="-81.74615833333333"><ele>158.8</ele><time>2026-09-11T20:38:22Z</time></trkpt>
      <trkpt lat="41.486695" lon="-81.74616166666667"><ele>158.7</ele><time>2026-09-11T20:38:23Z</time></trkpt>
      <trkpt lat="41.486693333333335" lon="-81.746165"><ele>158</ele><time>2026-09-11T20:38:24Z</time></trkpt>
      <trkpt lat="41.486691666666665" lon="-81.74616666666667"><ele>158</ele><time>2026-09-11T20:38:25Z</time></trkpt>
      <trkpt lat="41.486691666666665" lon="-81.74616833333333"><ele>158</ele><time>2026-09-11T20:38:26Z</time></trkpt>
      <trkpt lat="41.48669" lon="-81.74617166666667"><ele>159.3</ele><time>2026-09-11T20:38:27Z</time></trkpt>
      <trkpt lat="41.48668833333333" lon="-81.746175"><ele>159.7</ele><time>2026-09-11T20:38:28Z</time></trkpt>
      <trkpt lat="41.486686666666664" lon="-81.74617666666667"><ele>159.8</ele><time>2026-09-11T20:38:29Z</time></trkpt>
      <trkpt lat="41.486686666666664" lon="-81.74617666666667"><ele>159.8</ele><time>2026-09-11T20:38:30Z</time></trkpt>
      <trkpt lat="41.486685" lon="-81.74618"><ele>159.7</ele><time>2026-09-11T20:38:31Z</time></trkpt>
      <trkpt lat="41.486685" lon="-81.74618166666667"><ele>163.7</ele><time>2026-09-11T20:38:32Z</time></trkpt>
      <trkpt lat="41.486685" lon="-81.746185"><ele>163.7</ele><time>2026-09-11T20:38:33Z</time></trkpt>
      <trkpt lat="41.48668166666667" lon="-81.746185"><ele>163.7</ele><time>2026-09-11T20:38:35Z</time></trkpt>
      <trkpt lat="41.48668" lon="-81.746185"><ele>163.7</ele><time>2026-09-11T20:38:36Z</time></trkpt>
      <trkpt lat="41.48667833333333" lon="-81.74618666666667"><ele>163.7</ele><time>2026-09-11T20:38:37Z</time></trkpt>
      <trkpt lat="41.48667833333333" lon="-81.74619166666666"><ele>163.7</ele><time>2026-09-11T20:38:38Z</time></trkpt>
      <trkpt lat="41.48668" lon="-81.74619"><ele>163.7</ele><time>2026-09-11T20:38:39Z</time></trkpt>
      <trkpt lat="41.48668" lon="-81.74618833333334"><ele>163.7</ele><time>2026-09-11T20:38:40Z</time></trkpt>
      <trkpt lat="41.48668" lon="-81.74618333333333"><ele>160.6</ele><time>2026-09-11T20:38:41Z</time></trkpt>
      <trkpt lat="41.48668" lon="-81.746185"><ele>160.6</ele><time>2026-09-11T20:38:42Z</time></trkpt>
      <trkpt lat="41.48668" lon="-81.74618333333333"><ele>159.2</ele><time>2026-09-11T20:38:43Z</time></trkpt>
      <trkpt lat="41.48668166666667" lon="-81.74618333333333"><ele>158.799</ele><time>2026-09-11T20:38:44Z</time></trkpt>
      <trkpt lat="41.48668" lon="-81.746185"><ele>158.499</ele><time>2026-09-11T20:38:45Z</time></trkpt>
      <trkpt lat="41.48667833333333" lon="-81.74618833333334"><ele>158.599</ele><time>2026-09-11T20:38:46Z</time></trkpt>
      <trkpt lat="41.486675" lon="-81.74619333333334"><ele>157.999</ele><time>2026-09-11T20:38:47Z</time></trkpt>
      <trkpt lat="41.486673333333336" lon="-81.746195"><ele>158.499</ele><time>2026-09-11T20:38:48Z</time></trkpt>
      <trkpt lat="41.486673333333336" lon="-81.746195"><ele>158.399</ele><time>2026-09-11T20:38:49Z</time></trkpt>
      <trkpt lat="41.486671666666666" lon="-81.74619666666666"><ele>157.9</ele><time>2026-09-11T20:38:50Z</time></trkpt>
      <trkpt lat="41.486671666666666" lon="-81.74619833333334"><ele>157.9</ele><time>2026-09-11T20:38:51Z</time></trkpt>
      <trkpt lat="41.486671666666666" lon="-81.74619833333334"><ele>157.9</ele><time>2026-09-11T20:38:52Z</time></trkpt>
      <trkpt lat="41.486668333333334" lon="-81.74619833333334"><ele>158.1</ele><time>2026-09-11T20:38:53Z</time></trkpt>
      <trkpt lat="41.486668333333334" lon="-81.7462"><ele>158.1</ele><time>2026-09-11T20:38:54Z</time></trkpt>
      <trkpt lat="41.486665" lon="-81.74620333333333"><ele>158.6</ele><time>2026-09-11T20:38:55Z</time></trkpt>
      <trkpt lat="41.48666333333333" lon="-81.746205"><ele>158.9</ele><time>2026-09-11T20:38:56Z</time></trkpt>
      <trkpt lat="41.48666333333333" lon="-81.74620833333333"><ele>159.2</ele><time>2026-09-11T20:38:57Z</time></trkpt>
      <trkpt lat="41.48666333333333" lon="-81.74621166666667"><ele>159.5</ele><time>2026-09-11T20:38:58Z</time></trkpt>
      <trkpt lat="41.486665" lon="-81.746215"><ele>159.3</ele><time>2026-09-11T20:38:59Z</time></trkpt>
      <trkpt lat="41.486665" lon="-81.74621666666667"><ele>158.5</ele><time>2026-09-11T20:39:00Z</time></trkpt>
      <trkpt lat="41.486665" lon="-81.74622166666667"><ele>158.8</ele><time>2026-09-11T20:39:01Z</time></trkpt>
      <trkpt lat="41.486666666666665" lon="-81.74622333333333"><ele>158.8</ele><time>2026-09-11T20:39:02Z</time></trkpt>
      <trkpt lat="41.486666666666665" lon="-81.74622666666667"><ele>159.2</ele><time>2026-09-11T20:39:03Z</time></trkpt>
      <trkpt lat="41.486665" lon="-81.74623666666666"><ele>161.7</ele><time>2026-09-11T20:39:04Z</time></trkpt>
      <trkpt lat="41.486665" lon="-81.74624166666666"><ele>163.9</ele><time>2026-09-11T20:39:05Z</time></trkpt>
      <trkpt lat="41.48666333333333" lon="-81.74625166666667"><ele>163.1</ele><time>2026-09-11T20:39:06Z</time></trkpt>
      <trkpt lat="41.48666166666667" lon="-81.74625833333333"><ele>163.1</ele><time>2026-09-11T20:39:07Z</time></trkpt>
      <trkpt lat="41.48666166666667" lon="-81.74626833333333"><ele>163.5</ele><time>2026-09-11T20:39:08Z</time></trkpt>
      <trkpt lat="41.48666" lon="-81.74627833333334"><ele>163.5</ele><time>2026-09-11T20:39:09Z</time></trkpt>
      <trkpt lat="41.48665666666667" lon="-81.74628666666666"><ele>163.5</ele><time>2026-09-11T20:39:10Z</time></trkpt>
      <trkpt lat="41.486655" lon="-81.74629333333333"><ele>163.3</ele><time>2026-09-11T20:39:11Z</time></trkpt>
      <trkpt lat="41.48665" lon="-81.74630666666667"><ele>160.6</ele><time>2026-09-11T20:39:12Z</time></trkpt>
      <trkpt lat="41.486645" lon="-81.74631333333333"><ele>160.6</ele><time>2026-09-11T20:39:13Z</time></trkpt>
      <trkpt lat="41.48663666666667" lon="-81.74632166666666"><ele>159.7</ele><time>2026-09-11T20:39:14Z</time></trkpt>
      <trkpt lat="41.48663333333333" lon="-81.74632333333334"><ele>159.399</ele><time>2026-09-11T20:39:15Z</time></trkpt>
      <trkpt lat="41.486628333333336" lon="-81.74632833333334"><ele>159.799</ele><time>2026-09-11T20:39:16Z</time></trkpt>
      <trkpt lat="41.48662" lon="-81.74633666666666"><ele>159.7</ele><time>2026-09-11T20:39:17Z</time></trkpt>
      <trkpt lat="41.486608333333336" lon="-81.74633833333333"><ele>158.9</ele><time>2026-09-11T20:39:18Z</time></trkpt>
      <trkpt lat="41.486603333333335" lon="-81.74634166666667"><ele>158.9</ele><time>2026-09-11T20:39:19Z</time></trkpt>
      <trkpt lat="41.48659833333333" lon="-81.746345"><ele>158.9</ele><time>2026-09-11T20:39:20Z</time></trkpt>
      <trkpt lat="41.48658833333333" lon="-81.74635166666667"><ele>159.1</ele><time>2026-09-11T20:39:21Z</time></trkpt>
      <trkpt lat="41.486580000000004" lon="-81.746355"><ele>159.1</ele><time>2026-09-11T20:39:22Z</time></trkpt>
      <trkpt lat="41.48656666666667" lon="-81.746365"><ele>159.6</ele><time>2026-09-11T20:39:23Z</time></trkpt>
      <trkpt lat="41.48656" lon="-81.74636833333334"><ele>159.6</ele><time>2026-09-11T20:39:24Z</time></trkpt>
      <trkpt lat="41.486555" lon="-81.74636833333334"><ele>159.6</ele><time>2026-09-11T20:39:25Z</time></trkpt>
      <trkpt lat="41.48654666666667" lon="-81.746365"><ele>159.799</ele><time>2026-09-11T20:39:26Z</time></trkpt>
      <trkpt lat="41.48654" lon="-81.74635833333333"><ele>159.6</ele><time>2026-09-11T20:39:27Z</time></trkpt>
      <trkpt lat="41.486533333333334" lon="-81.746355"><ele>159.6</ele><time>2026-09-11T20:39:28Z</time></trkpt>
      <trkpt lat="41.48653" lon="-81.74634833333333"><ele>159.6</ele><time>2026-09-11T20:39:29Z</time></trkpt>
      <trkpt lat="41.486513333333335" lon="-81.74633166666666"><ele>159.4</ele><time>2026-09-11T20:39:30Z</time></trkpt>
      <trkpt lat="41.486505" lon="-81.746325"><ele>159.4</ele><time>2026-09-11T20:39:31Z</time></trkpt>
      <trkpt lat="41.48650166666667" lon="-81.74631333333333"><ele>159.5</ele><time>2026-09-11T20:39:32Z</time></trkpt>
      <trkpt lat="41.486495" lon="-81.74630166666667"><ele>159.9</ele><time>2026-09-11T20:39:33Z</time></trkpt>
      <trkpt lat="41.486491666666666" lon="-81.74629333333333"><ele>161.1</ele><time>2026-09-11T20:39:34Z</time></trkpt>
      <trkpt lat="41.48648166666667" lon="-81.74627833333334"><ele>164.7</ele><time>2026-09-11T20:39:35Z</time></trkpt>
      <trkpt lat="41.486473333333336" lon="-81.74626833333333"><ele>164.8</ele><time>2026-09-11T20:39:36Z</time></trkpt>
      <trkpt lat="41.486465" lon="-81.74626166666667"><ele>164.8</ele><time>2026-09-11T20:39:37Z</time></trkpt>
      <trkpt lat="41.486448333333335" lon="-81.74625666666667"><ele>164.6</ele><time>2026-09-11T20:39:38Z</time></trkpt>
      <trkpt lat="41.486441666666664" lon="-81.746255"><ele>163.7</ele><time>2026-09-11T20:39:39Z</time></trkpt>
      <trkpt lat="41.486428333333336" lon="-81.746255"><ele>163.7</ele><time>2026-09-11T20:39:40Z</time></trkpt>
      <trkpt lat="41.486421666666665" lon="-81.74625833333333"><ele>163.7</ele><time>2026-09-11T20:39:41Z</time></trkpt>
      <trkpt lat="41.486415" lon="-81.74627166666667"><ele>161.3</ele><time>2026-09-11T20:39:42Z</time></trkpt>
      <trkpt lat="41.48641" lon="-81.74627833333334"><ele>161.3</ele><time>2026-09-11T20:39:43Z</time></trkpt>
      <trkpt lat="41.486403333333335" lon="-81.74629833333333"><ele>160</ele><time>2026-09-11T20:39:44Z</time></trkpt>
      <trkpt lat="41.486396666666664" lon="-81.74630833333333"><ele>160</ele><time>2026-09-11T20:39:45Z</time></trkpt>
      <trkpt lat="41.48639" lon="-81.74632333333334"><ele>159.4</ele><time>2026-09-11T20:39:46Z</time></trkpt>
      <trkpt lat="41.48638166666667" lon="-81.746335"><ele>159.3</ele><time>2026-09-11T20:39:47Z</time></trkpt>
      <trkpt lat="41.48638" lon="-81.74634"><ele>159.1</ele><time>2026-09-11T20:39:48Z</time></trkpt>
      <trkpt lat="41.48637166666666" lon="-81.74635"><ele>159.299</ele><time>2026-09-11T20:39:49Z</time></trkpt>
      <trkpt lat="41.48636833333333" lon="-81.746355"><ele>159.299</ele><time>2026-09-11T20:39:50Z</time></trkpt>
      <trkpt lat="41.48636166666667" lon="-81.74636166666667"><ele>159.099</ele><time>2026-09-11T20:39:51Z</time></trkpt>
      <trkpt lat="41.486356666666666" lon="-81.74636833333334"><ele>159.099</ele><time>2026-09-11T20:39:52Z</time></trkpt>
      <trkpt lat="41.486351666666664" lon="-81.74637833333334"><ele>159.999</ele><time>2026-09-11T20:39:53Z</time></trkpt>
      <trkpt lat="41.48634666666667" lon="-81.74638333333333"><ele>160</ele><time>2026-09-11T20:39:54Z</time></trkpt>
      <trkpt lat="41.486336666666666" lon="-81.74639166666667"><ele>160.5</ele><time>2026-09-11T20:39:55Z</time></trkpt>
      <trkpt lat="41.486331666666665" lon="-81.74639666666667"><ele>160.4</ele><time>2026-09-11T20:39:56Z</time></trkpt>
      <trkpt lat="41.48632333333333" lon="-81.74640666666667"><ele>160.5</ele><time>2026-09-11T20:39:57Z</time></trkpt>
      <trkpt lat="41.486315" lon="-81.746415"><ele>160.5</ele><time>2026-09-11T20:39:58Z</time></trkpt>
      <trkpt lat="41.48630166666667" lon="-81.74642333333334"><ele>160.5</ele><time>2026-09-11T20:39:59Z</time></trkpt>
      <trkpt lat="41.48629833333333" lon="-81.746425"><ele>160.5</ele><time>2026-09-11T20:40:00Z</time></trkpt>
      <trkpt lat="41.486285" lon="-81.74643833333333"><ele>160.6</ele><time>2026-09-11T20:40:01Z</time></trkpt>
      <trkpt lat="41.48627666666667" lon="-81.74644333333333"><ele>160.6</ele><time>2026-09-11T20:40:02Z</time></trkpt>
      <trkpt lat="41.486265" lon="-81.746455"><ele>163.1</ele><time>2026-09-11T20:40:03Z</time></trkpt>
      <trkpt lat="41.48625333333333" lon="-81.746465"><ele>165.299</ele><time>2026-09-11T20:40:04Z</time></trkpt>
      <trkpt lat="41.486246666666666" lon="-81.74647166666666"><ele>163.1</ele><time>2026-09-11T20:40:05Z</time></trkpt>
      <trkpt lat="41.48623833333333" lon="-81.74647833333333"><ele>165.299</ele><time>2026-09-11T20:40:06Z</time></trkpt>
      <trkpt lat="41.48623333333333" lon="-81.74647166666666"><ele>165.1</ele><time>2026-09-11T20:40:07Z</time></trkpt>
      <trkpt lat="41.48622666666667" lon="-81.74646666666666"><ele>165.1</ele><time>2026-09-11T20:40:08Z</time></trkpt>
      <trkpt lat="41.48622" lon="-81.74647333333333"><ele>163.7</ele><time>2026-09-11T20:40:09Z</time></trkpt>
      <trkpt lat="41.486215" lon="-81.746485"><ele>163.7</ele><time>2026-09-11T20:40:10Z</time></trkpt>
      <trkpt lat="41.48621166666667" lon="-81.74648666666667"><ele>163.7</ele><time>2026-09-11T20:40:11Z</time></trkpt>
      <trkpt lat="41.486203333333336" lon="-81.74649333333333"><ele>160.799</ele><time>2026-09-11T20:40:12Z</time></trkpt>
      <trkpt lat="41.48618666666667" lon="-81.746505"><ele>160.799</ele><time>2026-09-11T20:40:13Z</time></trkpt>
      <trkpt lat="41.486178333333335" lon="-81.74651833333333"><ele>160.799</ele><time>2026-09-11T20:40:14Z</time></trkpt>
      <trkpt lat="41.486171666666664" lon="-81.74653166666667"><ele>160.1</ele><time>2026-09-11T20:40:15Z</time></trkpt>
      <trkpt lat="41.486158333333336" lon="-81.74655666666666"><ele>159.3</ele><time>2026-09-11T20:40:16Z</time></trkpt>
      <trkpt lat="41.486153333333334" lon="-81.746565"><ele>159.2</ele><time>2026-09-11T20:40:17Z</time></trkpt>
      <trkpt lat="41.48614166666667" lon="-81.74657833333333"><ele>159.1</ele><time>2026-09-11T20:40:18Z</time></trkpt>
      <trkpt lat="41.48612833333333" lon="-81.74658666666667"><ele>158.8</ele><time>2026-09-11T20:40:19Z</time></trkpt>
      <trkpt lat="41.48612166666667" lon="-81.74659166666666"><ele>158.8</ele><time>2026-09-11T20:40:20Z</time></trkpt>
      <trkpt lat="41.486105" lon="-81.746605"><ele>159</ele><time>2026-09-11T20:40:21Z</time></trkpt>
      <trkpt lat="41.486095" lon="-81.746615"><ele>159.7</ele><time>2026-09-11T20:40:23Z</time></trkpt>
      <trkpt lat="41.48608333333333" lon="-81.746625"><ele>159.899</ele><time>2026-09-11T20:40:24Z</time></trkpt>
      <trkpt lat="41.48607" lon="-81.746635"><ele>159.7</ele><time>2026-09-11T20:40:25Z</time></trkpt>
      <trkpt lat="41.48606" lon="-81.74664333333334"><ele>160</ele><time>2026-09-11T20:40:26Z</time></trkpt>
      <trkpt lat="41.486048333333336" lon="-81.746655"><ele>159.5</ele><time>2026-09-11T20:40:27Z</time></trkpt>
      <trkpt lat="41.486041666666665" lon="-81.74665833333333"><ele>159.5</ele><time>2026-09-11T20:40:28Z</time></trkpt>
      <trkpt lat="41.486035" lon="-81.74666666666667"><ele>159.5</ele><time>2026-09-11T20:40:29Z</time></trkpt>
      <trkpt lat="41.48603166666667" lon="-81.74667166666667"><ele>159.3</ele><time>2026-09-11T20:40:30Z</time></trkpt>
      <trkpt lat="41.486021666666666" lon="-81.74667833333334"><ele>159.4</ele><time>2026-09-11T20:40:31Z</time></trkpt>
      <trkpt lat="41.48601166666667" lon="-81.74668666666666"><ele>159.6</ele><time>2026-09-11T20:40:32Z</time></trkpt>
      <trkpt lat="41.485998333333335" lon="-81.74669666666667"><ele>163.7</ele><time>2026-09-11T20:40:33Z</time></trkpt>
      <trkpt lat="41.48599333333333" lon="-81.7467"><ele>163.7</ele><time>2026-09-11T20:40:34Z</time></trkpt>
      <trkpt lat="41.48599" lon="-81.74670166666667"><ele>163.7</ele><time>2026-09-11T20:40:35Z</time></trkpt>
      <trkpt lat="41.48598166666667" lon="-81.74671166666667"><ele>165.2</ele><time>2026-09-11T20:40:36Z</time></trkpt>
      <trkpt lat="41.485976666666666" lon="-81.74673166666666"><ele>163.7</ele><time>2026-09-11T20:40:38Z</time></trkpt>
      <trkpt lat="41.485976666666666" lon="-81.74674833333333"><ele>163.7</ele><time>2026-09-11T20:40:39Z</time></trkpt>
      <trkpt lat="41.485978333333335" lon="-81.74677"><ele>162.6</ele><time>2026-09-11T20:40:40Z</time></trkpt>
      <trkpt lat="41.48598" lon="-81.74678"><ele>160.5</ele><time>2026-09-11T20:40:41Z</time></trkpt>
      <trkpt lat="41.485985" lon="-81.74680166666667"><ele>160.7</ele><time>2026-09-11T20:40:42Z</time></trkpt>
      <trkpt lat="41.48598666666667" lon="-81.74680666666667"><ele>160.7</ele><time>2026-09-11T20:40:43Z</time></trkpt>
      <trkpt lat="41.485998333333335" lon="-81.74681333333334"><ele>159.499</ele><time>2026-09-11T20:40:44Z</time></trkpt>
      <trkpt lat="41.486003333333336" lon="-81.74681333333334"><ele>159.199</ele><time>2026-09-11T20:40:45Z</time></trkpt>
      <trkpt lat="41.48600666666667" lon="-81.74680666666667"><ele>159.099</ele><time>2026-09-11T20:40:46Z</time></trkpt>
      <trkpt lat="41.48600833333333" lon="-81.74679833333333"><ele>159</ele><time>2026-09-11T20:40:47Z</time></trkpt>
      <trkpt lat="41.48601166666667" lon="-81.74678333333334"><ele>159.299</ele><time>2026-09-11T20:40:48Z</time></trkpt>
      <trkpt lat="41.48601333333333" lon="-81.74677833333334"><ele>159.299</ele><time>2026-09-11T20:40:49Z</time></trkpt>
      <trkpt lat="41.48601333333333" lon="-81.74676"><ele>158.899</ele><time>2026-09-11T20:40:50Z</time></trkpt>
      <trkpt lat="41.486016666666664" lon="-81.74674333333333"><ele>160.099</ele><time>2026-09-11T20:40:51Z</time></trkpt>
      <trkpt lat="41.486023333333335" lon="-81.74673666666666"><ele>160.1</ele><time>2026-09-11T20:40:52Z</time></trkpt>
      <trkpt lat="41.48603" lon="-81.746735"><ele>160.1</ele><time>2026-09-11T20:40:53Z</time></trkpt>
      <trkpt lat="41.48603833333333" lon="-81.74674166666667"><ele>162.5</ele><time>2026-09-11T20:40:54Z</time></trkpt>
      <trkpt lat="41.486041666666665" lon="-81.74675166666667"><ele>162.5</ele><time>2026-09-11T20:40:55Z</time></trkpt>
      <trkpt lat="41.486045" lon="-81.74676"><ele>162.5</ele><time>2026-09-11T20:40:56Z</time></trkpt>
      <trkpt lat="41.486048333333336" lon="-81.74677333333334"><ele>160.5</ele><time>2026-09-11T20:40:57Z</time></trkpt>
      <trkpt lat="41.486045" lon="-81.74679"><ele>162.5</ele><time>2026-09-11T20:40:58Z</time></trkpt>
      <trkpt lat="41.48604" lon="-81.7468"><ele>162.5</ele><time>2026-09-11T20:40:59Z</time></trkpt>
      <trkpt lat="41.486036666666664" lon="-81.74680833333333"><ele>160</ele><time>2026-09-11T20:41:00Z</time></trkpt>
      <trkpt lat="41.486035" lon="-81.74680666666667"><ele>162.5</ele><time>2026-09-11T20:41:01Z</time></trkpt>
      <trkpt lat="41.486036666666664" lon="-81.74680333333333"><ele>162.5</ele><time>2026-09-11T20:41:02Z</time></trkpt>
      <trkpt lat="41.486036666666664" lon="-81.74680333333333"><ele>162.5</ele><time>2026-09-11T20:41:03Z</time></trkpt>
      <trkpt lat="41.48603833333333" lon="-81.74680333333333"><ele>162.5</ele><time>2026-09-11T20:41:04Z</time></trkpt>
      <trkpt lat="41.48603833333333" lon="-81.746805"><ele>162.5</ele><time>2026-09-11T20:41:05Z</time></trkpt>
      <trkpt lat="41.48604" lon="-81.74680666666667"><ele>162.5</ele><time>2026-09-11T20:41:06Z</time></trkpt>
      <trkpt lat="41.48604" lon="-81.74680833333333"><ele>162.5</ele><time>2026-09-11T20:41:07Z</time></trkpt>
      <trkpt lat="41.48603833333333" lon="-81.74681333333334"><ele>162.5</ele><time>2026-09-11T20:41:08Z</time></trkpt>
      <trkpt lat="41.48604" lon="-81.74681666666666"><ele>162.5</ele><time>2026-09-11T20:41:09Z</time></trkpt>
      <trkpt lat="41.48603833333333" lon="-81.74682166666666"><ele>162.5</ele><time>2026-09-11T20:41:10Z</time></trkpt>
      <trkpt lat="41.486036666666664" lon="-81.74682833333334"><ele>162.5</ele><time>2026-09-11T20:41:11Z</time></trkpt>
      <trkpt lat="41.486036666666664" lon="-81.74683666666667"><ele>158.9</ele><time>2026-09-11T20:41:12Z</time></trkpt>
      <trkpt lat="41.48603833333333" lon="-81.74684333333333"><ele>159.3</ele><time>2026-09-11T20:41:13Z</time></trkpt>
      <trkpt lat="41.48603833333333" lon="-81.74684833333333"><ele>158.2</ele><time>2026-09-11T20:41:14Z</time></trkpt>
      <trkpt lat="41.486036666666664" lon="-81.74686"><ele>158.1</ele><time>2026-09-11T20:41:16Z</time></trkpt>
      <trkpt lat="41.48603833333333" lon="-81.74686"><ele>158.1</ele><time>2026-09-11T20:41:17Z</time></trkpt>
      <trkpt lat="41.48604" lon="-81.74685833333334"><ele>158.1</ele><time>2026-09-11T20:41:18Z</time></trkpt>
      <trkpt lat="41.48604" lon="-81.74686"><ele>158.1</ele><time>2026-09-11T20:41:19Z</time></trkpt>
      <trkpt lat="41.486036666666664" lon="-81.74686833333334"><ele>158.1</ele><time>2026-09-11T20:41:20Z</time></trkpt>
      <trkpt lat="41.48602833333333" lon="-81.74689"><ele>158.1</ele><time>2026-09-11T20:41:21Z</time></trkpt>
      <trkpt lat="41.48601333333333" lon="-81.74689833333333"><ele>160</ele><time>2026-09-11T20:41:22Z</time></trkpt>
      <trkpt lat="41.486005" lon="-81.74689"><ele>158.8</ele><time>2026-09-11T20:41:23Z</time></trkpt>
      <trkpt lat="41.486021666666666" lon="-81.746885"><ele>160.1</ele><time>2026-09-11T20:41:24Z</time></trkpt>
      <trkpt lat="41.486035" lon="-81.74688166666667"><ele>160.2</ele><time>2026-09-11T20:41:25Z</time></trkpt>
      <trkpt lat="41.486043333333335" lon="-81.74688333333333"><ele>160.299</ele><time>2026-09-11T20:41:27Z</time></trkpt>
      <trkpt lat="41.486045" lon="-81.74688333333333"><ele>160.299</ele><time>2026-09-11T20:41:28Z</time></trkpt>
      <trkpt lat="41.486048333333336" lon="-81.746885"><ele>159.1</ele><time>2026-09-11T20:41:29Z</time></trkpt>
      <trkpt lat="41.48605" lon="-81.74688666666667"><ele>159.1</ele><time>2026-09-11T20:41:30Z</time></trkpt>
      <trkpt lat="41.48605333333333" lon="-81.74688666666667"><ele>162.5</ele><time>2026-09-11T20:41:31Z</time></trkpt>
      <trkpt lat="41.486055" lon="-81.74688833333333"><ele>163.7</ele><time>2026-09-11T20:41:32Z</time></trkpt>
      <trkpt lat="41.48606" lon="-81.74689"><ele>163.7</ele><time>2026-09-11T20:41:33Z</time></trkpt>
      <trkpt lat="41.486061666666664" lon="-81.74689166666667"><ele>163.7</ele><time>2026-09-11T20:41:34Z</time></trkpt>
      <trkpt lat="41.486063333333334" lon="-81.74689166666667"><ele>163.7</ele><time>2026-09-11T20:41:35Z</time></trkpt>
      <trkpt lat="41.486063333333334" lon="-81.74688833333333"><ele>163.7</ele><time>2026-09-11T20:41:36Z</time></trkpt>
      <trkpt lat="41.486063333333334" lon="-81.74688666666667"><ele>163.7</ele><time>2026-09-11T20:41:37Z</time></trkpt>
      <trkpt lat="41.486061666666664" lon="-81.74688333333333"><ele>163.7</ele><time>2026-09-11T20:41:38Z</time></trkpt>
      <trkpt lat="41.486061666666664" lon="-81.74687166666666"><ele>162.5</ele><time>2026-09-11T20:41:39Z</time></trkpt>
      <trkpt lat="41.486061666666664" lon="-81.74686666666666"><ele>162.5</ele><time>2026-09-11T20:41:40Z</time></trkpt>
      <trkpt lat="41.486063333333334" lon="-81.74686666666666"><ele>162.5</ele><time>2026-09-11T20:41:41Z</time></trkpt>
      <trkpt lat="41.486061666666664" lon="-81.74686666666666"><ele>159.5</ele><time>2026-09-11T20:41:42Z</time></trkpt>
      <trkpt lat="41.48606" lon="-81.74686666666666"><ele>159.5</ele><time>2026-09-11T20:41:43Z</time></trkpt>
      <trkpt lat="41.48605666666667" lon="-81.74686166666666"><ele>159.2</ele><time>2026-09-11T20:41:44Z</time></trkpt>
      <trkpt lat="41.48605333333333" lon="-81.74685666666667"><ele>159.6</ele><time>2026-09-11T20:41:45Z</time></trkpt>
      <trkpt lat="41.48605" lon="-81.74685666666667"><ele>159.1</ele><time>2026-09-11T20:41:46Z</time></trkpt>
      <trkpt lat="41.48605" lon="-81.74685833333334"><ele>159.1</ele><time>2026-09-11T20:41:47Z</time></trkpt>
      <trkpt lat="41.486045" lon="-81.74686333333334"><ele>159.2</ele><time>2026-09-11T20:41:48Z</time></trkpt>
      <trkpt lat="41.486045" lon="-81.74687"><ele>159.1</ele><time>2026-09-11T20:41:49Z</time></trkpt>
      <trkpt lat="41.48603833333333" lon="-81.74687166666666"><ele>159.799</ele><time>2026-09-11T20:41:50Z</time></trkpt>
      <trkpt lat="41.486036666666664" lon="-81.746875"><ele>159.799</ele><time>2026-09-11T20:41:51Z</time></trkpt>
      <trkpt lat="41.48602" lon="-81.74686666666666"><ele>160.5</ele><time>2026-09-11T20:41:53Z</time></trkpt>
      <trkpt lat="41.486016666666664" lon="-81.74686333333334"><ele>163.1</ele><time>2026-09-11T20:41:54Z</time></trkpt>
      <trkpt lat="41.48600833333333" lon="-81.74685666666667"><ele>163.1</ele><time>2026-09-11T20:41:55Z</time></trkpt>
      <trkpt lat="41.48600833333333" lon="-81.74683166666667"><ele>160.4</ele><time>2026-09-11T20:41:57Z</time></trkpt>
      <trkpt lat="41.48600833333333" lon="-81.74681833333334"><ele>163.1</ele><time>2026-09-11T20:41:58Z</time></trkpt>
      <trkpt lat="41.48601166666667" lon="-81.74680166666667"><ele>163.1</ele><time>2026-09-11T20:41:59Z</time></trkpt>
      <trkpt lat="41.486015" lon="-81.74678166666666"><ele>163.7</ele><time>2026-09-11T20:42:00Z</time></trkpt>
      <trkpt lat="41.486021666666666" lon="-81.74677"><ele>163.1</ele><time>2026-09-11T20:42:01Z</time></trkpt>
      <trkpt lat="41.48603166666667" lon="-81.74675833333333"><ele>163.299</ele><time>2026-09-11T20:42:02Z</time></trkpt>
      <trkpt lat="41.486036666666664" lon="-81.746755"><ele>163.299</ele><time>2026-09-11T20:42:03Z</time></trkpt>
      <trkpt lat="41.48604666666667" lon="-81.74674666666667"><ele>163.7</ele><time>2026-09-11T20:42:04Z</time></trkpt>
      <trkpt lat="41.48605166666667" lon="-81.74674333333333"><ele>163.7</ele><time>2026-09-11T20:42:05Z</time></trkpt>
      <trkpt lat="41.48606" lon="-81.74673"><ele>163.7</ele><time>2026-09-11T20:42:06Z</time></trkpt>
      <trkpt lat="41.486068333333336" lon="-81.74671833333333"><ele>163.299</ele><time>2026-09-11T20:42:07Z</time></trkpt>
      <trkpt lat="41.48607166666667" lon="-81.746705"><ele>163.299</ele><time>2026-09-11T20:42:08Z</time></trkpt>
      <trkpt lat="41.48607166666667" lon="-81.74667333333333"><ele>163.299</ele><time>2026-09-11T20:42:09Z</time></trkpt>
      <trkpt lat="41.48607333333333" lon="-81.746665"><ele>162.499</ele><time>2026-09-11T20:42:10Z</time></trkpt>
      <trkpt lat="41.486085" lon="-81.74664333333334"><ele>160.4</ele><time>2026-09-11T20:42:11Z</time></trkpt>
      <trkpt lat="41.486093333333336" lon="-81.74663166666667"><ele>160.3</ele><time>2026-09-11T20:42:13Z</time></trkpt>
      <trkpt lat="41.48610166666667" lon="-81.74661833333333"><ele>159.1</ele><time>2026-09-11T20:42:14Z</time></trkpt>
      <trkpt lat="41.486111666666666" lon="-81.74660666666666"><ele>159.6</ele><time>2026-09-11T20:42:15Z</time></trkpt>
      <trkpt lat="41.48612" lon="-81.74659166666666"><ele>159.5</ele><time>2026-09-11T20:42:16Z</time></trkpt>
      <trkpt lat="41.48612833333333" lon="-81.74657833333333"><ele>159.6</ele><time>2026-09-11T20:42:17Z</time></trkpt>
      <trkpt lat="41.486133333333335" lon="-81.74657166666667"><ele>159.5</ele><time>2026-09-11T20:42:18Z</time></trkpt>
      <trkpt lat="41.48614333333333" lon="-81.746555"><ele>162.5</ele><time>2026-09-11T20:42:19Z</time></trkpt>
      <trkpt lat="41.486151666666665" lon="-81.74654333333334"><ele>162.5</ele><time>2026-09-11T20:42:20Z</time></trkpt>
      <trkpt lat="41.48616666666667" lon="-81.746525"><ele>162.5</ele><time>2026-09-11T20:42:22Z</time></trkpt>
      <trkpt lat="41.486175" lon="-81.74651166666666"><ele>162.5</ele><time>2026-09-11T20:42:23Z</time></trkpt>
      <trkpt lat="41.48618333333334" lon="-81.74650166666666"><ele>162.5</ele><time>2026-09-11T20:42:24Z</time></trkpt>
      <trkpt lat="41.48619166666667" lon="-81.74649"><ele>159.5</ele><time>2026-09-11T20:42:25Z</time></trkpt>
      <trkpt lat="41.486203333333336" lon="-81.74647666666667"><ele>162.5</ele><time>2026-09-11T20:42:26Z</time></trkpt>
      <trkpt lat="41.48621166666667" lon="-81.74646833333334"><ele>162.5</ele><time>2026-09-11T20:42:27Z</time></trkpt>
      <trkpt lat="41.48622" lon="-81.74646166666666"><ele>162.5</ele><time>2026-09-11T20:42:28Z</time></trkpt>
      <trkpt lat="41.48623333333333" lon="-81.74645333333333"><ele>162.5</ele><time>2026-09-11T20:42:29Z</time></trkpt>
      <trkpt lat="41.486246666666666" lon="-81.746445"><ele>162.5</ele><time>2026-09-11T20:42:30Z</time></trkpt>
      <trkpt lat="41.486255" lon="-81.74644"><ele>162.5</ele><time>2026-09-11T20:42:31Z</time></trkpt>
      <trkpt lat="41.486266666666666" lon="-81.74643333333333"><ele>162.5</ele><time>2026-09-11T20:42:32Z</time></trkpt>
      <trkpt lat="41.48627333333334" lon="-81.746425"><ele>163.3</ele><time>2026-09-11T20:42:33Z</time></trkpt>
      <trkpt lat="41.48628333333333" lon="-81.74641833333334"><ele>163.3</ele><time>2026-09-11T20:42:34Z</time></trkpt>
      <trkpt lat="41.486295" lon="-81.74641166666666"><ele>162.6</ele><time>2026-09-11T20:42:35Z</time></trkpt>
      <trkpt lat="41.486308333333334" lon="-81.74641"><ele>162.6</ele><time>2026-09-11T20:42:36Z</time></trkpt>
      <trkpt lat="41.486313333333335" lon="-81.74641166666666"><ele>162.6</ele><time>2026-09-11T20:42:37Z</time></trkpt>
      <trkpt lat="41.48632333333333" lon="-81.74641666666666"><ele>162.6</ele><time>2026-09-11T20:42:38Z</time></trkpt>
      <trkpt lat="41.48633" lon="-81.74642166666666"><ele>162.6</ele><time>2026-09-11T20:42:39Z</time></trkpt>
      <trkpt lat="41.48634" lon="-81.746435"><ele>162.6</ele><time>2026-09-11T20:42:40Z</time></trkpt>
      <trkpt lat="41.48634833333333" lon="-81.74645666666666"><ele>159</ele><time>2026-09-11T20:42:41Z</time></trkpt>
      <trkpt lat="41.486353333333334" lon="-81.746465"><ele>159</ele><time>2026-09-11T20:42:42Z</time></trkpt>
      <trkpt lat="41.486356666666666" lon="-81.746475"><ele>159</ele><time>2026-09-11T20:42:43Z</time></trkpt>
      <trkpt lat="41.48636166666667" lon="-81.74649"><ele>159.299</ele><time>2026-09-11T20:42:44Z</time></trkpt>
      <trkpt lat="41.486365" lon="-81.74650333333334"><ele>159.299</ele><time>2026-09-11T20:42:45Z</time></trkpt>
      <trkpt lat="41.48636833333333" lon="-81.74651333333334"><ele>159.1</ele><time>2026-09-11T20:42:46Z</time></trkpt>
      <trkpt lat="41.48637166666666" lon="-81.74652666666667"><ele>159.799</ele><time>2026-09-11T20:42:47Z</time></trkpt>
      <trkpt lat="41.486376666666665" lon="-81.74654333333334"><ele>162.499</ele><time>2026-09-11T20:42:48Z</time></trkpt>
      <trkpt lat="41.48638166666667" lon="-81.746555"><ele>162.5</ele><time>2026-09-11T20:42:49Z</time></trkpt>
      <trkpt lat="41.48638666666667" lon="-81.74656666666667"><ele>162.5</ele><time>2026-09-11T20:42:50Z</time></trkpt>
      <trkpt lat="41.48639" lon="-81.746575"><ele>162.5</ele><time>2026-09-11T20:42:51Z</time></trkpt>
      <trkpt lat="41.48639333333333" lon="-81.74659"><ele>162.5</ele><time>2026-09-11T20:42:52Z</time></trkpt>
      <trkpt lat="41.486395" lon="-81.7466"><ele>162.5</ele><time>2026-09-11T20:42:53Z</time></trkpt>
      <trkpt lat="41.486395" lon="-81.74661333333333"><ele>162.5</ele><time>2026-09-11T20:42:54Z</time></trkpt>
      <trkpt lat="41.486396666666664" lon="-81.74662666666667"><ele>162.5</ele><time>2026-09-11T20:42:55Z</time></trkpt>
      <trkpt lat="41.486395" lon="-81.74663833333334"><ele>162.5</ele><time>2026-09-11T20:42:56Z</time></trkpt>
      <trkpt lat="41.48639333333333" lon="-81.74665"><ele>162.5</ele><time>2026-09-11T20:42:57Z</time></trkpt>
      <trkpt lat="41.48639166666667" lon="-81.74666"><ele>162.5</ele><time>2026-09-11T20:42:58Z</time></trkpt>
      <trkpt lat="41.48639166666667" lon="-81.74667"><ele>162.5</ele><time>2026-09-11T20:42:59Z</time></trkpt>
      <trkpt lat="41.48639" lon="-81.74668333333334"><ele>162.5</ele><time>2026-09-11T20:43:00Z</time></trkpt>
      <trkpt lat="41.48639" lon="-81.74669666666667"><ele>163.3</ele><time>2026-09-11T20:43:01Z</time></trkpt>
      <trkpt lat="41.48639166666667" lon="-81.74670833333333"><ele>163.3</ele><time>2026-09-11T20:43:02Z</time></trkpt>
      <trkpt lat="41.48639166666667" lon="-81.74671833333333"><ele>163.3</ele><time>2026-09-11T20:43:03Z</time></trkpt>
      <trkpt lat="41.48639166666667" lon="-81.74673333333334"><ele>163.3</ele><time>2026-09-11T20:43:04Z</time></trkpt>
      <trkpt lat="41.48639166666667" lon="-81.74675166666667"><ele>162.6</ele><time>2026-09-11T20:43:05Z</time></trkpt>
      <trkpt lat="41.48639333333333" lon="-81.74676666666667"><ele>162.6</ele><time>2026-09-11T20:43:06Z</time></trkpt>
      <trkpt lat="41.48639333333333" lon="-81.74678"><ele>162.6</ele><time>2026-09-11T20:43:07Z</time></trkpt>
      <trkpt lat="41.48639166666667" lon="-81.74679833333333"><ele>162.6</ele><time>2026-09-11T20:43:08Z</time></trkpt>
      <trkpt lat="41.48639" lon="-81.74680666666667"><ele>159.1</ele><time>2026-09-11T20:43:09Z</time></trkpt>
      <trkpt lat="41.48638666666667" lon="-81.74682"><ele>158.799</ele><time>2026-09-11T20:43:10Z</time></trkpt>
      <trkpt lat="41.486385" lon="-81.74682833333334"><ele>158.799</ele><time>2026-09-11T20:43:11Z</time></trkpt>
      <trkpt lat="41.48638166666667" lon="-81.746845"><ele>158.6</ele><time>2026-09-11T20:43:12Z</time></trkpt>
      <trkpt lat="41.486376666666665" lon="-81.74686166666666"><ele>158.6</ele><time>2026-09-11T20:43:13Z</time></trkpt>
      <trkpt lat="41.48637166666666" lon="-81.74687666666667"><ele>158.6</ele><time>2026-09-11T20:43:14Z</time></trkpt>
      <trkpt lat="41.48636833333333" lon="-81.74689166666667"><ele>158.799</ele><time>2026-09-11T20:43:15Z</time></trkpt>
      <trkpt lat="41.48636666666667" lon="-81.746905"><ele>160.3</ele><time>2026-09-11T20:43:16Z</time></trkpt>
      <trkpt lat="41.48636666666667" lon="-81.74692333333333"><ele>162.5</ele><time>2026-09-11T20:43:17Z</time></trkpt>
      <trkpt lat="41.48636666666667" lon="-81.746935"><ele>162.5</ele><time>2026-09-11T20:43:18Z</time></trkpt>
      <trkpt lat="41.48636333333334" lon="-81.74694666666667"><ele>162.5</ele><time>2026-09-11T20:43:19Z</time></trkpt>
      <trkpt lat="41.486358333333335" lon="-81.74696833333333"><ele>162.5</ele><time>2026-09-11T20:43:20Z</time></trkpt>
      <trkpt lat="41.486353333333334" lon="-81.746995"><ele>162.5</ele><time>2026-09-11T20:43:22Z</time></trkpt>
      <trkpt lat="41.48635" lon="-81.74701"><ele>159.1</ele><time>2026-09-11T20:43:23Z</time></trkpt>
      <trkpt lat="41.486345" lon="-81.74702833333333"><ele>162.5</ele><time>2026-09-11T20:43:24Z</time></trkpt>
      <trkpt lat="41.486345" lon="-81.74704166666666"><ele>162.5</ele><time>2026-09-11T20:43:25Z</time></trkpt>
      <trkpt lat="41.486345" lon="-81.74705833333333"><ele>162.5</ele><time>2026-09-11T20:43:26Z</time></trkpt>
      <trkpt lat="41.48634666666667" lon="-81.747065"><ele>162.5</ele><time>2026-09-11T20:43:27Z</time></trkpt>
      <trkpt lat="41.48634833333333" lon="-81.74708333333334"><ele>162.5</ele><time>2026-09-11T20:43:28Z</time></trkpt>
      <trkpt lat="41.48634833333333" lon="-81.74709333333334"><ele>162.5</ele><time>2026-09-11T20:43:29Z</time></trkpt>
      <trkpt lat="41.486351666666664" lon="-81.74710833333333"><ele>162.5</ele><time>2026-09-11T20:43:30Z</time></trkpt>
      <trkpt lat="41.486355" lon="-81.747125"><ele>162.5</ele><time>2026-09-11T20:43:31Z</time></trkpt>
      <trkpt lat="41.48636" lon="-81.74714"><ele>162.6</ele><time>2026-09-11T20:43:32Z</time></trkpt>
      <trkpt lat="41.48636333333334" lon="-81.74715333333333"><ele>162.6</ele><time>2026-09-11T20:43:33Z</time></trkpt>
      <trkpt lat="41.48636333333334" lon="-81.74716166666667"><ele>162.6</ele><time>2026-09-11T20:43:34Z</time></trkpt>
      <trkpt lat="41.486365" lon="-81.74718"><ele>162.6</ele><time>2026-09-11T20:43:35Z</time></trkpt>
      <trkpt lat="41.48636666666667" lon="-81.74718833333333"><ele>162.6</ele><time>2026-09-11T20:43:36Z</time></trkpt>
      <trkpt lat="41.48636833333333" lon="-81.74720333333333"><ele>162.6</ele><time>2026-09-11T20:43:37Z</time></trkpt>
      <trkpt lat="41.48637166666666" lon="-81.74722"><ele>162.6</ele><time>2026-09-11T20:43:38Z</time></trkpt>
      <trkpt lat="41.48637333333333" lon="-81.74723166666666"><ele>158.5</ele><time>2026-09-11T20:43:39Z</time></trkpt>
      <trkpt lat="41.48637333333333" lon="-81.747245"><ele>158.4</ele><time>2026-09-11T20:43:40Z</time></trkpt>
      <trkpt lat="41.486375" lon="-81.74726166666667"><ele>158.3</ele><time>2026-09-11T20:43:41Z</time></trkpt>
      <trkpt lat="41.486376666666665" lon="-81.74726833333334"><ele>158.3</ele><time>2026-09-11T20:43:42Z</time></trkpt>
      <trkpt lat="41.486376666666665" lon="-81.74728333333333"><ele>158.8</ele><time>2026-09-11T20:43:43Z</time></trkpt>
      <trkpt lat="41.48637333333333" lon="-81.74729166666667"><ele>159.3</ele><time>2026-09-11T20:43:44Z</time></trkpt>
      <trkpt lat="41.48637166666666" lon="-81.74730833333334"><ele>162.5</ele><time>2026-09-11T20:43:45Z</time></trkpt>
      <trkpt lat="41.48637166666666" lon="-81.74732333333333"><ele>162.5</ele><time>2026-09-11T20:43:46Z</time></trkpt>
      <trkpt lat="41.48637166666666" lon="-81.74734833333333"><ele>162.5</ele><time>2026-09-11T20:43:48Z</time></trkpt>
      <trkpt lat="41.48637166666666" lon="-81.74736166666666"><ele>162.5</ele><time>2026-09-11T20:43:49Z</time></trkpt>
      <trkpt lat="41.48637166666666" lon="-81.747375"><ele>162.5</ele><time>2026-09-11T20:43:50Z</time></trkpt>
      <trkpt lat="41.48637333333333" lon="-81.74739"><ele>162.5</ele><time>2026-09-11T20:43:51Z</time></trkpt>
      <trkpt lat="41.48637333333333" lon="-81.74739833333334"><ele>162.5</ele><time>2026-09-11T20:43:52Z</time></trkpt>
      <trkpt lat="41.486376666666665" lon="-81.74740666666666"><ele>162.5</ele><time>2026-09-11T20:43:53Z</time></trkpt>
      <trkpt lat="41.48638" lon="-81.747415"><ele>162.5</ele><time>2026-09-11T20:43:54Z</time></trkpt>
      <trkpt lat="41.486383333333336" lon="-81.74742833333333"><ele>162.5</ele><time>2026-09-11T20:43:55Z</time></trkpt>
      <trkpt lat="41.48638666666667" lon="-81.74743833333333"><ele>162.5</ele><time>2026-09-11T20:43:56Z</time></trkpt>
      <trkpt lat="41.48639333333333" lon="-81.74745166666666"><ele>162.5</ele><time>2026-09-11T20:43:57Z</time></trkpt>
      <trkpt lat="41.4864" lon="-81.74746166666667"><ele>162.5</ele><time>2026-09-11T20:43:58Z</time></trkpt>
      <trkpt lat="41.486405" lon="-81.74747"><ele>162.5</ele><time>2026-09-11T20:43:59Z</time></trkpt>
      <trkpt lat="41.48641333333333" lon="-81.74748166666667"><ele>162.5</ele><time>2026-09-11T20:44:00Z</time></trkpt>
      <trkpt lat="41.48642" lon="-81.74749"><ele>162.5</ele><time>2026-09-11T20:44:01Z</time></trkpt>
      <trkpt lat="41.486425" lon="-81.7475"><ele>162.5</ele><time>2026-09-11T20:44:02Z</time></trkpt>
      <trkpt lat="41.48643166666667" lon="-81.74751333333333"><ele>162.5</ele><time>2026-09-11T20:44:03Z</time></trkpt>
      <trkpt lat="41.48643666666667" lon="-81.74752333333333"><ele>162.5</ele><time>2026-09-11T20:44:04Z</time></trkpt>
      <trkpt lat="41.486441666666664" lon="-81.74753166666666"><ele>162.5</ele><time>2026-09-11T20:44:05Z</time></trkpt>
      <trkpt lat="41.48645" lon="-81.74754333333334"><ele>162.5</ele><time>2026-09-11T20:44:06Z</time></trkpt>
      <trkpt lat="41.486455" lon="-81.74755"><ele>159</ele><time>2026-09-11T20:44:07Z</time></trkpt>
      <trkpt lat="41.486466666666665" lon="-81.74756666666667"><ele>158.8</ele><time>2026-09-11T20:44:09Z</time></trkpt>
      <trkpt lat="41.486475" lon="-81.74757833333334"><ele>159.3</ele><time>2026-09-11T20:44:10Z</time></trkpt>
      <trkpt lat="41.48648166666667" lon="-81.74758666666666"><ele>158.8</ele><time>2026-09-11T20:44:11Z</time></trkpt>
      <trkpt lat="41.486488333333334" lon="-81.74759833333333"><ele>158.8</ele><time>2026-09-11T20:44:12Z</time></trkpt>
      <trkpt lat="41.486493333333335" lon="-81.747605"><ele>158.8</ele><time>2026-09-11T20:44:13Z</time></trkpt>
      <trkpt lat="41.48650166666667" lon="-81.74761833333334"><ele>163.3</ele><time>2026-09-11T20:44:14Z</time></trkpt>
      <trkpt lat="41.48650666666666" lon="-81.747625"><ele>162.5</ele><time>2026-09-11T20:44:15Z</time></trkpt>
      <trkpt lat="41.486518333333336" lon="-81.74764166666667"><ele>162.5</ele><time>2026-09-11T20:44:16Z</time></trkpt>
      <trkpt lat="41.48652166666667" lon="-81.74764833333333"><ele>162.5</ele><time>2026-09-11T20:44:17Z</time></trkpt>
      <trkpt lat="41.48652833333333" lon="-81.74766333333334"><ele>162.5</ele><time>2026-09-11T20:44:18Z</time></trkpt>
      <trkpt lat="41.486531666666664" lon="-81.74767"><ele>162.5</ele><time>2026-09-11T20:44:19Z</time></trkpt>
      <trkpt lat="41.48654166666667" lon="-81.747695"><ele>162.5</ele><time>2026-09-11T20:44:21Z</time></trkpt>
      <trkpt lat="41.48654333333333" lon="-81.74770833333334"><ele>162.5</ele><time>2026-09-11T20:44:22Z</time></trkpt>
      <trkpt lat="41.486545" lon="-81.74771666666666"><ele>162.5</ele><time>2026-09-11T20:44:23Z</time></trkpt>
      <trkpt lat="41.486545" lon="-81.74772333333334"><ele>162.5</ele><time>2026-09-11T20:44:24Z</time></trkpt>
      <trkpt lat="41.486545" lon="-81.74773166666667"><ele>162.5</ele><time>2026-09-11T20:44:25Z</time></trkpt>
      <trkpt lat="41.48654166666667" lon="-81.74774666666667"><ele>162.5</ele><time>2026-09-11T20:44:26Z</time></trkpt>
      <trkpt lat="41.486536666666666" lon="-81.74776"><ele>162.5</ele><time>2026-09-11T20:44:27Z</time></trkpt>
      <trkpt lat="41.486533333333334" lon="-81.747765"><ele>162.5</ele><time>2026-09-11T20:44:28Z</time></trkpt>
      <trkpt lat="41.486531666666664" lon="-81.747775"><ele>164.6</ele><time>2026-09-11T20:44:29Z</time></trkpt>
      <trkpt lat="41.48652833333333" lon="-81.74778833333333"><ele>162.5</ele><time>2026-09-11T20:44:30Z</time></trkpt>
      <trkpt lat="41.486525" lon="-81.74779833333334"><ele>163</ele><time>2026-09-11T20:44:31Z</time></trkpt>
      <trkpt lat="41.486525" lon="-81.74781166666666"><ele>163</ele><time>2026-09-11T20:44:32Z</time></trkpt>
      <trkpt lat="41.48652333333333" lon="-81.747825"><ele>163</ele><time>2026-09-11T20:44:33Z</time></trkpt>
      <trkpt lat="41.48652166666667" lon="-81.747835"><ele>163</ele><time>2026-09-11T20:44:34Z</time></trkpt>
      <trkpt lat="41.48652" lon="-81.74784333333334"><ele>163</ele><time>2026-09-11T20:44:35Z</time></trkpt>
      <trkpt lat="41.48652166666667" lon="-81.74785833333334"><ele>160</ele><time>2026-09-11T20:44:36Z</time></trkpt>
      <trkpt lat="41.48652333333333" lon="-81.74786666666667"><ele>160</ele><time>2026-09-11T20:44:37Z</time></trkpt>
      <trkpt lat="41.48652333333333" lon="-81.74787833333333"><ele>159.1</ele><time>2026-09-11T20:44:38Z</time></trkpt>
      <trkpt lat="41.48652833333333" lon="-81.74789"><ele>159.5</ele><time>2026-09-11T20:44:39Z</time></trkpt>
      <trkpt lat="41.486533333333334" lon="-81.7479"><ele>160.1</ele><time>2026-09-11T20:44:40Z</time></trkpt>
      <trkpt lat="41.486538333333336" lon="-81.74791166666667"><ele>159.799</ele><time>2026-09-11T20:44:41Z</time></trkpt>
      <trkpt lat="41.48654333333333" lon="-81.74793"><ele>163.1</ele><time>2026-09-11T20:44:42Z</time></trkpt>
      <trkpt lat="41.48654833333333" lon="-81.74794166666666"><ele>163.1</ele><time>2026-09-11T20:44:43Z</time></trkpt>
      <trkpt lat="41.486555" lon="-81.747955"><ele>162.5</ele><time>2026-09-11T20:44:45Z</time></trkpt>
      <trkpt lat="41.48656" lon="-81.74796833333333"><ele>162.1</ele><time>2026-09-11T20:44:46Z</time></trkpt>
      <trkpt lat="41.486563333333336" lon="-81.74798666666666"><ele>162.1</ele><time>2026-09-11T20:44:47Z</time></trkpt>
      <trkpt lat="41.486565" lon="-81.748"><ele>162.1</ele><time>2026-09-11T20:44:48Z</time></trkpt>
      <trkpt lat="41.48656666666667" lon="-81.74802"><ele>162.1</ele><time>2026-09-11T20:44:49Z</time></trkpt>
      <trkpt lat="41.48656666666667" lon="-81.74802833333334"><ele>162.1</ele><time>2026-09-11T20:44:50Z</time></trkpt>
      <trkpt lat="41.48656833333333" lon="-81.74803666666666"><ele>162.1</ele><time>2026-09-11T20:44:51Z</time></trkpt>
      <trkpt lat="41.48657" lon="-81.74805166666667"><ele>162.1</ele><time>2026-09-11T20:44:52Z</time></trkpt>
      <trkpt lat="41.48657333333333" lon="-81.74806666666667"><ele>162.1</ele><time>2026-09-11T20:44:53Z</time></trkpt>
      <trkpt lat="41.486576666666664" lon="-81.74807833333334"><ele>162.5</ele><time>2026-09-11T20:44:54Z</time></trkpt>
      <trkpt lat="41.486580000000004" lon="-81.74808666666667"><ele>162.5</ele><time>2026-09-11T20:44:55Z</time></trkpt>
      <trkpt lat="41.48658666666667" lon="-81.74809833333333"><ele>162.5</ele><time>2026-09-11T20:44:56Z</time></trkpt>
      <trkpt lat="41.48659" lon="-81.74810333333333"><ele>162.5</ele><time>2026-09-11T20:44:57Z</time></trkpt>
      <trkpt lat="41.486596666666664" lon="-81.74811333333334"><ele>162.5</ele><time>2026-09-11T20:44:58Z</time></trkpt>
      <trkpt lat="41.48659833333333" lon="-81.74812166666666"><ele>162.5</ele><time>2026-09-11T20:44:59Z</time></trkpt>
      <trkpt lat="41.486601666666665" lon="-81.74813"><ele>162.5</ele><time>2026-09-11T20:45:00Z</time></trkpt>
      <trkpt lat="41.48660666666667" lon="-81.74814166666667"><ele>162.5</ele><time>2026-09-11T20:45:01Z</time></trkpt>
      <trkpt lat="41.486608333333336" lon="-81.74815"><ele>162.5</ele><time>2026-09-11T20:45:02Z</time></trkpt>
      <trkpt lat="41.48661666666667" lon="-81.74816333333334"><ele>162.5</ele><time>2026-09-11T20:45:03Z</time></trkpt>
      <trkpt lat="41.486623333333334" lon="-81.74818"><ele>162.5</ele><time>2026-09-11T20:45:04Z</time></trkpt>
      <trkpt lat="41.486626666666666" lon="-81.74818833333333"><ele>162.5</ele><time>2026-09-11T20:45:05Z</time></trkpt>
      <trkpt lat="41.48663166666667" lon="-81.74820333333334"><ele>158.6</ele><time>2026-09-11T20:45:06Z</time></trkpt>
      <trkpt lat="41.486635" lon="-81.74821833333333"><ele>158.7</ele><time>2026-09-11T20:45:07Z</time></trkpt>
      <trkpt lat="41.48663666666667" lon="-81.74822666666667"><ele>159.5</ele><time>2026-09-11T20:45:08Z</time></trkpt>
      <trkpt lat="41.48663833333333" lon="-81.74823166666667"><ele>158.8</ele><time>2026-09-11T20:45:09Z</time></trkpt>
      <trkpt lat="41.48664" lon="-81.74824166666667"><ele>162.1</ele><time>2026-09-11T20:45:10Z</time></trkpt>
      <trkpt lat="41.48664333333333" lon="-81.74825833333334"><ele>162.1</ele><time>2026-09-11T20:45:11Z</time></trkpt>
      <trkpt lat="41.486645" lon="-81.74826333333333"><ele>162.1</ele><time>2026-09-11T20:45:12Z</time></trkpt>
      <trkpt lat="41.486648333333335" lon="-81.74827833333333"><ele>162.1</ele><time>2026-09-11T20:45:13Z</time></trkpt>
      <trkpt lat="41.48665166666667" lon="-81.74828833333333"><ele>162.1</ele><time>2026-09-11T20:45:14Z</time></trkpt>
      <trkpt lat="41.48665666666667" lon="-81.748305"><ele>162.1</ele><time>2026-09-11T20:45:15Z</time></trkpt>
      <trkpt lat="41.48666166666667" lon="-81.74832166666667"><ele>162.1</ele><time>2026-09-11T20:45:16Z</time></trkpt>
      <trkpt lat="41.486666666666665" lon="-81.74834"><ele>163</ele><time>2026-09-11T20:45:17Z</time></trkpt>
      <trkpt lat="41.486671666666666" lon="-81.74836166666667"><ele>163</ele><time>2026-09-11T20:45:18Z</time></trkpt>
      <trkpt lat="41.486673333333336" lon="-81.74837"><ele>163</ele><time>2026-09-11T20:45:19Z</time></trkpt>
      <trkpt lat="41.486675" lon="-81.748385"><ele>163</ele><time>2026-09-11T20:45:20Z</time></trkpt>
      <trkpt lat="41.48667666666667" lon="-81.74839333333334"><ele>163</ele><time>2026-09-11T20:45:21Z</time></trkpt>
      <trkpt lat="41.48668166666667" lon="-81.74841166666667"><ele>163</ele><time>2026-09-11T20:45:22Z</time></trkpt>
      <trkpt lat="41.486686666666664" lon="-81.748435"><ele>163</ele><time>2026-09-11T20:45:23Z</time></trkpt>
      <trkpt lat="41.48669" lon="-81.748445"><ele>163</ele><time>2026-09-11T20:45:24Z</time></trkpt>
      <trkpt lat="41.486693333333335" lon="-81.74846166666667"><ele>162.5</ele><time>2026-09-11T20:45:25Z</time></trkpt>
      <trkpt lat="41.48669666666667" lon="-81.74847"><ele>162.5</ele><time>2026-09-11T20:45:26Z</time></trkpt>
      <trkpt lat="41.4867" lon="-81.74848833333333"><ele>162.5</ele><time>2026-09-11T20:45:27Z</time></trkpt>
      <trkpt lat="41.48670833333333" lon="-81.748515"><ele>162.5</ele><time>2026-09-11T20:45:28Z</time></trkpt>
      <trkpt lat="41.48670833333333" lon="-81.74851833333334"><ele>162.5</ele><time>2026-09-11T20:45:29Z</time></trkpt>
      <trkpt lat="41.48670833333333" lon="-81.74853"><ele>162.5</ele><time>2026-09-11T20:45:30Z</time></trkpt>
      <trkpt lat="41.48671" lon="-81.74854"><ele>162.5</ele><time>2026-09-11T20:45:31Z</time></trkpt>
      <trkpt lat="41.486711666666665" lon="-81.74855"><ele>160.5</ele><time>2026-09-11T20:45:32Z</time></trkpt>
      <trkpt lat="41.486713333333334" lon="-81.74856"><ele>160.3</ele><time>2026-09-11T20:45:33Z</time></trkpt>
      <trkpt lat="41.486715" lon="-81.74857666666666"><ele>159.7</ele><time>2026-09-11T20:45:34Z</time></trkpt>
      <trkpt lat="41.486716666666666" lon="-81.74858333333333"><ele>159.7</ele><time>2026-09-11T20:45:35Z</time></trkpt>
      <trkpt lat="41.486718333333336" lon="-81.74859666666667"><ele>160</ele><time>2026-09-11T20:45:36Z</time></trkpt>
      <trkpt lat="41.486718333333336" lon="-81.748605"><ele>160.3</ele><time>2026-09-11T20:45:37Z</time></trkpt>
      <trkpt lat="41.48672333333333" lon="-81.74861666666666"><ele>162.5</ele><time>2026-09-11T20:45:38Z</time></trkpt>
      <trkpt lat="41.486731666666664" lon="-81.74864166666667"><ele>162.1</ele><time>2026-09-11T20:45:39Z</time></trkpt>
      <trkpt lat="41.486735" lon="-81.74865333333334"><ele>162.1</ele><time>2026-09-11T20:45:40Z</time></trkpt>
      <trkpt lat="41.486736666666665" lon="-81.74866833333333"><ele>162.1</ele><time>2026-09-11T20:45:41Z</time></trkpt>
      <trkpt lat="41.48674166666667" lon="-81.748685"><ele>162.1</ele><time>2026-09-11T20:45:42Z</time></trkpt>
      <trkpt lat="41.48674333333334" lon="-81.74869333333334"><ele>162.1</ele><time>2026-09-11T20:45:43Z</time></trkpt>
      <trkpt lat="41.48675" lon="-81.74871166666667"><ele>162.1</ele><time>2026-09-11T20:45:44Z</time></trkpt>
      <trkpt lat="41.48675166666666" lon="-81.74871666666667"><ele>163</ele><time>2026-09-11T20:45:45Z</time></trkpt>
      <trkpt lat="41.48675333333333" lon="-81.74872666666667"><ele>163</ele><time>2026-09-11T20:45:46Z</time></trkpt>
      <trkpt lat="41.48676" lon="-81.74874166666666"><ele>163</ele><time>2026-09-11T20:45:47Z</time></trkpt>
      <trkpt lat="41.486763333333336" lon="-81.748755"><ele>163</ele><time>2026-09-11T20:45:48Z</time></trkpt>
      <trkpt lat="41.486765" lon="-81.74876833333333"><ele>163</ele><time>2026-09-11T20:45:49Z</time></trkpt>
      <trkpt lat="41.48676833333333" lon="-81.74877833333333"><ele>163</ele><time>2026-09-11T20:45:50Z</time></trkpt>
      <trkpt lat="41.48677" lon="-81.74879333333334"><ele>163</ele><time>2026-09-11T20:45:51Z</time></trkpt>
      <trkpt lat="41.48677166666667" lon="-81.748805"><ele>163</ele><time>2026-09-11T20:45:52Z</time></trkpt>
      <trkpt lat="41.48677333333333" lon="-81.74881333333333"><ele>163</ele><time>2026-09-11T20:45:53Z</time></trkpt>
      <trkpt lat="41.486775" lon="-81.74882666666667"><ele>163</ele><time>2026-09-11T20:45:54Z</time></trkpt>
      <trkpt lat="41.486776666666664" lon="-81.74883666666666"><ele>162.5</ele><time>2026-09-11T20:45:55Z</time></trkpt>
      <trkpt lat="41.48677833333333" lon="-81.74885666666667"><ele>162.5</ele><time>2026-09-11T20:45:56Z</time></trkpt>
      <trkpt lat="41.48677833333333" lon="-81.74886333333333"><ele>162.5</ele><time>2026-09-11T20:45:57Z</time></trkpt>
      <trkpt lat="41.486776666666664" lon="-81.74887166666667"><ele>162.5</ele><time>2026-09-11T20:45:58Z</time></trkpt>
      <trkpt lat="41.48677833333333" lon="-81.748885"><ele>162.5</ele><time>2026-09-11T20:45:59Z</time></trkpt>
      <trkpt lat="41.48677833333333" lon="-81.7489"><ele>162.5</ele><time>2026-09-11T20:46:00Z</time></trkpt>
      <trkpt lat="41.486781666666666" lon="-81.748915"><ele>160.1</ele><time>2026-09-11T20:46:01Z</time></trkpt>
      <trkpt lat="41.486783333333335" lon="-81.74892833333334"><ele>160.1</ele><time>2026-09-11T20:46:02Z</time></trkpt>
      <trkpt lat="41.48678833333334" lon="-81.748945"><ele>159.7</ele><time>2026-09-11T20:46:03Z</time></trkpt>
      <trkpt lat="41.48678666666667" lon="-81.74895333333333"><ele>162.5</ele><time>2026-09-11T20:46:04Z</time></trkpt>
      <trkpt lat="41.48678833333334" lon="-81.748975"><ele>159.4</ele><time>2026-09-11T20:46:05Z</time></trkpt>
      <trkpt lat="41.48678833333334" lon="-81.748985"><ele>162.5</ele><time>2026-09-11T20:46:06Z</time></trkpt>
      <trkpt lat="41.48678666666667" lon="-81.74899666666667"><ele>162.5</ele><time>2026-09-11T20:46:07Z</time></trkpt>
      <trkpt lat="41.486781666666666" lon="-81.749015"><ele>162.5</ele><time>2026-09-11T20:46:08Z</time></trkpt>
      <trkpt lat="41.48677833333333" lon="-81.74902333333333"><ele>162.5</ele><time>2026-09-11T20:46:09Z</time></trkpt>
      <trkpt lat="41.48677" lon="-81.74903666666667"><ele>162.5</ele><time>2026-09-11T20:46:10Z</time></trkpt>
      <trkpt lat="41.486763333333336" lon="-81.74905"><ele>162.1</ele><time>2026-09-11T20:46:11Z</time></trkpt>
      <trkpt lat="41.486756666666665" lon="-81.74906166666666"><ele>162.1</ele><time>2026-09-11T20:46:12Z</time></trkpt>
      <trkpt lat="41.48674833333333" lon="-81.74908"><ele>162.1</ele><time>2026-09-11T20:46:13Z</time></trkpt>
      <trkpt lat="41.486745" lon="-81.74908666666667"><ele>163</ele><time>2026-09-11T20:46:14Z</time></trkpt>
      <trkpt lat="41.48674166666667" lon="-81.74909333333333"><ele>163</ele><time>2026-09-11T20:46:15Z</time></trkpt>
      <trkpt lat="41.486736666666665" lon="-81.749105"><ele>163</ele><time>2026-09-11T20:46:16Z</time></trkpt>
      <trkpt lat="41.48673" lon="-81.74912"><ele>163</ele><time>2026-09-11T20:46:17Z</time></trkpt>
      <trkpt lat="41.48672666666667" lon="-81.749135"><ele>163</ele><time>2026-09-11T20:46:18Z</time></trkpt>
      <trkpt lat="41.48672333333333" lon="-81.74916166666667"><ele>163</ele><time>2026-09-11T20:46:19Z</time></trkpt>
      <trkpt lat="41.48672333333333" lon="-81.74916833333333"><ele>163</ele><time>2026-09-11T20:46:20Z</time></trkpt>
      <trkpt lat="41.48672166666667" lon="-81.74917666666667"><ele>163</ele><time>2026-09-11T20:46:21Z</time></trkpt>
      <trkpt lat="41.486718333333336" lon="-81.74919666666666"><ele>164.7</ele><time>2026-09-11T20:46:22Z</time></trkpt>
      <trkpt lat="41.486716666666666" lon="-81.74920833333333"><ele>164.7</ele><time>2026-09-11T20:46:23Z</time></trkpt>
      <trkpt lat="41.486713333333334" lon="-81.74922666666667"><ele>163.5</ele><time>2026-09-11T20:46:24Z</time></trkpt>
      <trkpt lat="41.48670833333333" lon="-81.74924333333334"><ele>163.5</ele><time>2026-09-11T20:46:25Z</time></trkpt>
      <trkpt lat="41.48670833333333" lon="-81.74925333333333"><ele>163.5</ele><time>2026-09-11T20:46:26Z</time></trkpt>
      <trkpt lat="41.486705" lon="-81.74927"><ele>163.6</ele><time>2026-09-11T20:46:27Z</time></trkpt>
      <trkpt lat="41.48670333333333" lon="-81.749285"><ele>163.5</ele><time>2026-09-11T20:46:28Z</time></trkpt>
      <trkpt lat="41.48670333333333" lon="-81.74929833333333"><ele>163.4</ele><time>2026-09-11T20:46:29Z</time></trkpt>
      <trkpt lat="41.48670333333333" lon="-81.74931666666667"><ele>163.4</ele><time>2026-09-11T20:46:30Z</time></trkpt>
      <trkpt lat="41.48670333333333" lon="-81.74933333333334"><ele>160.6</ele><time>2026-09-11T20:46:31Z</time></trkpt>
      <trkpt lat="41.48670333333333" lon="-81.74933833333333"><ele>161.2</ele><time>2026-09-11T20:46:32Z</time></trkpt>
      <trkpt lat="41.48670333333333" lon="-81.74936166666667"><ele>160.6</ele><time>2026-09-11T20:46:34Z</time></trkpt>
      <trkpt lat="41.486705" lon="-81.749375"><ele>160.799</ele><time>2026-09-11T20:46:35Z</time></trkpt>
      <trkpt lat="41.486705" lon="-81.74938666666667"><ele>162.499</ele><time>2026-09-11T20:46:36Z</time></trkpt>
      <trkpt lat="41.486705" lon="-81.74939833333333"><ele>162.499</ele><time>2026-09-11T20:46:37Z</time></trkpt>
      <trkpt lat="41.48670333333333" lon="-81.74941166666666"><ele>162.5</ele><time>2026-09-11T20:46:38Z</time></trkpt>
      <trkpt lat="41.48670333333333" lon="-81.74942"><ele>162.5</ele><time>2026-09-11T20:46:39Z</time></trkpt>
      <trkpt lat="41.48670333333333" lon="-81.74944333333333"><ele>163.3</ele><time>2026-09-11T20:46:40Z</time></trkpt>
      <trkpt lat="41.48670333333333" lon="-81.749455"><ele>163.3</ele><time>2026-09-11T20:46:41Z</time></trkpt>
      <trkpt lat="41.48670333333333" lon="-81.749465"><ele>163.3</ele><time>2026-09-11T20:46:42Z</time></trkpt>
      <trkpt lat="41.486705" lon="-81.74948166666667"><ele>163.8</ele><time>2026-09-11T20:46:43Z</time></trkpt>
      <trkpt lat="41.48670833333333" lon="-81.74950166666666"><ele>163.8</ele><time>2026-09-11T20:46:44Z</time></trkpt>
      <trkpt lat="41.48670833333333" lon="-81.74951833333333"><ele>163.8</ele><time>2026-09-11T20:46:45Z</time></trkpt>
      <trkpt lat="41.48671" lon="-81.749535"><ele>163.8</ele><time>2026-09-11T20:46:46Z</time></trkpt>
      <trkpt lat="41.486713333333334" lon="-81.74954333333334"><ele>163.8</ele><time>2026-09-11T20:46:47Z</time></trkpt>
      <trkpt lat="41.48672" lon="-81.74956"><ele>163.1</ele><time>2026-09-11T20:46:48Z</time></trkpt>
      <trkpt lat="41.48672166666667" lon="-81.74956833333333"><ele>163.8</ele><time>2026-09-11T20:46:49Z</time></trkpt>
      <trkpt lat="41.486725" lon="-81.74957833333333"><ele>162.7</ele><time>2026-09-11T20:46:50Z</time></trkpt>
      <trkpt lat="41.48672666666667" lon="-81.74959"><ele>162.5</ele><time>2026-09-11T20:46:51Z</time></trkpt>
      <trkpt lat="41.48673" lon="-81.74960166666666"><ele>162.5</ele><time>2026-09-11T20:46:52Z</time></trkpt>
      <trkpt lat="41.486731666666664" lon="-81.749615"><ele>162.5</ele><time>2026-09-11T20:46:53Z</time></trkpt>
      <trkpt lat="41.48673333333333" lon="-81.749625"><ele>162.5</ele><time>2026-09-11T20:46:54Z</time></trkpt>
      <trkpt lat="41.486736666666665" lon="-81.74964333333334"><ele>162.5</ele><time>2026-09-11T20:46:55Z</time></trkpt>
      <trkpt lat="41.48674" lon="-81.74965333333333"><ele>162.5</ele><time>2026-09-11T20:46:56Z</time></trkpt>
      <trkpt lat="41.48674166666667" lon="-81.74967"><ele>162.5</ele><time>2026-09-11T20:46:57Z</time></trkpt>
      <trkpt lat="41.48674333333334" lon="-81.74968333333334"><ele>162.5</ele><time>2026-09-11T20:46:58Z</time></trkpt>
      <trkpt lat="41.48674666666667" lon="-81.74969833333333"><ele>162.5</ele><time>2026-09-11T20:46:59Z</time></trkpt>
      <trkpt lat="41.486755" lon="-81.74971166666667"><ele>162.5</ele><time>2026-09-11T20:47:00Z</time></trkpt>
      <trkpt lat="41.48676" lon="-81.749715"><ele>162.5</ele><time>2026-09-11T20:47:01Z</time></trkpt>
      <trkpt lat="41.48676666666667" lon="-81.749725"><ele>162.5</ele><time>2026-09-11T20:47:02Z</time></trkpt>
      <trkpt lat="41.48677" lon="-81.74973333333334"><ele>162.5</ele><time>2026-09-11T20:47:03Z</time></trkpt>
      <trkpt lat="41.486775" lon="-81.74974333333333"><ele>162.5</ele><time>2026-09-11T20:47:04Z</time></trkpt>
      <trkpt lat="41.48678" lon="-81.74975166666667"><ele>162.5</ele><time>2026-09-11T20:47:05Z</time></trkpt>
      <trkpt lat="41.486785" lon="-81.74975833333333"><ele>162.5</ele><time>2026-09-11T20:47:06Z</time></trkpt>
      <trkpt lat="41.48678833333334" lon="-81.74976333333333"><ele>162.5</ele><time>2026-09-11T20:47:07Z</time></trkpt>
      <trkpt lat="41.486795" lon="-81.74977166666666"><ele>160.7</ele><time>2026-09-11T20:47:08Z</time></trkpt>
      <trkpt lat="41.48679833333333" lon="-81.74977833333334"><ele>160.7</ele><time>2026-09-11T20:47:09Z</time></trkpt>
      <trkpt lat="41.486808333333336" lon="-81.74979166666667"><ele>162.5</ele><time>2026-09-11T20:47:10Z</time></trkpt>
      <trkpt lat="41.486808333333336" lon="-81.74979333333333"><ele>162.5</ele><time>2026-09-11T20:47:11Z</time></trkpt>
      <trkpt lat="41.486815" lon="-81.74979833333333"><ele>162.5</ele><time>2026-09-11T20:47:12Z</time></trkpt>
      <trkpt lat="41.486821666666664" lon="-81.74980833333333"><ele>162.5</ele><time>2026-09-11T20:47:13Z</time></trkpt>
      <trkpt lat="41.48683" lon="-81.74981833333334"><ele>162.5</ele><time>2026-09-11T20:47:14Z</time></trkpt>
      <trkpt lat="41.48684" lon="-81.74983666666667"><ele>162</ele><time>2026-09-11T20:47:15Z</time></trkpt>
      <trkpt lat="41.48684333333333" lon="-81.74984166666667"><ele>163.8</ele><time>2026-09-11T20:47:16Z</time></trkpt>
      <trkpt lat="41.486846666666665" lon="-81.749845"><ele>163.8</ele><time>2026-09-11T20:47:17Z</time></trkpt>
      <trkpt lat="41.48685666666667" lon="-81.749855"><ele>162.5</ele><time>2026-09-11T20:47:18Z</time></trkpt>
      <trkpt lat="41.48686333333333" lon="-81.74986166666666"><ele>163.8</ele><time>2026-09-11T20:47:19Z</time></trkpt>
      <trkpt lat="41.486875" lon="-81.74986833333334"><ele>163</ele><time>2026-09-11T20:47:20Z</time></trkpt>
      <trkpt lat="41.48688833333333" lon="-81.74987833333333"><ele>162.5</ele><time>2026-09-11T20:47:21Z</time></trkpt>
      <trkpt lat="41.486898333333336" lon="-81.74988666666667"><ele>162.5</ele><time>2026-09-11T20:47:22Z</time></trkpt>
      <trkpt lat="41.48690666666667" lon="-81.749895"><ele>162.5</ele><time>2026-09-11T20:47:23Z</time></trkpt>
      <trkpt lat="41.486915" lon="-81.7499"><ele>162.5</ele><time>2026-09-11T20:47:24Z</time></trkpt>
      <trkpt lat="41.486925" lon="-81.74991"><ele>162.5</ele><time>2026-09-11T20:47:25Z</time></trkpt>
      <trkpt lat="41.48693333333333" lon="-81.74991333333334"><ele>162.5</ele><time>2026-09-11T20:47:26Z</time></trkpt>
      <trkpt lat="41.48694" lon="-81.74992"><ele>162.5</ele><time>2026-09-11T20:47:27Z</time></trkpt>
      <trkpt lat="41.48695" lon="-81.74992833333333"><ele>162.5</ele><time>2026-09-11T20:47:28Z</time></trkpt>
      <trkpt lat="41.48695333333333" lon="-81.74993333333333"><ele>162.5</ele><time>2026-09-11T20:47:29Z</time></trkpt>
      <trkpt lat="41.486965" lon="-81.74994666666667"><ele>162.5</ele><time>2026-09-11T20:47:30Z</time></trkpt>
      <trkpt lat="41.48697166666667" lon="-81.749955"><ele>162.5</ele><time>2026-09-11T20:47:31Z</time></trkpt>
      <trkpt lat="41.48698" lon="-81.74996333333333"><ele>162.5</ele><time>2026-09-11T20:47:32Z</time></trkpt>
      <trkpt lat="41.48699166666667" lon="-81.74997"><ele>162.5</ele><time>2026-09-11T20:47:33Z</time></trkpt>
      <trkpt lat="41.487008333333335" lon="-81.74998"><ele>162.5</ele><time>2026-09-11T20:47:34Z</time></trkpt>
      <trkpt lat="41.48701333333333" lon="-81.749985"><ele>162.5</ele><time>2026-09-11T20:47:35Z</time></trkpt>
      <trkpt lat="41.487021666666664" lon="-81.74999"><ele>162.5</ele><time>2026-09-11T20:47:36Z</time></trkpt>
      <trkpt lat="41.487033333333336" lon="-81.75"><ele>162.5</ele><time>2026-09-11T20:47:37Z</time></trkpt>
      <trkpt lat="41.48704" lon="-81.75000666666666"><ele>162.5</ele><time>2026-09-11T20:47:38Z</time></trkpt>
      <trkpt lat="41.487049999999996" lon="-81.750015"><ele>162.8</ele><time>2026-09-11T20:47:39Z</time></trkpt>
      <trkpt lat="41.48705833333333" lon="-81.750025"><ele>162.8</ele><time>2026-09-11T20:47:40Z</time></trkpt>
      <trkpt lat="41.487071666666665" lon="-81.75003833333334"><ele>162.8</ele><time>2026-09-11T20:47:41Z</time></trkpt>
      <trkpt lat="41.48707666666667" lon="-81.75004166666666"><ele>162.8</ele><time>2026-09-11T20:47:42Z</time></trkpt>
      <trkpt lat="41.48708166666667" lon="-81.75004666666666"><ele>162.8</ele><time>2026-09-11T20:47:43Z</time></trkpt>
      <trkpt lat="41.487093333333334" lon="-81.75005666666667"><ele>162.8</ele><time>2026-09-11T20:47:44Z</time></trkpt>
      <trkpt lat="41.48710333333333" lon="-81.750065"><ele>162.8</ele><time>2026-09-11T20:47:45Z</time></trkpt>
      <trkpt lat="41.48711" lon="-81.75007"><ele>162.8</ele><time>2026-09-11T20:47:46Z</time></trkpt>
      <trkpt lat="41.487118333333335" lon="-81.75008"><ele>163.8</ele><time>2026-09-11T20:47:47Z</time></trkpt>
      <trkpt lat="41.48712666666667" lon="-81.75008666666666"><ele>162.8</ele><time>2026-09-11T20:47:48Z</time></trkpt>
      <trkpt lat="41.48713333333333" lon="-81.75009"><ele>162.5</ele><time>2026-09-11T20:47:49Z</time></trkpt>
      <trkpt lat="41.48714" lon="-81.75009333333334"><ele>162.5</ele><time>2026-09-11T20:47:50Z</time></trkpt>
      <trkpt lat="41.487145" lon="-81.750095"><ele>162.5</ele><time>2026-09-11T20:47:51Z</time></trkpt>
      <trkpt lat="41.487156666666664" lon="-81.75009666666666"><ele>162.5</ele><time>2026-09-11T20:47:52Z</time></trkpt>
      <trkpt lat="41.487163333333335" lon="-81.75009833333333"><ele>162.5</ele><time>2026-09-11T20:47:53Z</time></trkpt>
      <trkpt lat="41.48717833333333" lon="-81.750095"><ele>162.5</ele><time>2026-09-11T20:47:54Z</time></trkpt>
      <trkpt lat="41.487186666666666" lon="-81.75009666666666"><ele>162.5</ele><time>2026-09-11T20:47:55Z</time></trkpt>
      <trkpt lat="41.48719833333333" lon="-81.75009666666666"><ele>162.5</ele><time>2026-09-11T20:47:56Z</time></trkpt>
      <trkpt lat="41.487208333333335" lon="-81.750095"><ele>162.5</ele><time>2026-09-11T20:47:57Z</time></trkpt>
      <trkpt lat="41.48722" lon="-81.75009333333334"><ele>162.5</ele><time>2026-09-11T20:47:58Z</time></trkpt>
      <trkpt lat="41.487225" lon="-81.75009333333334"><ele>162.5</ele><time>2026-09-11T20:47:59Z</time></trkpt>
      <trkpt lat="41.48724333333333" lon="-81.75009333333334"><ele>162.5</ele><time>2026-09-11T20:48:00Z</time></trkpt>
      <trkpt lat="41.487251666666666" lon="-81.750095"><ele>162.8</ele><time>2026-09-11T20:48:01Z</time></trkpt>
      <trkpt lat="41.48725833333334" lon="-81.75009666666666"><ele>162.8</ele><time>2026-09-11T20:48:02Z</time></trkpt>
      <trkpt lat="41.48726666666666" lon="-81.75009833333333"><ele>162.8</ele><time>2026-09-11T20:48:03Z</time></trkpt>
      <trkpt lat="41.48728166666667" lon="-81.7501"><ele>162.8</ele><time>2026-09-11T20:48:04Z</time></trkpt>
      <trkpt lat="41.487296666666666" lon="-81.75010166666667"><ele>160.7</ele><time>2026-09-11T20:48:05Z</time></trkpt>
      <trkpt lat="41.48731" lon="-81.75010333333333"><ele>162.5</ele><time>2026-09-11T20:48:06Z</time></trkpt>
      <trkpt lat="41.48732666666667" lon="-81.75010666666667"><ele>162.5</ele><time>2026-09-11T20:48:07Z</time></trkpt>
      <trkpt lat="41.48733166666667" lon="-81.75010666666667"><ele>162.5</ele><time>2026-09-11T20:48:08Z</time></trkpt>
      <trkpt lat="41.487345" lon="-81.75010833333333"><ele>162.8</ele><time>2026-09-11T20:48:09Z</time></trkpt>
      <trkpt lat="41.48735833333333" lon="-81.75010666666667"><ele>162.8</ele><time>2026-09-11T20:48:10Z</time></trkpt>
      <trkpt lat="41.48736666666667" lon="-81.75010666666667"><ele>162.8</ele><time>2026-09-11T20:48:11Z</time></trkpt>
      <trkpt lat="41.48737833333333" lon="-81.75010333333333"><ele>162.8</ele><time>2026-09-11T20:48:12Z</time></trkpt>
      <trkpt lat="41.487395" lon="-81.75010166666667"><ele>162.8</ele><time>2026-09-11T20:48:13Z</time></trkpt>
      <trkpt lat="41.4874" lon="-81.75010166666667"><ele>162.8</ele><time>2026-09-11T20:48:14Z</time></trkpt>
      <trkpt lat="41.487406666666665" lon="-81.75010166666667"><ele>162.8</ele><time>2026-09-11T20:48:15Z</time></trkpt>
      <trkpt lat="41.48742166666667" lon="-81.75010166666667"><ele>162.9</ele><time>2026-09-11T20:48:16Z</time></trkpt>
      <trkpt lat="41.487428333333334" lon="-81.75010166666667"><ele>162.9</ele><time>2026-09-11T20:48:17Z</time></trkpt>
      <trkpt lat="41.487435" lon="-81.75010166666667"><ele>162.5</ele><time>2026-09-11T20:48:18Z</time></trkpt>
      <trkpt lat="41.48744666666666" lon="-81.7501"><ele>162.5</ele><time>2026-09-11T20:48:19Z</time></trkpt>
      <trkpt lat="41.48746" lon="-81.75010166666667"><ele>162.5</ele><time>2026-09-11T20:48:20Z</time></trkpt>
      <trkpt lat="41.48747" lon="-81.75010333333333"><ele>162.5</ele><time>2026-09-11T20:48:21Z</time></trkpt>
      <trkpt lat="41.487475" lon="-81.750105"><ele>162.5</ele><time>2026-09-11T20:48:22Z</time></trkpt>
      <trkpt lat="41.48748166666667" lon="-81.750105"><ele>162.5</ele><time>2026-09-11T20:48:23Z</time></trkpt>
      <trkpt lat="41.48749166666666" lon="-81.75010666666667"><ele>162.5</ele><time>2026-09-11T20:48:24Z</time></trkpt>
      <trkpt lat="41.4875" lon="-81.75010833333333"><ele>162.5</ele><time>2026-09-11T20:48:25Z</time></trkpt>
      <trkpt lat="41.487505" lon="-81.75011"><ele>162.5</ele><time>2026-09-11T20:48:26Z</time></trkpt>
      <trkpt lat="41.487515" lon="-81.75011333333333"><ele>162.5</ele><time>2026-09-11T20:48:27Z</time></trkpt>
      <trkpt lat="41.48753" lon="-81.750115"><ele>162.5</ele><time>2026-09-11T20:48:28Z</time></trkpt>
      <trkpt lat="41.487541666666665" lon="-81.75011666666667"><ele>162.5</ele><time>2026-09-11T20:48:29Z</time></trkpt>
      <trkpt lat="41.48755" lon="-81.75012166666667"><ele>162.5</ele><time>2026-09-11T20:48:30Z</time></trkpt>
      <trkpt lat="41.487555" lon="-81.750125"><ele>162.5</ele><time>2026-09-11T20:48:31Z</time></trkpt>
      <trkpt lat="41.487566666666666" lon="-81.75013166666666"><ele>162.8</ele><time>2026-09-11T20:48:32Z</time></trkpt>
      <trkpt lat="41.48758333333333" lon="-81.75014"><ele>162.5</ele><time>2026-09-11T20:48:33Z</time></trkpt>
      <trkpt lat="41.487595" lon="-81.750145"><ele>160</ele><time>2026-09-11T20:48:35Z</time></trkpt>
      <trkpt lat="41.487606666666665" lon="-81.75015333333333"><ele>160.1</ele><time>2026-09-11T20:48:36Z</time></trkpt>
      <trkpt lat="41.48761666666667" lon="-81.75016333333333"><ele>162.799</ele><time>2026-09-11T20:48:37Z</time></trkpt>
      <trkpt lat="41.487625" lon="-81.75017166666666"><ele>162.8</ele><time>2026-09-11T20:48:38Z</time></trkpt>
      <trkpt lat="41.48763666666667" lon="-81.750185"><ele>162.8</ele><time>2026-09-11T20:48:39Z</time></trkpt>
      <trkpt lat="41.48764333333333" lon="-81.75019166666667"><ele>162.8</ele><time>2026-09-11T20:48:40Z</time></trkpt>
      <trkpt lat="41.48765" lon="-81.75020166666667"><ele>162.8</ele><time>2026-09-11T20:48:41Z</time></trkpt>
      <trkpt lat="41.487653333333334" lon="-81.75020833333333"><ele>162.8</ele><time>2026-09-11T20:48:42Z</time></trkpt>
      <trkpt lat="41.487658333333336" lon="-81.75022333333334"><ele>162.8</ele><time>2026-09-11T20:48:43Z</time></trkpt>
      <trkpt lat="41.48766333333333" lon="-81.75024"><ele>162.8</ele><time>2026-09-11T20:48:44Z</time></trkpt>
      <trkpt lat="41.48766666666667" lon="-81.75025333333333"><ele>162.1</ele><time>2026-09-11T20:48:45Z</time></trkpt>
      <trkpt lat="41.48766833333333" lon="-81.75027166666666"><ele>161.9</ele><time>2026-09-11T20:48:46Z</time></trkpt>
      <trkpt lat="41.48767" lon="-81.75028666666667"><ele>163</ele><time>2026-09-11T20:48:47Z</time></trkpt>
      <trkpt lat="41.487671666666664" lon="-81.75029666666667"><ele>163</ele><time>2026-09-11T20:48:48Z</time></trkpt>
      <trkpt lat="41.48766833333333" lon="-81.75031166666666"><ele>163</ele><time>2026-09-11T20:48:49Z</time></trkpt>
      <trkpt lat="41.48766833333333" lon="-81.75032833333333"><ele>163</ele><time>2026-09-11T20:48:51Z</time></trkpt>
      <trkpt lat="41.487671666666664" lon="-81.75033833333333"><ele>162.5</ele><time>2026-09-11T20:48:52Z</time></trkpt>
      <trkpt lat="41.48767333333333" lon="-81.75035"><ele>162.5</ele><time>2026-09-11T20:48:53Z</time></trkpt>
      <trkpt lat="41.487671666666664" lon="-81.75036666666666"><ele>162.5</ele><time>2026-09-11T20:48:54Z</time></trkpt>
      <trkpt lat="41.487671666666664" lon="-81.75037833333333"><ele>162.5</ele><time>2026-09-11T20:48:55Z</time></trkpt>
      <trkpt lat="41.487671666666664" lon="-81.750395"><ele>162.5</ele><time>2026-09-11T20:48:56Z</time></trkpt>
      <trkpt lat="41.48766666666667" lon="-81.75041"><ele>162.8</ele><time>2026-09-11T20:48:57Z</time></trkpt>
      <trkpt lat="41.487665" lon="-81.75041666666667"><ele>162.8</ele><time>2026-09-11T20:48:58Z</time></trkpt>
      <trkpt lat="41.48766166666667" lon="-81.75043"><ele>162.8</ele><time>2026-09-11T20:48:59Z</time></trkpt>
      <trkpt lat="41.487656666666666" lon="-81.75045833333333"><ele>162.8</ele><time>2026-09-11T20:49:01Z</time></trkpt>
      <trkpt lat="41.487655" lon="-81.750475"><ele>162.8</ele><time>2026-09-11T20:49:02Z</time></trkpt>
      <trkpt lat="41.487655" lon="-81.750485"><ele>162.8</ele><time>2026-09-11T20:49:03Z</time></trkpt>
      <trkpt lat="41.48765" lon="-81.75049833333334"><ele>160.2</ele><time>2026-09-11T20:49:04Z</time></trkpt>
      <trkpt lat="41.48765" lon="-81.750505"><ele>162</ele><time>2026-09-11T20:49:05Z</time></trkpt>
      <trkpt lat="41.48764833333333" lon="-81.75051"><ele>162</ele><time>2026-09-11T20:49:06Z</time></trkpt>
      <trkpt lat="41.487645" lon="-81.75051833333333"><ele>162</ele><time>2026-09-11T20:49:07Z</time></trkpt>
      <trkpt lat="41.48764" lon="-81.75052666666667"><ele>162</ele><time>2026-09-11T20:49:08Z</time></trkpt>
      <trkpt lat="41.487635" lon="-81.75052833333334"><ele>162</ele><time>2026-09-11T20:49:09Z</time></trkpt>
      <trkpt lat="41.48762833333333" lon="-81.75053166666666"><ele>162</ele><time>2026-09-11T20:49:10Z</time></trkpt>
      <trkpt lat="41.48762" lon="-81.750535"><ele>162</ele><time>2026-09-11T20:49:11Z</time></trkpt>
      <trkpt lat="41.487615" lon="-81.75053666666666"><ele>162.8</ele><time>2026-09-11T20:49:12Z</time></trkpt>
      <trkpt lat="41.48760166666667" lon="-81.750545"><ele>162.8</ele><time>2026-09-11T20:49:13Z</time></trkpt>
      <trkpt lat="41.48759833333333" lon="-81.75054666666666"><ele>162.8</ele><time>2026-09-11T20:49:14Z</time></trkpt>
      <trkpt lat="41.48759166666667" lon="-81.75055166666667"><ele>162.8</ele><time>2026-09-11T20:49:15Z</time></trkpt>
      <trkpt lat="41.48758" lon="-81.75056"><ele>162.8</ele><time>2026-09-11T20:49:16Z</time></trkpt>
      <trkpt lat="41.48757166666667" lon="-81.75057"><ele>162.8</ele><time>2026-09-11T20:49:17Z</time></trkpt>
      <trkpt lat="41.487566666666666" lon="-81.75057666666666"><ele>162.8</ele><time>2026-09-11T20:49:18Z</time></trkpt>
      <trkpt lat="41.48755666666667" lon="-81.75058666666666"><ele>162.8</ele><time>2026-09-11T20:49:19Z</time></trkpt>
      <trkpt lat="41.487548333333336" lon="-81.750595"><ele>162.8</ele><time>2026-09-11T20:49:20Z</time></trkpt>
      <trkpt lat="41.487535" lon="-81.75061333333333"><ele>162.8</ele><time>2026-09-11T20:49:21Z</time></trkpt>
      <trkpt lat="41.48752833333333" lon="-81.750625"><ele>162.8</ele><time>2026-09-11T20:49:22Z</time></trkpt>
      <trkpt lat="41.48752" lon="-81.75063666666667"><ele>162.8</ele><time>2026-09-11T20:49:23Z</time></trkpt>
      <trkpt lat="41.487515" lon="-81.75064666666667"><ele>162.8</ele><time>2026-09-11T20:49:24Z</time></trkpt>
      <trkpt lat="41.487505" lon="-81.75066166666667"><ele>162.8</ele><time>2026-09-11T20:49:25Z</time></trkpt>
      <trkpt lat="41.487498333333335" lon="-81.75067333333334"><ele>162.8</ele><time>2026-09-11T20:49:26Z</time></trkpt>
      <trkpt lat="41.48748833333333" lon="-81.75069166666667"><ele>161.6</ele><time>2026-09-11T20:49:27Z</time></trkpt>
      <trkpt lat="41.48748333333333" lon="-81.75069666666667"><ele>161.6</ele><time>2026-09-11T20:49:28Z</time></trkpt>
      <trkpt lat="41.487478333333335" lon="-81.75070666666667"><ele>161.6</ele><time>2026-09-11T20:49:29Z</time></trkpt>
      <trkpt lat="41.48746833333333" lon="-81.75071833333334"><ele>161.6</ele><time>2026-09-11T20:49:30Z</time></trkpt>
      <trkpt lat="41.48746166666667" lon="-81.75073"><ele>161.6</ele><time>2026-09-11T20:49:31Z</time></trkpt>
      <trkpt lat="41.487455" lon="-81.75074"><ele>161.6</ele><time>2026-09-11T20:49:32Z</time></trkpt>
      <trkpt lat="41.48745" lon="-81.75074666666667"><ele>161.6</ele><time>2026-09-11T20:49:33Z</time></trkpt>
      <trkpt lat="41.48744333333333" lon="-81.75076"><ele>161.6</ele><time>2026-09-11T20:49:34Z</time></trkpt>
      <trkpt lat="41.48743666666667" lon="-81.750775"><ele>161.6</ele><time>2026-09-11T20:49:35Z</time></trkpt>
      <trkpt lat="41.48743833333333" lon="-81.75078"><ele>161.6</ele><time>2026-09-11T20:49:36Z</time></trkpt>
      <trkpt lat="41.487433333333335" lon="-81.75079166666667"><ele>161.6</ele><time>2026-09-11T20:49:37Z</time></trkpt>
      <trkpt lat="41.487426666666664" lon="-81.75080333333334"><ele>161.6</ele><time>2026-09-11T20:49:38Z</time></trkpt>
      <trkpt lat="41.48742166666667" lon="-81.75081666666667"><ele>161.6</ele><time>2026-09-11T20:49:39Z</time></trkpt>
      <trkpt lat="41.487415" lon="-81.75082833333333"><ele>161.6</ele><time>2026-09-11T20:49:40Z</time></trkpt>
      <trkpt lat="41.48741166666667" lon="-81.75084"><ele>161.6</ele><time>2026-09-11T20:49:41Z</time></trkpt>
      <trkpt lat="41.487406666666665" lon="-81.750855"><ele>161.6</ele><time>2026-09-11T20:49:42Z</time></trkpt>
      <trkpt lat="41.48740333333333" lon="-81.75086"><ele>161.6</ele><time>2026-09-11T20:49:43Z</time></trkpt>
      <trkpt lat="41.48739833333333" lon="-81.75087166666667"><ele>161.6</ele><time>2026-09-11T20:49:44Z</time></trkpt>
      <trkpt lat="41.487395" lon="-81.75087833333333"><ele>161.6</ele><time>2026-09-11T20:49:45Z</time></trkpt>
      <trkpt lat="41.487388333333335" lon="-81.75089"><ele>161.6</ele><time>2026-09-11T20:49:46Z</time></trkpt>
      <trkpt lat="41.48737833333333" lon="-81.750905"><ele>161.6</ele><time>2026-09-11T20:49:47Z</time></trkpt>
      <trkpt lat="41.487368333333336" lon="-81.750915"><ele>161.6</ele><time>2026-09-11T20:49:48Z</time></trkpt>
      <trkpt lat="41.48736" lon="-81.75092666666667"><ele>161.6</ele><time>2026-09-11T20:49:49Z</time></trkpt>
      <trkpt lat="41.48735333333333" lon="-81.75093666666666"><ele>161.6</ele><time>2026-09-11T20:49:50Z</time></trkpt>
      <trkpt lat="41.48734833333334" lon="-81.75094666666666"><ele>161</ele><time>2026-09-11T20:49:51Z</time></trkpt>
      <trkpt lat="41.487341666666666" lon="-81.75095666666667"><ele>161</ele><time>2026-09-11T20:49:52Z</time></trkpt>
      <trkpt lat="41.48733" lon="-81.75097166666667"><ele>161</ele><time>2026-09-11T20:49:53Z</time></trkpt>
      <trkpt lat="41.487321666666666" lon="-81.75098"><ele>161</ele><time>2026-09-11T20:49:54Z</time></trkpt>
      <trkpt lat="41.48731166666666" lon="-81.75099333333333"><ele>161</ele><time>2026-09-11T20:49:55Z</time></trkpt>
      <trkpt lat="41.48730666666667" lon="-81.75100166666667"><ele>161</ele><time>2026-09-11T20:49:56Z</time></trkpt>
      <trkpt lat="41.487298333333335" lon="-81.751015"><ele>161</ele><time>2026-09-11T20:49:57Z</time></trkpt>
      <trkpt lat="41.48729" lon="-81.75103"><ele>161</ele><time>2026-09-11T20:49:58Z</time></trkpt>
      <trkpt lat="41.487276666666666" lon="-81.75104833333333"><ele>162</ele><time>2026-09-11T20:49:59Z</time></trkpt>
      <trkpt lat="41.487271666666665" lon="-81.75105833333333"><ele>162</ele><time>2026-09-11T20:50:00Z</time></trkpt>
      <trkpt lat="41.48726166666667" lon="-81.75107"><ele>162</ele><time>2026-09-11T20:50:01Z</time></trkpt>
      <trkpt lat="41.487253333333335" lon="-81.75108166666666"><ele>162</ele><time>2026-09-11T20:50:02Z</time></trkpt>
      <trkpt lat="41.487245" lon="-81.75109166666667"><ele>162</ele><time>2026-09-11T20:50:03Z</time></trkpt>
      <trkpt lat="41.48723666666667" lon="-81.75110166666667"><ele>162</ele><time>2026-09-11T20:50:04Z</time></trkpt>
      <trkpt lat="41.48723" lon="-81.75111333333334"><ele>162</ele><time>2026-09-11T20:50:05Z</time></trkpt>
      <trkpt lat="41.48722166666667" lon="-81.75112333333334"><ele>162</ele><time>2026-09-11T20:50:06Z</time></trkpt>
      <trkpt lat="41.487215" lon="-81.75113333333333"><ele>162</ele><time>2026-09-11T20:50:07Z</time></trkpt>
      <trkpt lat="41.48721" lon="-81.75114333333333"><ele>162</ele><time>2026-09-11T20:50:08Z</time></trkpt>
      <trkpt lat="41.487205" lon="-81.751155"><ele>162</ele><time>2026-09-11T20:50:09Z</time></trkpt>
      <trkpt lat="41.48719833333333" lon="-81.75117333333333"><ele>162</ele><time>2026-09-11T20:50:10Z</time></trkpt>
      <trkpt lat="41.48719666666667" lon="-81.75117833333333"><ele>162</ele><time>2026-09-11T20:50:11Z</time></trkpt>
      <trkpt lat="41.48719333333333" lon="-81.75118833333333"><ele>162</ele><time>2026-09-11T20:50:12Z</time></trkpt>
      <trkpt lat="41.48719" lon="-81.75119833333333"><ele>162</ele><time>2026-09-11T20:50:13Z</time></trkpt>
      <trkpt lat="41.487186666666666" lon="-81.75120833333334"><ele>162</ele><time>2026-09-11T20:50:14Z</time></trkpt>
      <trkpt lat="41.487181666666665" lon="-81.75122166666667"><ele>161</ele><time>2026-09-11T20:50:15Z</time></trkpt>
      <trkpt lat="41.48717666666667" lon="-81.75123333333333"><ele>161</ele><time>2026-09-11T20:50:16Z</time></trkpt>
      <trkpt lat="41.48717166666667" lon="-81.75124666666666"><ele>161</ele><time>2026-09-11T20:50:17Z</time></trkpt>
      <trkpt lat="41.48716666666667" lon="-81.75126166666666"><ele>161</ele><time>2026-09-11T20:50:18Z</time></trkpt>
      <trkpt lat="41.487161666666665" lon="-81.751275"><ele>161</ele><time>2026-09-11T20:50:19Z</time></trkpt>
      <trkpt lat="41.487156666666664" lon="-81.75128833333333"><ele>161</ele><time>2026-09-11T20:50:20Z</time></trkpt>
      <trkpt lat="41.48715166666667" lon="-81.75130166666666"><ele>161</ele><time>2026-09-11T20:50:21Z</time></trkpt>
      <trkpt lat="41.487145" lon="-81.751315"><ele>161</ele><time>2026-09-11T20:50:22Z</time></trkpt>
      <trkpt lat="41.487138333333334" lon="-81.75133166666667"><ele>160.2</ele><time>2026-09-11T20:50:23Z</time></trkpt>
      <trkpt lat="41.48713333333333" lon="-81.751345"><ele>160.2</ele><time>2026-09-11T20:50:24Z</time></trkpt>
      <trkpt lat="41.48712666666667" lon="-81.75136"><ele>160.2</ele><time>2026-09-11T20:50:25Z</time></trkpt>
      <trkpt lat="41.48712" lon="-81.75137166666667"><ele>160.2</ele><time>2026-09-11T20:50:26Z</time></trkpt>
      <trkpt lat="41.48711333333333" lon="-81.75138833333334"><ele>160.2</ele><time>2026-09-11T20:50:27Z</time></trkpt>
      <trkpt lat="41.48710833333333" lon="-81.75139666666666"><ele>160.2</ele><time>2026-09-11T20:50:28Z</time></trkpt>
      <trkpt lat="41.487095" lon="-81.75141"><ele>158.2</ele><time>2026-09-11T20:50:29Z</time></trkpt>
      <trkpt lat="41.48708666666667" lon="-81.75141666666667"><ele>157.6</ele><time>2026-09-11T20:50:30Z</time></trkpt>
      <trkpt lat="41.487075" lon="-81.75142666666666"><ele>157.6</ele><time>2026-09-11T20:50:31Z</time></trkpt>
      <trkpt lat="41.48706333333333" lon="-81.75143666666666"><ele>158</ele><time>2026-09-11T20:50:32Z</time></trkpt>
      <trkpt lat="41.487055" lon="-81.75144333333333"><ele>158</ele><time>2026-09-11T20:50:33Z</time></trkpt>
      <trkpt lat="41.48704333333333" lon="-81.75145333333333"><ele>158</ele><time>2026-09-11T20:50:34Z</time></trkpt>
      <trkpt lat="41.48703" lon="-81.75146"><ele>157.4</ele><time>2026-09-11T20:50:35Z</time></trkpt>
      <trkpt lat="41.48701833333333" lon="-81.75146333333333"><ele>157.7</ele><time>2026-09-11T20:50:36Z</time></trkpt>
      <trkpt lat="41.48701" lon="-81.75146833333334"><ele>157.7</ele><time>2026-09-11T20:50:37Z</time></trkpt>
      <trkpt lat="41.48699833333333" lon="-81.751475"><ele>158.5</ele><time>2026-09-11T20:50:38Z</time></trkpt>
      <trkpt lat="41.48699" lon="-81.75148333333334"><ele>158.5</ele><time>2026-09-11T20:50:39Z</time></trkpt>
      <trkpt lat="41.48697666666666" lon="-81.751495"><ele>158.2</ele><time>2026-09-11T20:50:40Z</time></trkpt>
      <trkpt lat="41.48697166666667" lon="-81.7515"><ele>158.799</ele><time>2026-09-11T20:50:41Z</time></trkpt>
      <trkpt lat="41.486963333333335" lon="-81.75150333333333"><ele>158.799</ele><time>2026-09-11T20:50:42Z</time></trkpt>
      <trkpt lat="41.486955" lon="-81.75151166666667"><ele>158.999</ele><time>2026-09-11T20:50:43Z</time></trkpt>
      <trkpt lat="41.48694666666667" lon="-81.75152166666666"><ele>158.599</ele><time>2026-09-11T20:50:44Z</time></trkpt>
      <trkpt lat="41.486938333333335" lon="-81.75152666666666"><ele>158.299</ele><time>2026-09-11T20:50:45Z</time></trkpt>
      <trkpt lat="41.48692833333333" lon="-81.75153666666667"><ele>158.199</ele><time>2026-09-11T20:50:46Z</time></trkpt>
      <trkpt lat="41.486918333333335" lon="-81.75154166666667"><ele>158.1</ele><time>2026-09-11T20:50:47Z</time></trkpt>
      <trkpt lat="41.48690333333333" lon="-81.75155166666667"><ele>158</ele><time>2026-09-11T20:50:48Z</time></trkpt>
      <trkpt lat="41.48689666666667" lon="-81.75155833333334"><ele>157.8</ele><time>2026-09-11T20:50:49Z</time></trkpt>
      <trkpt lat="41.48688666666666" lon="-81.751565"><ele>157.8</ele><time>2026-09-11T20:50:50Z</time></trkpt>
      <trkpt lat="41.486875" lon="-81.75157166666666"><ele>157.8</ele><time>2026-09-11T20:50:51Z</time></trkpt>
      <trkpt lat="41.486865" lon="-81.75157833333333"><ele>157.6</ele><time>2026-09-11T20:50:52Z</time></trkpt>
      <trkpt lat="41.48685833333333" lon="-81.75158333333333"><ele>157.6</ele><time>2026-09-11T20:50:53Z</time></trkpt>
      <trkpt lat="41.486848333333334" lon="-81.75158666666667"><ele>157.6</ele><time>2026-09-11T20:50:54Z</time></trkpt>
      <trkpt lat="41.48683333333334" lon="-81.75159166666667"><ele>157.7</ele><time>2026-09-11T20:50:55Z</time></trkpt>
      <trkpt lat="41.486825" lon="-81.75159166666667"><ele>157.5</ele><time>2026-09-11T20:50:56Z</time></trkpt>
      <trkpt lat="41.48681166666667" lon="-81.75159666666667"><ele>157.5</ele><time>2026-09-11T20:50:57Z</time></trkpt>
      <trkpt lat="41.4868" lon="-81.75159666666667"><ele>157.1</ele><time>2026-09-11T20:50:58Z</time></trkpt>
      <trkpt lat="41.48679166666667" lon="-81.75159666666667"><ele>157.1</ele><time>2026-09-11T20:50:59Z</time></trkpt>
      <trkpt lat="41.48678" lon="-81.75159166666667"><ele>156.6</ele><time>2026-09-11T20:51:00Z</time></trkpt>
      <trkpt lat="41.48677333333333" lon="-81.75158333333333"><ele>157.2</ele><time>2026-09-11T20:51:01Z</time></trkpt>
      <trkpt lat="41.48676833333333" lon="-81.75157666666667"><ele>157.299</ele><time>2026-09-11T20:51:02Z</time></trkpt>
      <trkpt lat="41.48676" lon="-81.75157333333334"><ele>157.299</ele><time>2026-09-11T20:51:04Z</time></trkpt>
      <trkpt lat="41.486745" lon="-81.75157833333333"><ele>157.3</ele><time>2026-09-11T20:51:05Z</time></trkpt>
      <trkpt lat="41.486738333333335" lon="-81.75158"><ele>157.3</ele><time>2026-09-11T20:51:06Z</time></trkpt>
      <trkpt lat="41.48672666666667" lon="-81.751585"><ele>157.9</ele><time>2026-09-11T20:51:07Z</time></trkpt>
      <trkpt lat="41.486718333333336" lon="-81.75159"><ele>157.8</ele><time>2026-09-11T20:51:08Z</time></trkpt>
      <trkpt lat="41.486705" lon="-81.75159833333333"><ele>157.6</ele><time>2026-09-11T20:51:09Z</time></trkpt>
      <trkpt lat="41.48670166666667" lon="-81.7516"><ele>157.6</ele><time>2026-09-11T20:51:10Z</time></trkpt>
      <trkpt lat="41.48668" lon="-81.75161"><ele>158</ele><time>2026-09-11T20:51:11Z</time></trkpt>
      <trkpt lat="41.486675" lon="-81.75161333333334"><ele>158</ele><time>2026-09-11T20:51:12Z</time></trkpt>
      <trkpt lat="41.48665833333333" lon="-81.75161333333334"><ele>158.2</ele><time>2026-09-11T20:51:13Z</time></trkpt>
      <trkpt lat="41.48663833333333" lon="-81.751615"><ele>158.299</ele><time>2026-09-11T20:51:15Z</time></trkpt>
      <trkpt lat="41.486623333333334" lon="-81.751615"><ele>158.7</ele><time>2026-09-11T20:51:16Z</time></trkpt>
      <trkpt lat="41.486608333333336" lon="-81.751615"><ele>158.7</ele><time>2026-09-11T20:51:17Z</time></trkpt>
      <trkpt lat="41.48659833333333" lon="-81.751615"><ele>158.7</ele><time>2026-09-11T20:51:18Z</time></trkpt>
      <trkpt lat="41.486580000000004" lon="-81.75161833333334"><ele>160.2</ele><time>2026-09-11T20:51:19Z</time></trkpt>
      <trkpt lat="41.48657166666667" lon="-81.75161833333334"><ele>160.2</ele><time>2026-09-11T20:51:20Z</time></trkpt>
      <trkpt lat="41.486563333333336" lon="-81.75162"><ele>160.2</ele><time>2026-09-11T20:51:21Z</time></trkpt>
      <trkpt lat="41.486551666666664" lon="-81.75162333333333"><ele>160.2</ele><time>2026-09-11T20:51:22Z</time></trkpt>
      <trkpt lat="41.48654" lon="-81.75162833333333"><ele>158.6</ele><time>2026-09-11T20:51:23Z</time></trkpt>
      <trkpt lat="41.486533333333334" lon="-81.75162833333333"><ele>158.6</ele><time>2026-09-11T20:51:24Z</time></trkpt>
      <trkpt lat="41.486518333333336" lon="-81.75162833333333"><ele>160.2</ele><time>2026-09-11T20:51:25Z</time></trkpt>
      <trkpt lat="41.48650833333333" lon="-81.75162666666667"><ele>160.2</ele><time>2026-09-11T20:51:26Z</time></trkpt>
      <trkpt lat="41.4865" lon="-81.751625"><ele>160.2</ele><time>2026-09-11T20:51:27Z</time></trkpt>
      <trkpt lat="41.486488333333334" lon="-81.75162166666667"><ele>158.6</ele><time>2026-09-11T20:51:28Z</time></trkpt>
      <trkpt lat="41.48647833333333" lon="-81.75162"><ele>158.799</ele><time>2026-09-11T20:51:29Z</time></trkpt>
      <trkpt lat="41.48646333333333" lon="-81.75161666666666"><ele>159.099</ele><time>2026-09-11T20:51:30Z</time></trkpt>
      <trkpt lat="41.48645166666667" lon="-81.751615"><ele>159.1</ele><time>2026-09-11T20:51:31Z</time></trkpt>
      <trkpt lat="41.486441666666664" lon="-81.75161333333334"><ele>159.1</ele><time>2026-09-11T20:51:32Z</time></trkpt>
      <trkpt lat="41.486428333333336" lon="-81.751615"><ele>160</ele><time>2026-09-11T20:51:33Z</time></trkpt>
      <trkpt lat="41.486421666666665" lon="-81.75161333333334"><ele>160</ele><time>2026-09-11T20:51:34Z</time></trkpt>
      <trkpt lat="41.48640833333333" lon="-81.75161166666666"><ele>160</ele><time>2026-09-11T20:51:35Z</time></trkpt>
      <trkpt lat="41.486395" lon="-81.75161"><ele>161.3</ele><time>2026-09-11T20:51:36Z</time></trkpt>
      <trkpt lat="41.486385" lon="-81.75160833333334"><ele>161.3</ele><time>2026-09-11T20:51:37Z</time></trkpt>
      <trkpt lat="41.48637333333333" lon="-81.75160666666666"><ele>161.8</ele><time>2026-09-11T20:51:38Z</time></trkpt>
      <trkpt lat="41.48636166666667" lon="-81.751605"><ele>161.3</ele><time>2026-09-11T20:51:39Z</time></trkpt>
      <trkpt lat="41.48635" lon="-81.751605"><ele>161.3</ele><time>2026-09-11T20:51:40Z</time></trkpt>
      <trkpt lat="41.486336666666666" lon="-81.75160333333334"><ele>161.3</ele><time>2026-09-11T20:51:41Z</time></trkpt>
      <trkpt lat="41.486325" lon="-81.7516"><ele>161.8</ele><time>2026-09-11T20:51:42Z</time></trkpt>
      <trkpt lat="41.486315" lon="-81.75159666666667"><ele>161.8</ele><time>2026-09-11T20:51:43Z</time></trkpt>
      <trkpt lat="41.486308333333334" lon="-81.75159166666667"><ele>161.8</ele><time>2026-09-11T20:51:44Z</time></trkpt>
      <trkpt lat="41.48630166666667" lon="-81.75158666666667"><ele>161.8</ele><time>2026-09-11T20:51:45Z</time></trkpt>
      <trkpt lat="41.486288333333334" lon="-81.75157833333333"><ele>162.1</ele><time>2026-09-11T20:51:46Z</time></trkpt>
      <trkpt lat="41.48627666666667" lon="-81.75157"><ele>162.1</ele><time>2026-09-11T20:51:47Z</time></trkpt>
      <trkpt lat="41.48628166666666" lon="-81.75155333333333"><ele>162.5</ele><time>2026-09-11T20:51:48Z</time></trkpt>
      <trkpt lat="41.48627833333333" lon="-81.75154666666667"><ele>162.5</ele><time>2026-09-11T20:51:49Z</time></trkpt>
      <trkpt lat="41.48627333333334" lon="-81.75154166666667"><ele>162.5</ele><time>2026-09-11T20:51:50Z</time></trkpt>
      <trkpt lat="41.48627" lon="-81.75153666666667"><ele>162.5</ele><time>2026-09-11T20:51:51Z</time></trkpt>
      <trkpt lat="41.48626333333333" lon="-81.75152333333334"><ele>162.5</ele><time>2026-09-11T20:51:52Z</time></trkpt>
      <trkpt lat="41.486261666666664" lon="-81.75151333333334"><ele>162.5</ele><time>2026-09-11T20:51:53Z</time></trkpt>
      <trkpt lat="41.48625833333333" lon="-81.7515"><ele>162.5</ele><time>2026-09-11T20:51:54Z</time></trkpt>
      <trkpt lat="41.48625333333333" lon="-81.75148"><ele>162.5</ele><time>2026-09-11T20:51:55Z</time></trkpt>
      <trkpt lat="41.48625" lon="-81.75147166666666"><ele>162.1</ele><time>2026-09-11T20:51:56Z</time></trkpt>
      <trkpt lat="41.486246666666666" lon="-81.75145666666667"><ele>162.1</ele><time>2026-09-11T20:51:57Z</time></trkpt>
      <trkpt lat="41.486245" lon="-81.751445"><ele>162.1</ele><time>2026-09-11T20:51:58Z</time></trkpt>
      <trkpt lat="41.486243333333334" lon="-81.75143"><ele>162.1</ele><time>2026-09-11T20:51:59Z</time></trkpt>
      <trkpt lat="41.486243333333334" lon="-81.75142"><ele>162.1</ele><time>2026-09-11T20:52:00Z</time></trkpt>
      <trkpt lat="41.486243333333334" lon="-81.751405"><ele>162.1</ele><time>2026-09-11T20:52:01Z</time></trkpt>
      <trkpt lat="41.486243333333334" lon="-81.75139"><ele>162.1</ele><time>2026-09-11T20:52:02Z</time></trkpt>
      <trkpt lat="41.486246666666666" lon="-81.75138"><ele>162.1</ele><time>2026-09-11T20:52:03Z</time></trkpt>
      <trkpt lat="41.48625166666667" lon="-81.751365"><ele>162.6</ele><time>2026-09-11T20:52:04Z</time></trkpt>
      <trkpt lat="41.48625666666667" lon="-81.75135333333333"><ele>162.6</ele><time>2026-09-11T20:52:05Z</time></trkpt>
      <trkpt lat="41.48626333333333" lon="-81.75134333333334"><ele>162.6</ele><time>2026-09-11T20:52:06Z</time></trkpt>
      <trkpt lat="41.48627333333334" lon="-81.75133"><ele>162.6</ele><time>2026-09-11T20:52:07Z</time></trkpt>
      <trkpt lat="41.486275" lon="-81.751325"><ele>162.6</ele><time>2026-09-11T20:52:08Z</time></trkpt>
      <trkpt lat="41.48628" lon="-81.75131666666667"><ele>162.6</ele><time>2026-09-11T20:52:09Z</time></trkpt>
      <trkpt lat="41.486288333333334" lon="-81.75130166666666"><ele>162.6</ele><time>2026-09-11T20:52:10Z</time></trkpt>
      <trkpt lat="41.486295" lon="-81.75129"><ele>164</ele><time>2026-09-11T20:52:11Z</time></trkpt>
      <trkpt lat="41.48630333333333" lon="-81.75127833333333"><ele>164</ele><time>2026-09-11T20:52:12Z</time></trkpt>
      <trkpt lat="41.486308333333334" lon="-81.75127"><ele>164</ele><time>2026-09-11T20:52:13Z</time></trkpt>
      <trkpt lat="41.48631833333334" lon="-81.75125833333334"><ele>164</ele><time>2026-09-11T20:52:14Z</time></trkpt>
      <trkpt lat="41.48632833333333" lon="-81.75124666666666"><ele>164</ele><time>2026-09-11T20:52:15Z</time></trkpt>
      <trkpt lat="41.486335" lon="-81.751235"><ele>164</ele><time>2026-09-11T20:52:16Z</time></trkpt>
      <trkpt lat="41.48634166666667" lon="-81.75122333333333"><ele>164</ele><time>2026-09-11T20:52:17Z</time></trkpt>
      <trkpt lat="41.48634333333333" lon="-81.75121833333333"><ele>164</ele><time>2026-09-11T20:52:18Z</time></trkpt>
      <trkpt lat="41.48635" lon="-81.75121"><ele>162.8</ele><time>2026-09-11T20:52:19Z</time></trkpt>
      <trkpt lat="41.486355" lon="-81.75120333333334"><ele>162.8</ele><time>2026-09-11T20:52:20Z</time></trkpt>
      <trkpt lat="41.48636166666667" lon="-81.75119166666667"><ele>162.8</ele><time>2026-09-11T20:52:21Z</time></trkpt>
      <trkpt lat="41.48637" lon="-81.75118166666667"><ele>162.8</ele><time>2026-09-11T20:52:22Z</time></trkpt>
      <trkpt lat="41.486376666666665" lon="-81.75116833333334"><ele>162.8</ele><time>2026-09-11T20:52:23Z</time></trkpt>
      <trkpt lat="41.486385" lon="-81.751155"><ele>162.8</ele><time>2026-09-11T20:52:24Z</time></trkpt>
      <trkpt lat="41.48639" lon="-81.75114333333333"><ele>162.8</ele><time>2026-09-11T20:52:25Z</time></trkpt>
      <trkpt lat="41.48639333333333" lon="-81.75113"><ele>162.8</ele><time>2026-09-11T20:52:26Z</time></trkpt>
      <trkpt lat="41.486398333333334" lon="-81.75110833333333"><ele>163</ele><time>2026-09-11T20:52:27Z</time></trkpt>
      <trkpt lat="41.486401666666666" lon="-81.75110166666667"><ele>163</ele><time>2026-09-11T20:52:28Z</time></trkpt>
      <trkpt lat="41.486405" lon="-81.75108666666667"><ele>163</ele><time>2026-09-11T20:52:29Z</time></trkpt>
      <trkpt lat="41.48640833333333" lon="-81.75107666666666"><ele>163</ele><time>2026-09-11T20:52:30Z</time></trkpt>
      <trkpt lat="41.48641" lon="-81.751065"><ele>163</ele><time>2026-09-11T20:52:31Z</time></trkpt>
      <trkpt lat="41.486415" lon="-81.75105"><ele>163</ele><time>2026-09-11T20:52:32Z</time></trkpt>
      <trkpt lat="41.48641833333333" lon="-81.75103833333333"><ele>163</ele><time>2026-09-11T20:52:33Z</time></trkpt>
      <trkpt lat="41.486423333333335" lon="-81.75102333333334"><ele>163</ele><time>2026-09-11T20:52:34Z</time></trkpt>
      <trkpt lat="41.486425" lon="-81.75101166666667"><ele>163</ele><time>2026-09-11T20:52:35Z</time></trkpt>
      <trkpt lat="41.48642666666667" lon="-81.75100666666667"><ele>163</ele><time>2026-09-11T20:52:36Z</time></trkpt>
      <trkpt lat="41.48643166666667" lon="-81.751005"><ele>163</ele><time>2026-09-11T20:52:37Z</time></trkpt>
      <trkpt lat="41.486435" lon="-81.75099833333333"><ele>163</ele><time>2026-09-11T20:52:38Z</time></trkpt>
      <trkpt lat="41.486445" lon="-81.75096833333333"><ele>163</ele><time>2026-09-11T20:52:40Z</time></trkpt>
      <trkpt lat="41.48645333333333" lon="-81.75094833333333"><ele>163</ele><time>2026-09-11T20:52:41Z</time></trkpt>
      <trkpt lat="41.48646333333333" lon="-81.75092833333333"><ele>163</ele><time>2026-09-11T20:52:42Z</time></trkpt>
      <trkpt lat="41.486473333333336" lon="-81.75090333333333"><ele>162.8</ele><time>2026-09-11T20:52:43Z</time></trkpt>
      <trkpt lat="41.48648333333333" lon="-81.75088"><ele>162.8</ele><time>2026-09-11T20:52:44Z</time></trkpt>
      <trkpt lat="41.48649" lon="-81.75086166666667"><ele>162.8</ele><time>2026-09-11T20:52:45Z</time></trkpt>
      <trkpt lat="41.486493333333335" lon="-81.75085333333334"><ele>162.8</ele><time>2026-09-11T20:52:46Z</time></trkpt>
      <trkpt lat="41.48649666666667" lon="-81.75084"><ele>162.8</ele><time>2026-09-11T20:52:47Z</time></trkpt>
      <trkpt lat="41.48650166666667" lon="-81.75082666666667"><ele>162.8</ele><time>2026-09-11T20:52:48Z</time></trkpt>
      <trkpt lat="41.486505" lon="-81.75081"><ele>162.8</ele><time>2026-09-11T20:52:49Z</time></trkpt>
      <trkpt lat="41.48650833333333" lon="-81.75079333333333"><ele>162.8</ele><time>2026-09-11T20:52:50Z</time></trkpt>
      <trkpt lat="41.486511666666665" lon="-81.75077833333333"><ele>162.8</ele><time>2026-09-11T20:52:51Z</time></trkpt>
      <trkpt lat="41.486513333333335" lon="-81.75076333333334"><ele>162.8</ele><time>2026-09-11T20:52:52Z</time></trkpt>
      <trkpt lat="41.486515" lon="-81.750745"><ele>162.8</ele><time>2026-09-11T20:52:53Z</time></trkpt>
      <trkpt lat="41.48651666666667" lon="-81.750735"><ele>162.8</ele><time>2026-09-11T20:52:54Z</time></trkpt>
      <trkpt lat="41.486518333333336" lon="-81.75072333333334"><ele>162.8</ele><time>2026-09-11T20:52:55Z</time></trkpt>
      <trkpt lat="41.48652" lon="-81.75070666666667"><ele>162.8</ele><time>2026-09-11T20:52:56Z</time></trkpt>
      <trkpt lat="41.48652" lon="-81.75069333333333"><ele>162.8</ele><time>2026-09-11T20:52:57Z</time></trkpt>
      <trkpt lat="41.48652" lon="-81.75068333333333"><ele>162.8</ele><time>2026-09-11T20:52:58Z</time></trkpt>
      <trkpt lat="41.48652333333333" lon="-81.75066666666666"><ele>162.5</ele><time>2026-09-11T20:52:59Z</time></trkpt>
      <trkpt lat="41.486525" lon="-81.75065"><ele>162.5</ele><time>2026-09-11T20:53:00Z</time></trkpt>
      <trkpt lat="41.48652666666667" lon="-81.75063666666667"><ele>162.5</ele><time>2026-09-11T20:53:01Z</time></trkpt>
      <trkpt lat="41.48652833333333" lon="-81.75062"><ele>162.5</ele><time>2026-09-11T20:53:02Z</time></trkpt>
      <trkpt lat="41.486533333333334" lon="-81.75059666666667"><ele>162.5</ele><time>2026-09-11T20:53:03Z</time></trkpt>
      <trkpt lat="41.486533333333334" lon="-81.75058833333334"><ele>162.5</ele><time>2026-09-11T20:53:04Z</time></trkpt>
      <trkpt lat="41.486535" lon="-81.75057166666667"><ele>162.5</ele><time>2026-09-11T20:53:05Z</time></trkpt>
      <trkpt lat="41.486536666666666" lon="-81.750555"><ele>162.5</ele><time>2026-09-11T20:53:06Z</time></trkpt>
      <trkpt lat="41.486538333333336" lon="-81.75054166666666"><ele>162.5</ele><time>2026-09-11T20:53:07Z</time></trkpt>
      <trkpt lat="41.486538333333336" lon="-81.75052666666667"><ele>162.5</ele><time>2026-09-11T20:53:08Z</time></trkpt>
      <trkpt lat="41.48654166666667" lon="-81.75051333333333"><ele>162.5</ele><time>2026-09-11T20:53:09Z</time></trkpt>
      <trkpt lat="41.48654333333333" lon="-81.7505"><ele>162.5</ele><time>2026-09-11T20:53:10Z</time></trkpt>
      <trkpt lat="41.48654666666667" lon="-81.75048333333334"><ele>162.5</ele><time>2026-09-11T20:53:11Z</time></trkpt>
      <trkpt lat="41.48654666666667" lon="-81.750475"><ele>162.5</ele><time>2026-09-11T20:53:12Z</time></trkpt>
      <trkpt lat="41.48654833333333" lon="-81.75046333333333"><ele>162.5</ele><time>2026-09-11T20:53:13Z</time></trkpt>
      <trkpt lat="41.486551666666664" lon="-81.75044833333334"><ele>162.7</ele><time>2026-09-11T20:53:14Z</time></trkpt>
      <trkpt lat="41.48655333333333" lon="-81.75043833333334"><ele>162.7</ele><time>2026-09-11T20:53:15Z</time></trkpt>
      <trkpt lat="41.486556666666665" lon="-81.750425"><ele>162.7</ele><time>2026-09-11T20:53:16Z</time></trkpt>
      <trkpt lat="41.486558333333335" lon="-81.75041166666666"><ele>162.7</ele><time>2026-09-11T20:53:17Z</time></trkpt>
      <trkpt lat="41.48656" lon="-81.75039833333334"><ele>162.7</ele><time>2026-09-11T20:53:18Z</time></trkpt>
      <trkpt lat="41.48656166666667" lon="-81.75038833333333"><ele>162.7</ele><time>2026-09-11T20:53:19Z</time></trkpt>
      <trkpt lat="41.486565" lon="-81.75037333333333"><ele>162.7</ele><time>2026-09-11T20:53:20Z</time></trkpt>
      <trkpt lat="41.486565" lon="-81.750365"><ele>162.7</ele><time>2026-09-11T20:53:21Z</time></trkpt>
      <trkpt lat="41.486565" lon="-81.75035"><ele>162.5</ele><time>2026-09-11T20:53:22Z</time></trkpt>
      <trkpt lat="41.486565" lon="-81.75034"><ele>162.5</ele><time>2026-09-11T20:53:23Z</time></trkpt>
      <trkpt lat="41.486563333333336" lon="-81.75033"><ele>162.5</ele><time>2026-09-11T20:53:24Z</time></trkpt>
      <trkpt lat="41.48656166666667" lon="-81.75032"><ele>162.5</ele><time>2026-09-11T20:53:25Z</time></trkpt>
      <trkpt lat="41.48656166666667" lon="-81.75030666666666"><ele>162.5</ele><time>2026-09-11T20:53:26Z</time></trkpt>
      <trkpt lat="41.48656" lon="-81.75029333333333"><ele>162.5</ele><time>2026-09-11T20:53:27Z</time></trkpt>
      <trkpt lat="41.48656" lon="-81.75027333333334"><ele>162.5</ele><time>2026-09-11T20:53:28Z</time></trkpt>
      <trkpt lat="41.48656" lon="-81.75027"><ele>162.5</ele><time>2026-09-11T20:53:29Z</time></trkpt>
      <trkpt lat="41.48656" lon="-81.75026166666666"><ele>162.5</ele><time>2026-09-11T20:53:30Z</time></trkpt>
      <trkpt lat="41.48656166666667" lon="-81.75024166666667"><ele>162.5</ele><time>2026-09-11T20:53:31Z</time></trkpt>
      <trkpt lat="41.48656" lon="-81.75022833333334"><ele>162.5</ele><time>2026-09-11T20:53:32Z</time></trkpt>
      <trkpt lat="41.486558333333335" lon="-81.7502"><ele>162.5</ele><time>2026-09-11T20:53:34Z</time></trkpt>
      <trkpt lat="41.48656" lon="-81.750185"><ele>162.5</ele><time>2026-09-11T20:53:35Z</time></trkpt>
      <trkpt lat="41.48656" lon="-81.75016666666667"><ele>162.5</ele><time>2026-09-11T20:53:36Z</time></trkpt>
      <trkpt lat="41.486556666666665" lon="-81.75015333333333"><ele>163.6</ele><time>2026-09-11T20:53:37Z</time></trkpt>
      <trkpt lat="41.48655333333333" lon="-81.75013833333334"><ele>163.6</ele><time>2026-09-11T20:53:38Z</time></trkpt>
      <trkpt lat="41.48655333333333" lon="-81.75012833333334"><ele>163.6</ele><time>2026-09-11T20:53:39Z</time></trkpt>
      <trkpt lat="41.48654666666667" lon="-81.75010333333333"><ele>163.6</ele><time>2026-09-11T20:53:40Z</time></trkpt>
      <trkpt lat="41.486545" lon="-81.75009666666666"><ele>163.6</ele><time>2026-09-11T20:53:41Z</time></trkpt>
      <trkpt lat="41.48654166666667" lon="-81.75008833333334"><ele>163.6</ele><time>2026-09-11T20:53:42Z</time></trkpt>
      <trkpt lat="41.486535" lon="-81.75007166666667"><ele>163.6</ele><time>2026-09-11T20:53:43Z</time></trkpt>
      <trkpt lat="41.48653" lon="-81.75006"><ele>163.6</ele><time>2026-09-11T20:53:44Z</time></trkpt>
      <trkpt lat="41.486525" lon="-81.75004833333334"><ele>163.799</ele><time>2026-09-11T20:53:45Z</time></trkpt>
      <trkpt lat="41.48652" lon="-81.75003333333333"><ele>163.799</ele><time>2026-09-11T20:53:46Z</time></trkpt>
      <trkpt lat="41.48651666666667" lon="-81.75001666666667"><ele>163.8</ele><time>2026-09-11T20:53:47Z</time></trkpt>
      <trkpt lat="41.486515" lon="-81.75000833333333"><ele>163.8</ele><time>2026-09-11T20:53:48Z</time></trkpt>
      <trkpt lat="41.486511666666665" lon="-81.74999666666666"><ele>163.8</ele><time>2026-09-11T20:53:49Z</time></trkpt>
      <trkpt lat="41.48650833333333" lon="-81.749985"><ele>163.8</ele><time>2026-09-11T20:53:50Z</time></trkpt>
      <trkpt lat="41.48650333333333" lon="-81.749965"><ele>163.8</ele><time>2026-09-11T20:53:51Z</time></trkpt>
      <trkpt lat="41.4865" lon="-81.74994666666667"><ele>163.8</ele><time>2026-09-11T20:53:52Z</time></trkpt>
      <trkpt lat="41.48649666666667" lon="-81.74992166666667"><ele>162.8</ele><time>2026-09-11T20:53:53Z</time></trkpt>
      <trkpt lat="41.486491666666666" lon="-81.749905"><ele>162.8</ele><time>2026-09-11T20:53:54Z</time></trkpt>
      <trkpt lat="41.48648333333333" lon="-81.74988666666667"><ele>162.8</ele><time>2026-09-11T20:53:55Z</time></trkpt>
      <trkpt lat="41.48648" lon="-81.74987833333333"><ele>162.8</ele><time>2026-09-11T20:53:56Z</time></trkpt>
      <trkpt lat="41.486473333333336" lon="-81.74986666666666"><ele>162.8</ele><time>2026-09-11T20:53:57Z</time></trkpt>
      <trkpt lat="41.48647" lon="-81.74985833333334"><ele>162.8</ele><time>2026-09-11T20:53:58Z</time></trkpt>
      <trkpt lat="41.486465" lon="-81.749845"><ele>162.8</ele><time>2026-09-11T20:53:59Z</time></trkpt>
      <trkpt lat="41.48645833333333" lon="-81.74982666666666"><ele>162.8</ele><time>2026-09-11T20:54:00Z</time></trkpt>
      <trkpt lat="41.48645666666667" lon="-81.74981833333334"><ele>162.8</ele><time>2026-09-11T20:54:01Z</time></trkpt>
      <trkpt lat="41.48645333333333" lon="-81.74980833333333"><ele>162.8</ele><time>2026-09-11T20:54:02Z</time></trkpt>
      <trkpt lat="41.48645" lon="-81.749795"><ele>162.8</ele><time>2026-09-11T20:54:03Z</time></trkpt>
      <trkpt lat="41.486446666666666" lon="-81.74978666666667"><ele>162.8</ele><time>2026-09-11T20:54:04Z</time></trkpt>
      <trkpt lat="41.486445" lon="-81.74977166666666"><ele>162.8</ele><time>2026-09-11T20:54:05Z</time></trkpt>
      <trkpt lat="41.48644" lon="-81.74975666666667"><ele>162.8</ele><time>2026-09-11T20:54:06Z</time></trkpt>
      <trkpt lat="41.48643833333333" lon="-81.74974666666667"><ele>162.8</ele><time>2026-09-11T20:54:07Z</time></trkpt>
      <trkpt lat="41.486435" lon="-81.74973"><ele>162.8</ele><time>2026-09-11T20:54:08Z</time></trkpt>
      <trkpt lat="41.48644" lon="-81.74972333333334"><ele>163.5</ele><time>2026-09-11T20:54:09Z</time></trkpt>
      <trkpt lat="41.486445" lon="-81.74971833333333"><ele>163.5</ele><time>2026-09-11T20:54:10Z</time></trkpt>
      <trkpt lat="41.486445" lon="-81.74970166666667"><ele>163.5</ele><time>2026-09-11T20:54:11Z</time></trkpt>
      <trkpt lat="41.486445" lon="-81.74969666666667"><ele>163.5</ele><time>2026-09-11T20:54:12Z</time></trkpt>
      <trkpt lat="41.486445" lon="-81.74968833333334"><ele>163.5</ele><time>2026-09-11T20:54:13Z</time></trkpt>
      <trkpt lat="41.486441666666664" lon="-81.74967"><ele>163.5</ele><time>2026-09-11T20:54:14Z</time></trkpt>
      <trkpt lat="41.486441666666664" lon="-81.74966166666667"><ele>163.5</ele><time>2026-09-11T20:54:15Z</time></trkpt>
      <trkpt lat="41.486443333333334" lon="-81.74964666666666"><ele>163.5</ele><time>2026-09-11T20:54:16Z</time></trkpt>
      <trkpt lat="41.486443333333334" lon="-81.74963333333334"><ele>163.1</ele><time>2026-09-11T20:54:17Z</time></trkpt>
      <trkpt lat="41.486441666666664" lon="-81.749615"><ele>163.1</ele><time>2026-09-11T20:54:18Z</time></trkpt>
      <trkpt lat="41.48644" lon="-81.74960333333334"><ele>163.1</ele><time>2026-09-11T20:54:19Z</time></trkpt>
      <trkpt lat="41.48643833333333" lon="-81.74959333333334"><ele>163.1</ele><time>2026-09-11T20:54:20Z</time></trkpt>
      <trkpt lat="41.48643666666667" lon="-81.74957666666667"><ele>163.1</ele><time>2026-09-11T20:54:21Z</time></trkpt>
      <trkpt lat="41.486435" lon="-81.74956333333333"><ele>163.1</ele><time>2026-09-11T20:54:22Z</time></trkpt>
      <trkpt lat="41.48643333333333" lon="-81.749545"><ele>163.1</ele><time>2026-09-11T20:54:23Z</time></trkpt>
      <trkpt lat="41.48643333333333" lon="-81.74953333333333"><ele>163.1</ele><time>2026-09-11T20:54:24Z</time></trkpt>
      <trkpt lat="41.48643166666667" lon="-81.74951666666666"><ele>163.7</ele><time>2026-09-11T20:54:25Z</time></trkpt>
      <trkpt lat="41.486435" lon="-81.7495"><ele>163.7</ele><time>2026-09-11T20:54:26Z</time></trkpt>
      <trkpt lat="41.486441666666664" lon="-81.74949"><ele>163.7</ele><time>2026-09-11T20:54:27Z</time></trkpt>
      <trkpt lat="41.486446666666666" lon="-81.74948166666667"><ele>163.7</ele><time>2026-09-11T20:54:28Z</time></trkpt>
      <trkpt lat="41.48645666666667" lon="-81.74947"><ele>163.7</ele><time>2026-09-11T20:54:29Z</time></trkpt>
      <trkpt lat="41.48646166666666" lon="-81.749465"><ele>163.7</ele><time>2026-09-11T20:54:30Z</time></trkpt>
      <trkpt lat="41.486466666666665" lon="-81.74946"><ele>163.7</ele><time>2026-09-11T20:54:31Z</time></trkpt>
      <trkpt lat="41.48648" lon="-81.74946333333334"><ele>162.5</ele><time>2026-09-11T20:54:32Z</time></trkpt>
      <trkpt lat="41.486488333333334" lon="-81.74945833333334"><ele>162.5</ele><time>2026-09-11T20:54:33Z</time></trkpt>
      <trkpt lat="41.48649833333333" lon="-81.74945333333334"><ele>162.5</ele><time>2026-09-11T20:54:34Z</time></trkpt>
      <trkpt lat="41.48650333333333" lon="-81.74944833333333"><ele>162.5</ele><time>2026-09-11T20:54:35Z</time></trkpt>
      <trkpt lat="41.486513333333335" lon="-81.749435"><ele>162.5</ele><time>2026-09-11T20:54:36Z</time></trkpt>
      <trkpt lat="41.48652" lon="-81.74943"><ele>162.5</ele><time>2026-09-11T20:54:37Z</time></trkpt>
      <trkpt lat="41.48653" lon="-81.74941833333334"><ele>162.5</ele><time>2026-09-11T20:54:38Z</time></trkpt>
      <trkpt lat="41.486533333333334" lon="-81.749415"><ele>162.5</ele><time>2026-09-11T20:54:39Z</time></trkpt>
      <trkpt lat="41.486538333333336" lon="-81.74940833333334"><ele>162.7</ele><time>2026-09-11T20:54:40Z</time></trkpt>
      <trkpt lat="41.486545" lon="-81.74940333333333"><ele>162.7</ele><time>2026-09-11T20:54:41Z</time></trkpt>
      <trkpt lat="41.486556666666665" lon="-81.74939833333333"><ele>162.7</ele><time>2026-09-11T20:54:42Z</time></trkpt>
      <trkpt lat="41.48656" lon="-81.74939833333333"><ele>162.7</ele><time>2026-09-11T20:54:43Z</time></trkpt>
      <trkpt lat="41.48656666666667" lon="-81.74939666666667"><ele>162.7</ele><time>2026-09-11T20:54:44Z</time></trkpt>
      <trkpt lat="41.486575" lon="-81.749395"><ele>162.7</ele><time>2026-09-11T20:54:45Z</time></trkpt>
      <trkpt lat="41.486585" lon="-81.74939333333333"><ele>162.7</ele><time>2026-09-11T20:54:46Z</time></trkpt>
      <trkpt lat="41.48659" lon="-81.74939166666667"><ele>162.7</ele><time>2026-09-11T20:54:47Z</time></trkpt>
      <trkpt lat="41.486601666666665" lon="-81.74938833333333"><ele>162.5</ele><time>2026-09-11T20:54:48Z</time></trkpt>
      <trkpt lat="41.486605" lon="-81.74938833333333"><ele>162.5</ele><time>2026-09-11T20:54:49Z</time></trkpt>
      <trkpt lat="41.48661333333333" lon="-81.74938833333333"><ele>162.5</ele><time>2026-09-11T20:54:50Z</time></trkpt>
      <trkpt lat="41.486621666666665" lon="-81.74938666666667"><ele>162.5</ele><time>2026-09-11T20:54:51Z</time></trkpt>
      <trkpt lat="41.48663166666667" lon="-81.749385"><ele>162.5</ele><time>2026-09-11T20:54:52Z</time></trkpt>
      <trkpt lat="41.48663833333333" lon="-81.74938333333333"><ele>162.5</ele><time>2026-09-11T20:54:53Z</time></trkpt>
      <trkpt lat="41.48665" lon="-81.749375"><ele>162.5</ele><time>2026-09-11T20:54:54Z</time></trkpt>
      <trkpt lat="41.48665833333333" lon="-81.74937166666666"><ele>162.5</ele><time>2026-09-11T20:54:55Z</time></trkpt>
      <trkpt lat="41.486668333333334" lon="-81.74936333333333"><ele>162.5</ele><time>2026-09-11T20:54:56Z</time></trkpt>
      <trkpt lat="41.486675" lon="-81.74936"><ele>162.5</ele><time>2026-09-11T20:54:57Z</time></trkpt>
      <trkpt lat="41.486685" lon="-81.74935166666667"><ele>162.5</ele><time>2026-09-11T20:54:58Z</time></trkpt>
      <trkpt lat="41.486691666666665" lon="-81.74934833333333"><ele>162.5</ele><time>2026-09-11T20:54:59Z</time></trkpt>
      <trkpt lat="41.4867" lon="-81.74934333333333"><ele>162.5</ele><time>2026-09-11T20:55:00Z</time></trkpt>
      <trkpt lat="41.486705" lon="-81.74933833333333"><ele>162.5</ele><time>2026-09-11T20:55:01Z</time></trkpt>
      <trkpt lat="41.486713333333334" lon="-81.74932833333334"><ele>162.5</ele><time>2026-09-11T20:55:02Z</time></trkpt>
      <trkpt lat="41.486718333333336" lon="-81.74932"><ele>162.5</ele><time>2026-09-11T20:55:03Z</time></trkpt>
      <trkpt lat="41.486711666666665" lon="-81.74929666666667"><ele>162.5</ele><time>2026-09-11T20:55:04Z</time></trkpt>
      <trkpt lat="41.486711666666665" lon="-81.74928"><ele>162.5</ele><time>2026-09-11T20:55:05Z</time></trkpt>
      <trkpt lat="41.486713333333334" lon="-81.74926833333333"><ele>162.5</ele><time>2026-09-11T20:55:06Z</time></trkpt>
      <trkpt lat="41.486716666666666" lon="-81.74925"><ele>162.5</ele><time>2026-09-11T20:55:07Z</time></trkpt>
      <trkpt lat="41.486718333333336" lon="-81.749235"><ele>162.5</ele><time>2026-09-11T20:55:08Z</time></trkpt>
      <trkpt lat="41.48672" lon="-81.749225"><ele>162.5</ele><time>2026-09-11T20:55:09Z</time></trkpt>
      <trkpt lat="41.48672" lon="-81.74921"><ele>162.5</ele><time>2026-09-11T20:55:10Z</time></trkpt>
      <trkpt lat="41.486718333333336" lon="-81.74919666666666"><ele>162.5</ele><time>2026-09-11T20:55:11Z</time></trkpt>
      <trkpt lat="41.486718333333336" lon="-81.749185"><ele>162.5</ele><time>2026-09-11T20:55:12Z</time></trkpt>
      <trkpt lat="41.486718333333336" lon="-81.749175"><ele>162.5</ele><time>2026-09-11T20:55:13Z</time></trkpt>
      <trkpt lat="41.48672333333333" lon="-81.74915333333334"><ele>162.5</ele><time>2026-09-11T20:55:14Z</time></trkpt>
      <trkpt lat="41.48672666666667" lon="-81.74914333333334"><ele>162.5</ele><time>2026-09-11T20:55:15Z</time></trkpt>
      <trkpt lat="41.48673" lon="-81.74913166666667"><ele>162.5</ele><time>2026-09-11T20:55:16Z</time></trkpt>
      <trkpt lat="41.486735" lon="-81.74911833333333"><ele>162.5</ele><time>2026-09-11T20:55:17Z</time></trkpt>
      <trkpt lat="41.486735" lon="-81.74911166666666"><ele>162.5</ele><time>2026-09-11T20:55:18Z</time></trkpt>
      <trkpt lat="41.48674" lon="-81.74909666666667"><ele>163.1</ele><time>2026-09-11T20:55:19Z</time></trkpt>
      <trkpt lat="41.48674166666667" lon="-81.749085"><ele>163.1</ele><time>2026-09-11T20:55:20Z</time></trkpt>
      <trkpt lat="41.48674666666667" lon="-81.74906833333333"><ele>163.1</ele><time>2026-09-11T20:55:21Z</time></trkpt>
      <trkpt lat="41.48675166666666" lon="-81.74905166666667"><ele>163.1</ele><time>2026-09-11T20:55:22Z</time></trkpt>
      <trkpt lat="41.486758333333334" lon="-81.74904"><ele>163.1</ele><time>2026-09-11T20:55:23Z</time></trkpt>
      <trkpt lat="41.486765" lon="-81.74903"><ele>163.1</ele><time>2026-09-11T20:55:24Z</time></trkpt>
      <trkpt lat="41.486776666666664" lon="-81.74902"><ele>163.1</ele><time>2026-09-11T20:55:25Z</time></trkpt>
      <trkpt lat="41.48678" lon="-81.749015"><ele>163.1</ele><time>2026-09-11T20:55:26Z</time></trkpt>
      <trkpt lat="41.48678833333334" lon="-81.74901"><ele>162.7</ele><time>2026-09-11T20:55:27Z</time></trkpt>
      <trkpt lat="41.48679666666666" lon="-81.74900333333333"><ele>162.7</ele><time>2026-09-11T20:55:28Z</time></trkpt>
      <trkpt lat="41.486806666666666" lon="-81.748995"><ele>162.7</ele><time>2026-09-11T20:55:29Z</time></trkpt>
      <trkpt lat="41.48681833333333" lon="-81.748985"><ele>162.7</ele><time>2026-09-11T20:55:30Z</time></trkpt>
      <trkpt lat="41.486823333333334" lon="-81.74898166666667"><ele>162.7</ele><time>2026-09-11T20:55:31Z</time></trkpt>
      <trkpt lat="41.48683333333334" lon="-81.74897833333333"><ele>162.7</ele><time>2026-09-11T20:55:32Z</time></trkpt>
      <trkpt lat="41.48684" lon="-81.748975"><ele>162.7</ele><time>2026-09-11T20:55:33Z</time></trkpt>
      <trkpt lat="41.48685166666667" lon="-81.74897333333334"><ele>162.7</ele><time>2026-09-11T20:55:34Z</time></trkpt>
      <trkpt lat="41.48686166666667" lon="-81.74897166666666"><ele>162.6</ele><time>2026-09-11T20:55:35Z</time></trkpt>
      <trkpt lat="41.48687" lon="-81.74897333333334"><ele>162.6</ele><time>2026-09-11T20:55:36Z</time></trkpt>
      <trkpt lat="41.486885" lon="-81.74897333333334"><ele>162.6</ele><time>2026-09-11T20:55:37Z</time></trkpt>
      <trkpt lat="41.486893333333335" lon="-81.74897333333334"><ele>162.6</ele><time>2026-09-11T20:55:38Z</time></trkpt>
      <trkpt lat="41.48690333333333" lon="-81.74897333333334"><ele>162.6</ele><time>2026-09-11T20:55:39Z</time></trkpt>
      <trkpt lat="41.486911666666664" lon="-81.74897333333334"><ele>162.6</ele><time>2026-09-11T20:55:40Z</time></trkpt>
      <trkpt lat="41.48693" lon="-81.748975"><ele>162.6</ele><time>2026-09-11T20:55:41Z</time></trkpt>
      <trkpt lat="41.486936666666665" lon="-81.748975"><ele>162.299</ele><time>2026-09-11T20:55:42Z</time></trkpt>
      <trkpt lat="41.486943333333336" lon="-81.748975"><ele>162.299</ele><time>2026-09-11T20:55:43Z</time></trkpt>
      <trkpt lat="41.48695333333333" lon="-81.74897333333334"><ele>162.299</ele><time>2026-09-11T20:55:44Z</time></trkpt>
      <trkpt lat="41.486963333333335" lon="-81.74897666666666"><ele>162.299</ele><time>2026-09-11T20:55:45Z</time></trkpt>
      <trkpt lat="41.48697666666666" lon="-81.74898333333333"><ele>162.3</ele><time>2026-09-11T20:55:46Z</time></trkpt>
      <trkpt lat="41.486981666666665" lon="-81.74898666666667"><ele>162.3</ele><time>2026-09-11T20:55:47Z</time></trkpt>
      <trkpt lat="41.48698666666667" lon="-81.74898666666667"><ele>162.3</ele><time>2026-09-11T20:55:48Z</time></trkpt>
      <trkpt lat="41.48699833333333" lon="-81.74898833333333"><ele>162.3</ele><time>2026-09-11T20:55:49Z</time></trkpt>
      <trkpt lat="41.487006666666666" lon="-81.74899166666667"><ele>163.1</ele><time>2026-09-11T20:55:50Z</time></trkpt>
      <trkpt lat="41.487021666666664" lon="-81.74899666666667"><ele>163.1</ele><time>2026-09-11T20:55:51Z</time></trkpt>
      <trkpt lat="41.48703" lon="-81.74900166666667"><ele>163.1</ele><time>2026-09-11T20:55:52Z</time></trkpt>
      <trkpt lat="41.48703666666667" lon="-81.74900166666667"><ele>163.1</ele><time>2026-09-11T20:55:53Z</time></trkpt>
      <trkpt lat="41.487046666666664" lon="-81.749005"><ele>163.1</ele><time>2026-09-11T20:55:54Z</time></trkpt>
      <trkpt lat="41.487053333333336" lon="-81.74900666666667"><ele>163.1</ele><time>2026-09-11T20:55:55Z</time></trkpt>
      <trkpt lat="41.48706333333333" lon="-81.74901"><ele>162.7</ele><time>2026-09-11T20:55:56Z</time></trkpt>
      <trkpt lat="41.487071666666665" lon="-81.74901"><ele>162.7</ele><time>2026-09-11T20:55:57Z</time></trkpt>
      <trkpt lat="41.48708" lon="-81.74901166666666"><ele>162.7</ele><time>2026-09-11T20:55:58Z</time></trkpt>
      <trkpt lat="41.487095" lon="-81.74901666666666"><ele>162.7</ele><time>2026-09-11T20:55:59Z</time></trkpt>
      <trkpt lat="41.48710166666667" lon="-81.74902"><ele>162.7</ele><time>2026-09-11T20:56:00Z</time></trkpt>
      <trkpt lat="41.48710833333333" lon="-81.749025"><ele>162.7</ele><time>2026-09-11T20:56:01Z</time></trkpt>
      <trkpt lat="41.487115" lon="-81.74902833333333"><ele>162.7</ele><time>2026-09-11T20:56:02Z</time></trkpt>
      <trkpt lat="41.48712666666667" lon="-81.74903"><ele>162.7</ele><time>2026-09-11T20:56:03Z</time></trkpt>
      <trkpt lat="41.487138333333334" lon="-81.74903"><ele>162.6</ele><time>2026-09-11T20:56:04Z</time></trkpt>
      <trkpt lat="41.487145" lon="-81.749025"><ele>162.6</ele><time>2026-09-11T20:56:05Z</time></trkpt>
      <trkpt lat="41.48715333333333" lon="-81.74901833333334"><ele>163.1</ele><time>2026-09-11T20:56:06Z</time></trkpt>
      <trkpt lat="41.48716" lon="-81.749015"><ele>163.1</ele><time>2026-09-11T20:56:07Z</time></trkpt>
      <trkpt lat="41.48716833333334" lon="-81.749005"><ele>163.1</ele><time>2026-09-11T20:56:08Z</time></trkpt>
      <trkpt lat="41.48717333333333" lon="-81.749"><ele>163.1</ele><time>2026-09-11T20:56:09Z</time></trkpt>
      <trkpt lat="41.487183333333334" lon="-81.74899"><ele>163.1</ele><time>2026-09-11T20:56:10Z</time></trkpt>
      <trkpt lat="41.48719166666667" lon="-81.74898"><ele>163.1</ele><time>2026-09-11T20:56:11Z</time></trkpt>
      <trkpt lat="41.487195" lon="-81.74897333333334"><ele>163.1</ele><time>2026-09-11T20:56:12Z</time></trkpt>
      <trkpt lat="41.48719833333333" lon="-81.74897166666666"><ele>163.1</ele><time>2026-09-11T20:56:13Z</time></trkpt>
      <trkpt lat="41.48719833333333" lon="-81.74897"><ele>162.299</ele><time>2026-09-11T20:56:14Z</time></trkpt>
      <trkpt lat="41.487201666666664" lon="-81.74896833333334"><ele>162.299</ele><time>2026-09-11T20:56:15Z</time></trkpt>
      <trkpt lat="41.487205" lon="-81.74896"><ele>162.299</ele><time>2026-09-11T20:56:16Z</time></trkpt>
      <trkpt lat="41.487208333333335" lon="-81.748955"><ele>162.299</ele><time>2026-09-11T20:56:17Z</time></trkpt>
      <trkpt lat="41.48721833333333" lon="-81.74894"><ele>162.3</ele><time>2026-09-11T20:56:18Z</time></trkpt>
      <trkpt lat="41.487225" lon="-81.74893"><ele>162.3</ele><time>2026-09-11T20:56:19Z</time></trkpt>
      <trkpt lat="41.48723" lon="-81.748915"><ele>163.1</ele><time>2026-09-11T20:56:20Z</time></trkpt>
      <trkpt lat="41.487235" lon="-81.74890333333333"><ele>163.1</ele><time>2026-09-11T20:56:21Z</time></trkpt>
      <trkpt lat="41.48723833333333" lon="-81.748895"><ele>163.1</ele><time>2026-09-11T20:56:22Z</time></trkpt>
      <trkpt lat="41.48724166666667" lon="-81.74888"><ele>163.1</ele><time>2026-09-11T20:56:23Z</time></trkpt>
      <trkpt lat="41.487246666666664" lon="-81.74887"><ele>162.7</ele><time>2026-09-11T20:56:24Z</time></trkpt>
      <trkpt lat="41.48724833333333" lon="-81.74886666666667"><ele>162.7</ele><time>2026-09-11T20:56:25Z</time></trkpt>
      <trkpt lat="41.48725" lon="-81.748865"><ele>162.7</ele><time>2026-09-11T20:56:26Z</time></trkpt>
      <trkpt lat="41.487251666666666" lon="-81.748865"><ele>162.7</ele><time>2026-09-11T20:56:27Z</time></trkpt>
      <trkpt lat="41.487251666666666" lon="-81.74886333333333"><ele>162.7</ele><time>2026-09-11T20:56:28Z</time></trkpt>
      <trkpt lat="41.487253333333335" lon="-81.74885833333333"><ele>162.7</ele><time>2026-09-11T20:56:29Z</time></trkpt>
      <trkpt lat="41.487255" lon="-81.748855"><ele>162.7</ele><time>2026-09-11T20:56:30Z</time></trkpt>
      <trkpt lat="41.48726" lon="-81.74884333333333"><ele>162.7</ele><time>2026-09-11T20:56:31Z</time></trkpt>
      <trkpt lat="41.487265" lon="-81.74882666666667"><ele>162.6</ele><time>2026-09-11T20:56:32Z</time></trkpt>
      <trkpt lat="41.487271666666665" lon="-81.74880833333333"><ele>162.6</ele><time>2026-09-11T20:56:33Z</time></trkpt>
      <trkpt lat="41.487275" lon="-81.74879"><ele>162.6</ele><time>2026-09-11T20:56:34Z</time></trkpt>
      <trkpt lat="41.487275" lon="-81.74878"><ele>162.6</ele><time>2026-09-11T20:56:35Z</time></trkpt>
      <trkpt lat="41.487275" lon="-81.74875833333333"><ele>163.1</ele><time>2026-09-11T20:56:36Z</time></trkpt>
      <trkpt lat="41.487275" lon="-81.74875166666666"><ele>163.1</ele><time>2026-09-11T20:56:37Z</time></trkpt>
      <trkpt lat="41.487275" lon="-81.74874166666666"><ele>163.1</ele><time>2026-09-11T20:56:38Z</time></trkpt>
      <trkpt lat="41.487275" lon="-81.74872666666667"><ele>163.1</ele><time>2026-09-11T20:56:39Z</time></trkpt>
      <trkpt lat="41.487275" lon="-81.74871"><ele>163.1</ele><time>2026-09-11T20:56:40Z</time></trkpt>
      <trkpt lat="41.487273333333334" lon="-81.74870166666666"><ele>163.1</ele><time>2026-09-11T20:56:41Z</time></trkpt>
      <trkpt lat="41.487273333333334" lon="-81.74868666666667"><ele>163.1</ele><time>2026-09-11T20:56:42Z</time></trkpt>
      <trkpt lat="41.487273333333334" lon="-81.748675"><ele>163.1</ele><time>2026-09-11T20:56:43Z</time></trkpt>
      <trkpt lat="41.487271666666665" lon="-81.74866"><ele>162.299</ele><time>2026-09-11T20:56:44Z</time></trkpt>
      <trkpt lat="41.487275" lon="-81.74864833333334"><ele>163.799</ele><time>2026-09-11T20:56:45Z</time></trkpt>
      <trkpt lat="41.487275" lon="-81.74863833333333"><ele>163.799</ele><time>2026-09-11T20:56:46Z</time></trkpt>
      <trkpt lat="41.487275" lon="-81.748625"><ele>163.799</ele><time>2026-09-11T20:56:47Z</time></trkpt>
      <trkpt lat="41.487275" lon="-81.74861833333334"><ele>163.8</ele><time>2026-09-11T20:56:48Z</time></trkpt>
      <trkpt lat="41.487275" lon="-81.748605"><ele>163.8</ele><time>2026-09-11T20:56:49Z</time></trkpt>
      <trkpt lat="41.487275" lon="-81.74859333333333"><ele>163.8</ele><time>2026-09-11T20:56:50Z</time></trkpt>
      <trkpt lat="41.487275" lon="-81.748585"><ele>163.8</ele><time>2026-09-11T20:56:51Z</time></trkpt>
      <trkpt lat="41.487275" lon="-81.74857166666666"><ele>163.8</ele><time>2026-09-11T20:56:52Z</time></trkpt>
      <trkpt lat="41.487276666666666" lon="-81.748555"><ele>163.3</ele><time>2026-09-11T20:56:53Z</time></trkpt>
      <trkpt lat="41.487276666666666" lon="-81.74854666666667"><ele>163.3</ele><time>2026-09-11T20:56:54Z</time></trkpt>
      <trkpt lat="41.487276666666666" lon="-81.74853166666666"><ele>163.3</ele><time>2026-09-11T20:56:55Z</time></trkpt>
      <trkpt lat="41.487278333333336" lon="-81.748525"><ele>163.3</ele><time>2026-09-11T20:56:56Z</time></trkpt>
      <trkpt lat="41.48728166666667" lon="-81.748515"><ele>163.3</ele><time>2026-09-11T20:56:57Z</time></trkpt>
      <trkpt lat="41.48728166666667" lon="-81.74850333333333"><ele>163.3</ele><time>2026-09-11T20:56:58Z</time></trkpt>
      <trkpt lat="41.487285" lon="-81.74848666666666"><ele>163.3</ele><time>2026-09-11T20:56:59Z</time></trkpt>
      <trkpt lat="41.48728666666667" lon="-81.74847833333334"><ele>163.5</ele><time>2026-09-11T20:57:00Z</time></trkpt>
      <trkpt lat="41.48728833333333" lon="-81.74847166666666"><ele>163.5</ele><time>2026-09-11T20:57:01Z</time></trkpt>
      <trkpt lat="41.48728833333333" lon="-81.74846333333333"><ele>163.3</ele><time>2026-09-11T20:57:02Z</time></trkpt>
      <trkpt lat="41.48729" lon="-81.74845166666667"><ele>162.5</ele><time>2026-09-11T20:57:03Z</time></trkpt>
      <trkpt lat="41.487293333333334" lon="-81.74844166666666"><ele>162.5</ele><time>2026-09-11T20:57:04Z</time></trkpt>
      <trkpt lat="41.487295" lon="-81.74843333333334"><ele>162.5</ele><time>2026-09-11T20:57:05Z</time></trkpt>
      <trkpt lat="41.487295" lon="-81.748425"><ele>162.5</ele><time>2026-09-11T20:57:06Z</time></trkpt>
      <trkpt lat="41.487296666666666" lon="-81.74842"><ele>162.5</ele><time>2026-09-11T20:57:07Z</time></trkpt>
      <trkpt lat="41.487298333333335" lon="-81.74841666666667"><ele>162.5</ele><time>2026-09-11T20:57:08Z</time></trkpt>
      <trkpt lat="41.4873" lon="-81.74841166666667"><ele>162.5</ele><time>2026-09-11T20:57:09Z</time></trkpt>
      <trkpt lat="41.48730166666667" lon="-81.74840666666667"><ele>162.5</ele><time>2026-09-11T20:57:10Z</time></trkpt>
      <trkpt lat="41.48730333333334" lon="-81.74840166666667"><ele>162.5</ele><time>2026-09-11T20:57:11Z</time></trkpt>
      <trkpt lat="41.487305" lon="-81.74839666666666"><ele>162.6</ele><time>2026-09-11T20:57:12Z</time></trkpt>
      <trkpt lat="41.48730666666667" lon="-81.74839166666666"><ele>162.6</ele><time>2026-09-11T20:57:13Z</time></trkpt>
      <trkpt lat="41.48730833333333" lon="-81.74838333333334"><ele>162.4</ele><time>2026-09-11T20:57:14Z</time></trkpt>
      <trkpt lat="41.48731166666666" lon="-81.74838"><ele>162</ele><time>2026-09-11T20:57:15Z</time></trkpt>
      <trkpt lat="41.48731333333333" lon="-81.74838"><ele>161.6</ele><time>2026-09-11T20:57:17Z</time></trkpt>
      <trkpt lat="41.48731333333333" lon="-81.74837833333333"><ele>161.5</ele><time>2026-09-11T20:57:18Z</time></trkpt>
      <trkpt lat="41.48731166666666" lon="-81.74837666666667"><ele>162.5</ele><time>2026-09-11T20:57:19Z</time></trkpt>
      <trkpt lat="41.48731166666666" lon="-81.748375"><ele>162.5</ele><time>2026-09-11T20:57:20Z</time></trkpt>
      <trkpt lat="41.48731" lon="-81.74837166666667"><ele>162.5</ele><time>2026-09-11T20:57:21Z</time></trkpt>
      <trkpt lat="41.48731" lon="-81.74837"><ele>162.5</ele><time>2026-09-11T20:57:22Z</time></trkpt>
      <trkpt lat="41.48730833333333" lon="-81.74836166666667"><ele>162.5</ele><time>2026-09-11T20:57:23Z</time></trkpt>
      <trkpt lat="41.48730833333333" lon="-81.74835666666667"><ele>163.3</ele><time>2026-09-11T20:57:24Z</time></trkpt>
      <trkpt lat="41.48730666666667" lon="-81.74834666666666"><ele>163.3</ele><time>2026-09-11T20:57:25Z</time></trkpt>
      <trkpt lat="41.48730333333334" lon="-81.74833333333333"><ele>163.3</ele><time>2026-09-11T20:57:26Z</time></trkpt>
      <trkpt lat="41.48730166666667" lon="-81.74832"><ele>163.3</ele><time>2026-09-11T20:57:27Z</time></trkpt>
      <trkpt lat="41.48730166666667" lon="-81.74831166666667"><ele>163.3</ele><time>2026-09-11T20:57:28Z</time></trkpt>
      <trkpt lat="41.4873" lon="-81.74830166666666"><ele>163.3</ele><time>2026-09-11T20:57:29Z</time></trkpt>
      <trkpt lat="41.487298333333335" lon="-81.74829666666666"><ele>163.3</ele><time>2026-09-11T20:57:30Z</time></trkpt>
      <trkpt lat="41.487296666666666" lon="-81.74828833333333"><ele>163.3</ele><time>2026-09-11T20:57:31Z</time></trkpt>
      <trkpt lat="41.487295" lon="-81.74828333333333"><ele>163.3</ele><time>2026-09-11T20:57:32Z</time></trkpt>
      <trkpt lat="41.487298333333335" lon="-81.74827333333333"><ele>163.2</ele><time>2026-09-11T20:57:33Z</time></trkpt>
      <trkpt lat="41.487298333333335" lon="-81.748265"><ele>163.2</ele><time>2026-09-11T20:57:34Z</time></trkpt>
      <trkpt lat="41.48730166666667" lon="-81.748255"><ele>162.5</ele><time>2026-09-11T20:57:35Z</time></trkpt>
      <trkpt lat="41.4873" lon="-81.74824666666666"><ele>162.5</ele><time>2026-09-11T20:57:36Z</time></trkpt>
      <trkpt lat="41.4873" lon="-81.74823666666667"><ele>162.5</ele><time>2026-09-11T20:57:37Z</time></trkpt>
      <trkpt lat="41.4873" lon="-81.74822666666667"><ele>162.5</ele><time>2026-09-11T20:57:38Z</time></trkpt>
      <trkpt lat="41.4873" lon="-81.74821833333333"><ele>162.5</ele><time>2026-09-11T20:57:39Z</time></trkpt>
      <trkpt lat="41.48730166666667" lon="-81.74820833333334"><ele>162.5</ele><time>2026-09-11T20:57:40Z</time></trkpt>
      <trkpt lat="41.48730333333334" lon="-81.7482"><ele>162.5</ele><time>2026-09-11T20:57:41Z</time></trkpt>
      <trkpt lat="41.48730833333333" lon="-81.74818666666667"><ele>162.8</ele><time>2026-09-11T20:57:42Z</time></trkpt>
      <trkpt lat="41.48730833333333" lon="-81.74817833333333"><ele>162.8</ele><time>2026-09-11T20:57:43Z</time></trkpt>
      <trkpt lat="41.48731166666666" lon="-81.748165"><ele>162.6</ele><time>2026-09-11T20:57:44Z</time></trkpt>
      <trkpt lat="41.48731166666666" lon="-81.74815666666667"><ele>162.6</ele><time>2026-09-11T20:57:45Z</time></trkpt>
      <trkpt lat="41.48731333333333" lon="-81.748145"><ele>163.8</ele><time>2026-09-11T20:57:46Z</time></trkpt>
      <trkpt lat="41.48731333333333" lon="-81.74813833333333"><ele>163.8</ele><time>2026-09-11T20:57:47Z</time></trkpt>
      <trkpt lat="41.48731333333333" lon="-81.74812666666666"><ele>162.3</ele><time>2026-09-11T20:57:48Z</time></trkpt>
      <trkpt lat="41.48731333333333" lon="-81.74811333333334"><ele>162.3</ele><time>2026-09-11T20:57:49Z</time></trkpt>
      <trkpt lat="41.48731333333333" lon="-81.74810666666667"><ele>162.3</ele><time>2026-09-11T20:57:50Z</time></trkpt>
      <trkpt lat="41.48731333333333" lon="-81.74809166666667"><ele>162.3</ele><time>2026-09-11T20:57:51Z</time></trkpt>
      <trkpt lat="41.48731333333333" lon="-81.74808166666666"><ele>162.3</ele><time>2026-09-11T20:57:52Z</time></trkpt>
      <trkpt lat="41.48731333333333" lon="-81.748065"><ele>162.3</ele><time>2026-09-11T20:57:53Z</time></trkpt>
      <trkpt lat="41.48731166666666" lon="-81.74804333333333"><ele>162.3</ele><time>2026-09-11T20:57:54Z</time></trkpt>
      <trkpt lat="41.48731166666666" lon="-81.74803666666666"><ele>163.3</ele><time>2026-09-11T20:57:55Z</time></trkpt>
      <trkpt lat="41.48731333333333" lon="-81.748025"><ele>163.3</ele><time>2026-09-11T20:57:56Z</time></trkpt>
      <trkpt lat="41.48731333333333" lon="-81.74800333333333"><ele>163.3</ele><time>2026-09-11T20:57:57Z</time></trkpt>
      <trkpt lat="41.48731166666666" lon="-81.74799666666667"><ele>163.3</ele><time>2026-09-11T20:57:58Z</time></trkpt>
      <trkpt lat="41.48731166666666" lon="-81.74798666666666"><ele>163.3</ele><time>2026-09-11T20:57:59Z</time></trkpt>
      <trkpt lat="41.48731166666666" lon="-81.74797"><ele>163.3</ele><time>2026-09-11T20:58:00Z</time></trkpt>
      <trkpt lat="41.48731166666666" lon="-81.74795833333333"><ele>163.1</ele><time>2026-09-11T20:58:01Z</time></trkpt>
      <trkpt lat="41.487315" lon="-81.74794333333334"><ele>163.1</ele><time>2026-09-11T20:58:02Z</time></trkpt>
      <trkpt lat="41.487318333333334" lon="-81.74793"><ele>162.5</ele><time>2026-09-11T20:58:03Z</time></trkpt>
      <trkpt lat="41.487318333333334" lon="-81.74792166666667"><ele>162.5</ele><time>2026-09-11T20:58:04Z</time></trkpt>
      <trkpt lat="41.487316666666665" lon="-81.74791"><ele>162.5</ele><time>2026-09-11T20:58:05Z</time></trkpt>
      <trkpt lat="41.487316666666665" lon="-81.74790333333334"><ele>162.5</ele><time>2026-09-11T20:58:06Z</time></trkpt>
      <trkpt lat="41.48731166666666" lon="-81.74788833333334"><ele>162.5</ele><time>2026-09-11T20:58:07Z</time></trkpt>
      <trkpt lat="41.48730833333333" lon="-81.74787166666667"><ele>162.5</ele><time>2026-09-11T20:58:08Z</time></trkpt>
      <trkpt lat="41.487305" lon="-81.747855"><ele>162.5</ele><time>2026-09-11T20:58:09Z</time></trkpt>
      <trkpt lat="41.48730333333334" lon="-81.74784833333334"><ele>162.5</ele><time>2026-09-11T20:58:10Z</time></trkpt>
      <trkpt lat="41.4873" lon="-81.74783833333333"><ele>162.7</ele><time>2026-09-11T20:58:11Z</time></trkpt>
      <trkpt lat="41.487296666666666" lon="-81.74782"><ele>162.7</ele><time>2026-09-11T20:58:12Z</time></trkpt>
      <trkpt lat="41.487291666666664" lon="-81.74780666666666"><ele>162.7</ele><time>2026-09-11T20:58:13Z</time></trkpt>
      <trkpt lat="41.48728833333333" lon="-81.74779666666667"><ele>162.7</ele><time>2026-09-11T20:58:14Z</time></trkpt>
      <trkpt lat="41.48728333333333" lon="-81.74778333333333"><ele>162.7</ele><time>2026-09-11T20:58:15Z</time></trkpt>
      <trkpt lat="41.48728166666667" lon="-81.747775"><ele>162.7</ele><time>2026-09-11T20:58:16Z</time></trkpt>
      <trkpt lat="41.487276666666666" lon="-81.74776"><ele>162.7</ele><time>2026-09-11T20:58:17Z</time></trkpt>
      <trkpt lat="41.487276666666666" lon="-81.74774666666667"><ele>162.7</ele><time>2026-09-11T20:58:18Z</time></trkpt>
      <trkpt lat="41.487275" lon="-81.74773666666667"><ele>162.5</ele><time>2026-09-11T20:58:19Z</time></trkpt>
      <trkpt lat="41.487271666666665" lon="-81.74772"><ele>162.5</ele><time>2026-09-11T20:58:20Z</time></trkpt>
      <trkpt lat="41.487271666666665" lon="-81.74770333333333"><ele>162.5</ele><time>2026-09-11T20:58:21Z</time></trkpt>
      <trkpt lat="41.48727" lon="-81.74769333333333"><ele>162.5</ele><time>2026-09-11T20:58:22Z</time></trkpt>
      <trkpt lat="41.48726833333333" lon="-81.74767833333334"><ele>162.5</ele><time>2026-09-11T20:58:23Z</time></trkpt>
      <trkpt lat="41.48726666666666" lon="-81.74767"><ele>162.5</ele><time>2026-09-11T20:58:24Z</time></trkpt>
      <trkpt lat="41.487265" lon="-81.747655"><ele>162.5</ele><time>2026-09-11T20:58:25Z</time></trkpt>
      <trkpt lat="41.48726333333333" lon="-81.74764833333333"><ele>162.5</ele><time>2026-09-11T20:58:26Z</time></trkpt>
      <trkpt lat="41.48725833333334" lon="-81.74763666666666"><ele>163</ele><time>2026-09-11T20:58:27Z</time></trkpt>
      <trkpt lat="41.487253333333335" lon="-81.74762666666666"><ele>163</ele><time>2026-09-11T20:58:28Z</time></trkpt>
      <trkpt lat="41.487251666666666" lon="-81.74762"><ele>163</ele><time>2026-09-11T20:58:29Z</time></trkpt>
      <trkpt lat="41.487246666666664" lon="-81.74760833333333"><ele>163</ele><time>2026-09-11T20:58:30Z</time></trkpt>
      <trkpt lat="41.48724333333333" lon="-81.74760166666667"><ele>163</ele><time>2026-09-11T20:58:31Z</time></trkpt>
      <trkpt lat="41.48723666666667" lon="-81.74758166666666"><ele>163</ele><time>2026-09-11T20:58:32Z</time></trkpt>
      <trkpt lat="41.487235" lon="-81.74757666666666"><ele>163</ele><time>2026-09-11T20:58:33Z</time></trkpt>
      <trkpt lat="41.487231666666666" lon="-81.74756833333333"><ele>163</ele><time>2026-09-11T20:58:34Z</time></trkpt>
      <trkpt lat="41.487226666666665" lon="-81.747555"><ele>162.5</ele><time>2026-09-11T20:58:35Z</time></trkpt>
      <trkpt lat="41.487225" lon="-81.74754833333333"><ele>162.5</ele><time>2026-09-11T20:58:36Z</time></trkpt>
      <trkpt lat="41.48722" lon="-81.747535"><ele>162.5</ele><time>2026-09-11T20:58:37Z</time></trkpt>
      <trkpt lat="41.48721666666667" lon="-81.74752666666667"><ele>162.5</ele><time>2026-09-11T20:58:38Z</time></trkpt>
      <trkpt lat="41.487215" lon="-81.74751833333333"><ele>162.5</ele><time>2026-09-11T20:58:39Z</time></trkpt>
      <trkpt lat="41.487206666666665" lon="-81.74750166666666"><ele>162.5</ele><time>2026-09-11T20:58:40Z</time></trkpt>
      <trkpt lat="41.48720333333333" lon="-81.74749333333334"><ele>162.5</ele><time>2026-09-11T20:58:41Z</time></trkpt>
      <trkpt lat="41.48719666666667" lon="-81.747475"><ele>162.5</ele><time>2026-09-11T20:58:42Z</time></trkpt>
      <trkpt lat="41.48719333333333" lon="-81.74746666666667"><ele>162.5</ele><time>2026-09-11T20:58:43Z</time></trkpt>
      <trkpt lat="41.487188333333336" lon="-81.74745"><ele>162.5</ele><time>2026-09-11T20:58:44Z</time></trkpt>
      <trkpt lat="41.487186666666666" lon="-81.747445"><ele>162.5</ele><time>2026-09-11T20:58:45Z</time></trkpt>
      <trkpt lat="41.487185" lon="-81.74743333333333"><ele>162.5</ele><time>2026-09-11T20:58:46Z</time></trkpt>
      <trkpt lat="41.487183333333334" lon="-81.747425"><ele>162.5</ele><time>2026-09-11T20:58:47Z</time></trkpt>
      <trkpt lat="41.487181666666665" lon="-81.74741"><ele>162.5</ele><time>2026-09-11T20:58:48Z</time></trkpt>
      <trkpt lat="41.487181666666665" lon="-81.7474"><ele>162.5</ele><time>2026-09-11T20:58:49Z</time></trkpt>
      <trkpt lat="41.48718" lon="-81.74739166666667"><ele>163.6</ele><time>2026-09-11T20:58:50Z</time></trkpt>
      <trkpt lat="41.487175" lon="-81.74738"><ele>163.6</ele><time>2026-09-11T20:58:51Z</time></trkpt>
      <trkpt lat="41.48717333333333" lon="-81.74737166666667"><ele>163.6</ele><time>2026-09-11T20:58:52Z</time></trkpt>
      <trkpt lat="41.48716666666667" lon="-81.747355"><ele>163.6</ele><time>2026-09-11T20:58:53Z</time></trkpt>
      <trkpt lat="41.487161666666665" lon="-81.74733833333333"><ele>163.6</ele><time>2026-09-11T20:58:54Z</time></trkpt>
      <trkpt lat="41.487156666666664" lon="-81.74732333333333"><ele>163.6</ele><time>2026-09-11T20:58:55Z</time></trkpt>
      <trkpt lat="41.487155" lon="-81.747315"><ele>163.6</ele><time>2026-09-11T20:58:56Z</time></trkpt>
      <trkpt lat="41.48714833333333" lon="-81.74729833333333"><ele>163.6</ele><time>2026-09-11T20:58:57Z</time></trkpt>
      <trkpt lat="41.487145" lon="-81.74729"><ele>163.1</ele><time>2026-09-11T20:58:58Z</time></trkpt>
      <trkpt lat="41.487138333333334" lon="-81.74727333333334"><ele>163.1</ele><time>2026-09-11T20:58:59Z</time></trkpt>
      <trkpt lat="41.48713333333333" lon="-81.74725833333333"><ele>163.1</ele><time>2026-09-11T20:59:00Z</time></trkpt>
      <trkpt lat="41.48712833333333" lon="-81.74724"><ele>163.1</ele><time>2026-09-11T20:59:01Z</time></trkpt>
      <trkpt lat="41.48712833333333" lon="-81.747235"><ele>163.1</ele><time>2026-09-11T20:59:02Z</time></trkpt>
      <trkpt lat="41.487125" lon="-81.74722666666666"><ele>163.1</ele><time>2026-09-11T20:59:03Z</time></trkpt>
      <trkpt lat="41.48712" lon="-81.74721333333333"><ele>163.1</ele><time>2026-09-11T20:59:04Z</time></trkpt>
      <trkpt lat="41.487118333333335" lon="-81.74719833333333"><ele>163.1</ele><time>2026-09-11T20:59:05Z</time></trkpt>
      <trkpt lat="41.487116666666665" lon="-81.74719"><ele>162.5</ele><time>2026-09-11T20:59:06Z</time></trkpt>
      <trkpt lat="41.48711333333333" lon="-81.74717166666667"><ele>162.5</ele><time>2026-09-11T20:59:07Z</time></trkpt>
      <trkpt lat="41.487111666666664" lon="-81.74716333333333"><ele>162.5</ele><time>2026-09-11T20:59:08Z</time></trkpt>
      <trkpt lat="41.48710833333333" lon="-81.74714833333333"><ele>162.5</ele><time>2026-09-11T20:59:09Z</time></trkpt>
      <trkpt lat="41.48710833333333" lon="-81.747135"><ele>162.5</ele><time>2026-09-11T20:59:10Z</time></trkpt>
      <trkpt lat="41.48710666666667" lon="-81.74712666666667"><ele>162.5</ele><time>2026-09-11T20:59:11Z</time></trkpt>
      <trkpt lat="41.487105" lon="-81.74711"><ele>162.5</ele><time>2026-09-11T20:59:12Z</time></trkpt>
      <trkpt lat="41.487105" lon="-81.7471"><ele>162.5</ele><time>2026-09-11T20:59:13Z</time></trkpt>
      <trkpt lat="41.48710333333333" lon="-81.747085"><ele>162.6</ele><time>2026-09-11T20:59:14Z</time></trkpt>
      <trkpt lat="41.4871" lon="-81.74707"><ele>162.6</ele><time>2026-09-11T20:59:15Z</time></trkpt>
      <trkpt lat="41.487098333333336" lon="-81.74706166666667"><ele>162.6</ele><time>2026-09-11T20:59:16Z</time></trkpt>
      <trkpt lat="41.487095" lon="-81.74704666666666"><ele>162.6</ele><time>2026-09-11T20:59:17Z</time></trkpt>
      <trkpt lat="41.487095" lon="-81.74703833333334"><ele>162.6</ele><time>2026-09-11T20:59:18Z</time></trkpt>
      <trkpt lat="41.487091666666664" lon="-81.74703166666667"><ele>162.6</ele><time>2026-09-11T20:59:19Z</time></trkpt>
      <trkpt lat="41.48709" lon="-81.74702333333333"><ele>162.6</ele><time>2026-09-11T20:59:20Z</time></trkpt>
      <trkpt lat="41.487085" lon="-81.74700666666666"><ele>163.1</ele><time>2026-09-11T20:59:21Z</time></trkpt>
      <trkpt lat="41.48708333333333" lon="-81.74700166666666"><ele>163.1</ele><time>2026-09-11T20:59:22Z</time></trkpt>
      <trkpt lat="41.48708166666667" lon="-81.74699333333334"><ele>163.1</ele><time>2026-09-11T20:59:23Z</time></trkpt>
      <trkpt lat="41.487075" lon="-81.74697666666667"><ele>163.1</ele><time>2026-09-11T20:59:24Z</time></trkpt>
      <trkpt lat="41.487073333333335" lon="-81.74697"><ele>163.1</ele><time>2026-09-11T20:59:25Z</time></trkpt>
      <trkpt lat="41.487073333333335" lon="-81.74696"><ele>163.1</ele><time>2026-09-11T20:59:26Z</time></trkpt>
      <trkpt lat="41.48707" lon="-81.74694333333333"><ele>163.1</ele><time>2026-09-11T20:59:27Z</time></trkpt>
      <trkpt lat="41.48706833333333" lon="-81.74693166666667"><ele>163.1</ele><time>2026-09-11T20:59:28Z</time></trkpt>
      <trkpt lat="41.487065" lon="-81.74691333333334"><ele>163.1</ele><time>2026-09-11T20:59:29Z</time></trkpt>
      <trkpt lat="41.48706333333333" lon="-81.74689833333333"><ele>163.1</ele><time>2026-09-11T20:59:30Z</time></trkpt>
      <trkpt lat="41.48706" lon="-81.74689"><ele>163.1</ele><time>2026-09-11T20:59:31Z</time></trkpt>
      <trkpt lat="41.48705666666667" lon="-81.746875"><ele>163.1</ele><time>2026-09-11T20:59:32Z</time></trkpt>
      <trkpt lat="41.487051666666666" lon="-81.74685833333334"><ele>163.1</ele><time>2026-09-11T20:59:33Z</time></trkpt>
      <trkpt lat="41.487048333333334" lon="-81.746845"><ele>163.1</ele><time>2026-09-11T20:59:34Z</time></trkpt>
      <trkpt lat="41.48704166666667" lon="-81.74683333333333"><ele>163.1</ele><time>2026-09-11T20:59:35Z</time></trkpt>
      <trkpt lat="41.487035" lon="-81.74681666666666"><ele>162.5</ele><time>2026-09-11T20:59:36Z</time></trkpt>
      <trkpt lat="41.487035" lon="-81.74681166666667"><ele>162.5</ele><time>2026-09-11T20:59:37Z</time></trkpt>
      <trkpt lat="41.48703166666667" lon="-81.74680333333333"><ele>162.5</ele><time>2026-09-11T20:59:38Z</time></trkpt>
      <trkpt lat="41.48703" lon="-81.74679"><ele>162.5</ele><time>2026-09-11T20:59:39Z</time></trkpt>
      <trkpt lat="41.487028333333335" lon="-81.74677333333334"><ele>162.5</ele><time>2026-09-11T20:59:40Z</time></trkpt>
      <trkpt lat="41.487026666666665" lon="-81.74676833333334"><ele>162.5</ele><time>2026-09-11T20:59:41Z</time></trkpt>
      <trkpt lat="41.487026666666665" lon="-81.74675833333333"><ele>162.5</ele><time>2026-09-11T20:59:42Z</time></trkpt>
      <trkpt lat="41.48702333333333" lon="-81.74675"><ele>162.5</ele><time>2026-09-11T20:59:43Z</time></trkpt>
      <trkpt lat="41.487026666666665" lon="-81.74674166666667"><ele>162.5</ele><time>2026-09-11T20:59:44Z</time></trkpt>
      <trkpt lat="41.487026666666665" lon="-81.74673333333334"><ele>162.5</ele><time>2026-09-11T20:59:45Z</time></trkpt>
      <trkpt lat="41.48702333333333" lon="-81.74672"><ele>162.5</ele><time>2026-09-11T20:59:46Z</time></trkpt>
      <trkpt lat="41.487021666666664" lon="-81.74671333333333"><ele>162.5</ele><time>2026-09-11T20:59:47Z</time></trkpt>
      <trkpt lat="41.48701666666667" lon="-81.7467"><ele>162.5</ele><time>2026-09-11T20:59:48Z</time></trkpt>
      <trkpt lat="41.48701166666667" lon="-81.74668833333334"><ele>162.5</ele><time>2026-09-11T20:59:49Z</time></trkpt>
      <trkpt lat="41.487006666666666" lon="-81.74668"><ele>162.5</ele><time>2026-09-11T20:59:50Z</time></trkpt>
      <trkpt lat="41.48699833333333" lon="-81.74666666666667"><ele>162.5</ele><time>2026-09-11T20:59:51Z</time></trkpt>
      <trkpt lat="41.486995" lon="-81.74665833333333"><ele>162.5</ele><time>2026-09-11T20:59:52Z</time></trkpt>
      <trkpt lat="41.48699" lon="-81.74664666666666"><ele>163</ele><time>2026-09-11T20:59:53Z</time></trkpt>
      <trkpt lat="41.48698666666667" lon="-81.74664"><ele>163</ele><time>2026-09-11T20:59:54Z</time></trkpt>
      <trkpt lat="41.486985" lon="-81.746625"><ele>163</ele><time>2026-09-11T20:59:55Z</time></trkpt>
      <trkpt lat="41.486981666666665" lon="-81.746615"><ele>163</ele><time>2026-09-11T20:59:56Z</time></trkpt>
      <trkpt lat="41.48698" lon="-81.74660333333334"><ele>163</ele><time>2026-09-11T20:59:57Z</time></trkpt>
      <trkpt lat="41.48698" lon="-81.74659333333334"><ele>163</ele><time>2026-09-11T20:59:58Z</time></trkpt>
      <trkpt lat="41.48698" lon="-81.74657666666667"><ele>163</ele><time>2026-09-11T20:59:59Z</time></trkpt>
      <trkpt lat="41.486981666666665" lon="-81.74657333333333"><ele>163.1</ele><time>2026-09-11T21:00:00Z</time></trkpt>
      <trkpt lat="41.48698" lon="-81.746565"><ele>163.1</ele><time>2026-09-11T21:00:01Z</time></trkpt>
      <trkpt lat="41.48697666666666" lon="-81.74655166666666"><ele>163.1</ele><time>2026-09-11T21:00:02Z</time></trkpt>
      <trkpt lat="41.48697666666666" lon="-81.746545"><ele>163.1</ele><time>2026-09-11T21:00:03Z</time></trkpt>
      <trkpt lat="41.48697666666666" lon="-81.74653666666667"><ele>163.1</ele><time>2026-09-11T21:00:04Z</time></trkpt>
      <trkpt lat="41.48697666666666" lon="-81.74652333333333"><ele>163.1</ele><time>2026-09-11T21:00:05Z</time></trkpt>
      <trkpt lat="41.486975" lon="-81.74651333333334"><ele>163.1</ele><time>2026-09-11T21:00:06Z</time></trkpt>
      <trkpt lat="41.48697166666667" lon="-81.74650166666666"><ele>162.5</ele><time>2026-09-11T21:00:07Z</time></trkpt>
      <trkpt lat="41.48697" lon="-81.74649"><ele>162.6</ele><time>2026-09-11T21:00:08Z</time></trkpt>
      <trkpt lat="41.48697" lon="-81.74648"><ele>162.6</ele><time>2026-09-11T21:00:09Z</time></trkpt>
      <trkpt lat="41.48696666666667" lon="-81.74646"><ele>162.6</ele><time>2026-09-11T21:00:10Z</time></trkpt>
      <trkpt lat="41.486963333333335" lon="-81.74645"><ele>162.6</ele><time>2026-09-11T21:00:11Z</time></trkpt>
      <trkpt lat="41.486958333333334" lon="-81.746435"><ele>162.6</ele><time>2026-09-11T21:00:12Z</time></trkpt>
      <trkpt lat="41.486956666666664" lon="-81.74642333333334"><ele>162.6</ele><time>2026-09-11T21:00:13Z</time></trkpt>
      <trkpt lat="41.48695333333333" lon="-81.74641166666666"><ele>162.6</ele><time>2026-09-11T21:00:14Z</time></trkpt>
      <trkpt lat="41.48694833333333" lon="-81.74639666666667"><ele>162.6</ele><time>2026-09-11T21:00:15Z</time></trkpt>
      <trkpt lat="41.486945" lon="-81.74638"><ele>162.5</ele><time>2026-09-11T21:00:16Z</time></trkpt>
      <trkpt lat="41.48694166666667" lon="-81.74637166666666"><ele>162.5</ele><time>2026-09-11T21:00:17Z</time></trkpt>
      <trkpt lat="41.48694" lon="-81.74635833333333"><ele>162.5</ele><time>2026-09-11T21:00:18Z</time></trkpt>
      <trkpt lat="41.48694" lon="-81.74634666666667"><ele>162.5</ele><time>2026-09-11T21:00:19Z</time></trkpt>
      <trkpt lat="41.486938333333335" lon="-81.74633666666666"><ele>162.5</ele><time>2026-09-11T21:00:20Z</time></trkpt>
      <trkpt lat="41.486938333333335" lon="-81.74632666666666"><ele>163</ele><time>2026-09-11T21:00:21Z</time></trkpt>
      <trkpt lat="41.486935" lon="-81.74631833333333"><ele>163</ele><time>2026-09-11T21:00:22Z</time></trkpt>
      <trkpt lat="41.48693333333333" lon="-81.74631166666667"><ele>163</ele><time>2026-09-11T21:00:23Z</time></trkpt>
      <trkpt lat="41.48693166666666" lon="-81.74630333333333"><ele>162.5</ele><time>2026-09-11T21:00:24Z</time></trkpt>
      <trkpt lat="41.486925" lon="-81.74629166666666"><ele>162.5</ele><time>2026-09-11T21:00:25Z</time></trkpt>
      <trkpt lat="41.48692166666667" lon="-81.74628166666666"><ele>162.5</ele><time>2026-09-11T21:00:26Z</time></trkpt>
      <trkpt lat="41.48692166666667" lon="-81.74626666666667"><ele>162.5</ele><time>2026-09-11T21:00:27Z</time></trkpt>
      <trkpt lat="41.48692" lon="-81.74624833333333"><ele>162.5</ele><time>2026-09-11T21:00:28Z</time></trkpt>
      <trkpt lat="41.48692" lon="-81.746245"><ele>162.5</ele><time>2026-09-11T21:00:29Z</time></trkpt>
      <trkpt lat="41.48692" lon="-81.74623666666666"><ele>162.5</ele><time>2026-09-11T21:00:30Z</time></trkpt>
      <trkpt lat="41.48692166666667" lon="-81.74622333333333"><ele>163.1</ele><time>2026-09-11T21:00:31Z</time></trkpt>
      <trkpt lat="41.48692" lon="-81.74620833333333"><ele>163.1</ele><time>2026-09-11T21:00:32Z</time></trkpt>
      <trkpt lat="41.486918333333335" lon="-81.74620166666666"><ele>163.1</ele><time>2026-09-11T21:00:33Z</time></trkpt>
      <trkpt lat="41.486918333333335" lon="-81.74619"><ele>162.5</ele><time>2026-09-11T21:00:34Z</time></trkpt>
      <trkpt lat="41.48692" lon="-81.74619"><ele>162.5</ele><time>2026-09-11T21:00:35Z</time></trkpt>
      <trkpt lat="41.48692" lon="-81.746195"><ele>162.5</ele><time>2026-09-11T21:00:36Z</time></trkpt>
      <trkpt lat="41.48692166666667" lon="-81.74619833333334"><ele>162.6</ele><time>2026-09-11T21:00:37Z</time></trkpt>
      <trkpt lat="41.48692166666667" lon="-81.7462"><ele>162.6</ele><time>2026-09-11T21:00:38Z</time></trkpt>
      <trkpt lat="41.48692166666667" lon="-81.74620333333333"><ele>162.6</ele><time>2026-09-11T21:00:39Z</time></trkpt>
      <trkpt lat="41.48692333333333" lon="-81.74619833333334"><ele>162.6</ele><time>2026-09-11T21:00:40Z</time></trkpt>
      <trkpt lat="41.486925" lon="-81.74619"><ele>162.6</ele><time>2026-09-11T21:00:42Z</time></trkpt>
      <trkpt lat="41.48692333333333" lon="-81.74618833333334"><ele>162.6</ele><time>2026-09-11T21:00:43Z</time></trkpt>
      <trkpt lat="41.48692166666667" lon="-81.746185"><ele>162.6</ele><time>2026-09-11T21:00:44Z</time></trkpt>
      <trkpt lat="41.48692166666667" lon="-81.746185"><ele>162.5</ele><time>2026-09-11T21:00:45Z</time></trkpt>
      <trkpt lat="41.48692166666667" lon="-81.74618333333333"><ele>162.5</ele><time>2026-09-11T21:00:46Z</time></trkpt>
      <trkpt lat="41.48692166666667" lon="-81.74618166666667"><ele>163.7</ele><time>2026-09-11T21:00:48Z</time></trkpt>
      <trkpt lat="41.48692166666667" lon="-81.74618"><ele>163.7</ele><time>2026-09-11T21:00:49Z</time></trkpt>
      <trkpt lat="41.48692166666667" lon="-81.74618"><ele>163.7</ele><time>2026-09-11T21:00:50Z</time></trkpt>
      <trkpt lat="41.48692" lon="-81.74618166666667"><ele>163.7</ele><time>2026-09-11T21:00:52Z</time></trkpt>
      <trkpt lat="41.48692" lon="-81.74618166666667"><ele>163.7</ele><time>2026-09-11T21:00:53Z</time></trkpt>
      <trkpt lat="41.48692" lon="-81.74618166666667"><ele>163.7</ele><time>2026-09-11T21:00:54Z</time></trkpt>
      <trkpt lat="41.48692" lon="-81.74618166666667"><ele>162.5</ele><time>2026-09-11T21:00:55Z</time></trkpt>
      <trkpt lat="41.486918333333335" lon="-81.74618166666667"><ele>162.5</ele><time>2026-09-11T21:00:56Z</time></trkpt>
      <trkpt lat="41.486916666666666" lon="-81.74617833333333"><ele>162.5</ele><time>2026-09-11T21:00:57Z</time></trkpt>
      <trkpt lat="41.486916666666666" lon="-81.74617666666667"><ele>162.5</ele><time>2026-09-11T21:00:58Z</time></trkpt>
      <trkpt lat="41.486916666666666" lon="-81.746175"><ele>162.5</ele><time>2026-09-11T21:00:59Z</time></trkpt>
      <trkpt lat="41.486916666666666" lon="-81.746175"><ele>163</ele><time>2026-09-11T21:01:00Z</time></trkpt>
      <trkpt lat="41.486916666666666" lon="-81.746175"><ele>163</ele><time>2026-09-11T21:01:01Z</time></trkpt>
      <trkpt lat="41.486916666666666" lon="-81.74617166666667"><ele>163</ele><time>2026-09-11T21:01:02Z</time></trkpt>
      <trkpt lat="41.486916666666666" lon="-81.74616666666667"><ele>162.5</ele><time>2026-09-11T21:01:03Z</time></trkpt>
      <trkpt lat="41.48692" lon="-81.74616833333333"><ele>162.5</ele><time>2026-09-11T21:01:04Z</time></trkpt>
      <trkpt lat="41.48692" lon="-81.74616833333333"><ele>162.5</ele><time>2026-09-11T21:01:05Z</time></trkpt>
      <trkpt lat="41.486918333333335" lon="-81.74616833333333"><ele>162.5</ele><time>2026-09-11T21:01:06Z</time></trkpt>
      <trkpt lat="41.486918333333335" lon="-81.74616833333333"><ele>162.5</ele><time>2026-09-11T21:01:07Z</time></trkpt>
      <trkpt lat="41.486918333333335" lon="-81.74616833333333"><ele>162.5</ele><time>2026-09-11T21:01:08Z</time></trkpt>
      <trkpt lat="41.48692" lon="-81.74616833333333"><ele>162.5</ele><time>2026-09-11T21:01:09Z</time></trkpt>
      <trkpt lat="41.48692" lon="-81.74616833333333"><ele>162.5</ele><time>2026-09-11T21:01:10Z</time></trkpt>
      <trkpt lat="41.48692166666667" lon="-81.74616666666667"><ele>162.5</ele><time>2026-09-11T21:01:11Z</time></trkpt>
      <trkpt lat="41.48692166666667" lon="-81.74616666666667"><ele>162.5</ele><time>2026-09-11T21:01:12Z</time></trkpt>
      <trkpt lat="41.48692333333333" lon="-81.746165"><ele>162.5</ele><time>2026-09-11T21:01:13Z</time></trkpt>
      <trkpt lat="41.486925" lon="-81.74616666666667"><ele>162.5</ele><time>2026-09-11T21:01:14Z</time></trkpt>
      <trkpt lat="41.486925" lon="-81.74616833333333"><ele>162.5</ele><time>2026-09-11T21:01:15Z</time></trkpt>
      <trkpt lat="41.48692666666667" lon="-81.74616666666667"><ele>162.5</ele><time>2026-09-11T21:01:16Z</time></trkpt>
      <trkpt lat="41.48692666666667" lon="-81.746165"><ele>162.5</ele><time>2026-09-11T21:01:17Z</time></trkpt>
      <trkpt lat="41.48692666666667" lon="-81.74616333333333"><ele>163.7</ele><time>2026-09-11T21:01:18Z</time></trkpt>
      <trkpt lat="41.48692666666667" lon="-81.74616333333333"><ele>163.7</ele><time>2026-09-11T21:01:19Z</time></trkpt>
      <trkpt lat="41.48692666666667" lon="-81.74616166666667"><ele>163.7</ele><time>2026-09-11T21:01:20Z</time></trkpt>
      <trkpt lat="41.486925" lon="-81.74616"><ele>163.7</ele><time>2026-09-11T21:01:21Z</time></trkpt>
      <trkpt lat="41.48692" lon="-81.746155"><ele>163.7</ele><time>2026-09-11T21:01:22Z</time></trkpt>
      <trkpt lat="41.48692" lon="-81.74615166666666"><ele>163.7</ele><time>2026-09-11T21:01:23Z</time></trkpt>
      <trkpt lat="41.48692166666667" lon="-81.74614166666667"><ele>163.7</ele><time>2026-09-11T21:01:24Z</time></trkpt>
      <trkpt lat="41.48692166666667" lon="-81.74613333333333"><ele>162.5</ele><time>2026-09-11T21:01:25Z</time></trkpt>
      <trkpt lat="41.48692" lon="-81.74612833333333"><ele>162.5</ele><time>2026-09-11T21:01:26Z</time></trkpt>
      <trkpt lat="41.486913333333334" lon="-81.74612"><ele>162.5</ele><time>2026-09-11T21:01:27Z</time></trkpt>
      <trkpt lat="41.486911666666664" lon="-81.74611666666667"><ele>162.5</ele><time>2026-09-11T21:01:28Z</time></trkpt>
      <trkpt lat="41.486911666666664" lon="-81.746115"><ele>163</ele><time>2026-09-11T21:01:29Z</time></trkpt>
      <trkpt lat="41.486913333333334" lon="-81.74611166666666"><ele>162.9</ele><time>2026-09-11T21:01:30Z</time></trkpt>
      <trkpt lat="41.486915" lon="-81.74611"><ele>162.9</ele><time>2026-09-11T21:01:31Z</time></trkpt>
      <trkpt lat="41.486915" lon="-81.74611"><ele>162.8</ele><time>2026-09-11T21:01:32Z</time></trkpt>
      <trkpt lat="41.486915" lon="-81.74611"><ele>162.5</ele><time>2026-09-11T21:01:33Z</time></trkpt>
      <trkpt lat="41.486913333333334" lon="-81.74611"><ele>162.5</ele><time>2026-09-11T21:01:34Z</time></trkpt>
      <trkpt lat="41.486915" lon="-81.74611"><ele>162.5</ele><time>2026-09-11T21:01:35Z</time></trkpt>
      <trkpt lat="41.486915" lon="-81.74611"><ele>162.5</ele><time>2026-09-11T21:01:36Z</time></trkpt>
      <trkpt lat="41.486913333333334" lon="-81.74611166666666"><ele>162.5</ele><time>2026-09-11T21:01:37Z</time></trkpt>
      <trkpt lat="41.486913333333334" lon="-81.74611166666666"><ele>162.5</ele><time>2026-09-11T21:01:38Z</time></trkpt>
      <trkpt lat="41.486913333333334" lon="-81.74611166666666"><ele>162.5</ele><time>2026-09-11T21:01:39Z</time></trkpt>
      <trkpt lat="41.486915" lon="-81.74611"><ele>162.5</ele><time>2026-09-11T21:01:40Z</time></trkpt>
      <trkpt lat="41.486916666666666" lon="-81.74609166666667"><ele>162.5</ele><time>2026-09-11T21:01:41Z</time></trkpt>
      <trkpt lat="41.486916666666666" lon="-81.74608833333333"><ele>162.5</ele><time>2026-09-11T21:01:42Z</time></trkpt>
      <trkpt lat="41.486918333333335" lon="-81.74607833333333"><ele>162.5</ele><time>2026-09-11T21:01:43Z</time></trkpt>
      <trkpt lat="41.486911666666664" lon="-81.746065"><ele>162.5</ele><time>2026-09-11T21:01:44Z</time></trkpt>
      <trkpt lat="41.486911666666664" lon="-81.74605666666666"><ele>162.5</ele><time>2026-09-11T21:01:45Z</time></trkpt>
      <trkpt lat="41.4869" lon="-81.74604"><ele>162.5</ele><time>2026-09-11T21:01:46Z</time></trkpt>
      <trkpt lat="41.486891666666665" lon="-81.746025"><ele>163.7</ele><time>2026-09-11T21:01:47Z</time></trkpt>
      <trkpt lat="41.48688833333333" lon="-81.746015"><ele>163.7</ele><time>2026-09-11T21:01:48Z</time></trkpt>
      <trkpt lat="41.486885" lon="-81.74600333333333"><ele>163.7</ele><time>2026-09-11T21:01:49Z</time></trkpt>
      <trkpt lat="41.486885" lon="-81.74599333333333"><ele>163.7</ele><time>2026-09-11T21:01:50Z</time></trkpt>
      <trkpt lat="41.486885" lon="-81.74598"><ele>163.7</ele><time>2026-09-11T21:01:51Z</time></trkpt>
      <trkpt lat="41.48688333333333" lon="-81.74596666666666"><ele>163.7</ele><time>2026-09-11T21:01:52Z</time></trkpt>
      <trkpt lat="41.48688666666666" lon="-81.745955"><ele>163.799</ele><time>2026-09-11T21:01:53Z</time></trkpt>
      <trkpt lat="41.48688666666666" lon="-81.74594666666667"><ele>163.8</ele><time>2026-09-11T21:01:54Z</time></trkpt>
      <trkpt lat="41.48688833333333" lon="-81.745935"><ele>163.7</ele><time>2026-09-11T21:01:55Z</time></trkpt>
      <trkpt lat="41.48688833333333" lon="-81.74592666666666"><ele>163.7</ele><time>2026-09-11T21:01:56Z</time></trkpt>
      <trkpt lat="41.486891666666665" lon="-81.74591666666667"><ele>163.7</ele><time>2026-09-11T21:01:57Z</time></trkpt>
      <trkpt lat="41.486893333333335" lon="-81.74590166666667"><ele>163.7</ele><time>2026-09-11T21:01:58Z</time></trkpt>
      <trkpt lat="41.486893333333335" lon="-81.74589666666667"><ele>163.7</ele><time>2026-09-11T21:01:59Z</time></trkpt>
      <trkpt lat="41.48689666666667" lon="-81.745885"><ele>163.7</ele><time>2026-09-11T21:02:00Z</time></trkpt>
      <trkpt lat="41.48689666666667" lon="-81.74587333333334"><ele>163.7</ele><time>2026-09-11T21:02:01Z</time></trkpt>
      <trkpt lat="41.48689666666667" lon="-81.74586166666667"><ele>163.7</ele><time>2026-09-11T21:02:02Z</time></trkpt>
      <trkpt lat="41.48689666666667" lon="-81.745855"><ele>163.7</ele><time>2026-09-11T21:02:03Z</time></trkpt>
      <trkpt lat="41.48689666666667" lon="-81.74584333333334"><ele>163.7</ele><time>2026-09-11T21:02:04Z</time></trkpt>
      <trkpt lat="41.486898333333336" lon="-81.745835"><ele>163.7</ele><time>2026-09-11T21:02:05Z</time></trkpt>
      <trkpt lat="41.48690166666667" lon="-81.74582"><ele>162.5</ele><time>2026-09-11T21:02:06Z</time></trkpt>
      <trkpt lat="41.48690333333333" lon="-81.74580833333333"><ele>162.5</ele><time>2026-09-11T21:02:07Z</time></trkpt>
      <trkpt lat="41.486905" lon="-81.74579833333334"><ele>162.5</ele><time>2026-09-11T21:02:08Z</time></trkpt>
      <trkpt lat="41.48690666666667" lon="-81.74578666666666"><ele>162.5</ele><time>2026-09-11T21:02:09Z</time></trkpt>
      <trkpt lat="41.48690666666667" lon="-81.74577833333333"><ele>162.5</ele><time>2026-09-11T21:02:10Z</time></trkpt>
      <trkpt lat="41.486905" lon="-81.74576166666667"><ele>162.5</ele><time>2026-09-11T21:02:11Z</time></trkpt>
      <trkpt lat="41.48690333333333" lon="-81.74575833333333"><ele>162.5</ele><time>2026-09-11T21:02:12Z</time></trkpt>
      <trkpt lat="41.48690166666667" lon="-81.74575166666666"><ele>162.5</ele><time>2026-09-11T21:02:13Z</time></trkpt>
      <trkpt lat="41.4869" lon="-81.74573833333334"><ele>162.5</ele><time>2026-09-11T21:02:14Z</time></trkpt>
      <trkpt lat="41.4869" lon="-81.74573"><ele>162.5</ele><time>2026-09-11T21:02:15Z</time></trkpt>
      <trkpt lat="41.48690166666667" lon="-81.74571666666667"><ele>163.4</ele><time>2026-09-11T21:02:16Z</time></trkpt>
      <trkpt lat="41.48690666666667" lon="-81.74570166666666"><ele>163.4</ele><time>2026-09-11T21:02:17Z</time></trkpt>
      <trkpt lat="41.48690833333333" lon="-81.74569166666667"><ele>163.4</ele><time>2026-09-11T21:02:18Z</time></trkpt>
      <trkpt lat="41.486913333333334" lon="-81.74567666666667"><ele>163.3</ele><time>2026-09-11T21:02:19Z</time></trkpt>
      <trkpt lat="41.486913333333334" lon="-81.74566666666666"><ele>163.5</ele><time>2026-09-11T21:02:20Z</time></trkpt>
      <trkpt lat="41.486911666666664" lon="-81.74565"><ele>163.5</ele><time>2026-09-11T21:02:21Z</time></trkpt>
      <trkpt lat="41.486911666666664" lon="-81.745635"><ele>163.2</ele><time>2026-09-11T21:02:22Z</time></trkpt>
      <trkpt lat="41.486911666666664" lon="-81.74562666666667"><ele>163.2</ele><time>2026-09-11T21:02:23Z</time></trkpt>
      <trkpt lat="41.48691" lon="-81.74561166666666"><ele>163.2</ele><time>2026-09-11T21:02:24Z</time></trkpt>
      <trkpt lat="41.48690833333333" lon="-81.74560333333334"><ele>163.1</ele><time>2026-09-11T21:02:25Z</time></trkpt>
      <trkpt lat="41.486905" lon="-81.74558666666667"><ele>163.299</ele><time>2026-09-11T21:02:26Z</time></trkpt>
      <trkpt lat="41.48690333333333" lon="-81.74557333333334"><ele>163.7</ele><time>2026-09-11T21:02:27Z</time></trkpt>
      <trkpt lat="41.48690166666667" lon="-81.745555"><ele>163.7</ele><time>2026-09-11T21:02:28Z</time></trkpt>
      <trkpt lat="41.48690166666667" lon="-81.74554666666667"><ele>163.7</ele><time>2026-09-11T21:02:29Z</time></trkpt>
      <trkpt lat="41.486898333333336" lon="-81.74553833333333"><ele>163.7</ele><time>2026-09-11T21:02:30Z</time></trkpt>
      <trkpt lat="41.486891666666665" lon="-81.74552"><ele>163.7</ele><time>2026-09-11T21:02:31Z</time></trkpt>
      <trkpt lat="41.48688833333333" lon="-81.745505"><ele>163.7</ele><time>2026-09-11T21:02:32Z</time></trkpt>
      <trkpt lat="41.48688666666666" lon="-81.745495"><ele>163.7</ele><time>2026-09-11T21:02:33Z</time></trkpt>
      <trkpt lat="41.486885" lon="-81.74547666666666"><ele>163.7</ele><time>2026-09-11T21:02:34Z</time></trkpt>
      <trkpt lat="41.486885" lon="-81.745465"><ele>163.1</ele><time>2026-09-11T21:02:35Z</time></trkpt>
      <trkpt lat="41.48688166666667" lon="-81.74544833333333"><ele>163.1</ele><time>2026-09-11T21:02:36Z</time></trkpt>
      <trkpt lat="41.486875" lon="-81.745435"><ele>163.1</ele><time>2026-09-11T21:02:37Z</time></trkpt>
      <trkpt lat="41.486873333333335" lon="-81.74543"><ele>163.1</ele><time>2026-09-11T21:02:38Z</time></trkpt>
      <trkpt lat="41.486866666666664" lon="-81.74541"><ele>163.1</ele><time>2026-09-11T21:02:39Z</time></trkpt>
      <trkpt lat="41.486865" lon="-81.745405"><ele>163.1</ele><time>2026-09-11T21:02:40Z</time></trkpt>
      <trkpt lat="41.48686166666667" lon="-81.74539666666666"><ele>163.1</ele><time>2026-09-11T21:02:41Z</time></trkpt>
      <trkpt lat="41.48685666666667" lon="-81.74538666666666"><ele>163.4</ele><time>2026-09-11T21:02:42Z</time></trkpt>
      <trkpt lat="41.48685166666667" lon="-81.745375"><ele>163.1</ele><time>2026-09-11T21:02:43Z</time></trkpt>
      <trkpt lat="41.486848333333334" lon="-81.74536666666667"><ele>163.1</ele><time>2026-09-11T21:02:44Z</time></trkpt>
      <trkpt lat="41.48684166666666" lon="-81.74535"><ele>163.4</ele><time>2026-09-11T21:02:45Z</time></trkpt>
      <trkpt lat="41.48683833333333" lon="-81.74534"><ele>163.4</ele><time>2026-09-11T21:02:46Z</time></trkpt>
      <trkpt lat="41.48683" lon="-81.745325"><ele>163.5</ele><time>2026-09-11T21:02:47Z</time></trkpt>
      <trkpt lat="41.48682" lon="-81.745315"><ele>163.5</ele><time>2026-09-11T21:02:48Z</time></trkpt>
      <trkpt lat="41.486815" lon="-81.74531"><ele>163.5</ele><time>2026-09-11T21:02:49Z</time></trkpt>
      <trkpt lat="41.486795" lon="-81.74529666666666"><ele>163.4</ele><time>2026-09-11T21:02:50Z</time></trkpt>
      <trkpt lat="41.48678833333334" lon="-81.745295"><ele>163.6</ele><time>2026-09-11T21:02:51Z</time></trkpt>
      <trkpt lat="41.486776666666664" lon="-81.745285"><ele>163.299</ele><time>2026-09-11T21:02:52Z</time></trkpt>
      <trkpt lat="41.48677" lon="-81.74527833333333"><ele>163.299</ele><time>2026-09-11T21:02:53Z</time></trkpt>
      <trkpt lat="41.486763333333336" lon="-81.74526833333333"><ele>163.299</ele><time>2026-09-11T21:02:54Z</time></trkpt>
      <trkpt lat="41.486758333333334" lon="-81.74526166666666"><ele>163.299</ele><time>2026-09-11T21:02:55Z</time></trkpt>
      <trkpt lat="41.48675" lon="-81.74525166666666"><ele>163.3</ele><time>2026-09-11T21:02:56Z</time></trkpt>
      <trkpt lat="41.486745" lon="-81.74524833333334"><ele>163.3</ele><time>2026-09-11T21:02:57Z</time></trkpt>
      <trkpt lat="41.486735" lon="-81.74524166666667"><ele>163.3</ele><time>2026-09-11T21:02:58Z</time></trkpt>
      <trkpt lat="41.48672833333333" lon="-81.74524"><ele>163.3</ele><time>2026-09-11T21:02:59Z</time></trkpt>
      <trkpt lat="41.48672166666667" lon="-81.74523833333333"><ele>162.5</ele><time>2026-09-11T21:03:00Z</time></trkpt>
      <trkpt lat="41.48670833333333" lon="-81.74524"><ele>162.5</ele><time>2026-09-11T21:03:01Z</time></trkpt>
      <trkpt lat="41.4867" lon="-81.74524333333333"><ele>162.5</ele><time>2026-09-11T21:03:02Z</time></trkpt>
      <trkpt lat="41.48668833333333" lon="-81.74524833333334"><ele>162.5</ele><time>2026-09-11T21:03:03Z</time></trkpt>
      <trkpt lat="41.48668" lon="-81.745255"><ele>162.5</ele><time>2026-09-11T21:03:04Z</time></trkpt>
      <trkpt lat="41.486671666666666" lon="-81.74526666666667"><ele>162.5</ele><time>2026-09-11T21:03:05Z</time></trkpt>
      <trkpt lat="41.486666666666665" lon="-81.74527166666667"><ele>162.5</ele><time>2026-09-11T21:03:06Z</time></trkpt>
      <trkpt lat="41.48665333333334" lon="-81.745285"><ele>162.5</ele><time>2026-09-11T21:03:07Z</time></trkpt>
      <trkpt lat="41.486648333333335" lon="-81.74529333333334"><ele>162.5</ele><time>2026-09-11T21:03:08Z</time></trkpt>
      <trkpt lat="41.48663833333333" lon="-81.74530833333333"><ele>162.5</ele><time>2026-09-11T21:03:09Z</time></trkpt>
      <trkpt lat="41.486635" lon="-81.74531666666667"><ele>162.5</ele><time>2026-09-11T21:03:10Z</time></trkpt>
      <trkpt lat="41.48663166666667" lon="-81.745325"><ele>162.5</ele><time>2026-09-11T21:03:11Z</time></trkpt>
      <trkpt lat="41.486623333333334" lon="-81.74533666666666"><ele>162.5</ele><time>2026-09-11T21:03:12Z</time></trkpt>
      <trkpt lat="41.48661666666667" lon="-81.74534"><ele>162.5</ele><time>2026-09-11T21:03:13Z</time></trkpt>
      <trkpt lat="41.486603333333335" lon="-81.74535"><ele>162.5</ele><time>2026-09-11T21:03:14Z</time></trkpt>
      <trkpt lat="41.48659166666667" lon="-81.745355"><ele>162.5</ele><time>2026-09-11T21:03:15Z</time></trkpt>
      <trkpt lat="41.486583333333336" lon="-81.745365"><ele>162.5</ele><time>2026-09-11T21:03:16Z</time></trkpt>
      <trkpt lat="41.486578333333334" lon="-81.74537333333333"><ele>162.5</ele><time>2026-09-11T21:03:17Z</time></trkpt>
      <trkpt lat="41.48657166666667" lon="-81.745385"><ele>162.5</ele><time>2026-09-11T21:03:18Z</time></trkpt>
      <trkpt lat="41.48656666666667" lon="-81.74539166666666"><ele>162.5</ele><time>2026-09-11T21:03:19Z</time></trkpt>
      <trkpt lat="41.48656" lon="-81.74540333333333"><ele>162.5</ele><time>2026-09-11T21:03:20Z</time></trkpt>
      <trkpt lat="41.486555" lon="-81.745415"><ele>162.5</ele><time>2026-09-11T21:03:21Z</time></trkpt>
      <trkpt lat="41.48654666666667" lon="-81.74543"><ele>162.5</ele><time>2026-09-11T21:03:22Z</time></trkpt>
      <trkpt lat="41.48654333333333" lon="-81.745435"><ele>162.5</ele><time>2026-09-11T21:03:23Z</time></trkpt>
      <trkpt lat="41.486538333333336" lon="-81.74544166666666"><ele>162.5</ele><time>2026-09-11T21:03:24Z</time></trkpt>
      <trkpt lat="41.486533333333334" lon="-81.74545"><ele>162.5</ele><time>2026-09-11T21:03:25Z</time></trkpt>
      <trkpt lat="41.48652333333333" lon="-81.74546333333333"><ele>162.5</ele><time>2026-09-11T21:03:26Z</time></trkpt>
      <trkpt lat="41.48651666666667" lon="-81.74547166666666"><ele>162.5</ele><time>2026-09-11T21:03:27Z</time></trkpt>
      <trkpt lat="41.48651" lon="-81.74548"><ele>162.5</ele><time>2026-09-11T21:03:28Z</time></trkpt>
      <trkpt lat="41.486505" lon="-81.74548666666666"><ele>162.5</ele><time>2026-09-11T21:03:29Z</time></trkpt>
      <trkpt lat="41.486491666666666" lon="-81.7455"><ele>162.5</ele><time>2026-09-11T21:03:31Z</time></trkpt>
      <trkpt lat="41.48648333333333" lon="-81.74550666666667"><ele>162.6</ele><time>2026-09-11T21:03:32Z</time></trkpt>
      <trkpt lat="41.486473333333336" lon="-81.74551166666667"><ele>162.6</ele><time>2026-09-11T21:03:33Z</time></trkpt>
      <trkpt lat="41.48646" lon="-81.74552"><ele>162.6</ele><time>2026-09-11T21:03:34Z</time></trkpt>
      <trkpt lat="41.486455" lon="-81.74552333333334"><ele>162.6</ele><time>2026-09-11T21:03:35Z</time></trkpt>
      <trkpt lat="41.486445" lon="-81.74552666666666"><ele>162.6</ele><time>2026-09-11T21:03:36Z</time></trkpt>
      <trkpt lat="41.48643833333333" lon="-81.74553333333333"><ele>162.6</ele><time>2026-09-11T21:03:37Z</time></trkpt>
      <trkpt lat="41.486428333333336" lon="-81.74554"><ele>162.6</ele><time>2026-09-11T21:03:38Z</time></trkpt>
      <trkpt lat="41.48641833333333" lon="-81.74554333333333"><ele>162.5</ele><time>2026-09-11T21:03:39Z</time></trkpt>
      <trkpt lat="41.48641333333333" lon="-81.74554833333333"><ele>162.5</ele><time>2026-09-11T21:03:40Z</time></trkpt>
      <trkpt lat="41.4864" lon="-81.74555666666667"><ele>162.5</ele><time>2026-09-11T21:03:41Z</time></trkpt>
      <trkpt lat="41.48639" lon="-81.74556666666666"><ele>162.5</ele><time>2026-09-11T21:03:42Z</time></trkpt>
      <trkpt lat="41.48638" lon="-81.74557333333334"><ele>162.5</ele><time>2026-09-11T21:03:43Z</time></trkpt>
      <trkpt lat="41.48637" lon="-81.74558"><ele>162.5</ele><time>2026-09-11T21:03:44Z</time></trkpt>
      <trkpt lat="41.486358333333335" lon="-81.74558833333333"><ele>162.5</ele><time>2026-09-11T21:03:45Z</time></trkpt>
      <trkpt lat="41.486351666666664" lon="-81.74559166666667"><ele>162.5</ele><time>2026-09-11T21:03:46Z</time></trkpt>
      <trkpt lat="41.486338333333336" lon="-81.7456"><ele>163</ele><time>2026-09-11T21:03:47Z</time></trkpt>
      <trkpt lat="41.48632833333333" lon="-81.74561"><ele>163</ele><time>2026-09-11T21:03:48Z</time></trkpt>
      <trkpt lat="41.48632166666667" lon="-81.74561333333334"><ele>163</ele><time>2026-09-11T21:03:49Z</time></trkpt>
      <trkpt lat="41.486311666666666" lon="-81.74562333333333"><ele>163</ele><time>2026-09-11T21:03:50Z</time></trkpt>
      <trkpt lat="41.48630166666667" lon="-81.74562833333333"><ele>163</ele><time>2026-09-11T21:03:51Z</time></trkpt>
      <trkpt lat="41.486295" lon="-81.74563333333333"><ele>163</ele><time>2026-09-11T21:03:52Z</time></trkpt>
      <trkpt lat="41.486275" lon="-81.74564166666667"><ele>163</ele><time>2026-09-11T21:03:53Z</time></trkpt>
      <trkpt lat="41.486275" lon="-81.745645"><ele>163</ele><time>2026-09-11T21:03:54Z</time></trkpt>
      <trkpt lat="41.486268333333335" lon="-81.74564833333334"><ele>162.5</ele><time>2026-09-11T21:03:55Z</time></trkpt>
      <trkpt lat="41.486265" lon="-81.745655"><ele>162.5</ele><time>2026-09-11T21:03:56Z</time></trkpt>
      <trkpt lat="41.48625666666667" lon="-81.745665"><ele>162.5</ele><time>2026-09-11T21:03:57Z</time></trkpt>
      <trkpt lat="41.48625333333333" lon="-81.74566833333333"><ele>162.5</ele><time>2026-09-11T21:03:58Z</time></trkpt>
      <trkpt lat="41.48625166666667" lon="-81.74568333333333"><ele>162.5</ele><time>2026-09-11T21:03:59Z</time></trkpt>
      <trkpt lat="41.48625333333333" lon="-81.74569166666667"><ele>162.5</ele><time>2026-09-11T21:04:00Z</time></trkpt>
      <trkpt lat="41.486255" lon="-81.74571"><ele>162.5</ele><time>2026-09-11T21:04:01Z</time></trkpt>
      <trkpt lat="41.486255" lon="-81.74572166666667"><ele>162.6</ele><time>2026-09-11T21:04:02Z</time></trkpt>
      <trkpt lat="41.48625333333333" lon="-81.74573333333333"><ele>162.6</ele><time>2026-09-11T21:04:03Z</time></trkpt>
      <trkpt lat="41.486248333333336" lon="-81.74574833333334"><ele>162.6</ele><time>2026-09-11T21:04:04Z</time></trkpt>
      <trkpt lat="41.486241666666665" lon="-81.74576166666667"><ele>162.6</ele><time>2026-09-11T21:04:05Z</time></trkpt>
      <trkpt lat="41.48623833333333" lon="-81.74577"><ele>162.6</ele><time>2026-09-11T21:04:06Z</time></trkpt>
      <trkpt lat="41.48623166666667" lon="-81.74578333333334"><ele>162.6</ele><time>2026-09-11T21:04:07Z</time></trkpt>
      <trkpt lat="41.48622833333334" lon="-81.745795"><ele>162.5</ele><time>2026-09-11T21:04:08Z</time></trkpt>
      <trkpt lat="41.48622" lon="-81.74580166666667"><ele>162.5</ele><time>2026-09-11T21:04:09Z</time></trkpt>
      <trkpt lat="41.48621166666667" lon="-81.74580666666667"><ele>162.5</ele><time>2026-09-11T21:04:10Z</time></trkpt>
      <trkpt lat="41.48620666666667" lon="-81.74581"><ele>162.5</ele><time>2026-09-11T21:04:11Z</time></trkpt>
      <trkpt lat="41.486205" lon="-81.74582"><ele>162.5</ele><time>2026-09-11T21:04:12Z</time></trkpt>
      <trkpt lat="41.486201666666666" lon="-81.74581833333333"><ele>162.5</ele><time>2026-09-11T21:04:13Z</time></trkpt>
      <trkpt lat="41.486196666666665" lon="-81.745835"><ele>162.5</ele><time>2026-09-11T21:04:14Z</time></trkpt>
      <trkpt lat="41.48619333333333" lon="-81.74583833333334"><ele>162.5</ele><time>2026-09-11T21:04:15Z</time></trkpt>
      <trkpt lat="41.48619" lon="-81.74587166666667"><ele>162.5</ele><time>2026-09-11T21:04:17Z</time></trkpt>
      <trkpt lat="41.48618833333333" lon="-81.74589666666667"><ele>162.5</ele><time>2026-09-11T21:04:18Z</time></trkpt>
      <trkpt lat="41.48618666666667" lon="-81.74590333333333"><ele>162.5</ele><time>2026-09-11T21:04:19Z</time></trkpt>
      <trkpt lat="41.486185" lon="-81.74591333333333"><ele>162.5</ele><time>2026-09-11T21:04:20Z</time></trkpt>
      <trkpt lat="41.48618333333334" lon="-81.74592833333334"><ele>162.5</ele><time>2026-09-11T21:04:21Z</time></trkpt>
      <trkpt lat="41.48618333333334" lon="-81.74593666666667"><ele>162.5</ele><time>2026-09-11T21:04:22Z</time></trkpt>
      <trkpt lat="41.48618166666667" lon="-81.74595166666667"><ele>163.3</ele><time>2026-09-11T21:04:23Z</time></trkpt>
      <trkpt lat="41.48618333333334" lon="-81.74596166666667"><ele>163.3</ele><time>2026-09-11T21:04:24Z</time></trkpt>
      <trkpt lat="41.486185" lon="-81.74597166666666"><ele>163.3</ele><time>2026-09-11T21:04:25Z</time></trkpt>
      <trkpt lat="41.48618666666667" lon="-81.745985"><ele>163.3</ele><time>2026-09-11T21:04:26Z</time></trkpt>
      <trkpt lat="41.48618833333333" lon="-81.74599166666667"><ele>163.3</ele><time>2026-09-11T21:04:27Z</time></trkpt>
      <trkpt lat="41.48619166666667" lon="-81.74600666666667"><ele>163.3</ele><time>2026-09-11T21:04:28Z</time></trkpt>
      <trkpt lat="41.48619166666667" lon="-81.746015"><ele>163.3</ele><time>2026-09-11T21:04:29Z</time></trkpt>
      <trkpt lat="41.48619166666667" lon="-81.74602"><ele>163.3</ele><time>2026-09-11T21:04:30Z</time></trkpt>
      <trkpt lat="41.48619333333333" lon="-81.74603166666667"><ele>162.6</ele><time>2026-09-11T21:04:31Z</time></trkpt>
      <trkpt lat="41.486196666666665" lon="-81.74604166666667"><ele>162.6</ele><time>2026-09-11T21:04:32Z</time></trkpt>
      <trkpt lat="41.4862" lon="-81.74605166666667"><ele>162.6</ele><time>2026-09-11T21:04:33Z</time></trkpt>
      <trkpt lat="41.486201666666666" lon="-81.74605833333334"><ele>162.6</ele><time>2026-09-11T21:04:34Z</time></trkpt>
      <trkpt lat="41.48620666666667" lon="-81.74607"><ele>162.6</ele><time>2026-09-11T21:04:35Z</time></trkpt>
      <trkpt lat="41.48621166666667" lon="-81.74608"><ele>162.6</ele><time>2026-09-11T21:04:36Z</time></trkpt>
      <trkpt lat="41.48622" lon="-81.74609666666667"><ele>162.5</ele><time>2026-09-11T21:04:37Z</time></trkpt>
      <trkpt lat="41.48622833333334" lon="-81.74610833333334"><ele>162.5</ele><time>2026-09-11T21:04:38Z</time></trkpt>
      <trkpt lat="41.48623333333333" lon="-81.74611333333333"><ele>162.5</ele><time>2026-09-11T21:04:39Z</time></trkpt>
      <trkpt lat="41.486246666666666" lon="-81.74612166666667"><ele>162.5</ele><time>2026-09-11T21:04:40Z</time></trkpt>
      <trkpt lat="41.48625833333333" lon="-81.74613"><ele>162.5</ele><time>2026-09-11T21:04:41Z</time></trkpt>
      <trkpt lat="41.486265" lon="-81.746135"><ele>162.5</ele><time>2026-09-11T21:04:42Z</time></trkpt>
      <trkpt lat="41.48627166666667" lon="-81.74614333333334"><ele>162.5</ele><time>2026-09-11T21:04:43Z</time></trkpt>
      <trkpt lat="41.48627666666667" lon="-81.74614833333334"><ele>162.5</ele><time>2026-09-11T21:04:44Z</time></trkpt>
      <trkpt lat="41.486288333333334" lon="-81.74616"><ele>162.5</ele><time>2026-09-11T21:04:45Z</time></trkpt>
      <trkpt lat="41.48629833333333" lon="-81.74617"><ele>162.5</ele><time>2026-09-11T21:04:46Z</time></trkpt>
      <trkpt lat="41.486305" lon="-81.74617666666667"><ele>162.5</ele><time>2026-09-11T21:04:47Z</time></trkpt>
      <trkpt lat="41.486311666666666" lon="-81.74618333333333"><ele>162.5</ele><time>2026-09-11T21:04:48Z</time></trkpt>
      <trkpt lat="41.48631833333334" lon="-81.74618833333334"><ele>162.5</ele><time>2026-09-11T21:04:49Z</time></trkpt>
      <trkpt lat="41.486325" lon="-81.74619166666666"><ele>162.5</ele><time>2026-09-11T21:04:50Z</time></trkpt>
      <trkpt lat="41.486335" lon="-81.74619666666666"><ele>162.5</ele><time>2026-09-11T21:04:51Z</time></trkpt>
      <trkpt lat="41.486345" lon="-81.74619666666666"><ele>162.5</ele><time>2026-09-11T21:04:52Z</time></trkpt>
      <trkpt lat="41.486353333333334" lon="-81.74619833333334"><ele>162.5</ele><time>2026-09-11T21:04:53Z</time></trkpt>
      <trkpt lat="41.48636333333334" lon="-81.746195"><ele>163.3</ele><time>2026-09-11T21:04:54Z</time></trkpt>
      <trkpt lat="41.48637166666666" lon="-81.746195"><ele>163.3</ele><time>2026-09-11T21:04:55Z</time></trkpt>
      <trkpt lat="41.486383333333336" lon="-81.746195"><ele>163.3</ele><time>2026-09-11T21:04:56Z</time></trkpt>
      <trkpt lat="41.48639" lon="-81.74619666666666"><ele>163.3</ele><time>2026-09-11T21:04:57Z</time></trkpt>
      <trkpt lat="41.486403333333335" lon="-81.7462"><ele>163.3</ele><time>2026-09-11T21:04:58Z</time></trkpt>
      <trkpt lat="41.48641333333333" lon="-81.746205"><ele>163.3</ele><time>2026-09-11T21:04:59Z</time></trkpt>
      <trkpt lat="41.486423333333335" lon="-81.74621333333333"><ele>163.3</ele><time>2026-09-11T21:05:00Z</time></trkpt>
      <trkpt lat="41.48642666666667" lon="-81.74621833333333"><ele>163.3</ele><time>2026-09-11T21:05:01Z</time></trkpt>
      <trkpt lat="41.48643333333333" lon="-81.74623666666666"><ele>162.5</ele><time>2026-09-11T21:05:02Z</time></trkpt>
      <trkpt lat="41.48643333333333" lon="-81.74625"><ele>162.3</ele><time>2026-09-11T21:05:03Z</time></trkpt>
      <trkpt lat="41.48643666666667" lon="-81.74625833333333"><ele>162.3</ele><time>2026-09-11T21:05:04Z</time></trkpt>
      <trkpt lat="41.48644" lon="-81.74627"><ele>162.3</ele><time>2026-09-11T21:05:05Z</time></trkpt>
      <trkpt lat="41.486443333333334" lon="-81.74627666666666"><ele>162.3</ele><time>2026-09-11T21:05:06Z</time></trkpt>
      <trkpt lat="41.48645" lon="-81.746285"><ele>162.1</ele><time>2026-09-11T21:05:07Z</time></trkpt>
      <trkpt lat="41.48645833333333" lon="-81.74629166666666"><ele>162.4</ele><time>2026-09-11T21:05:08Z</time></trkpt>
      <trkpt lat="41.48646333333333" lon="-81.74629666666667"><ele>162.4</ele><time>2026-09-11T21:05:09Z</time></trkpt>
      <trkpt lat="41.48647666666667" lon="-81.746305"><ele>162.5</ele><time>2026-09-11T21:05:10Z</time></trkpt>
      <trkpt lat="41.486473333333336" lon="-81.74631166666667"><ele>162.5</ele><time>2026-09-11T21:05:11Z</time></trkpt>
      <trkpt lat="41.48648333333333" lon="-81.74631833333333"><ele>162.5</ele><time>2026-09-11T21:05:12Z</time></trkpt>
      <trkpt lat="41.486493333333335" lon="-81.74632"><ele>162.5</ele><time>2026-09-11T21:05:13Z</time></trkpt>
      <trkpt lat="41.48651" lon="-81.74632"><ele>162.5</ele><time>2026-09-11T21:05:14Z</time></trkpt>
      <trkpt lat="41.486518333333336" lon="-81.74632333333334"><ele>162.5</ele><time>2026-09-11T21:05:15Z</time></trkpt>
      <trkpt lat="41.486525" lon="-81.74632833333334"><ele>162.5</ele><time>2026-09-11T21:05:16Z</time></trkpt>
      <trkpt lat="41.486536666666666" lon="-81.74632833333334"><ele>162.5</ele><time>2026-09-11T21:05:17Z</time></trkpt>
      <trkpt lat="41.486545" lon="-81.746325"><ele>162.5</ele><time>2026-09-11T21:05:18Z</time></trkpt>
      <trkpt lat="41.48655333333333" lon="-81.74632833333334"><ele>162.5</ele><time>2026-09-11T21:05:19Z</time></trkpt>
      <trkpt lat="41.486580000000004" lon="-81.74632833333334"><ele>162.5</ele><time>2026-09-11T21:05:20Z</time></trkpt>
      <trkpt lat="41.486585" lon="-81.74632833333334"><ele>162.5</ele><time>2026-09-11T21:05:21Z</time></trkpt>
      <trkpt lat="41.48659333333333" lon="-81.74632666666666"><ele>162.5</ele><time>2026-09-11T21:05:22Z</time></trkpt>
      <trkpt lat="41.486605" lon="-81.74632"><ele>163.3</ele><time>2026-09-11T21:05:23Z</time></trkpt>
      <trkpt lat="41.48661166666667" lon="-81.74631833333333"><ele>163.3</ele><time>2026-09-11T21:05:24Z</time></trkpt>
      <trkpt lat="41.486621666666665" lon="-81.74631166666667"><ele>163.3</ele><time>2026-09-11T21:05:25Z</time></trkpt>
      <trkpt lat="41.486626666666666" lon="-81.74630666666667"><ele>163.3</ele><time>2026-09-11T21:05:26Z</time></trkpt>
      <trkpt lat="41.48663166666667" lon="-81.74630333333333"><ele>163.3</ele><time>2026-09-11T21:05:27Z</time></trkpt>
      <trkpt lat="41.486635" lon="-81.7463"><ele>163.3</ele><time>2026-09-11T21:05:28Z</time></trkpt>
      <trkpt lat="41.48664333333333" lon="-81.746295"><ele>163.3</ele><time>2026-09-11T21:05:29Z</time></trkpt>
      <trkpt lat="41.48665166666667" lon="-81.74629"><ele>162.5</ele><time>2026-09-11T21:05:30Z</time></trkpt>
      <trkpt lat="41.48665666666667" lon="-81.74628333333334"><ele>162.5</ele><time>2026-09-11T21:05:31Z</time></trkpt>
      <trkpt lat="41.486665" lon="-81.74627333333333"><ele>162.5</ele><time>2026-09-11T21:05:32Z</time></trkpt>
      <trkpt lat="41.486671666666666" lon="-81.746265"><ele>162.5</ele><time>2026-09-11T21:05:33Z</time></trkpt>
      <trkpt lat="41.48667833333333" lon="-81.74625"><ele>162.5</ele><time>2026-09-11T21:05:34Z</time></trkpt>
      <trkpt lat="41.48668333333333" lon="-81.74624"><ele>162.5</ele><time>2026-09-11T21:05:35Z</time></trkpt>
      <trkpt lat="41.48669" lon="-81.74622666666667"><ele>162.5</ele><time>2026-09-11T21:05:36Z</time></trkpt>
      <trkpt lat="41.486691666666665" lon="-81.74621666666667"><ele>162.5</ele><time>2026-09-11T21:05:37Z</time></trkpt>
      <trkpt lat="41.486695" lon="-81.746205"><ele>163</ele><time>2026-09-11T21:05:38Z</time></trkpt>
      <trkpt lat="41.4867" lon="-81.74618833333334"><ele>163</ele><time>2026-09-11T21:05:40Z</time></trkpt>
      <trkpt lat="41.48670333333333" lon="-81.74618333333333"><ele>162.7</ele><time>2026-09-11T21:05:41Z</time></trkpt>
      <trkpt lat="41.486705" lon="-81.74618333333333"><ele>162.399</ele><time>2026-09-11T21:05:42Z</time></trkpt>
      <trkpt lat="41.486705" lon="-81.746185"><ele>162.299</ele><time>2026-09-11T21:05:43Z</time></trkpt>
      <trkpt lat="41.48670333333333" lon="-81.74618666666667"><ele>162.1</ele><time>2026-09-11T21:05:44Z</time></trkpt>
      <trkpt lat="41.48670333333333" lon="-81.74618833333334"><ele>161.799</ele><time>2026-09-11T21:05:45Z</time></trkpt>
      <trkpt lat="41.48670333333333" lon="-81.74618833333334"><ele>161.799</ele><time>2026-09-11T21:05:46Z</time></trkpt>
      <trkpt lat="41.48670333333333" lon="-81.74619166666666"><ele>161.8</ele><time>2026-09-11T21:05:47Z</time></trkpt>
      <trkpt lat="41.48670333333333" lon="-81.74619166666666"><ele>161.8</ele><time>2026-09-11T21:05:48Z</time></trkpt>
      <trkpt lat="41.48670166666667" lon="-81.74619"><ele>161.8</ele><time>2026-09-11T21:05:49Z</time></trkpt>
      <trkpt lat="41.48670333333333" lon="-81.74619"><ele>161.9</ele><time>2026-09-11T21:05:50Z</time></trkpt>
      <trkpt lat="41.48670166666667" lon="-81.74619"><ele>162</ele><time>2026-09-11T21:05:51Z</time></trkpt>
      <trkpt lat="41.48670333333333" lon="-81.74618833333334"><ele>162</ele><time>2026-09-11T21:05:52Z</time></trkpt>
      <trkpt lat="41.4867" lon="-81.74618833333334"><ele>162</ele><time>2026-09-11T21:05:53Z</time></trkpt>
      <trkpt lat="41.48669833333334" lon="-81.74619"><ele>162</ele><time>2026-09-11T21:05:54Z</time></trkpt>
      <trkpt lat="41.48669666666667" lon="-81.74619"><ele>162</ele><time>2026-09-11T21:05:55Z</time></trkpt>
      <trkpt lat="41.48669666666667" lon="-81.74619"><ele>162</ele><time>2026-09-11T21:05:56Z</time></trkpt>
      <trkpt lat="41.48669666666667" lon="-81.74619166666666"><ele>162</ele><time>2026-09-11T21:05:57Z</time></trkpt>
      <trkpt lat="41.486695" lon="-81.74619"><ele>161.8</ele><time>2026-09-11T21:05:58Z</time></trkpt>
      <trkpt lat="41.486695" lon="-81.74619"><ele>161.8</ele><time>2026-09-11T21:05:59Z</time></trkpt>
      <trkpt lat="41.486695" lon="-81.74619"><ele>161.8</ele><time>2026-09-11T21:06:00Z</time></trkpt>
      <trkpt lat="41.486693333333335" lon="-81.74618333333333"><ele>161.5</ele><time>2026-09-11T21:06:01Z</time></trkpt>
      <trkpt lat="41.486693333333335" lon="-81.74618166666667"><ele>162.5</ele><time>2026-09-11T21:06:02Z</time></trkpt>
      <trkpt lat="41.486693333333335" lon="-81.746165"><ele>162.5</ele><time>2026-09-11T21:06:03Z</time></trkpt>
      <trkpt lat="41.486693333333335" lon="-81.74616166666667"><ele>162.5</ele><time>2026-09-11T21:06:04Z</time></trkpt>
      <trkpt lat="41.486691666666665" lon="-81.746155"><ele>162.5</ele><time>2026-09-11T21:06:05Z</time></trkpt>
      <trkpt lat="41.48669" lon="-81.74615166666666"><ele>162.5</ele><time>2026-09-11T21:06:06Z</time></trkpt>
      <trkpt lat="41.486691666666665" lon="-81.74615166666666"><ele>162.5</ele><time>2026-09-11T21:06:07Z</time></trkpt>
      <trkpt lat="41.486695" lon="-81.74615"><ele>162.5</ele><time>2026-09-11T21:06:08Z</time></trkpt>
      <trkpt lat="41.486695" lon="-81.74614833333334"><ele>161.8</ele><time>2026-09-11T21:06:09Z</time></trkpt>
      <trkpt lat="41.486695" lon="-81.74614833333334"><ele>162</ele><time>2026-09-11T21:06:10Z</time></trkpt>
      <trkpt lat="41.486695" lon="-81.74614666666666"><ele>162</ele><time>2026-09-11T21:06:11Z</time></trkpt>
      <trkpt lat="41.486695" lon="-81.74614666666666"><ele>162.1</ele><time>2026-09-11T21:06:12Z</time></trkpt>
      <trkpt lat="41.486693333333335" lon="-81.74614666666666"><ele>162.1</ele><time>2026-09-11T21:06:13Z</time></trkpt>
      <trkpt lat="41.486691666666665" lon="-81.74614833333334"><ele>162.1</ele><time>2026-09-11T21:06:14Z</time></trkpt>
      <trkpt lat="41.48669" lon="-81.74614833333334"><ele>161.9</ele><time>2026-09-11T21:06:15Z</time></trkpt>
      <trkpt lat="41.48669" lon="-81.74614833333334"><ele>161.9</ele><time>2026-09-11T21:06:16Z</time></trkpt>
      <trkpt lat="41.48669" lon="-81.746145"><ele>162.1</ele><time>2026-09-11T21:06:17Z</time></trkpt>
      <trkpt lat="41.48669" lon="-81.74614333333334"><ele>162</ele><time>2026-09-11T21:06:18Z</time></trkpt>
      <trkpt lat="41.48669" lon="-81.74613833333333"><ele>162</ele><time>2026-09-11T21:06:19Z</time></trkpt>
      <trkpt lat="41.48669" lon="-81.74612166666667"><ele>162.3</ele><time>2026-09-11T21:06:20Z</time></trkpt>
      <trkpt lat="41.48669" lon="-81.74611166666666"><ele>162.3</ele><time>2026-09-11T21:06:21Z</time></trkpt>
      <trkpt lat="41.48669" lon="-81.74610166666666"><ele>162.4</ele><time>2026-09-11T21:06:22Z</time></trkpt>
      <trkpt lat="41.486686666666664" lon="-81.746095"><ele>162.6</ele><time>2026-09-11T21:06:23Z</time></trkpt>
      <trkpt lat="41.48668333333333" lon="-81.74608833333333"><ele>162.6</ele><time>2026-09-11T21:06:24Z</time></trkpt>
      <trkpt lat="41.486685" lon="-81.74607666666667"><ele>162.5</ele><time>2026-09-11T21:06:25Z</time></trkpt>
      <trkpt lat="41.486685" lon="-81.74606666666666"><ele>162.5</ele><time>2026-09-11T21:06:26Z</time></trkpt>
      <trkpt lat="41.48668833333333" lon="-81.746055"><ele>162.5</ele><time>2026-09-11T21:06:27Z</time></trkpt>
      <trkpt lat="41.486691666666665" lon="-81.74605"><ele>162.5</ele><time>2026-09-11T21:06:28Z</time></trkpt>
      <trkpt lat="41.48669833333334" lon="-81.74603666666667"><ele>162.5</ele><time>2026-09-11T21:06:29Z</time></trkpt>
      <trkpt lat="41.48670333333333" lon="-81.74603166666667"><ele>162.5</ele><time>2026-09-11T21:06:30Z</time></trkpt>
      <trkpt lat="41.486713333333334" lon="-81.74602166666666"><ele>162.5</ele><time>2026-09-11T21:06:31Z</time></trkpt>
      <trkpt lat="41.486718333333336" lon="-81.74601833333334"><ele>162.5</ele><time>2026-09-11T21:06:32Z</time></trkpt>
      <trkpt lat="41.48672833333333" lon="-81.746015"><ele>162.5</ele><time>2026-09-11T21:06:33Z</time></trkpt>
      <trkpt lat="41.486731666666664" lon="-81.74601333333334"><ele>162.5</ele><time>2026-09-11T21:06:34Z</time></trkpt>
      <trkpt lat="41.48674" lon="-81.74600666666667"><ele>162.5</ele><time>2026-09-11T21:06:35Z</time></trkpt>
      <trkpt lat="41.48674333333334" lon="-81.746"><ele>162.5</ele><time>2026-09-11T21:06:36Z</time></trkpt>
      <trkpt lat="41.48675" lon="-81.74598666666667"><ele>162.5</ele><time>2026-09-11T21:06:37Z</time></trkpt>
      <trkpt lat="41.486755" lon="-81.74598"><ele>162.5</ele><time>2026-09-11T21:06:38Z</time></trkpt>
      <trkpt lat="41.486765" lon="-81.745965"><ele>162.9</ele><time>2026-09-11T21:06:39Z</time></trkpt>
      <trkpt lat="41.48677166666667" lon="-81.745955"><ele>162.7</ele><time>2026-09-11T21:06:40Z</time></trkpt>
      <trkpt lat="41.486776666666664" lon="-81.745945"><ele>162.8</ele><time>2026-09-11T21:06:41Z</time></trkpt>
      <trkpt lat="41.486783333333335" lon="-81.74592833333334"><ele>162.6</ele><time>2026-09-11T21:06:42Z</time></trkpt>
      <trkpt lat="41.48678833333334" lon="-81.74592166666666"><ele>162.6</ele><time>2026-09-11T21:06:43Z</time></trkpt>
      <trkpt lat="41.48679166666667" lon="-81.74590666666667"><ele>162.9</ele><time>2026-09-11T21:06:44Z</time></trkpt>
      <trkpt lat="41.48679166666667" lon="-81.74589833333333"><ele>163.4</ele><time>2026-09-11T21:06:45Z</time></trkpt>
      <trkpt lat="41.486795" lon="-81.745885"><ele>163.4</ele><time>2026-09-11T21:06:46Z</time></trkpt>
      <trkpt lat="41.486795" lon="-81.74587166666667"><ele>163.8</ele><time>2026-09-11T21:06:47Z</time></trkpt>
      <trkpt lat="41.48679666666666" lon="-81.74586166666667"><ele>163.8</ele><time>2026-09-11T21:06:48Z</time></trkpt>
      <trkpt lat="41.486795" lon="-81.745845"><ele>164.3</ele><time>2026-09-11T21:06:49Z</time></trkpt>
      <trkpt lat="41.486795" lon="-81.74582666666667"><ele>164.2</ele><time>2026-09-11T21:06:50Z</time></trkpt>
      <trkpt lat="41.48679333333333" lon="-81.74581666666667"><ele>164.2</ele><time>2026-09-11T21:06:51Z</time></trkpt>
      <trkpt lat="41.48679166666667" lon="-81.7458"><ele>164.299</ele><time>2026-09-11T21:06:52Z</time></trkpt>
      <trkpt lat="41.48678833333334" lon="-81.745785"><ele>164.299</ele><time>2026-09-11T21:06:53Z</time></trkpt>
      <trkpt lat="41.48678666666667" lon="-81.74577"><ele>164.299</ele><time>2026-09-11T21:06:54Z</time></trkpt>
      <trkpt lat="41.486783333333335" lon="-81.74576"><ele>164.299</ele><time>2026-09-11T21:06:55Z</time></trkpt>
      <trkpt lat="41.486776666666664" lon="-81.74574166666666"><ele>162.499</ele><time>2026-09-11T21:06:56Z</time></trkpt>
      <trkpt lat="41.48677" lon="-81.74573"><ele>162.5</ele><time>2026-09-11T21:06:57Z</time></trkpt>
      <trkpt lat="41.486761666666666" lon="-81.74572"><ele>162.5</ele><time>2026-09-11T21:06:58Z</time></trkpt>
      <trkpt lat="41.48675166666666" lon="-81.745715"><ele>162.5</ele><time>2026-09-11T21:06:59Z</time></trkpt>
      <trkpt lat="41.486745" lon="-81.74570833333334"><ele>162.5</ele><time>2026-09-11T21:07:00Z</time></trkpt>
      <trkpt lat="41.486735" lon="-81.74569833333334"><ele>162.5</ele><time>2026-09-11T21:07:01Z</time></trkpt>
      <trkpt lat="41.48672333333333" lon="-81.74568833333333"><ele>162.5</ele><time>2026-09-11T21:07:02Z</time></trkpt>
      <trkpt lat="41.486718333333336" lon="-81.745685"><ele>162.5</ele><time>2026-09-11T21:07:03Z</time></trkpt>
      <trkpt lat="41.48670833333333" lon="-81.74567833333333"><ele>163.799</ele><time>2026-09-11T21:07:04Z</time></trkpt>
      <trkpt lat="41.4867" lon="-81.74567333333333"><ele>163.799</ele><time>2026-09-11T21:07:05Z</time></trkpt>
      <trkpt lat="41.486691666666665" lon="-81.74566833333333"><ele>163.999</ele><time>2026-09-11T21:07:06Z</time></trkpt>
      <trkpt lat="41.48668166666667" lon="-81.74566333333334"><ele>163.999</ele><time>2026-09-11T21:07:07Z</time></trkpt>
      <trkpt lat="41.486668333333334" lon="-81.74566"><ele>163.8</ele><time>2026-09-11T21:07:08Z</time></trkpt>
      <trkpt lat="41.48665833333333" lon="-81.74565833333334"><ele>164.2</ele><time>2026-09-11T21:07:09Z</time></trkpt>
      <trkpt lat="41.48665333333334" lon="-81.74565833333334"><ele>164.2</ele><time>2026-09-11T21:07:10Z</time></trkpt>
      <trkpt lat="41.486645" lon="-81.74566"><ele>164.6</ele><time>2026-09-11T21:07:11Z</time></trkpt>
      <trkpt lat="41.48663666666667" lon="-81.74566333333334"><ele>164.6</ele><time>2026-09-11T21:07:12Z</time></trkpt>
      <trkpt lat="41.48662" lon="-81.74567166666667"><ele>164.7</ele><time>2026-09-11T21:07:13Z</time></trkpt>
      <trkpt lat="41.48661333333333" lon="-81.745675"><ele>164.5</ele><time>2026-09-11T21:07:14Z</time></trkpt>
      <trkpt lat="41.48660666666667" lon="-81.74567833333333"><ele>164.5</ele><time>2026-09-11T21:07:15Z</time></trkpt>
      <trkpt lat="41.486595" lon="-81.74568666666667"><ele>164.9</ele><time>2026-09-11T21:07:16Z</time></trkpt>
      <trkpt lat="41.486585" lon="-81.74569166666667"><ele>165</ele><time>2026-09-11T21:07:17Z</time></trkpt>
      <trkpt lat="41.486576666666664" lon="-81.7457"><ele>165</ele><time>2026-09-11T21:07:18Z</time></trkpt>
      <trkpt lat="41.48656666666667" lon="-81.74571166666666"><ele>165.3</ele><time>2026-09-11T21:07:19Z</time></trkpt>
      <trkpt lat="41.48656166666667" lon="-81.74571833333333"><ele>165.1</ele><time>2026-09-11T21:07:20Z</time></trkpt>
      <trkpt lat="41.486556666666665" lon="-81.74572333333333"><ele>165.1</ele><time>2026-09-11T21:07:21Z</time></trkpt>
      <trkpt lat="41.486545" lon="-81.745725"><ele>165</ele><time>2026-09-11T21:07:22Z</time></trkpt>
      <trkpt lat="41.486531666666664" lon="-81.74572"><ele>165.3</ele><time>2026-09-11T21:07:23Z</time></trkpt>
      <trkpt lat="41.486525" lon="-81.74571833333333"><ele>165.3</ele><time>2026-09-11T21:07:24Z</time></trkpt>
      <trkpt lat="41.486511666666665" lon="-81.74571166666666"><ele>165</ele><time>2026-09-11T21:07:25Z</time></trkpt>
      <trkpt lat="41.486505" lon="-81.74570833333334"><ele>165</ele><time>2026-09-11T21:07:26Z</time></trkpt>
      <trkpt lat="41.48649666666667" lon="-81.7457"><ele>165</ele><time>2026-09-11T21:07:27Z</time></trkpt>
      <trkpt lat="41.486488333333334" lon="-81.745695"><ele>163.7</ele><time>2026-09-11T21:07:28Z</time></trkpt>
      <trkpt lat="41.48647666666667" lon="-81.74568666666667"><ele>163.7</ele><time>2026-09-11T21:07:29Z</time></trkpt>
      <trkpt lat="41.486466666666665" lon="-81.74568"><ele>163.7</ele><time>2026-09-11T21:07:30Z</time></trkpt>
      <trkpt lat="41.48645833333333" lon="-81.74567166666667"><ele>163.7</ele><time>2026-09-11T21:07:31Z</time></trkpt>
      <trkpt lat="41.486455" lon="-81.74566833333333"><ele>163.7</ele><time>2026-09-11T21:07:32Z</time></trkpt>
      <trkpt lat="41.48645166666667" lon="-81.74566333333334"><ele>163.7</ele><time>2026-09-11T21:07:33Z</time></trkpt>
      <trkpt lat="41.486445" lon="-81.74565833333334"><ele>163.7</ele><time>2026-09-11T21:07:34Z</time></trkpt>
      <trkpt lat="41.48644" lon="-81.74565166666666"><ele>163.7</ele><time>2026-09-11T21:07:35Z</time></trkpt>
      <trkpt lat="41.48643333333333" lon="-81.74565"><ele>162.5</ele><time>2026-09-11T21:07:36Z</time></trkpt>
      <trkpt lat="41.486428333333336" lon="-81.745645"><ele>162.5</ele><time>2026-09-11T21:07:37Z</time></trkpt>
      <trkpt lat="41.486421666666665" lon="-81.74564"><ele>162.5</ele><time>2026-09-11T21:07:38Z</time></trkpt>
      <trkpt lat="41.48641333333333" lon="-81.74563833333333"><ele>162.5</ele><time>2026-09-11T21:07:39Z</time></trkpt>
      <trkpt lat="41.48640666666667" lon="-81.745635"><ele>162.5</ele><time>2026-09-11T21:07:40Z</time></trkpt>
      <trkpt lat="41.4864" lon="-81.74563"><ele>162.5</ele><time>2026-09-11T21:07:41Z</time></trkpt>
      <trkpt lat="41.486395" lon="-81.74562166666666"><ele>162.5</ele><time>2026-09-11T21:07:42Z</time></trkpt>
      <trkpt lat="41.48639" lon="-81.74561333333334"><ele>162.5</ele><time>2026-09-11T21:07:43Z</time></trkpt>
      <trkpt lat="41.48638833333333" lon="-81.745605"><ele>162.5</ele><time>2026-09-11T21:07:44Z</time></trkpt>
      <trkpt lat="41.48638166666667" lon="-81.74560333333334"><ele>162.5</ele><time>2026-09-11T21:07:45Z</time></trkpt>
      <trkpt lat="41.48637333333333" lon="-81.7456"><ele>162.5</ele><time>2026-09-11T21:07:46Z</time></trkpt>
      <trkpt lat="41.48636666666667" lon="-81.7456"><ele>162.5</ele><time>2026-09-11T21:07:47Z</time></trkpt>
      <trkpt lat="41.486355" lon="-81.74561333333334"><ele>162.5</ele><time>2026-09-11T21:07:48Z</time></trkpt>
      <trkpt lat="41.486345" lon="-81.74563"><ele>162.5</ele><time>2026-09-11T21:07:49Z</time></trkpt>
      <trkpt lat="41.48634" lon="-81.745635"><ele>162.5</ele><time>2026-09-11T21:07:50Z</time></trkpt>
      <trkpt lat="41.486335" lon="-81.74564166666667"><ele>162.5</ele><time>2026-09-11T21:07:51Z</time></trkpt>
      <trkpt lat="41.48632333333333" lon="-81.74565166666666"><ele>162.5</ele><time>2026-09-11T21:07:52Z</time></trkpt>
      <trkpt lat="41.48631666666667" lon="-81.74566"><ele>162.5</ele><time>2026-09-11T21:07:53Z</time></trkpt>
      <trkpt lat="41.486308333333334" lon="-81.745665"><ele>162.5</ele><time>2026-09-11T21:07:54Z</time></trkpt>
      <trkpt lat="41.48629833333333" lon="-81.74567166666667"><ele>162.5</ele><time>2026-09-11T21:07:55Z</time></trkpt>
      <trkpt lat="41.486288333333334" lon="-81.74567833333333"><ele>162.5</ele><time>2026-09-11T21:07:56Z</time></trkpt>
      <trkpt lat="41.48628333333333" lon="-81.74568166666667"><ele>162.5</ele><time>2026-09-11T21:07:57Z</time></trkpt>
      <trkpt lat="41.48627" lon="-81.74568666666667"><ele>162.5</ele><time>2026-09-11T21:07:58Z</time></trkpt>
      <trkpt lat="41.486261666666664" lon="-81.74569333333334"><ele>162</ele><time>2026-09-11T21:07:59Z</time></trkpt>
      <trkpt lat="41.48625166666667" lon="-81.7457"><ele>161.7</ele><time>2026-09-11T21:08:00Z</time></trkpt>
      <trkpt lat="41.486243333333334" lon="-81.74570666666666"><ele>161.7</ele><time>2026-09-11T21:08:01Z</time></trkpt>
      <trkpt lat="41.48623333333333" lon="-81.74571333333333"><ele>161.799</ele><time>2026-09-11T21:08:02Z</time></trkpt>
      <trkpt lat="41.48622" lon="-81.74572333333333"><ele>161.799</ele><time>2026-09-11T21:08:03Z</time></trkpt>
      <trkpt lat="41.48621" lon="-81.74572666666667"><ele>161.999</ele><time>2026-09-11T21:08:04Z</time></trkpt>
      <trkpt lat="41.486196666666665" lon="-81.745735"><ele>162.5</ele><time>2026-09-11T21:08:05Z</time></trkpt>
      <trkpt lat="41.48619" lon="-81.74573666666667"><ele>162.5</ele><time>2026-09-11T21:08:06Z</time></trkpt>
      <trkpt lat="41.48618" lon="-81.74574166666666"><ele>162.6</ele><time>2026-09-11T21:08:07Z</time></trkpt>
      <trkpt lat="41.48617333333333" lon="-81.74574666666666"><ele>162.6</ele><time>2026-09-11T21:08:08Z</time></trkpt>
      <trkpt lat="41.48616166666667" lon="-81.745755"><ele>162.6</ele><time>2026-09-11T21:08:09Z</time></trkpt>
      <trkpt lat="41.486155" lon="-81.74576166666667"><ele>162.6</ele><time>2026-09-11T21:08:10Z</time></trkpt>
      <trkpt lat="41.486145" lon="-81.74577666666667"><ele>162.6</ele><time>2026-09-11T21:08:11Z</time></trkpt>
      <trkpt lat="41.48614166666667" lon="-81.74578333333334"><ele>162.6</ele><time>2026-09-11T21:08:12Z</time></trkpt>
      <trkpt lat="41.48613666666667" lon="-81.74579"><ele>162.6</ele><time>2026-09-11T21:08:13Z</time></trkpt>
      <trkpt lat="41.486126666666664" lon="-81.74580166666667"><ele>162.6</ele><time>2026-09-11T21:08:14Z</time></trkpt>
      <trkpt lat="41.48612166666667" lon="-81.74580833333333"><ele>162.5</ele><time>2026-09-11T21:08:15Z</time></trkpt>
      <trkpt lat="41.486115" lon="-81.74582"><ele>162.5</ele><time>2026-09-11T21:08:16Z</time></trkpt>
      <trkpt lat="41.48611" lon="-81.74582666666667"><ele>162.5</ele><time>2026-09-11T21:08:17Z</time></trkpt>
      <trkpt lat="41.48609833333333" lon="-81.74584166666666"><ele>162.5</ele><time>2026-09-11T21:08:18Z</time></trkpt>
      <trkpt lat="41.486093333333336" lon="-81.74584833333333"><ele>162.5</ele><time>2026-09-11T21:08:19Z</time></trkpt>
      <trkpt lat="41.486081666666664" lon="-81.74586"><ele>162.5</ele><time>2026-09-11T21:08:20Z</time></trkpt>
      <trkpt lat="41.48607333333333" lon="-81.74587333333334"><ele>162.5</ele><time>2026-09-11T21:08:21Z</time></trkpt>
      <trkpt lat="41.486068333333336" lon="-81.745885"><ele>162.5</ele><time>2026-09-11T21:08:22Z</time></trkpt>
      <trkpt lat="41.486063333333334" lon="-81.74589833333333"><ele>163.3</ele><time>2026-09-11T21:08:23Z</time></trkpt>
      <trkpt lat="41.48606" lon="-81.74590666666667"><ele>163.3</ele><time>2026-09-11T21:08:24Z</time></trkpt>
      <trkpt lat="41.48605166666667" lon="-81.74593"><ele>163.3</ele><time>2026-09-11T21:08:26Z</time></trkpt>
      <trkpt lat="41.486045" lon="-81.74594333333333"><ele>163.3</ele><time>2026-09-11T21:08:27Z</time></trkpt>
      <trkpt lat="41.48603833333333" lon="-81.745955"><ele>163.3</ele><time>2026-09-11T21:08:28Z</time></trkpt>
      <trkpt lat="41.48603" lon="-81.74597"><ele>163.3</ele><time>2026-09-11T21:08:29Z</time></trkpt>
      <trkpt lat="41.486023333333335" lon="-81.74598166666667"><ele>163.2</ele><time>2026-09-11T21:08:30Z</time></trkpt>
      <trkpt lat="41.486021666666666" lon="-81.74599"><ele>163.2</ele><time>2026-09-11T21:08:31Z</time></trkpt>
      <trkpt lat="41.486018333333334" lon="-81.74600666666667"><ele>163.2</ele><time>2026-09-11T21:08:32Z</time></trkpt>
      <trkpt lat="41.486015" lon="-81.74602"><ele>163.2</ele><time>2026-09-11T21:08:33Z</time></trkpt>
      <trkpt lat="41.48601333333333" lon="-81.74602833333333"><ele>163.2</ele><time>2026-09-11T21:08:34Z</time></trkpt>
      <trkpt lat="41.48600833333333" lon="-81.74604666666667"><ele>163.2</ele><time>2026-09-11T21:08:35Z</time></trkpt>
      <trkpt lat="41.48600666666667" lon="-81.74606166666666"><ele>163.2</ele><time>2026-09-11T21:08:36Z</time></trkpt>
      <trkpt lat="41.486005" lon="-81.74607"><ele>163.2</ele><time>2026-09-11T21:08:37Z</time></trkpt>
      <trkpt lat="41.48600166666667" lon="-81.74608"><ele>162.5</ele><time>2026-09-11T21:08:38Z</time></trkpt>
      <trkpt lat="41.486" lon="-81.746085"><ele>162.5</ele><time>2026-09-11T21:08:39Z</time></trkpt>
      <trkpt lat="41.485998333333335" lon="-81.74609333333333"><ele>162.5</ele><time>2026-09-11T21:08:40Z</time></trkpt>
      <trkpt lat="41.485995" lon="-81.74610166666666"><ele>162.5</ele><time>2026-09-11T21:08:41Z</time></trkpt>
      <trkpt lat="41.48599166666666" lon="-81.746115"><ele>162.5</ele><time>2026-09-11T21:08:42Z</time></trkpt>
      <trkpt lat="41.48598833333333" lon="-81.74612666666667"><ele>162.5</ele><time>2026-09-11T21:08:43Z</time></trkpt>
      <trkpt lat="41.48598166666667" lon="-81.74613666666667"><ele>162.5</ele><time>2026-09-11T21:08:44Z</time></trkpt>
      <trkpt lat="41.48598" lon="-81.74614333333334"><ele>162.5</ele><time>2026-09-11T21:08:45Z</time></trkpt>
      <trkpt lat="41.485971666666664" lon="-81.74615833333333"><ele>162.5</ele><time>2026-09-11T21:08:46Z</time></trkpt>
      <trkpt lat="41.48597" lon="-81.74616666666667"><ele>162.5</ele><time>2026-09-11T21:08:47Z</time></trkpt>
      <trkpt lat="41.48596333333333" lon="-81.74618"><ele>162.5</ele><time>2026-09-11T21:08:48Z</time></trkpt>
      <trkpt lat="41.485955" lon="-81.746195"><ele>162.5</ele><time>2026-09-11T21:08:49Z</time></trkpt>
      <trkpt lat="41.48594833333333" lon="-81.746205"><ele>162.5</ele><time>2026-09-11T21:08:50Z</time></trkpt>
      <trkpt lat="41.485945" lon="-81.74621333333333"><ele>162.5</ele><time>2026-09-11T21:08:51Z</time></trkpt>
      <trkpt lat="41.48593833333333" lon="-81.746235"><ele>162.5</ele><time>2026-09-11T21:08:53Z</time></trkpt>
      <trkpt lat="41.48593833333333" lon="-81.74624833333333"><ele>163.3</ele><time>2026-09-11T21:08:54Z</time></trkpt>
      <trkpt lat="41.48593666666667" lon="-81.74626"><ele>163.3</ele><time>2026-09-11T21:08:55Z</time></trkpt>
      <trkpt lat="41.485935" lon="-81.74626833333333"><ele>163.3</ele><time>2026-09-11T21:08:56Z</time></trkpt>
      <trkpt lat="41.485933333333335" lon="-81.74627833333334"><ele>163.3</ele><time>2026-09-11T21:08:57Z</time></trkpt>
      <trkpt lat="41.48593" lon="-81.74628666666666"><ele>163.3</ele><time>2026-09-11T21:08:58Z</time></trkpt>
      <trkpt lat="41.48593" lon="-81.74629166666666"><ele>163.3</ele><time>2026-09-11T21:08:59Z</time></trkpt>
      <trkpt lat="41.48593" lon="-81.74629166666666"><ele>163.3</ele><time>2026-09-11T21:09:00Z</time></trkpt>
      <trkpt lat="41.48593" lon="-81.74629"><ele>163.3</ele><time>2026-09-11T21:09:01Z</time></trkpt>
      <trkpt lat="41.48593" lon="-81.74628666666666"><ele>162.5</ele><time>2026-09-11T21:09:02Z</time></trkpt>
      <trkpt lat="41.48593" lon="-81.74628666666666"><ele>162.5</ele><time>2026-09-11T21:09:03Z</time></trkpt>
      <trkpt lat="41.48593" lon="-81.74628833333334"><ele>162.5</ele><time>2026-09-11T21:09:04Z</time></trkpt>
      <trkpt lat="41.48593" lon="-81.74629166666666"><ele>162.5</ele><time>2026-09-11T21:09:05Z</time></trkpt>
      <trkpt lat="41.48593" lon="-81.746295"><ele>162.5</ele><time>2026-09-11T21:09:06Z</time></trkpt>
      <trkpt lat="41.48593" lon="-81.74629666666667"><ele>162.5</ele><time>2026-09-11T21:09:07Z</time></trkpt>
      <trkpt lat="41.48593" lon="-81.74629833333333"><ele>162.5</ele><time>2026-09-11T21:09:08Z</time></trkpt>
      <trkpt lat="41.48593" lon="-81.7463"><ele>162.5</ele><time>2026-09-11T21:09:09Z</time></trkpt>
      <trkpt lat="41.48593" lon="-81.7463"><ele>162.5</ele><time>2026-09-11T21:09:10Z</time></trkpt>
      <trkpt lat="41.48593" lon="-81.74629666666667"><ele>162.5</ele><time>2026-09-11T21:09:11Z</time></trkpt>
      <trkpt lat="41.48593" lon="-81.74629333333333"><ele>162.5</ele><time>2026-09-11T21:09:12Z</time></trkpt>
      <trkpt lat="41.48593" lon="-81.74629"><ele>162.5</ele><time>2026-09-11T21:09:13Z</time></trkpt>
      <trkpt lat="41.48593" lon="-81.74628833333334"><ele>162.5</ele><time>2026-09-11T21:09:14Z</time></trkpt>
      <trkpt lat="41.48593" lon="-81.74629"><ele>162.5</ele><time>2026-09-11T21:09:15Z</time></trkpt>
      <trkpt lat="41.48593" lon="-81.74629"><ele>162.5</ele><time>2026-09-11T21:09:16Z</time></trkpt>
      <trkpt lat="41.48593" lon="-81.74629166666666"><ele>162.7</ele><time>2026-09-11T21:09:17Z</time></trkpt>
      <trkpt lat="41.48593" lon="-81.74630166666667"><ele>162.7</ele><time>2026-09-11T21:09:18Z</time></trkpt>
      <trkpt lat="41.485928333333334" lon="-81.746305"><ele>162.7</ele><time>2026-09-11T21:09:19Z</time></trkpt>
      <trkpt lat="41.485928333333334" lon="-81.74631666666667"><ele>162.5</ele><time>2026-09-11T21:09:20Z</time></trkpt>
      <trkpt lat="41.485928333333334" lon="-81.74634166666667"><ele>162.5</ele><time>2026-09-11T21:09:21Z</time></trkpt>
      <trkpt lat="41.485926666666664" lon="-81.74635166666667"><ele>162.5</ele><time>2026-09-11T21:09:22Z</time></trkpt>
      <trkpt lat="41.485926666666664" lon="-81.74636166666667"><ele>162.7</ele><time>2026-09-11T21:09:23Z</time></trkpt>
      <trkpt lat="41.485928333333334" lon="-81.74637333333334"><ele>162.7</ele><time>2026-09-11T21:09:24Z</time></trkpt>
      <trkpt lat="41.485928333333334" lon="-81.746375"><ele>163.5</ele><time>2026-09-11T21:09:25Z</time></trkpt>
      <trkpt lat="41.485931666666666" lon="-81.74638"><ele>163.5</ele><time>2026-09-11T21:09:26Z</time></trkpt>
      <trkpt lat="41.485935" lon="-81.746385"><ele>163.5</ele><time>2026-09-11T21:09:27Z</time></trkpt>
      <trkpt lat="41.48593666666667" lon="-81.74639"><ele>163.5</ele><time>2026-09-11T21:09:28Z</time></trkpt>
      <trkpt lat="41.48594" lon="-81.74639833333333"><ele>163.5</ele><time>2026-09-11T21:09:29Z</time></trkpt>
      <trkpt lat="41.48594333333333" lon="-81.74641333333334"><ele>163.5</ele><time>2026-09-11T21:09:30Z</time></trkpt>
      <trkpt lat="41.485945" lon="-81.74642166666666"><ele>163.5</ele><time>2026-09-11T21:09:31Z</time></trkpt>
      <trkpt lat="41.48594" lon="-81.74643333333333"><ele>163.5</ele><time>2026-09-11T21:09:32Z</time></trkpt>
      <trkpt lat="41.48593833333333" lon="-81.74644333333333"><ele>163.7</ele><time>2026-09-11T21:09:33Z</time></trkpt>
      <trkpt lat="41.485933333333335" lon="-81.74645166666667"><ele>163.7</ele><time>2026-09-11T21:09:34Z</time></trkpt>
      <trkpt lat="41.485925" lon="-81.74646"><ele>163.7</ele><time>2026-09-11T21:09:35Z</time></trkpt>
      <trkpt lat="41.48591833333333" lon="-81.74646833333334"><ele>163.7</ele><time>2026-09-11T21:09:36Z</time></trkpt>
      <trkpt lat="41.485915" lon="-81.74647666666667"><ele>163.7</ele><time>2026-09-11T21:09:37Z</time></trkpt>
      <trkpt lat="41.48591166666667" lon="-81.74648333333333"><ele>163.7</ele><time>2026-09-11T21:09:38Z</time></trkpt>
      <trkpt lat="41.485908333333334" lon="-81.74648666666667"><ele>163.7</ele><time>2026-09-11T21:09:39Z</time></trkpt>
      <trkpt lat="41.485905" lon="-81.74649"><ele>163.7</ele><time>2026-09-11T21:09:40Z</time></trkpt>
      <trkpt lat="41.485906666666665" lon="-81.74649333333333"><ele>163</ele><time>2026-09-11T21:09:41Z</time></trkpt>
      <trkpt lat="41.48591" lon="-81.746495"><ele>163</ele><time>2026-09-11T21:09:42Z</time></trkpt>
      <trkpt lat="41.48591166666667" lon="-81.74649166666667"><ele>163</ele><time>2026-09-11T21:09:43Z</time></trkpt>
      <trkpt lat="41.485913333333336" lon="-81.74649166666667"><ele>163</ele><time>2026-09-11T21:09:44Z</time></trkpt>
      <trkpt lat="41.485915" lon="-81.74649333333333"><ele>163</ele><time>2026-09-11T21:09:45Z</time></trkpt>
      <trkpt lat="41.485913333333336" lon="-81.74649"><ele>162.6</ele><time>2026-09-11T21:09:46Z</time></trkpt>
      <trkpt lat="41.48591166666667" lon="-81.74649"><ele>162.6</ele><time>2026-09-11T21:09:47Z</time></trkpt>
      <trkpt lat="41.48591166666667" lon="-81.74648833333333"><ele>162.6</ele><time>2026-09-11T21:09:48Z</time></trkpt>
      <trkpt lat="41.48591" lon="-81.74648333333333"><ele>162.6</ele><time>2026-09-11T21:09:50Z</time></trkpt>
      <trkpt lat="41.48591166666667" lon="-81.74648333333333"><ele>162.7</ele><time>2026-09-11T21:09:51Z</time></trkpt>
      <trkpt lat="41.48591" lon="-81.74648333333333"><ele>162.7</ele><time>2026-09-11T21:09:52Z</time></trkpt>
      <trkpt lat="41.48591" lon="-81.74648333333333"><ele>162.7</ele><time>2026-09-11T21:09:53Z</time></trkpt>
      <trkpt lat="41.485906666666665" lon="-81.746485"><ele>162.7</ele><time>2026-09-11T21:09:54Z</time></trkpt>
      <trkpt lat="41.485906666666665" lon="-81.74648666666667"><ele>162.7</ele><time>2026-09-11T21:09:55Z</time></trkpt>
      <trkpt lat="41.485905" lon="-81.74649166666667"><ele>162.7</ele><time>2026-09-11T21:09:56Z</time></trkpt>
      <trkpt lat="41.485905" lon="-81.746495"><ele>162.7</ele><time>2026-09-11T21:09:57Z</time></trkpt>
      <trkpt lat="41.485906666666665" lon="-81.74650166666666"><ele>162.7</ele><time>2026-09-11T21:09:58Z</time></trkpt>
      <trkpt lat="41.48591" lon="-81.74651"><ele>162.799</ele><time>2026-09-11T21:09:59Z</time></trkpt>
      <trkpt lat="41.485915" lon="-81.74651833333333"><ele>162.799</ele><time>2026-09-11T21:10:00Z</time></trkpt>
      <trkpt lat="41.48592166666667" lon="-81.746535"><ele>162.799</ele><time>2026-09-11T21:10:01Z</time></trkpt>
      <trkpt lat="41.485926666666664" lon="-81.74654166666667"><ele>162.799</ele><time>2026-09-11T21:10:02Z</time></trkpt>
      <trkpt lat="41.485933333333335" lon="-81.74655333333334"><ele>162.799</ele><time>2026-09-11T21:10:03Z</time></trkpt>
      <trkpt lat="41.48594" lon="-81.74657166666667"><ele>162.799</ele><time>2026-09-11T21:10:04Z</time></trkpt>
      <trkpt lat="41.485945" lon="-81.74657833333333"><ele>162.8</ele><time>2026-09-11T21:10:05Z</time></trkpt>
      <trkpt lat="41.485951666666665" lon="-81.74659166666666"><ele>163.8</ele><time>2026-09-11T21:10:06Z</time></trkpt>
      <trkpt lat="41.485953333333335" lon="-81.7466"><ele>163.8</ele><time>2026-09-11T21:10:07Z</time></trkpt>
      <trkpt lat="41.48596166666667" lon="-81.74661"><ele>163.8</ele><time>2026-09-11T21:10:08Z</time></trkpt>
      <trkpt lat="41.48596333333333" lon="-81.746615"><ele>163.8</ele><time>2026-09-11T21:10:09Z</time></trkpt>
      <trkpt lat="41.485965" lon="-81.74662666666667"><ele>163.8</ele><time>2026-09-11T21:10:10Z</time></trkpt>
      <trkpt lat="41.48596666666667" lon="-81.74663333333334"><ele>163.8</ele><time>2026-09-11T21:10:11Z</time></trkpt>
      <trkpt lat="41.48596833333333" lon="-81.74664166666666"><ele>163.8</ele><time>2026-09-11T21:10:12Z</time></trkpt>
      <trkpt lat="41.48596833333333" lon="-81.74665"><ele>163.8</ele><time>2026-09-11T21:10:13Z</time></trkpt>
      <trkpt lat="41.48596666666667" lon="-81.74666333333333"><ele>162.6</ele><time>2026-09-11T21:10:14Z</time></trkpt>
      <trkpt lat="41.48596666666667" lon="-81.74667"><ele>162.6</ele><time>2026-09-11T21:10:15Z</time></trkpt>
      <trkpt lat="41.485965" lon="-81.74667833333334"><ele>162.6</ele><time>2026-09-11T21:10:16Z</time></trkpt>
      <trkpt lat="41.485958333333336" lon="-81.74669666666667"><ele>162.6</ele><time>2026-09-11T21:10:17Z</time></trkpt>
      <trkpt lat="41.485955" lon="-81.74670166666667"><ele>162.6</ele><time>2026-09-11T21:10:18Z</time></trkpt>
      <trkpt lat="41.485951666666665" lon="-81.74670666666667"><ele>162.6</ele><time>2026-09-11T21:10:19Z</time></trkpt>
      <trkpt lat="41.48594833333333" lon="-81.746715"><ele>162.6</ele><time>2026-09-11T21:10:20Z</time></trkpt>
      <trkpt lat="41.48595" lon="-81.746725"><ele>162.6</ele><time>2026-09-11T21:10:21Z</time></trkpt>
      <trkpt lat="41.48594833333333" lon="-81.746735"><ele>163.1</ele><time>2026-09-11T21:10:22Z</time></trkpt>
      <trkpt lat="41.48594833333333" lon="-81.74674833333333"><ele>163.1</ele><time>2026-09-11T21:10:23Z</time></trkpt>
      <trkpt lat="41.48594833333333" lon="-81.74676"><ele>163.1</ele><time>2026-09-11T21:10:24Z</time></trkpt>
      <trkpt lat="41.48594666666666" lon="-81.74677"><ele>163.1</ele><time>2026-09-11T21:10:25Z</time></trkpt>
      <trkpt lat="41.48594833333333" lon="-81.746785"><ele>163.1</ele><time>2026-09-11T21:10:26Z</time></trkpt>
      <trkpt lat="41.48594833333333" lon="-81.74679"><ele>163.1</ele><time>2026-09-11T21:10:27Z</time></trkpt>
      <trkpt lat="41.48594666666666" lon="-81.74679666666667"><ele>163.1</ele><time>2026-09-11T21:10:28Z</time></trkpt>
      <trkpt lat="41.48594333333333" lon="-81.746805"><ele>163.7</ele><time>2026-09-11T21:10:29Z</time></trkpt>
      <trkpt lat="41.48594333333333" lon="-81.74681"><ele>163.7</ele><time>2026-09-11T21:10:30Z</time></trkpt>
      <trkpt lat="41.48594166666667" lon="-81.746825"><ele>163.7</ele><time>2026-09-11T21:10:31Z</time></trkpt>
      <trkpt lat="41.48594166666667" lon="-81.74683166666667"><ele>163.7</ele><time>2026-09-11T21:10:32Z</time></trkpt>
      <trkpt lat="41.48594333333333" lon="-81.74684"><ele>163.7</ele><time>2026-09-11T21:10:33Z</time></trkpt>
      <trkpt lat="41.48594166666667" lon="-81.74685"><ele>163.7</ele><time>2026-09-11T21:10:34Z</time></trkpt>
      <trkpt lat="41.48594333333333" lon="-81.74685833333334"><ele>163.7</ele><time>2026-09-11T21:10:35Z</time></trkpt>
      <trkpt lat="41.485945" lon="-81.74686833333334"><ele>163.7</ele><time>2026-09-11T21:10:36Z</time></trkpt>
      <trkpt lat="41.48594666666666" lon="-81.746875"><ele>164</ele><time>2026-09-11T21:10:37Z</time></trkpt>
      <trkpt lat="41.48594833333333" lon="-81.74688"><ele>164</ele><time>2026-09-11T21:10:38Z</time></trkpt>
      <trkpt lat="41.48594833333333" lon="-81.74688166666667"><ele>164</ele><time>2026-09-11T21:10:39Z</time></trkpt>
      <trkpt lat="41.485951666666665" lon="-81.74688"><ele>164</ele><time>2026-09-11T21:10:40Z</time></trkpt>
      <trkpt lat="41.485953333333335" lon="-81.74687833333333"><ele>164</ele><time>2026-09-11T21:10:41Z</time></trkpt>
      <trkpt lat="41.485955" lon="-81.746875"><ele>164</ele><time>2026-09-11T21:10:42Z</time></trkpt>
      <trkpt lat="41.48595666666667" lon="-81.74687"><ele>164</ele><time>2026-09-11T21:10:43Z</time></trkpt>
      <trkpt lat="41.48595666666667" lon="-81.74687"><ele>164</ele><time>2026-09-11T21:10:44Z</time></trkpt>
      <trkpt lat="41.48595666666667" lon="-81.74687"><ele>163</ele><time>2026-09-11T21:10:45Z</time></trkpt>
      <trkpt lat="41.485953333333335" lon="-81.74687166666666"><ele>163</ele><time>2026-09-11T21:10:46Z</time></trkpt>
      <trkpt lat="41.485951666666665" lon="-81.74687"><ele>163</ele><time>2026-09-11T21:10:47Z</time></trkpt>
      <trkpt lat="41.48595" lon="-81.74687"><ele>163</ele><time>2026-09-11T21:10:48Z</time></trkpt>
      <trkpt lat="41.485951666666665" lon="-81.74687166666666"><ele>163</ele><time>2026-09-11T21:10:49Z</time></trkpt>
      <trkpt lat="41.485951666666665" lon="-81.74687333333333"><ele>163</ele><time>2026-09-11T21:10:50Z</time></trkpt>
      <trkpt lat="41.48595" lon="-81.746875"><ele>163</ele><time>2026-09-11T21:10:51Z</time></trkpt>
      <trkpt lat="41.48595" lon="-81.74687666666667"><ele>163</ele><time>2026-09-11T21:10:52Z</time></trkpt>
      <trkpt lat="41.485951666666665" lon="-81.74687833333333"><ele>162.7</ele><time>2026-09-11T21:10:53Z</time></trkpt>
      <trkpt lat="41.485951666666665" lon="-81.74688"><ele>162.7</ele><time>2026-09-11T21:10:54Z</time></trkpt>
      <trkpt lat="41.485951666666665" lon="-81.746885"><ele>162.7</ele><time>2026-09-11T21:10:55Z</time></trkpt>
      <trkpt lat="41.485951666666665" lon="-81.74688666666667"><ele>162.7</ele><time>2026-09-11T21:10:56Z</time></trkpt>
      <trkpt lat="41.485951666666665" lon="-81.74689666666667"><ele>162.7</ele><time>2026-09-11T21:10:57Z</time></trkpt>
      <trkpt lat="41.485951666666665" lon="-81.74690333333334"><ele>162.7</ele><time>2026-09-11T21:10:58Z</time></trkpt>
      <trkpt lat="41.485951666666665" lon="-81.74692666666667"><ele>162.7</ele><time>2026-09-11T21:10:59Z</time></trkpt>
      <trkpt lat="41.485951666666665" lon="-81.746935"><ele>162.7</ele><time>2026-09-11T21:11:00Z</time></trkpt>
      <trkpt lat="41.485951666666665" lon="-81.74696166666666"><ele>163</ele><time>2026-09-11T21:11:01Z</time></trkpt>
      <trkpt lat="41.485951666666665" lon="-81.74697666666667"><ele>163</ele><time>2026-09-11T21:11:02Z</time></trkpt>
      <trkpt lat="41.485951666666665" lon="-81.74699"><ele>163</ele><time>2026-09-11T21:11:03Z</time></trkpt>
      <trkpt lat="41.48594833333333" lon="-81.74702"><ele>163</ele><time>2026-09-11T21:11:05Z</time></trkpt>
      <trkpt lat="41.48594833333333" lon="-81.74702666666667"><ele>163</ele><time>2026-09-11T21:11:06Z</time></trkpt>
      <trkpt lat="41.48594666666666" lon="-81.74704"><ele>163</ele><time>2026-09-11T21:11:07Z</time></trkpt>
      <trkpt lat="41.48594666666666" lon="-81.74704833333334"><ele>163</ele><time>2026-09-11T21:11:08Z</time></trkpt>
      <trkpt lat="41.485945" lon="-81.74706"><ele>162.7</ele><time>2026-09-11T21:11:09Z</time></trkpt>
      <trkpt lat="41.485945" lon="-81.747065"><ele>162.7</ele><time>2026-09-11T21:11:10Z</time></trkpt>
      <trkpt lat="41.485945" lon="-81.74707333333333"><ele>162.7</ele><time>2026-09-11T21:11:11Z</time></trkpt>
      <trkpt lat="41.485945" lon="-81.74707833333333"><ele>162.7</ele><time>2026-09-11T21:11:12Z</time></trkpt>
      <trkpt lat="41.48594333333333" lon="-81.74708333333334"><ele>162.7</ele><time>2026-09-11T21:11:13Z</time></trkpt>
      <trkpt lat="41.48594333333333" lon="-81.74709"><ele>162.7</ele><time>2026-09-11T21:11:14Z</time></trkpt>
      <trkpt lat="41.48594333333333" lon="-81.74709666666666"><ele>162.7</ele><time>2026-09-11T21:11:15Z</time></trkpt>
      <trkpt lat="41.48594333333333" lon="-81.74710333333333"><ele>162.7</ele><time>2026-09-11T21:11:16Z</time></trkpt>
      <trkpt lat="41.48594333333333" lon="-81.74710666666667"><ele>162.7</ele><time>2026-09-11T21:11:18Z</time></trkpt>
      <trkpt lat="41.48594333333333" lon="-81.74710666666667"><ele>162.7</ele><time>2026-09-11T21:11:19Z</time></trkpt>
      <trkpt lat="41.485945" lon="-81.74710666666667"><ele>162.7</ele><time>2026-09-11T21:11:20Z</time></trkpt>
      <trkpt lat="41.48594333333333" lon="-81.74710333333333"><ele>162.7</ele><time>2026-09-11T21:11:21Z</time></trkpt>
      <trkpt lat="41.48594333333333" lon="-81.74710166666667"><ele>162.7</ele><time>2026-09-11T21:11:22Z</time></trkpt>
      <trkpt lat="41.485945" lon="-81.74709833333333"><ele>162.7</ele><time>2026-09-11T21:11:23Z</time></trkpt>
      <trkpt lat="41.485945" lon="-81.74709333333334"><ele>162.6</ele><time>2026-09-11T21:11:24Z</time></trkpt>
      <trkpt lat="41.48594666666666" lon="-81.747085"><ele>162.6</ele><time>2026-09-11T21:11:25Z</time></trkpt>
      <trkpt lat="41.48594666666666" lon="-81.74708166666667"><ele>162.6</ele><time>2026-09-11T21:11:26Z</time></trkpt>
      <trkpt lat="41.485945" lon="-81.74707"><ele>162.6</ele><time>2026-09-11T21:11:27Z</time></trkpt>
      <trkpt lat="41.485945" lon="-81.74706333333333"><ele>162.6</ele><time>2026-09-11T21:11:28Z</time></trkpt>
      <trkpt lat="41.48594333333333" lon="-81.747055"><ele>162.6</ele><time>2026-09-11T21:11:29Z</time></trkpt>
      <trkpt lat="41.48594333333333" lon="-81.747035"><ele>162.6</ele><time>2026-09-11T21:11:30Z</time></trkpt>
      <trkpt lat="41.48594666666666" lon="-81.74701"><ele>162.6</ele><time>2026-09-11T21:11:31Z</time></trkpt>
      <trkpt lat="41.48594833333333" lon="-81.747"><ele>163.299</ele><time>2026-09-11T21:11:32Z</time></trkpt>
      <trkpt lat="41.48594833333333" lon="-81.74699166666667"><ele>163.299</ele><time>2026-09-11T21:11:33Z</time></trkpt>
      <trkpt lat="41.48594833333333" lon="-81.74698166666667"><ele>163.299</ele><time>2026-09-11T21:11:34Z</time></trkpt>
      <trkpt lat="41.48595" lon="-81.74697333333333"><ele>163.299</ele><time>2026-09-11T21:11:35Z</time></trkpt>
      <trkpt lat="41.48594833333333" lon="-81.74695833333334"><ele>163.299</ele><time>2026-09-11T21:11:36Z</time></trkpt>
      <trkpt lat="41.48594833333333" lon="-81.74695"><ele>163.299</ele><time>2026-09-11T21:11:37Z</time></trkpt>
      <trkpt lat="41.48595" lon="-81.74693666666667"><ele>163.3</ele><time>2026-09-11T21:11:38Z</time></trkpt>
      <trkpt lat="41.485951666666665" lon="-81.74693166666667"><ele>163.3</ele><time>2026-09-11T21:11:39Z</time></trkpt>
      <trkpt lat="41.485955" lon="-81.74692333333333"><ele>162.6</ele><time>2026-09-11T21:11:40Z</time></trkpt>
      <trkpt lat="41.48595666666667" lon="-81.74691666666666"><ele>162.6</ele><time>2026-09-11T21:11:41Z</time></trkpt>
      <trkpt lat="41.48596166666667" lon="-81.74690333333334"><ele>162.6</ele><time>2026-09-11T21:11:42Z</time></trkpt>
      <trkpt lat="41.48596166666667" lon="-81.74689833333333"><ele>162.6</ele><time>2026-09-11T21:11:43Z</time></trkpt>
      <trkpt lat="41.48596333333333" lon="-81.74688833333333"><ele>162.6</ele><time>2026-09-11T21:11:44Z</time></trkpt>
      <trkpt lat="41.48596666666667" lon="-81.74688166666667"><ele>162.6</ele><time>2026-09-11T21:11:45Z</time></trkpt>
      <trkpt lat="41.48596833333333" lon="-81.74688"><ele>162.6</ele><time>2026-09-11T21:11:46Z</time></trkpt>
      <trkpt lat="41.485971666666664" lon="-81.74687333333333"><ele>162.6</ele><time>2026-09-11T21:11:47Z</time></trkpt>
      <trkpt lat="41.485971666666664" lon="-81.74687166666666"><ele>162.7</ele><time>2026-09-11T21:11:48Z</time></trkpt>
      <trkpt lat="41.485971666666664" lon="-81.74686833333334"><ele>162.7</ele><time>2026-09-11T21:11:49Z</time></trkpt>
      <trkpt lat="41.485973333333334" lon="-81.74686333333334"><ele>162.7</ele><time>2026-09-11T21:11:50Z</time></trkpt>
      <trkpt lat="41.485973333333334" lon="-81.74686166666666"><ele>162.7</ele><time>2026-09-11T21:11:51Z</time></trkpt>
      <trkpt lat="41.48597" lon="-81.74685666666667"><ele>162.7</ele><time>2026-09-11T21:11:52Z</time></trkpt>
      <trkpt lat="41.48597" lon="-81.74685166666667"><ele>162.7</ele><time>2026-09-11T21:11:53Z</time></trkpt>
      <trkpt lat="41.48597" lon="-81.74685"><ele>162.7</ele><time>2026-09-11T21:11:54Z</time></trkpt>
      <trkpt lat="41.48596833333333" lon="-81.74684333333333"><ele>162.7</ele><time>2026-09-11T21:11:55Z</time></trkpt>
      <trkpt lat="41.48596833333333" lon="-81.74684"><ele>163.7</ele><time>2026-09-11T21:11:56Z</time></trkpt>
      <trkpt lat="41.48596833333333" lon="-81.746835"><ele>163.7</ele><time>2026-09-11T21:11:57Z</time></trkpt>
      <trkpt lat="41.48596833333333" lon="-81.74683166666667"><ele>163.7</ele><time>2026-09-11T21:11:58Z</time></trkpt>
      <trkpt lat="41.48596833333333" lon="-81.74683166666667"><ele>163.7</ele><time>2026-09-11T21:11:59Z</time></trkpt>
      <trkpt lat="41.48596666666667" lon="-81.74683333333333"><ele>163.7</ele><time>2026-09-11T21:12:00Z</time></trkpt>
      <trkpt lat="41.485965" lon="-81.746835"><ele>163.7</ele><time>2026-09-11T21:12:01Z</time></trkpt>
      <trkpt lat="41.48596333333333" lon="-81.74684"><ele>163.7</ele><time>2026-09-11T21:12:02Z</time></trkpt>
      <trkpt lat="41.48596166666667" lon="-81.74684166666667"><ele>163.7</ele><time>2026-09-11T21:12:03Z</time></trkpt>
      <trkpt lat="41.48596" lon="-81.74684833333333"><ele>163.7</ele><time>2026-09-11T21:12:04Z</time></trkpt>
      <trkpt lat="41.48596" lon="-81.74685"><ele>163.7</ele><time>2026-09-11T21:12:05Z</time></trkpt>
      <trkpt lat="41.48596" lon="-81.74685333333333"><ele>163.7</ele><time>2026-09-11T21:12:06Z</time></trkpt>
      <trkpt lat="41.48596166666667" lon="-81.74685333333333"><ele>163.7</ele><time>2026-09-11T21:12:07Z</time></trkpt>
      <trkpt lat="41.48596166666667" lon="-81.746855"><ele>163.7</ele><time>2026-09-11T21:12:08Z</time></trkpt>
      <trkpt lat="41.48596333333333" lon="-81.746855"><ele>163.7</ele><time>2026-09-11T21:12:09Z</time></trkpt>
      <trkpt lat="41.48596333333333" lon="-81.74685333333333"><ele>163.7</ele><time>2026-09-11T21:12:10Z</time></trkpt>
      <trkpt lat="41.48596333333333" lon="-81.74685333333333"><ele>162.7</ele><time>2026-09-11T21:12:11Z</time></trkpt>
      <trkpt lat="41.48596333333333" lon="-81.74685333333333"><ele>162.7</ele><time>2026-09-11T21:12:12Z</time></trkpt>
      <trkpt lat="41.485965" lon="-81.74685333333333"><ele>162.7</ele><time>2026-09-11T21:12:13Z</time></trkpt>
      <trkpt lat="41.48596666666667" lon="-81.74685333333333"><ele>162.7</ele><time>2026-09-11T21:12:14Z</time></trkpt>
      <trkpt lat="41.48596666666667" lon="-81.74685333333333"><ele>162.7</ele><time>2026-09-11T21:12:15Z</time></trkpt>
      <trkpt lat="41.48596666666667" lon="-81.74685333333333"><ele>162.7</ele><time>2026-09-11T21:12:16Z</time></trkpt>
      <trkpt lat="41.48597" lon="-81.74685333333333"><ele>162.7</ele><time>2026-09-11T21:12:17Z</time></trkpt>
      <trkpt lat="41.485971666666664" lon="-81.74685"><ele>162.7</ele><time>2026-09-11T21:12:18Z</time></trkpt>
      <trkpt lat="41.485973333333334" lon="-81.74685"><ele>162.7</ele><time>2026-09-11T21:12:19Z</time></trkpt>
      <trkpt lat="41.485975" lon="-81.746845"><ele>162.7</ele><time>2026-09-11T21:12:20Z</time></trkpt>
      <trkpt lat="41.485971666666664" lon="-81.74683166666667"><ele>162.7</ele><time>2026-09-11T21:12:21Z</time></trkpt>
      <trkpt lat="41.485971666666664" lon="-81.74682666666666"><ele>162.7</ele><time>2026-09-11T21:12:22Z</time></trkpt>
      <trkpt lat="41.485971666666664" lon="-81.74680833333333"><ele>162.7</ele><time>2026-09-11T21:12:23Z</time></trkpt>
      <trkpt lat="41.485971666666664" lon="-81.74678833333333"><ele>162.7</ele><time>2026-09-11T21:12:24Z</time></trkpt>
      <trkpt lat="41.48597" lon="-81.74677666666666"><ele>162.7</ele><time>2026-09-11T21:12:25Z</time></trkpt>
      <trkpt lat="41.48597" lon="-81.74676666666667"><ele>163.7</ele><time>2026-09-11T21:12:26Z</time></trkpt>
      <trkpt lat="41.485971666666664" lon="-81.74675166666667"><ele>162.799</ele><time>2026-09-11T21:12:27Z</time></trkpt>
      <trkpt lat="41.48598166666667" lon="-81.74673666666666"><ele>162.799</ele><time>2026-09-11T21:12:28Z</time></trkpt>
      <trkpt lat="41.485985" lon="-81.74673"><ele>162.799</ele><time>2026-09-11T21:12:29Z</time></trkpt>
      <trkpt lat="41.485995" lon="-81.74671833333333"><ele>162.8</ele><time>2026-09-11T21:12:30Z</time></trkpt>
      <trkpt lat="41.48600166666667" lon="-81.74671166666667"><ele>162.8</ele><time>2026-09-11T21:12:31Z</time></trkpt>
      <trkpt lat="41.48601333333333" lon="-81.74670666666667"><ele>162.8</ele><time>2026-09-11T21:12:32Z</time></trkpt>
      <trkpt lat="41.486021666666666" lon="-81.74670166666667"><ele>163.7</ele><time>2026-09-11T21:12:33Z</time></trkpt>
      <trkpt lat="41.48602833333333" lon="-81.7467"><ele>163.7</ele><time>2026-09-11T21:12:34Z</time></trkpt>
      <trkpt lat="41.486036666666664" lon="-81.74669333333334"><ele>163.7</ele><time>2026-09-11T21:12:35Z</time></trkpt>
      <trkpt lat="41.486041666666665" lon="-81.74669"><ele>163.7</ele><time>2026-09-11T21:12:36Z</time></trkpt>
      <trkpt lat="41.48605166666667" lon="-81.74668166666666"><ele>163.7</ele><time>2026-09-11T21:12:37Z</time></trkpt>
      <trkpt lat="41.48605833333333" lon="-81.74667"><ele>163.7</ele><time>2026-09-11T21:12:38Z</time></trkpt>
      <trkpt lat="41.486063333333334" lon="-81.74666333333333"><ele>163.7</ele><time>2026-09-11T21:12:39Z</time></trkpt>
      <trkpt lat="41.486075" lon="-81.74665"><ele>163.7</ele><time>2026-09-11T21:12:40Z</time></trkpt>
      <trkpt lat="41.48608333333333" lon="-81.74664"><ele>163.7</ele><time>2026-09-11T21:12:41Z</time></trkpt>
      <trkpt lat="41.48609" lon="-81.74663333333334"><ele>163.7</ele><time>2026-09-11T21:12:42Z</time></trkpt>
      <trkpt lat="41.48609833333333" lon="-81.74662166666667"><ele>162.6</ele><time>2026-09-11T21:12:43Z</time></trkpt>
      <trkpt lat="41.486108333333334" lon="-81.74661333333333"><ele>162.6</ele><time>2026-09-11T21:12:44Z</time></trkpt>
      <trkpt lat="41.48612166666667" lon="-81.7466"><ele>162.6</ele><time>2026-09-11T21:12:45Z</time></trkpt>
      <trkpt lat="41.486126666666664" lon="-81.74659666666666"><ele>162.6</ele><time>2026-09-11T21:12:46Z</time></trkpt>
      <trkpt lat="41.486135" lon="-81.74659166666666"><ele>162.6</ele><time>2026-09-11T21:12:47Z</time></trkpt>
      <trkpt lat="41.48613833333334" lon="-81.74658666666667"><ele>162.6</ele><time>2026-09-11T21:12:48Z</time></trkpt>
      <trkpt lat="41.48614666666667" lon="-81.74657666666667"><ele>162.6</ele><time>2026-09-11T21:12:49Z</time></trkpt>
      <trkpt lat="41.486155" lon="-81.74656833333333"><ele>163</ele><time>2026-09-11T21:12:50Z</time></trkpt>
      <trkpt lat="41.486158333333336" lon="-81.74656166666666"><ele>163</ele><time>2026-09-11T21:12:51Z</time></trkpt>
      <trkpt lat="41.486171666666664" lon="-81.746545"><ele>163</ele><time>2026-09-11T21:12:52Z</time></trkpt>
      <trkpt lat="41.486175" lon="-81.74654166666667"><ele>163</ele><time>2026-09-11T21:12:53Z</time></trkpt>
      <trkpt lat="41.48618" lon="-81.746535"><ele>163</ele><time>2026-09-11T21:12:54Z</time></trkpt>
      <trkpt lat="41.48618666666667" lon="-81.74652666666667"><ele>163</ele><time>2026-09-11T21:12:55Z</time></trkpt>
      <trkpt lat="41.48619333333333" lon="-81.74652166666667"><ele>163</ele><time>2026-09-11T21:12:56Z</time></trkpt>
      <trkpt lat="41.486196666666665" lon="-81.74651833333333"><ele>163</ele><time>2026-09-11T21:12:57Z</time></trkpt>
      <trkpt lat="41.486205" lon="-81.74651166666666"><ele>162.6</ele><time>2026-09-11T21:12:58Z</time></trkpt>
      <trkpt lat="41.48621166666667" lon="-81.74650333333334"><ele>162.6</ele><time>2026-09-11T21:12:59Z</time></trkpt>
      <trkpt lat="41.48622" lon="-81.746495"><ele>162.6</ele><time>2026-09-11T21:13:00Z</time></trkpt>
      <trkpt lat="41.48623333333333" lon="-81.746485"><ele>162.6</ele><time>2026-09-11T21:13:01Z</time></trkpt>
      <trkpt lat="41.48623833333333" lon="-81.74648"><ele>162.6</ele><time>2026-09-11T21:13:02Z</time></trkpt>
      <trkpt lat="41.486246666666666" lon="-81.746475"><ele>162.6</ele><time>2026-09-11T21:13:03Z</time></trkpt>
      <trkpt lat="41.48625666666667" lon="-81.746465"><ele>162.6</ele><time>2026-09-11T21:13:04Z</time></trkpt>
      <trkpt lat="41.486265" lon="-81.74645833333334"><ele>162.6</ele><time>2026-09-11T21:13:05Z</time></trkpt>
      <trkpt lat="41.48627333333334" lon="-81.74645"><ele>163.7</ele><time>2026-09-11T21:13:06Z</time></trkpt>
      <trkpt lat="41.48627833333333" lon="-81.74644666666667"><ele>163.7</ele><time>2026-09-11T21:13:07Z</time></trkpt>
      <trkpt lat="41.486286666666665" lon="-81.74643833333333"><ele>163.7</ele><time>2026-09-11T21:13:08Z</time></trkpt>
      <trkpt lat="41.48629" lon="-81.74643333333333"><ele>163.7</ele><time>2026-09-11T21:13:09Z</time></trkpt>
      <trkpt lat="41.48629833333333" lon="-81.74641833333334"><ele>163.7</ele><time>2026-09-11T21:13:10Z</time></trkpt>
      <trkpt lat="41.48630333333333" lon="-81.746415"><ele>163.7</ele><time>2026-09-11T21:13:11Z</time></trkpt>
      <trkpt lat="41.486306666666664" lon="-81.74641166666666"><ele>163.7</ele><time>2026-09-11T21:13:12Z</time></trkpt>
      <trkpt lat="41.486315" lon="-81.74640166666667"><ele>163.7</ele><time>2026-09-11T21:13:13Z</time></trkpt>
      <trkpt lat="41.48632166666667" lon="-81.746395"><ele>162.6</ele><time>2026-09-11T21:13:14Z</time></trkpt>
      <trkpt lat="41.48633" lon="-81.74638833333333"><ele>162.6</ele><time>2026-09-11T21:13:15Z</time></trkpt>
      <trkpt lat="41.486336666666666" lon="-81.74638"><ele>162.6</ele><time>2026-09-11T21:13:16Z</time></trkpt>
      <trkpt lat="41.48634333333333" lon="-81.74637333333334"><ele>162.6</ele><time>2026-09-11T21:13:17Z</time></trkpt>
      <trkpt lat="41.486353333333334" lon="-81.74636166666667"><ele>162.6</ele><time>2026-09-11T21:13:18Z</time></trkpt>
      <trkpt lat="41.486358333333335" lon="-81.746355"><ele>162.6</ele><time>2026-09-11T21:13:19Z</time></trkpt>
      <trkpt lat="41.48636666666667" lon="-81.74634666666667"><ele>162.6</ele><time>2026-09-11T21:13:20Z</time></trkpt>
      <trkpt lat="41.48637333333333" lon="-81.74633666666666"><ele>163</ele><time>2026-09-11T21:13:21Z</time></trkpt>
      <trkpt lat="41.486376666666665" lon="-81.74633"><ele>163</ele><time>2026-09-11T21:13:22Z</time></trkpt>
      <trkpt lat="41.48638" lon="-81.74632"><ele>163</ele><time>2026-09-11T21:13:23Z</time></trkpt>
      <trkpt lat="41.48638" lon="-81.746315"><ele>163</ele><time>2026-09-11T21:13:24Z</time></trkpt>
      <trkpt lat="41.48638166666667" lon="-81.74631"><ele>163</ele><time>2026-09-11T21:13:25Z</time></trkpt>
      <trkpt lat="41.48638666666667" lon="-81.7463"><ele>163</ele><time>2026-09-11T21:13:26Z</time></trkpt>
      <trkpt lat="41.48639166666667" lon="-81.74629333333333"><ele>163</ele><time>2026-09-11T21:13:27Z</time></trkpt>
      <trkpt lat="41.486398333333334" lon="-81.74628166666666"><ele>162.6</ele><time>2026-09-11T21:13:28Z</time></trkpt>
      <trkpt lat="41.486401666666666" lon="-81.746275"><ele>162.5</ele><time>2026-09-11T21:13:29Z</time></trkpt>
      <trkpt lat="41.48640666666667" lon="-81.74627"><ele>162.5</ele><time>2026-09-11T21:13:30Z</time></trkpt>
      <trkpt lat="41.48641666666666" lon="-81.746265"><ele>162.5</ele><time>2026-09-11T21:13:31Z</time></trkpt>
      <trkpt lat="41.486425" lon="-81.746255"><ele>162.5</ele><time>2026-09-11T21:13:32Z</time></trkpt>
      <trkpt lat="41.486428333333336" lon="-81.74624833333333"><ele>162.5</ele><time>2026-09-11T21:13:33Z</time></trkpt>
      <trkpt lat="41.48643166666667" lon="-81.74624166666666"><ele>162.5</ele><time>2026-09-11T21:13:34Z</time></trkpt>
      <trkpt lat="41.48643666666667" lon="-81.74622166666667"><ele>162.5</ele><time>2026-09-11T21:13:35Z</time></trkpt>
      <trkpt lat="41.48643666666667" lon="-81.74621833333333"><ele>162.5</ele><time>2026-09-11T21:13:36Z</time></trkpt>
      <trkpt lat="41.48643333333333" lon="-81.746205"><ele>163.7</ele><time>2026-09-11T21:13:37Z</time></trkpt>
      <trkpt lat="41.48643166666667" lon="-81.74619666666666"><ele>163.7</ele><time>2026-09-11T21:13:38Z</time></trkpt>
      <trkpt lat="41.48642666666667" lon="-81.74618"><ele>163.7</ele><time>2026-09-11T21:13:39Z</time></trkpt>
      <trkpt lat="41.486423333333335" lon="-81.74617"><ele>163.7</ele><time>2026-09-11T21:13:40Z</time></trkpt>
      <trkpt lat="41.48642" lon="-81.74615833333333"><ele>163.7</ele><time>2026-09-11T21:13:41Z</time></trkpt>
      <trkpt lat="41.48641666666666" lon="-81.74614833333334"><ele>163.7</ele><time>2026-09-11T21:13:42Z</time></trkpt>
      <trkpt lat="41.48641333333333" lon="-81.746135"><ele>162.6</ele><time>2026-09-11T21:13:43Z</time></trkpt>
      <trkpt lat="41.48641333333333" lon="-81.74612833333333"><ele>163.5</ele><time>2026-09-11T21:13:44Z</time></trkpt>
      <trkpt lat="41.48641333333333" lon="-81.74612833333333"><ele>163.5</ele><time>2026-09-11T21:13:45Z</time></trkpt>
      <trkpt lat="41.48641333333333" lon="-81.74612666666667"><ele>163.5</ele><time>2026-09-11T21:13:46Z</time></trkpt>
      <trkpt lat="41.48641333333333" lon="-81.746135"><ele>163.5</ele><time>2026-09-11T21:13:47Z</time></trkpt>
      <trkpt lat="41.486415" lon="-81.74614166666667"><ele>163.5</ele><time>2026-09-11T21:13:48Z</time></trkpt>
      <trkpt lat="41.486415" lon="-81.74614833333334"><ele>163.5</ele><time>2026-09-11T21:13:49Z</time></trkpt>
      <trkpt lat="41.486415" lon="-81.74615166666666"><ele>163</ele><time>2026-09-11T21:13:50Z</time></trkpt>
      <trkpt lat="41.486415" lon="-81.74615333333334"><ele>163</ele><time>2026-09-11T21:13:51Z</time></trkpt>
      <trkpt lat="41.48641666666666" lon="-81.746155"><ele>163</ele><time>2026-09-11T21:13:52Z</time></trkpt>
      <trkpt lat="41.48641833333333" lon="-81.74615833333333"><ele>162.6</ele><time>2026-09-11T21:13:53Z</time></trkpt>
      <trkpt lat="41.48641833333333" lon="-81.74616"><ele>162.6</ele><time>2026-09-11T21:13:54Z</time></trkpt>
      <trkpt lat="41.48641833333333" lon="-81.74616333333333"><ele>162.6</ele><time>2026-09-11T21:13:55Z</time></trkpt>
      <trkpt lat="41.48641833333333" lon="-81.74616666666667"><ele>162.6</ele><time>2026-09-11T21:13:56Z</time></trkpt>
      <trkpt lat="41.48641833333333" lon="-81.74616666666667"><ele>162.6</ele><time>2026-09-11T21:13:57Z</time></trkpt>
      <trkpt lat="41.48641833333333" lon="-81.74616833333333"><ele>162.6</ele><time>2026-09-11T21:13:58Z</time></trkpt>
      <trkpt lat="41.48641666666666" lon="-81.74617"><ele>162.6</ele><time>2026-09-11T21:13:59Z</time></trkpt>
      <trkpt lat="41.486415" lon="-81.74617"><ele>162.6</ele><time>2026-09-11T21:14:00Z</time></trkpt>
      <trkpt lat="41.486415" lon="-81.74617166666667"><ele>162.5</ele><time>2026-09-11T21:14:01Z</time></trkpt>
      <trkpt lat="41.486415" lon="-81.74617166666667"><ele>162.5</ele><time>2026-09-11T21:14:02Z</time></trkpt>
      <trkpt lat="41.48641333333333" lon="-81.74617166666667"><ele>162.5</ele><time>2026-09-11T21:14:04Z</time></trkpt>
      <trkpt lat="41.48641333333333" lon="-81.74617333333333"><ele>162.5</ele><time>2026-09-11T21:14:05Z</time></trkpt>
      <trkpt lat="41.48641166666667" lon="-81.74617333333333"><ele>163.7</ele><time>2026-09-11T21:14:06Z</time></trkpt>
      <trkpt lat="41.48641166666667" lon="-81.74617333333333"><ele>163.7</ele><time>2026-09-11T21:14:07Z</time></trkpt>
      <trkpt lat="41.48641" lon="-81.746175"><ele>163.7</ele><time>2026-09-11T21:14:08Z</time></trkpt>
      <trkpt lat="41.48641" lon="-81.746175"><ele>163.7</ele><time>2026-09-11T21:14:09Z</time></trkpt>
      <trkpt lat="41.48641" lon="-81.746175"><ele>162.6</ele><time>2026-09-11T21:14:10Z</time></trkpt>
      <trkpt lat="41.48641" lon="-81.74617666666667"><ele>162.6</ele><time>2026-09-11T21:14:11Z</time></trkpt>
      <trkpt lat="41.48640833333333" lon="-81.74617666666667"><ele>162.6</ele><time>2026-09-11T21:14:12Z</time></trkpt>
      <trkpt lat="41.48640833333333" lon="-81.74617666666667"><ele>162.5</ele><time>2026-09-11T21:14:13Z</time></trkpt>
      <trkpt lat="41.48640833333333" lon="-81.74617666666667"><ele>162.5</ele><time>2026-09-11T21:14:14Z</time></trkpt>
      <trkpt lat="41.48640833333333" lon="-81.74617833333333"><ele>162.5</ele><time>2026-09-11T21:14:15Z</time></trkpt>
      <trkpt lat="41.48640833333333" lon="-81.74617833333333"><ele>162.5</ele><time>2026-09-11T21:14:16Z</time></trkpt>
      <trkpt lat="41.48640833333333" lon="-81.74617833333333"><ele>162.5</ele><time>2026-09-11T21:14:17Z</time></trkpt>
      <trkpt lat="41.48640833333333" lon="-81.74618"><ele>162.5</ele><time>2026-09-11T21:14:18Z</time></trkpt>
      <trkpt lat="41.48640833333333" lon="-81.74618"><ele>162.5</ele><time>2026-09-11T21:14:19Z</time></trkpt>
      <trkpt lat="41.48641166666667" lon="-81.746175"><ele>162.5</ele><time>2026-09-11T21:14:20Z</time></trkpt>
      <trkpt lat="41.48641333333333" lon="-81.74617333333333"><ele>163.7</ele><time>2026-09-11T21:14:21Z</time></trkpt>
      <trkpt lat="41.486415" lon="-81.74617"><ele>163.7</ele><time>2026-09-11T21:14:22Z</time></trkpt>
      <trkpt lat="41.486415" lon="-81.74616166666667"><ele>163.7</ele><time>2026-09-11T21:14:23Z</time></trkpt>
      <trkpt lat="41.486415" lon="-81.746145"><ele>163.7</ele><time>2026-09-11T21:14:24Z</time></trkpt>
      <trkpt lat="41.486415" lon="-81.74613833333333"><ele>163.7</ele><time>2026-09-11T21:14:25Z</time></trkpt>
      <trkpt lat="41.48640666666667" lon="-81.746115"><ele>163.7</ele><time>2026-09-11T21:14:26Z</time></trkpt>
      <trkpt lat="41.486403333333335" lon="-81.746105"><ele>163.7</ele><time>2026-09-11T21:14:27Z</time></trkpt>
      <trkpt lat="41.486401666666666" lon="-81.74609"><ele>163.7</ele><time>2026-09-11T21:14:28Z</time></trkpt>
      <trkpt lat="41.48640833333333" lon="-81.74609"><ele>163.7</ele><time>2026-09-11T21:14:29Z</time></trkpt>
      <trkpt lat="41.48640833333333" lon="-81.74609666666667"><ele>163.7</ele><time>2026-09-11T21:14:30Z</time></trkpt>
      <trkpt lat="41.48640666666667" lon="-81.74609833333334"><ele>163.7</ele><time>2026-09-11T21:14:31Z</time></trkpt>
      <trkpt lat="41.48640666666667" lon="-81.74610166666666"><ele>163.7</ele><time>2026-09-11T21:14:32Z</time></trkpt>
      <trkpt lat="41.486405" lon="-81.74610166666666"><ele>163.7</ele><time>2026-09-11T21:14:33Z</time></trkpt>
      <trkpt lat="41.48640666666667" lon="-81.74610166666666"><ele>163.7</ele><time>2026-09-11T21:14:34Z</time></trkpt>
      <trkpt lat="41.48640666666667" lon="-81.74610166666666"><ele>163.7</ele><time>2026-09-11T21:14:35Z</time></trkpt>
      <trkpt lat="41.48640666666667" lon="-81.74610166666666"><ele>163.7</ele><time>2026-09-11T21:14:36Z</time></trkpt>
      <trkpt lat="41.48640833333333" lon="-81.74610166666666"><ele>162.7</ele><time>2026-09-11T21:14:37Z</time></trkpt>
      <trkpt lat="41.48640833333333" lon="-81.74609833333334"><ele>162.5</ele><time>2026-09-11T21:14:38Z</time></trkpt>
      <trkpt lat="41.48640833333333" lon="-81.74609666666667"><ele>162.5</ele><time>2026-09-11T21:14:39Z</time></trkpt>
      <trkpt lat="41.48640833333333" lon="-81.74609666666667"><ele>162.5</ele><time>2026-09-11T21:14:40Z</time></trkpt>
      <trkpt lat="41.48640833333333" lon="-81.74609666666667"><ele>162.4</ele><time>2026-09-11T21:14:41Z</time></trkpt>
      <trkpt lat="41.486405" lon="-81.74609666666667"><ele>162</ele><time>2026-09-11T21:14:42Z</time></trkpt>
      <trkpt lat="41.486405" lon="-81.74609333333333"><ele>162.5</ele><time>2026-09-11T21:14:43Z</time></trkpt>
      <trkpt lat="41.48640833333333" lon="-81.746085"><ele>162.5</ele><time>2026-09-11T21:14:44Z</time></trkpt>
      <trkpt lat="41.48640833333333" lon="-81.746085"><ele>162.5</ele><time>2026-09-11T21:14:45Z</time></trkpt>
      <trkpt lat="41.48641" lon="-81.74608"><ele>162.5</ele><time>2026-09-11T21:14:46Z</time></trkpt>
      <trkpt lat="41.48640833333333" lon="-81.74607833333333"><ele>162.5</ele><time>2026-09-11T21:14:47Z</time></trkpt>
      <trkpt lat="41.486405" lon="-81.74607666666667"><ele>162.5</ele><time>2026-09-11T21:14:48Z</time></trkpt>
      <trkpt lat="41.486403333333335" lon="-81.74607333333333"><ele>162.5</ele><time>2026-09-11T21:14:49Z</time></trkpt>
      <trkpt lat="41.486403333333335" lon="-81.74607333333333"><ele>162.5</ele><time>2026-09-11T21:14:50Z</time></trkpt>
      <trkpt lat="41.486403333333335" lon="-81.74607333333333"><ele>162.5</ele><time>2026-09-11T21:14:51Z</time></trkpt>
      <trkpt lat="41.486401666666666" lon="-81.74607333333333"><ele>163.7</ele><time>2026-09-11T21:14:52Z</time></trkpt>
      <trkpt lat="41.4864" lon="-81.74607333333333"><ele>163.7</ele><time>2026-09-11T21:14:53Z</time></trkpt>
      <trkpt lat="41.4864" lon="-81.74607333333333"><ele>163.7</ele><time>2026-09-11T21:14:54Z</time></trkpt>
      <trkpt lat="41.4864" lon="-81.746075"><ele>163.7</ele><time>2026-09-11T21:14:55Z</time></trkpt>
      <trkpt lat="41.486398333333334" lon="-81.74607166666667"><ele>163.7</ele><time>2026-09-11T21:14:56Z</time></trkpt>
      <trkpt lat="41.486398333333334" lon="-81.74607"><ele>162.7</ele><time>2026-09-11T21:14:57Z</time></trkpt>
      <trkpt lat="41.4864" lon="-81.74607"><ele>162.7</ele><time>2026-09-11T21:14:58Z</time></trkpt>
      <trkpt lat="41.4864" lon="-81.74607"><ele>163.7</ele><time>2026-09-11T21:14:59Z</time></trkpt>
      <trkpt lat="41.486401666666666" lon="-81.74607166666667"><ele>163.7</ele><time>2026-09-11T21:15:00Z</time></trkpt>
      <trkpt lat="41.486401666666666" lon="-81.746075"><ele>163.7</ele><time>2026-09-11T21:15:01Z</time></trkpt>
      <trkpt lat="41.486403333333335" lon="-81.74608"><ele>163.7</ele><time>2026-09-11T21:15:02Z</time></trkpt>
      <trkpt lat="41.486405" lon="-81.746085"><ele>163.7</ele><time>2026-09-11T21:15:03Z</time></trkpt>
      <trkpt lat="41.4864" lon="-81.74609333333333"><ele>163.7</ele><time>2026-09-11T21:15:04Z</time></trkpt>
      <trkpt lat="41.486401666666666" lon="-81.74611"><ele>163.7</ele><time>2026-09-11T21:15:05Z</time></trkpt>
      <trkpt lat="41.486405" lon="-81.74612"><ele>163.7</ele><time>2026-09-11T21:15:06Z</time></trkpt>
      <trkpt lat="41.48640833333333" lon="-81.74612666666667"><ele>163.7</ele><time>2026-09-11T21:15:07Z</time></trkpt>
      <trkpt lat="41.48641166666667" lon="-81.74613666666667"><ele>163.6</ele><time>2026-09-11T21:15:08Z</time></trkpt>
      <trkpt lat="41.48641" lon="-81.74613833333333"><ele>163.6</ele><time>2026-09-11T21:15:09Z</time></trkpt>
      <trkpt lat="41.486405" lon="-81.74613833333333"><ele>163.6</ele><time>2026-09-11T21:15:10Z</time></trkpt>
      <trkpt lat="41.486405" lon="-81.74613833333333"><ele>162.5</ele><time>2026-09-11T21:15:11Z</time></trkpt>
      <trkpt lat="41.48640833333333" lon="-81.74613833333333"><ele>162.5</ele><time>2026-09-11T21:15:12Z</time></trkpt>
      <trkpt lat="41.48640833333333" lon="-81.74613666666667"><ele>162.5</ele><time>2026-09-11T21:15:13Z</time></trkpt>
      <trkpt lat="41.48640833333333" lon="-81.74613333333333"><ele>164.2</ele><time>2026-09-11T21:15:14Z</time></trkpt>
      <trkpt lat="41.48641333333333" lon="-81.74612833333333"><ele>162.5</ele><time>2026-09-11T21:15:15Z</time></trkpt>
      <trkpt lat="41.48641833333333" lon="-81.74613333333333"><ele>163.3</ele><time>2026-09-11T21:15:16Z</time></trkpt>
      <trkpt lat="41.486423333333335" lon="-81.74613833333333"><ele>163.3</ele><time>2026-09-11T21:15:17Z</time></trkpt>
      <trkpt lat="41.486428333333336" lon="-81.74614333333334"><ele>163.3</ele><time>2026-09-11T21:15:18Z</time></trkpt>
      <trkpt lat="41.486428333333336" lon="-81.74615333333334"><ele>163.3</ele><time>2026-09-11T21:15:19Z</time></trkpt>
      <trkpt lat="41.486423333333335" lon="-81.746165"><ele>163.3</ele><time>2026-09-11T21:15:20Z</time></trkpt>
      <trkpt lat="41.486423333333335" lon="-81.74617666666667"><ele>163.3</ele><time>2026-09-11T21:15:21Z</time></trkpt>
      <trkpt lat="41.48642666666667" lon="-81.74618333333333"><ele>163.3</ele><time>2026-09-11T21:15:22Z</time></trkpt>
      <trkpt lat="41.48643166666667" lon="-81.746195"><ele>163.3</ele><time>2026-09-11T21:15:23Z</time></trkpt>
      <trkpt lat="41.48643333333333" lon="-81.746205"><ele>162.7</ele><time>2026-09-11T21:15:24Z</time></trkpt>
      <trkpt lat="41.48643833333333" lon="-81.74621833333333"><ele>162.7</ele><time>2026-09-11T21:15:25Z</time></trkpt>
      <trkpt lat="41.486441666666664" lon="-81.74622833333333"><ele>162.7</ele><time>2026-09-11T21:15:26Z</time></trkpt>
      <trkpt lat="41.486446666666666" lon="-81.74623833333334"><ele>163.7</ele><time>2026-09-11T21:15:27Z</time></trkpt>
      <trkpt lat="41.48645" lon="-81.74624833333333"><ele>163.7</ele><time>2026-09-11T21:15:28Z</time></trkpt>
      <trkpt lat="41.486455" lon="-81.74625666666667"><ele>163.7</ele><time>2026-09-11T21:15:29Z</time></trkpt>
      <trkpt lat="41.48645833333333" lon="-81.74626833333333"><ele>163.7</ele><time>2026-09-11T21:15:30Z</time></trkpt>
      <trkpt lat="41.48646333333333" lon="-81.74627666666666"><ele>163.7</ele><time>2026-09-11T21:15:31Z</time></trkpt>
      <trkpt lat="41.486468333333335" lon="-81.74628333333334"><ele>163.7</ele><time>2026-09-11T21:15:32Z</time></trkpt>
      <trkpt lat="41.486475" lon="-81.74629166666666"><ele>163.7</ele><time>2026-09-11T21:15:33Z</time></trkpt>
      <trkpt lat="41.48648333333333" lon="-81.74629833333333"><ele>163.7</ele><time>2026-09-11T21:15:34Z</time></trkpt>
      <trkpt lat="41.486493333333335" lon="-81.746305"><ele>163.7</ele><time>2026-09-11T21:15:35Z</time></trkpt>
      <trkpt lat="41.48650166666667" lon="-81.74631166666667"><ele>163.7</ele><time>2026-09-11T21:15:36Z</time></trkpt>
      <trkpt lat="41.48650833333333" lon="-81.74631833333333"><ele>163.7</ele><time>2026-09-11T21:15:37Z</time></trkpt>
      <trkpt lat="41.486513333333335" lon="-81.74632333333334"><ele>163.5</ele><time>2026-09-11T21:15:38Z</time></trkpt>
      <trkpt lat="41.486518333333336" lon="-81.74632666666666"><ele>163.7</ele><time>2026-09-11T21:15:39Z</time></trkpt>
      <trkpt lat="41.486525" lon="-81.74632666666666"><ele>163.7</ele><time>2026-09-11T21:15:40Z</time></trkpt>
      <trkpt lat="41.486533333333334" lon="-81.74633166666666"><ele>163.299</ele><time>2026-09-11T21:15:41Z</time></trkpt>
      <trkpt lat="41.48654333333333" lon="-81.74633833333333"><ele>163.4</ele><time>2026-09-11T21:15:42Z</time></trkpt>
      <trkpt lat="41.486555" lon="-81.74633833333333"><ele>163.5</ele><time>2026-09-11T21:15:43Z</time></trkpt>
      <trkpt lat="41.486565" lon="-81.74634"><ele>163.7</ele><time>2026-09-11T21:15:44Z</time></trkpt>
      <trkpt lat="41.48657166666667" lon="-81.74634166666667"><ele>163.7</ele><time>2026-09-11T21:15:45Z</time></trkpt>
      <trkpt lat="41.486583333333336" lon="-81.74633833333333"><ele>163.5</ele><time>2026-09-11T21:15:46Z</time></trkpt>
      <trkpt lat="41.48658833333333" lon="-81.74633666666666"><ele>163.3</ele><time>2026-09-11T21:15:47Z</time></trkpt>
      <trkpt lat="41.486596666666664" lon="-81.74633333333334"><ele>163.3</ele><time>2026-09-11T21:15:48Z</time></trkpt>
      <trkpt lat="41.486605" lon="-81.74633166666666"><ele>163.3</ele><time>2026-09-11T21:15:49Z</time></trkpt>
      <trkpt lat="41.48661166666667" lon="-81.74632833333334"><ele>163.3</ele><time>2026-09-11T21:15:50Z</time></trkpt>
      <trkpt lat="41.48661666666667" lon="-81.74632333333334"><ele>163.3</ele><time>2026-09-11T21:15:51Z</time></trkpt>
      <trkpt lat="41.486626666666666" lon="-81.74631333333333"><ele>163.3</ele><time>2026-09-11T21:15:52Z</time></trkpt>
      <trkpt lat="41.48663333333333" lon="-81.74630833333333"><ele>163.3</ele><time>2026-09-11T21:15:53Z</time></trkpt>
      <trkpt lat="41.486645" lon="-81.74629666666667"><ele>162.7</ele><time>2026-09-11T21:15:54Z</time></trkpt>
      <trkpt lat="41.486648333333335" lon="-81.74629333333333"><ele>162.7</ele><time>2026-09-11T21:15:55Z</time></trkpt>
      <trkpt lat="41.48665666666667" lon="-81.74628666666666"><ele>162.7</ele><time>2026-09-11T21:15:56Z</time></trkpt>
      <trkpt lat="41.48666166666667" lon="-81.74628166666666"><ele>164.5</ele><time>2026-09-11T21:15:57Z</time></trkpt>
      <trkpt lat="41.486668333333334" lon="-81.74626833333333"><ele>164.3</ele><time>2026-09-11T21:15:58Z</time></trkpt>
      <trkpt lat="41.486673333333336" lon="-81.74626"><ele>164.3</ele><time>2026-09-11T21:15:59Z</time></trkpt>
      <trkpt lat="41.48668" lon="-81.74624166666666"><ele>163.7</ele><time>2026-09-11T21:16:00Z</time></trkpt>
      <trkpt lat="41.48668" lon="-81.74622833333333"><ele>163.7</ele><time>2026-09-11T21:16:01Z</time></trkpt>
      <trkpt lat="41.48668166666667" lon="-81.74620666666667"><ele>163.7</ele><time>2026-09-11T21:16:02Z</time></trkpt>
      <trkpt lat="41.48668166666667" lon="-81.74619833333334"><ele>162.5</ele><time>2026-09-11T21:16:03Z</time></trkpt>
      <trkpt lat="41.48668166666667" lon="-81.74618166666667"><ele>163.7</ele><time>2026-09-11T21:16:04Z</time></trkpt>
      <trkpt lat="41.48668166666667" lon="-81.746175"><ele>163.7</ele><time>2026-09-11T21:16:05Z</time></trkpt>
      <trkpt lat="41.48668166666667" lon="-81.74616166666667"><ele>163.7</ele><time>2026-09-11T21:16:06Z</time></trkpt>
      <trkpt lat="41.48668166666667" lon="-81.74614333333334"><ele>163.299</ele><time>2026-09-11T21:16:07Z</time></trkpt>
      <trkpt lat="41.48668166666667" lon="-81.74613666666667"><ele>163.299</ele><time>2026-09-11T21:16:08Z</time></trkpt>
      <trkpt lat="41.486685" lon="-81.74612666666667"><ele>163.499</ele><time>2026-09-11T21:16:09Z</time></trkpt>
      <trkpt lat="41.486686666666664" lon="-81.74611166666666"><ele>163.499</ele><time>2026-09-11T21:16:10Z</time></trkpt>
      <trkpt lat="41.48669" lon="-81.7461"><ele>163.399</ele><time>2026-09-11T21:16:11Z</time></trkpt>
      <trkpt lat="41.48669" lon="-81.74609166666667"><ele>163.4</ele><time>2026-09-11T21:16:12Z</time></trkpt>
      <trkpt lat="41.48669" lon="-81.74607833333333"><ele>163.5</ele><time>2026-09-11T21:16:13Z</time></trkpt>
      <trkpt lat="41.48669" lon="-81.74606666666666"><ele>163.5</ele><time>2026-09-11T21:16:14Z</time></trkpt>
      <trkpt lat="41.486691666666665" lon="-81.74605666666666"><ele>163.3</ele><time>2026-09-11T21:16:15Z</time></trkpt>
      <trkpt lat="41.486695" lon="-81.74605"><ele>163.3</ele><time>2026-09-11T21:16:16Z</time></trkpt>
      <trkpt lat="41.4867" lon="-81.74604166666667"><ele>163.3</ele><time>2026-09-11T21:16:17Z</time></trkpt>
      <trkpt lat="41.48670333333333" lon="-81.74603333333333"><ele>163.3</ele><time>2026-09-11T21:16:18Z</time></trkpt>
      <trkpt lat="41.486715" lon="-81.74602333333333"><ele>163.7</ele><time>2026-09-11T21:16:19Z</time></trkpt>
      <trkpt lat="41.48672166666667" lon="-81.74601833333334"><ele>163.7</ele><time>2026-09-11T21:16:20Z</time></trkpt>
      <trkpt lat="41.486735" lon="-81.74601166666666"><ele>163.7</ele><time>2026-09-11T21:16:21Z</time></trkpt>
      <trkpt lat="41.48674166666667" lon="-81.74601"><ele>163.7</ele><time>2026-09-11T21:16:22Z</time></trkpt>
      <trkpt lat="41.48675" lon="-81.74601833333334"><ele>163.7</ele><time>2026-09-11T21:16:23Z</time></trkpt>
      <trkpt lat="41.486758333333334" lon="-81.74602333333333"><ele>163.7</ele><time>2026-09-11T21:16:24Z</time></trkpt>
      <trkpt lat="41.48676" lon="-81.74602666666667"><ele>163.7</ele><time>2026-09-11T21:16:25Z</time></trkpt>
      <trkpt lat="41.486765" lon="-81.74603166666667"><ele>163.7</ele><time>2026-09-11T21:16:26Z</time></trkpt>
      <trkpt lat="41.48677166666667" lon="-81.74603333333333"><ele>163.7</ele><time>2026-09-11T21:16:27Z</time></trkpt>
      <trkpt lat="41.486775" lon="-81.74603"><ele>163.7</ele><time>2026-09-11T21:16:28Z</time></trkpt>
      <trkpt lat="41.486776666666664" lon="-81.74602666666667"><ele>163.7</ele><time>2026-09-11T21:16:29Z</time></trkpt>
      <trkpt lat="41.48677166666667" lon="-81.74602333333333"><ele>163.7</ele><time>2026-09-11T21:16:30Z</time></trkpt>
      <trkpt lat="41.48676666666667" lon="-81.74602166666666"><ele>163.7</ele><time>2026-09-11T21:16:31Z</time></trkpt>
      <trkpt lat="41.486763333333336" lon="-81.74602166666666"><ele>163.7</ele><time>2026-09-11T21:16:32Z</time></trkpt>
      <trkpt lat="41.486761666666666" lon="-81.74602"><ele>163.7</ele><time>2026-09-11T21:16:33Z</time></trkpt>
      <trkpt lat="41.486761666666666" lon="-81.74602"><ele>163.7</ele><time>2026-09-11T21:16:34Z</time></trkpt>
      <trkpt lat="41.486758333333334" lon="-81.74601833333334"><ele>163.7</ele><time>2026-09-11T21:16:35Z</time></trkpt>
      <trkpt lat="41.486758333333334" lon="-81.74601833333334"><ele>163.7</ele><time>2026-09-11T21:16:36Z</time></trkpt>
      <trkpt lat="41.486756666666665" lon="-81.74601666666666"><ele>163.7</ele><time>2026-09-11T21:16:37Z</time></trkpt>
      <trkpt lat="41.486755" lon="-81.74601666666666"><ele>163.7</ele><time>2026-09-11T21:16:38Z</time></trkpt>
      <trkpt lat="41.48675333333333" lon="-81.74601833333334"><ele>163.7</ele><time>2026-09-11T21:16:39Z</time></trkpt>
      <trkpt lat="41.48675" lon="-81.74601833333334"><ele>163.7</ele><time>2026-09-11T21:16:40Z</time></trkpt>
      <trkpt lat="41.48675" lon="-81.74602"><ele>163.7</ele><time>2026-09-11T21:16:41Z</time></trkpt>
      <trkpt lat="41.48675" lon="-81.74602166666666"><ele>162.899</ele><time>2026-09-11T21:16:42Z</time></trkpt>
      <trkpt lat="41.48675" lon="-81.74602166666666"><ele>162.999</ele><time>2026-09-11T21:16:43Z</time></trkpt>
      <trkpt lat="41.48675" lon="-81.74602333333333"><ele>162.999</ele><time>2026-09-11T21:16:44Z</time></trkpt>
      <trkpt lat="41.48675" lon="-81.746025"><ele>162.999</ele><time>2026-09-11T21:16:45Z</time></trkpt>
      <trkpt lat="41.48675166666666" lon="-81.746025"><ele>162.999</ele><time>2026-09-11T21:16:46Z</time></trkpt>
      <trkpt lat="41.48675333333333" lon="-81.746025"><ele>163.699</ele><time>2026-09-11T21:16:47Z</time></trkpt>
      <trkpt lat="41.48675333333333" lon="-81.74602333333333"><ele>163.7</ele><time>2026-09-11T21:16:48Z</time></trkpt>
      <trkpt lat="41.48675333333333" lon="-81.74602333333333"><ele>163.7</ele><time>2026-09-11T21:16:49Z</time></trkpt>
      <trkpt lat="41.486755" lon="-81.74602333333333"><ele>163.7</ele><time>2026-09-11T21:16:50Z</time></trkpt>
      <trkpt lat="41.486756666666665" lon="-81.74602333333333"><ele>163.7</ele><time>2026-09-11T21:16:51Z</time></trkpt>
      <trkpt lat="41.486758333333334" lon="-81.74602333333333"><ele>163.7</ele><time>2026-09-11T21:16:52Z</time></trkpt>
      <trkpt lat="41.486755" lon="-81.74602666666667"><ele>163.7</ele><time>2026-09-11T21:16:53Z</time></trkpt>
      <trkpt lat="41.48675333333333" lon="-81.74603"><ele>163.7</ele><time>2026-09-11T21:16:54Z</time></trkpt>
      <trkpt lat="41.48675333333333" lon="-81.74603"><ele>163.7</ele><time>2026-09-11T21:16:55Z</time></trkpt>
      <trkpt lat="41.486755" lon="-81.74603"><ele>163.7</ele><time>2026-09-11T21:16:56Z</time></trkpt>
      <trkpt lat="41.486755" lon="-81.74603166666667"><ele>163.7</ele><time>2026-09-11T21:16:57Z</time></trkpt>
      <trkpt lat="41.486756666666665" lon="-81.74603333333333"><ele>163.7</ele><time>2026-09-11T21:16:58Z</time></trkpt>
      <trkpt lat="41.486758333333334" lon="-81.74603666666667"><ele>163.7</ele><time>2026-09-11T21:16:59Z</time></trkpt>
      <trkpt lat="41.486756666666665" lon="-81.74604166666667"><ele>163.7</ele><time>2026-09-11T21:17:00Z</time></trkpt>
      <trkpt lat="41.486758333333334" lon="-81.74604333333333"><ele>163.7</ele><time>2026-09-11T21:17:01Z</time></trkpt>
      <trkpt lat="41.486755" lon="-81.74604833333333"><ele>163.7</ele><time>2026-09-11T21:17:02Z</time></trkpt>
      <trkpt lat="41.486758333333334" lon="-81.74605333333334"><ele>163.7</ele><time>2026-09-11T21:17:03Z</time></trkpt>
      <trkpt lat="41.486758333333334" lon="-81.746055"><ele>163.7</ele><time>2026-09-11T21:17:04Z</time></trkpt>
      <trkpt lat="41.486758333333334" lon="-81.746055"><ele>163.7</ele><time>2026-09-11T21:17:05Z</time></trkpt>
      <trkpt lat="41.486755" lon="-81.74606"><ele>163.7</ele><time>2026-09-11T21:17:06Z</time></trkpt>
      <trkpt lat="41.48675333333333" lon="-81.74606166666666"><ele>163.7</ele><time>2026-09-11T21:17:07Z</time></trkpt>
      <trkpt lat="41.48675166666666" lon="-81.74606333333334"><ele>163.7</ele><time>2026-09-11T21:17:08Z</time></trkpt>
      <trkpt lat="41.48675" lon="-81.74606333333334"><ele>163.7</ele><time>2026-09-11T21:17:09Z</time></trkpt>
      <trkpt lat="41.48675" lon="-81.746065"><ele>163.7</ele><time>2026-09-11T21:17:10Z</time></trkpt>
      <trkpt lat="41.48675" lon="-81.746065"><ele>163.7</ele><time>2026-09-11T21:17:11Z</time></trkpt>
      <trkpt lat="41.48675" lon="-81.746065"><ele>163.899</ele><time>2026-09-11T21:17:12Z</time></trkpt>
      <trkpt lat="41.48675" lon="-81.746065"><ele>163.899</ele><time>2026-09-11T21:17:13Z</time></trkpt>
      <trkpt lat="41.48675166666666" lon="-81.74606666666666"><ele>163.8</ele><time>2026-09-11T21:17:14Z</time></trkpt>
      <trkpt lat="41.48675" lon="-81.74606833333333"><ele>163.8</ele><time>2026-09-11T21:17:15Z</time></trkpt>
      <trkpt lat="41.48675" lon="-81.74607"><ele>163.8</ele><time>2026-09-11T21:17:16Z</time></trkpt>
      <trkpt lat="41.48675" lon="-81.74607"><ele>163.8</ele><time>2026-09-11T21:17:17Z</time></trkpt>
      <trkpt lat="41.48675" lon="-81.74606833333333"><ele>163.7</ele><time>2026-09-11T21:17:18Z</time></trkpt>
      <trkpt lat="41.48675166666666" lon="-81.74606666666666"><ele>163.7</ele><time>2026-09-11T21:17:19Z</time></trkpt>
      <trkpt lat="41.48675" lon="-81.74606666666666"><ele>163.7</ele><time>2026-09-11T21:17:20Z</time></trkpt>
      <trkpt lat="41.48675" lon="-81.74606666666666"><ele>163.7</ele><time>2026-09-11T21:17:21Z</time></trkpt>
      <trkpt lat="41.48675" lon="-81.746065"><ele>163.7</ele><time>2026-09-11T21:17:22Z</time></trkpt>
      <trkpt lat="41.48675" lon="-81.74606333333334"><ele>163.7</ele><time>2026-09-11T21:17:23Z</time></trkpt>
      <trkpt lat="41.48675" lon="-81.746065"><ele>163.7</ele><time>2026-09-11T21:17:24Z</time></trkpt>
      <trkpt lat="41.48675" lon="-81.74606666666666"><ele>163.7</ele><time>2026-09-11T21:17:25Z</time></trkpt>
      <trkpt lat="41.48675" lon="-81.74607"><ele>163.7</ele><time>2026-09-11T21:17:26Z</time></trkpt>
      <trkpt lat="41.48675" lon="-81.74607166666667"><ele>163.7</ele><time>2026-09-11T21:17:27Z</time></trkpt>
      <trkpt lat="41.48674833333333" lon="-81.74607833333333"><ele>163.7</ele><time>2026-09-11T21:17:28Z</time></trkpt>
      <trkpt lat="41.48675" lon="-81.746085"><ele>162.6</ele><time>2026-09-11T21:17:29Z</time></trkpt>
      <trkpt lat="41.48675" lon="-81.74608833333333"><ele>162.6</ele><time>2026-09-11T21:17:30Z</time></trkpt>
      <trkpt lat="41.48674666666667" lon="-81.74610666666666"><ele>162.6</ele><time>2026-09-11T21:17:31Z</time></trkpt>
      <trkpt lat="41.486745" lon="-81.74611333333333"><ele>162.6</ele><time>2026-09-11T21:17:32Z</time></trkpt>
      <trkpt lat="41.48674166666667" lon="-81.74611666666667"><ele>163.7</ele><time>2026-09-11T21:17:33Z</time></trkpt>
      <trkpt lat="41.486736666666665" lon="-81.74612"><ele>163.7</ele><time>2026-09-11T21:17:34Z</time></trkpt>
      <trkpt lat="41.486735" lon="-81.74612333333333"><ele>163.7</ele><time>2026-09-11T21:17:35Z</time></trkpt>
      <trkpt lat="41.48673333333333" lon="-81.746125"><ele>162.6</ele><time>2026-09-11T21:17:36Z</time></trkpt>
      <trkpt lat="41.48673" lon="-81.74612166666667"><ele>162.6</ele><time>2026-09-11T21:17:37Z</time></trkpt>
      <trkpt lat="41.48672833333333" lon="-81.74612166666667"><ele>162.6</ele><time>2026-09-11T21:17:38Z</time></trkpt>
      <trkpt lat="41.48672833333333" lon="-81.74612"><ele>162.6</ele><time>2026-09-11T21:17:39Z</time></trkpt>
      <trkpt lat="41.48672833333333" lon="-81.74612"><ele>162.6</ele><time>2026-09-11T21:17:40Z</time></trkpt>
      <trkpt lat="41.48672833333333" lon="-81.74612"><ele>162.6</ele><time>2026-09-11T21:17:41Z</time></trkpt>
      <trkpt lat="41.48672833333333" lon="-81.74612166666667"><ele>162.6</ele><time>2026-09-11T21:17:42Z</time></trkpt>
      <trkpt lat="41.48672833333333" lon="-81.746125"><ele>162.6</ele><time>2026-09-11T21:17:43Z</time></trkpt>
      <trkpt lat="41.48673" lon="-81.74612666666667"><ele>162.6</ele><time>2026-09-11T21:17:44Z</time></trkpt>
      <trkpt lat="41.48673" lon="-81.74612833333333"><ele>163.299</ele><time>2026-09-11T21:17:45Z</time></trkpt>
      <trkpt lat="41.486731666666664" lon="-81.74612833333333"><ele>163</ele><time>2026-09-11T21:17:46Z</time></trkpt>
      <trkpt lat="41.486731666666664" lon="-81.74613"><ele>163.7</ele><time>2026-09-11T21:17:47Z</time></trkpt>
      <trkpt lat="41.486731666666664" lon="-81.74613"><ele>163.7</ele><time>2026-09-11T21:17:48Z</time></trkpt>
      <trkpt lat="41.48673333333333" lon="-81.74613333333333"><ele>163.7</ele><time>2026-09-11T21:17:49Z</time></trkpt>
      <trkpt lat="41.486735" lon="-81.74613666666667"><ele>163.2</ele><time>2026-09-11T21:17:50Z</time></trkpt>
      <trkpt lat="41.486735" lon="-81.74614"><ele>163.7</ele><time>2026-09-11T21:17:51Z</time></trkpt>
      <trkpt lat="41.486735" lon="-81.74614"><ele>162.6</ele><time>2026-09-11T21:17:52Z</time></trkpt>
      <trkpt lat="41.486736666666665" lon="-81.746145"><ele>162.6</ele><time>2026-09-11T21:17:53Z</time></trkpt>
      <trkpt lat="41.48674" lon="-81.74615"><ele>162.6</ele><time>2026-09-11T21:17:54Z</time></trkpt>
      <trkpt lat="41.48674166666667" lon="-81.74615166666666"><ele>162.6</ele><time>2026-09-11T21:17:55Z</time></trkpt>
      <trkpt lat="41.48674166666667" lon="-81.74615333333334"><ele>162.6</ele><time>2026-09-11T21:17:56Z</time></trkpt>
      <trkpt lat="41.48674166666667" lon="-81.74615333333334"><ele>162.6</ele><time>2026-09-11T21:17:57Z</time></trkpt>
      <trkpt lat="41.48674166666667" lon="-81.74615166666666"><ele>162.6</ele><time>2026-09-11T21:17:58Z</time></trkpt>
      <trkpt lat="41.48674166666667" lon="-81.74615333333334"><ele>162.6</ele><time>2026-09-11T21:17:59Z</time></trkpt>
      <trkpt lat="41.48674166666667" lon="-81.74615333333334"><ele>162.5</ele><time>2026-09-11T21:18:00Z</time></trkpt>
      <trkpt lat="41.48674166666667" lon="-81.746155"><ele>162.5</ele><time>2026-09-11T21:18:01Z</time></trkpt>
      <trkpt lat="41.48674166666667" lon="-81.746155"><ele>162.5</ele><time>2026-09-11T21:18:02Z</time></trkpt>
      <trkpt lat="41.48674166666667" lon="-81.746155"><ele>162.5</ele><time>2026-09-11T21:18:03Z</time></trkpt>
      <trkpt lat="41.48674166666667" lon="-81.746155"><ele>162.5</ele><time>2026-09-11T21:18:04Z</time></trkpt>
      <trkpt lat="41.48674166666667" lon="-81.746155"><ele>162.5</ele><time>2026-09-11T21:18:05Z</time></trkpt>
      <trkpt lat="41.48674166666667" lon="-81.74615333333334"><ele>162.5</ele><time>2026-09-11T21:18:06Z</time></trkpt>
      <trkpt lat="41.48674333333334" lon="-81.74615333333334"><ele>162.5</ele><time>2026-09-11T21:18:07Z</time></trkpt>
      <trkpt lat="41.486745" lon="-81.74615333333334"><ele>163.7</ele><time>2026-09-11T21:18:08Z</time></trkpt>
      <trkpt lat="41.486745" lon="-81.74615333333334"><ele>163.7</ele><time>2026-09-11T21:18:09Z</time></trkpt>
      <trkpt lat="41.48674666666667" lon="-81.74615666666666"><ele>163.7</ele><time>2026-09-11T21:18:10Z</time></trkpt>
      <trkpt lat="41.48674666666667" lon="-81.74615833333333"><ele>163.7</ele><time>2026-09-11T21:18:11Z</time></trkpt>
      <trkpt lat="41.486745" lon="-81.74616"><ele>163.7</ele><time>2026-09-11T21:18:12Z</time></trkpt>
      <trkpt lat="41.486745" lon="-81.74616333333333"><ele>163.7</ele><time>2026-09-11T21:18:13Z</time></trkpt>
      <trkpt lat="41.486745" lon="-81.74616833333333"><ele>163.7</ele><time>2026-09-11T21:18:14Z</time></trkpt>
      <trkpt lat="41.486745" lon="-81.74617166666667"><ele>163.7</ele><time>2026-09-11T21:18:15Z</time></trkpt>
      <trkpt lat="41.48674333333334" lon="-81.74617333333333"><ele>163.7</ele><time>2026-09-11T21:18:16Z</time></trkpt>
      <trkpt lat="41.48674333333334" lon="-81.74617333333333"><ele>163.7</ele><time>2026-09-11T21:18:17Z</time></trkpt>
      <trkpt lat="41.48674333333334" lon="-81.74617166666667"><ele>163.7</ele><time>2026-09-11T21:18:18Z</time></trkpt>
      <trkpt lat="41.48674333333334" lon="-81.74617"><ele>163.7</ele><time>2026-09-11T21:18:19Z</time></trkpt>
      <trkpt lat="41.486745" lon="-81.74616666666667"><ele>163.7</ele><time>2026-09-11T21:18:20Z</time></trkpt>
      <trkpt lat="41.48674666666667" lon="-81.74616333333333"><ele>163.7</ele><time>2026-09-11T21:18:21Z</time></trkpt>
      <trkpt lat="41.48674833333333" lon="-81.74616333333333"><ele>163.7</ele><time>2026-09-11T21:18:22Z</time></trkpt>
      <trkpt lat="41.48675" lon="-81.74616333333333"><ele>163.7</ele><time>2026-09-11T21:18:23Z</time></trkpt>
      <trkpt lat="41.48675" lon="-81.74616333333333"><ele>162.6</ele><time>2026-09-11T21:18:24Z</time></trkpt>
      <trkpt lat="41.48675" lon="-81.74616333333333"><ele>162.6</ele><time>2026-09-11T21:18:25Z</time></trkpt>
      <trkpt lat="41.48675" lon="-81.74616333333333"><ele>162.6</ele><time>2026-09-11T21:18:26Z</time></trkpt>
      <trkpt lat="41.48674833333333" lon="-81.74616333333333"><ele>162.6</ele><time>2026-09-11T21:18:27Z</time></trkpt>
      <trkpt lat="41.48674666666667" lon="-81.74616333333333"><ele>162.6</ele><time>2026-09-11T21:18:28Z</time></trkpt>
      <trkpt lat="41.48674666666667" lon="-81.74616333333333"><ele>162.5</ele><time>2026-09-11T21:18:29Z</time></trkpt>
      <trkpt lat="41.48674833333333" lon="-81.74616166666667"><ele>162.5</ele><time>2026-09-11T21:18:30Z</time></trkpt>
      <trkpt lat="41.48674833333333" lon="-81.74616166666667"><ele>162.5</ele><time>2026-09-11T21:18:31Z</time></trkpt>
      <trkpt lat="41.48675" lon="-81.74616"><ele>162.5</ele><time>2026-09-11T21:18:32Z</time></trkpt>
      <trkpt lat="41.48675" lon="-81.74615833333333"><ele>162.5</ele><time>2026-09-11T21:18:33Z</time></trkpt>
      <trkpt lat="41.48675333333333" lon="-81.74615666666666"><ele>162.5</ele><time>2026-09-11T21:18:34Z</time></trkpt>
      <trkpt lat="41.48675333333333" lon="-81.74615666666666"><ele>162.5</ele><time>2026-09-11T21:18:35Z</time></trkpt>
      <trkpt lat="41.48675333333333" lon="-81.746155"><ele>162.5</ele><time>2026-09-11T21:18:36Z</time></trkpt>
      <trkpt lat="41.486755" lon="-81.74615166666666"><ele>162.5</ele><time>2026-09-11T21:18:37Z</time></trkpt>
      <trkpt lat="41.486755" lon="-81.74615"><ele>163.7</ele><time>2026-09-11T21:18:38Z</time></trkpt>
      <trkpt lat="41.486755" lon="-81.74615"><ele>163.7</ele><time>2026-09-11T21:18:39Z</time></trkpt>
      <trkpt lat="41.486755" lon="-81.74614666666666"><ele>163.7</ele><time>2026-09-11T21:18:40Z</time></trkpt>
      <trkpt lat="41.486755" lon="-81.746145"><ele>163.7</ele><time>2026-09-11T21:18:41Z</time></trkpt>
      <trkpt lat="41.48675333333333" lon="-81.74614166666667"><ele>163.7</ele><time>2026-09-11T21:18:42Z</time></trkpt>
      <trkpt lat="41.48675333333333" lon="-81.74613833333333"><ele>163.7</ele><time>2026-09-11T21:18:43Z</time></trkpt>
      <trkpt lat="41.48675333333333" lon="-81.74613833333333"><ele>163.7</ele><time>2026-09-11T21:18:44Z</time></trkpt>
      <trkpt lat="41.48675" lon="-81.746135"><ele>163.7</ele><time>2026-09-11T21:18:45Z</time></trkpt>
      <trkpt lat="41.48675" lon="-81.74613166666667"><ele>163.7</ele><time>2026-09-11T21:18:46Z</time></trkpt>
      <trkpt lat="41.48674833333333" lon="-81.74613"><ele>163.7</ele><time>2026-09-11T21:18:47Z</time></trkpt>
      <trkpt lat="41.48674666666667" lon="-81.74613"><ele>163.7</ele><time>2026-09-11T21:18:48Z</time></trkpt>
      <trkpt lat="41.486745" lon="-81.74613"><ele>163.7</ele><time>2026-09-11T21:18:49Z</time></trkpt>
      <trkpt lat="41.48674166666667" lon="-81.74613166666667"><ele>163.7</ele><time>2026-09-11T21:18:50Z</time></trkpt>
      <trkpt lat="41.48674" lon="-81.74613333333333"><ele>163.7</ele><time>2026-09-11T21:18:51Z</time></trkpt>
      <trkpt lat="41.48674" lon="-81.746135"><ele>163.7</ele><time>2026-09-11T21:18:52Z</time></trkpt>
      <trkpt lat="41.486736666666665" lon="-81.74613666666667"><ele>163.7</ele><time>2026-09-11T21:18:53Z</time></trkpt>
      <trkpt lat="41.486735" lon="-81.74613833333333"><ele>163.7</ele><time>2026-09-11T21:18:54Z</time></trkpt>
      <trkpt lat="41.486735" lon="-81.74613833333333"><ele>162.6</ele><time>2026-09-11T21:18:55Z</time></trkpt>
      <trkpt lat="41.48673333333333" lon="-81.74614"><ele>162.6</ele><time>2026-09-11T21:18:56Z</time></trkpt>
      <trkpt lat="41.48673333333333" lon="-81.74614333333334"><ele>162.6</ele><time>2026-09-11T21:18:57Z</time></trkpt>
      <trkpt lat="41.48673333333333" lon="-81.746145"><ele>162.5</ele><time>2026-09-11T21:18:58Z</time></trkpt>
      <trkpt lat="41.486735" lon="-81.74614666666666"><ele>162.5</ele><time>2026-09-11T21:18:59Z</time></trkpt>
      <trkpt lat="41.486736666666665" lon="-81.74614666666666"><ele>162.5</ele><time>2026-09-11T21:19:00Z</time></trkpt>
      <trkpt lat="41.486736666666665" lon="-81.74614833333334"><ele>162.5</ele><time>2026-09-11T21:19:01Z</time></trkpt>
      <trkpt lat="41.486738333333335" lon="-81.74614833333334"><ele>162.5</ele><time>2026-09-11T21:19:02Z</time></trkpt>
      <trkpt lat="41.48674" lon="-81.74615"><ele>162.5</ele><time>2026-09-11T21:19:03Z</time></trkpt>
      <trkpt lat="41.48674" lon="-81.74615166666666"><ele>162.5</ele><time>2026-09-11T21:19:04Z</time></trkpt>
      <trkpt lat="41.48674333333334" lon="-81.74615166666666"><ele>162.5</ele><time>2026-09-11T21:19:05Z</time></trkpt>
      <trkpt lat="41.486745" lon="-81.74615166666666"><ele>163.7</ele><time>2026-09-11T21:19:06Z</time></trkpt>
      <trkpt lat="41.48674666666667" lon="-81.74615166666666"><ele>163.7</ele><time>2026-09-11T21:19:07Z</time></trkpt>
      <trkpt lat="41.48674666666667" lon="-81.74614833333334"><ele>163.7</ele><time>2026-09-11T21:19:08Z</time></trkpt>
      <trkpt lat="41.48674833333333" lon="-81.74614833333334"><ele>163.7</ele><time>2026-09-11T21:19:09Z</time></trkpt>
      <trkpt lat="41.48675" lon="-81.74614833333334"><ele>162.5</ele><time>2026-09-11T21:19:10Z</time></trkpt>
      <trkpt lat="41.48675" lon="-81.746145"><ele>162.5</ele><time>2026-09-11T21:19:11Z</time></trkpt>
      <trkpt lat="41.48674833333333" lon="-81.746145"><ele>162.5</ele><time>2026-09-11T21:19:12Z</time></trkpt>
      <trkpt lat="41.48674833333333" lon="-81.746145"><ele>162.5</ele><time>2026-09-11T21:19:13Z</time></trkpt>
      <trkpt lat="41.48674833333333" lon="-81.74614333333334"><ele>162.5</ele><time>2026-09-11T21:19:14Z</time></trkpt>
      <trkpt lat="41.48674833333333" lon="-81.74614333333334"><ele>162.5</ele><time>2026-09-11T21:19:15Z</time></trkpt>
      <trkpt lat="41.48674833333333" lon="-81.746145"><ele>162.5</ele><time>2026-09-11T21:19:16Z</time></trkpt>
      <trkpt lat="41.48674833333333" lon="-81.746145"><ele>162.5</ele><time>2026-09-11T21:19:17Z</time></trkpt>
      <trkpt lat="41.48674833333333" lon="-81.74614666666666"><ele>163.7</ele><time>2026-09-11T21:19:18Z</time></trkpt>
      <trkpt lat="41.48675" lon="-81.74614833333334"><ele>163.7</ele><time>2026-09-11T21:19:19Z</time></trkpt>
      <trkpt lat="41.486745" lon="-81.746155"><ele>163.7</ele><time>2026-09-11T21:19:20Z</time></trkpt>
      <trkpt lat="41.486731666666664" lon="-81.74616"><ele>163.7</ele><time>2026-09-11T21:19:21Z</time></trkpt>
      <trkpt lat="41.48673" lon="-81.74616166666667"><ele>163.7</ele><time>2026-09-11T21:19:22Z</time></trkpt>
      <trkpt lat="41.48672166666667" lon="-81.74617"><ele>163.7</ele><time>2026-09-11T21:19:23Z</time></trkpt>
      <trkpt lat="41.486716666666666" lon="-81.74617"><ele>163.7</ele><time>2026-09-11T21:19:24Z</time></trkpt>
      <trkpt lat="41.486713333333334" lon="-81.74617666666667"><ele>163.5</ele><time>2026-09-11T21:19:25Z</time></trkpt>
      <trkpt lat="41.48670666666667" lon="-81.74618833333334"><ele>163.7</ele><time>2026-09-11T21:19:26Z</time></trkpt>
      <trkpt lat="41.48670333333333" lon="-81.74619833333334"><ele>163.799</ele><time>2026-09-11T21:19:27Z</time></trkpt>
      <trkpt lat="41.4867" lon="-81.74621166666667"><ele>163.7</ele><time>2026-09-11T21:19:28Z</time></trkpt>
      <trkpt lat="41.48669833333334" lon="-81.74621833333333"><ele>163.7</ele><time>2026-09-11T21:19:29Z</time></trkpt>
      <trkpt lat="41.486695" lon="-81.746225"><ele>163.6</ele><time>2026-09-11T21:19:30Z</time></trkpt>
      <trkpt lat="41.486691666666665" lon="-81.746235"><ele>163.5</ele><time>2026-09-11T21:19:31Z</time></trkpt>
      <trkpt lat="41.48669" lon="-81.74624166666666"><ele>163.5</ele><time>2026-09-11T21:19:32Z</time></trkpt>
      <trkpt lat="41.486686666666664" lon="-81.74625"><ele>163.5</ele><time>2026-09-11T21:19:33Z</time></trkpt>
      <trkpt lat="41.48668" lon="-81.74626166666667"><ele>163.5</ele><time>2026-09-11T21:19:34Z</time></trkpt>
      <trkpt lat="41.48667666666667" lon="-81.74626666666667"><ele>163.6</ele><time>2026-09-11T21:19:35Z</time></trkpt>
      <trkpt lat="41.486673333333336" lon="-81.74627166666667"><ele>163.6</ele><time>2026-09-11T21:19:36Z</time></trkpt>
      <trkpt lat="41.486668333333334" lon="-81.74627833333334"><ele>163.7</ele><time>2026-09-11T21:19:37Z</time></trkpt>
      <trkpt lat="41.48665666666667" lon="-81.74628333333334"><ele>163.7</ele><time>2026-09-11T21:19:38Z</time></trkpt>
      <trkpt lat="41.48665333333334" lon="-81.746285"><ele>163.7</ele><time>2026-09-11T21:19:39Z</time></trkpt>
      <trkpt lat="41.486641666666664" lon="-81.74629166666666"><ele>162.5</ele><time>2026-09-11T21:19:40Z</time></trkpt>
      <trkpt lat="41.486635" lon="-81.746295"><ele>162.5</ele><time>2026-09-11T21:19:41Z</time></trkpt>
      <trkpt lat="41.48663" lon="-81.74629"><ele>162.5</ele><time>2026-09-11T21:19:42Z</time></trkpt>
      <trkpt lat="41.486628333333336" lon="-81.74627666666666"><ele>162.5</ele><time>2026-09-11T21:19:43Z</time></trkpt>
      <trkpt lat="41.486628333333336" lon="-81.74627166666667"><ele>162.5</ele><time>2026-09-11T21:19:44Z</time></trkpt>
      <trkpt lat="41.486625" lon="-81.74627"><ele>162.5</ele><time>2026-09-11T21:19:45Z</time></trkpt>
      <trkpt lat="41.48661833333333" lon="-81.74627666666666"><ele>162.5</ele><time>2026-09-11T21:19:46Z</time></trkpt>
      <trkpt lat="41.48661166666667" lon="-81.74628166666666"><ele>163.7</ele><time>2026-09-11T21:19:47Z</time></trkpt>
      <trkpt lat="41.486608333333336" lon="-81.74628166666666"><ele>163.7</ele><time>2026-09-11T21:19:48Z</time></trkpt>
      <trkpt lat="41.486601666666665" lon="-81.74628333333334"><ele>163.7</ele><time>2026-09-11T21:19:49Z</time></trkpt>
      <trkpt lat="41.48659" lon="-81.74628333333334"><ele>163.7</ele><time>2026-09-11T21:19:50Z</time></trkpt>
      <trkpt lat="41.486583333333336" lon="-81.746285"><ele>163.7</ele><time>2026-09-11T21:19:51Z</time></trkpt>
      <trkpt lat="41.48657166666667" lon="-81.74629"><ele>163.399</ele><time>2026-09-11T21:19:52Z</time></trkpt>
      <trkpt lat="41.486556666666665" lon="-81.74629166666666"><ele>163.4</ele><time>2026-09-11T21:19:53Z</time></trkpt>
      <trkpt lat="41.486551666666664" lon="-81.74629166666666"><ele>163.4</ele><time>2026-09-11T21:19:54Z</time></trkpt>
      <trkpt lat="41.48654666666667" lon="-81.746295"><ele>163.6</ele><time>2026-09-11T21:19:55Z</time></trkpt>
      <trkpt lat="41.486535" lon="-81.74630166666667"><ele>163.5</ele><time>2026-09-11T21:19:56Z</time></trkpt>
      <trkpt lat="41.486525" lon="-81.74630666666667"><ele>163.7</ele><time>2026-09-11T21:19:57Z</time></trkpt>
      <trkpt lat="41.486515" lon="-81.74630666666667"><ele>163.7</ele><time>2026-09-11T21:19:58Z</time></trkpt>
      <trkpt lat="41.48650666666666" lon="-81.74630166666667"><ele>163.7</ele><time>2026-09-11T21:19:59Z</time></trkpt>
      <trkpt lat="41.4865" lon="-81.7463"><ele>163.7</ele><time>2026-09-11T21:20:00Z</time></trkpt>
      <trkpt lat="41.48649" lon="-81.746295"><ele>163.7</ele><time>2026-09-11T21:20:01Z</time></trkpt>
      <trkpt lat="41.48648333333333" lon="-81.74629166666666"><ele>163.7</ele><time>2026-09-11T21:20:02Z</time></trkpt>
      <trkpt lat="41.486475" lon="-81.746285"><ele>163.7</ele><time>2026-09-11T21:20:03Z</time></trkpt>
      <trkpt lat="41.486473333333336" lon="-81.74628333333334"><ele>163.7</ele><time>2026-09-11T21:20:04Z</time></trkpt>
      <trkpt lat="41.486465" lon="-81.74627666666666"><ele>163.6</ele><time>2026-09-11T21:20:05Z</time></trkpt>
      <trkpt lat="41.48646" lon="-81.74627333333333"><ele>163.9</ele><time>2026-09-11T21:20:06Z</time></trkpt>
      <trkpt lat="41.48645333333333" lon="-81.74627166666667"><ele>163.9</ele><time>2026-09-11T21:20:07Z</time></trkpt>
      <trkpt lat="41.486445" lon="-81.74627166666667"><ele>162.5</ele><time>2026-09-11T21:20:08Z</time></trkpt>
      <trkpt lat="41.48643166666667" lon="-81.746275"><ele>162.5</ele><time>2026-09-11T21:20:09Z</time></trkpt>
      <trkpt lat="41.48641833333333" lon="-81.74628333333334"><ele>162.5</ele><time>2026-09-11T21:20:10Z</time></trkpt>
      <trkpt lat="41.486403333333335" lon="-81.746295"><ele>162.5</ele><time>2026-09-11T21:20:11Z</time></trkpt>
      <trkpt lat="41.4864" lon="-81.74629833333333"><ele>162.5</ele><time>2026-09-11T21:20:12Z</time></trkpt>
      <trkpt lat="41.486395" lon="-81.746305"><ele>162.5</ele><time>2026-09-11T21:20:13Z</time></trkpt>
      <trkpt lat="41.48639" lon="-81.74631666666667"><ele>162.5</ele><time>2026-09-11T21:20:14Z</time></trkpt>
      <trkpt lat="41.486385" lon="-81.74632"><ele>162.5</ele><time>2026-09-11T21:20:15Z</time></trkpt>
      <trkpt lat="41.48638166666667" lon="-81.74632666666666"><ele>162.5</ele><time>2026-09-11T21:20:16Z</time></trkpt>
      <trkpt lat="41.486376666666665" lon="-81.74633166666666"><ele>162.5</ele><time>2026-09-11T21:20:17Z</time></trkpt>
      <trkpt lat="41.48636333333334" lon="-81.746345"><ele>162.5</ele><time>2026-09-11T21:20:18Z</time></trkpt>
      <trkpt lat="41.48636" lon="-81.74634833333333"><ele>162.5</ele><time>2026-09-11T21:20:19Z</time></trkpt>
      <trkpt lat="41.486358333333335" lon="-81.74635"><ele>162.5</ele><time>2026-09-11T21:20:20Z</time></trkpt>
      <trkpt lat="41.486358333333335" lon="-81.74634666666667"><ele>163.8</ele><time>2026-09-11T21:20:21Z</time></trkpt>
      <trkpt lat="41.486358333333335" lon="-81.74634833333333"><ele>163.8</ele><time>2026-09-11T21:20:22Z</time></trkpt>
      <trkpt lat="41.486356666666666" lon="-81.74634666666667"><ele>163.8</ele><time>2026-09-11T21:20:23Z</time></trkpt>
      <trkpt lat="41.486353333333334" lon="-81.74634666666667"><ele>163.8</ele><time>2026-09-11T21:20:24Z</time></trkpt>
      <trkpt lat="41.486345" lon="-81.746355"><ele>163.8</ele><time>2026-09-11T21:20:25Z</time></trkpt>
      <trkpt lat="41.48634166666667" lon="-81.74635666666667"><ele>163.8</ele><time>2026-09-11T21:20:26Z</time></trkpt>
      <trkpt lat="41.486335" lon="-81.74636833333334"><ele>163.8</ele><time>2026-09-11T21:20:27Z</time></trkpt>
      <trkpt lat="41.48632833333333" lon="-81.74638166666666"><ele>162.6</ele><time>2026-09-11T21:20:28Z</time></trkpt>
      <trkpt lat="41.48632333333333" lon="-81.74639166666667"><ele>162.6</ele><time>2026-09-11T21:20:29Z</time></trkpt>
      <trkpt lat="41.486313333333335" lon="-81.746405"><ele>162.6</ele><time>2026-09-11T21:20:30Z</time></trkpt>
      <trkpt lat="41.486306666666664" lon="-81.74641"><ele>162.6</ele><time>2026-09-11T21:20:31Z</time></trkpt>
      <trkpt lat="41.48629833333333" lon="-81.74642"><ele>162.6</ele><time>2026-09-11T21:20:32Z</time></trkpt>
      <trkpt lat="41.486293333333336" lon="-81.74642333333334"><ele>162.6</ele><time>2026-09-11T21:20:33Z</time></trkpt>
      <trkpt lat="41.48628333333333" lon="-81.74643"><ele>162.6</ele><time>2026-09-11T21:20:34Z</time></trkpt>
      <trkpt lat="41.48627666666667" lon="-81.746435"><ele>162.6</ele><time>2026-09-11T21:20:35Z</time></trkpt>
      <trkpt lat="41.48627" lon="-81.74644333333333"><ele>162.5</ele><time>2026-09-11T21:20:36Z</time></trkpt>
      <trkpt lat="41.48626333333333" lon="-81.746455"><ele>162.5</ele><time>2026-09-11T21:20:37Z</time></trkpt>
      <trkpt lat="41.48625833333333" lon="-81.746465"><ele>162.5</ele><time>2026-09-11T21:20:38Z</time></trkpt>
      <trkpt lat="41.48625333333333" lon="-81.74647"><ele>162.5</ele><time>2026-09-11T21:20:39Z</time></trkpt>
      <trkpt lat="41.486245" lon="-81.74647833333333"><ele>162.5</ele><time>2026-09-11T21:20:40Z</time></trkpt>
      <trkpt lat="41.48623833333333" lon="-81.746485"><ele>162.5</ele><time>2026-09-11T21:20:41Z</time></trkpt>
      <trkpt lat="41.48623333333333" lon="-81.74649"><ele>162.5</ele><time>2026-09-11T21:20:42Z</time></trkpt>
      <trkpt lat="41.486225" lon="-81.7465"><ele>162.5</ele><time>2026-09-11T21:20:43Z</time></trkpt>
      <trkpt lat="41.486215" lon="-81.74650333333334"><ele>163.7</ele><time>2026-09-11T21:20:44Z</time></trkpt>
      <trkpt lat="41.48620833333333" lon="-81.74650833333334"><ele>163.7</ele><time>2026-09-11T21:20:45Z</time></trkpt>
      <trkpt lat="41.486201666666666" lon="-81.74651"><ele>163.7</ele><time>2026-09-11T21:20:46Z</time></trkpt>
      <trkpt lat="41.486198333333334" lon="-81.74651333333334"><ele>163.7</ele><time>2026-09-11T21:20:47Z</time></trkpt>
      <trkpt lat="41.48619333333333" lon="-81.746515"><ele>163.7</ele><time>2026-09-11T21:20:48Z</time></trkpt>
      <trkpt lat="41.48618833333333" lon="-81.74651833333333"><ele>163.7</ele><time>2026-09-11T21:20:49Z</time></trkpt>
      <trkpt lat="41.48618166666667" lon="-81.746525"><ele>163.7</ele><time>2026-09-11T21:20:50Z</time></trkpt>
      <trkpt lat="41.48618" lon="-81.74652333333333"><ele>163</ele><time>2026-09-11T21:20:51Z</time></trkpt>
      <trkpt lat="41.48618" lon="-81.74651833333333"><ele>163</ele><time>2026-09-11T21:20:52Z</time></trkpt>
      <trkpt lat="41.486175" lon="-81.74652166666667"><ele>163</ele><time>2026-09-11T21:20:53Z</time></trkpt>
      <trkpt lat="41.48617" lon="-81.74652666666667"><ele>163</ele><time>2026-09-11T21:20:54Z</time></trkpt>
      <trkpt lat="41.486165" lon="-81.74653333333333"><ele>163</ele><time>2026-09-11T21:20:55Z</time></trkpt>
      <trkpt lat="41.486156666666666" lon="-81.74654333333334"><ele>163</ele><time>2026-09-11T21:20:56Z</time></trkpt>
      <trkpt lat="41.48615" lon="-81.74655166666666"><ele>163</ele><time>2026-09-11T21:20:57Z</time></trkpt>
      <trkpt lat="41.48614166666667" lon="-81.746565"><ele>163</ele><time>2026-09-11T21:20:58Z</time></trkpt>
      <trkpt lat="41.48613666666667" lon="-81.74657333333333"><ele>163</ele><time>2026-09-11T21:20:59Z</time></trkpt>
      <trkpt lat="41.486131666666665" lon="-81.74658166666667"><ele>163.7</ele><time>2026-09-11T21:21:00Z</time></trkpt>
      <trkpt lat="41.48612333333333" lon="-81.74659166666666"><ele>163.7</ele><time>2026-09-11T21:21:01Z</time></trkpt>
      <trkpt lat="41.48611833333333" lon="-81.74659833333334"><ele>163.7</ele><time>2026-09-11T21:21:02Z</time></trkpt>
      <trkpt lat="41.486113333333336" lon="-81.746605"><ele>163.7</ele><time>2026-09-11T21:21:03Z</time></trkpt>
      <trkpt lat="41.48611" lon="-81.74661166666667"><ele>163.7</ele><time>2026-09-11T21:21:04Z</time></trkpt>
      <trkpt lat="41.486105" lon="-81.74661833333333"><ele>163.7</ele><time>2026-09-11T21:21:05Z</time></trkpt>
      <trkpt lat="41.48609666666667" lon="-81.74662666666667"><ele>163.7</ele><time>2026-09-11T21:21:06Z</time></trkpt>
      <trkpt lat="41.48609" lon="-81.74663666666666"><ele>163.7</ele><time>2026-09-11T21:21:07Z</time></trkpt>
      <trkpt lat="41.486081666666664" lon="-81.74664"><ele>163</ele><time>2026-09-11T21:21:08Z</time></trkpt>
      <trkpt lat="41.48607333333333" lon="-81.74664333333334"><ele>163</ele><time>2026-09-11T21:21:09Z</time></trkpt>
      <trkpt lat="41.486066666666666" lon="-81.74665"><ele>163</ele><time>2026-09-11T21:21:10Z</time></trkpt>
      <trkpt lat="41.48605166666667" lon="-81.746655"><ele>163</ele><time>2026-09-11T21:21:11Z</time></trkpt>
      <trkpt lat="41.486048333333336" lon="-81.74665666666667"><ele>163</ele><time>2026-09-11T21:21:12Z</time></trkpt>
      <trkpt lat="41.486036666666664" lon="-81.74666333333333"><ele>163</ele><time>2026-09-11T21:21:13Z</time></trkpt>
      <trkpt lat="41.486023333333335" lon="-81.74666666666667"><ele>163</ele><time>2026-09-11T21:21:14Z</time></trkpt>
      <trkpt lat="41.48601333333333" lon="-81.74667"><ele>163.7</ele><time>2026-09-11T21:21:15Z</time></trkpt>
      <trkpt lat="41.486003333333336" lon="-81.74667166666667"><ele>163.7</ele><time>2026-09-11T21:21:16Z</time></trkpt>
      <trkpt lat="41.486" lon="-81.746675"><ele>163.7</ele><time>2026-09-11T21:21:17Z</time></trkpt>
      <trkpt lat="41.48598833333333" lon="-81.74667833333334"><ele>163.7</ele><time>2026-09-11T21:21:18Z</time></trkpt>
      <trkpt lat="41.48598" lon="-81.74668166666666"><ele>163.7</ele><time>2026-09-11T21:21:19Z</time></trkpt>
      <trkpt lat="41.485975" lon="-81.74668666666666"><ele>163.7</ele><time>2026-09-11T21:21:20Z</time></trkpt>
      <trkpt lat="41.48597" lon="-81.74669833333333"><ele>163.7</ele><time>2026-09-11T21:21:21Z</time></trkpt>
      <trkpt lat="41.48596333333333" lon="-81.74671333333333"><ele>163.7</ele><time>2026-09-11T21:21:22Z</time></trkpt>
      <trkpt lat="41.48596333333333" lon="-81.74672666666666"><ele>164.7</ele><time>2026-09-11T21:21:23Z</time></trkpt>
      <trkpt lat="41.48596166666667" lon="-81.74673333333334"><ele>164.7</ele><time>2026-09-11T21:21:24Z</time></trkpt>
      <trkpt lat="41.48596" lon="-81.74674833333333"><ele>164.7</ele><time>2026-09-11T21:21:25Z</time></trkpt>
      <trkpt lat="41.485958333333336" lon="-81.74676"><ele>164.7</ele><time>2026-09-11T21:21:26Z</time></trkpt>
      <trkpt lat="41.48595666666667" lon="-81.74677833333334"><ele>164.7</ele><time>2026-09-11T21:21:27Z</time></trkpt>
      <trkpt lat="41.48595666666667" lon="-81.746785"><ele>164.7</ele><time>2026-09-11T21:21:28Z</time></trkpt>
      <trkpt lat="41.485958333333336" lon="-81.746805"><ele>164.7</ele><time>2026-09-11T21:21:29Z</time></trkpt>
      <trkpt lat="41.48596166666667" lon="-81.74681666666666"><ele>164.7</ele><time>2026-09-11T21:21:30Z</time></trkpt>
      <trkpt lat="41.48596166666667" lon="-81.74683"><ele>164</ele><time>2026-09-11T21:21:31Z</time></trkpt>
      <trkpt lat="41.485965" lon="-81.74684833333333"><ele>164</ele><time>2026-09-11T21:21:33Z</time></trkpt>
      <trkpt lat="41.48596666666667" lon="-81.74684833333333"><ele>164</ele><time>2026-09-11T21:21:34Z</time></trkpt>
      <trkpt lat="41.48596833333333" lon="-81.746845"><ele>164</ele><time>2026-09-11T21:21:35Z</time></trkpt>
      <trkpt lat="41.48596666666667" lon="-81.74684333333333"><ele>164</ele><time>2026-09-11T21:21:36Z</time></trkpt>
      <trkpt lat="41.485965" lon="-81.74684333333333"><ele>164</ele><time>2026-09-11T21:21:37Z</time></trkpt>
      <trkpt lat="41.48596333333333" lon="-81.74684333333333"><ele>164</ele><time>2026-09-11T21:21:38Z</time></trkpt>
      <trkpt lat="41.48596333333333" lon="-81.74684333333333"><ele>162.6</ele><time>2026-09-11T21:21:39Z</time></trkpt>
      <trkpt lat="41.48596333333333" lon="-81.74684333333333"><ele>162.6</ele><time>2026-09-11T21:21:40Z</time></trkpt>
      <trkpt lat="41.48596333333333" lon="-81.74684166666667"><ele>162.6</ele><time>2026-09-11T21:21:41Z</time></trkpt>
      <trkpt lat="41.485965" lon="-81.74684"><ele>162.6</ele><time>2026-09-11T21:21:42Z</time></trkpt>
      <trkpt lat="41.485965" lon="-81.74684166666667"><ele>162.6</ele><time>2026-09-11T21:21:43Z</time></trkpt>
      <trkpt lat="41.48596666666667" lon="-81.74684166666667"><ele>162.6</ele><time>2026-09-11T21:21:44Z</time></trkpt>
      <trkpt lat="41.48596833333333" lon="-81.74684333333333"><ele>162.6</ele><time>2026-09-11T21:21:45Z</time></trkpt>
      <trkpt lat="41.485973333333334" lon="-81.74684"><ele>162.6</ele><time>2026-09-11T21:21:46Z</time></trkpt>
      <trkpt lat="41.485976666666666" lon="-81.74683833333333"><ele>162.5</ele><time>2026-09-11T21:21:47Z</time></trkpt>
      <trkpt lat="41.48598166666667" lon="-81.746835"><ele>162.5</ele><time>2026-09-11T21:21:48Z</time></trkpt>
      <trkpt lat="41.48598666666667" lon="-81.74683166666667"><ele>162.5</ele><time>2026-09-11T21:21:49Z</time></trkpt>
      <trkpt lat="41.48598833333333" lon="-81.74683"><ele>162.5</ele><time>2026-09-11T21:21:50Z</time></trkpt>
      <trkpt lat="41.48599" lon="-81.74683"><ele>162.5</ele><time>2026-09-11T21:21:51Z</time></trkpt>
      <trkpt lat="41.48599" lon="-81.74683"><ele>162.5</ele><time>2026-09-11T21:21:52Z</time></trkpt>
      <trkpt lat="41.48599" lon="-81.74683"><ele>162.5</ele><time>2026-09-11T21:21:53Z</time></trkpt>
      <trkpt lat="41.48599333333333" lon="-81.74683"><ele>163.8</ele><time>2026-09-11T21:21:54Z</time></trkpt>
      <trkpt lat="41.48599333333333" lon="-81.74683"><ele>163.8</ele><time>2026-09-11T21:21:55Z</time></trkpt>
      <trkpt lat="41.485995" lon="-81.74683"><ele>163.8</ele><time>2026-09-11T21:21:56Z</time></trkpt>
      <trkpt lat="41.485998333333335" lon="-81.74683166666667"><ele>163.8</ele><time>2026-09-11T21:21:57Z</time></trkpt>
      <trkpt lat="41.485998333333335" lon="-81.74683166666667"><ele>163.8</ele><time>2026-09-11T21:21:58Z</time></trkpt>
      <trkpt lat="41.48600166666667" lon="-81.74682666666666"><ele>163.8</ele><time>2026-09-11T21:21:59Z</time></trkpt>
      <trkpt lat="41.48600166666667" lon="-81.74682333333334"><ele>163.8</ele><time>2026-09-11T21:22:00Z</time></trkpt>
      <trkpt lat="41.485995" lon="-81.74679833333333"><ele>163.8</ele><time>2026-09-11T21:22:01Z</time></trkpt>
      <trkpt lat="41.48599" lon="-81.74679333333333"><ele>163.5</ele><time>2026-09-11T21:22:02Z</time></trkpt>
      <trkpt lat="41.48598" lon="-81.74678666666667"><ele>163.5</ele><time>2026-09-11T21:22:03Z</time></trkpt>
      <trkpt lat="41.485971666666664" lon="-81.74678333333334"><ele>163.5</ele><time>2026-09-11T21:22:04Z</time></trkpt>
      <trkpt lat="41.48597" lon="-81.74678333333334"><ele>163.5</ele><time>2026-09-11T21:22:05Z</time></trkpt>
      <trkpt lat="41.48596833333333" lon="-81.74678166666666"><ele>163.5</ele><time>2026-09-11T21:22:06Z</time></trkpt>
      <trkpt lat="41.48596833333333" lon="-81.74678166666666"><ele>163.5</ele><time>2026-09-11T21:22:07Z</time></trkpt>
      <trkpt lat="41.48596666666667" lon="-81.74678"><ele>163.5</ele><time>2026-09-11T21:22:08Z</time></trkpt>
      <trkpt lat="41.485965" lon="-81.74677833333334"><ele>162.6</ele><time>2026-09-11T21:22:09Z</time></trkpt>
      <trkpt lat="41.485965" lon="-81.74677833333334"><ele>162.6</ele><time>2026-09-11T21:22:10Z</time></trkpt>
      <trkpt lat="41.48596333333333" lon="-81.74678"><ele>162.6</ele><time>2026-09-11T21:22:11Z</time></trkpt>
      <trkpt lat="41.48596333333333" lon="-81.74678"><ele>162.6</ele><time>2026-09-11T21:22:12Z</time></trkpt>
      <trkpt lat="41.48596166666667" lon="-81.74678"><ele>162.6</ele><time>2026-09-11T21:22:13Z</time></trkpt>
      <trkpt lat="41.48596166666667" lon="-81.74678"><ele>162.6</ele><time>2026-09-11T21:22:14Z</time></trkpt>
      <trkpt lat="41.48596" lon="-81.74678166666666"><ele>162.6</ele><time>2026-09-11T21:22:15Z</time></trkpt>
      <trkpt lat="41.485958333333336" lon="-81.74678"><ele>162.6</ele><time>2026-09-11T21:22:16Z</time></trkpt>
      <trkpt lat="41.48595666666667" lon="-81.74677833333334"><ele>162.6</ele><time>2026-09-11T21:22:17Z</time></trkpt>
      <trkpt lat="41.485953333333335" lon="-81.74677666666666"><ele>162.6</ele><time>2026-09-11T21:22:18Z</time></trkpt>
      <trkpt lat="41.48595" lon="-81.74677333333334"><ele>162.6</ele><time>2026-09-11T21:22:19Z</time></trkpt>
      <trkpt lat="41.48594666666666" lon="-81.74677"><ele>162.6</ele><time>2026-09-11T21:22:20Z</time></trkpt>
      <trkpt lat="41.485945" lon="-81.746765"><ele>162.6</ele><time>2026-09-11T21:22:21Z</time></trkpt>
      <trkpt lat="41.485945" lon="-81.74676166666667"><ele>162.6</ele><time>2026-09-11T21:22:22Z</time></trkpt>
      <trkpt lat="41.485945" lon="-81.74676"><ele>162.6</ele><time>2026-09-11T21:22:23Z</time></trkpt>
      <trkpt lat="41.48594666666666" lon="-81.74675333333333"><ele>162.6</ele><time>2026-09-11T21:22:24Z</time></trkpt>
      <trkpt lat="41.48594666666666" lon="-81.74674833333333"><ele>162.6</ele><time>2026-09-11T21:22:25Z</time></trkpt>
      <trkpt lat="41.48594833333333" lon="-81.74674666666667"><ele>163.799</ele><time>2026-09-11T21:22:26Z</time></trkpt>
      <trkpt lat="41.48594833333333" lon="-81.74674333333333"><ele>163.8</ele><time>2026-09-11T21:22:27Z</time></trkpt>
      <trkpt lat="41.48594833333333" lon="-81.74674"><ele>163.8</ele><time>2026-09-11T21:22:28Z</time></trkpt>
      <trkpt lat="41.48594833333333" lon="-81.74673833333334"><ele>163.8</ele><time>2026-09-11T21:22:29Z</time></trkpt>
      <trkpt lat="41.48595" lon="-81.74673833333334"><ele>163.8</ele><time>2026-09-11T21:22:30Z</time></trkpt>
      <trkpt lat="41.485951666666665" lon="-81.74673833333334"><ele>163.8</ele><time>2026-09-11T21:22:31Z</time></trkpt>
      <trkpt lat="41.485951666666665" lon="-81.74673833333334"><ele>163.8</ele><time>2026-09-11T21:22:32Z</time></trkpt>
      <trkpt lat="41.485951666666665" lon="-81.74673833333334"><ele>163.7</ele><time>2026-09-11T21:22:33Z</time></trkpt>
      <trkpt lat="41.485951666666665" lon="-81.74673833333334"><ele>163.7</ele><time>2026-09-11T21:22:34Z</time></trkpt>
      <trkpt lat="41.48595" lon="-81.74673833333334"><ele>163.7</ele><time>2026-09-11T21:22:35Z</time></trkpt>
      <trkpt lat="41.48595" lon="-81.74673833333334"><ele>163.7</ele><time>2026-09-11T21:22:36Z</time></trkpt>
      <trkpt lat="41.48594833333333" lon="-81.74673833333334"><ele>163.7</ele><time>2026-09-11T21:22:37Z</time></trkpt>
      <trkpt lat="41.48594833333333" lon="-81.74674"><ele>163.7</ele><time>2026-09-11T21:22:38Z</time></trkpt>
      <trkpt lat="41.48594666666666" lon="-81.74674"><ele>163.7</ele><time>2026-09-11T21:22:39Z</time></trkpt>
      <trkpt lat="41.485945" lon="-81.74674166666667"><ele>163.7</ele><time>2026-09-11T21:22:40Z</time></trkpt>
      <trkpt lat="41.48594333333333" lon="-81.74674166666667"><ele>162.799</ele><time>2026-09-11T21:22:41Z</time></trkpt>
      <trkpt lat="41.48594" lon="-81.74674166666667"><ele>162.799</ele><time>2026-09-11T21:22:42Z</time></trkpt>
      <trkpt lat="41.48594" lon="-81.74674"><ele>162.799</ele><time>2026-09-11T21:22:43Z</time></trkpt>
      <trkpt lat="41.48593833333333" lon="-81.74674"><ele>162.8</ele><time>2026-09-11T21:22:44Z</time></trkpt>
      <trkpt lat="41.48593666666667" lon="-81.74674166666667"><ele>162.8</ele><time>2026-09-11T21:22:45Z</time></trkpt>
      <trkpt lat="41.485933333333335" lon="-81.74674166666667"><ele>162.8</ele><time>2026-09-11T21:22:46Z</time></trkpt>
      <trkpt lat="41.485931666666666" lon="-81.74674166666667"><ele>162.8</ele><time>2026-09-11T21:22:47Z</time></trkpt>
      <trkpt lat="41.485928333333334" lon="-81.74674333333333"><ele>162.8</ele><time>2026-09-11T21:22:48Z</time></trkpt>
      <trkpt lat="41.485925" lon="-81.74674333333333"><ele>162.8</ele><time>2026-09-11T21:22:49Z</time></trkpt>
      <trkpt lat="41.48592166666667" lon="-81.746745"><ele>162.8</ele><time>2026-09-11T21:22:50Z</time></trkpt>
      <trkpt lat="41.48592166666667" lon="-81.746745"><ele>162.8</ele><time>2026-09-11T21:22:51Z</time></trkpt>
      <trkpt lat="41.48592" lon="-81.746745"><ele>162.8</ele><time>2026-09-11T21:22:52Z</time></trkpt>
      <trkpt lat="41.48591833333333" lon="-81.74674666666667"><ele>162.8</ele><time>2026-09-11T21:22:53Z</time></trkpt>
      <trkpt lat="41.48591833333333" lon="-81.74674666666667"><ele>162.8</ele><time>2026-09-11T21:22:54Z</time></trkpt>
      <trkpt lat="41.48591666666667" lon="-81.74674666666667"><ele>162.8</ele><time>2026-09-11T21:22:55Z</time></trkpt>
      <trkpt lat="41.48591666666667" lon="-81.746745"><ele>162.8</ele><time>2026-09-11T21:22:56Z</time></trkpt>
      <trkpt lat="41.485915" lon="-81.746735"><ele>162.7</ele><time>2026-09-11T21:22:57Z</time></trkpt>
      <trkpt lat="41.485915" lon="-81.74673"><ele>162.7</ele><time>2026-09-11T21:22:58Z</time></trkpt>
      <trkpt lat="41.48591666666667" lon="-81.74673"><ele>162.7</ele><time>2026-09-11T21:22:59Z</time></trkpt>
      <trkpt lat="41.48591833333333" lon="-81.74673"><ele>162.7</ele><time>2026-09-11T21:23:00Z</time></trkpt>
      <trkpt lat="41.48591833333333" lon="-81.74673166666666"><ele>162.7</ele><time>2026-09-11T21:23:01Z</time></trkpt>
      <trkpt lat="41.48591833333333" lon="-81.74673333333334"><ele>162.7</ele><time>2026-09-11T21:23:02Z</time></trkpt>
      <trkpt lat="41.48592" lon="-81.74673333333334"><ele>162.7</ele><time>2026-09-11T21:23:03Z</time></trkpt>
      <trkpt lat="41.48592" lon="-81.74673333333334"><ele>162.7</ele><time>2026-09-11T21:23:04Z</time></trkpt>
      <trkpt lat="41.48592" lon="-81.74673333333334"><ele>163.5</ele><time>2026-09-11T21:23:05Z</time></trkpt>
      <trkpt lat="41.48592" lon="-81.74673333333334"><ele>163.5</ele><time>2026-09-11T21:23:06Z</time></trkpt>
      <trkpt lat="41.48592" lon="-81.746735"><ele>163.5</ele><time>2026-09-11T21:23:07Z</time></trkpt>
      <trkpt lat="41.48592" lon="-81.746735"><ele>163.5</ele><time>2026-09-11T21:23:08Z</time></trkpt>
      <trkpt lat="41.48592166666667" lon="-81.746735"><ele>163.5</ele><time>2026-09-11T21:23:09Z</time></trkpt>
      <trkpt lat="41.48592166666667" lon="-81.74673333333334"><ele>163.5</ele><time>2026-09-11T21:23:10Z</time></trkpt>
      <trkpt lat="41.48592166666667" lon="-81.74673333333334"><ele>163.5</ele><time>2026-09-11T21:23:11Z</time></trkpt>
      <trkpt lat="41.48592166666667" lon="-81.74673333333334"><ele>162.7</ele><time>2026-09-11T21:23:12Z</time></trkpt>
      <trkpt lat="41.48591833333333" lon="-81.74672833333334"><ele>162.7</ele><time>2026-09-11T21:23:13Z</time></trkpt>
      <trkpt lat="41.485915" lon="-81.746725"><ele>162.7</ele><time>2026-09-11T21:23:14Z</time></trkpt>
      <trkpt lat="41.48591166666667" lon="-81.74672333333334"><ele>162.7</ele><time>2026-09-11T21:23:15Z</time></trkpt>
      <trkpt lat="41.48591" lon="-81.74672166666667"><ele>162.7</ele><time>2026-09-11T21:23:16Z</time></trkpt>
      <trkpt lat="41.485906666666665" lon="-81.74672166666667"><ele>162.7</ele><time>2026-09-11T21:23:17Z</time></trkpt>
      <trkpt lat="41.485905" lon="-81.74672"><ele>162.7</ele><time>2026-09-11T21:23:18Z</time></trkpt>
      <trkpt lat="41.48590333333333" lon="-81.74671833333333"><ele>162.7</ele><time>2026-09-11T21:23:19Z</time></trkpt>
      <trkpt lat="41.48590333333333" lon="-81.74671833333333"><ele>163.5</ele><time>2026-09-11T21:23:20Z</time></trkpt>
      <trkpt lat="41.48590333333333" lon="-81.74671833333333"><ele>163.5</ele><time>2026-09-11T21:23:21Z</time></trkpt>
      <trkpt lat="41.48590333333333" lon="-81.74671833333333"><ele>163.5</ele><time>2026-09-11T21:23:22Z</time></trkpt>
      <trkpt lat="41.48590333333333" lon="-81.74671833333333"><ele>163.5</ele><time>2026-09-11T21:23:23Z</time></trkpt>
      <trkpt lat="41.48590333333333" lon="-81.746715"><ele>163.5</ele><time>2026-09-11T21:23:24Z</time></trkpt>
      <trkpt lat="41.485905" lon="-81.74671666666667"><ele>163.5</ele><time>2026-09-11T21:23:25Z</time></trkpt>
      <trkpt lat="41.485906666666665" lon="-81.74671833333333"><ele>163.5</ele><time>2026-09-11T21:23:26Z</time></trkpt>
      <trkpt lat="41.485906666666665" lon="-81.74671666666667"><ele>163.5</ele><time>2026-09-11T21:23:27Z</time></trkpt>
      <trkpt lat="41.485908333333334" lon="-81.74672"><ele>162.5</ele><time>2026-09-11T21:23:28Z</time></trkpt>
      <trkpt lat="41.48591" lon="-81.74672166666667"><ele>162.5</ele><time>2026-09-11T21:23:29Z</time></trkpt>
      <trkpt lat="41.485915" lon="-81.74673"><ele>162.5</ele><time>2026-09-11T21:23:30Z</time></trkpt>
      <trkpt lat="41.485925" lon="-81.74674833333333"><ele>162.5</ele><time>2026-09-11T21:23:31Z</time></trkpt>
      <trkpt lat="41.485926666666664" lon="-81.74675166666667"><ele>162.5</ele><time>2026-09-11T21:23:32Z</time></trkpt>
      <trkpt lat="41.485928333333334" lon="-81.74676166666667"><ele>162.5</ele><time>2026-09-11T21:23:33Z</time></trkpt>
      <trkpt lat="41.48593" lon="-81.74676666666667"><ele>162.5</ele><time>2026-09-11T21:23:34Z</time></trkpt>
      <trkpt lat="41.48593" lon="-81.746775"><ele>162.5</ele><time>2026-09-11T21:23:35Z</time></trkpt>
      <trkpt lat="41.485931666666666" lon="-81.74677833333334"><ele>162.7</ele><time>2026-09-11T21:23:36Z</time></trkpt>
      <trkpt lat="41.485933333333335" lon="-81.74679333333333"><ele>162.7</ele><time>2026-09-11T21:23:37Z</time></trkpt>
      <trkpt lat="41.485933333333335" lon="-81.74679833333333"><ele>162.7</ele><time>2026-09-11T21:23:38Z</time></trkpt>
      <trkpt lat="41.485935" lon="-81.74680333333333"><ele>162.7</ele><time>2026-09-11T21:23:39Z</time></trkpt>
      <trkpt lat="41.485935" lon="-81.746805"><ele>162.7</ele><time>2026-09-11T21:23:40Z</time></trkpt>
      <trkpt lat="41.48593666666667" lon="-81.74680833333333"><ele>162.7</ele><time>2026-09-11T21:23:41Z</time></trkpt>
      <trkpt lat="41.48593833333333" lon="-81.74680833333333"><ele>162.7</ele><time>2026-09-11T21:23:42Z</time></trkpt>
      <trkpt lat="41.48594" lon="-81.74681"><ele>162.7</ele><time>2026-09-11T21:23:43Z</time></trkpt>
      <trkpt lat="41.48594333333333" lon="-81.74681166666667"><ele>162.5</ele><time>2026-09-11T21:23:44Z</time></trkpt>
      <trkpt lat="41.485945" lon="-81.74681166666667"><ele>162.5</ele><time>2026-09-11T21:23:45Z</time></trkpt>
      <trkpt lat="41.48594833333333" lon="-81.74681166666667"><ele>162.5</ele><time>2026-09-11T21:23:46Z</time></trkpt>
      <trkpt lat="41.485951666666665" lon="-81.74681166666667"><ele>162.5</ele><time>2026-09-11T21:23:47Z</time></trkpt>
      <trkpt lat="41.485951666666665" lon="-81.74681166666667"><ele>162.5</ele><time>2026-09-11T21:23:48Z</time></trkpt>
      <trkpt lat="41.48595666666667" lon="-81.74681333333334"><ele>162.5</ele><time>2026-09-11T21:23:49Z</time></trkpt>
      <trkpt lat="41.48596166666667" lon="-81.74681666666666"><ele>162.5</ele><time>2026-09-11T21:23:50Z</time></trkpt>
      <trkpt lat="41.48596166666667" lon="-81.74681666666666"><ele>163.5</ele><time>2026-09-11T21:23:51Z</time></trkpt>
      <trkpt lat="41.48596666666667" lon="-81.74682"><ele>163.5</ele><time>2026-09-11T21:23:52Z</time></trkpt>
      <trkpt lat="41.48596666666667" lon="-81.74682166666666"><ele>163.5</ele><time>2026-09-11T21:23:53Z</time></trkpt>
      <trkpt lat="41.48597" lon="-81.74682166666666"><ele>163.5</ele><time>2026-09-11T21:23:54Z</time></trkpt>
      <trkpt lat="41.485971666666664" lon="-81.746825"><ele>163.5</ele><time>2026-09-11T21:23:55Z</time></trkpt>
      <trkpt lat="41.485973333333334" lon="-81.746825"><ele>163.5</ele><time>2026-09-11T21:23:56Z</time></trkpt>
      <trkpt lat="41.485973333333334" lon="-81.74682666666666"><ele>163.5</ele><time>2026-09-11T21:23:57Z</time></trkpt>
      <trkpt lat="41.485975" lon="-81.74682666666666"><ele>163.5</ele><time>2026-09-11T21:23:58Z</time></trkpt>
      <trkpt lat="41.485975" lon="-81.74682666666666"><ele>163.7</ele><time>2026-09-11T21:23:59Z</time></trkpt>
      <trkpt lat="41.485976666666666" lon="-81.74683"><ele>163.7</ele><time>2026-09-11T21:24:00Z</time></trkpt>
      <trkpt lat="41.485976666666666" lon="-81.74683"><ele>163.7</ele><time>2026-09-11T21:24:01Z</time></trkpt>
      <trkpt lat="41.485978333333335" lon="-81.74683166666667"><ele>163.7</ele><time>2026-09-11T21:24:02Z</time></trkpt>
      <trkpt lat="41.48598" lon="-81.746835"><ele>163.7</ele><time>2026-09-11T21:24:03Z</time></trkpt>
      <trkpt lat="41.48598" lon="-81.746835"><ele>163.7</ele><time>2026-09-11T21:24:04Z</time></trkpt>
      <trkpt lat="41.48598166666667" lon="-81.74683666666667"><ele>163.7</ele><time>2026-09-11T21:24:05Z</time></trkpt>
      <trkpt lat="41.48598166666667" lon="-81.74683833333333"><ele>163.7</ele><time>2026-09-11T21:24:06Z</time></trkpt>
      <trkpt lat="41.48598333333333" lon="-81.74683833333333"><ele>162.7</ele><time>2026-09-11T21:24:07Z</time></trkpt>
      <trkpt lat="41.48598666666667" lon="-81.74684"><ele>162.7</ele><time>2026-09-11T21:24:08Z</time></trkpt>
      <trkpt lat="41.48598833333333" lon="-81.74684333333333"><ele>162.7</ele><time>2026-09-11T21:24:09Z</time></trkpt>
      <trkpt lat="41.48599" lon="-81.74684666666667"><ele>162.7</ele><time>2026-09-11T21:24:10Z</time></trkpt>
      <trkpt lat="41.48599333333333" lon="-81.74684833333333"><ele>162.7</ele><time>2026-09-11T21:24:11Z</time></trkpt>
      <trkpt lat="41.485995" lon="-81.74685"><ele>162.7</ele><time>2026-09-11T21:24:12Z</time></trkpt>
      <trkpt lat="41.485995" lon="-81.74685"><ele>162.7</ele><time>2026-09-11T21:24:13Z</time></trkpt>
      <trkpt lat="41.485995" lon="-81.74685"><ele>162.7</ele><time>2026-09-11T21:24:14Z</time></trkpt>
      <trkpt lat="41.485998333333335" lon="-81.74685"><ele>163</ele><time>2026-09-11T21:24:15Z</time></trkpt>
      <trkpt lat="41.485998333333335" lon="-81.74685"><ele>163</ele><time>2026-09-11T21:24:16Z</time></trkpt>
      <trkpt lat="41.485998333333335" lon="-81.74685"><ele>163</ele><time>2026-09-11T21:24:17Z</time></trkpt>
      <trkpt lat="41.48600166666667" lon="-81.74685"><ele>163</ele><time>2026-09-11T21:24:18Z</time></trkpt>
      <trkpt lat="41.48600166666667" lon="-81.74685166666667"><ele>163</ele><time>2026-09-11T21:24:19Z</time></trkpt>
      <trkpt lat="41.48600166666667" lon="-81.74685666666667"><ele>163</ele><time>2026-09-11T21:24:20Z</time></trkpt>
      <trkpt lat="41.48600166666667" lon="-81.74685833333334"><ele>163</ele><time>2026-09-11T21:24:21Z</time></trkpt>
      <trkpt lat="41.486" lon="-81.74686166666666"><ele>163</ele><time>2026-09-11T21:24:22Z</time></trkpt>
      <trkpt lat="41.486" lon="-81.74686333333334"><ele>162.7</ele><time>2026-09-11T21:24:23Z</time></trkpt>
      <trkpt lat="41.486" lon="-81.74686333333334"><ele>162.7</ele><time>2026-09-11T21:24:24Z</time></trkpt>
      <trkpt lat="41.485998333333335" lon="-81.74686666666666"><ele>162.7</ele><time>2026-09-11T21:24:25Z</time></trkpt>
      <trkpt lat="41.485998333333335" lon="-81.74686666666666"><ele>162.7</ele><time>2026-09-11T21:24:26Z</time></trkpt>
      <trkpt lat="41.485998333333335" lon="-81.74686666666666"><ele>162.7</ele><time>2026-09-11T21:24:27Z</time></trkpt>
      <trkpt lat="41.485995" lon="-81.74686833333334"><ele>162.7</ele><time>2026-09-11T21:24:29Z</time></trkpt>
      <trkpt lat="41.485995" lon="-81.74687166666666"><ele>163.5</ele><time>2026-09-11T21:24:30Z</time></trkpt>
      <trkpt lat="41.48599166666666" lon="-81.74687"><ele>163.5</ele><time>2026-09-11T21:24:31Z</time></trkpt>
      <trkpt lat="41.48598833333333" lon="-81.74687"><ele>163.5</ele><time>2026-09-11T21:24:32Z</time></trkpt>
      <trkpt lat="41.485985" lon="-81.74686833333334"><ele>163.5</ele><time>2026-09-11T21:24:33Z</time></trkpt>
      <trkpt lat="41.485985" lon="-81.74686833333334"><ele>163.5</ele><time>2026-09-11T21:24:34Z</time></trkpt>
      <trkpt lat="41.48598333333333" lon="-81.74686833333334"><ele>163.5</ele><time>2026-09-11T21:24:35Z</time></trkpt>
      <trkpt lat="41.48598333333333" lon="-81.74686833333334"><ele>163.5</ele><time>2026-09-11T21:24:36Z</time></trkpt>
      <trkpt lat="41.48598166666667" lon="-81.74686833333334"><ele>163.5</ele><time>2026-09-11T21:24:37Z</time></trkpt>
      <trkpt lat="41.48598166666667" lon="-81.74686833333334"><ele>162.6</ele><time>2026-09-11T21:24:38Z</time></trkpt>
      <trkpt lat="41.48598166666667" lon="-81.74687166666666"><ele>162.6</ele><time>2026-09-11T21:24:39Z</time></trkpt>
      <trkpt lat="41.48598333333333" lon="-81.74687166666666"><ele>162.6</ele><time>2026-09-11T21:24:40Z</time></trkpt>
      <trkpt lat="41.48598333333333" lon="-81.74687166666666"><ele>162.6</ele><time>2026-09-11T21:24:41Z</time></trkpt>
      <trkpt lat="41.48598333333333" lon="-81.74687333333333"><ele>162.6</ele><time>2026-09-11T21:24:42Z</time></trkpt>
      <trkpt lat="41.485985" lon="-81.746875"><ele>162.6</ele><time>2026-09-11T21:24:43Z</time></trkpt>
      <trkpt lat="41.485985" lon="-81.74687666666667"><ele>162.6</ele><time>2026-09-11T21:24:44Z</time></trkpt>
      <trkpt lat="41.48598833333333" lon="-81.74688"><ele>162.6</ele><time>2026-09-11T21:24:45Z</time></trkpt>
      <trkpt lat="41.48598833333333" lon="-81.74688"><ele>162.7</ele><time>2026-09-11T21:24:46Z</time></trkpt>
      <trkpt lat="41.48599166666666" lon="-81.74688166666667"><ele>162.7</ele><time>2026-09-11T21:24:47Z</time></trkpt>
      <trkpt lat="41.48599333333333" lon="-81.74688333333333"><ele>162.7</ele><time>2026-09-11T21:24:48Z</time></trkpt>
      <trkpt lat="41.485995" lon="-81.74688333333333"><ele>162.7</ele><time>2026-09-11T21:24:49Z</time></trkpt>
      <trkpt lat="41.485998333333335" lon="-81.746885"><ele>162.7</ele><time>2026-09-11T21:24:50Z</time></trkpt>
      <trkpt lat="41.485998333333335" lon="-81.746885"><ele>162.7</ele><time>2026-09-11T21:24:51Z</time></trkpt>
      <trkpt lat="41.486" lon="-81.74688666666667"><ele>162.7</ele><time>2026-09-11T21:24:52Z</time></trkpt>
      <trkpt lat="41.486" lon="-81.74688666666667"><ele>162.7</ele><time>2026-09-11T21:24:53Z</time></trkpt>
      <trkpt lat="41.486" lon="-81.74688666666667"><ele>163.7</ele><time>2026-09-11T21:24:54Z</time></trkpt>
      <trkpt lat="41.486" lon="-81.74688833333333"><ele>163.7</ele><time>2026-09-11T21:24:55Z</time></trkpt>
      <trkpt lat="41.486003333333336" lon="-81.74689"><ele>163.7</ele><time>2026-09-11T21:24:56Z</time></trkpt>
      <trkpt lat="41.486003333333336" lon="-81.74689"><ele>163.7</ele><time>2026-09-11T21:24:57Z</time></trkpt>
      <trkpt lat="41.486003333333336" lon="-81.74688833333333"><ele>163.7</ele><time>2026-09-11T21:24:58Z</time></trkpt>
      <trkpt lat="41.486005" lon="-81.74688833333333"><ele>163.7</ele><time>2026-09-11T21:24:59Z</time></trkpt>
      <trkpt lat="41.486005" lon="-81.74688833333333"><ele>163.7</ele><time>2026-09-11T21:25:00Z</time></trkpt>
      <trkpt lat="41.486005" lon="-81.74688833333333"><ele>163.7</ele><time>2026-09-11T21:25:01Z</time></trkpt>
      <trkpt lat="41.486005" lon="-81.74688666666667"><ele>163.299</ele><time>2026-09-11T21:25:02Z</time></trkpt>
      <trkpt lat="41.486005" lon="-81.746885"><ele>163.299</ele><time>2026-09-11T21:25:03Z</time></trkpt>
      <trkpt lat="41.486005" lon="-81.74688166666667"><ele>163.299</ele><time>2026-09-11T21:25:04Z</time></trkpt>
      <trkpt lat="41.486005" lon="-81.74688"><ele>163.299</ele><time>2026-09-11T21:25:05Z</time></trkpt>
      <trkpt lat="41.48600666666667" lon="-81.74687666666667"><ele>163.299</ele><time>2026-09-11T21:25:06Z</time></trkpt>
      <trkpt lat="41.48600666666667" lon="-81.746875"><ele>163.299</ele><time>2026-09-11T21:25:07Z</time></trkpt>
      <trkpt lat="41.486005" lon="-81.74687166666666"><ele>163.299</ele><time>2026-09-11T21:25:08Z</time></trkpt>
      <trkpt lat="41.486003333333336" lon="-81.74687166666666"><ele>163.299</ele><time>2026-09-11T21:25:09Z</time></trkpt>
      <trkpt lat="41.486003333333336" lon="-81.74687"><ele>162.7</ele><time>2026-09-11T21:25:10Z</time></trkpt>
      <trkpt lat="41.486005" lon="-81.74687"><ele>162.7</ele><time>2026-09-11T21:25:11Z</time></trkpt>
      <trkpt lat="41.48600666666667" lon="-81.74687"><ele>162.7</ele><time>2026-09-11T21:25:12Z</time></trkpt>
      <trkpt lat="41.486005" lon="-81.74687166666666"><ele>162.7</ele><time>2026-09-11T21:25:13Z</time></trkpt>
      <trkpt lat="41.486003333333336" lon="-81.74687"><ele>162.7</ele><time>2026-09-11T21:25:14Z</time></trkpt>
      <trkpt lat="41.48600166666667" lon="-81.74686833333334"><ele>162.7</ele><time>2026-09-11T21:25:15Z</time></trkpt>
      <trkpt lat="41.485998333333335" lon="-81.74686666666666"><ele>162.7</ele><time>2026-09-11T21:25:16Z</time></trkpt>
      <trkpt lat="41.485996666666665" lon="-81.746865"><ele>162.7</ele><time>2026-09-11T21:25:17Z</time></trkpt>
      <trkpt lat="41.48599" lon="-81.74686166666666"><ele>162.7</ele><time>2026-09-11T21:25:18Z</time></trkpt>
      <trkpt lat="41.485985" lon="-81.74685833333334"><ele>162.7</ele><time>2026-09-11T21:25:19Z</time></trkpt>
      <trkpt lat="41.48598" lon="-81.74685666666667"><ele>162.7</ele><time>2026-09-11T21:25:20Z</time></trkpt>
      <trkpt lat="41.485975" lon="-81.746855"><ele>162.7</ele><time>2026-09-11T21:25:21Z</time></trkpt>
      <trkpt lat="41.485971666666664" lon="-81.74685333333333"><ele>162.7</ele><time>2026-09-11T21:25:22Z</time></trkpt>
      <trkpt lat="41.48596833333333" lon="-81.74685333333333"><ele>162.7</ele><time>2026-09-11T21:25:23Z</time></trkpt>
      <trkpt lat="41.48596666666667" lon="-81.74685166666667"><ele>162.7</ele><time>2026-09-11T21:25:24Z</time></trkpt>
      <trkpt lat="41.485965" lon="-81.74685166666667"><ele>163.5</ele><time>2026-09-11T21:25:25Z</time></trkpt>
      <trkpt lat="41.48596" lon="-81.74685333333333"><ele>163.5</ele><time>2026-09-11T21:25:26Z</time></trkpt>
      <trkpt lat="41.485958333333336" lon="-81.74685333333333"><ele>163.5</ele><time>2026-09-11T21:25:27Z</time></trkpt>
      <trkpt lat="41.48595666666667" lon="-81.74685333333333"><ele>163.5</ele><time>2026-09-11T21:25:28Z</time></trkpt>
      <trkpt lat="41.485951666666665" lon="-81.746855"><ele>163.5</ele><time>2026-09-11T21:25:29Z</time></trkpt>
      <trkpt lat="41.48595" lon="-81.74685666666667"><ele>163.5</ele><time>2026-09-11T21:25:30Z</time></trkpt>
      <trkpt lat="41.485945" lon="-81.74685666666667"><ele>163.5</ele><time>2026-09-11T21:25:31Z</time></trkpt>
      <trkpt lat="41.48594333333333" lon="-81.74685666666667"><ele>163.5</ele><time>2026-09-11T21:25:32Z</time></trkpt>
      <trkpt lat="41.48594166666667" lon="-81.74685666666667"><ele>163.1</ele><time>2026-09-11T21:25:33Z</time></trkpt>
      <trkpt lat="41.48594" lon="-81.74685333333333"><ele>163.1</ele><time>2026-09-11T21:25:34Z</time></trkpt>
      <trkpt lat="41.48593833333333" lon="-81.74685333333333"><ele>163.1</ele><time>2026-09-11T21:25:35Z</time></trkpt>
      <trkpt lat="41.485935" lon="-81.74685333333333"><ele>163.1</ele><time>2026-09-11T21:25:36Z</time></trkpt>
      <trkpt lat="41.485935" lon="-81.74685"><ele>163.1</ele><time>2026-09-11T21:25:37Z</time></trkpt>
      <trkpt lat="41.485933333333335" lon="-81.74685"><ele>163.1</ele><time>2026-09-11T21:25:38Z</time></trkpt>
      <trkpt lat="41.485933333333335" lon="-81.74684833333333"><ele>163.1</ele><time>2026-09-11T21:25:39Z</time></trkpt>
      <trkpt lat="41.485933333333335" lon="-81.74684833333333"><ele>163.1</ele><time>2026-09-11T21:25:40Z</time></trkpt>
      <trkpt lat="41.485931666666666" lon="-81.746845"><ele>162.6</ele><time>2026-09-11T21:25:41Z</time></trkpt>
      <trkpt lat="41.48593" lon="-81.74684333333333"><ele>162.6</ele><time>2026-09-11T21:25:42Z</time></trkpt>
      <trkpt lat="41.48593" lon="-81.74684"><ele>162.6</ele><time>2026-09-11T21:25:43Z</time></trkpt>
      <trkpt lat="41.48593" lon="-81.74683833333333"><ele>162.6</ele><time>2026-09-11T21:25:44Z</time></trkpt>
      <trkpt lat="41.48593" lon="-81.746835"><ele>162.6</ele><time>2026-09-11T21:25:45Z</time></trkpt>
      <trkpt lat="41.48593" lon="-81.74683166666667"><ele>162.6</ele><time>2026-09-11T21:25:46Z</time></trkpt>
      <trkpt lat="41.485928333333334" lon="-81.74683"><ele>162.6</ele><time>2026-09-11T21:25:47Z</time></trkpt>
      <trkpt lat="41.485928333333334" lon="-81.746825"><ele>162.6</ele><time>2026-09-11T21:25:48Z</time></trkpt>
      <trkpt lat="41.48593" lon="-81.74682166666666"><ele>162.7</ele><time>2026-09-11T21:25:49Z</time></trkpt>
      <trkpt lat="41.485931666666666" lon="-81.74681666666666"><ele>162.7</ele><time>2026-09-11T21:25:50Z</time></trkpt>
      <trkpt lat="41.48593" lon="-81.74681333333334"><ele>162.7</ele><time>2026-09-11T21:25:51Z</time></trkpt>
      <trkpt lat="41.48593" lon="-81.74681166666667"><ele>162.7</ele><time>2026-09-11T21:25:52Z</time></trkpt>
      <trkpt lat="41.48593" lon="-81.74681166666667"><ele>162.7</ele><time>2026-09-11T21:25:53Z</time></trkpt>
      <trkpt lat="41.48593" lon="-81.74681166666667"><ele>163.5</ele><time>2026-09-11T21:25:54Z</time></trkpt>
      <trkpt lat="41.48593" lon="-81.74680833333333"><ele>163.5</ele><time>2026-09-11T21:25:55Z</time></trkpt>
      <trkpt lat="41.485928333333334" lon="-81.74680833333333"><ele>163.7</ele><time>2026-09-11T21:25:56Z</time></trkpt>
      <trkpt lat="41.485928333333334" lon="-81.74680666666667"><ele>163.7</ele><time>2026-09-11T21:25:57Z</time></trkpt>
      <trkpt lat="41.485928333333334" lon="-81.74680333333333"><ele>163.7</ele><time>2026-09-11T21:25:58Z</time></trkpt>
      <trkpt lat="41.485926666666664" lon="-81.74680333333333"><ele>163.7</ele><time>2026-09-11T21:25:59Z</time></trkpt>
      <trkpt lat="41.48593" lon="-81.74679333333333"><ele>163.7</ele><time>2026-09-11T21:26:00Z</time></trkpt>
      <trkpt lat="41.485933333333335" lon="-81.74678666666667"><ele>163.7</ele><time>2026-09-11T21:26:01Z</time></trkpt>
      <trkpt lat="41.48593833333333" lon="-81.74678"><ele>163.7</ele><time>2026-09-11T21:26:02Z</time></trkpt>
      <trkpt lat="41.48594" lon="-81.74677833333334"><ele>163.7</ele><time>2026-09-11T21:26:03Z</time></trkpt>
      <trkpt lat="41.485945" lon="-81.746775"><ele>162.5</ele><time>2026-09-11T21:26:04Z</time></trkpt>
      <trkpt lat="41.48594833333333" lon="-81.746775"><ele>162.5</ele><time>2026-09-11T21:26:05Z</time></trkpt>
      <trkpt lat="41.48595" lon="-81.746775"><ele>162.5</ele><time>2026-09-11T21:26:06Z</time></trkpt>
      <trkpt lat="41.485951666666665" lon="-81.746775"><ele>162.5</ele><time>2026-09-11T21:26:07Z</time></trkpt>
      <trkpt lat="41.485951666666665" lon="-81.74677333333334"><ele>162.5</ele><time>2026-09-11T21:26:08Z</time></trkpt>
      <trkpt lat="41.485953333333335" lon="-81.74677333333334"><ele>162.5</ele><time>2026-09-11T21:26:09Z</time></trkpt>
      <trkpt lat="41.485955" lon="-81.746775"><ele>162.5</ele><time>2026-09-11T21:26:10Z</time></trkpt>
      <trkpt lat="41.485955" lon="-81.746775"><ele>162.5</ele><time>2026-09-11T21:26:11Z</time></trkpt>
      <trkpt lat="41.48595666666667" lon="-81.746775"><ele>162.5</ele><time>2026-09-11T21:26:12Z</time></trkpt>
      <trkpt lat="41.485958333333336" lon="-81.746775"><ele>162.5</ele><time>2026-09-11T21:26:13Z</time></trkpt>
      <trkpt lat="41.485958333333336" lon="-81.746775"><ele>162.5</ele><time>2026-09-11T21:26:14Z</time></trkpt>
      <trkpt lat="41.48596" lon="-81.746775"><ele>162.5</ele><time>2026-09-11T21:26:15Z</time></trkpt>
      <trkpt lat="41.48596166666667" lon="-81.74677666666666"><ele>162.5</ele><time>2026-09-11T21:26:16Z</time></trkpt>
      <trkpt lat="41.48596166666667" lon="-81.74677833333334"><ele>162.5</ele><time>2026-09-11T21:26:17Z</time></trkpt>
      <trkpt lat="41.48596166666667" lon="-81.74678"><ele>162.5</ele><time>2026-09-11T21:26:18Z</time></trkpt>
      <trkpt lat="41.48596166666667" lon="-81.74678333333334"><ele>162.5</ele><time>2026-09-11T21:26:19Z</time></trkpt>
      <trkpt lat="41.48596" lon="-81.74678333333334"><ele>162.5</ele><time>2026-09-11T21:26:20Z</time></trkpt>
      <trkpt lat="41.485958333333336" lon="-81.746785"><ele>162.5</ele><time>2026-09-11T21:26:21Z</time></trkpt>
      <trkpt lat="41.48595666666667" lon="-81.74678666666667"><ele>162.5</ele><time>2026-09-11T21:26:22Z</time></trkpt>
      <trkpt lat="41.48595666666667" lon="-81.74678833333333"><ele>162.5</ele><time>2026-09-11T21:26:23Z</time></trkpt>
      <trkpt lat="41.48595666666667" lon="-81.74679"><ele>162.5</ele><time>2026-09-11T21:26:24Z</time></trkpt>
      <trkpt lat="41.485953333333335" lon="-81.74679333333333"><ele>162.5</ele><time>2026-09-11T21:26:25Z</time></trkpt>
      <trkpt lat="41.485953333333335" lon="-81.746795"><ele>162.5</ele><time>2026-09-11T21:26:26Z</time></trkpt>
      <trkpt lat="41.485951666666665" lon="-81.74679833333333"><ele>162.5</ele><time>2026-09-11T21:26:27Z</time></trkpt>
      <trkpt lat="41.48594833333333" lon="-81.74680166666667"><ele>162.5</ele><time>2026-09-11T21:26:28Z</time></trkpt>
      <trkpt lat="41.48594833333333" lon="-81.74680333333333"><ele>162.5</ele><time>2026-09-11T21:26:29Z</time></trkpt>
      <trkpt lat="41.485945" lon="-81.74680666666667"><ele>162.5</ele><time>2026-09-11T21:26:30Z</time></trkpt>
      <trkpt lat="41.485945" lon="-81.74680833333333"><ele>162.5</ele><time>2026-09-11T21:26:31Z</time></trkpt>
      <trkpt lat="41.48594333333333" lon="-81.74680833333333"><ele>162.5</ele><time>2026-09-11T21:26:32Z</time></trkpt>
      <trkpt lat="41.48594166666667" lon="-81.74681166666667"><ele>162.5</ele><time>2026-09-11T21:26:33Z</time></trkpt>
      <trkpt lat="41.48594" lon="-81.74681333333334"><ele>162.5</ele><time>2026-09-11T21:26:34Z</time></trkpt>
      <trkpt lat="41.48594" lon="-81.74681333333334"><ele>162.6</ele><time>2026-09-11T21:26:35Z</time></trkpt>
      <trkpt lat="41.48593833333333" lon="-81.746815"><ele>162.6</ele><time>2026-09-11T21:26:36Z</time></trkpt>
      <trkpt lat="41.48593666666667" lon="-81.74681666666666"><ele>162.6</ele><time>2026-09-11T21:26:37Z</time></trkpt>
      <trkpt lat="41.48593666666667" lon="-81.74681666666666"><ele>162.6</ele><time>2026-09-11T21:26:38Z</time></trkpt>
      <trkpt lat="41.485935" lon="-81.74681833333334"><ele>162.6</ele><time>2026-09-11T21:26:39Z</time></trkpt>
      <trkpt lat="41.485935" lon="-81.74681833333334"><ele>162.6</ele><time>2026-09-11T21:26:40Z</time></trkpt>
      <trkpt lat="41.485933333333335" lon="-81.74681833333334"><ele>162.6</ele><time>2026-09-11T21:26:41Z</time></trkpt>
      <trkpt lat="41.485933333333335" lon="-81.74681833333334"><ele>162.6</ele><time>2026-09-11T21:26:42Z</time></trkpt>
      <trkpt lat="41.485933333333335" lon="-81.74681833333334"><ele>162.5</ele><time>2026-09-11T21:26:43Z</time></trkpt>
      <trkpt lat="41.48593" lon="-81.74681666666666"><ele>162.5</ele><time>2026-09-11T21:26:44Z</time></trkpt>
      <trkpt lat="41.48593" lon="-81.74681666666666"><ele>162.5</ele><time>2026-09-11T21:26:45Z</time></trkpt>
      <trkpt lat="41.48593" lon="-81.74681666666666"><ele>162.5</ele><time>2026-09-11T21:26:46Z</time></trkpt>
      <trkpt lat="41.48593" lon="-81.74681666666666"><ele>162.5</ele><time>2026-09-11T21:26:47Z</time></trkpt>
      <trkpt lat="41.485928333333334" lon="-81.74681666666666"><ele>162.5</ele><time>2026-09-11T21:26:48Z</time></trkpt>
      <trkpt lat="41.485928333333334" lon="-81.74681666666666"><ele>162.5</ele><time>2026-09-11T21:26:49Z</time></trkpt>
      <trkpt lat="41.485928333333334" lon="-81.74681666666666"><ele>162.5</ele><time>2026-09-11T21:26:50Z</time></trkpt>
      <trkpt lat="41.485928333333334" lon="-81.74681666666666"><ele>162.5</ele><time>2026-09-11T21:26:51Z</time></trkpt>
      <trkpt lat="41.485928333333334" lon="-81.74681666666666"><ele>162.5</ele><time>2026-09-11T21:26:52Z</time></trkpt>
      <trkpt lat="41.485928333333334" lon="-81.74681666666666"><ele>162.5</ele><time>2026-09-11T21:26:53Z</time></trkpt>
      <trkpt lat="41.485926666666664" lon="-81.74681833333334"><ele>162.5</ele><time>2026-09-11T21:26:54Z</time></trkpt>
      <trkpt lat="41.485926666666664" lon="-81.74681833333334"><ele>162.5</ele><time>2026-09-11T21:26:55Z</time></trkpt>
      <trkpt lat="41.485926666666664" lon="-81.74681666666666"><ele>162.5</ele><time>2026-09-11T21:26:56Z</time></trkpt>
      <trkpt lat="41.485925" lon="-81.74681833333334"><ele>162.5</ele><time>2026-09-11T21:26:57Z</time></trkpt>
      <trkpt lat="41.485926666666664" lon="-81.74681833333334"><ele>162.5</ele><time>2026-09-11T21:26:58Z</time></trkpt>
      <trkpt lat="41.485925" lon="-81.74681666666666"><ele>162.5</ele><time>2026-09-11T21:26:59Z</time></trkpt>
      <trkpt lat="41.485925" lon="-81.74681666666666"><ele>162.5</ele><time>2026-09-11T21:27:00Z</time></trkpt>
      <trkpt lat="41.48592166666667" lon="-81.74681333333334"><ele>162.5</ele><time>2026-09-11T21:27:01Z</time></trkpt>
      <trkpt lat="41.48591833333333" lon="-81.74681166666667"><ele>162.5</ele><time>2026-09-11T21:27:02Z</time></trkpt>
      <trkpt lat="41.48591666666667" lon="-81.74680833333333"><ele>162.5</ele><time>2026-09-11T21:27:03Z</time></trkpt>
      <trkpt lat="41.48591666666667" lon="-81.74680666666667"><ele>162.5</ele><time>2026-09-11T21:27:04Z</time></trkpt>
      <trkpt lat="41.485915" lon="-81.74680333333333"><ele>162.5</ele><time>2026-09-11T21:27:05Z</time></trkpt>
      <trkpt lat="41.485915" lon="-81.74679833333333"><ele>162.5</ele><time>2026-09-11T21:27:06Z</time></trkpt>
      <trkpt lat="41.485913333333336" lon="-81.74679666666667"><ele>162.5</ele><time>2026-09-11T21:27:07Z</time></trkpt>
      <trkpt lat="41.485913333333336" lon="-81.74679"><ele>162.5</ele><time>2026-09-11T21:27:08Z</time></trkpt>
      <trkpt lat="41.485913333333336" lon="-81.74678333333334"><ele>162.5</ele><time>2026-09-11T21:27:09Z</time></trkpt>
      <trkpt lat="41.485915" lon="-81.74678333333334"><ele>162.5</ele><time>2026-09-11T21:27:10Z</time></trkpt>
      <trkpt lat="41.485915" lon="-81.74678333333334"><ele>162.5</ele><time>2026-09-11T21:27:11Z</time></trkpt>
      <trkpt lat="41.485915" lon="-81.74678333333334"><ele>162.5</ele><time>2026-09-11T21:27:12Z</time></trkpt>
      <trkpt lat="41.485915" lon="-81.74678166666666"><ele>162.5</ele><time>2026-09-11T21:27:13Z</time></trkpt>
      <trkpt lat="41.485915" lon="-81.74678"><ele>163.7</ele><time>2026-09-11T21:27:14Z</time></trkpt>
      <trkpt lat="41.485913333333336" lon="-81.74678333333334"><ele>163.7</ele><time>2026-09-11T21:27:15Z</time></trkpt>
      <trkpt lat="41.48591166666667" lon="-81.74678"><ele>163.7</ele><time>2026-09-11T21:27:16Z</time></trkpt>
      <trkpt lat="41.48591166666667" lon="-81.74678"><ele>163.7</ele><time>2026-09-11T21:27:17Z</time></trkpt>
      <trkpt lat="41.48591" lon="-81.74677833333334"><ele>163.7</ele><time>2026-09-11T21:27:18Z</time></trkpt>
      <trkpt lat="41.48591" lon="-81.74677833333334"><ele>163.7</ele><time>2026-09-11T21:27:19Z</time></trkpt>
      <trkpt lat="41.48591" lon="-81.74677666666666"><ele>163.7</ele><time>2026-09-11T21:27:20Z</time></trkpt>
      <trkpt lat="41.48591" lon="-81.746775"><ele>163.7</ele><time>2026-09-11T21:27:21Z</time></trkpt>
      <trkpt lat="41.48591" lon="-81.746775"><ele>162.5</ele><time>2026-09-11T21:27:22Z</time></trkpt>
      <trkpt lat="41.48591" lon="-81.74677333333334"><ele>162.5</ele><time>2026-09-11T21:27:23Z</time></trkpt>
      <trkpt lat="41.48591" lon="-81.746775"><ele>162.5</ele><time>2026-09-11T21:27:24Z</time></trkpt>
      <trkpt lat="41.48591" lon="-81.746775"><ele>162.5</ele><time>2026-09-11T21:27:25Z</time></trkpt>
      <trkpt lat="41.485908333333334" lon="-81.746775"><ele>162.5</ele><time>2026-09-11T21:27:26Z</time></trkpt>
      <trkpt lat="41.485906666666665" lon="-81.746775"><ele>162.5</ele><time>2026-09-11T21:27:27Z</time></trkpt>
      <trkpt lat="41.485906666666665" lon="-81.746775"><ele>162.5</ele><time>2026-09-11T21:27:28Z</time></trkpt>
      <trkpt lat="41.485906666666665" lon="-81.74677666666666"><ele>162.5</ele><time>2026-09-11T21:27:29Z</time></trkpt>
      <trkpt lat="41.485906666666665" lon="-81.74677666666666"><ele>162.5</ele><time>2026-09-11T21:27:30Z</time></trkpt>
      <trkpt lat="41.485906666666665" lon="-81.74677666666666"><ele>162.5</ele><time>2026-09-11T21:27:31Z</time></trkpt>
      <trkpt lat="41.485906666666665" lon="-81.746775"><ele>162.5</ele><time>2026-09-11T21:27:32Z</time></trkpt>
      <trkpt lat="41.485905" lon="-81.746775"><ele>162.5</ele><time>2026-09-11T21:27:33Z</time></trkpt>
      <trkpt lat="41.485906666666665" lon="-81.746775"><ele>162.5</ele><time>2026-09-11T21:27:34Z</time></trkpt>
      <trkpt lat="41.485906666666665" lon="-81.746775"><ele>162.5</ele><time>2026-09-11T21:27:35Z</time></trkpt>
      <trkpt lat="41.485906666666665" lon="-81.746775"><ele>162.5</ele><time>2026-09-11T21:27:36Z</time></trkpt>
      <trkpt lat="41.485906666666665" lon="-81.74677333333334"><ele>162.5</ele><time>2026-09-11T21:27:37Z</time></trkpt>
      <trkpt lat="41.485906666666665" lon="-81.746775"><ele>162.5</ele><time>2026-09-11T21:27:38Z</time></trkpt>
      <trkpt lat="41.485906666666665" lon="-81.746775"><ele>162.5</ele><time>2026-09-11T21:27:39Z</time></trkpt>
      <trkpt lat="41.485906666666665" lon="-81.746775"><ele>162.5</ele><time>2026-09-11T21:27:40Z</time></trkpt>
      <trkpt lat="41.485906666666665" lon="-81.746775"><ele>162.5</ele><time>2026-09-11T21:27:41Z</time></trkpt>
      <trkpt lat="41.485908333333334" lon="-81.746775"><ele>162.5</ele><time>2026-09-11T21:27:42Z</time></trkpt>
      <trkpt lat="41.485908333333334" lon="-81.74677666666666"><ele>163.7</ele><time>2026-09-11T21:27:43Z</time></trkpt>
      <trkpt lat="41.485905" lon="-81.74678166666666"><ele>163.7</ele><time>2026-09-11T21:27:44Z</time></trkpt>
      <trkpt lat="41.48590166666666" lon="-81.746785"><ele>163.7</ele><time>2026-09-11T21:27:45Z</time></trkpt>
      <trkpt lat="41.48590166666666" lon="-81.74678833333333"><ele>163.7</ele><time>2026-09-11T21:27:46Z</time></trkpt>
      <trkpt lat="41.4859" lon="-81.74679166666667"><ele>163.7</ele><time>2026-09-11T21:27:47Z</time></trkpt>
      <trkpt lat="41.4859" lon="-81.746795"><ele>163.7</ele><time>2026-09-11T21:27:48Z</time></trkpt>
      <trkpt lat="41.4859" lon="-81.74679666666667"><ele>163.7</ele><time>2026-09-11T21:27:49Z</time></trkpt>
      <trkpt lat="41.48589833333333" lon="-81.74679833333333"><ele>163.7</ele><time>2026-09-11T21:27:50Z</time></trkpt>
      <trkpt lat="41.48589833333333" lon="-81.7468"><ele>162.5</ele><time>2026-09-11T21:27:51Z</time></trkpt>
      <trkpt lat="41.48589833333333" lon="-81.74680166666667"><ele>162.5</ele><time>2026-09-11T21:27:52Z</time></trkpt>
      <trkpt lat="41.48589833333333" lon="-81.74680166666667"><ele>162.5</ele><time>2026-09-11T21:27:53Z</time></trkpt>
      <trkpt lat="41.48589833333333" lon="-81.74680333333333"><ele>162.5</ele><time>2026-09-11T21:27:54Z</time></trkpt>
      <trkpt lat="41.48589833333333" lon="-81.74680333333333"><ele>162.5</ele><time>2026-09-11T21:27:55Z</time></trkpt>
      <trkpt lat="41.48589833333333" lon="-81.74680666666667"><ele>162.5</ele><time>2026-09-11T21:27:56Z</time></trkpt>
      <trkpt lat="41.48589333333334" lon="-81.74681166666667"><ele>162.5</ele><time>2026-09-11T21:27:57Z</time></trkpt>
      <trkpt lat="41.48589166666667" lon="-81.74681666666666"><ele>162.5</ele><time>2026-09-11T21:27:58Z</time></trkpt>
      <trkpt lat="41.485888333333335" lon="-81.74681833333334"><ele>162.5</ele><time>2026-09-11T21:27:59Z</time></trkpt>
      <trkpt lat="41.485886666666666" lon="-81.74682166666666"><ele>162.5</ele><time>2026-09-11T21:28:00Z</time></trkpt>
      <trkpt lat="41.485885" lon="-81.746825"><ele>162.7</ele><time>2026-09-11T21:28:01Z</time></trkpt>
      <trkpt lat="41.485885" lon="-81.74682"><ele>162.7</ele><time>2026-09-11T21:28:02Z</time></trkpt>
      <trkpt lat="41.485895" lon="-81.74681333333334"><ele>162.7</ele><time>2026-09-11T21:28:03Z</time></trkpt>
      <trkpt lat="41.48590333333333" lon="-81.74681166666667"><ele>162.7</ele><time>2026-09-11T21:28:04Z</time></trkpt>
      <trkpt lat="41.485908333333334" lon="-81.74681333333334"><ele>162.7</ele><time>2026-09-11T21:28:05Z</time></trkpt>
      <trkpt lat="41.48591" lon="-81.74681666666666"><ele>162.7</ele><time>2026-09-11T21:28:06Z</time></trkpt>
      <trkpt lat="41.48591" lon="-81.746825"><ele>162.7</ele><time>2026-09-11T21:28:07Z</time></trkpt>
      <trkpt lat="41.48591" lon="-81.74683166666667"><ele>162.7</ele><time>2026-09-11T21:28:08Z</time></trkpt>
      <trkpt lat="41.48591" lon="-81.74683833333333"><ele>162.5</ele><time>2026-09-11T21:28:09Z</time></trkpt>
      <trkpt lat="41.48591166666667" lon="-81.74684333333333"><ele>162.5</ele><time>2026-09-11T21:28:10Z</time></trkpt>
      <trkpt lat="41.485915" lon="-81.74684333333333"><ele>162.5</ele><time>2026-09-11T21:28:11Z</time></trkpt>
      <trkpt lat="41.485915" lon="-81.74684"><ele>162.5</ele><time>2026-09-11T21:28:12Z</time></trkpt>
      <trkpt lat="41.48591166666667" lon="-81.74682666666666"><ele>162.5</ele><time>2026-09-11T21:28:13Z</time></trkpt>
      <trkpt lat="41.485906666666665" lon="-81.74681333333334"><ele>162.5</ele><time>2026-09-11T21:28:14Z</time></trkpt>
      <trkpt lat="41.485906666666665" lon="-81.74680333333333"><ele>162.5</ele><time>2026-09-11T21:28:15Z</time></trkpt>
      <trkpt lat="41.485905" lon="-81.74679833333333"><ele>162.5</ele><time>2026-09-11T21:28:16Z</time></trkpt>
      <trkpt lat="41.48590333333333" lon="-81.74680166666667"><ele>163.8</ele><time>2026-09-11T21:28:17Z</time></trkpt>
      <trkpt lat="41.48590333333333" lon="-81.746805"><ele>163.8</ele><time>2026-09-11T21:28:18Z</time></trkpt>
      <trkpt lat="41.48590333333333" lon="-81.74680833333333"><ele>163.8</ele><time>2026-09-11T21:28:19Z</time></trkpt>
      <trkpt lat="41.48590333333333" lon="-81.74681166666667"><ele>163.8</ele><time>2026-09-11T21:28:20Z</time></trkpt>
      <trkpt lat="41.485905" lon="-81.746815"><ele>163.8</ele><time>2026-09-11T21:28:21Z</time></trkpt>
      <trkpt lat="41.485908333333334" lon="-81.74681666666666"><ele>163.8</ele><time>2026-09-11T21:28:22Z</time></trkpt>
      <trkpt lat="41.48591" lon="-81.74681833333334"><ele>163.8</ele><time>2026-09-11T21:28:23Z</time></trkpt>
      <trkpt lat="41.48591166666667" lon="-81.74682"><ele>163.8</ele><time>2026-09-11T21:28:24Z</time></trkpt>
      <trkpt lat="41.485913333333336" lon="-81.74682166666666"><ele>162.5</ele><time>2026-09-11T21:28:25Z</time></trkpt>
      <trkpt lat="41.485915" lon="-81.74682166666666"><ele>162.5</ele><time>2026-09-11T21:28:26Z</time></trkpt>
      <trkpt lat="41.48591666666667" lon="-81.74682333333334"><ele>162.5</ele><time>2026-09-11T21:28:27Z</time></trkpt>
      <trkpt lat="41.48591833333333" lon="-81.74682333333334"><ele>162.5</ele><time>2026-09-11T21:28:28Z</time></trkpt>
      <trkpt lat="41.48592" lon="-81.74682333333334"><ele>162.5</ele><time>2026-09-11T21:28:29Z</time></trkpt>
      <trkpt lat="41.48592" lon="-81.74682333333334"><ele>162.5</ele><time>2026-09-11T21:28:30Z</time></trkpt>
      <trkpt lat="41.48592166666667" lon="-81.74682333333334"><ele>162.5</ele><time>2026-09-11T21:28:31Z</time></trkpt>
      <trkpt lat="41.48592166666667" lon="-81.74682166666666"><ele>162.7</ele><time>2026-09-11T21:28:32Z</time></trkpt>
      <trkpt lat="41.48592333333333" lon="-81.74682"><ele>162.7</ele><time>2026-09-11T21:28:33Z</time></trkpt>
      <trkpt lat="41.48592333333333" lon="-81.74682"><ele>162.7</ele><time>2026-09-11T21:28:34Z</time></trkpt>
      <trkpt lat="41.48592333333333" lon="-81.74682"><ele>162.7</ele><time>2026-09-11T21:28:35Z</time></trkpt>
      <trkpt lat="41.485925" lon="-81.74682"><ele>162.7</ele><time>2026-09-11T21:28:36Z</time></trkpt>
      <trkpt lat="41.485926666666664" lon="-81.746815"><ele>162.7</ele><time>2026-09-11T21:28:37Z</time></trkpt>
      <trkpt lat="41.48592333333333" lon="-81.74681166666667"><ele>162.7</ele><time>2026-09-11T21:28:38Z</time></trkpt>
      <trkpt lat="41.48592166666667" lon="-81.74681"><ele>162.7</ele><time>2026-09-11T21:28:39Z</time></trkpt>
      <trkpt lat="41.48592333333333" lon="-81.74681"><ele>163.7</ele><time>2026-09-11T21:28:40Z</time></trkpt>
      <trkpt lat="41.485925" lon="-81.74680833333333"><ele>163.7</ele><time>2026-09-11T21:28:41Z</time></trkpt>
      <trkpt lat="41.485926666666664" lon="-81.74680833333333"><ele>163.7</ele><time>2026-09-11T21:28:42Z</time></trkpt>
      <trkpt lat="41.485928333333334" lon="-81.74680833333333"><ele>163.7</ele><time>2026-09-11T21:28:43Z</time></trkpt>
      <trkpt lat="41.485928333333334" lon="-81.74681"><ele>163.7</ele><time>2026-09-11T21:28:44Z</time></trkpt>
      <trkpt lat="41.485928333333334" lon="-81.74681"><ele>163.7</ele><time>2026-09-11T21:28:45Z</time></trkpt>
      <trkpt lat="41.485928333333334" lon="-81.74680833333333"><ele>163.7</ele><time>2026-09-11T21:28:46Z</time></trkpt>
      <trkpt lat="41.485928333333334" lon="-81.74680833333333"><ele>163.7</ele><time>2026-09-11T21:28:47Z</time></trkpt>
      <trkpt lat="41.485928333333334" lon="-81.74680833333333"><ele>163.1</ele><time>2026-09-11T21:28:48Z</time></trkpt>
      <trkpt lat="41.48593" lon="-81.74680833333333"><ele>163.1</ele><time>2026-09-11T21:28:49Z</time></trkpt>
      <trkpt lat="41.48593" lon="-81.74681166666667"><ele>163.1</ele><time>2026-09-11T21:28:50Z</time></trkpt>
      <trkpt lat="41.485931666666666" lon="-81.74681333333334"><ele>163.1</ele><time>2026-09-11T21:28:51Z</time></trkpt>
      <trkpt lat="41.485931666666666" lon="-81.74681333333334"><ele>163.1</ele><time>2026-09-11T21:28:52Z</time></trkpt>
      <trkpt lat="41.485935" lon="-81.74681166666667"><ele>163.1</ele><time>2026-09-11T21:28:54Z</time></trkpt>
      <trkpt lat="41.48594333333333" lon="-81.746805"><ele>163.1</ele><time>2026-09-11T21:28:55Z</time></trkpt>
      <trkpt lat="41.485945" lon="-81.74679833333333"><ele>162.6</ele><time>2026-09-11T21:28:56Z</time></trkpt>
      <trkpt lat="41.48594833333333" lon="-81.74679"><ele>162.6</ele><time>2026-09-11T21:28:57Z</time></trkpt>
      <trkpt lat="41.48595666666667" lon="-81.74678"><ele>162.6</ele><time>2026-09-11T21:28:58Z</time></trkpt>
      <trkpt lat="41.48596" lon="-81.74677666666666"><ele>162.6</ele><time>2026-09-11T21:28:59Z</time></trkpt>
      <trkpt lat="41.48596166666667" lon="-81.746775"><ele>162.6</ele><time>2026-09-11T21:29:00Z</time></trkpt>
      <trkpt lat="41.48596333333333" lon="-81.74677666666666"><ele>163</ele><time>2026-09-11T21:29:01Z</time></trkpt>
      <trkpt lat="41.48596333333333" lon="-81.74677833333334"><ele>163</ele><time>2026-09-11T21:29:02Z</time></trkpt>
      <trkpt lat="41.485965" lon="-81.74677833333334"><ele>163</ele><time>2026-09-11T21:29:03Z</time></trkpt>
      <trkpt lat="41.48596666666667" lon="-81.74677833333334"><ele>163</ele><time>2026-09-11T21:29:04Z</time></trkpt>
      <trkpt lat="41.48596666666667" lon="-81.74678166666666"><ele>163</ele><time>2026-09-11T21:29:05Z</time></trkpt>
      <trkpt lat="41.48596666666667" lon="-81.74678333333334"><ele>163</ele><time>2026-09-11T21:29:06Z</time></trkpt>
      <trkpt lat="41.48596833333333" lon="-81.74678333333334"><ele>163</ele><time>2026-09-11T21:29:07Z</time></trkpt>
      <trkpt lat="41.48596833333333" lon="-81.74678333333334"><ele>163</ele><time>2026-09-11T21:29:08Z</time></trkpt>
      <trkpt lat="41.48597" lon="-81.74678166666666"><ele>163</ele><time>2026-09-11T21:29:09Z</time></trkpt>
      <trkpt lat="41.48597" lon="-81.74678166666666"><ele>163</ele><time>2026-09-11T21:29:10Z</time></trkpt>
      <trkpt lat="41.48597" lon="-81.74678"><ele>163</ele><time>2026-09-11T21:29:11Z</time></trkpt>
      <trkpt lat="41.48597" lon="-81.74678"><ele>163</ele><time>2026-09-11T21:29:12Z</time></trkpt>
      <trkpt lat="41.48597" lon="-81.74678"><ele>163</ele><time>2026-09-11T21:29:13Z</time></trkpt>
      <trkpt lat="41.48597" lon="-81.74677833333334"><ele>162.8</ele><time>2026-09-11T21:29:14Z</time></trkpt>
      <trkpt lat="41.485971666666664" lon="-81.74677833333334"><ele>162.8</ele><time>2026-09-11T21:29:15Z</time></trkpt>
      <trkpt lat="41.485975" lon="-81.746775"><ele>162.8</ele><time>2026-09-11T21:29:16Z</time></trkpt>
      <trkpt lat="41.485976666666666" lon="-81.74676666666667"><ele>162.8</ele><time>2026-09-11T21:29:17Z</time></trkpt>
      <trkpt lat="41.485973333333334" lon="-81.74675166666667"><ele>162.8</ele><time>2026-09-11T21:29:18Z</time></trkpt>
      <trkpt lat="41.485971666666664" lon="-81.74674333333333"><ele>162.8</ele><time>2026-09-11T21:29:19Z</time></trkpt>
      <trkpt lat="41.48596666666667" lon="-81.74673833333334"><ele>162.8</ele><time>2026-09-11T21:29:20Z</time></trkpt>
      <trkpt lat="41.48596666666667" lon="-81.74673"><ele>163.1</ele><time>2026-09-11T21:29:21Z</time></trkpt>
      <trkpt lat="41.48597" lon="-81.74673333333334"><ele>163.1</ele><time>2026-09-11T21:29:22Z</time></trkpt>
      <trkpt lat="41.48596666666667" lon="-81.74673833333334"><ele>163.1</ele><time>2026-09-11T21:29:23Z</time></trkpt>
      <trkpt lat="41.485965" lon="-81.74674"><ele>163.1</ele><time>2026-09-11T21:29:24Z</time></trkpt>
      <trkpt lat="41.48596333333333" lon="-81.74674"><ele>163.1</ele><time>2026-09-11T21:29:25Z</time></trkpt>
      <trkpt lat="41.48596333333333" lon="-81.74674"><ele>163.1</ele><time>2026-09-11T21:29:26Z</time></trkpt>
      <trkpt lat="41.48596333333333" lon="-81.74673833333334"><ele>163.1</ele><time>2026-09-11T21:29:27Z</time></trkpt>
      <trkpt lat="41.48596333333333" lon="-81.74674333333333"><ele>163.1</ele><time>2026-09-11T21:29:28Z</time></trkpt>
      <trkpt lat="41.48596333333333" lon="-81.746745"><ele>163.299</ele><time>2026-09-11T21:29:29Z</time></trkpt>
      <trkpt lat="41.48596333333333" lon="-81.74674833333333"><ele>163.3</ele><time>2026-09-11T21:29:30Z</time></trkpt>
      <trkpt lat="41.48596333333333" lon="-81.74674833333333"><ele>163.3</ele><time>2026-09-11T21:29:31Z</time></trkpt>
      <trkpt lat="41.48596166666667" lon="-81.74674833333333"><ele>163.3</ele><time>2026-09-11T21:29:32Z</time></trkpt>
      <trkpt lat="41.48596166666667" lon="-81.74674666666667"><ele>163.3</ele><time>2026-09-11T21:29:33Z</time></trkpt>
      <trkpt lat="41.48596333333333" lon="-81.74674333333333"><ele>163.3</ele><time>2026-09-11T21:29:34Z</time></trkpt>
      <trkpt lat="41.48596333333333" lon="-81.74674166666667"><ele>163.3</ele><time>2026-09-11T21:29:35Z</time></trkpt>
      <trkpt lat="41.485965" lon="-81.74673666666666"><ele>163.3</ele><time>2026-09-11T21:29:36Z</time></trkpt>
      <trkpt lat="41.485965" lon="-81.74673"><ele>163.3</ele><time>2026-09-11T21:29:37Z</time></trkpt>
      <trkpt lat="41.48596166666667" lon="-81.74670666666667"><ele>163.5</ele><time>2026-09-11T21:29:38Z</time></trkpt>
      <trkpt lat="41.48596" lon="-81.746695"><ele>163.5</ele><time>2026-09-11T21:29:39Z</time></trkpt>
      <trkpt lat="41.485958333333336" lon="-81.74668166666666"><ele>163.5</ele><time>2026-09-11T21:29:40Z</time></trkpt>
      <trkpt lat="41.485958333333336" lon="-81.74666833333333"><ele>163.5</ele><time>2026-09-11T21:29:41Z</time></trkpt>
      <trkpt lat="41.48596166666667" lon="-81.74666166666667"><ele>163.5</ele><time>2026-09-11T21:29:42Z</time></trkpt>
      <trkpt lat="41.48596333333333" lon="-81.74665666666667"><ele>163.5</ele><time>2026-09-11T21:29:43Z</time></trkpt>
      <trkpt lat="41.48596333333333" lon="-81.746655"><ele>163.5</ele><time>2026-09-11T21:29:44Z</time></trkpt>
      <trkpt lat="41.48596666666667" lon="-81.74665666666667"><ele>163.1</ele><time>2026-09-11T21:29:45Z</time></trkpt>
      <trkpt lat="41.48596666666667" lon="-81.746655"><ele>163.1</ele><time>2026-09-11T21:29:46Z</time></trkpt>
      <trkpt lat="41.48596333333333" lon="-81.746655"><ele>163.1</ele><time>2026-09-11T21:29:47Z</time></trkpt>
      <trkpt lat="41.48596333333333" lon="-81.74665666666667"><ele>163.1</ele><time>2026-09-11T21:29:48Z</time></trkpt>
      <trkpt lat="41.48596333333333" lon="-81.74666"><ele>163.1</ele><time>2026-09-11T21:29:49Z</time></trkpt>
      <trkpt lat="41.48596333333333" lon="-81.74666333333333"><ele>163.799</ele><time>2026-09-11T21:29:50Z</time></trkpt>
      <trkpt lat="41.48596166666667" lon="-81.746665"><ele>163.799</ele><time>2026-09-11T21:29:51Z</time></trkpt>
      <trkpt lat="41.48596166666667" lon="-81.74666666666667"><ele>163.799</ele><time>2026-09-11T21:29:52Z</time></trkpt>
      <trkpt lat="41.48596166666667" lon="-81.74666833333333"><ele>163.8</ele><time>2026-09-11T21:29:53Z</time></trkpt>
      <trkpt lat="41.48596166666667" lon="-81.74667"><ele>163.8</ele><time>2026-09-11T21:29:54Z</time></trkpt>
      <trkpt lat="41.48596166666667" lon="-81.74667333333333"><ele>163.8</ele><time>2026-09-11T21:29:55Z</time></trkpt>
      <trkpt lat="41.48596333333333" lon="-81.746675"><ele>163.8</ele><time>2026-09-11T21:29:56Z</time></trkpt>
      <trkpt lat="41.48596333333333" lon="-81.746675"><ele>163.8</ele><time>2026-09-11T21:29:57Z</time></trkpt>
      <trkpt lat="41.48596333333333" lon="-81.74667333333333"><ele>163.3</ele><time>2026-09-11T21:29:58Z</time></trkpt>
      <trkpt lat="41.485965" lon="-81.746675"><ele>163.3</ele><time>2026-09-11T21:29:59Z</time></trkpt>
      <trkpt lat="41.48596666666667" lon="-81.74667666666667"><ele>163.3</ele><time>2026-09-11T21:30:00Z</time></trkpt>
      <trkpt lat="41.48596666666667" lon="-81.74667833333334"><ele>163.3</ele><time>2026-09-11T21:30:01Z</time></trkpt>
      <trkpt lat="41.48596833333333" lon="-81.74667833333334"><ele>163.3</ele><time>2026-09-11T21:30:02Z</time></trkpt>
      <trkpt lat="41.48597" lon="-81.74667666666667"><ele>163.3</ele><time>2026-09-11T21:30:03Z</time></trkpt>
      <trkpt lat="41.48597" lon="-81.74667666666667"><ele>163.3</ele><time>2026-09-11T21:30:04Z</time></trkpt>
      <trkpt lat="41.48597" lon="-81.74667666666667"><ele>163.3</ele><time>2026-09-11T21:30:05Z</time></trkpt>
      <trkpt lat="41.485971666666664" lon="-81.74667666666667"><ele>162.7</ele><time>2026-09-11T21:30:06Z</time></trkpt>
      <trkpt lat="41.48597" lon="-81.74667833333334"><ele>162.7</ele><time>2026-09-11T21:30:07Z</time></trkpt>
      <trkpt lat="41.48597" lon="-81.74667833333334"><ele>162.7</ele><time>2026-09-11T21:30:08Z</time></trkpt>
      <trkpt lat="41.485971666666664" lon="-81.74667333333333"><ele>162.7</ele><time>2026-09-11T21:30:09Z</time></trkpt>
      <trkpt lat="41.485971666666664" lon="-81.74666833333333"><ele>162.7</ele><time>2026-09-11T21:30:10Z</time></trkpt>
      <trkpt lat="41.485975" lon="-81.74666333333333"><ele>163.7</ele><time>2026-09-11T21:30:11Z</time></trkpt>
      <trkpt lat="41.485976666666666" lon="-81.74666"><ele>163.7</ele><time>2026-09-11T21:30:12Z</time></trkpt>
      <trkpt lat="41.485975" lon="-81.74663666666666"><ele>163.7</ele><time>2026-09-11T21:30:13Z</time></trkpt>
      <trkpt lat="41.485973333333334" lon="-81.74663166666667"><ele>163.7</ele><time>2026-09-11T21:30:14Z</time></trkpt>
      <trkpt lat="41.485971666666664" lon="-81.74661833333333"><ele>163.7</ele><time>2026-09-11T21:30:15Z</time></trkpt>
      <trkpt lat="41.48597" lon="-81.746585"><ele>163.7</ele><time>2026-09-11T21:30:16Z</time></trkpt>
      <trkpt lat="41.48596833333333" lon="-81.74657666666667"><ele>163.7</ele><time>2026-09-11T21:30:17Z</time></trkpt>
      <trkpt lat="41.48596666666667" lon="-81.74656666666667"><ele>163.7</ele><time>2026-09-11T21:30:18Z</time></trkpt>
      <trkpt lat="41.48596166666667" lon="-81.746555"><ele>162.799</ele><time>2026-09-11T21:30:19Z</time></trkpt>
      <trkpt lat="41.48594833333333" lon="-81.74654166666667"><ele>162.799</ele><time>2026-09-11T21:30:20Z</time></trkpt>
      <trkpt lat="41.485945" lon="-81.746535"><ele>162.799</ele><time>2026-09-11T21:30:21Z</time></trkpt>
      <trkpt lat="41.48593833333333" lon="-81.74652333333333"><ele>162.799</ele><time>2026-09-11T21:30:22Z</time></trkpt>
      <trkpt lat="41.485933333333335" lon="-81.74651166666666"><ele>162.8</ele><time>2026-09-11T21:30:23Z</time></trkpt>
      <trkpt lat="41.485928333333334" lon="-81.74649166666667"><ele>162.8</ele><time>2026-09-11T21:30:24Z</time></trkpt>
      <trkpt lat="41.485928333333334" lon="-81.74647666666667"><ele>162.8</ele><time>2026-09-11T21:30:25Z</time></trkpt>
      <trkpt lat="41.485928333333334" lon="-81.74647"><ele>163.3</ele><time>2026-09-11T21:30:26Z</time></trkpt>
      <trkpt lat="41.485926666666664" lon="-81.74646166666666"><ele>163.3</ele><time>2026-09-11T21:30:27Z</time></trkpt>
      <trkpt lat="41.48592" lon="-81.74643666666667"><ele>163.3</ele><time>2026-09-11T21:30:28Z</time></trkpt>
      <trkpt lat="41.48591833333333" lon="-81.74642833333333"><ele>163.3</ele><time>2026-09-11T21:30:29Z</time></trkpt>
      <trkpt lat="41.48591666666667" lon="-81.74641833333334"><ele>163.3</ele><time>2026-09-11T21:30:30Z</time></trkpt>
      <trkpt lat="41.485915" lon="-81.74640833333333"><ele>163.3</ele><time>2026-09-11T21:30:31Z</time></trkpt>
      <trkpt lat="41.485913333333336" lon="-81.74639166666667"><ele>163.3</ele><time>2026-09-11T21:30:32Z</time></trkpt>
      <trkpt lat="41.485913333333336" lon="-81.74638"><ele>163.3</ele><time>2026-09-11T21:30:33Z</time></trkpt>
      <trkpt lat="41.48591666666667" lon="-81.74637"><ele>162.8</ele><time>2026-09-11T21:30:34Z</time></trkpt>
      <trkpt lat="41.48591833333333" lon="-81.74636166666667"><ele>162.8</ele><time>2026-09-11T21:30:35Z</time></trkpt>
      <trkpt lat="41.48592" lon="-81.74635166666667"><ele>162.8</ele><time>2026-09-11T21:30:36Z</time></trkpt>
      <trkpt lat="41.48592166666667" lon="-81.74634166666667"><ele>162.8</ele><time>2026-09-11T21:30:37Z</time></trkpt>
      <trkpt lat="41.48592166666667" lon="-81.74633666666666"><ele>162.8</ele><time>2026-09-11T21:30:38Z</time></trkpt>
      <trkpt lat="41.48592" lon="-81.74632333333334"><ele>162.8</ele><time>2026-09-11T21:30:39Z</time></trkpt>
      <trkpt lat="41.485925" lon="-81.74631166666667"><ele>162.8</ele><time>2026-09-11T21:30:40Z</time></trkpt>
      <trkpt lat="41.485928333333334" lon="-81.74630333333333"><ele>162.8</ele><time>2026-09-11T21:30:41Z</time></trkpt>
      <trkpt lat="41.48594" lon="-81.74629666666667"><ele>162.8</ele><time>2026-09-11T21:30:42Z</time></trkpt>
      <trkpt lat="41.485945" lon="-81.74629"><ele>162.8</ele><time>2026-09-11T21:30:43Z</time></trkpt>
      <trkpt lat="41.48594833333333" lon="-81.74627666666666"><ele>162.8</ele><time>2026-09-11T21:30:44Z</time></trkpt>
      <trkpt lat="41.485951666666665" lon="-81.74626833333333"><ele>162.8</ele><time>2026-09-11T21:30:45Z</time></trkpt>
      <trkpt lat="41.485958333333336" lon="-81.746255"><ele>162.8</ele><time>2026-09-11T21:30:46Z</time></trkpt>
      <trkpt lat="41.48596" lon="-81.746245"><ele>162.8</ele><time>2026-09-11T21:30:47Z</time></trkpt>
      <trkpt lat="41.48596166666667" lon="-81.74623166666666"><ele>162.8</ele><time>2026-09-11T21:30:48Z</time></trkpt>
      <trkpt lat="41.48596333333333" lon="-81.74622"><ele>163.7</ele><time>2026-09-11T21:30:49Z</time></trkpt>
      <trkpt lat="41.485965" lon="-81.74621333333333"><ele>163.7</ele><time>2026-09-11T21:30:50Z</time></trkpt>
      <trkpt lat="41.48596666666667" lon="-81.746205"><ele>163.7</ele><time>2026-09-11T21:30:51Z</time></trkpt>
      <trkpt lat="41.485971666666664" lon="-81.74619"><ele>163.7</ele><time>2026-09-11T21:30:52Z</time></trkpt>
      <trkpt lat="41.485976666666666" lon="-81.746175"><ele>163.7</ele><time>2026-09-11T21:30:53Z</time></trkpt>
      <trkpt lat="41.485978333333335" lon="-81.74616833333333"><ele>163.7</ele><time>2026-09-11T21:30:54Z</time></trkpt>
      <trkpt lat="41.48598333333333" lon="-81.74615333333334"><ele>163.7</ele><time>2026-09-11T21:30:55Z</time></trkpt>
      <trkpt lat="41.48598833333333" lon="-81.746145"><ele>163.7</ele><time>2026-09-11T21:30:56Z</time></trkpt>
      <trkpt lat="41.48599" lon="-81.74612166666667"><ele>163.3</ele><time>2026-09-11T21:30:57Z</time></trkpt>
      <trkpt lat="41.48599" lon="-81.746115"><ele>163.3</ele><time>2026-09-11T21:30:58Z</time></trkpt>
      <trkpt lat="41.48599333333333" lon="-81.74610666666666"><ele>163.3</ele><time>2026-09-11T21:30:59Z</time></trkpt>
      <trkpt lat="41.485998333333335" lon="-81.7461"><ele>163.3</ele><time>2026-09-11T21:31:00Z</time></trkpt>
      <trkpt lat="41.48600666666667" lon="-81.74608833333333"><ele>163.3</ele><time>2026-09-11T21:31:01Z</time></trkpt>
      <trkpt lat="41.48601166666667" lon="-81.74607666666667"><ele>163.3</ele><time>2026-09-11T21:31:02Z</time></trkpt>
      <trkpt lat="41.486015" lon="-81.74606166666666"><ele>163.3</ele><time>2026-09-11T21:31:03Z</time></trkpt>
      <trkpt lat="41.486016666666664" lon="-81.74605666666666"><ele>163.3</ele><time>2026-09-11T21:31:04Z</time></trkpt>
      <trkpt lat="41.486016666666664" lon="-81.74604666666667"><ele>163.3</ele><time>2026-09-11T21:31:05Z</time></trkpt>
      <trkpt lat="41.486016666666664" lon="-81.74603166666667"><ele>162.8</ele><time>2026-09-11T21:31:06Z</time></trkpt>
      <trkpt lat="41.486018333333334" lon="-81.74601833333334"><ele>162.8</ele><time>2026-09-11T21:31:07Z</time></trkpt>
      <trkpt lat="41.486021666666666" lon="-81.74600333333333"><ele>162.8</ele><time>2026-09-11T21:31:08Z</time></trkpt>
      <trkpt lat="41.486023333333335" lon="-81.74599666666667"><ele>162.8</ele><time>2026-09-11T21:31:09Z</time></trkpt>
      <trkpt lat="41.486025" lon="-81.74598166666667"><ele>162.8</ele><time>2026-09-11T21:31:10Z</time></trkpt>
      <trkpt lat="41.48602666666667" lon="-81.74597"><ele>162.8</ele><time>2026-09-11T21:31:11Z</time></trkpt>
      <trkpt lat="41.48602833333333" lon="-81.745955"><ele>162.8</ele><time>2026-09-11T21:31:12Z</time></trkpt>
      <trkpt lat="41.48602833333333" lon="-81.74595"><ele>163.7</ele><time>2026-09-11T21:31:13Z</time></trkpt>
      <trkpt lat="41.48603166666667" lon="-81.74594166666667"><ele>163.7</ele><time>2026-09-11T21:31:14Z</time></trkpt>
      <trkpt lat="41.486036666666664" lon="-81.74592833333334"><ele>163.7</ele><time>2026-09-11T21:31:15Z</time></trkpt>
      <trkpt lat="41.48604" lon="-81.74592166666666"><ele>163.7</ele><time>2026-09-11T21:31:16Z</time></trkpt>
      <trkpt lat="41.486043333333335" lon="-81.74590666666667"><ele>163.7</ele><time>2026-09-11T21:31:17Z</time></trkpt>
      <trkpt lat="41.486048333333336" lon="-81.74589"><ele>163.7</ele><time>2026-09-11T21:31:18Z</time></trkpt>
      <trkpt lat="41.48605" lon="-81.745885"><ele>163.7</ele><time>2026-09-11T21:31:19Z</time></trkpt>
      <trkpt lat="41.486055" lon="-81.745875"><ele>163.7</ele><time>2026-09-11T21:31:20Z</time></trkpt>
      <trkpt lat="41.486066666666666" lon="-81.74585666666667"><ele>162.6</ele><time>2026-09-11T21:31:21Z</time></trkpt>
      <trkpt lat="41.486068333333336" lon="-81.74585"><ele>162.6</ele><time>2026-09-11T21:31:22Z</time></trkpt>
      <trkpt lat="41.48607166666667" lon="-81.74584333333334"><ele>162.6</ele><time>2026-09-11T21:31:23Z</time></trkpt>
      <trkpt lat="41.48607833333333" lon="-81.74582833333334"><ele>162.6</ele><time>2026-09-11T21:31:24Z</time></trkpt>
      <trkpt lat="41.486081666666664" lon="-81.74582166666667"><ele>162.6</ele><time>2026-09-11T21:31:25Z</time></trkpt>
      <trkpt lat="41.48609" lon="-81.74580833333333"><ele>162.6</ele><time>2026-09-11T21:31:26Z</time></trkpt>
      <trkpt lat="41.486095" lon="-81.74579833333334"><ele>162.6</ele><time>2026-09-11T21:31:27Z</time></trkpt>
      <trkpt lat="41.48609833333333" lon="-81.74579166666666"><ele>162.6</ele><time>2026-09-11T21:31:28Z</time></trkpt>
      <trkpt lat="41.486105" lon="-81.745785"><ele>162.5</ele><time>2026-09-11T21:31:29Z</time></trkpt>
      <trkpt lat="41.486108333333334" lon="-81.74577833333333"><ele>162.5</ele><time>2026-09-11T21:31:30Z</time></trkpt>
      <trkpt lat="41.48611833333333" lon="-81.74576833333333"><ele>162.5</ele><time>2026-09-11T21:31:31Z</time></trkpt>
      <trkpt lat="41.48612166666667" lon="-81.74576166666667"><ele>162.5</ele><time>2026-09-11T21:31:32Z</time></trkpt>
      <trkpt lat="41.48612833333333" lon="-81.74575166666666"><ele>162.5</ele><time>2026-09-11T21:31:33Z</time></trkpt>
      <trkpt lat="41.486133333333335" lon="-81.745745"><ele>162.5</ele><time>2026-09-11T21:31:34Z</time></trkpt>
      <trkpt lat="41.48614333333333" lon="-81.74573833333334"><ele>162.5</ele><time>2026-09-11T21:31:35Z</time></trkpt>
      <trkpt lat="41.48615" lon="-81.74573166666667"><ele>162.5</ele><time>2026-09-11T21:31:36Z</time></trkpt>
      <trkpt lat="41.486153333333334" lon="-81.74572333333333"><ele>163.1</ele><time>2026-09-11T21:31:37Z</time></trkpt>
      <trkpt lat="41.48616166666667" lon="-81.74571166666666"><ele>163.1</ele><time>2026-09-11T21:31:38Z</time></trkpt>
      <trkpt lat="41.48616666666667" lon="-81.74570666666666"><ele>163.1</ele><time>2026-09-11T21:31:39Z</time></trkpt>
      <trkpt lat="41.486175" lon="-81.74569666666666"><ele>163.1</ele><time>2026-09-11T21:31:40Z</time></trkpt>
      <trkpt lat="41.48618" lon="-81.74568833333333"><ele>163.1</ele><time>2026-09-11T21:31:41Z</time></trkpt>
      <trkpt lat="41.486185" lon="-81.745685"><ele>163.1</ele><time>2026-09-11T21:31:42Z</time></trkpt>
      <trkpt lat="41.48619333333333" lon="-81.74567666666667"><ele>163.1</ele><time>2026-09-11T21:31:43Z</time></trkpt>
      <trkpt lat="41.486205" lon="-81.74566833333333"><ele>163.7</ele><time>2026-09-11T21:31:44Z</time></trkpt>
      <trkpt lat="41.48621" lon="-81.74566333333334"><ele>163.7</ele><time>2026-09-11T21:31:45Z</time></trkpt>
      <trkpt lat="41.48622" lon="-81.745655"><ele>163.7</ele><time>2026-09-11T21:31:46Z</time></trkpt>
      <trkpt lat="41.486225" lon="-81.74565166666666"><ele>163.7</ele><time>2026-09-11T21:31:47Z</time></trkpt>
      <trkpt lat="41.486235" lon="-81.74564666666667"><ele>163.7</ele><time>2026-09-11T21:31:48Z</time></trkpt>
      <trkpt lat="41.486243333333334" lon="-81.745645"><ele>163.7</ele><time>2026-09-11T21:31:49Z</time></trkpt>
      <trkpt lat="41.48625166666667" lon="-81.74564"><ele>163.7</ele><time>2026-09-11T21:31:50Z</time></trkpt>
      <trkpt lat="41.48625666666667" lon="-81.74563666666667"><ele>163.7</ele><time>2026-09-11T21:31:51Z</time></trkpt>
      <trkpt lat="41.486265" lon="-81.74562833333333"><ele>162.5</ele><time>2026-09-11T21:31:52Z</time></trkpt>
      <trkpt lat="41.486266666666666" lon="-81.74562166666666"><ele>162.5</ele><time>2026-09-11T21:31:53Z</time></trkpt>
      <trkpt lat="41.486268333333335" lon="-81.74560666666666"><ele>162.5</ele><time>2026-09-11T21:31:54Z</time></trkpt>
      <trkpt lat="41.486265" lon="-81.74559166666667"><ele>162.5</ele><time>2026-09-11T21:31:55Z</time></trkpt>
      <trkpt lat="41.48626" lon="-81.74557666666666"><ele>162.5</ele><time>2026-09-11T21:31:56Z</time></trkpt>
      <trkpt lat="41.48625666666667" lon="-81.74556666666666"><ele>162.5</ele><time>2026-09-11T21:31:57Z</time></trkpt>
      <trkpt lat="41.486248333333336" lon="-81.74555333333333"><ele>162.5</ele><time>2026-09-11T21:31:58Z</time></trkpt>
      <trkpt lat="41.486245" lon="-81.74554333333333"><ele>162.5</ele><time>2026-09-11T21:31:59Z</time></trkpt>
      <trkpt lat="41.48623833333333" lon="-81.745535"><ele>163.7</ele><time>2026-09-11T21:32:00Z</time></trkpt>
      <trkpt lat="41.48623666666667" lon="-81.74553"><ele>163.7</ele><time>2026-09-11T21:32:01Z</time></trkpt>
      <trkpt lat="41.48623166666667" lon="-81.74551333333334"><ele>163.7</ele><time>2026-09-11T21:32:02Z</time></trkpt>
      <trkpt lat="41.48623" lon="-81.74550333333333"><ele>163.7</ele><time>2026-09-11T21:32:03Z</time></trkpt>
      <trkpt lat="41.486223333333335" lon="-81.74548833333333"><ele>163.7</ele><time>2026-09-11T21:32:04Z</time></trkpt>
      <trkpt lat="41.48622" lon="-81.745475"><ele>163.7</ele><time>2026-09-11T21:32:05Z</time></trkpt>
      <trkpt lat="41.486216666666664" lon="-81.74546666666667"><ele>163.7</ele><time>2026-09-11T21:32:06Z</time></trkpt>
      <trkpt lat="41.48621" lon="-81.74545"><ele>163.7</ele><time>2026-09-11T21:32:07Z</time></trkpt>
      <trkpt lat="41.48620666666667" lon="-81.74544"><ele>163.5</ele><time>2026-09-11T21:32:08Z</time></trkpt>
      <trkpt lat="41.486205" lon="-81.745425"><ele>163.5</ele><time>2026-09-11T21:32:09Z</time></trkpt>
      <trkpt lat="41.486201666666666" lon="-81.74541"><ele>163.5</ele><time>2026-09-11T21:32:10Z</time></trkpt>
      <trkpt lat="41.4862" lon="-81.7454"><ele>163.5</ele><time>2026-09-11T21:32:11Z</time></trkpt>
      <trkpt lat="41.486198333333334" lon="-81.745385"><ele>163.5</ele><time>2026-09-11T21:32:12Z</time></trkpt>
      <trkpt lat="41.486198333333334" lon="-81.74537166666667"><ele>163.5</ele><time>2026-09-11T21:32:13Z</time></trkpt>
      <trkpt lat="41.486196666666665" lon="-81.74536333333333"><ele>163.5</ele><time>2026-09-11T21:32:14Z</time></trkpt>
      <trkpt lat="41.486196666666665" lon="-81.74535166666666"><ele>163.5</ele><time>2026-09-11T21:32:15Z</time></trkpt>
      <trkpt lat="41.486196666666665" lon="-81.74534166666666"><ele>163.5</ele><time>2026-09-11T21:32:16Z</time></trkpt>
      <trkpt lat="41.486195" lon="-81.74532666666667"><ele>163.2</ele><time>2026-09-11T21:32:17Z</time></trkpt>
      <trkpt lat="41.486196666666665" lon="-81.745315"><ele>163.2</ele><time>2026-09-11T21:32:18Z</time></trkpt>
      <trkpt lat="41.486198333333334" lon="-81.74529833333334"><ele>163.2</ele><time>2026-09-11T21:32:19Z</time></trkpt>
      <trkpt lat="41.4862" lon="-81.74528833333333"><ele>163.2</ele><time>2026-09-11T21:32:20Z</time></trkpt>
      <trkpt lat="41.486201666666666" lon="-81.74528"><ele>163.2</ele><time>2026-09-11T21:32:21Z</time></trkpt>
      <trkpt lat="41.48620666666667" lon="-81.74526833333333"><ele>163.2</ele><time>2026-09-11T21:32:22Z</time></trkpt>
      <trkpt lat="41.48620833333333" lon="-81.74526"><ele>163.2</ele><time>2026-09-11T21:32:23Z</time></trkpt>
      <trkpt lat="41.48621166666667" lon="-81.74525"><ele>162.5</ele><time>2026-09-11T21:32:24Z</time></trkpt>
      <trkpt lat="41.48621166666667" lon="-81.74524"><ele>162.5</ele><time>2026-09-11T21:32:25Z</time></trkpt>
      <trkpt lat="41.48621166666667" lon="-81.74523166666667"><ele>162.5</ele><time>2026-09-11T21:32:26Z</time></trkpt>
      <trkpt lat="41.48621166666667" lon="-81.745215"><ele>162.5</ele><time>2026-09-11T21:32:27Z</time></trkpt>
      <trkpt lat="41.48620833333333" lon="-81.74519833333333"><ele>162.5</ele><time>2026-09-11T21:32:28Z</time></trkpt>
      <trkpt lat="41.48620666666667" lon="-81.74518666666667"><ele>162.5</ele><time>2026-09-11T21:32:29Z</time></trkpt>
      <trkpt lat="41.48620666666667" lon="-81.74516666666666"><ele>162.5</ele><time>2026-09-11T21:32:30Z</time></trkpt>
      <trkpt lat="41.48621" lon="-81.74515"><ele>162.5</ele><time>2026-09-11T21:32:31Z</time></trkpt>
      <trkpt lat="41.48621" lon="-81.74514"><ele>162.5</ele><time>2026-09-11T21:32:32Z</time></trkpt>
      <trkpt lat="41.48621333333333" lon="-81.745125"><ele>162.5</ele><time>2026-09-11T21:32:33Z</time></trkpt>
      <trkpt lat="41.48621833333333" lon="-81.74511"><ele>162.5</ele><time>2026-09-11T21:32:34Z</time></trkpt>
      <trkpt lat="41.486221666666665" lon="-81.7451"><ele>162.5</ele><time>2026-09-11T21:32:35Z</time></trkpt>
      <trkpt lat="41.48622833333334" lon="-81.74508333333333"><ele>162.5</ele><time>2026-09-11T21:32:36Z</time></trkpt>
      <trkpt lat="41.48622833333334" lon="-81.74507666666666"><ele>162.5</ele><time>2026-09-11T21:32:37Z</time></trkpt>
      <trkpt lat="41.48623" lon="-81.74506166666667"><ele>162.5</ele><time>2026-09-11T21:32:38Z</time></trkpt>
      <trkpt lat="41.48622833333334" lon="-81.74505166666667"><ele>162.5</ele><time>2026-09-11T21:32:39Z</time></trkpt>
      <trkpt lat="41.48622833333334" lon="-81.74503833333333"><ele>162.6</ele><time>2026-09-11T21:32:40Z</time></trkpt>
      <trkpt lat="41.48622666666667" lon="-81.74503"><ele>162.6</ele><time>2026-09-11T21:32:41Z</time></trkpt>
      <trkpt lat="41.486223333333335" lon="-81.74501333333333"><ele>162.6</ele><time>2026-09-11T21:32:42Z</time></trkpt>
      <trkpt lat="41.48622" lon="-81.745005"><ele>162.6</ele><time>2026-09-11T21:32:43Z</time></trkpt>
      <trkpt lat="41.486216666666664" lon="-81.74499166666666"><ele>162.6</ele><time>2026-09-11T21:32:44Z</time></trkpt>
      <trkpt lat="41.48621333333333" lon="-81.744985"><ele>162.6</ele><time>2026-09-11T21:32:45Z</time></trkpt>
      <trkpt lat="41.48621" lon="-81.74497666666667"><ele>162.6</ele><time>2026-09-11T21:32:46Z</time></trkpt>
      <trkpt lat="41.486205" lon="-81.74496666666667"><ele>162.6</ele><time>2026-09-11T21:32:47Z</time></trkpt>
      <trkpt lat="41.486201666666666" lon="-81.74495333333333"><ele>162.5</ele><time>2026-09-11T21:32:48Z</time></trkpt>
      <trkpt lat="41.486198333333334" lon="-81.74493666666666"><ele>162.5</ele><time>2026-09-11T21:32:49Z</time></trkpt>
      <trkpt lat="41.486196666666665" lon="-81.74493"><ele>162.5</ele><time>2026-09-11T21:32:50Z</time></trkpt>
      <trkpt lat="41.48619333333333" lon="-81.74492166666667"><ele>162.5</ele><time>2026-09-11T21:32:51Z</time></trkpt>
      <trkpt lat="41.48618833333333" lon="-81.74490333333334"><ele>162.5</ele><time>2026-09-11T21:32:52Z</time></trkpt>
      <trkpt lat="41.48618666666667" lon="-81.74489333333334"><ele>162.5</ele><time>2026-09-11T21:32:53Z</time></trkpt>
      <trkpt lat="41.48618166666667" lon="-81.744885"><ele>162.5</ele><time>2026-09-11T21:32:54Z</time></trkpt>
      <trkpt lat="41.486178333333335" lon="-81.74487333333333"><ele>162.5</ele><time>2026-09-11T21:32:55Z</time></trkpt>
      <trkpt lat="41.486175" lon="-81.74486166666667"><ele>162.5</ele><time>2026-09-11T21:32:56Z</time></trkpt>
      <trkpt lat="41.48617333333333" lon="-81.74485333333334"><ele>162.5</ele><time>2026-09-11T21:32:57Z</time></trkpt>
      <trkpt lat="41.48616833333333" lon="-81.74483833333333"><ele>162.5</ele><time>2026-09-11T21:32:58Z</time></trkpt>
      <trkpt lat="41.486165" lon="-81.744825"><ele>162.5</ele><time>2026-09-11T21:32:59Z</time></trkpt>
      <trkpt lat="41.48616" lon="-81.74481166666666"><ele>162.5</ele><time>2026-09-11T21:33:00Z</time></trkpt>
      <trkpt lat="41.486155" lon="-81.74479666666667"><ele>162.5</ele><time>2026-09-11T21:33:01Z</time></trkpt>
      <trkpt lat="41.486151666666665" lon="-81.74478"><ele>162.5</ele><time>2026-09-11T21:33:02Z</time></trkpt>
      <trkpt lat="41.48614833333333" lon="-81.74477"><ele>162.5</ele><time>2026-09-11T21:33:03Z</time></trkpt>
      <trkpt lat="41.486145" lon="-81.74475333333334"><ele>162.5</ele><time>2026-09-11T21:33:04Z</time></trkpt>
      <trkpt lat="41.48614166666667" lon="-81.74473666666667"><ele>162.5</ele><time>2026-09-11T21:33:05Z</time></trkpt>
      <trkpt lat="41.48613666666667" lon="-81.74472666666666"><ele>162.5</ele><time>2026-09-11T21:33:06Z</time></trkpt>
      <trkpt lat="41.486133333333335" lon="-81.744715"><ele>162.5</ele><time>2026-09-11T21:33:07Z</time></trkpt>
      <trkpt lat="41.48612833333333" lon="-81.74470333333333"><ele>162.5</ele><time>2026-09-11T21:33:08Z</time></trkpt>
      <trkpt lat="41.486126666666664" lon="-81.74469666666667"><ele>162.5</ele><time>2026-09-11T21:33:09Z</time></trkpt>
      <trkpt lat="41.48612166666667" lon="-81.74467833333334"><ele>162.5</ele><time>2026-09-11T21:33:10Z</time></trkpt>
      <trkpt lat="41.48612" lon="-81.74466666666666"><ele>162.6</ele><time>2026-09-11T21:33:11Z</time></trkpt>
      <trkpt lat="41.486115" lon="-81.74465666666667"><ele>162.6</ele><time>2026-09-11T21:33:12Z</time></trkpt>
      <trkpt lat="41.486113333333336" lon="-81.744645"><ele>162.6</ele><time>2026-09-11T21:33:13Z</time></trkpt>
      <trkpt lat="41.48611" lon="-81.74463166666666"><ele>162.6</ele><time>2026-09-11T21:33:14Z</time></trkpt>
      <trkpt lat="41.486108333333334" lon="-81.74462"><ele>162.6</ele><time>2026-09-11T21:33:15Z</time></trkpt>
      <trkpt lat="41.48611" lon="-81.74460333333333"><ele>162.6</ele><time>2026-09-11T21:33:16Z</time></trkpt>
      <trkpt lat="41.48611" lon="-81.74459"><ele>162.5</ele><time>2026-09-11T21:33:17Z</time></trkpt>
      <trkpt lat="41.48611" lon="-81.74457666666666"><ele>162.5</ele><time>2026-09-11T21:33:18Z</time></trkpt>
      <trkpt lat="41.48611" lon="-81.74456333333333"><ele>162.5</ele><time>2026-09-11T21:33:19Z</time></trkpt>
      <trkpt lat="41.48611" lon="-81.74455333333333"><ele>162.5</ele><time>2026-09-11T21:33:20Z</time></trkpt>
      <trkpt lat="41.486108333333334" lon="-81.74453666666666"><ele>162.5</ele><time>2026-09-11T21:33:21Z</time></trkpt>
      <trkpt lat="41.486108333333334" lon="-81.744525"><ele>162.5</ele><time>2026-09-11T21:33:22Z</time></trkpt>
      <trkpt lat="41.486105" lon="-81.74450833333333"><ele>162.5</ele><time>2026-09-11T21:33:23Z</time></trkpt>
      <trkpt lat="41.48610333333333" lon="-81.74448666666666"><ele>162.5</ele><time>2026-09-11T21:33:24Z</time></trkpt>
      <trkpt lat="41.48610166666667" lon="-81.74448"><ele>162.5</ele><time>2026-09-11T21:33:25Z</time></trkpt>
      <trkpt lat="41.48610166666667" lon="-81.74447166666667"><ele>162.5</ele><time>2026-09-11T21:33:26Z</time></trkpt>
      <trkpt lat="41.48609833333333" lon="-81.74445666666666"><ele>162.5</ele><time>2026-09-11T21:33:27Z</time></trkpt>
      <trkpt lat="41.48609666666667" lon="-81.74444666666666"><ele>162.5</ele><time>2026-09-11T21:33:28Z</time></trkpt>
      <trkpt lat="41.486095" lon="-81.74443333333333"><ele>162.5</ele><time>2026-09-11T21:33:29Z</time></trkpt>
      <trkpt lat="41.48609" lon="-81.74442333333333"><ele>162.5</ele><time>2026-09-11T21:33:30Z</time></trkpt>
      <trkpt lat="41.486085" lon="-81.74441833333333"><ele>162.5</ele><time>2026-09-11T21:33:31Z</time></trkpt>
      <trkpt lat="41.48608333333333" lon="-81.74440833333334"><ele>162.5</ele><time>2026-09-11T21:33:32Z</time></trkpt>
      <trkpt lat="41.486081666666664" lon="-81.74439166666667"><ele>162.5</ele><time>2026-09-11T21:33:33Z</time></trkpt>
      <trkpt lat="41.48608" lon="-81.74438"><ele>162.5</ele><time>2026-09-11T21:33:34Z</time></trkpt>
      <trkpt lat="41.486088333333335" lon="-81.74437"><ele>162.5</ele><time>2026-09-11T21:33:35Z</time></trkpt>
      <trkpt lat="41.48609166666667" lon="-81.74436166666666"><ele>162.5</ele><time>2026-09-11T21:33:36Z</time></trkpt>
      <trkpt lat="41.48609166666667" lon="-81.74435"><ele>162.5</ele><time>2026-09-11T21:33:37Z</time></trkpt>
      <trkpt lat="41.486095" lon="-81.744345"><ele>162.5</ele><time>2026-09-11T21:33:38Z</time></trkpt>
      <trkpt lat="41.48609666666667" lon="-81.74433666666667"><ele>162.5</ele><time>2026-09-11T21:33:39Z</time></trkpt>
      <trkpt lat="41.48609666666667" lon="-81.74432666666667"><ele>162.5</ele><time>2026-09-11T21:33:40Z</time></trkpt>
      <trkpt lat="41.4861" lon="-81.74432333333333"><ele>162.5</ele><time>2026-09-11T21:33:41Z</time></trkpt>
      <trkpt lat="41.48610166666667" lon="-81.74431833333334"><ele>162.5</ele><time>2026-09-11T21:33:42Z</time></trkpt>
      <trkpt lat="41.486105" lon="-81.74431"><ele>162.5</ele><time>2026-09-11T21:33:43Z</time></trkpt>
      <trkpt lat="41.486106666666664" lon="-81.74430333333333"><ele>162.5</ele><time>2026-09-11T21:33:44Z</time></trkpt>
      <trkpt lat="41.486106666666664" lon="-81.74429666666667"><ele>162.5</ele><time>2026-09-11T21:33:45Z</time></trkpt>
      <trkpt lat="41.48611" lon="-81.74428666666667"><ele>162.5</ele><time>2026-09-11T21:33:46Z</time></trkpt>
      <trkpt lat="41.486113333333336" lon="-81.74427666666666"><ele>162.5</ele><time>2026-09-11T21:33:47Z</time></trkpt>
      <trkpt lat="41.486113333333336" lon="-81.74427"><ele>162.5</ele><time>2026-09-11T21:33:48Z</time></trkpt>
      <trkpt lat="41.48611666666667" lon="-81.74425666666667"><ele>162.5</ele><time>2026-09-11T21:33:49Z</time></trkpt>
      <trkpt lat="41.48612166666667" lon="-81.74424833333333"><ele>162.5</ele><time>2026-09-11T21:33:50Z</time></trkpt>
      <trkpt lat="41.486125" lon="-81.74424166666667"><ele>162.5</ele><time>2026-09-11T21:33:51Z</time></trkpt>
      <trkpt lat="41.486131666666665" lon="-81.74422833333334"><ele>162.5</ele><time>2026-09-11T21:33:52Z</time></trkpt>
      <trkpt lat="41.48613666666667" lon="-81.74421833333334"><ele>162.5</ele><time>2026-09-11T21:33:53Z</time></trkpt>
      <trkpt lat="41.48613833333334" lon="-81.74421166666667"><ele>162.5</ele><time>2026-09-11T21:33:54Z</time></trkpt>
      <trkpt lat="41.48613833333334" lon="-81.744205"><ele>162.5</ele><time>2026-09-11T21:33:55Z</time></trkpt>
      <trkpt lat="41.486145" lon="-81.74418166666666"><ele>162.5</ele><time>2026-09-11T21:33:57Z</time></trkpt>
      <trkpt lat="41.48614666666667" lon="-81.744175"><ele>162.6</ele><time>2026-09-11T21:33:58Z</time></trkpt>
      <trkpt lat="41.48614833333333" lon="-81.74417"><ele>162.6</ele><time>2026-09-11T21:33:59Z</time></trkpt>
      <trkpt lat="41.486151666666665" lon="-81.74415666666667"><ele>162.6</ele><time>2026-09-11T21:34:00Z</time></trkpt>
      <trkpt lat="41.486153333333334" lon="-81.744145"><ele>162.6</ele><time>2026-09-11T21:34:01Z</time></trkpt>
      <trkpt lat="41.486156666666666" lon="-81.744135"><ele>162.6</ele><time>2026-09-11T21:34:02Z</time></trkpt>
      <trkpt lat="41.48616" lon="-81.744125"><ele>162.6</ele><time>2026-09-11T21:34:03Z</time></trkpt>
      <trkpt lat="41.48616333333333" lon="-81.74411833333333"><ele>162.6</ele><time>2026-09-11T21:34:04Z</time></trkpt>
      <trkpt lat="41.48617" lon="-81.744105"><ele>162.6</ele><time>2026-09-11T21:34:05Z</time></trkpt>
      <trkpt lat="41.486171666666664" lon="-81.74409333333334"><ele>162.5</ele><time>2026-09-11T21:34:06Z</time></trkpt>
      <trkpt lat="41.48617333333333" lon="-81.74408166666667"><ele>162.5</ele><time>2026-09-11T21:34:07Z</time></trkpt>
      <trkpt lat="41.486176666666665" lon="-81.744075"><ele>162.5</ele><time>2026-09-11T21:34:08Z</time></trkpt>
      <trkpt lat="41.48618" lon="-81.74406333333333"><ele>162.5</ele><time>2026-09-11T21:34:09Z</time></trkpt>
      <trkpt lat="41.48618666666667" lon="-81.74405"><ele>162.5</ele><time>2026-09-11T21:34:10Z</time></trkpt>
      <trkpt lat="41.48619166666667" lon="-81.74403833333334"><ele>162.5</ele><time>2026-09-11T21:34:11Z</time></trkpt>
      <trkpt lat="41.486195" lon="-81.74402833333333"><ele>162.5</ele><time>2026-09-11T21:34:12Z</time></trkpt>
      <trkpt lat="41.486196666666665" lon="-81.74402"><ele>162.5</ele><time>2026-09-11T21:34:13Z</time></trkpt>
      <trkpt lat="41.486201666666666" lon="-81.74400833333334"><ele>162.5</ele><time>2026-09-11T21:34:14Z</time></trkpt>
      <trkpt lat="41.48620666666667" lon="-81.74399833333334"><ele>162.5</ele><time>2026-09-11T21:34:15Z</time></trkpt>
      <trkpt lat="41.48621333333333" lon="-81.743985"><ele>162.5</ele><time>2026-09-11T21:34:16Z</time></trkpt>
      <trkpt lat="41.486216666666664" lon="-81.74397666666667"><ele>162.5</ele><time>2026-09-11T21:34:17Z</time></trkpt>
      <trkpt lat="41.48622" lon="-81.74396333333334"><ele>162.5</ele><time>2026-09-11T21:34:18Z</time></trkpt>
      <trkpt lat="41.486225" lon="-81.74394833333334"><ele>162.5</ele><time>2026-09-11T21:34:19Z</time></trkpt>
      <trkpt lat="41.48622666666667" lon="-81.74392833333333"><ele>162.5</ele><time>2026-09-11T21:34:20Z</time></trkpt>
      <trkpt lat="41.48622833333334" lon="-81.74392"><ele>162.5</ele><time>2026-09-11T21:34:21Z</time></trkpt>
      <trkpt lat="41.48623333333333" lon="-81.743905"><ele>162.5</ele><time>2026-09-11T21:34:22Z</time></trkpt>
      <trkpt lat="41.48623333333333" lon="-81.743895"><ele>162.5</ele><time>2026-09-11T21:34:23Z</time></trkpt>
      <trkpt lat="41.48623666666667" lon="-81.74388"><ele>162.5</ele><time>2026-09-11T21:34:24Z</time></trkpt>
      <trkpt lat="41.48623833333333" lon="-81.74387"><ele>162.5</ele><time>2026-09-11T21:34:25Z</time></trkpt>
      <trkpt lat="41.48624" lon="-81.74386166666666"><ele>162.5</ele><time>2026-09-11T21:34:26Z</time></trkpt>
      <trkpt lat="41.48624" lon="-81.74385333333333"><ele>162.5</ele><time>2026-09-11T21:34:27Z</time></trkpt>
      <trkpt lat="41.486241666666665" lon="-81.74384"><ele>162.5</ele><time>2026-09-11T21:34:28Z</time></trkpt>
      <trkpt lat="41.48624" lon="-81.743835"><ele>162.5</ele><time>2026-09-11T21:34:29Z</time></trkpt>
      <trkpt lat="41.486241666666665" lon="-81.74383"><ele>162.5</ele><time>2026-09-11T21:34:30Z</time></trkpt>
      <trkpt lat="41.486243333333334" lon="-81.74382166666666"><ele>162.5</ele><time>2026-09-11T21:34:31Z</time></trkpt>
      <trkpt lat="41.486246666666666" lon="-81.74381"><ele>162.5</ele><time>2026-09-11T21:34:32Z</time></trkpt>
      <trkpt lat="41.486246666666666" lon="-81.74379666666667"><ele>162.5</ele><time>2026-09-11T21:34:33Z</time></trkpt>
      <trkpt lat="41.486246666666666" lon="-81.74378833333333"><ele>162.5</ele><time>2026-09-11T21:34:34Z</time></trkpt>
      <trkpt lat="41.486246666666666" lon="-81.74377666666666"><ele>162.5</ele><time>2026-09-11T21:34:35Z</time></trkpt>
      <trkpt lat="41.486246666666666" lon="-81.74377"><ele>162.5</ele><time>2026-09-11T21:34:36Z</time></trkpt>
      <trkpt lat="41.486246666666666" lon="-81.743755"><ele>162.5</ele><time>2026-09-11T21:34:37Z</time></trkpt>
      <trkpt lat="41.486246666666666" lon="-81.74374666666667"><ele>162.5</ele><time>2026-09-11T21:34:38Z</time></trkpt>
      <trkpt lat="41.486246666666666" lon="-81.74373"><ele>162.5</ele><time>2026-09-11T21:34:39Z</time></trkpt>
      <trkpt lat="41.486245" lon="-81.74372333333334"><ele>162.5</ele><time>2026-09-11T21:34:40Z</time></trkpt>
      <trkpt lat="41.486246666666666" lon="-81.74371333333333"><ele>162.5</ele><time>2026-09-11T21:34:41Z</time></trkpt>
      <trkpt lat="41.486243333333334" lon="-81.74370666666667"><ele>162.5</ele><time>2026-09-11T21:34:42Z</time></trkpt>
      <trkpt lat="41.486243333333334" lon="-81.7437"><ele>162.5</ele><time>2026-09-11T21:34:43Z</time></trkpt>
      <trkpt lat="41.48623833333333" lon="-81.743685"><ele>162.5</ele><time>2026-09-11T21:34:44Z</time></trkpt>
      <trkpt lat="41.48623666666667" lon="-81.74368166666666"><ele>162.5</ele><time>2026-09-11T21:34:45Z</time></trkpt>
      <trkpt lat="41.486235" lon="-81.74367333333333"><ele>162.5</ele><time>2026-09-11T21:34:46Z</time></trkpt>
      <trkpt lat="41.48623333333333" lon="-81.74367166666667"><ele>162.5</ele><time>2026-09-11T21:34:47Z</time></trkpt>
      <trkpt lat="41.48623" lon="-81.74367333333333"><ele>162.5</ele><time>2026-09-11T21:34:48Z</time></trkpt>
      <trkpt lat="41.48623166666667" lon="-81.74367833333334"><ele>162.5</ele><time>2026-09-11T21:34:49Z</time></trkpt>
      <trkpt lat="41.48623166666667" lon="-81.74368166666666"><ele>162.5</ele><time>2026-09-11T21:34:50Z</time></trkpt>
      <trkpt lat="41.48623" lon="-81.74368166666666"><ele>162.5</ele><time>2026-09-11T21:34:51Z</time></trkpt>
      <trkpt lat="41.48623" lon="-81.74368333333334"><ele>162.5</ele><time>2026-09-11T21:34:52Z</time></trkpt>
      <trkpt lat="41.48623" lon="-81.74368333333334"><ele>162.5</ele><time>2026-09-11T21:34:53Z</time></trkpt>
      <trkpt lat="41.48623" lon="-81.74368333333334"><ele>162.5</ele><time>2026-09-11T21:34:54Z</time></trkpt>
      <trkpt lat="41.48623" lon="-81.74368333333334"><ele>162.5</ele><time>2026-09-11T21:34:55Z</time></trkpt>
      <trkpt lat="41.48622833333334" lon="-81.74368333333334"><ele>162.5</ele><time>2026-09-11T21:34:56Z</time></trkpt>
      <trkpt lat="41.48623" lon="-81.74368166666666"><ele>162.5</ele><time>2026-09-11T21:34:57Z</time></trkpt>
      <trkpt lat="41.48623" lon="-81.74367833333334"><ele>162.5</ele><time>2026-09-11T21:34:58Z</time></trkpt>
      <trkpt lat="41.48623" lon="-81.74367666666667"><ele>162.5</ele><time>2026-09-11T21:34:59Z</time></trkpt>
      <trkpt lat="41.48623" lon="-81.74367666666667"><ele>162.5</ele><time>2026-09-11T21:35:00Z</time></trkpt>
      <trkpt lat="41.48623" lon="-81.74366833333333"><ele>162.5</ele><time>2026-09-11T21:35:01Z</time></trkpt>
      <trkpt lat="41.48623" lon="-81.74366"><ele>162.5</ele><time>2026-09-11T21:35:02Z</time></trkpt>
      <trkpt lat="41.48623" lon="-81.74365166666666"><ele>162.5</ele><time>2026-09-11T21:35:03Z</time></trkpt>
      <trkpt lat="41.48623" lon="-81.74364333333334"><ele>162.5</ele><time>2026-09-11T21:35:04Z</time></trkpt>
      <trkpt lat="41.48622833333334" lon="-81.74363666666666"><ele>162.5</ele><time>2026-09-11T21:35:05Z</time></trkpt>
      <trkpt lat="41.48622833333334" lon="-81.74362833333333"><ele>162.5</ele><time>2026-09-11T21:35:06Z</time></trkpt>
      <trkpt lat="41.48622833333334" lon="-81.74362666666667"><ele>162.5</ele><time>2026-09-11T21:35:07Z</time></trkpt>
      <trkpt lat="41.48622833333334" lon="-81.74362666666667"><ele>162.5</ele><time>2026-09-11T21:35:08Z</time></trkpt>
      <trkpt lat="41.48622833333334" lon="-81.743625"><ele>162.5</ele><time>2026-09-11T21:35:09Z</time></trkpt>
      <trkpt lat="41.48622833333334" lon="-81.74362333333333"><ele>162.5</ele><time>2026-09-11T21:35:10Z</time></trkpt>
      <trkpt lat="41.48622833333334" lon="-81.74362333333333"><ele>162.5</ele><time>2026-09-11T21:35:11Z</time></trkpt>
      <trkpt lat="41.48623" lon="-81.74362333333333"><ele>162.5</ele><time>2026-09-11T21:35:12Z</time></trkpt>
      <trkpt lat="41.48623" lon="-81.74362166666667"><ele>162.5</ele><time>2026-09-11T21:35:13Z</time></trkpt>
      <trkpt lat="41.48623166666667" lon="-81.74362166666667"><ele>162.5</ele><time>2026-09-11T21:35:14Z</time></trkpt>
      <trkpt lat="41.48623333333333" lon="-81.74362333333333"><ele>162.5</ele><time>2026-09-11T21:35:15Z</time></trkpt>
      <trkpt lat="41.486235" lon="-81.74362333333333"><ele>162.5</ele><time>2026-09-11T21:35:16Z</time></trkpt>
      <trkpt lat="41.486235" lon="-81.74362333333333"><ele>162.5</ele><time>2026-09-11T21:35:17Z</time></trkpt>
      <trkpt lat="41.48623833333333" lon="-81.743625"><ele>162.5</ele><time>2026-09-11T21:35:18Z</time></trkpt>
      <trkpt lat="41.48623833333333" lon="-81.74362666666667"><ele>162.5</ele><time>2026-09-11T21:35:19Z</time></trkpt>
      <trkpt lat="41.48623833333333" lon="-81.743625"><ele>162.5</ele><time>2026-09-11T21:35:20Z</time></trkpt>
      <trkpt lat="41.48624" lon="-81.74362666666667"><ele>162.5</ele><time>2026-09-11T21:35:21Z</time></trkpt>
      <trkpt lat="41.486241666666665" lon="-81.74362666666667"><ele>162.5</ele><time>2026-09-11T21:35:22Z</time></trkpt>
      <trkpt lat="41.486243333333334" lon="-81.74362666666667"><ele>162.5</ele><time>2026-09-11T21:35:23Z</time></trkpt>
      <trkpt lat="41.486243333333334" lon="-81.74362333333333"><ele>162.5</ele><time>2026-09-11T21:35:24Z</time></trkpt>
      <trkpt lat="41.486245" lon="-81.74361833333333"><ele>162.5</ele><time>2026-09-11T21:35:25Z</time></trkpt>
      <trkpt lat="41.48625166666667" lon="-81.74361166666667"><ele>162.5</ele><time>2026-09-11T21:35:26Z</time></trkpt>
      <trkpt lat="41.486255" lon="-81.74360333333334"><ele>162.5</ele><time>2026-09-11T21:35:27Z</time></trkpt>
      <trkpt lat="41.48625666666667" lon="-81.74359666666666"><ele>162.5</ele><time>2026-09-11T21:35:28Z</time></trkpt>
      <trkpt lat="41.48625833333333" lon="-81.74357833333333"><ele>162.5</ele><time>2026-09-11T21:35:29Z</time></trkpt>
      <trkpt lat="41.48626" lon="-81.74356833333333"><ele>162.5</ele><time>2026-09-11T21:35:30Z</time></trkpt>
      <trkpt lat="41.48626333333333" lon="-81.743555"><ele>162.5</ele><time>2026-09-11T21:35:31Z</time></trkpt>
      <trkpt lat="41.486266666666666" lon="-81.74354"><ele>162.5</ele><time>2026-09-11T21:35:32Z</time></trkpt>
      <trkpt lat="41.486266666666666" lon="-81.74352"><ele>162.5</ele><time>2026-09-11T21:35:33Z</time></trkpt>
      <trkpt lat="41.486266666666666" lon="-81.74351"><ele>162.5</ele><time>2026-09-11T21:35:34Z</time></trkpt>
      <trkpt lat="41.48627" lon="-81.74349333333333"><ele>163.3</ele><time>2026-09-11T21:35:35Z</time></trkpt>
      <trkpt lat="41.486275" lon="-81.74348333333333"><ele>163.8</ele><time>2026-09-11T21:35:36Z</time></trkpt>
      <trkpt lat="41.48627833333333" lon="-81.74346833333334"><ele>163.7</ele><time>2026-09-11T21:35:37Z</time></trkpt>
      <trkpt lat="41.48628" lon="-81.74345666666666"><ele>163.8</ele><time>2026-09-11T21:35:38Z</time></trkpt>
      <trkpt lat="41.48628166666666" lon="-81.74344833333333"><ele>163.8</ele><time>2026-09-11T21:35:39Z</time></trkpt>
      <trkpt lat="41.48628166666666" lon="-81.743435"><ele>163.7</ele><time>2026-09-11T21:35:40Z</time></trkpt>
      <trkpt lat="41.48628333333333" lon="-81.74342833333333"><ele>163.7</ele><time>2026-09-11T21:35:41Z</time></trkpt>
      <trkpt lat="41.48628333333333" lon="-81.74341833333334"><ele>163.7</ele><time>2026-09-11T21:35:42Z</time></trkpt>
      <trkpt lat="41.48628333333333" lon="-81.74341"><ele>163.5</ele><time>2026-09-11T21:35:43Z</time></trkpt>
      <trkpt lat="41.48628333333333" lon="-81.74340166666667"><ele>163.5</ele><time>2026-09-11T21:35:44Z</time></trkpt>
      <trkpt lat="41.48628333333333" lon="-81.74338833333333"><ele>163.6</ele><time>2026-09-11T21:35:45Z</time></trkpt>
      <trkpt lat="41.48628166666666" lon="-81.74337666666666"><ele>163.5</ele><time>2026-09-11T21:35:46Z</time></trkpt>
      <trkpt lat="41.48628166666666" lon="-81.74336833333334"><ele>163.5</ele><time>2026-09-11T21:35:47Z</time></trkpt>
      <trkpt lat="41.48628" lon="-81.74335166666667"><ele>163.5</ele><time>2026-09-11T21:35:48Z</time></trkpt>
      <trkpt lat="41.48628" lon="-81.74334166666667"><ele>163.5</ele><time>2026-09-11T21:35:49Z</time></trkpt>
      <trkpt lat="41.48628" lon="-81.74332333333334"><ele>163.5</ele><time>2026-09-11T21:35:50Z</time></trkpt>
      <trkpt lat="41.48627666666667" lon="-81.74331"><ele>163.5</ele><time>2026-09-11T21:35:51Z</time></trkpt>
      <trkpt lat="41.48627166666667" lon="-81.74329"><ele>163.5</ele><time>2026-09-11T21:35:52Z</time></trkpt>
      <trkpt lat="41.48627166666667" lon="-81.743285"><ele>163.4</ele><time>2026-09-11T21:35:53Z</time></trkpt>
      <trkpt lat="41.48627166666667" lon="-81.74327666666667"><ele>163.4</ele><time>2026-09-11T21:35:54Z</time></trkpt>
      <trkpt lat="41.48627" lon="-81.74326833333333"><ele>162.5</ele><time>2026-09-11T21:35:55Z</time></trkpt>
      <trkpt lat="41.48627" lon="-81.743255"><ele>162.5</ele><time>2026-09-11T21:35:56Z</time></trkpt>
      <trkpt lat="41.48627" lon="-81.743245"><ele>162.5</ele><time>2026-09-11T21:35:57Z</time></trkpt>
      <trkpt lat="41.48627" lon="-81.74323166666667"><ele>162.5</ele><time>2026-09-11T21:35:58Z</time></trkpt>
      <trkpt lat="41.48627333333334" lon="-81.743215"><ele>162.5</ele><time>2026-09-11T21:35:59Z</time></trkpt>
      <trkpt lat="41.48627333333334" lon="-81.74320833333333"><ele>162.5</ele><time>2026-09-11T21:36:00Z</time></trkpt>
      <trkpt lat="41.486275" lon="-81.74320166666666"><ele>162.5</ele><time>2026-09-11T21:36:01Z</time></trkpt>
      <trkpt lat="41.48628" lon="-81.74319166666666"><ele>163.5</ele><time>2026-09-11T21:36:02Z</time></trkpt>
      <trkpt lat="41.486285" lon="-81.74318333333333"><ele>163.5</ele><time>2026-09-11T21:36:03Z</time></trkpt>
      <trkpt lat="41.486286666666665" lon="-81.743175"><ele>163.5</ele><time>2026-09-11T21:36:04Z</time></trkpt>
      <trkpt lat="41.486291666666666" lon="-81.743165"><ele>163.6</ele><time>2026-09-11T21:36:05Z</time></trkpt>
      <trkpt lat="41.486295" lon="-81.74315833333333"><ele>163.6</ele><time>2026-09-11T21:36:06Z</time></trkpt>
      <trkpt lat="41.48630333333333" lon="-81.74314833333334"><ele>163.7</ele><time>2026-09-11T21:36:07Z</time></trkpt>
      <trkpt lat="41.486306666666664" lon="-81.74314"><ele>163.299</ele><time>2026-09-11T21:36:08Z</time></trkpt>
      <trkpt lat="41.486308333333334" lon="-81.74313333333333"><ele>163.299</ele><time>2026-09-11T21:36:09Z</time></trkpt>
      <trkpt lat="41.486311666666666" lon="-81.74312333333333"><ele>163.299</ele><time>2026-09-11T21:36:10Z</time></trkpt>
      <trkpt lat="41.486313333333335" lon="-81.74311"><ele>163.2</ele><time>2026-09-11T21:36:11Z</time></trkpt>
      <trkpt lat="41.48631666666667" lon="-81.743085"><ele>163.2</ele><time>2026-09-11T21:36:12Z</time></trkpt>
      <trkpt lat="41.48631666666667" lon="-81.74308"><ele>163.2</ele><time>2026-09-11T21:36:13Z</time></trkpt>
      <trkpt lat="41.48631833333334" lon="-81.74307166666667"><ele>163.2</ele><time>2026-09-11T21:36:14Z</time></trkpt>
      <trkpt lat="41.48631833333334" lon="-81.74305666666666"><ele>163.1</ele><time>2026-09-11T21:36:15Z</time></trkpt>
      <trkpt lat="41.48631833333334" lon="-81.74304166666667"><ele>163.1</ele><time>2026-09-11T21:36:16Z</time></trkpt>
      <trkpt lat="41.48632166666667" lon="-81.74302666666667"><ele>163.2</ele><time>2026-09-11T21:36:17Z</time></trkpt>
      <trkpt lat="41.48632333333333" lon="-81.74301333333334"><ele>163.2</ele><time>2026-09-11T21:36:18Z</time></trkpt>
      <trkpt lat="41.48632666666666" lon="-81.74299833333333"><ele>163.3</ele><time>2026-09-11T21:36:19Z</time></trkpt>
      <trkpt lat="41.48633" lon="-81.74299166666667"><ele>163.3</ele><time>2026-09-11T21:36:20Z</time></trkpt>
      <trkpt lat="41.486331666666665" lon="-81.742985"><ele>163.3</ele><time>2026-09-11T21:36:21Z</time></trkpt>
      <trkpt lat="41.48634" lon="-81.74296833333334"><ele>163.2</ele><time>2026-09-11T21:36:22Z</time></trkpt>
      <trkpt lat="41.48634833333333" lon="-81.74296"><ele>162.5</ele><time>2026-09-11T21:36:23Z</time></trkpt>
      <trkpt lat="41.486351666666664" lon="-81.74295333333333"><ele>162.5</ele><time>2026-09-11T21:36:24Z</time></trkpt>
      <trkpt lat="41.486358333333335" lon="-81.74294333333333"><ele>162.5</ele><time>2026-09-11T21:36:25Z</time></trkpt>
      <trkpt lat="41.48636666666667" lon="-81.74293333333334"><ele>162.5</ele><time>2026-09-11T21:36:26Z</time></trkpt>
      <trkpt lat="41.48637333333333" lon="-81.74292333333334"><ele>162.5</ele><time>2026-09-11T21:36:27Z</time></trkpt>
      <trkpt lat="41.48638" lon="-81.74291166666667"><ele>162.5</ele><time>2026-09-11T21:36:28Z</time></trkpt>
      <trkpt lat="41.486383333333336" lon="-81.74290166666667"><ele>162.5</ele><time>2026-09-11T21:36:29Z</time></trkpt>
      <trkpt lat="41.48639" lon="-81.74289"><ele>162.5</ele><time>2026-09-11T21:36:30Z</time></trkpt>
      <trkpt lat="41.486395" lon="-81.74287666666666"><ele>163.2</ele><time>2026-09-11T21:36:31Z</time></trkpt>
      <trkpt lat="41.486403333333335" lon="-81.74286333333333"><ele>163.5</ele><time>2026-09-11T21:36:32Z</time></trkpt>
      <trkpt lat="41.48641" lon="-81.74285666666667"><ele>163.5</ele><time>2026-09-11T21:36:33Z</time></trkpt>
      <trkpt lat="41.486415" lon="-81.74285166666667"><ele>163.4</ele><time>2026-09-11T21:36:34Z</time></trkpt>
      <trkpt lat="41.48641833333333" lon="-81.74284833333333"><ele>163.4</ele><time>2026-09-11T21:36:35Z</time></trkpt>
      <trkpt lat="41.486421666666665" lon="-81.74284333333334"><ele>163.4</ele><time>2026-09-11T21:36:36Z</time></trkpt>
      <trkpt lat="41.48643" lon="-81.742835"><ele>163.2</ele><time>2026-09-11T21:36:37Z</time></trkpt>
      <trkpt lat="41.48643333333333" lon="-81.74283333333334"><ele>163.1</ele><time>2026-09-11T21:36:38Z</time></trkpt>
      <trkpt lat="41.48644" lon="-81.74282666666667"><ele>163.1</ele><time>2026-09-11T21:36:39Z</time></trkpt>
      <trkpt lat="41.486446666666666" lon="-81.74282"><ele>163.1</ele><time>2026-09-11T21:36:40Z</time></trkpt>
      <trkpt lat="41.486455" lon="-81.74281166666667"><ele>163.1</ele><time>2026-09-11T21:36:41Z</time></trkpt>
      <trkpt lat="41.48646166666666" lon="-81.742805"><ele>163.1</ele><time>2026-09-11T21:36:42Z</time></trkpt>
      <trkpt lat="41.486468333333335" lon="-81.74279833333334"><ele>163.1</ele><time>2026-09-11T21:36:43Z</time></trkpt>
      <trkpt lat="41.486473333333336" lon="-81.74279333333334"><ele>163.1</ele><time>2026-09-11T21:36:44Z</time></trkpt>
      <trkpt lat="41.48647666666667" lon="-81.742785"><ele>163.1</ele><time>2026-09-11T21:36:45Z</time></trkpt>
      <trkpt lat="41.48648166666667" lon="-81.74277"><ele>163.1</ele><time>2026-09-11T21:36:46Z</time></trkpt>
      <trkpt lat="41.486486666666664" lon="-81.74275666666666"><ele>163.2</ele><time>2026-09-11T21:36:47Z</time></trkpt>
      <trkpt lat="41.486491666666666" lon="-81.74275"><ele>163.2</ele><time>2026-09-11T21:36:48Z</time></trkpt>
      <trkpt lat="41.48649666666667" lon="-81.742735"><ele>163.2</ele><time>2026-09-11T21:36:49Z</time></trkpt>
      <trkpt lat="41.4865" lon="-81.74272333333333"><ele>163.2</ele><time>2026-09-11T21:36:50Z</time></trkpt>
      <trkpt lat="41.48650166666667" lon="-81.742715"><ele>163.1</ele><time>2026-09-11T21:36:51Z</time></trkpt>
      <trkpt lat="41.486505" lon="-81.74270833333334"><ele>163.1</ele><time>2026-09-11T21:36:52Z</time></trkpt>
      <trkpt lat="41.48650666666666" lon="-81.74269833333334"><ele>163.299</ele><time>2026-09-11T21:36:53Z</time></trkpt>
      <trkpt lat="41.48650833333333" lon="-81.74269166666667"><ele>163.299</ele><time>2026-09-11T21:36:54Z</time></trkpt>
      <trkpt lat="41.486513333333335" lon="-81.74267833333333"><ele>163.2</ele><time>2026-09-11T21:36:55Z</time></trkpt>
      <trkpt lat="41.486518333333336" lon="-81.742665"><ele>163.2</ele><time>2026-09-11T21:36:56Z</time></trkpt>
      <trkpt lat="41.48652" lon="-81.74265833333334"><ele>163.2</ele><time>2026-09-11T21:36:57Z</time></trkpt>
      <trkpt lat="41.486525" lon="-81.74264"><ele>163.1</ele><time>2026-09-11T21:36:58Z</time></trkpt>
      <trkpt lat="41.48652833333333" lon="-81.74262333333333"><ele>163.299</ele><time>2026-09-11T21:36:59Z</time></trkpt>
      <trkpt lat="41.486531666666664" lon="-81.74261"><ele>163.299</ele><time>2026-09-11T21:37:00Z</time></trkpt>
      <trkpt lat="41.486535" lon="-81.74259"><ele>163.299</ele><time>2026-09-11T21:37:01Z</time></trkpt>
      <trkpt lat="41.486538333333336" lon="-81.74258"><ele>163.299</ele><time>2026-09-11T21:37:02Z</time></trkpt>
      <trkpt lat="41.48654166666667" lon="-81.74256166666666"><ele>163.6</ele><time>2026-09-11T21:37:03Z</time></trkpt>
      <trkpt lat="41.48654333333333" lon="-81.742545"><ele>163.4</ele><time>2026-09-11T21:37:04Z</time></trkpt>
      <trkpt lat="41.48654333333333" lon="-81.74252166666666"><ele>163.3</ele><time>2026-09-11T21:37:05Z</time></trkpt>
      <trkpt lat="41.48654333333333" lon="-81.74251666666666"><ele>163.3</ele><time>2026-09-11T21:37:06Z</time></trkpt>
      <trkpt lat="41.486545" lon="-81.74250833333333"><ele>163.3</ele><time>2026-09-11T21:37:07Z</time></trkpt>
      <trkpt lat="41.48654833333333" lon="-81.74249333333333"><ele>163.1</ele><time>2026-09-11T21:37:08Z</time></trkpt>
      <trkpt lat="41.48655" lon="-81.74248833333333"><ele>163.1</ele><time>2026-09-11T21:37:09Z</time></trkpt>
      <trkpt lat="41.48655333333333" lon="-81.74247666666666"><ele>163.1</ele><time>2026-09-11T21:37:10Z</time></trkpt>
      <trkpt lat="41.486556666666665" lon="-81.74246666666667"><ele>163.2</ele><time>2026-09-11T21:37:11Z</time></trkpt>
      <trkpt lat="41.48656" lon="-81.74244666666667"><ele>163.2</ele><time>2026-09-11T21:37:12Z</time></trkpt>
      <trkpt lat="41.48656166666667" lon="-81.74244166666666"><ele>163.2</ele><time>2026-09-11T21:37:13Z</time></trkpt>
      <trkpt lat="41.486565" lon="-81.74243"><ele>163.2</ele><time>2026-09-11T21:37:14Z</time></trkpt>
      <trkpt lat="41.486565" lon="-81.74242"><ele>163.2</ele><time>2026-09-11T21:37:15Z</time></trkpt>
      <trkpt lat="41.48656666666667" lon="-81.74240666666667"><ele>163.2</ele><time>2026-09-11T21:37:16Z</time></trkpt>
      <trkpt lat="41.48656666666667" lon="-81.742395"><ele>163.399</ele><time>2026-09-11T21:37:17Z</time></trkpt>
      <trkpt lat="41.48657" lon="-81.74237833333333"><ele>163.2</ele><time>2026-09-11T21:37:18Z</time></trkpt>
      <trkpt lat="41.48657166666667" lon="-81.74237"><ele>163.2</ele><time>2026-09-11T21:37:19Z</time></trkpt>
      <trkpt lat="41.48657166666667" lon="-81.742355"><ele>163.2</ele><time>2026-09-11T21:37:20Z</time></trkpt>
      <trkpt lat="41.48657166666667" lon="-81.74233833333334"><ele>163.299</ele><time>2026-09-11T21:37:21Z</time></trkpt>
      <trkpt lat="41.48657166666667" lon="-81.74232833333333"><ele>163.299</ele><time>2026-09-11T21:37:22Z</time></trkpt>
      <trkpt lat="41.48657166666667" lon="-81.74231"><ele>163.499</ele><time>2026-09-11T21:37:23Z</time></trkpt>
      <trkpt lat="41.48657333333333" lon="-81.74229833333334"><ele>163.299</ele><time>2026-09-11T21:37:24Z</time></trkpt>
      <trkpt lat="41.48657166666667" lon="-81.74229"><ele>163.299</ele><time>2026-09-11T21:37:25Z</time></trkpt>
      <trkpt lat="41.48657166666667" lon="-81.74227666666667"><ele>163.399</ele><time>2026-09-11T21:37:26Z</time></trkpt>
      <trkpt lat="41.48657166666667" lon="-81.74226166666666"><ele>163.5</ele><time>2026-09-11T21:37:27Z</time></trkpt>
      <trkpt lat="41.48657166666667" lon="-81.74225"><ele>163.5</ele><time>2026-09-11T21:37:28Z</time></trkpt>
      <trkpt lat="41.48657" lon="-81.742235"><ele>163.3</ele><time>2026-09-11T21:37:29Z</time></trkpt>
      <trkpt lat="41.48656666666667" lon="-81.74222666666667"><ele>163.4</ele><time>2026-09-11T21:37:30Z</time></trkpt>
      <trkpt lat="41.48656666666667" lon="-81.74221833333333"><ele>163.4</ele><time>2026-09-11T21:37:31Z</time></trkpt>
      <trkpt lat="41.48656666666667" lon="-81.74220333333334"><ele>163.4</ele><time>2026-09-11T21:37:32Z</time></trkpt>
      <trkpt lat="41.486565" lon="-81.74218666666667"><ele>163.6</ele><time>2026-09-11T21:37:33Z</time></trkpt>
      <trkpt lat="41.486563333333336" lon="-81.74217666666667"><ele>163.6</ele><time>2026-09-11T21:37:34Z</time></trkpt>
      <trkpt lat="41.486563333333336" lon="-81.74215666666667"><ele>163.5</ele><time>2026-09-11T21:37:35Z</time></trkpt>
      <trkpt lat="41.48656666666667" lon="-81.74213833333333"><ele>163.1</ele><time>2026-09-11T21:37:36Z</time></trkpt>
      <trkpt lat="41.48657" lon="-81.74212"><ele>163</ele><time>2026-09-11T21:37:37Z</time></trkpt>
      <trkpt lat="41.48657333333333" lon="-81.74209666666667"><ele>163</ele><time>2026-09-11T21:37:38Z</time></trkpt>
      <trkpt lat="41.486575" lon="-81.74209166666667"><ele>163.1</ele><time>2026-09-11T21:37:39Z</time></trkpt>
      <trkpt lat="41.486576666666664" lon="-81.74208166666666"><ele>163.299</ele><time>2026-09-11T21:37:40Z</time></trkpt>
      <trkpt lat="41.486578333333334" lon="-81.74207"><ele>163.1</ele><time>2026-09-11T21:37:41Z</time></trkpt>
      <trkpt lat="41.486580000000004" lon="-81.74205666666667"><ele>163.1</ele><time>2026-09-11T21:37:42Z</time></trkpt>
      <trkpt lat="41.486581666666666" lon="-81.74204833333333"><ele>162.799</ele><time>2026-09-11T21:37:43Z</time></trkpt>
      <trkpt lat="41.486583333333336" lon="-81.74204166666667"><ele>162.799</ele><time>2026-09-11T21:37:44Z</time></trkpt>
      <trkpt lat="41.486585" lon="-81.74202666666666"><ele>162.999</ele><time>2026-09-11T21:37:45Z</time></trkpt>
      <trkpt lat="41.48658666666667" lon="-81.742015"><ele>163</ele><time>2026-09-11T21:37:46Z</time></trkpt>
      <trkpt lat="41.48659" lon="-81.74199833333333"><ele>163.1</ele><time>2026-09-11T21:37:47Z</time></trkpt>
      <trkpt lat="41.48659333333333" lon="-81.74198333333334"><ele>163.1</ele><time>2026-09-11T21:37:48Z</time></trkpt>
      <trkpt lat="41.486596666666664" lon="-81.74197166666667"><ele>163.1</ele><time>2026-09-11T21:37:49Z</time></trkpt>
      <trkpt lat="41.48659833333333" lon="-81.74196"><ele>163.1</ele><time>2026-09-11T21:37:50Z</time></trkpt>
      <trkpt lat="41.48659833333333" lon="-81.74195"><ele>163.1</ele><time>2026-09-11T21:37:51Z</time></trkpt>
      <trkpt lat="41.486601666666665" lon="-81.74193666666666"><ele>163.5</ele><time>2026-09-11T21:37:52Z</time></trkpt>
      <trkpt lat="41.486603333333335" lon="-81.74192166666667"><ele>163.7</ele><time>2026-09-11T21:37:53Z</time></trkpt>
      <trkpt lat="41.48660666666667" lon="-81.74191"><ele>163.6</ele><time>2026-09-11T21:37:54Z</time></trkpt>
      <trkpt lat="41.486608333333336" lon="-81.74189666666666"><ele>163.7</ele><time>2026-09-11T21:37:55Z</time></trkpt>
      <trkpt lat="41.48661166666667" lon="-81.74188333333333"><ele>163.6</ele><time>2026-09-11T21:37:56Z</time></trkpt>
      <trkpt lat="41.48661166666667" lon="-81.741875"><ele>163.6</ele><time>2026-09-11T21:37:57Z</time></trkpt>
      <trkpt lat="41.48661333333333" lon="-81.74186"><ele>163.5</ele><time>2026-09-11T21:37:58Z</time></trkpt>
      <trkpt lat="41.486615" lon="-81.74185333333334"><ele>163.3</ele><time>2026-09-11T21:37:59Z</time></trkpt>
      <trkpt lat="41.486621666666665" lon="-81.74183833333333"><ele>163.6</ele><time>2026-09-11T21:38:00Z</time></trkpt>
      <trkpt lat="41.486625" lon="-81.74183"><ele>163.6</ele><time>2026-09-11T21:38:01Z</time></trkpt>
      <trkpt lat="41.48663" lon="-81.741815"><ele>163.4</ele><time>2026-09-11T21:38:02Z</time></trkpt>
      <trkpt lat="41.486635" lon="-81.74179833333334"><ele>163</ele><time>2026-09-11T21:38:03Z</time></trkpt>
      <trkpt lat="41.48663833333333" lon="-81.74179166666667"><ele>163</ele><time>2026-09-11T21:38:04Z</time></trkpt>
      <trkpt lat="41.48664333333333" lon="-81.74177"><ele>162.799</ele><time>2026-09-11T21:38:05Z</time></trkpt>
      <trkpt lat="41.486645" lon="-81.74175666666666"><ele>162.999</ele><time>2026-09-11T21:38:06Z</time></trkpt>
      <trkpt lat="41.48665333333334" lon="-81.74173833333333"><ele>162.7</ele><time>2026-09-11T21:38:07Z</time></trkpt>
      <trkpt lat="41.48665666666667" lon="-81.74172833333333"><ele>162.7</ele><time>2026-09-11T21:38:08Z</time></trkpt>
      <trkpt lat="41.48666166666667" lon="-81.741715"><ele>162.7</ele><time>2026-09-11T21:38:09Z</time></trkpt>
      <trkpt lat="41.486666666666665" lon="-81.74170166666667"><ele>162.7</ele><time>2026-09-11T21:38:10Z</time></trkpt>
      <trkpt lat="41.486668333333334" lon="-81.74169166666667"><ele>162.7</ele><time>2026-09-11T21:38:11Z</time></trkpt>
      <trkpt lat="41.486675" lon="-81.74167666666666"><ele>162.7</ele><time>2026-09-11T21:38:12Z</time></trkpt>
      <trkpt lat="41.48667833333333" lon="-81.74166333333334"><ele>162.7</ele><time>2026-09-11T21:38:13Z</time></trkpt>
      <trkpt lat="41.48668166666667" lon="-81.741655"><ele>162.7</ele><time>2026-09-11T21:38:14Z</time></trkpt>
      <trkpt lat="41.486685" lon="-81.74164666666667"><ele>162.7</ele><time>2026-09-11T21:38:15Z</time></trkpt>
      <trkpt lat="41.486686666666664" lon="-81.74164166666667"><ele>162.7</ele><time>2026-09-11T21:38:16Z</time></trkpt>
      <trkpt lat="41.486691666666665" lon="-81.74162666666666"><ele>162.7</ele><time>2026-09-11T21:38:17Z</time></trkpt>
      <trkpt lat="41.486695" lon="-81.74162"><ele>162.7</ele><time>2026-09-11T21:38:18Z</time></trkpt>
      <trkpt lat="41.48669833333334" lon="-81.74161166666667"><ele>162.7</ele><time>2026-09-11T21:38:19Z</time></trkpt>
      <trkpt lat="41.4867" lon="-81.7416"><ele>162.7</ele><time>2026-09-11T21:38:20Z</time></trkpt>
      <trkpt lat="41.48670166666667" lon="-81.74159166666666"><ele>162.7</ele><time>2026-09-11T21:38:21Z</time></trkpt>
      <trkpt lat="41.486705" lon="-81.74157666666666"><ele>162.7</ele><time>2026-09-11T21:38:22Z</time></trkpt>
      <trkpt lat="41.48670833333333" lon="-81.74157"><ele>163.299</ele><time>2026-09-11T21:38:23Z</time></trkpt>
      <trkpt lat="41.486711666666665" lon="-81.74156166666667"><ele>163.299</ele><time>2026-09-11T21:38:24Z</time></trkpt>
      <trkpt lat="41.486716666666666" lon="-81.74155666666667"><ele>163.299</ele><time>2026-09-11T21:38:25Z</time></trkpt>
      <trkpt lat="41.48672666666667" lon="-81.74155333333333"><ele>163.1</ele><time>2026-09-11T21:38:26Z</time></trkpt>
      <trkpt lat="41.486735" lon="-81.74154"><ele>163.1</ele><time>2026-09-11T21:38:27Z</time></trkpt>
      <trkpt lat="41.486738333333335" lon="-81.74153166666666"><ele>163.299</ele><time>2026-09-11T21:38:28Z</time></trkpt>
      <trkpt lat="41.48674" lon="-81.741525"><ele>163.299</ele><time>2026-09-11T21:38:29Z</time></trkpt>
      <trkpt lat="41.486745" lon="-81.74151333333333"><ele>163.299</ele><time>2026-09-11T21:38:30Z</time></trkpt>
      <trkpt lat="41.48674833333333" lon="-81.74149833333334"><ele>163.399</ele><time>2026-09-11T21:38:31Z</time></trkpt>
      <trkpt lat="41.48674833333333" lon="-81.74147833333333"><ele>163.299</ele><time>2026-09-11T21:38:32Z</time></trkpt>
      <trkpt lat="41.486745" lon="-81.74145666666666"><ele>163.499</ele><time>2026-09-11T21:38:33Z</time></trkpt>
      <trkpt lat="41.486745" lon="-81.74144166666666"><ele>163.499</ele><time>2026-09-11T21:38:34Z</time></trkpt>
      <trkpt lat="41.48674833333333" lon="-81.74142833333333"><ele>163.3</ele><time>2026-09-11T21:38:35Z</time></trkpt>
      <trkpt lat="41.48675" lon="-81.74141833333333"><ele>163.3</ele><time>2026-09-11T21:38:36Z</time></trkpt>
      <trkpt lat="41.486755" lon="-81.74139666666667"><ele>162.7</ele><time>2026-09-11T21:38:37Z</time></trkpt>
      <trkpt lat="41.486758333333334" lon="-81.741385"><ele>162.7</ele><time>2026-09-11T21:38:38Z</time></trkpt>
      <trkpt lat="41.48676" lon="-81.741375"><ele>162.7</ele><time>2026-09-11T21:38:39Z</time></trkpt>
      <trkpt lat="41.486765" lon="-81.741355"><ele>162.7</ele><time>2026-09-11T21:38:40Z</time></trkpt>
      <trkpt lat="41.48676833333333" lon="-81.74134166666667"><ele>162.7</ele><time>2026-09-11T21:38:41Z</time></trkpt>
      <trkpt lat="41.48677333333333" lon="-81.74132666666667"><ele>162.7</ele><time>2026-09-11T21:38:42Z</time></trkpt>
      <trkpt lat="41.48678" lon="-81.74131333333334"><ele>162.7</ele><time>2026-09-11T21:38:43Z</time></trkpt>
      <trkpt lat="41.48678666666667" lon="-81.7413"><ele>162.7</ele><time>2026-09-11T21:38:44Z</time></trkpt>
      <trkpt lat="41.48679333333333" lon="-81.741285"><ele>162.7</ele><time>2026-09-11T21:38:45Z</time></trkpt>
      <trkpt lat="41.486801666666665" lon="-81.74127166666666"><ele>162.7</ele><time>2026-09-11T21:38:46Z</time></trkpt>
      <trkpt lat="41.486806666666666" lon="-81.74126333333334"><ele>162.7</ele><time>2026-09-11T21:38:47Z</time></trkpt>
      <trkpt lat="41.48681833333333" lon="-81.74125166666667"><ele>162.7</ele><time>2026-09-11T21:38:48Z</time></trkpt>
      <trkpt lat="41.486823333333334" lon="-81.74124166666667"><ele>162.7</ele><time>2026-09-11T21:38:49Z</time></trkpt>
      <trkpt lat="41.48683166666667" lon="-81.74123333333333"><ele>162.7</ele><time>2026-09-11T21:38:50Z</time></trkpt>
      <trkpt lat="41.48683833333333" lon="-81.74122333333334"><ele>162.7</ele><time>2026-09-11T21:38:51Z</time></trkpt>
      <trkpt lat="41.486846666666665" lon="-81.74121166666667"><ele>162</ele><time>2026-09-11T21:38:52Z</time></trkpt>
      <trkpt lat="41.486855" lon="-81.741205"><ele>162</ele><time>2026-09-11T21:38:53Z</time></trkpt>
      <trkpt lat="41.48686" lon="-81.74119666666667"><ele>162</ele><time>2026-09-11T21:38:54Z</time></trkpt>
      <trkpt lat="41.486865" lon="-81.74118833333333"><ele>161.8</ele><time>2026-09-11T21:38:55Z</time></trkpt>
      <trkpt lat="41.486866666666664" lon="-81.74118"><ele>161.5</ele><time>2026-09-11T21:38:56Z</time></trkpt>
      <trkpt lat="41.48687" lon="-81.74117166666667"><ele>161.5</ele><time>2026-09-11T21:38:57Z</time></trkpt>
      <trkpt lat="41.486873333333335" lon="-81.74116166666667"><ele>161.5</ele><time>2026-09-11T21:38:58Z</time></trkpt>
      <trkpt lat="41.486875" lon="-81.74115"><ele>161.6</ele><time>2026-09-11T21:38:59Z</time></trkpt>
      <trkpt lat="41.48688" lon="-81.74113666666666"><ele>161.4</ele><time>2026-09-11T21:39:00Z</time></trkpt>
      <trkpt lat="41.48688333333333" lon="-81.74112833333334"><ele>161.4</ele><time>2026-09-11T21:39:01Z</time></trkpt>
      <trkpt lat="41.48688666666666" lon="-81.74111166666667"><ele>161.1</ele><time>2026-09-11T21:39:02Z</time></trkpt>
      <trkpt lat="41.48689" lon="-81.74110333333333"><ele>160.9</ele><time>2026-09-11T21:39:03Z</time></trkpt>
      <trkpt lat="41.486893333333335" lon="-81.74109333333334"><ele>161.1</ele><time>2026-09-11T21:39:04Z</time></trkpt>
      <trkpt lat="41.486898333333336" lon="-81.74108166666667"><ele>161.1</ele><time>2026-09-11T21:39:05Z</time></trkpt>
      <trkpt lat="41.48690333333333" lon="-81.74107"><ele>162.7</ele><time>2026-09-11T21:39:06Z</time></trkpt>
      <trkpt lat="41.48691" lon="-81.74105666666667"><ele>161.1</ele><time>2026-09-11T21:39:07Z</time></trkpt>
      <trkpt lat="41.486915" lon="-81.74104833333334"><ele>161.1</ele><time>2026-09-11T21:39:08Z</time></trkpt>
      <trkpt lat="41.48692333333333" lon="-81.74103166666667"><ele>162.7</ele><time>2026-09-11T21:39:09Z</time></trkpt>
      <trkpt lat="41.48692666666667" lon="-81.74102333333333"><ele>161</ele><time>2026-09-11T21:39:10Z</time></trkpt>
      <trkpt lat="41.48693333333333" lon="-81.74101166666667"><ele>161</ele><time>2026-09-11T21:39:11Z</time></trkpt>
      <trkpt lat="41.486938333333335" lon="-81.74100166666666"><ele>160.9</ele><time>2026-09-11T21:39:12Z</time></trkpt>
      <trkpt lat="41.486945" lon="-81.74098666666667"><ele>160.8</ele><time>2026-09-11T21:39:13Z</time></trkpt>
      <trkpt lat="41.48695333333333" lon="-81.740975"><ele>160.6</ele><time>2026-09-11T21:39:14Z</time></trkpt>
      <trkpt lat="41.48696" lon="-81.74096166666666"><ele>160.7</ele><time>2026-09-11T21:39:15Z</time></trkpt>
      <trkpt lat="41.48696666666667" lon="-81.74094833333334"><ele>160.8</ele><time>2026-09-11T21:39:16Z</time></trkpt>
      <trkpt lat="41.48697" lon="-81.74094333333333"><ele>160.7</ele><time>2026-09-11T21:39:17Z</time></trkpt>
      <trkpt lat="41.48697333333333" lon="-81.740935"><ele>160.8</ele><time>2026-09-11T21:39:18Z</time></trkpt>
      <trkpt lat="41.48698" lon="-81.74092833333333"><ele>160.7</ele><time>2026-09-11T21:39:19Z</time></trkpt>
      <trkpt lat="41.486985" lon="-81.74091833333334"><ele>160.7</ele><time>2026-09-11T21:39:20Z</time></trkpt>
      <trkpt lat="41.48699166666667" lon="-81.74090833333334"><ele>161</ele><time>2026-09-11T21:39:21Z</time></trkpt>
      <trkpt lat="41.48699666666667" lon="-81.74089833333333"><ele>160.9</ele><time>2026-09-11T21:39:22Z</time></trkpt>
      <trkpt lat="41.487003333333334" lon="-81.740885"><ele>160.7</ele><time>2026-09-11T21:39:23Z</time></trkpt>
      <trkpt lat="41.487006666666666" lon="-81.74087666666667"><ele>160.6</ele><time>2026-09-11T21:39:24Z</time></trkpt>
      <trkpt lat="41.48701166666667" lon="-81.740865"><ele>160.7</ele><time>2026-09-11T21:39:25Z</time></trkpt>
      <trkpt lat="41.487015" lon="-81.74085166666667"><ele>160.6</ele><time>2026-09-11T21:39:26Z</time></trkpt>
      <trkpt lat="41.48701833333333" lon="-81.74084166666667"><ele>160.7</ele><time>2026-09-11T21:39:27Z</time></trkpt>
      <trkpt lat="41.48701833333333" lon="-81.74082833333334"><ele>160.7</ele><time>2026-09-11T21:39:28Z</time></trkpt>
      <trkpt lat="41.487021666666664" lon="-81.74081166666667"><ele>160.7</ele><time>2026-09-11T21:39:29Z</time></trkpt>
      <trkpt lat="41.487028333333335" lon="-81.74078666666666"><ele>160.9</ele><time>2026-09-11T21:39:30Z</time></trkpt>
      <trkpt lat="41.48703" lon="-81.74078"><ele>160.7</ele><time>2026-09-11T21:39:31Z</time></trkpt>
      <trkpt lat="41.487035" lon="-81.74077333333334"><ele>160.7</ele><time>2026-09-11T21:39:32Z</time></trkpt>
      <trkpt lat="41.48704166666667" lon="-81.74075666666667"><ele>160.8</ele><time>2026-09-11T21:39:33Z</time></trkpt>
      <trkpt lat="41.487049999999996" lon="-81.74074666666667"><ele>160.7</ele><time>2026-09-11T21:39:34Z</time></trkpt>
      <trkpt lat="41.487053333333336" lon="-81.74073833333334"><ele>160.7</ele><time>2026-09-11T21:39:35Z</time></trkpt>
      <trkpt lat="41.48706166666667" lon="-81.74072166666667"><ele>160.3</ele><time>2026-09-11T21:39:36Z</time></trkpt>
      <trkpt lat="41.487071666666665" lon="-81.74071"><ele>160.5</ele><time>2026-09-11T21:39:37Z</time></trkpt>
      <trkpt lat="41.48708166666667" lon="-81.740705"><ele>160.3</ele><time>2026-09-11T21:39:38Z</time></trkpt>
      <trkpt lat="41.48709" lon="-81.74069166666666"><ele>160.2</ele><time>2026-09-11T21:39:39Z</time></trkpt>
      <trkpt lat="41.487091666666664" lon="-81.74069"><ele>160.2</ele><time>2026-09-11T21:39:40Z</time></trkpt>
      <trkpt lat="41.4871" lon="-81.74068166666666"><ele>160.1</ele><time>2026-09-11T21:39:41Z</time></trkpt>
      <trkpt lat="41.487105" lon="-81.740665"><ele>160</ele><time>2026-09-11T21:39:42Z</time></trkpt>
      <trkpt lat="41.48711" lon="-81.74065333333333"><ele>160</ele><time>2026-09-11T21:39:43Z</time></trkpt>
      <trkpt lat="41.48711" lon="-81.74064166666666"><ele>159.8</ele><time>2026-09-11T21:39:44Z</time></trkpt>
      <trkpt lat="41.48711333333333" lon="-81.74062666666667"><ele>159.9</ele><time>2026-09-11T21:39:45Z</time></trkpt>
      <trkpt lat="41.487116666666665" lon="-81.74061166666667"><ele>159.9</ele><time>2026-09-11T21:39:46Z</time></trkpt>
      <trkpt lat="41.487118333333335" lon="-81.740595"><ele>159.8</ele><time>2026-09-11T21:39:47Z</time></trkpt>
      <trkpt lat="41.48712" lon="-81.74058"><ele>159.9</ele><time>2026-09-11T21:39:48Z</time></trkpt>
      <trkpt lat="41.48712166666667" lon="-81.740565"><ele>159.8</ele><time>2026-09-11T21:39:49Z</time></trkpt>
      <trkpt lat="41.48712333333334" lon="-81.74055666666666"><ele>159.8</ele><time>2026-09-11T21:39:50Z</time></trkpt>
      <trkpt lat="41.48712666666667" lon="-81.74053833333333"><ele>159.9</ele><time>2026-09-11T21:39:51Z</time></trkpt>
      <trkpt lat="41.48712833333333" lon="-81.740525"><ele>160</ele><time>2026-09-11T21:39:52Z</time></trkpt>
      <trkpt lat="41.48713" lon="-81.74051166666666"><ele>159.7</ele><time>2026-09-11T21:39:53Z</time></trkpt>
      <trkpt lat="41.48713166666667" lon="-81.74050333333334"><ele>159.7</ele><time>2026-09-11T21:39:54Z</time></trkpt>
      <trkpt lat="41.487135" lon="-81.74048333333333"><ele>159.5</ele><time>2026-09-11T21:39:55Z</time></trkpt>
      <trkpt lat="41.487136666666665" lon="-81.74047333333333"><ele>159.5</ele><time>2026-09-11T21:39:56Z</time></trkpt>
      <trkpt lat="41.487141666666666" lon="-81.74045666666666"><ele>159.4</ele><time>2026-09-11T21:39:57Z</time></trkpt>
      <trkpt lat="41.48714666666667" lon="-81.740445"><ele>159.4</ele><time>2026-09-11T21:39:58Z</time></trkpt>
      <trkpt lat="41.48715" lon="-81.74043333333333"><ele>159.3</ele><time>2026-09-11T21:39:59Z</time></trkpt>
      <trkpt lat="41.48715333333333" lon="-81.740425"><ele>159.3</ele><time>2026-09-11T21:40:00Z</time></trkpt>
      <trkpt lat="41.487161666666665" lon="-81.74041333333334"><ele>159.1</ele><time>2026-09-11T21:40:01Z</time></trkpt>
      <trkpt lat="41.487165" lon="-81.74040166666667"><ele>159.1</ele><time>2026-09-11T21:40:02Z</time></trkpt>
      <trkpt lat="41.48717" lon="-81.740395"><ele>159</ele><time>2026-09-11T21:40:03Z</time></trkpt>
      <trkpt lat="41.48717333333333" lon="-81.74037833333334"><ele>158.7</ele><time>2026-09-11T21:40:04Z</time></trkpt>
      <trkpt lat="41.487175" lon="-81.74036666666666"><ele>158.6</ele><time>2026-09-11T21:40:05Z</time></trkpt>
      <trkpt lat="41.48718" lon="-81.74035333333333"><ele>158.5</ele><time>2026-09-11T21:40:06Z</time></trkpt>
      <trkpt lat="41.48718" lon="-81.74034166666667"><ele>158.5</ele><time>2026-09-11T21:40:07Z</time></trkpt>
      <trkpt lat="41.487183333333334" lon="-81.74032833333334"><ele>158.5</ele><time>2026-09-11T21:40:08Z</time></trkpt>
      <trkpt lat="41.487186666666666" lon="-81.74032166666667"><ele>158.5</ele><time>2026-09-11T21:40:09Z</time></trkpt>
      <trkpt lat="41.48719" lon="-81.74030333333333"><ele>158.3</ele><time>2026-09-11T21:40:10Z</time></trkpt>
      <trkpt lat="41.48719333333333" lon="-81.74029166666666"><ele>158.3</ele><time>2026-09-11T21:40:11Z</time></trkpt>
      <trkpt lat="41.48719666666667" lon="-81.74027833333334"><ele>158.3</ele><time>2026-09-11T21:40:12Z</time></trkpt>
      <trkpt lat="41.48719666666667" lon="-81.74027666666667"><ele>158.3</ele><time>2026-09-11T21:40:13Z</time></trkpt>
      <trkpt lat="41.48720333333333" lon="-81.740255"><ele>158.3</ele><time>2026-09-11T21:40:14Z</time></trkpt>
      <trkpt lat="41.487208333333335" lon="-81.74023666666666"><ele>158.3</ele><time>2026-09-11T21:40:15Z</time></trkpt>
      <trkpt lat="41.48721166666667" lon="-81.74022333333333"><ele>158</ele><time>2026-09-11T21:40:16Z</time></trkpt>
      <trkpt lat="41.48721666666667" lon="-81.74021166666667"><ele>157.8</ele><time>2026-09-11T21:40:17Z</time></trkpt>
      <trkpt lat="41.48721833333333" lon="-81.740205"><ele>157.8</ele><time>2026-09-11T21:40:18Z</time></trkpt>
      <trkpt lat="41.487225" lon="-81.74019"><ele>157.8</ele><time>2026-09-11T21:40:19Z</time></trkpt>
      <trkpt lat="41.48723" lon="-81.74017166666667"><ele>157.9</ele><time>2026-09-11T21:40:20Z</time></trkpt>
      <trkpt lat="41.487231666666666" lon="-81.740165"><ele>157.8</ele><time>2026-09-11T21:40:21Z</time></trkpt>
      <trkpt lat="41.487235" lon="-81.74015666666666"><ele>157.8</ele><time>2026-09-11T21:40:22Z</time></trkpt>
      <trkpt lat="41.48724" lon="-81.74014166666667"><ele>157.6</ele><time>2026-09-11T21:40:23Z</time></trkpt>
      <trkpt lat="41.487245" lon="-81.74012833333333"><ele>157.6</ele><time>2026-09-11T21:40:24Z</time></trkpt>
      <trkpt lat="41.48725" lon="-81.74011166666666"><ele>157.6</ele><time>2026-09-11T21:40:25Z</time></trkpt>
      <trkpt lat="41.487253333333335" lon="-81.74009666666667"><ele>157.6</ele><time>2026-09-11T21:40:26Z</time></trkpt>
      <trkpt lat="41.48725666666667" lon="-81.74008666666667"><ele>157.6</ele><time>2026-09-11T21:40:27Z</time></trkpt>
      <trkpt lat="41.48726333333333" lon="-81.740065"><ele>157.6</ele><time>2026-09-11T21:40:28Z</time></trkpt>
      <trkpt lat="41.48726666666666" lon="-81.74005166666667"><ele>157.6</ele><time>2026-09-11T21:40:29Z</time></trkpt>
      <trkpt lat="41.487271666666665" lon="-81.74003666666667"><ele>157.5</ele><time>2026-09-11T21:40:30Z</time></trkpt>
      <trkpt lat="41.487275" lon="-81.74002666666667"><ele>157.5</ele><time>2026-09-11T21:40:31Z</time></trkpt>
      <trkpt lat="41.48728" lon="-81.74001"><ele>157.5</ele><time>2026-09-11T21:40:32Z</time></trkpt>
      <trkpt lat="41.48728333333333" lon="-81.739995"><ele>157.1</ele><time>2026-09-11T21:40:33Z</time></trkpt>
      <trkpt lat="41.48728833333333" lon="-81.73998"><ele>157</ele><time>2026-09-11T21:40:34Z</time></trkpt>
      <trkpt lat="41.487293333333334" lon="-81.73996166666667"><ele>157</ele><time>2026-09-11T21:40:35Z</time></trkpt>
      <trkpt lat="41.487295" lon="-81.739955"><ele>156.8</ele><time>2026-09-11T21:40:36Z</time></trkpt>
      <trkpt lat="41.487298333333335" lon="-81.73994666666667"><ele>156.8</ele><time>2026-09-11T21:40:37Z</time></trkpt>
      <trkpt lat="41.48730333333334" lon="-81.73993333333334"><ele>156.8</ele><time>2026-09-11T21:40:38Z</time></trkpt>
      <trkpt lat="41.48730833333333" lon="-81.73992"><ele>156.8</ele><time>2026-09-11T21:40:39Z</time></trkpt>
      <trkpt lat="41.48731" lon="-81.73991333333333"><ele>156.8</ele><time>2026-09-11T21:40:40Z</time></trkpt>
      <trkpt lat="41.48731166666666" lon="-81.73990166666667"><ele>156.8</ele><time>2026-09-11T21:40:41Z</time></trkpt>
      <trkpt lat="41.48731333333333" lon="-81.73989333333333"><ele>156.8</ele><time>2026-09-11T21:40:42Z</time></trkpt>
      <trkpt lat="41.487316666666665" lon="-81.739885"><ele>156.7</ele><time>2026-09-11T21:40:43Z</time></trkpt>
      <trkpt lat="41.487321666666666" lon="-81.73987666666666"><ele>156.7</ele><time>2026-09-11T21:40:44Z</time></trkpt>
      <trkpt lat="41.48732833333333" lon="-81.739865"><ele>156.5</ele><time>2026-09-11T21:40:45Z</time></trkpt>
      <trkpt lat="41.48733166666667" lon="-81.73985833333333"><ele>156.5</ele><time>2026-09-11T21:40:46Z</time></trkpt>
      <trkpt lat="41.48734" lon="-81.739845"><ele>156.5</ele><time>2026-09-11T21:40:47Z</time></trkpt>
      <trkpt lat="41.48734833333334" lon="-81.73983166666666"><ele>156.5</ele><time>2026-09-11T21:40:48Z</time></trkpt>
      <trkpt lat="41.487355" lon="-81.73981833333333"><ele>156.6</ele><time>2026-09-11T21:40:49Z</time></trkpt>
      <trkpt lat="41.48736" lon="-81.73981166666667"><ele>156.6</ele><time>2026-09-11T21:40:50Z</time></trkpt>
      <trkpt lat="41.487368333333336" lon="-81.7398"><ele>156.6</ele><time>2026-09-11T21:40:51Z</time></trkpt>
      <trkpt lat="41.48737666666667" lon="-81.73978833333334"><ele>156.299</ele><time>2026-09-11T21:40:52Z</time></trkpt>
      <trkpt lat="41.487381666666664" lon="-81.73977833333333"><ele>156.499</ele><time>2026-09-11T21:40:53Z</time></trkpt>
      <trkpt lat="41.487386666666666" lon="-81.739765"><ele>156.199</ele><time>2026-09-11T21:40:54Z</time></trkpt>
      <trkpt lat="41.487395" lon="-81.73975166666666"><ele>156.099</ele><time>2026-09-11T21:40:55Z</time></trkpt>
      <trkpt lat="41.48739666666667" lon="-81.73974333333334"><ele>156.099</ele><time>2026-09-11T21:40:56Z</time></trkpt>
      <trkpt lat="41.487405" lon="-81.73972833333333"><ele>156.1</ele><time>2026-09-11T21:40:57Z</time></trkpt>
      <trkpt lat="41.48741166666667" lon="-81.73971"><ele>155.799</ele><time>2026-09-11T21:40:58Z</time></trkpt>
      <trkpt lat="41.487415" lon="-81.73970333333334"><ele>155.799</ele><time>2026-09-11T21:40:59Z</time></trkpt>
      <trkpt lat="41.48742166666667" lon="-81.73968666666667"><ele>155.799</ele><time>2026-09-11T21:41:00Z</time></trkpt>
      <trkpt lat="41.48742333333333" lon="-81.73967333333333"><ele>155.799</ele><time>2026-09-11T21:41:01Z</time></trkpt>
      <trkpt lat="41.487425" lon="-81.73966333333334"><ele>155.499</ele><time>2026-09-11T21:41:02Z</time></trkpt>
      <trkpt lat="41.487426666666664" lon="-81.73964333333333"><ele>155.3</ele><time>2026-09-11T21:41:03Z</time></trkpt>
      <trkpt lat="41.48743" lon="-81.73962666666667"><ele>155.5</ele><time>2026-09-11T21:41:05Z</time></trkpt>
      <trkpt lat="41.487433333333335" lon="-81.73960666666666"><ele>155.3</ele><time>2026-09-11T21:41:06Z</time></trkpt>
      <trkpt lat="41.48743666666667" lon="-81.7396"><ele>155</ele><time>2026-09-11T21:41:07Z</time></trkpt>
      <trkpt lat="41.48744166666667" lon="-81.73958166666667"><ele>155</ele><time>2026-09-11T21:41:08Z</time></trkpt>
      <trkpt lat="41.487445" lon="-81.73956666666666"><ele>155.1</ele><time>2026-09-11T21:41:09Z</time></trkpt>
      <trkpt lat="41.48745" lon="-81.73955666666667"><ele>155.1</ele><time>2026-09-11T21:41:10Z</time></trkpt>
      <trkpt lat="41.487455" lon="-81.73954333333333"><ele>155.1</ele><time>2026-09-11T21:41:11Z</time></trkpt>
      <trkpt lat="41.48746" lon="-81.73952833333334"><ele>155.1</ele><time>2026-09-11T21:41:12Z</time></trkpt>
      <trkpt lat="41.48746666666667" lon="-81.73951666666666"><ele>155.1</ele><time>2026-09-11T21:41:13Z</time></trkpt>
      <trkpt lat="41.48747" lon="-81.73950666666667"><ele>155.1</ele><time>2026-09-11T21:41:14Z</time></trkpt>
      <trkpt lat="41.487475" lon="-81.7395"><ele>155.1</ele><time>2026-09-11T21:41:15Z</time></trkpt>
      <trkpt lat="41.48748166666667" lon="-81.73948666666666"><ele>155</ele><time>2026-09-11T21:41:16Z</time></trkpt>
      <trkpt lat="41.487485" lon="-81.73948166666666"><ele>155</ele><time>2026-09-11T21:41:17Z</time></trkpt>
      <trkpt lat="41.48748833333333" lon="-81.73947333333334"><ele>155.1</ele><time>2026-09-11T21:41:18Z</time></trkpt>
      <trkpt lat="41.487495" lon="-81.73946"><ele>155.1</ele><time>2026-09-11T21:41:19Z</time></trkpt>
      <trkpt lat="41.4875" lon="-81.73945"><ele>155.1</ele><time>2026-09-11T21:41:20Z</time></trkpt>
      <trkpt lat="41.487505" lon="-81.73943833333334"><ele>154.7</ele><time>2026-09-11T21:41:21Z</time></trkpt>
      <trkpt lat="41.48750833333333" lon="-81.73942666666667"><ele>154.7</ele><time>2026-09-11T21:41:22Z</time></trkpt>
      <trkpt lat="41.48751166666667" lon="-81.739415"><ele>154.6</ele><time>2026-09-11T21:41:23Z</time></trkpt>
      <trkpt lat="41.487515" lon="-81.73940833333333"><ele>154.6</ele><time>2026-09-11T21:41:24Z</time></trkpt>
      <trkpt lat="41.487518333333334" lon="-81.739395"><ele>154.5</ele><time>2026-09-11T21:41:25Z</time></trkpt>
      <trkpt lat="41.487523333333336" lon="-81.73937833333333"><ele>154.5</ele><time>2026-09-11T21:41:26Z</time></trkpt>
      <trkpt lat="41.48752833333333" lon="-81.73936833333333"><ele>154.5</ele><time>2026-09-11T21:41:27Z</time></trkpt>
      <trkpt lat="41.48753333333333" lon="-81.73935333333333"><ele>154.5</ele><time>2026-09-11T21:41:28Z</time></trkpt>
      <trkpt lat="41.487536666666664" lon="-81.73934333333334"><ele>154.5</ele><time>2026-09-11T21:41:29Z</time></trkpt>
      <trkpt lat="41.487541666666665" lon="-81.739325"><ele>154.5</ele><time>2026-09-11T21:41:30Z</time></trkpt>
      <trkpt lat="41.48754666666667" lon="-81.73931"><ele>154.2</ele><time>2026-09-11T21:41:31Z</time></trkpt>
      <trkpt lat="41.48755166666667" lon="-81.73929333333334"><ele>154.2</ele><time>2026-09-11T21:41:32Z</time></trkpt>
      <trkpt lat="41.48755666666667" lon="-81.73927833333333"><ele>154.299</ele><time>2026-09-11T21:41:33Z</time></trkpt>
      <trkpt lat="41.487565000000004" lon="-81.73926166666666"><ele>154.3</ele><time>2026-09-11T21:41:34Z</time></trkpt>
      <trkpt lat="41.48757" lon="-81.73925333333334"><ele>154.3</ele><time>2026-09-11T21:41:35Z</time></trkpt>
      <trkpt lat="41.487575" lon="-81.73923833333333"><ele>154.3</ele><time>2026-09-11T21:41:36Z</time></trkpt>
      <trkpt lat="41.48758" lon="-81.739225"><ele>154.3</ele><time>2026-09-11T21:41:37Z</time></trkpt>
      <trkpt lat="41.487585" lon="-81.73921333333334"><ele>154.1</ele><time>2026-09-11T21:41:38Z</time></trkpt>
      <trkpt lat="41.487588333333335" lon="-81.73920333333334"><ele>154.1</ele><time>2026-09-11T21:41:39Z</time></trkpt>
      <trkpt lat="41.487595" lon="-81.73919166666667"><ele>153.799</ele><time>2026-09-11T21:41:40Z</time></trkpt>
      <trkpt lat="41.48760166666667" lon="-81.73917833333333"><ele>153.8</ele><time>2026-09-11T21:41:41Z</time></trkpt>
      <trkpt lat="41.487606666666665" lon="-81.73917"><ele>153.8</ele><time>2026-09-11T21:41:42Z</time></trkpt>
      <trkpt lat="41.487613333333336" lon="-81.73915666666667"><ele>153.8</ele><time>2026-09-11T21:41:43Z</time></trkpt>
      <trkpt lat="41.48761666666667" lon="-81.73915166666667"><ele>153.8</ele><time>2026-09-11T21:41:44Z</time></trkpt>
      <trkpt lat="41.48762333333333" lon="-81.73914333333333"><ele>153.5</ele><time>2026-09-11T21:41:45Z</time></trkpt>
      <trkpt lat="41.48762833333333" lon="-81.73913333333333"><ele>153.6</ele><time>2026-09-11T21:41:46Z</time></trkpt>
      <trkpt lat="41.487631666666665" lon="-81.73912833333333"><ele>153.6</ele><time>2026-09-11T21:41:47Z</time></trkpt>
      <trkpt lat="41.48764166666667" lon="-81.73911333333334"><ele>153.6</ele><time>2026-09-11T21:41:48Z</time></trkpt>
      <trkpt lat="41.48764666666667" lon="-81.7391"><ele>153.6</ele><time>2026-09-11T21:41:49Z</time></trkpt>
      <trkpt lat="41.487653333333334" lon="-81.73908666666667"><ele>153.5</ele><time>2026-09-11T21:41:50Z</time></trkpt>
      <trkpt lat="41.48766" lon="-81.73907166666666"><ele>153.5</ele><time>2026-09-11T21:41:51Z</time></trkpt>
      <trkpt lat="41.48766666666667" lon="-81.73906333333333"><ele>153.5</ele><time>2026-09-11T21:41:52Z</time></trkpt>
      <trkpt lat="41.487671666666664" lon="-81.73905666666667"><ele>153.2</ele><time>2026-09-11T21:41:53Z</time></trkpt>
      <trkpt lat="41.487675" lon="-81.73905"><ele>153.2</ele><time>2026-09-11T21:41:54Z</time></trkpt>
      <trkpt lat="41.48768333333334" lon="-81.739035"><ele>153.299</ele><time>2026-09-11T21:41:55Z</time></trkpt>
      <trkpt lat="41.48769" lon="-81.73902333333334"><ele>153.3</ele><time>2026-09-11T21:41:56Z</time></trkpt>
      <trkpt lat="41.487696666666665" lon="-81.73901666666667"><ele>153.5</ele><time>2026-09-11T21:41:57Z</time></trkpt>
      <trkpt lat="41.487705" lon="-81.739005"><ele>153.5</ele><time>2026-09-11T21:41:58Z</time></trkpt>
      <trkpt lat="41.48771333333333" lon="-81.73899166666666"><ele>153.1</ele><time>2026-09-11T21:41:59Z</time></trkpt>
      <trkpt lat="41.487721666666665" lon="-81.73897833333334"><ele>153.2</ele><time>2026-09-11T21:42:00Z</time></trkpt>
      <trkpt lat="41.48773166666667" lon="-81.73896833333333"><ele>153</ele><time>2026-09-11T21:42:01Z</time></trkpt>
      <trkpt lat="41.487745" lon="-81.73895"><ele>153</ele><time>2026-09-11T21:42:02Z</time></trkpt>
      <trkpt lat="41.487748333333336" lon="-81.738945"><ele>152.9</ele><time>2026-09-11T21:42:03Z</time></trkpt>
      <trkpt lat="41.48775333333333" lon="-81.73893833333334"><ele>152.9</ele><time>2026-09-11T21:42:04Z</time></trkpt>
      <trkpt lat="41.48776333333333" lon="-81.73892333333333"><ele>152.8</ele><time>2026-09-11T21:42:05Z</time></trkpt>
      <trkpt lat="41.48777" lon="-81.73891"><ele>152.7</ele><time>2026-09-11T21:42:06Z</time></trkpt>
      <trkpt lat="41.48777666666667" lon="-81.73889666666666"><ele>152.6</ele><time>2026-09-11T21:42:07Z</time></trkpt>
      <trkpt lat="41.48778166666666" lon="-81.73888833333334"><ele>152.6</ele><time>2026-09-11T21:42:08Z</time></trkpt>
      <trkpt lat="41.487788333333334" lon="-81.738875"><ele>152.6</ele><time>2026-09-11T21:42:09Z</time></trkpt>
      <trkpt lat="41.48779666666667" lon="-81.73886166666666"><ele>152.5</ele><time>2026-09-11T21:42:10Z</time></trkpt>
      <trkpt lat="41.487806666666664" lon="-81.73884833333334"><ele>152.1</ele><time>2026-09-11T21:42:11Z</time></trkpt>
      <trkpt lat="41.487813333333335" lon="-81.73884"><ele>152.1</ele><time>2026-09-11T21:42:12Z</time></trkpt>
      <trkpt lat="41.48782" lon="-81.73883333333333"><ele>152</ele><time>2026-09-11T21:42:13Z</time></trkpt>
      <trkpt lat="41.48782666666666" lon="-81.73882833333333"><ele>152</ele><time>2026-09-11T21:42:14Z</time></trkpt>
      <trkpt lat="41.487833333333334" lon="-81.73882"><ele>152.1</ele><time>2026-09-11T21:42:15Z</time></trkpt>
      <trkpt lat="41.48784" lon="-81.73881166666666"><ele>152.1</ele><time>2026-09-11T21:42:16Z</time></trkpt>
      <trkpt lat="41.48784333333333" lon="-81.73880666666666"><ele>151.9</ele><time>2026-09-11T21:42:17Z</time></trkpt>
      <trkpt lat="41.487855" lon="-81.73879833333334"><ele>152</ele><time>2026-09-11T21:42:18Z</time></trkpt>
      <trkpt lat="41.48786" lon="-81.73879166666667"><ele>152</ele><time>2026-09-11T21:42:19Z</time></trkpt>
      <trkpt lat="41.48786833333333" lon="-81.73878500000001"><ele>151.6</ele><time>2026-09-11T21:42:20Z</time></trkpt>
      <trkpt lat="41.487876666666665" lon="-81.73877833333333"><ele>151.799</ele><time>2026-09-11T21:42:21Z</time></trkpt>
      <trkpt lat="41.487883333333336" lon="-81.73877333333333"><ele>151.999</ele><time>2026-09-11T21:42:22Z</time></trkpt>
      <trkpt lat="41.48789166666667" lon="-81.73876833333334"><ele>151.9</ele><time>2026-09-11T21:42:23Z</time></trkpt>
      <trkpt lat="41.487901666666666" lon="-81.73876166666666"><ele>151.8</ele><time>2026-09-11T21:42:24Z</time></trkpt>
      <trkpt lat="41.48791" lon="-81.73875666666666"><ele>151.8</ele><time>2026-09-11T21:42:25Z</time></trkpt>
      <trkpt lat="41.48791666666666" lon="-81.73875166666667"><ele>151.7</ele><time>2026-09-11T21:42:26Z</time></trkpt>
      <trkpt lat="41.48792666666667" lon="-81.73874333333333"><ele>151.4</ele><time>2026-09-11T21:42:27Z</time></trkpt>
      <trkpt lat="41.48794" lon="-81.73873333333333"><ele>151.2</ele><time>2026-09-11T21:42:28Z</time></trkpt>
      <trkpt lat="41.48795" lon="-81.73872333333334"><ele>151</ele><time>2026-09-11T21:42:29Z</time></trkpt>
      <trkpt lat="41.48796" lon="-81.738715"><ele>150.7</ele><time>2026-09-11T21:42:30Z</time></trkpt>
      <trkpt lat="41.487966666666665" lon="-81.73871166666666"><ele>150.7</ele><time>2026-09-11T21:42:31Z</time></trkpt>
      <trkpt lat="41.487975" lon="-81.73870666666667"><ele>150.7</ele><time>2026-09-11T21:42:32Z</time></trkpt>
      <trkpt lat="41.48798166666667" lon="-81.73870333333333"><ele>150.799</ele><time>2026-09-11T21:42:33Z</time></trkpt>
      <trkpt lat="41.487986666666664" lon="-81.73869666666667"><ele>150.899</ele><time>2026-09-11T21:42:34Z</time></trkpt>
      <trkpt lat="41.48799" lon="-81.73869333333333"><ele>150.899</ele><time>2026-09-11T21:42:35Z</time></trkpt>
      <trkpt lat="41.48799833333333" lon="-81.73868666666667"><ele>150.899</ele><time>2026-09-11T21:42:36Z</time></trkpt>
      <trkpt lat="41.488006666666664" lon="-81.73868"><ele>150.999</ele><time>2026-09-11T21:42:37Z</time></trkpt>
      <trkpt lat="41.48801666666667" lon="-81.73867166666666"><ele>151</ele><time>2026-09-11T21:42:38Z</time></trkpt>
      <trkpt lat="41.488025" lon="-81.73866333333334"><ele>150.7</ele><time>2026-09-11T21:42:39Z</time></trkpt>
      <trkpt lat="41.488034999999996" lon="-81.738655"><ele>150.7</ele><time>2026-09-11T21:42:40Z</time></trkpt>
      <trkpt lat="41.48804" lon="-81.73865166666667"><ele>150.5</ele><time>2026-09-11T21:42:41Z</time></trkpt>
      <trkpt lat="41.48805333333333" lon="-81.73864166666667"><ele>150.3</ele><time>2026-09-11T21:42:42Z</time></trkpt>
      <trkpt lat="41.48806" lon="-81.738635"><ele>150.3</ele><time>2026-09-11T21:42:43Z</time></trkpt>
      <trkpt lat="41.48806833333333" lon="-81.73863"><ele>150.4</ele><time>2026-09-11T21:42:44Z</time></trkpt>
      <trkpt lat="41.48807333333333" lon="-81.73862666666666"><ele>150.4</ele><time>2026-09-11T21:42:45Z</time></trkpt>
      <trkpt lat="41.488078333333334" lon="-81.73862333333334"><ele>150.3</ele><time>2026-09-11T21:42:46Z</time></trkpt>
      <trkpt lat="41.488085" lon="-81.73861833333333"><ele>150.3</ele><time>2026-09-11T21:42:47Z</time></trkpt>
      <trkpt lat="41.48809166666667" lon="-81.73861333333333"><ele>150.1</ele><time>2026-09-11T21:42:48Z</time></trkpt>
      <trkpt lat="41.4881" lon="-81.73860833333333"><ele>150.2</ele><time>2026-09-11T21:42:49Z</time></trkpt>
      <trkpt lat="41.48810666666667" lon="-81.73860166666667"><ele>150.2</ele><time>2026-09-11T21:42:50Z</time></trkpt>
      <trkpt lat="41.48811333333333" lon="-81.73859833333333"><ele>150.2</ele><time>2026-09-11T21:42:51Z</time></trkpt>
      <trkpt lat="41.488125" lon="-81.73858833333334"><ele>150.3</ele><time>2026-09-11T21:42:52Z</time></trkpt>
      <trkpt lat="41.488128333333336" lon="-81.73858666666666"><ele>150.3</ele><time>2026-09-11T21:42:53Z</time></trkpt>
      <trkpt lat="41.48813666666667" lon="-81.73858333333334"><ele>150</ele><time>2026-09-11T21:42:54Z</time></trkpt>
      <trkpt lat="41.48816" lon="-81.73857"><ele>149.9</ele><time>2026-09-11T21:42:55Z</time></trkpt>
      <trkpt lat="41.488166666666665" lon="-81.738565"><ele>149.8</ele><time>2026-09-11T21:42:56Z</time></trkpt>
      <trkpt lat="41.488185" lon="-81.73854833333333"><ele>149.6</ele><time>2026-09-11T21:42:57Z</time></trkpt>
      <trkpt lat="41.488195" lon="-81.73853833333334"><ele>149.3</ele><time>2026-09-11T21:42:58Z</time></trkpt>
      <trkpt lat="41.4882" lon="-81.73853166666666"><ele>148.8</ele><time>2026-09-11T21:42:59Z</time></trkpt>
      <trkpt lat="41.488205" lon="-81.73852666666667"><ele>148.8</ele><time>2026-09-11T21:43:00Z</time></trkpt>
      <trkpt lat="41.488213333333334" lon="-81.73852"><ele>149</ele><time>2026-09-11T21:43:01Z</time></trkpt>
      <trkpt lat="41.48822166666667" lon="-81.738515"><ele>149</ele><time>2026-09-11T21:43:02Z</time></trkpt>
      <trkpt lat="41.48822833333333" lon="-81.73851166666667"><ele>149</ele><time>2026-09-11T21:43:03Z</time></trkpt>
      <trkpt lat="41.488235" lon="-81.738505"><ele>149</ele><time>2026-09-11T21:43:04Z</time></trkpt>
      <trkpt lat="41.488245" lon="-81.73849833333334"><ele>149</ele><time>2026-09-11T21:43:05Z</time></trkpt>
      <trkpt lat="41.48825333333333" lon="-81.73849166666666"><ele>149</ele><time>2026-09-11T21:43:06Z</time></trkpt>
      <trkpt lat="41.488261666666666" lon="-81.73848333333333"><ele>149.1</ele><time>2026-09-11T21:43:07Z</time></trkpt>
      <trkpt lat="41.48827" lon="-81.738475"><ele>149</ele><time>2026-09-11T21:43:08Z</time></trkpt>
      <trkpt lat="41.488275" lon="-81.73847166666667"><ele>149</ele><time>2026-09-11T21:43:09Z</time></trkpt>
      <trkpt lat="41.48828833333334" lon="-81.73847"><ele>149</ele><time>2026-09-11T21:43:10Z</time></trkpt>
      <trkpt lat="41.4883" lon="-81.738465"><ele>147</ele><time>2026-09-11T21:43:11Z</time></trkpt>
      <trkpt lat="41.488305" lon="-81.73846333333333"><ele>147</ele><time>2026-09-11T21:43:12Z</time></trkpt>
      <trkpt lat="41.48831333333333" lon="-81.73845833333333"><ele>147</ele><time>2026-09-11T21:43:13Z</time></trkpt>
      <trkpt lat="41.488323333333334" lon="-81.73845166666666"><ele>147</ele><time>2026-09-11T21:43:14Z</time></trkpt>
      <trkpt lat="41.48833" lon="-81.73844833333334"><ele>147</ele><time>2026-09-11T21:43:15Z</time></trkpt>
      <trkpt lat="41.488335" lon="-81.738445"><ele>147</ele><time>2026-09-11T21:43:16Z</time></trkpt>
      <trkpt lat="41.488345" lon="-81.73844"><ele>147</ele><time>2026-09-11T21:43:17Z</time></trkpt>
      <trkpt lat="41.488348333333334" lon="-81.73843666666667"><ele>147</ele><time>2026-09-11T21:43:18Z</time></trkpt>
      <trkpt lat="41.48835833333333" lon="-81.73843333333333"><ele>147.1</ele><time>2026-09-11T21:43:19Z</time></trkpt>
      <trkpt lat="41.488371666666666" lon="-81.73842833333333"><ele>147.1</ele><time>2026-09-11T21:43:20Z</time></trkpt>
      <trkpt lat="41.48837833333333" lon="-81.73842833333333"><ele>146.7</ele><time>2026-09-11T21:43:21Z</time></trkpt>
      <trkpt lat="41.488385" lon="-81.73842666666667"><ele>146.7</ele><time>2026-09-11T21:43:22Z</time></trkpt>
      <trkpt lat="41.48839666666667" lon="-81.73842333333333"><ele>147</ele><time>2026-09-11T21:43:23Z</time></trkpt>
      <trkpt lat="41.488405" lon="-81.73842"><ele>145</ele><time>2026-09-11T21:43:24Z</time></trkpt>
      <trkpt lat="41.488418333333335" lon="-81.73842"><ele>145</ele><time>2026-09-11T21:43:25Z</time></trkpt>
      <trkpt lat="41.48842833333333" lon="-81.73841833333333"><ele>145</ele><time>2026-09-11T21:43:26Z</time></trkpt>
      <trkpt lat="41.48844" lon="-81.738415"><ele>146.6</ele><time>2026-09-11T21:43:27Z</time></trkpt>
      <trkpt lat="41.48844666666667" lon="-81.738415"><ele>146.6</ele><time>2026-09-11T21:43:28Z</time></trkpt>
      <trkpt lat="41.488456666666664" lon="-81.73841333333333"><ele>146.7</ele><time>2026-09-11T21:43:29Z</time></trkpt>
      <trkpt lat="41.488461666666666" lon="-81.73841333333333"><ele>146.7</ele><time>2026-09-11T21:43:30Z</time></trkpt>
      <trkpt lat="41.48846833333333" lon="-81.73841333333333"><ele>146.7</ele><time>2026-09-11T21:43:31Z</time></trkpt>
      <trkpt lat="41.48848" lon="-81.73841166666666"><ele>146.7</ele><time>2026-09-11T21:43:32Z</time></trkpt>
      <trkpt lat="41.488488333333336" lon="-81.73841"><ele>146.7</ele><time>2026-09-11T21:43:33Z</time></trkpt>
      <trkpt lat="41.48849333333333" lon="-81.73841"><ele>146.7</ele><time>2026-09-11T21:43:34Z</time></trkpt>
      <trkpt lat="41.488506666666666" lon="-81.738405"><ele>147</ele><time>2026-09-11T21:43:35Z</time></trkpt>
      <trkpt lat="41.488515" lon="-81.738405"><ele>147</ele><time>2026-09-11T21:43:36Z</time></trkpt>
      <trkpt lat="41.488528333333335" lon="-81.73840166666666"><ele>147</ele><time>2026-09-11T21:43:37Z</time></trkpt>
      <trkpt lat="41.48853833333333" lon="-81.7384"><ele>147</ele><time>2026-09-11T21:43:38Z</time></trkpt>
      <trkpt lat="41.488546666666664" lon="-81.7384"><ele>147</ele><time>2026-09-11T21:43:39Z</time></trkpt>
      <trkpt lat="41.488553333333336" lon="-81.73839666666667"><ele>147</ele><time>2026-09-11T21:43:40Z</time></trkpt>
      <trkpt lat="41.48856166666667" lon="-81.73839666666667"><ele>147</ele><time>2026-09-11T21:43:41Z</time></trkpt>
      <trkpt lat="41.48857" lon="-81.738395"><ele>147</ele><time>2026-09-11T21:43:42Z</time></trkpt>
      <trkpt lat="41.48858333333333" lon="-81.73839"><ele>144.8</ele><time>2026-09-11T21:43:43Z</time></trkpt>
      <trkpt lat="41.48859" lon="-81.73838666666667"><ele>147</ele><time>2026-09-11T21:43:44Z</time></trkpt>
      <trkpt lat="41.488598333333336" lon="-81.73838333333333"><ele>147</ele><time>2026-09-11T21:43:45Z</time></trkpt>
      <trkpt lat="41.48860166666667" lon="-81.73838166666667"><ele>147</ele><time>2026-09-11T21:43:46Z</time></trkpt>
      <trkpt lat="41.48861" lon="-81.73837833333333"><ele>147</ele><time>2026-09-11T21:43:47Z</time></trkpt>
      <trkpt lat="41.488616666666665" lon="-81.73837666666667"><ele>147</ele><time>2026-09-11T21:43:48Z</time></trkpt>
      <trkpt lat="41.48862833333333" lon="-81.73837166666667"><ele>144.8</ele><time>2026-09-11T21:43:49Z</time></trkpt>
      <trkpt lat="41.488643333333336" lon="-81.73836666666666"><ele>144.8</ele><time>2026-09-11T21:43:50Z</time></trkpt>
      <trkpt lat="41.48865333333333" lon="-81.73836166666666"><ele>144.8</ele><time>2026-09-11T21:43:51Z</time></trkpt>
      <trkpt lat="41.488661666666665" lon="-81.73835666666666"><ele>144.8</ele><time>2026-09-11T21:43:52Z</time></trkpt>
      <trkpt lat="41.48866666666667" lon="-81.73835333333334"><ele>144.8</ele><time>2026-09-11T21:43:53Z</time></trkpt>
      <trkpt lat="41.48868" lon="-81.73834833333333"><ele>144.8</ele><time>2026-09-11T21:43:54Z</time></trkpt>
      <trkpt lat="41.488685" lon="-81.738345"><ele>144.8</ele><time>2026-09-11T21:43:55Z</time></trkpt>
      <trkpt lat="41.48869666666667" lon="-81.73834"><ele>144.8</ele><time>2026-09-11T21:43:56Z</time></trkpt>
      <trkpt lat="41.488705" lon="-81.738335"><ele>144.8</ele><time>2026-09-11T21:43:57Z</time></trkpt>
      <trkpt lat="41.488715" lon="-81.73832666666667"><ele>144.6</ele><time>2026-09-11T21:43:58Z</time></trkpt>
      <trkpt lat="41.488728333333334" lon="-81.73831666666666"><ele>144.6</ele><time>2026-09-11T21:43:59Z</time></trkpt>
      <trkpt lat="41.48874" lon="-81.73830833333334"><ele>144.6</ele><time>2026-09-11T21:44:00Z</time></trkpt>
      <trkpt lat="41.488746666666664" lon="-81.73830166666667"><ele>144.6</ele><time>2026-09-11T21:44:01Z</time></trkpt>
      <trkpt lat="41.488751666666666" lon="-81.738295"><ele>144.6</ele><time>2026-09-11T21:44:02Z</time></trkpt>
      <trkpt lat="41.488753333333335" lon="-81.73829"><ele>144.6</ele><time>2026-09-11T21:44:03Z</time></trkpt>
      <trkpt lat="41.48876" lon="-81.73828"><ele>144.6</ele><time>2026-09-11T21:44:04Z</time></trkpt>
      <trkpt lat="41.48877" lon="-81.73826833333334"><ele>144.6</ele><time>2026-09-11T21:44:05Z</time></trkpt>
      <trkpt lat="41.48878333333333" lon="-81.73825833333333"><ele>144.5</ele><time>2026-09-11T21:44:06Z</time></trkpt>
      <trkpt lat="41.488795" lon="-81.73824833333333"><ele>144.5</ele><time>2026-09-11T21:44:07Z</time></trkpt>
      <trkpt lat="41.48880166666667" lon="-81.738235"><ele>144.5</ele><time>2026-09-11T21:44:08Z</time></trkpt>
      <trkpt lat="41.48880666666667" lon="-81.73822333333334"><ele>144.5</ele><time>2026-09-11T21:44:09Z</time></trkpt>
      <trkpt lat="41.48882666666667" lon="-81.73821"><ele>144.5</ele><time>2026-09-11T21:44:11Z</time></trkpt>
      <trkpt lat="41.488841666666666" lon="-81.73820166666667"><ele>144.5</ele><time>2026-09-11T21:44:12Z</time></trkpt>
      <trkpt lat="41.488843333333335" lon="-81.738185"><ele>144.5</ele><time>2026-09-11T21:44:13Z</time></trkpt>
      <trkpt lat="41.488838333333334" lon="-81.738165"><ele>144.5</ele><time>2026-09-11T21:44:14Z</time></trkpt>
      <trkpt lat="41.48883333333333" lon="-81.73815333333333"><ele>144.5</ele><time>2026-09-11T21:44:15Z</time></trkpt>
      <trkpt lat="41.488823333333336" lon="-81.73814166666666"><ele>144.5</ele><time>2026-09-11T21:44:16Z</time></trkpt>
      <trkpt lat="41.488795" lon="-81.73813333333334"><ele>144.5</ele><time>2026-09-11T21:44:24Z</time></trkpt>
      <trkpt lat="41.48880166666667" lon="-81.73815166666667"><ele>144.5</ele><time>2026-09-11T21:44:31Z</time></trkpt>
      <trkpt lat="41.4888" lon="-81.738155"><ele>144.5</ele><time>2026-09-11T21:44:39Z</time></trkpt>
      <trkpt lat="41.4888" lon="-81.73815666666667"><ele>144.5</ele><time>2026-09-11T21:44:40Z</time></trkpt>
      <trkpt lat="41.48880166666667" lon="-81.73815833333333"><ele>144.5</ele><time>2026-09-11T21:44:41Z</time></trkpt>
      <trkpt lat="41.48880166666667" lon="-81.73815833333333"><ele>144.5</ele><time>2026-09-11T21:44:42Z</time></trkpt>
      <trkpt lat="41.48880333333334" lon="-81.73816166666667"><ele>144.6</ele><time>2026-09-11T21:44:47Z</time></trkpt>
      <trkpt lat="41.48880666666667" lon="-81.73815666666667"><ele>144.5</ele><time>2026-09-11T21:44:55Z</time></trkpt>
      <trkpt lat="41.48881" lon="-81.73816"><ele>144.5</ele><time>2026-09-11T21:44:58Z</time></trkpt>
      <trkpt lat="41.48881" lon="-81.73816"><ele>144.5</ele><time>2026-09-11T21:44:59Z</time></trkpt>
      <trkpt lat="41.48881" lon="-81.73816166666667"><ele>144.5</ele><time>2026-09-11T21:45:00Z</time></trkpt>
      <trkpt lat="41.48881" lon="-81.73816"><ele>144.5</ele><time>2026-09-11T21:45:01Z</time></trkpt>
      <trkpt lat="41.48880833333333" lon="-81.73816"><ele>144.5</ele><time>2026-09-11T21:45:02Z</time></trkpt>
      <trkpt lat="41.48880833333333" lon="-81.73816"><ele>144.5</ele><time>2026-09-11T21:45:03Z</time></trkpt>
      <trkpt lat="41.488805" lon="-81.73817"><ele>144.5</ele><time>2026-09-11T21:45:04Z</time></trkpt>
      <trkpt lat="41.488805" lon="-81.738175"><ele>144.5</ele><time>2026-09-11T21:45:05Z</time></trkpt>
      <trkpt lat="41.48880333333334" lon="-81.7382"><ele>144.5</ele><time>2026-09-11T21:45:06Z</time></trkpt>
      <trkpt lat="41.488805" lon="-81.73822833333334"><ele>144.5</ele><time>2026-09-11T21:45:07Z</time></trkpt>
      <trkpt lat="41.488805" lon="-81.73824833333333"><ele>144.5</ele><time>2026-09-11T21:45:08Z</time></trkpt>
      <trkpt lat="41.4888" lon="-81.73827"><ele>144.5</ele><time>2026-09-11T21:45:10Z</time></trkpt>
      <trkpt lat="41.488776666666666" lon="-81.738255"><ele>144.6</ele><time>2026-09-11T21:45:13Z</time></trkpt>
      <trkpt lat="41.488775" lon="-81.73825333333333"><ele>144.6</ele><time>2026-09-11T21:45:14Z</time></trkpt>
      <trkpt lat="41.488773333333334" lon="-81.73825166666667"><ele>144.6</ele><time>2026-09-11T21:45:15Z</time></trkpt>
      <trkpt lat="41.488771666666665" lon="-81.73824833333333"><ele>144.6</ele><time>2026-09-11T21:45:16Z</time></trkpt>
      <trkpt lat="41.48877" lon="-81.738245"><ele>144.6</ele><time>2026-09-11T21:45:17Z</time></trkpt>
      <trkpt lat="41.48876833333333" lon="-81.73824333333333"><ele>144.6</ele><time>2026-09-11T21:45:18Z</time></trkpt>
      <trkpt lat="41.48876833333333" lon="-81.73823833333333"><ele>144.6</ele><time>2026-09-11T21:45:19Z</time></trkpt>
      <trkpt lat="41.48876666666666" lon="-81.73823333333333"><ele>144.6</ele><time>2026-09-11T21:45:20Z</time></trkpt>
      <trkpt lat="41.48876666666666" lon="-81.73822833333334"><ele>144.6</ele><time>2026-09-11T21:45:21Z</time></trkpt>
      <trkpt lat="41.48876666666666" lon="-81.73822166666666"><ele>144.6</ele><time>2026-09-11T21:45:22Z</time></trkpt>
      <trkpt lat="41.48876666666666" lon="-81.73821833333334"><ele>144.5</ele><time>2026-09-11T21:45:23Z</time></trkpt>
      <trkpt lat="41.488773333333334" lon="-81.73822"><ele>144.5</ele><time>2026-09-11T21:45:24Z</time></trkpt>
      <trkpt lat="41.488775" lon="-81.73821666666667"><ele>144.5</ele><time>2026-09-11T21:45:25Z</time></trkpt>
      <trkpt lat="41.488775" lon="-81.73821166666667"><ele>144.5</ele><time>2026-09-11T21:45:26Z</time></trkpt>
      <trkpt lat="41.488776666666666" lon="-81.73821"><ele>144.5</ele><time>2026-09-11T21:45:27Z</time></trkpt>
      <trkpt lat="41.488778333333336" lon="-81.738205"><ele>144.5</ele><time>2026-09-11T21:45:28Z</time></trkpt>
      <trkpt lat="41.48878166666667" lon="-81.73820333333333"><ele>144.5</ele><time>2026-09-11T21:45:29Z</time></trkpt>
      <trkpt lat="41.488791666666664" lon="-81.73819666666667"><ele>144.5</ele><time>2026-09-11T21:45:30Z</time></trkpt>
      <trkpt lat="41.4888" lon="-81.73819333333333"><ele>144.5</ele><time>2026-09-11T21:45:31Z</time></trkpt>
      <trkpt lat="41.48880666666667" lon="-81.73819166666667"><ele>144.5</ele><time>2026-09-11T21:45:32Z</time></trkpt>
      <trkpt lat="41.488815" lon="-81.73818833333333"><ele>144.5</ele><time>2026-09-11T21:45:33Z</time></trkpt>
      <trkpt lat="41.48883166666667" lon="-81.73818"><ele>144.5</ele><time>2026-09-11T21:45:34Z</time></trkpt>
      <trkpt lat="41.488838333333334" lon="-81.738175"><ele>144.5</ele><time>2026-09-11T21:45:35Z</time></trkpt>
      <trkpt lat="41.48884666666667" lon="-81.73817166666667"><ele>144.5</ele><time>2026-09-11T21:45:36Z</time></trkpt>
      <trkpt lat="41.48885833333333" lon="-81.738165"><ele>144.5</ele><time>2026-09-11T21:45:37Z</time></trkpt>
      <trkpt lat="41.488865" lon="-81.73816166666667"><ele>144.5</ele><time>2026-09-11T21:45:38Z</time></trkpt>
      <trkpt lat="41.488863333333335" lon="-81.73818166666666"><ele>144.6</ele><time>2026-09-11T21:45:39Z</time></trkpt>
      <trkpt lat="41.48886666666667" lon="-81.73818833333333"><ele>144.6</ele><time>2026-09-11T21:45:40Z</time></trkpt>
      <trkpt lat="41.48887166666667" lon="-81.73819166666667"><ele>144.6</ele><time>2026-09-11T21:45:41Z</time></trkpt>
      <trkpt lat="41.48887833333333" lon="-81.73819333333333"><ele>144.6</ele><time>2026-09-11T21:45:42Z</time></trkpt>
      <trkpt lat="41.488883333333334" lon="-81.73819666666667"><ele>144.6</ele><time>2026-09-11T21:45:43Z</time></trkpt>
      <trkpt lat="41.48889" lon="-81.7382"><ele>144.6</ele><time>2026-09-11T21:45:44Z</time></trkpt>
      <trkpt lat="41.48889833333333" lon="-81.73820666666667"><ele>144.6</ele><time>2026-09-11T21:45:45Z</time></trkpt>
      <trkpt lat="41.48890333333333" lon="-81.73821"><ele>144.6</ele><time>2026-09-11T21:45:46Z</time></trkpt>
      <trkpt lat="41.488908333333335" lon="-81.73821666666667"><ele>144.6</ele><time>2026-09-11T21:45:47Z</time></trkpt>
      <trkpt lat="41.488915" lon="-81.738225"><ele>144.6</ele><time>2026-09-11T21:45:48Z</time></trkpt>
      <trkpt lat="41.48891833333333" lon="-81.73822833333334"><ele>144.6</ele><time>2026-09-11T21:45:49Z</time></trkpt>
      <trkpt lat="41.48892333333333" lon="-81.73823"><ele>144.6</ele><time>2026-09-11T21:45:50Z</time></trkpt>
      <trkpt lat="41.488933333333335" lon="-81.73823833333333"><ele>144.6</ele><time>2026-09-11T21:45:51Z</time></trkpt>
      <trkpt lat="41.48894" lon="-81.73824333333333"><ele>144.6</ele><time>2026-09-11T21:45:52Z</time></trkpt>
      <trkpt lat="41.488945" lon="-81.73824666666667"><ele>144.6</ele><time>2026-09-11T21:45:53Z</time></trkpt>
      <trkpt lat="41.488951666666665" lon="-81.73825333333333"><ele>144.6</ele><time>2026-09-11T21:45:54Z</time></trkpt>
      <trkpt lat="41.48895" lon="-81.73825666666667"><ele>144.6</ele><time>2026-09-11T21:45:55Z</time></trkpt>
      <trkpt lat="41.488953333333335" lon="-81.73826333333334"><ele>144.6</ele><time>2026-09-11T21:45:56Z</time></trkpt>
      <trkpt lat="41.48896" lon="-81.73827"><ele>144.6</ele><time>2026-09-11T21:45:57Z</time></trkpt>
      <trkpt lat="41.488965" lon="-81.73827333333334"><ele>144.6</ele><time>2026-09-11T21:45:58Z</time></trkpt>
      <trkpt lat="41.48896833333333" lon="-81.738275"><ele>144.6</ele><time>2026-09-11T21:45:59Z</time></trkpt>
      <trkpt lat="41.488973333333334" lon="-81.73827666666666"><ele>144.6</ele><time>2026-09-11T21:46:00Z</time></trkpt>
      <trkpt lat="41.488975" lon="-81.73827666666666"><ele>144.6</ele><time>2026-09-11T21:46:01Z</time></trkpt>
      <trkpt lat="41.488975" lon="-81.73827666666666"><ele>144.6</ele><time>2026-09-11T21:46:02Z</time></trkpt>
      <trkpt lat="41.48896833333333" lon="-81.73827"><ele>144.6</ele><time>2026-09-11T21:46:03Z</time></trkpt>
      <trkpt lat="41.48896666666667" lon="-81.73827"><ele>144.6</ele><time>2026-09-11T21:46:04Z</time></trkpt>
      <trkpt lat="41.48896666666667" lon="-81.73827166666666"><ele>144.6</ele><time>2026-09-11T21:46:05Z</time></trkpt>
      <trkpt lat="41.48896333333333" lon="-81.73827333333334"><ele>144.6</ele><time>2026-09-11T21:46:06Z</time></trkpt>
      <trkpt lat="41.48896333333333" lon="-81.738275"><ele>144.6</ele><time>2026-09-11T21:46:07Z</time></trkpt>
      <trkpt lat="41.48896333333333" lon="-81.73827333333334"><ele>144.6</ele><time>2026-09-11T21:46:08Z</time></trkpt>
      <trkpt lat="41.488965" lon="-81.738275"><ele>144.6</ele><time>2026-09-11T21:46:09Z</time></trkpt>
      <trkpt lat="41.48896666666667" lon="-81.73827166666666"><ele>144.6</ele><time>2026-09-11T21:46:10Z</time></trkpt>
      <trkpt lat="41.48896666666667" lon="-81.73827"><ele>144.6</ele><time>2026-09-11T21:46:11Z</time></trkpt>
      <trkpt lat="41.48898166666667" lon="-81.738265"><ele>144.6</ele><time>2026-09-11T21:46:12Z</time></trkpt>
      <trkpt lat="41.489" lon="-81.73825833333333"><ele>144.6</ele><time>2026-09-11T21:46:13Z</time></trkpt>
      <trkpt lat="41.48901" lon="-81.73825666666667"><ele>144.6</ele><time>2026-09-11T21:46:14Z</time></trkpt>
      <trkpt lat="41.489023333333336" lon="-81.73825333333333"><ele>144.6</ele><time>2026-09-11T21:46:15Z</time></trkpt>
      <trkpt lat="41.48903" lon="-81.73825"><ele>144.6</ele><time>2026-09-11T21:46:16Z</time></trkpt>
      <trkpt lat="41.489045" lon="-81.738245"><ele>144.6</ele><time>2026-09-11T21:46:17Z</time></trkpt>
      <trkpt lat="41.48904666666667" lon="-81.738235"><ele>144.6</ele><time>2026-09-11T21:46:18Z</time></trkpt>
      <trkpt lat="41.48905833333333" lon="-81.73822"><ele>144.6</ele><time>2026-09-11T21:46:19Z</time></trkpt>
      <trkpt lat="41.489063333333334" lon="-81.738215"><ele>144.6</ele><time>2026-09-11T21:46:20Z</time></trkpt>
      <trkpt lat="41.489068333333336" lon="-81.73821166666667"><ele>144.6</ele><time>2026-09-11T21:46:21Z</time></trkpt>
      <trkpt lat="41.489081666666664" lon="-81.73820333333333"><ele>144.6</ele><time>2026-09-11T21:46:22Z</time></trkpt>
      <trkpt lat="41.489088333333335" lon="-81.73819833333333"><ele>144.6</ele><time>2026-09-11T21:46:23Z</time></trkpt>
      <trkpt lat="41.4891" lon="-81.73818833333333"><ele>144.6</ele><time>2026-09-11T21:46:24Z</time></trkpt>
      <trkpt lat="41.48911" lon="-81.73818"><ele>144.6</ele><time>2026-09-11T21:46:25Z</time></trkpt>
      <trkpt lat="41.489105" lon="-81.738175"><ele>144.6</ele><time>2026-09-11T21:46:26Z</time></trkpt>
      <trkpt lat="41.489115" lon="-81.73816333333333"><ele>144.6</ele><time>2026-09-11T21:46:27Z</time></trkpt>
      <trkpt lat="41.48912333333333" lon="-81.73815666666667"><ele>144.6</ele><time>2026-09-11T21:46:28Z</time></trkpt>
      <trkpt lat="41.489131666666665" lon="-81.73815166666667"><ele>144.6</ele><time>2026-09-11T21:46:29Z</time></trkpt>
      <trkpt lat="41.48914333333333" lon="-81.738145"><ele>144.6</ele><time>2026-09-11T21:46:30Z</time></trkpt>
      <trkpt lat="41.489153333333334" lon="-81.73813833333334"><ele>144.6</ele><time>2026-09-11T21:46:31Z</time></trkpt>
      <trkpt lat="41.48916" lon="-81.738135"><ele>144.6</ele><time>2026-09-11T21:46:32Z</time></trkpt>
      <trkpt lat="41.489165" lon="-81.73812333333333"><ele>144.6</ele><time>2026-09-11T21:46:33Z</time></trkpt>
      <trkpt lat="41.489165" lon="-81.738115"><ele>144.6</ele><time>2026-09-11T21:46:34Z</time></trkpt>
      <trkpt lat="41.489175" lon="-81.738105"><ele>144.6</ele><time>2026-09-11T21:46:35Z</time></trkpt>
      <trkpt lat="41.489185" lon="-81.73809666666666"><ele>144.6</ele><time>2026-09-11T21:46:36Z</time></trkpt>
      <trkpt lat="41.489195" lon="-81.73809166666666"><ele>144.6</ele><time>2026-09-11T21:46:37Z</time></trkpt>
      <trkpt lat="41.4892" lon="-81.73808833333334"><ele>144.6</ele><time>2026-09-11T21:46:38Z</time></trkpt>
      <trkpt lat="41.48921" lon="-81.73808"><ele>144.6</ele><time>2026-09-11T21:46:39Z</time></trkpt>
      <trkpt lat="41.489215" lon="-81.73807666666667"><ele>144.6</ele><time>2026-09-11T21:46:40Z</time></trkpt>
      <trkpt lat="41.489221666666666" lon="-81.73807"><ele>144.6</ele><time>2026-09-11T21:46:41Z</time></trkpt>
      <trkpt lat="41.48923333333333" lon="-81.73805833333333"><ele>144.6</ele><time>2026-09-11T21:46:42Z</time></trkpt>
      <trkpt lat="41.489243333333334" lon="-81.73805"><ele>144.6</ele><time>2026-09-11T21:46:43Z</time></trkpt>
      <trkpt lat="41.489248333333336" lon="-81.73804333333334"><ele>144.6</ele><time>2026-09-11T21:46:44Z</time></trkpt>
      <trkpt lat="41.48926" lon="-81.73803166666667"><ele>144.6</ele><time>2026-09-11T21:46:45Z</time></trkpt>
      <trkpt lat="41.489266666666666" lon="-81.73802666666667"><ele>144.6</ele><time>2026-09-11T21:46:46Z</time></trkpt>
      <trkpt lat="41.48927666666667" lon="-81.73802166666667"><ele>144.6</ele><time>2026-09-11T21:46:47Z</time></trkpt>
      <trkpt lat="41.489285" lon="-81.738015"><ele>144.6</ele><time>2026-09-11T21:46:48Z</time></trkpt>
      <trkpt lat="41.489295" lon="-81.73801333333333"><ele>144.6</ele><time>2026-09-11T21:46:49Z</time></trkpt>
      <trkpt lat="41.48930166666667" lon="-81.73801333333333"><ele>144.6</ele><time>2026-09-11T21:46:50Z</time></trkpt>
      <trkpt lat="41.489313333333335" lon="-81.73801333333333"><ele>144.6</ele><time>2026-09-11T21:46:51Z</time></trkpt>
      <trkpt lat="41.48932333333333" lon="-81.73801333333333"><ele>144.6</ele><time>2026-09-11T21:46:52Z</time></trkpt>
      <trkpt lat="41.489331666666665" lon="-81.73801666666667"><ele>144.6</ele><time>2026-09-11T21:46:53Z</time></trkpt>
      <trkpt lat="41.48934333333333" lon="-81.73801833333333"><ele>144.6</ele><time>2026-09-11T21:46:54Z</time></trkpt>
      <trkpt lat="41.489351666666664" lon="-81.73801666666667"><ele>144.6</ele><time>2026-09-11T21:46:55Z</time></trkpt>
      <trkpt lat="41.48936166666667" lon="-81.73801833333333"><ele>144.6</ele><time>2026-09-11T21:46:56Z</time></trkpt>
      <trkpt lat="41.48936666666667" lon="-81.738015"><ele>144.6</ele><time>2026-09-11T21:46:57Z</time></trkpt>
      <trkpt lat="41.489378333333335" lon="-81.73801333333333"><ele>144.6</ele><time>2026-09-11T21:46:58Z</time></trkpt>
      <trkpt lat="41.48938666666667" lon="-81.73801166666667"><ele>144.6</ele><time>2026-09-11T21:46:59Z</time></trkpt>
      <trkpt lat="41.489396666666664" lon="-81.73801333333333"><ele>144.6</ele><time>2026-09-11T21:47:00Z</time></trkpt>
      <trkpt lat="41.489405" lon="-81.73801333333333"><ele>144.6</ele><time>2026-09-11T21:47:01Z</time></trkpt>
      <trkpt lat="41.489405" lon="-81.73801166666667"><ele>144.6</ele><time>2026-09-11T21:47:02Z</time></trkpt>
      <trkpt lat="41.489405" lon="-81.73801333333333"><ele>144.6</ele><time>2026-09-11T21:47:03Z</time></trkpt>
      <trkpt lat="41.489401666666666" lon="-81.738015"><ele>144.6</ele><time>2026-09-11T21:47:04Z</time></trkpt>
      <trkpt lat="41.489401666666666" lon="-81.738015"><ele>144.6</ele><time>2026-09-11T21:47:05Z</time></trkpt>
      <trkpt lat="41.489403333333335" lon="-81.73801333333333"><ele>144.6</ele><time>2026-09-11T21:47:06Z</time></trkpt>
      <trkpt lat="41.489403333333335" lon="-81.73801333333333"><ele>144.6</ele><time>2026-09-11T21:47:07Z</time></trkpt>
      <trkpt lat="41.489403333333335" lon="-81.73801333333333"><ele>144.6</ele><time>2026-09-11T21:47:08Z</time></trkpt>
      <trkpt lat="41.489403333333335" lon="-81.73801166666667"><ele>144.6</ele><time>2026-09-11T21:47:09Z</time></trkpt>
      <trkpt lat="41.489405" lon="-81.73801166666667"><ele>144.6</ele><time>2026-09-11T21:47:10Z</time></trkpt>
      <trkpt lat="41.489403333333335" lon="-81.73801166666667"><ele>144.6</ele><time>2026-09-11T21:47:11Z</time></trkpt>
      <trkpt lat="41.489403333333335" lon="-81.73801166666667"><ele>144.6</ele><time>2026-09-11T21:47:12Z</time></trkpt>
      <trkpt lat="41.489401666666666" lon="-81.73801"><ele>144.5</ele><time>2026-09-11T21:47:13Z</time></trkpt>
      <trkpt lat="41.489401666666666" lon="-81.73801"><ele>144.5</ele><time>2026-09-11T21:47:14Z</time></trkpt>
      <trkpt lat="41.489403333333335" lon="-81.73801166666667"><ele>144.5</ele><time>2026-09-11T21:47:15Z</time></trkpt>
      <trkpt lat="41.489405" lon="-81.73801333333333"><ele>144.5</ele><time>2026-09-11T21:47:16Z</time></trkpt>
      <trkpt lat="41.48942" lon="-81.73801666666667"><ele>144.5</ele><time>2026-09-11T21:47:17Z</time></trkpt>
      <trkpt lat="41.48943166666667" lon="-81.73802333333333"><ele>144.5</ele><time>2026-09-11T21:47:18Z</time></trkpt>
      <trkpt lat="41.48943833333333" lon="-81.73802666666667"><ele>144.5</ele><time>2026-09-11T21:47:19Z</time></trkpt>
      <trkpt lat="41.489448333333335" lon="-81.738035"><ele>144.5</ele><time>2026-09-11T21:47:20Z</time></trkpt>
      <trkpt lat="41.489455" lon="-81.73803666666667"><ele>144.5</ele><time>2026-09-11T21:47:21Z</time></trkpt>
      <trkpt lat="41.489466666666665" lon="-81.73804166666666"><ele>144.5</ele><time>2026-09-11T21:47:22Z</time></trkpt>
      <trkpt lat="41.48947833333333" lon="-81.738045"><ele>144.5</ele><time>2026-09-11T21:47:23Z</time></trkpt>
      <trkpt lat="41.48948333333333" lon="-81.738045"><ele>144.5</ele><time>2026-09-11T21:47:24Z</time></trkpt>
      <trkpt lat="41.48949833333333" lon="-81.73804666666666"><ele>144.5</ele><time>2026-09-11T21:47:25Z</time></trkpt>
      <trkpt lat="41.489505" lon="-81.73804666666666"><ele>144.5</ele><time>2026-09-11T21:47:26Z</time></trkpt>
      <trkpt lat="41.48951666666667" lon="-81.73805"><ele>144.5</ele><time>2026-09-11T21:47:27Z</time></trkpt>
      <trkpt lat="41.48952833333333" lon="-81.738055"><ele>144.6</ele><time>2026-09-11T21:47:28Z</time></trkpt>
      <trkpt lat="41.489536666666666" lon="-81.73805833333333"><ele>144.6</ele><time>2026-09-11T21:47:29Z</time></trkpt>
      <trkpt lat="41.48954333333333" lon="-81.73805833333333"><ele>144.6</ele><time>2026-09-11T21:47:30Z</time></trkpt>
      <trkpt lat="41.489551666666664" lon="-81.73806166666667"><ele>144.6</ele><time>2026-09-11T21:47:31Z</time></trkpt>
      <trkpt lat="41.48956166666667" lon="-81.738065"><ele>144.6</ele><time>2026-09-11T21:47:32Z</time></trkpt>
      <trkpt lat="41.48957333333333" lon="-81.738065"><ele>144.6</ele><time>2026-09-11T21:47:33Z</time></trkpt>
      <trkpt lat="41.489583333333336" lon="-81.738065"><ele>144.6</ele><time>2026-09-11T21:47:34Z</time></trkpt>
      <trkpt lat="41.48959" lon="-81.73806666666667"><ele>144.6</ele><time>2026-09-11T21:47:35Z</time></trkpt>
      <trkpt lat="41.4896" lon="-81.73806666666667"><ele>144.6</ele><time>2026-09-11T21:47:36Z</time></trkpt>
      <trkpt lat="41.48960666666667" lon="-81.738065"><ele>144.6</ele><time>2026-09-11T21:47:37Z</time></trkpt>
      <trkpt lat="41.48961666666667" lon="-81.73806"><ele>144.6</ele><time>2026-09-11T21:47:38Z</time></trkpt>
      <trkpt lat="41.489626666666666" lon="-81.73805"><ele>144.6</ele><time>2026-09-11T21:47:39Z</time></trkpt>
      <trkpt lat="41.48963166666667" lon="-81.73804666666666"><ele>144.6</ele><time>2026-09-11T21:47:40Z</time></trkpt>
      <trkpt lat="41.489645" lon="-81.73804166666666"><ele>144.6</ele><time>2026-09-11T21:47:41Z</time></trkpt>
      <trkpt lat="41.489655" lon="-81.73803666666667"><ele>144.5</ele><time>2026-09-11T21:47:42Z</time></trkpt>
      <trkpt lat="41.48966333333333" lon="-81.738035"><ele>144.5</ele><time>2026-09-11T21:47:43Z</time></trkpt>
      <trkpt lat="41.489673333333336" lon="-81.73803166666667"><ele>144.5</ele><time>2026-09-11T21:47:44Z</time></trkpt>
      <trkpt lat="41.48968333333333" lon="-81.73803166666667"><ele>144.5</ele><time>2026-09-11T21:47:45Z</time></trkpt>
      <trkpt lat="41.48969666666667" lon="-81.73803166666667"><ele>144.5</ele><time>2026-09-11T21:47:46Z</time></trkpt>
      <trkpt lat="41.48970333333333" lon="-81.73803166666667"><ele>144.5</ele><time>2026-09-11T21:47:47Z</time></trkpt>
      <trkpt lat="41.48970833333333" lon="-81.73803166666667"><ele>144.5</ele><time>2026-09-11T21:47:48Z</time></trkpt>
      <trkpt lat="41.48972" lon="-81.738035"><ele>144.5</ele><time>2026-09-11T21:47:49Z</time></trkpt>
      <trkpt lat="41.48972833333333" lon="-81.73803666666667"><ele>144.5</ele><time>2026-09-11T21:47:50Z</time></trkpt>
      <trkpt lat="41.489736666666666" lon="-81.73804166666666"><ele>144.5</ele><time>2026-09-11T21:47:51Z</time></trkpt>
      <trkpt lat="41.48974166666667" lon="-81.73804166666666"><ele>144.5</ele><time>2026-09-11T21:47:52Z</time></trkpt>
      <trkpt lat="41.489755" lon="-81.73804166666666"><ele>144.5</ele><time>2026-09-11T21:47:53Z</time></trkpt>
      <trkpt lat="41.489761666666666" lon="-81.73804333333334"><ele>144.5</ele><time>2026-09-11T21:47:54Z</time></trkpt>
      <trkpt lat="41.48977" lon="-81.738045"><ele>144.5</ele><time>2026-09-11T21:47:55Z</time></trkpt>
      <trkpt lat="41.489778333333334" lon="-81.73804666666666"><ele>144.5</ele><time>2026-09-11T21:47:56Z</time></trkpt>
      <trkpt lat="41.489783333333335" lon="-81.73804666666666"><ele>144.5</ele><time>2026-09-11T21:47:57Z</time></trkpt>
      <trkpt lat="41.489805" lon="-81.73804666666666"><ele>144.5</ele><time>2026-09-11T21:47:58Z</time></trkpt>
      <trkpt lat="41.48981" lon="-81.73804666666666"><ele>144</ele><time>2026-09-11T21:47:59Z</time></trkpt>
      <trkpt lat="41.48981833333333" lon="-81.73804833333334"><ele>143.9</ele><time>2026-09-11T21:48:00Z</time></trkpt>
      <trkpt lat="41.48983166666667" lon="-81.73805"><ele>144</ele><time>2026-09-11T21:48:01Z</time></trkpt>
      <trkpt lat="41.48984333333333" lon="-81.73805333333334"><ele>144.1</ele><time>2026-09-11T21:48:02Z</time></trkpt>
      <trkpt lat="41.489848333333335" lon="-81.73805333333334"><ele>144.1</ele><time>2026-09-11T21:48:03Z</time></trkpt>
      <trkpt lat="41.48986" lon="-81.73806"><ele>144.2</ele><time>2026-09-11T21:48:04Z</time></trkpt>
      <trkpt lat="41.489865" lon="-81.73806166666667"><ele>144.2</ele><time>2026-09-11T21:48:05Z</time></trkpt>
      <trkpt lat="41.48987833333333" lon="-81.73806666666667"><ele>144.299</ele><time>2026-09-11T21:48:06Z</time></trkpt>
      <trkpt lat="41.48988833333333" lon="-81.73807166666667"><ele>144.099</ele><time>2026-09-11T21:48:07Z</time></trkpt>
      <trkpt lat="41.489895" lon="-81.73807833333333"><ele>144.499</ele><time>2026-09-11T21:48:08Z</time></trkpt>
      <trkpt lat="41.48990166666667" lon="-81.73808166666667"><ele>144.499</ele><time>2026-09-11T21:48:09Z</time></trkpt>
      <trkpt lat="41.48991" lon="-81.73808666666666"><ele>144.5</ele><time>2026-09-11T21:48:10Z</time></trkpt>
      <trkpt lat="41.48992" lon="-81.73809333333334"><ele>144.5</ele><time>2026-09-11T21:48:11Z</time></trkpt>
      <trkpt lat="41.48993333333333" lon="-81.73809666666666"><ele>144.5</ele><time>2026-09-11T21:48:12Z</time></trkpt>
      <trkpt lat="41.489945" lon="-81.738095"><ele>144.5</ele><time>2026-09-11T21:48:13Z</time></trkpt>
      <trkpt lat="41.48995" lon="-81.73809666666666"><ele>144.5</ele><time>2026-09-11T21:48:14Z</time></trkpt>
      <trkpt lat="41.489963333333336" lon="-81.73809166666666"><ele>144.5</ele><time>2026-09-11T21:48:15Z</time></trkpt>
      <trkpt lat="41.48997166666667" lon="-81.73808833333334"><ele>144.5</ele><time>2026-09-11T21:48:16Z</time></trkpt>
      <trkpt lat="41.48998" lon="-81.73808833333334"><ele>144.5</ele><time>2026-09-11T21:48:17Z</time></trkpt>
      <trkpt lat="41.48999333333333" lon="-81.738085"><ele>144.5</ele><time>2026-09-11T21:48:18Z</time></trkpt>
      <trkpt lat="41.490005" lon="-81.73807833333333"><ele>144.5</ele><time>2026-09-11T21:48:19Z</time></trkpt>
      <trkpt lat="41.49001333333333" lon="-81.738075"><ele>144.5</ele><time>2026-09-11T21:48:20Z</time></trkpt>
      <trkpt lat="41.49003166666667" lon="-81.73807"><ele>144.5</ele><time>2026-09-11T21:48:21Z</time></trkpt>
      <trkpt lat="41.49003666666667" lon="-81.73806833333333"><ele>144.5</ele><time>2026-09-11T21:48:22Z</time></trkpt>
      <trkpt lat="41.490045" lon="-81.738065"><ele>144.5</ele><time>2026-09-11T21:48:23Z</time></trkpt>
      <trkpt lat="41.49005666666667" lon="-81.73806333333333"><ele>144.5</ele><time>2026-09-11T21:48:24Z</time></trkpt>
      <trkpt lat="41.490066666666664" lon="-81.73806166666667"><ele>144.5</ele><time>2026-09-11T21:48:25Z</time></trkpt>
      <trkpt lat="41.490071666666665" lon="-81.73806166666667"><ele>144.5</ele><time>2026-09-11T21:48:26Z</time></trkpt>
      <trkpt lat="41.49008333333333" lon="-81.73806"><ele>144.5</ele><time>2026-09-11T21:48:27Z</time></trkpt>
      <trkpt lat="41.49009" lon="-81.73805833333333"><ele>144.9</ele><time>2026-09-11T21:48:28Z</time></trkpt>
      <trkpt lat="41.4901" lon="-81.738055"><ele>144.9</ele><time>2026-09-11T21:48:29Z</time></trkpt>
      <trkpt lat="41.49011" lon="-81.73805166666666"><ele>144.9</ele><time>2026-09-11T21:48:30Z</time></trkpt>
      <trkpt lat="41.490118333333335" lon="-81.73804833333334"><ele>144.7</ele><time>2026-09-11T21:48:31Z</time></trkpt>
      <trkpt lat="41.49012" lon="-81.73804833333334"><ele>144.7</ele><time>2026-09-11T21:48:32Z</time></trkpt>
      <trkpt lat="41.49013" lon="-81.73805166666666"><ele>144.6</ele><time>2026-09-11T21:48:33Z</time></trkpt>
      <trkpt lat="41.490138333333334" lon="-81.73805666666667"><ele>144.6</ele><time>2026-09-11T21:48:34Z</time></trkpt>
      <trkpt lat="41.490145" lon="-81.73806"><ele>144.5</ele><time>2026-09-11T21:48:35Z</time></trkpt>
      <trkpt lat="41.49015166666667" lon="-81.738065"><ele>144.4</ele><time>2026-09-11T21:48:36Z</time></trkpt>
      <trkpt lat="41.49016" lon="-81.73807166666667"><ele>143.6</ele><time>2026-09-11T21:48:37Z</time></trkpt>
      <trkpt lat="41.490165" lon="-81.738075"><ele>143.6</ele><time>2026-09-11T21:48:38Z</time></trkpt>
      <trkpt lat="41.49017833333333" lon="-81.73808"><ele>143.6</ele><time>2026-09-11T21:48:39Z</time></trkpt>
      <trkpt lat="41.490181666666665" lon="-81.73808333333334"><ele>143.6</ele><time>2026-09-11T21:48:40Z</time></trkpt>
      <trkpt lat="41.49019333333333" lon="-81.73809333333334"><ele>143.1</ele><time>2026-09-11T21:48:41Z</time></trkpt>
      <trkpt lat="41.49020333333333" lon="-81.73809833333334"><ele>143.6</ele><time>2026-09-11T21:48:42Z</time></trkpt>
      <trkpt lat="41.490215" lon="-81.738105"><ele>143.2</ele><time>2026-09-11T21:48:43Z</time></trkpt>
      <trkpt lat="41.49022" lon="-81.73810833333333"><ele>143.2</ele><time>2026-09-11T21:48:44Z</time></trkpt>
      <trkpt lat="41.490233333333336" lon="-81.73811833333333"><ele>143.1</ele><time>2026-09-11T21:48:45Z</time></trkpt>
      <trkpt lat="41.490246666666664" lon="-81.73813"><ele>143.2</ele><time>2026-09-11T21:48:46Z</time></trkpt>
      <trkpt lat="41.490253333333335" lon="-81.73813666666666"><ele>143.299</ele><time>2026-09-11T21:48:47Z</time></trkpt>
      <trkpt lat="41.49026666666666" lon="-81.73815"><ele>143.4</ele><time>2026-09-11T21:48:48Z</time></trkpt>
      <trkpt lat="41.49027" lon="-81.738155"><ele>144.5</ele><time>2026-09-11T21:48:49Z</time></trkpt>
      <trkpt lat="41.49027666666667" lon="-81.738165"><ele>144.5</ele><time>2026-09-11T21:48:50Z</time></trkpt>
      <trkpt lat="41.49028166666667" lon="-81.73817333333334"><ele>144.5</ele><time>2026-09-11T21:48:51Z</time></trkpt>
      <trkpt lat="41.490285" lon="-81.738185"><ele>144.5</ele><time>2026-09-11T21:48:52Z</time></trkpt>
      <trkpt lat="41.49029" lon="-81.73819333333333"><ele>144.5</ele><time>2026-09-11T21:48:53Z</time></trkpt>
      <trkpt lat="41.490298333333335" lon="-81.738205"><ele>144.5</ele><time>2026-09-11T21:48:54Z</time></trkpt>
      <trkpt lat="41.490305" lon="-81.73821166666667"><ele>144.5</ele><time>2026-09-11T21:48:55Z</time></trkpt>
      <trkpt lat="41.49030833333333" lon="-81.73821666666667"><ele>144.5</ele><time>2026-09-11T21:48:56Z</time></trkpt>
      <trkpt lat="41.490316666666665" lon="-81.73823"><ele>144.5</ele><time>2026-09-11T21:48:57Z</time></trkpt>
      <trkpt lat="41.49032166666667" lon="-81.73823833333333"><ele>143.7</ele><time>2026-09-11T21:48:58Z</time></trkpt>
      <trkpt lat="41.49033" lon="-81.73825833333333"><ele>144</ele><time>2026-09-11T21:48:59Z</time></trkpt>
      <trkpt lat="41.490335" lon="-81.73826666666666"><ele>144</ele><time>2026-09-11T21:49:00Z</time></trkpt>
      <trkpt lat="41.490341666666666" lon="-81.73827666666666"><ele>144</ele><time>2026-09-11T21:49:01Z</time></trkpt>
      <trkpt lat="41.49034666666667" lon="-81.73828166666667"><ele>144</ele><time>2026-09-11T21:49:02Z</time></trkpt>
      <trkpt lat="41.49035333333333" lon="-81.738295"><ele>144.1</ele><time>2026-09-11T21:49:03Z</time></trkpt>
      <trkpt lat="41.49035833333333" lon="-81.73830166666667"><ele>144.299</ele><time>2026-09-11T21:49:04Z</time></trkpt>
      <trkpt lat="41.49036666666667" lon="-81.73831333333334"><ele>144.4</ele><time>2026-09-11T21:49:05Z</time></trkpt>
      <trkpt lat="41.49037666666667" lon="-81.73832"><ele>144.3</ele><time>2026-09-11T21:49:06Z</time></trkpt>
      <trkpt lat="41.490381666666664" lon="-81.73832333333333"><ele>144.3</ele><time>2026-09-11T21:49:07Z</time></trkpt>
      <trkpt lat="41.490386666666666" lon="-81.73832833333333"><ele>144.3</ele><time>2026-09-11T21:49:08Z</time></trkpt>
      <trkpt lat="41.49039666666667" lon="-81.73833333333333"><ele>144.7</ele><time>2026-09-11T21:49:09Z</time></trkpt>
      <trkpt lat="41.490406666666665" lon="-81.73834"><ele>144.6</ele><time>2026-09-11T21:49:10Z</time></trkpt>
      <trkpt lat="41.490415" lon="-81.738345"><ele>144.6</ele><time>2026-09-11T21:49:11Z</time></trkpt>
      <trkpt lat="41.490425" lon="-81.73834833333333"><ele>144.7</ele><time>2026-09-11T21:49:12Z</time></trkpt>
      <trkpt lat="41.490431666666666" lon="-81.73835"><ele>144.7</ele><time>2026-09-11T21:49:13Z</time></trkpt>
      <trkpt lat="41.49044166666667" lon="-81.73835333333334"><ele>144.7</ele><time>2026-09-11T21:49:14Z</time></trkpt>
      <trkpt lat="41.49044833333333" lon="-81.73835333333334"><ele>144.799</ele><time>2026-09-11T21:49:15Z</time></trkpt>
      <trkpt lat="41.490458333333336" lon="-81.738355"><ele>144.6</ele><time>2026-09-11T21:49:16Z</time></trkpt>
      <trkpt lat="41.49047" lon="-81.73835833333334"><ele>144.6</ele><time>2026-09-11T21:49:17Z</time></trkpt>
      <trkpt lat="41.49048" lon="-81.738365"><ele>144.7</ele><time>2026-09-11T21:49:18Z</time></trkpt>
      <trkpt lat="41.49048666666667" lon="-81.73836833333333"><ele>144.7</ele><time>2026-09-11T21:49:19Z</time></trkpt>
      <trkpt lat="41.490498333333335" lon="-81.73837833333333"><ele>144.7</ele><time>2026-09-11T21:49:20Z</time></trkpt>
      <trkpt lat="41.49051" lon="-81.73838833333333"><ele>144.5</ele><time>2026-09-11T21:49:21Z</time></trkpt>
      <trkpt lat="41.490516666666664" lon="-81.73839166666667"><ele>144.5</ele><time>2026-09-11T21:49:22Z</time></trkpt>
      <trkpt lat="41.490523333333336" lon="-81.73839833333334"><ele>144.5</ele><time>2026-09-11T21:49:23Z</time></trkpt>
      <trkpt lat="41.49052833333333" lon="-81.73840333333334"><ele>144.5</ele><time>2026-09-11T21:49:24Z</time></trkpt>
      <trkpt lat="41.490535" lon="-81.738415"><ele>144.6</ele><time>2026-09-11T21:49:25Z</time></trkpt>
      <trkpt lat="41.49054" lon="-81.73842"><ele>144.6</ele><time>2026-09-11T21:49:26Z</time></trkpt>
      <trkpt lat="41.49054833333334" lon="-81.73843"><ele>144.7</ele><time>2026-09-11T21:49:27Z</time></trkpt>
      <trkpt lat="41.49055833333333" lon="-81.73843666666667"><ele>144.7</ele><time>2026-09-11T21:49:28Z</time></trkpt>
      <trkpt lat="41.490563333333334" lon="-81.73844166666666"><ele>144.7</ele><time>2026-09-11T21:49:29Z</time></trkpt>
      <trkpt lat="41.49057166666667" lon="-81.73844666666666"><ele>144.7</ele><time>2026-09-11T21:49:30Z</time></trkpt>
      <trkpt lat="41.49057666666667" lon="-81.73845"><ele>144.5</ele><time>2026-09-11T21:49:31Z</time></trkpt>
      <trkpt lat="41.490586666666665" lon="-81.738465"><ele>144.5</ele><time>2026-09-11T21:49:32Z</time></trkpt>
      <trkpt lat="41.49059" lon="-81.73847166666667"><ele>144.5</ele><time>2026-09-11T21:49:33Z</time></trkpt>
      <trkpt lat="41.49059333333334" lon="-81.73847666666667"><ele>144.5</ele><time>2026-09-11T21:49:34Z</time></trkpt>
      <trkpt lat="41.49060333333333" lon="-81.73849"><ele>144.3</ele><time>2026-09-11T21:49:35Z</time></trkpt>
      <trkpt lat="41.490606666666665" lon="-81.73849666666666"><ele>144.3</ele><time>2026-09-11T21:49:36Z</time></trkpt>
      <trkpt lat="41.490615" lon="-81.73851"><ele>144.5</ele><time>2026-09-11T21:49:37Z</time></trkpt>
      <trkpt lat="41.49062" lon="-81.73852"><ele>144.5</ele><time>2026-09-11T21:49:38Z</time></trkpt>
      <trkpt lat="41.490625" lon="-81.738525"><ele>144.3</ele><time>2026-09-11T21:49:39Z</time></trkpt>
      <trkpt lat="41.49062833333333" lon="-81.73853333333334"><ele>144.3</ele><time>2026-09-11T21:49:40Z</time></trkpt>
      <trkpt lat="41.490635" lon="-81.738545"><ele>144.6</ele><time>2026-09-11T21:49:41Z</time></trkpt>
      <trkpt lat="41.49063833333334" lon="-81.73855333333333"><ele>144.6</ele><time>2026-09-11T21:49:42Z</time></trkpt>
      <trkpt lat="41.49064666666666" lon="-81.73857166666667"><ele>144.5</ele><time>2026-09-11T21:49:43Z</time></trkpt>
      <trkpt lat="41.49065" lon="-81.738575"><ele>144.5</ele><time>2026-09-11T21:49:44Z</time></trkpt>
      <trkpt lat="41.490653333333334" lon="-81.73858333333334"><ele>144.5</ele><time>2026-09-11T21:49:45Z</time></trkpt>
      <trkpt lat="41.49066166666667" lon="-81.73859833333333"><ele>144.6</ele><time>2026-09-11T21:49:46Z</time></trkpt>
      <trkpt lat="41.49066666666667" lon="-81.73860666666667"><ele>144.7</ele><time>2026-09-11T21:49:47Z</time></trkpt>
      <trkpt lat="41.490675" lon="-81.73861833333333"><ele>144.7</ele><time>2026-09-11T21:49:48Z</time></trkpt>
      <trkpt lat="41.490678333333335" lon="-81.73863"><ele>144.7</ele><time>2026-09-11T21:49:49Z</time></trkpt>
      <trkpt lat="41.49068" lon="-81.738635"><ele>144.7</ele><time>2026-09-11T21:49:50Z</time></trkpt>
      <trkpt lat="41.490685" lon="-81.73864666666667"><ele>144.7</ele><time>2026-09-11T21:49:51Z</time></trkpt>
      <trkpt lat="41.490685" lon="-81.73865333333333"><ele>144.799</ele><time>2026-09-11T21:49:52Z</time></trkpt>
      <trkpt lat="41.49068833333333" lon="-81.73866333333334"><ele>145.1</ele><time>2026-09-11T21:49:53Z</time></trkpt>
      <trkpt lat="41.49069166666666" lon="-81.738675"><ele>145.1</ele><time>2026-09-11T21:49:54Z</time></trkpt>
      <trkpt lat="41.490695" lon="-81.73868"><ele>145.1</ele><time>2026-09-11T21:49:55Z</time></trkpt>
      <trkpt lat="41.490701666666666" lon="-81.7387"><ele>145.1</ele><time>2026-09-11T21:49:56Z</time></trkpt>
      <trkpt lat="41.490703333333336" lon="-81.73871"><ele>145.2</ele><time>2026-09-11T21:49:57Z</time></trkpt>
      <trkpt lat="41.490705" lon="-81.73872166666666"><ele>145.1</ele><time>2026-09-11T21:49:58Z</time></trkpt>
      <trkpt lat="41.49070833333333" lon="-81.73873666666667"><ele>145.2</ele><time>2026-09-11T21:49:59Z</time></trkpt>
      <trkpt lat="41.49071333333333" lon="-81.73874666666667"><ele>145.299</ele><time>2026-09-11T21:50:00Z</time></trkpt>
      <trkpt lat="41.490715" lon="-81.738755"><ele>145.3</ele><time>2026-09-11T21:50:01Z</time></trkpt>
      <trkpt lat="41.490718333333334" lon="-81.73876666666666"><ele>145.1</ele><time>2026-09-11T21:50:02Z</time></trkpt>
      <trkpt lat="41.490723333333335" lon="-81.73877833333333"><ele>145.1</ele><time>2026-09-11T21:50:03Z</time></trkpt>
      <trkpt lat="41.49073" lon="-81.73879166666667"><ele>145.1</ele><time>2026-09-11T21:50:04Z</time></trkpt>
      <trkpt lat="41.490735" lon="-81.73880166666666"><ele>145</ele><time>2026-09-11T21:50:05Z</time></trkpt>
      <trkpt lat="41.490741666666665" lon="-81.738815"><ele>145</ele><time>2026-09-11T21:50:06Z</time></trkpt>
      <trkpt lat="41.490743333333334" lon="-81.73882333333333"><ele>145</ele><time>2026-09-11T21:50:07Z</time></trkpt>
      <trkpt lat="41.490745" lon="-81.73883666666667"><ele>145</ele><time>2026-09-11T21:50:08Z</time></trkpt>
      <trkpt lat="41.490745" lon="-81.738845"><ele>145</ele><time>2026-09-11T21:50:09Z</time></trkpt>
      <trkpt lat="41.490745" lon="-81.73886"><ele>145.1</ele><time>2026-09-11T21:50:10Z</time></trkpt>
      <trkpt lat="41.490745" lon="-81.73887166666667"><ele>145.1</ele><time>2026-09-11T21:50:11Z</time></trkpt>
      <trkpt lat="41.490746666666666" lon="-81.73888833333334"><ele>145.1</ele><time>2026-09-11T21:50:12Z</time></trkpt>
      <trkpt lat="41.490748333333336" lon="-81.73889333333334"><ele>145.1</ele><time>2026-09-11T21:50:13Z</time></trkpt>
      <trkpt lat="41.49075" lon="-81.73890166666666"><ele>145</ele><time>2026-09-11T21:50:14Z</time></trkpt>
      <trkpt lat="41.490755" lon="-81.73891666666667"><ele>145</ele><time>2026-09-11T21:50:15Z</time></trkpt>
      <trkpt lat="41.49076" lon="-81.73892666666667"><ele>145.1</ele><time>2026-09-11T21:50:16Z</time></trkpt>
      <trkpt lat="41.490761666666664" lon="-81.73893333333334"><ele>145.1</ele><time>2026-09-11T21:50:17Z</time></trkpt>
      <trkpt lat="41.490765" lon="-81.73894833333334"><ele>145</ele><time>2026-09-11T21:50:18Z</time></trkpt>
      <trkpt lat="41.490768333333335" lon="-81.73895666666667"><ele>145</ele><time>2026-09-11T21:50:19Z</time></trkpt>
      <trkpt lat="41.49077333333334" lon="-81.738975"><ele>145</ele><time>2026-09-11T21:50:20Z</time></trkpt>
      <trkpt lat="41.49077666666667" lon="-81.738985"><ele>145.2</ele><time>2026-09-11T21:50:21Z</time></trkpt>
      <trkpt lat="41.49078333333333" lon="-81.73899166666666"><ele>145.2</ele><time>2026-09-11T21:50:22Z</time></trkpt>
      <trkpt lat="41.490786666666665" lon="-81.739"><ele>145.2</ele><time>2026-09-11T21:50:23Z</time></trkpt>
      <trkpt lat="41.490793333333336" lon="-81.73900833333333"><ele>145.3</ele><time>2026-09-11T21:50:24Z</time></trkpt>
      <trkpt lat="41.4908" lon="-81.73901833333333"><ele>145</ele><time>2026-09-11T21:50:25Z</time></trkpt>
      <trkpt lat="41.490806666666664" lon="-81.73902833333334"><ele>145.1</ele><time>2026-09-11T21:50:26Z</time></trkpt>
      <trkpt lat="41.490813333333335" lon="-81.73904"><ele>145.1</ele><time>2026-09-11T21:50:27Z</time></trkpt>
      <trkpt lat="41.49081666666667" lon="-81.73904833333333"><ele>145.1</ele><time>2026-09-11T21:50:28Z</time></trkpt>
      <trkpt lat="41.49082166666667" lon="-81.73905833333333"><ele>145.1</ele><time>2026-09-11T21:50:29Z</time></trkpt>
      <trkpt lat="41.490831666666665" lon="-81.73907666666666"><ele>145.1</ele><time>2026-09-11T21:50:30Z</time></trkpt>
      <trkpt lat="41.490838333333336" lon="-81.73908333333333"><ele>145.1</ele><time>2026-09-11T21:50:31Z</time></trkpt>
      <trkpt lat="41.490845" lon="-81.739095"><ele>145.1</ele><time>2026-09-11T21:50:32Z</time></trkpt>
      <trkpt lat="41.490851666666664" lon="-81.739095"><ele>145.1</ele><time>2026-09-11T21:50:33Z</time></trkpt>
      <trkpt lat="41.49084833333333" lon="-81.73908833333333"><ele>145</ele><time>2026-09-11T21:50:34Z</time></trkpt>
      <trkpt lat="41.490845" lon="-81.73908666666667"><ele>144.8</ele><time>2026-09-11T21:50:35Z</time></trkpt>
      <trkpt lat="41.49084333333333" lon="-81.73908666666667"><ele>145</ele><time>2026-09-11T21:50:36Z</time></trkpt>
      <trkpt lat="41.49084166666667" lon="-81.73909166666667"><ele>144.7</ele><time>2026-09-11T21:50:37Z</time></trkpt>
      <trkpt lat="41.49084333333333" lon="-81.739095"><ele>144.9</ele><time>2026-09-11T21:50:38Z</time></trkpt>
      <trkpt lat="41.49084333333333" lon="-81.739095"><ele>144.9</ele><time>2026-09-11T21:50:39Z</time></trkpt>
      <trkpt lat="41.49084333333333" lon="-81.73909666666667"><ele>144.8</ele><time>2026-09-11T21:50:40Z</time></trkpt>
      <trkpt lat="41.490845" lon="-81.73909666666667"><ele>144.5</ele><time>2026-09-11T21:50:41Z</time></trkpt>
      <trkpt lat="41.49084666666667" lon="-81.7391"><ele>144.3</ele><time>2026-09-11T21:50:42Z</time></trkpt>
      <trkpt lat="41.49084833333333" lon="-81.73910166666667"><ele>144.4</ele><time>2026-09-11T21:50:43Z</time></trkpt>
      <trkpt lat="41.490851666666664" lon="-81.739105"><ele>144.4</ele><time>2026-09-11T21:50:44Z</time></trkpt>
      <trkpt lat="41.490853333333334" lon="-81.73910666666667"><ele>144.4</ele><time>2026-09-11T21:50:45Z</time></trkpt>
      <trkpt lat="41.490856666666666" lon="-81.73911333333334"><ele>144.4</ele><time>2026-09-11T21:50:46Z</time></trkpt>
      <trkpt lat="41.49086666666667" lon="-81.739125"><ele>144.4</ele><time>2026-09-11T21:50:47Z</time></trkpt>
      <trkpt lat="41.490875" lon="-81.73913666666667"><ele>144.4</ele><time>2026-09-11T21:50:48Z</time></trkpt>
      <trkpt lat="41.49088833333333" lon="-81.739155"><ele>144.4</ele><time>2026-09-11T21:50:49Z</time></trkpt>
      <trkpt lat="41.49089333333333" lon="-81.73916"><ele>144.4</ele><time>2026-09-11T21:50:50Z</time></trkpt>
      <trkpt lat="41.490903333333335" lon="-81.73917"><ele>144.6</ele><time>2026-09-11T21:50:51Z</time></trkpt>
      <trkpt lat="41.49091" lon="-81.739175"><ele>144.6</ele><time>2026-09-11T21:50:52Z</time></trkpt>
      <trkpt lat="41.49092" lon="-81.73918"><ele>144.799</ele><time>2026-09-11T21:50:53Z</time></trkpt>
      <trkpt lat="41.49092666666667" lon="-81.739185"><ele>144.799</ele><time>2026-09-11T21:50:54Z</time></trkpt>
      <trkpt lat="41.49094" lon="-81.73919166666667"><ele>144.799</ele><time>2026-09-11T21:50:55Z</time></trkpt>
      <trkpt lat="41.490948333333336" lon="-81.73919333333333"><ele>144.799</ele><time>2026-09-11T21:50:56Z</time></trkpt>
      <trkpt lat="41.49095333333333" lon="-81.73919833333333"><ele>144.999</ele><time>2026-09-11T21:50:57Z</time></trkpt>
      <trkpt lat="41.490961666666664" lon="-81.73920333333334"><ele>145</ele><time>2026-09-11T21:50:58Z</time></trkpt>
      <trkpt lat="41.490968333333335" lon="-81.73920666666666"><ele>144.899</ele><time>2026-09-11T21:50:59Z</time></trkpt>
      <trkpt lat="41.490975" lon="-81.73920833333334"><ele>144.899</ele><time>2026-09-11T21:51:00Z</time></trkpt>
      <trkpt lat="41.490985" lon="-81.73920833333334"><ele>144.7</ele><time>2026-09-11T21:51:01Z</time></trkpt>
      <trkpt lat="41.490995" lon="-81.73920833333334"><ele>144.7</ele><time>2026-09-11T21:51:02Z</time></trkpt>
      <trkpt lat="41.491" lon="-81.73920666666666"><ele>144.5</ele><time>2026-09-11T21:51:03Z</time></trkpt>
      <trkpt lat="41.491013333333335" lon="-81.73920666666666"><ele>145.1</ele><time>2026-09-11T21:51:04Z</time></trkpt>
      <trkpt lat="41.49102" lon="-81.73920666666666"><ele>145.1</ele><time>2026-09-11T21:51:05Z</time></trkpt>
      <trkpt lat="41.491033333333334" lon="-81.73921166666666"><ele>145</ele><time>2026-09-11T21:51:06Z</time></trkpt>
      <trkpt lat="41.49104" lon="-81.73921166666666"><ele>144.8</ele><time>2026-09-11T21:51:07Z</time></trkpt>
      <trkpt lat="41.49105333333333" lon="-81.73921166666666"><ele>144.6</ele><time>2026-09-11T21:51:08Z</time></trkpt>
      <trkpt lat="41.49106" lon="-81.73921166666666"><ele>144.8</ele><time>2026-09-11T21:51:09Z</time></trkpt>
      <trkpt lat="41.49107166666667" lon="-81.73920666666666"><ele>145.8</ele><time>2026-09-11T21:51:10Z</time></trkpt>
      <trkpt lat="41.491083333333336" lon="-81.739205"><ele>145.1</ele><time>2026-09-11T21:51:11Z</time></trkpt>
      <trkpt lat="41.49109333333333" lon="-81.739205"><ele>145.1</ele><time>2026-09-11T21:51:12Z</time></trkpt>
      <trkpt lat="41.4911" lon="-81.73920666666666"><ele>145.6</ele><time>2026-09-11T21:51:13Z</time></trkpt>
      <trkpt lat="41.49110666666667" lon="-81.73920666666666"><ele>145.6</ele><time>2026-09-11T21:51:14Z</time></trkpt>
      <trkpt lat="41.49112" lon="-81.739205"><ele>145.6</ele><time>2026-09-11T21:51:15Z</time></trkpt>
      <trkpt lat="41.491125" lon="-81.73920333333334"><ele>145.6</ele><time>2026-09-11T21:51:16Z</time></trkpt>
      <trkpt lat="41.49113333333333" lon="-81.73920166666667"><ele>145.8</ele><time>2026-09-11T21:51:17Z</time></trkpt>
      <trkpt lat="41.491141666666664" lon="-81.73920166666667"><ele>145.8</ele><time>2026-09-11T21:51:18Z</time></trkpt>
      <trkpt lat="41.49115166666667" lon="-81.73919833333333"><ele>145.8</ele><time>2026-09-11T21:51:19Z</time></trkpt>
      <trkpt lat="41.49116" lon="-81.73919666666667"><ele>145.8</ele><time>2026-09-11T21:51:20Z</time></trkpt>
      <trkpt lat="41.491168333333334" lon="-81.73919666666667"><ele>146.3</ele><time>2026-09-11T21:51:21Z</time></trkpt>
      <trkpt lat="41.491171666666666" lon="-81.73919333333333"><ele>145.9</ele><time>2026-09-11T21:51:22Z</time></trkpt>
      <trkpt lat="41.49118333333333" lon="-81.73918833333333"><ele>146.1</ele><time>2026-09-11T21:51:23Z</time></trkpt>
      <trkpt lat="41.49119" lon="-81.73918333333333"><ele>146.3</ele><time>2026-09-11T21:51:24Z</time></trkpt>
      <trkpt lat="41.49119833333334" lon="-81.73918166666667"><ele>146.3</ele><time>2026-09-11T21:51:25Z</time></trkpt>
      <trkpt lat="41.49120666666666" lon="-81.73917833333333"><ele>146.7</ele><time>2026-09-11T21:51:26Z</time></trkpt>
      <trkpt lat="41.491218333333336" lon="-81.73917166666666"><ele>146.6</ele><time>2026-09-11T21:51:27Z</time></trkpt>
      <trkpt lat="41.49122666666667" lon="-81.73916666666666"><ele>146.2</ele><time>2026-09-11T21:51:28Z</time></trkpt>
      <trkpt lat="41.491231666666664" lon="-81.73916166666666"><ele>146.2</ele><time>2026-09-11T21:51:29Z</time></trkpt>
      <trkpt lat="41.49124333333334" lon="-81.739155"><ele>145.5</ele><time>2026-09-11T21:51:30Z</time></trkpt>
      <trkpt lat="41.49124833333333" lon="-81.73914833333333"><ele>145.5</ele><time>2026-09-11T21:51:31Z</time></trkpt>
      <trkpt lat="41.491258333333334" lon="-81.73914"><ele>146</ele><time>2026-09-11T21:51:32Z</time></trkpt>
      <trkpt lat="41.491263333333336" lon="-81.73913166666667"><ele>145.3</ele><time>2026-09-11T21:51:33Z</time></trkpt>
      <trkpt lat="41.49127" lon="-81.739125"><ele>145.3</ele><time>2026-09-11T21:51:34Z</time></trkpt>
      <trkpt lat="41.49128" lon="-81.73911333333334"><ele>145.5</ele><time>2026-09-11T21:51:35Z</time></trkpt>
      <trkpt lat="41.491285" lon="-81.739105"><ele>145.5</ele><time>2026-09-11T21:51:36Z</time></trkpt>
      <trkpt lat="41.49129" lon="-81.73909333333333"><ele>145.7</ele><time>2026-09-11T21:51:37Z</time></trkpt>
      <trkpt lat="41.49129333333333" lon="-81.73908833333333"><ele>145.7</ele><time>2026-09-11T21:51:38Z</time></trkpt>
      <trkpt lat="41.4913" lon="-81.73907666666666"><ele>145.899</ele><time>2026-09-11T21:51:39Z</time></trkpt>
      <trkpt lat="41.491303333333335" lon="-81.73907333333334"><ele>145.9</ele><time>2026-09-11T21:51:40Z</time></trkpt>
      <trkpt lat="41.49131" lon="-81.73906"><ele>145.9</ele><time>2026-09-11T21:51:41Z</time></trkpt>
      <trkpt lat="41.49131666666667" lon="-81.739045"><ele>146.1</ele><time>2026-09-11T21:51:42Z</time></trkpt>
      <trkpt lat="41.49132" lon="-81.73903666666666"><ele>146.1</ele><time>2026-09-11T21:51:43Z</time></trkpt>
      <trkpt lat="41.491326666666666" lon="-81.73902833333334"><ele>146.2</ele><time>2026-09-11T21:51:44Z</time></trkpt>
      <trkpt lat="41.49133666666667" lon="-81.73901666666667"><ele>146.1</ele><time>2026-09-11T21:51:45Z</time></trkpt>
      <trkpt lat="41.491348333333335" lon="-81.739"><ele>146.6</ele><time>2026-09-11T21:51:46Z</time></trkpt>
      <trkpt lat="41.491353333333336" lon="-81.738995"><ele>147</ele><time>2026-09-11T21:51:47Z</time></trkpt>
      <trkpt lat="41.49135833333333" lon="-81.73899"><ele>147</ele><time>2026-09-11T21:51:48Z</time></trkpt>
      <trkpt lat="41.49136166666667" lon="-81.73898166666666"><ele>147.2</ele><time>2026-09-11T21:51:49Z</time></trkpt>
      <trkpt lat="41.491368333333334" lon="-81.73897166666667"><ele>146.6</ele><time>2026-09-11T21:51:50Z</time></trkpt>
      <trkpt lat="41.491371666666666" lon="-81.73896166666667"><ele>146.6</ele><time>2026-09-11T21:51:51Z</time></trkpt>
      <trkpt lat="41.49137666666667" lon="-81.73895333333333"><ele>146.6</ele><time>2026-09-11T21:51:52Z</time></trkpt>
      <trkpt lat="41.49138166666667" lon="-81.73894"><ele>146.4</ele><time>2026-09-11T21:51:53Z</time></trkpt>
      <trkpt lat="41.49138666666666" lon="-81.73893166666667"><ele>146.6</ele><time>2026-09-11T21:51:54Z</time></trkpt>
      <trkpt lat="41.491391666666665" lon="-81.73891666666667"><ele>146.6</ele><time>2026-09-11T21:51:55Z</time></trkpt>
      <trkpt lat="41.49139666666667" lon="-81.73890666666667"><ele>146.2</ele><time>2026-09-11T21:51:56Z</time></trkpt>
      <trkpt lat="41.4914" lon="-81.738895"><ele>146.2</ele><time>2026-09-11T21:51:57Z</time></trkpt>
      <trkpt lat="41.49140166666667" lon="-81.73888666666667"><ele>146.2</ele><time>2026-09-11T21:51:58Z</time></trkpt>
      <trkpt lat="41.49140833333333" lon="-81.73887666666667"><ele>146</ele><time>2026-09-11T21:51:59Z</time></trkpt>
      <trkpt lat="41.491413333333334" lon="-81.73886666666667"><ele>146</ele><time>2026-09-11T21:52:00Z</time></trkpt>
      <trkpt lat="41.491416666666666" lon="-81.73886166666666"><ele>146</ele><time>2026-09-11T21:52:01Z</time></trkpt>
      <trkpt lat="41.49142333333333" lon="-81.73885"><ele>146.3</ele><time>2026-09-11T21:52:02Z</time></trkpt>
      <trkpt lat="41.49142666666667" lon="-81.73884166666667"><ele>146.3</ele><time>2026-09-11T21:52:03Z</time></trkpt>
      <trkpt lat="41.491435" lon="-81.73883"><ele>146.1</ele><time>2026-09-11T21:52:04Z</time></trkpt>
      <trkpt lat="41.49144" lon="-81.73882"><ele>146.3</ele><time>2026-09-11T21:52:05Z</time></trkpt>
      <trkpt lat="41.491443333333336" lon="-81.73881166666666"><ele>146.3</ele><time>2026-09-11T21:52:06Z</time></trkpt>
      <trkpt lat="41.49144833333333" lon="-81.7388"><ele>146.3</ele><time>2026-09-11T21:52:07Z</time></trkpt>
      <trkpt lat="41.49145" lon="-81.73878833333333"><ele>146.2</ele><time>2026-09-11T21:52:08Z</time></trkpt>
      <trkpt lat="41.491456666666664" lon="-81.73877333333333"><ele>146.2</ele><time>2026-09-11T21:52:09Z</time></trkpt>
      <trkpt lat="41.491455" lon="-81.73877166666666"><ele>146.2</ele><time>2026-09-11T21:52:10Z</time></trkpt>
      <trkpt lat="41.491460000000004" lon="-81.73875666666666"><ele>146.3</ele><time>2026-09-11T21:52:11Z</time></trkpt>
      <trkpt lat="41.491461666666666" lon="-81.73874833333333"><ele>146.3</ele><time>2026-09-11T21:52:12Z</time></trkpt>
      <trkpt lat="41.49146666666667" lon="-81.73873333333333"><ele>146.3</ele><time>2026-09-11T21:52:13Z</time></trkpt>
      <trkpt lat="41.49147333333333" lon="-81.73872166666666"><ele>146.5</ele><time>2026-09-11T21:52:14Z</time></trkpt>
      <trkpt lat="41.49147833333333" lon="-81.738715"><ele>146.5</ele><time>2026-09-11T21:52:15Z</time></trkpt>
      <trkpt lat="41.491483333333335" lon="-81.738705"><ele>146.5</ele><time>2026-09-11T21:52:16Z</time></trkpt>
      <trkpt lat="41.49149166666667" lon="-81.73869"><ele>146.7</ele><time>2026-09-11T21:52:17Z</time></trkpt>
      <trkpt lat="41.49149666666667" lon="-81.73868"><ele>146.7</ele><time>2026-09-11T21:52:18Z</time></trkpt>
      <trkpt lat="41.4915" lon="-81.73867166666666"><ele>147</ele><time>2026-09-11T21:52:19Z</time></trkpt>
      <trkpt lat="41.491503333333334" lon="-81.73866333333334"><ele>147</ele><time>2026-09-11T21:52:20Z</time></trkpt>
      <trkpt lat="41.49151" lon="-81.73865"><ele>147.3</ele><time>2026-09-11T21:52:21Z</time></trkpt>
      <trkpt lat="41.49151333333333" lon="-81.73864333333333"><ele>147</ele><time>2026-09-11T21:52:22Z</time></trkpt>
      <trkpt lat="41.49152" lon="-81.73862166666666"><ele>147</ele><time>2026-09-11T21:52:23Z</time></trkpt>
      <trkpt lat="41.491521666666664" lon="-81.73861666666667"><ele>146.3</ele><time>2026-09-11T21:52:24Z</time></trkpt>
      <trkpt lat="41.491525" lon="-81.73860833333333"><ele>146.6</ele><time>2026-09-11T21:52:25Z</time></trkpt>
      <trkpt lat="41.491528333333335" lon="-81.738595"><ele>146.5</ele><time>2026-09-11T21:52:26Z</time></trkpt>
      <trkpt lat="41.49153166666667" lon="-81.73858833333334"><ele>146.4</ele><time>2026-09-11T21:52:27Z</time></trkpt>
      <trkpt lat="41.49153833333333" lon="-81.73857166666667"><ele>146.3</ele><time>2026-09-11T21:52:28Z</time></trkpt>
      <trkpt lat="41.49154333333333" lon="-81.73856166666667"><ele>146.2</ele><time>2026-09-11T21:52:29Z</time></trkpt>
      <trkpt lat="41.491546666666665" lon="-81.73855333333333"><ele>146.2</ele><time>2026-09-11T21:52:30Z</time></trkpt>
      <trkpt lat="41.491553333333336" lon="-81.73854"><ele>146.1</ele><time>2026-09-11T21:52:31Z</time></trkpt>
      <trkpt lat="41.49155666666667" lon="-81.73853"><ele>146</ele><time>2026-09-11T21:52:32Z</time></trkpt>
      <trkpt lat="41.491565" lon="-81.73851666666667"><ele>146.6</ele><time>2026-09-11T21:52:33Z</time></trkpt>
      <trkpt lat="41.49157" lon="-81.73850666666667"><ele>146.6</ele><time>2026-09-11T21:52:34Z</time></trkpt>
      <trkpt lat="41.491575" lon="-81.73849166666666"><ele>146.6</ele><time>2026-09-11T21:52:35Z</time></trkpt>
      <trkpt lat="41.49157666666667" lon="-81.73848666666666"><ele>146.6</ele><time>2026-09-11T21:52:36Z</time></trkpt>
      <trkpt lat="41.49158" lon="-81.738475"><ele>146.6</ele><time>2026-09-11T21:52:37Z</time></trkpt>
      <trkpt lat="41.49158333333333" lon="-81.73846"><ele>146.7</ele><time>2026-09-11T21:52:38Z</time></trkpt>
      <trkpt lat="41.491585" lon="-81.73845"><ele>146.799</ele><time>2026-09-11T21:52:39Z</time></trkpt>
      <trkpt lat="41.49158833333333" lon="-81.73844166666666"><ele>146.799</ele><time>2026-09-11T21:52:40Z</time></trkpt>
      <trkpt lat="41.491591666666665" lon="-81.738425"><ele>146.799</ele><time>2026-09-11T21:52:41Z</time></trkpt>
      <trkpt lat="41.491595" lon="-81.73841"><ele>147</ele><time>2026-09-11T21:52:42Z</time></trkpt>
      <trkpt lat="41.491596666666666" lon="-81.7384"><ele>147</ele><time>2026-09-11T21:52:43Z</time></trkpt>
      <trkpt lat="41.491598333333336" lon="-81.738385"><ele>146.8</ele><time>2026-09-11T21:52:44Z</time></trkpt>
      <trkpt lat="41.491598333333336" lon="-81.73837666666667"><ele>146.8</ele><time>2026-09-11T21:52:45Z</time></trkpt>
      <trkpt lat="41.4916" lon="-81.73836166666666"><ele>147</ele><time>2026-09-11T21:52:46Z</time></trkpt>
      <trkpt lat="41.4916" lon="-81.73835333333334"><ele>147</ele><time>2026-09-11T21:52:47Z</time></trkpt>
      <trkpt lat="41.4916" lon="-81.738335"><ele>147.1</ele><time>2026-09-11T21:52:48Z</time></trkpt>
      <trkpt lat="41.4916" lon="-81.73831833333334"><ele>147.1</ele><time>2026-09-11T21:52:49Z</time></trkpt>
      <trkpt lat="41.491598333333336" lon="-81.73830833333334"><ele>147.1</ele><time>2026-09-11T21:52:50Z</time></trkpt>
      <trkpt lat="41.491596666666666" lon="-81.73829"><ele>147.1</ele><time>2026-09-11T21:52:51Z</time></trkpt>
      <trkpt lat="41.491595" lon="-81.73827666666666"><ele>147.1</ele><time>2026-09-11T21:52:52Z</time></trkpt>
      <trkpt lat="41.491593333333334" lon="-81.73826166666667"><ele>147.1</ele><time>2026-09-11T21:52:53Z</time></trkpt>
      <trkpt lat="41.49159" lon="-81.73824333333333"><ele>146.3</ele><time>2026-09-11T21:52:54Z</time></trkpt>
      <trkpt lat="41.49158833333333" lon="-81.738235"><ele>146.3</ele><time>2026-09-11T21:52:55Z</time></trkpt>
      <trkpt lat="41.491585" lon="-81.738215"><ele>146.5</ele><time>2026-09-11T21:52:56Z</time></trkpt>
      <trkpt lat="41.49158166666667" lon="-81.7382"><ele>146.3</ele><time>2026-09-11T21:52:57Z</time></trkpt>
      <trkpt lat="41.49158166666667" lon="-81.73818833333333"><ele>146.5</ele><time>2026-09-11T21:52:58Z</time></trkpt>
      <trkpt lat="41.49158333333333" lon="-81.73817"><ele>146.9</ele><time>2026-09-11T21:52:59Z</time></trkpt>
      <trkpt lat="41.491585" lon="-81.738155"><ele>146.8</ele><time>2026-09-11T21:53:00Z</time></trkpt>
      <trkpt lat="41.491585" lon="-81.738145"><ele>146.8</ele><time>2026-09-11T21:53:01Z</time></trkpt>
      <trkpt lat="41.491585" lon="-81.73812666666667"><ele>146.8</ele><time>2026-09-11T21:53:02Z</time></trkpt>
      <trkpt lat="41.49158833333333" lon="-81.73811833333333"><ele>146.9</ele><time>2026-09-11T21:53:03Z</time></trkpt>
      <trkpt lat="41.491591666666665" lon="-81.73810333333333"><ele>147</ele><time>2026-09-11T21:53:04Z</time></trkpt>
      <trkpt lat="41.491595" lon="-81.73809666666666"><ele>146.8</ele><time>2026-09-11T21:53:05Z</time></trkpt>
      <trkpt lat="41.491596666666666" lon="-81.738085"><ele>146.8</ele><time>2026-09-11T21:53:06Z</time></trkpt>
      <trkpt lat="41.4916" lon="-81.73807666666667"><ele>147</ele><time>2026-09-11T21:53:07Z</time></trkpt>
      <trkpt lat="41.491605" lon="-81.73806"><ele>146.8</ele><time>2026-09-11T21:53:08Z</time></trkpt>
      <trkpt lat="41.49161" lon="-81.73805166666666"><ele>146.8</ele><time>2026-09-11T21:53:09Z</time></trkpt>
      <trkpt lat="41.491616666666665" lon="-81.73803666666667"><ele>146.7</ele><time>2026-09-11T21:53:10Z</time></trkpt>
      <trkpt lat="41.491618333333335" lon="-81.73803166666667"><ele>146.7</ele><time>2026-09-11T21:53:11Z</time></trkpt>
      <trkpt lat="41.49162666666667" lon="-81.73801333333333"><ele>145.8</ele><time>2026-09-11T21:53:12Z</time></trkpt>
      <trkpt lat="41.49163166666666" lon="-81.73800666666666"><ele>146.5</ele><time>2026-09-11T21:53:13Z</time></trkpt>
      <trkpt lat="41.491638333333334" lon="-81.73799333333334"><ele>145.5</ele><time>2026-09-11T21:53:14Z</time></trkpt>
      <trkpt lat="41.491641666666666" lon="-81.73798666666667"><ele>146.7</ele><time>2026-09-11T21:53:15Z</time></trkpt>
      <trkpt lat="41.49164666666667" lon="-81.73797833333333"><ele>146.6</ele><time>2026-09-11T21:53:16Z</time></trkpt>
      <trkpt lat="41.49165" lon="-81.737975"><ele>146.4</ele><time>2026-09-11T21:53:17Z</time></trkpt>
      <trkpt lat="41.491655" lon="-81.73796333333334"><ele>146.6</ele><time>2026-09-11T21:53:18Z</time></trkpt>
      <trkpt lat="41.49165833333333" lon="-81.73795333333334"><ele>146.3</ele><time>2026-09-11T21:53:19Z</time></trkpt>
      <trkpt lat="41.491663333333335" lon="-81.73794333333333"><ele>146.3</ele><time>2026-09-11T21:53:20Z</time></trkpt>
      <trkpt lat="41.49166666666667" lon="-81.73794"><ele>146.9</ele><time>2026-09-11T21:53:21Z</time></trkpt>
      <trkpt lat="41.49167333333333" lon="-81.73792833333333"><ele>146.4</ele><time>2026-09-11T21:53:22Z</time></trkpt>
      <trkpt lat="41.49167666666666" lon="-81.73792166666667"><ele>147</ele><time>2026-09-11T21:53:23Z</time></trkpt>
      <trkpt lat="41.49168" lon="-81.73790666666666"><ele>147</ele><time>2026-09-11T21:53:24Z</time></trkpt>
      <trkpt lat="41.491681666666665" lon="-81.73789333333333"><ele>146.4</ele><time>2026-09-11T21:53:25Z</time></trkpt>
      <trkpt lat="41.491683333333334" lon="-81.737885"><ele>146.4</ele><time>2026-09-11T21:53:26Z</time></trkpt>
      <trkpt lat="41.491686666666666" lon="-81.73787666666666"><ele>146.9</ele><time>2026-09-11T21:53:27Z</time></trkpt>
      <trkpt lat="41.49169166666667" lon="-81.73786333333334"><ele>147.6</ele><time>2026-09-11T21:53:28Z</time></trkpt>
      <trkpt lat="41.49169666666667" lon="-81.73785"><ele>146.799</ele><time>2026-09-11T21:53:29Z</time></trkpt>
      <trkpt lat="41.49169833333333" lon="-81.73784333333333"><ele>146.799</ele><time>2026-09-11T21:53:30Z</time></trkpt>
      <trkpt lat="41.4917" lon="-81.73782666666666"><ele>147.3</ele><time>2026-09-11T21:53:31Z</time></trkpt>
      <trkpt lat="41.491701666666664" lon="-81.73781833333334"><ele>147.5</ele><time>2026-09-11T21:53:32Z</time></trkpt>
      <trkpt lat="41.491705" lon="-81.73780666666667"><ele>147.3</ele><time>2026-09-11T21:53:33Z</time></trkpt>
      <trkpt lat="41.491708333333335" lon="-81.7378"><ele>147.3</ele><time>2026-09-11T21:53:34Z</time></trkpt>
      <trkpt lat="41.491715" lon="-81.73778833333333"><ele>147.5</ele><time>2026-09-11T21:53:35Z</time></trkpt>
      <trkpt lat="41.49171666666667" lon="-81.73778333333334"><ele>147.5</ele><time>2026-09-11T21:53:36Z</time></trkpt>
      <trkpt lat="41.49172166666666" lon="-81.73777"><ele>147.4</ele><time>2026-09-11T21:53:37Z</time></trkpt>
      <trkpt lat="41.491725" lon="-81.73776"><ele>147.4</ele><time>2026-09-11T21:53:38Z</time></trkpt>
      <trkpt lat="41.491728333333334" lon="-81.73775166666667"><ele>146.6</ele><time>2026-09-11T21:53:39Z</time></trkpt>
      <trkpt lat="41.491733333333336" lon="-81.73774"><ele>146.6</ele><time>2026-09-11T21:53:40Z</time></trkpt>
      <trkpt lat="41.49173666666667" lon="-81.73773166666666"><ele>146.299</ele><time>2026-09-11T21:53:41Z</time></trkpt>
      <trkpt lat="41.49174" lon="-81.73771666666667"><ele>146.7</ele><time>2026-09-11T21:53:42Z</time></trkpt>
      <trkpt lat="41.491746666666664" lon="-81.73770166666667"><ele>146.6</ele><time>2026-09-11T21:53:43Z</time></trkpt>
      <trkpt lat="41.491748333333334" lon="-81.73769333333334"><ele>146.6</ele><time>2026-09-11T21:53:44Z</time></trkpt>
      <trkpt lat="41.49175" lon="-81.73768666666666"><ele>147.299</ele><time>2026-09-11T21:53:45Z</time></trkpt>
      <trkpt lat="41.491755" lon="-81.73767666666667"><ele>147.099</ele><time>2026-09-11T21:53:46Z</time></trkpt>
      <trkpt lat="41.49175666666667" lon="-81.73767166666667"><ele>147.099</ele><time>2026-09-11T21:53:47Z</time></trkpt>
      <trkpt lat="41.49176166666667" lon="-81.737655"><ele>147.099</ele><time>2026-09-11T21:53:48Z</time></trkpt>
      <trkpt lat="41.49176166666667" lon="-81.73764833333334"><ele>147.099</ele><time>2026-09-11T21:53:49Z</time></trkpt>
      <trkpt lat="41.49176" lon="-81.737645"><ele>146.1</ele><time>2026-09-11T21:53:50Z</time></trkpt>
      <trkpt lat="41.49175833333334" lon="-81.73764166666666"><ele>146</ele><time>2026-09-11T21:53:51Z</time></trkpt>
      <trkpt lat="41.49176" lon="-81.73763666666666"><ele>146</ele><time>2026-09-11T21:53:52Z</time></trkpt>
      <trkpt lat="41.49176666666666" lon="-81.73762666666667"><ele>146</ele><time>2026-09-11T21:53:53Z</time></trkpt>
      <trkpt lat="41.491773333333335" lon="-81.73761833333333"><ele>146.1</ele><time>2026-09-11T21:53:54Z</time></trkpt>
      <trkpt lat="41.491785" lon="-81.737605"><ele>146.399</ele><time>2026-09-11T21:53:55Z</time></trkpt>
      <trkpt lat="41.491793333333334" lon="-81.73758333333333"><ele>146.4</ele><time>2026-09-11T21:53:56Z</time></trkpt>
      <trkpt lat="41.491795" lon="-81.737575"><ele>146.6</ele><time>2026-09-11T21:53:57Z</time></trkpt>
      <trkpt lat="41.491798333333335" lon="-81.73756166666666"><ele>146</ele><time>2026-09-11T21:53:58Z</time></trkpt>
      <trkpt lat="41.49180166666667" lon="-81.73754666666666"><ele>146.6</ele><time>2026-09-11T21:53:59Z</time></trkpt>
      <trkpt lat="41.491805" lon="-81.73753833333333"><ele>146.6</ele><time>2026-09-11T21:54:00Z</time></trkpt>
      <trkpt lat="41.49180833333333" lon="-81.73752833333333"><ele>147</ele><time>2026-09-11T21:54:01Z</time></trkpt>
      <trkpt lat="41.491815" lon="-81.73751666666666"><ele>146.5</ele><time>2026-09-11T21:54:02Z</time></trkpt>
      <trkpt lat="41.491816666666665" lon="-81.73751"><ele>146.5</ele><time>2026-09-11T21:54:03Z</time></trkpt>
      <trkpt lat="41.49182" lon="-81.737495"><ele>147</ele><time>2026-09-11T21:54:04Z</time></trkpt>
      <trkpt lat="41.49182" lon="-81.73749166666667"><ele>147.1</ele><time>2026-09-11T21:54:05Z</time></trkpt>
      <trkpt lat="41.49182166666667" lon="-81.73747833333333"><ele>145.899</ele><time>2026-09-11T21:54:06Z</time></trkpt>
      <trkpt lat="41.491825" lon="-81.73747"><ele>145.899</ele><time>2026-09-11T21:54:07Z</time></trkpt>
      <trkpt lat="41.49182833333333" lon="-81.73746166666666"><ele>145.599</ele><time>2026-09-11T21:54:08Z</time></trkpt>
      <trkpt lat="41.491838333333334" lon="-81.737445"><ele>145.499</ele><time>2026-09-11T21:54:09Z</time></trkpt>
      <trkpt lat="41.491845" lon="-81.737435"><ele>145.5</ele><time>2026-09-11T21:54:10Z</time></trkpt>
      <trkpt lat="41.49185166666667" lon="-81.73742333333334"><ele>144.6</ele><time>2026-09-11T21:54:11Z</time></trkpt>
      <trkpt lat="41.49185666666666" lon="-81.73741666666666"><ele>144.6</ele><time>2026-09-11T21:54:12Z</time></trkpt>
      <trkpt lat="41.491863333333335" lon="-81.73740333333333"><ele>145</ele><time>2026-09-11T21:54:13Z</time></trkpt>
      <trkpt lat="41.491868333333336" lon="-81.73739166666667"><ele>145.6</ele><time>2026-09-11T21:54:14Z</time></trkpt>
      <trkpt lat="41.491875" lon="-81.73737833333334"><ele>145.6</ele><time>2026-09-11T21:54:15Z</time></trkpt>
      <trkpt lat="41.49187833333333" lon="-81.73737"><ele>145.6</ele><time>2026-09-11T21:54:16Z</time></trkpt>
      <trkpt lat="41.491885" lon="-81.73735666666667"><ele>145.299</ele><time>2026-09-11T21:54:17Z</time></trkpt>
      <trkpt lat="41.491888333333335" lon="-81.73734833333333"><ele>145.299</ele><time>2026-09-11T21:54:18Z</time></trkpt>
      <trkpt lat="41.491888333333335" lon="-81.73733833333333"><ele>145.999</ele><time>2026-09-11T21:54:19Z</time></trkpt>
      <trkpt lat="41.49188" lon="-81.73734"><ele>145.799</ele><time>2026-09-11T21:54:20Z</time></trkpt>
      <trkpt lat="41.491875" lon="-81.73734333333333"><ele>145.499</ele><time>2026-09-11T21:54:21Z</time></trkpt>
      <trkpt lat="41.49187166666667" lon="-81.73734666666667"><ele>145.199</ele><time>2026-09-11T21:54:22Z</time></trkpt>
      <trkpt lat="41.49187333333333" lon="-81.73734833333333"><ele>145</ele><time>2026-09-11T21:54:23Z</time></trkpt>
      <trkpt lat="41.49187333333333" lon="-81.73734833333333"><ele>145</ele><time>2026-09-11T21:54:24Z</time></trkpt>
      <trkpt lat="41.49188" lon="-81.73734666666667"><ele>145</ele><time>2026-09-11T21:54:25Z</time></trkpt>
      <trkpt lat="41.491883333333334" lon="-81.73734333333333"><ele>145.6</ele><time>2026-09-11T21:54:26Z</time></trkpt>
      <trkpt lat="41.491885" lon="-81.73734166666667"><ele>145.6</ele><time>2026-09-11T21:54:27Z</time></trkpt>
      <trkpt lat="41.491888333333335" lon="-81.73734"><ele>145.6</ele><time>2026-09-11T21:54:28Z</time></trkpt>
      <trkpt lat="41.491888333333335" lon="-81.73734"><ele>145.6</ele><time>2026-09-11T21:54:29Z</time></trkpt>
      <trkpt lat="41.491888333333335" lon="-81.73734"><ele>145.1</ele><time>2026-09-11T21:54:30Z</time></trkpt>
      <trkpt lat="41.491888333333335" lon="-81.73733833333333"><ele>145.6</ele><time>2026-09-11T21:54:31Z</time></trkpt>
      <trkpt lat="41.49189" lon="-81.73733666666666"><ele>144.5</ele><time>2026-09-11T21:54:32Z</time></trkpt>
      <trkpt lat="41.49189" lon="-81.73733666666666"><ele>144.6</ele><time>2026-09-11T21:54:33Z</time></trkpt>
      <trkpt lat="41.49189" lon="-81.737335"><ele>144.6</ele><time>2026-09-11T21:54:34Z</time></trkpt>
      <trkpt lat="41.49189166666667" lon="-81.737335"><ele>144.6</ele><time>2026-09-11T21:54:35Z</time></trkpt>
      <trkpt lat="41.49189333333333" lon="-81.73733166666666"><ele>144.6</ele><time>2026-09-11T21:54:36Z</time></trkpt>
      <trkpt lat="41.4919" lon="-81.737325"><ele>144.6</ele><time>2026-09-11T21:54:37Z</time></trkpt>
      <trkpt lat="41.49191166666667" lon="-81.737295"><ele>144.6</ele><time>2026-09-11T21:54:38Z</time></trkpt>
      <trkpt lat="41.491913333333336" lon="-81.73729333333333"><ele>144.6</ele><time>2026-09-11T21:54:39Z</time></trkpt>
      <trkpt lat="41.49191833333333" lon="-81.73727"><ele>144.6</ele><time>2026-09-11T21:54:40Z</time></trkpt>
      <trkpt lat="41.491925" lon="-81.73725166666667"><ele>144</ele><time>2026-09-11T21:54:41Z</time></trkpt>
      <trkpt lat="41.491929999999996" lon="-81.73724333333334"><ele>145.3</ele><time>2026-09-11T21:54:42Z</time></trkpt>
      <trkpt lat="41.491935" lon="-81.73722833333333"><ele>145.7</ele><time>2026-09-11T21:54:43Z</time></trkpt>
      <trkpt lat="41.49194" lon="-81.73721666666667"><ele>145.9</ele><time>2026-09-11T21:54:44Z</time></trkpt>
      <trkpt lat="41.49194333333333" lon="-81.73721"><ele>145.9</ele><time>2026-09-11T21:54:45Z</time></trkpt>
      <trkpt lat="41.491945" lon="-81.7372"><ele>146</ele><time>2026-09-11T21:54:46Z</time></trkpt>
      <trkpt lat="41.49194833333333" lon="-81.73718833333334"><ele>146</ele><time>2026-09-11T21:54:47Z</time></trkpt>
      <trkpt lat="41.491951666666665" lon="-81.73718"><ele>146.1</ele><time>2026-09-11T21:54:48Z</time></trkpt>
      <trkpt lat="41.491955" lon="-81.73717333333333"><ele>146.1</ele><time>2026-09-11T21:54:49Z</time></trkpt>
      <trkpt lat="41.491958333333336" lon="-81.737165"><ele>146.5</ele><time>2026-09-11T21:54:50Z</time></trkpt>
      <trkpt lat="41.49196166666667" lon="-81.73715833333333"><ele>146</ele><time>2026-09-11T21:54:51Z</time></trkpt>
      <trkpt lat="41.491958333333336" lon="-81.73715666666666"><ele>145.7</ele><time>2026-09-11T21:54:52Z</time></trkpt>
      <trkpt lat="41.491955" lon="-81.73716"><ele>145.5</ele><time>2026-09-11T21:54:53Z</time></trkpt>
      <trkpt lat="41.491955" lon="-81.73716166666667"><ele>145</ele><time>2026-09-11T21:54:54Z</time></trkpt>
      <trkpt lat="41.491953333333335" lon="-81.73716"><ele>145.5</ele><time>2026-09-11T21:54:55Z</time></trkpt>
      <trkpt lat="41.491953333333335" lon="-81.73715666666666"><ele>145.5</ele><time>2026-09-11T21:54:56Z</time></trkpt>
      <trkpt lat="41.491953333333335" lon="-81.73715166666666"><ele>145.5</ele><time>2026-09-11T21:54:57Z</time></trkpt>
      <trkpt lat="41.491953333333335" lon="-81.73714333333334"><ele>145</ele><time>2026-09-11T21:54:58Z</time></trkpt>
      <trkpt lat="41.491955" lon="-81.73713"><ele>145</ele><time>2026-09-11T21:54:59Z</time></trkpt>
      <trkpt lat="41.49196166666667" lon="-81.73710833333334"><ele>144.2</ele><time>2026-09-11T21:55:00Z</time></trkpt>
      <trkpt lat="41.49196333333333" lon="-81.73709666666667"><ele>144.299</ele><time>2026-09-11T21:55:01Z</time></trkpt>
      <trkpt lat="41.49197" lon="-81.73708166666667"><ele>144.299</ele><time>2026-09-11T21:55:02Z</time></trkpt>
      <trkpt lat="41.491973333333334" lon="-81.737065"><ele>144.6</ele><time>2026-09-11T21:55:03Z</time></trkpt>
      <trkpt lat="41.491978333333336" lon="-81.73704833333333"><ele>145.8</ele><time>2026-09-11T21:55:04Z</time></trkpt>
      <trkpt lat="41.49198166666667" lon="-81.73703833333333"><ele>145.8</ele><time>2026-09-11T21:55:05Z</time></trkpt>
      <trkpt lat="41.49198666666667" lon="-81.73702333333334"><ele>145.6</ele><time>2026-09-11T21:55:06Z</time></trkpt>
      <trkpt lat="41.49199" lon="-81.73701666666666"><ele>145.6</ele><time>2026-09-11T21:55:07Z</time></trkpt>
      <trkpt lat="41.491995" lon="-81.737"><ele>144.799</ele><time>2026-09-11T21:55:08Z</time></trkpt>
      <trkpt lat="41.492" lon="-81.73699333333333"><ele>144.899</ele><time>2026-09-11T21:55:09Z</time></trkpt>
      <trkpt lat="41.49200833333333" lon="-81.73697"><ele>145</ele><time>2026-09-11T21:55:10Z</time></trkpt>
      <trkpt lat="41.49201" lon="-81.73696"><ele>145</ele><time>2026-09-11T21:55:11Z</time></trkpt>
      <trkpt lat="41.492016666666665" lon="-81.73694833333333"><ele>144.8</ele><time>2026-09-11T21:55:12Z</time></trkpt>
      <trkpt lat="41.49202" lon="-81.73694"><ele>144.8</ele><time>2026-09-11T21:55:13Z</time></trkpt>
      <trkpt lat="41.492025" lon="-81.73693"><ele>144.8</ele><time>2026-09-11T21:55:14Z</time></trkpt>
      <trkpt lat="41.49203166666667" lon="-81.73691833333334"><ele>145.8</ele><time>2026-09-11T21:55:15Z</time></trkpt>
      <trkpt lat="41.492041666666665" lon="-81.73690833333333"><ele>145.8</ele><time>2026-09-11T21:55:16Z</time></trkpt>
      <trkpt lat="41.49205" lon="-81.7369"><ele>146</ele><time>2026-09-11T21:55:17Z</time></trkpt>
      <trkpt lat="41.49205666666667" lon="-81.73689333333333"><ele>146.1</ele><time>2026-09-11T21:55:18Z</time></trkpt>
      <trkpt lat="41.49206" lon="-81.73688666666666"><ele>146.1</ele><time>2026-09-11T21:55:19Z</time></trkpt>
      <trkpt lat="41.492066666666666" lon="-81.73687333333334"><ele>146.499</ele><time>2026-09-11T21:55:20Z</time></trkpt>
      <trkpt lat="41.49207166666667" lon="-81.736865"><ele>146.3</ele><time>2026-09-11T21:55:21Z</time></trkpt>
      <trkpt lat="41.49207666666667" lon="-81.73685666666667"><ele>146.3</ele><time>2026-09-11T21:55:22Z</time></trkpt>
      <trkpt lat="41.492081666666664" lon="-81.73684166666666"><ele>147</ele><time>2026-09-11T21:55:23Z</time></trkpt>
      <trkpt lat="41.49208333333333" lon="-81.73682833333334"><ele>146.5</ele><time>2026-09-11T21:55:24Z</time></trkpt>
      <trkpt lat="41.49208333333333" lon="-81.73681833333333"><ele>146.5</ele><time>2026-09-11T21:55:25Z</time></trkpt>
      <trkpt lat="41.49208333333333" lon="-81.73680333333333"><ele>145.8</ele><time>2026-09-11T21:55:26Z</time></trkpt>
      <trkpt lat="41.49208333333333" lon="-81.73679666666666"><ele>145.8</ele><time>2026-09-11T21:55:27Z</time></trkpt>
      <trkpt lat="41.492085" lon="-81.73678166666667"><ele>145.9</ele><time>2026-09-11T21:55:28Z</time></trkpt>
      <trkpt lat="41.49209" lon="-81.73677"><ele>146</ele><time>2026-09-11T21:55:29Z</time></trkpt>
      <trkpt lat="41.49209166666667" lon="-81.736765"><ele>146</ele><time>2026-09-11T21:55:30Z</time></trkpt>
      <trkpt lat="41.49210166666667" lon="-81.736755"><ele>145.9</ele><time>2026-09-11T21:55:31Z</time></trkpt>
      <trkpt lat="41.49211" lon="-81.73674666666666"><ele>145.1</ele><time>2026-09-11T21:55:32Z</time></trkpt>
      <trkpt lat="41.49211" lon="-81.73674333333334"><ele>145</ele><time>2026-09-11T21:55:33Z</time></trkpt>
      <trkpt lat="41.492115" lon="-81.736745"><ele>145.1</ele><time>2026-09-11T21:55:34Z</time></trkpt>
      <trkpt lat="41.49212" lon="-81.73674666666666"><ele>145</ele><time>2026-09-11T21:55:35Z</time></trkpt>
      <trkpt lat="41.492125" lon="-81.73674666666666"><ele>145</ele><time>2026-09-11T21:55:36Z</time></trkpt>
      <trkpt lat="41.49213833333334" lon="-81.73675333333334"><ele>144.9</ele><time>2026-09-11T21:55:37Z</time></trkpt>
      <trkpt lat="41.49214333333333" lon="-81.73675666666666"><ele>144.6</ele><time>2026-09-11T21:55:38Z</time></trkpt>
      <trkpt lat="41.492145" lon="-81.73676"><ele>144.1</ele><time>2026-09-11T21:55:39Z</time></trkpt>
      <trkpt lat="41.49214333333333" lon="-81.73676"><ele>143.5</ele><time>2026-09-11T21:55:40Z</time></trkpt>
      <trkpt lat="41.49214166666667" lon="-81.73675833333333"><ele>144.2</ele><time>2026-09-11T21:55:41Z</time></trkpt>
      <trkpt lat="41.49213833333334" lon="-81.736755"><ele>144</ele><time>2026-09-11T21:55:42Z</time></trkpt>
      <trkpt lat="41.49213666666667" lon="-81.73675333333334"><ele>141.2</ele><time>2026-09-11T21:55:43Z</time></trkpt>
      <trkpt lat="41.492135" lon="-81.73675333333334"><ele>143.899</ele><time>2026-09-11T21:55:44Z</time></trkpt>
      <trkpt lat="41.492133333333335" lon="-81.73675333333334"><ele>143.799</ele><time>2026-09-11T21:55:45Z</time></trkpt>
      <trkpt lat="41.492131666666666" lon="-81.73675166666666"><ele>144.1</ele><time>2026-09-11T21:55:46Z</time></trkpt>
      <trkpt lat="41.492133333333335" lon="-81.73675333333334"><ele>144</ele><time>2026-09-11T21:55:47Z</time></trkpt>
      <trkpt lat="41.49214" lon="-81.736755"><ele>144</ele><time>2026-09-11T21:55:48Z</time></trkpt>
      <trkpt lat="41.49214166666667" lon="-81.736755"><ele>144</ele><time>2026-09-11T21:55:49Z</time></trkpt>
      <trkpt lat="41.492156666666666" lon="-81.736765"><ele>143.899</ele><time>2026-09-11T21:55:50Z</time></trkpt>
      <trkpt lat="41.49216333333333" lon="-81.73676833333333"><ele>143.899</ele><time>2026-09-11T21:55:51Z</time></trkpt>
      <trkpt lat="41.49218" lon="-81.73677666666667"><ele>143.899</ele><time>2026-09-11T21:55:52Z</time></trkpt>
      <trkpt lat="41.492195" lon="-81.73678333333334"><ele>143.299</ele><time>2026-09-11T21:55:53Z</time></trkpt>
      <trkpt lat="41.492203333333336" lon="-81.73678666666666"><ele>143.3</ele><time>2026-09-11T21:55:54Z</time></trkpt>
      <trkpt lat="41.492216666666664" lon="-81.73679333333334"><ele>143.3</ele><time>2026-09-11T21:55:55Z</time></trkpt>
      <trkpt lat="41.492218333333334" lon="-81.736795"><ele>142.9</ele><time>2026-09-11T21:55:56Z</time></trkpt>
      <trkpt lat="41.492225" lon="-81.7368"><ele>144.2</ele><time>2026-09-11T21:55:57Z</time></trkpt>
      <trkpt lat="41.49222666666667" lon="-81.73680166666666"><ele>144.799</ele><time>2026-09-11T21:55:58Z</time></trkpt>
      <trkpt lat="41.49223166666667" lon="-81.736805"><ele>144.799</ele><time>2026-09-11T21:55:59Z</time></trkpt>
      <trkpt lat="41.492235" lon="-81.73680666666667"><ele>143.899</ele><time>2026-09-11T21:56:00Z</time></trkpt>
      <trkpt lat="41.492243333333334" lon="-81.73681333333333"><ele>143.9</ele><time>2026-09-11T21:56:01Z</time></trkpt>
      <trkpt lat="41.49225333333333" lon="-81.73681833333333"><ele>141.7</ele><time>2026-09-11T21:56:02Z</time></trkpt>
      <trkpt lat="41.49225833333333" lon="-81.73682166666667"><ele>141.7</ele><time>2026-09-11T21:56:03Z</time></trkpt>
      <trkpt lat="41.49227333333333" lon="-81.73682833333334"><ele>142.3</ele><time>2026-09-11T21:56:04Z</time></trkpt>
      <trkpt lat="41.49228" lon="-81.73683333333334"><ele>141.6</ele><time>2026-09-11T21:56:05Z</time></trkpt>
      <trkpt lat="41.49229" lon="-81.73685"><ele>144.9</ele><time>2026-09-11T21:56:06Z</time></trkpt>
      <trkpt lat="41.49229" lon="-81.73685666666667"><ele>143.5</ele><time>2026-09-11T21:56:07Z</time></trkpt>
      <trkpt lat="41.49229166666667" lon="-81.73686666666667"><ele>143.5</ele><time>2026-09-11T21:56:08Z</time></trkpt>
      <trkpt lat="41.492286666666665" lon="-81.736885"><ele>145.6</ele><time>2026-09-11T21:56:09Z</time></trkpt>
      <trkpt lat="41.492285" lon="-81.73689333333333"><ele>145.6</ele><time>2026-09-11T21:56:10Z</time></trkpt>
      <trkpt lat="41.49227666666667" lon="-81.73690833333333"><ele>146.6</ele><time>2026-09-11T21:56:11Z</time></trkpt>
      <trkpt lat="41.492268333333335" lon="-81.736925"><ele>146.6</ele><time>2026-09-11T21:56:12Z</time></trkpt>
      <trkpt lat="41.492266666666666" lon="-81.73693333333334"><ele>147.1</ele><time>2026-09-11T21:56:13Z</time></trkpt>
      <trkpt lat="41.492263333333334" lon="-81.73694666666667"><ele>147</ele><time>2026-09-11T21:56:14Z</time></trkpt>
      <trkpt lat="41.49226" lon="-81.73695666666667"><ele>147.4</ele><time>2026-09-11T21:56:15Z</time></trkpt>
      <trkpt lat="41.49225666666667" lon="-81.736965"><ele>147.4</ele><time>2026-09-11T21:56:16Z</time></trkpt>
      <trkpt lat="41.49225333333333" lon="-81.73698166666667"><ele>147.5</ele><time>2026-09-11T21:56:17Z</time></trkpt>
      <trkpt lat="41.49225333333333" lon="-81.73698666666667"><ele>147.1</ele><time>2026-09-11T21:56:18Z</time></trkpt>
      <trkpt lat="41.492248333333336" lon="-81.73700166666667"><ele>147.1</ele><time>2026-09-11T21:56:19Z</time></trkpt>
      <trkpt lat="41.492245" lon="-81.73701166666666"><ele>147.299</ele><time>2026-09-11T21:56:20Z</time></trkpt>
      <trkpt lat="41.492241666666665" lon="-81.73701833333334"><ele>147.299</ele><time>2026-09-11T21:56:21Z</time></trkpt>
      <trkpt lat="41.492235" lon="-81.737035"><ele>146.499</ele><time>2026-09-11T21:56:22Z</time></trkpt>
      <trkpt lat="41.49223" lon="-81.73704333333333"><ele>146.399</ele><time>2026-09-11T21:56:23Z</time></trkpt>
      <trkpt lat="41.49222666666667" lon="-81.73705166666667"><ele>145.8</ele><time>2026-09-11T21:56:24Z</time></trkpt>
      <trkpt lat="41.49222833333334" lon="-81.73706"><ele>145.8</ele><time>2026-09-11T21:56:25Z</time></trkpt>
      <trkpt lat="41.49223166666667" lon="-81.73706333333334"><ele>145.5</ele><time>2026-09-11T21:56:26Z</time></trkpt>
      <trkpt lat="41.492235" lon="-81.737065"><ele>145.5</ele><time>2026-09-11T21:56:27Z</time></trkpt>
      <trkpt lat="41.492241666666665" lon="-81.73706333333334"><ele>145.5</ele><time>2026-09-11T21:56:28Z</time></trkpt>
      <trkpt lat="41.49225" lon="-81.73705333333334"><ele>145.3</ele><time>2026-09-11T21:56:29Z</time></trkpt>
      <trkpt lat="41.49225333333333" lon="-81.73703833333333"><ele>143</ele><time>2026-09-11T21:56:30Z</time></trkpt>
      <trkpt lat="41.49225666666667" lon="-81.73702666666667"><ele>143</ele><time>2026-09-11T21:56:31Z</time></trkpt>
      <trkpt lat="41.49226" lon="-81.73701"><ele>143</ele><time>2026-09-11T21:56:32Z</time></trkpt>
      <trkpt lat="41.492263333333334" lon="-81.73700166666667"><ele>143</ele><time>2026-09-11T21:56:33Z</time></trkpt>
      <trkpt lat="41.492268333333335" lon="-81.73698"><ele>142.9</ele><time>2026-09-11T21:56:34Z</time></trkpt>
      <trkpt lat="41.49227" lon="-81.736975"><ele>143</ele><time>2026-09-11T21:56:35Z</time></trkpt>
      <trkpt lat="41.49227666666667" lon="-81.73696166666667"><ele>143.8</ele><time>2026-09-11T21:56:36Z</time></trkpt>
      <trkpt lat="41.49228333333333" lon="-81.73695333333333"><ele>148.1</ele><time>2026-09-11T21:56:37Z</time></trkpt>
      <trkpt lat="41.492286666666665" lon="-81.736945"><ele>148.1</ele><time>2026-09-11T21:56:38Z</time></trkpt>
      <trkpt lat="41.49229166666667" lon="-81.73693666666667"><ele>146.799</ele><time>2026-09-11T21:56:39Z</time></trkpt>
      <trkpt lat="41.492295" lon="-81.73692333333334"><ele>149.1</ele><time>2026-09-11T21:56:40Z</time></trkpt>
      <trkpt lat="41.4923" lon="-81.73690833333333"><ele>149.4</ele><time>2026-09-11T21:56:41Z</time></trkpt>
      <trkpt lat="41.49230166666667" lon="-81.73690166666667"><ele>149.4</ele><time>2026-09-11T21:56:42Z</time></trkpt>
      <trkpt lat="41.492308333333334" lon="-81.736885"><ele>149.3</ele><time>2026-09-11T21:56:43Z</time></trkpt>
      <trkpt lat="41.49231" lon="-81.73687833333334"><ele>149</ele><time>2026-09-11T21:56:44Z</time></trkpt>
      <trkpt lat="41.49231666666667" lon="-81.73687"><ele>149.1</ele><time>2026-09-11T21:56:45Z</time></trkpt>
      <trkpt lat="41.49232166666667" lon="-81.73686833333333"><ele>149.1</ele><time>2026-09-11T21:56:46Z</time></trkpt>
      <trkpt lat="41.492331666666665" lon="-81.73687"><ele>147.899</ele><time>2026-09-11T21:56:47Z</time></trkpt>
      <trkpt lat="41.49233666666667" lon="-81.73687166666667"><ele>147.899</ele><time>2026-09-11T21:56:48Z</time></trkpt>
      <trkpt lat="41.49234666666667" lon="-81.73687833333334"><ele>146.8</ele><time>2026-09-11T21:56:49Z</time></trkpt>
      <trkpt lat="41.492351666666664" lon="-81.73688"><ele>146.2</ele><time>2026-09-11T21:56:50Z</time></trkpt>
      <trkpt lat="41.492356666666666" lon="-81.73688333333334"><ele>146</ele><time>2026-09-11T21:56:51Z</time></trkpt>
      <trkpt lat="41.49236" lon="-81.736885"><ele>146</ele><time>2026-09-11T21:56:52Z</time></trkpt>
      <trkpt lat="41.49237" lon="-81.73689"><ele>146</ele><time>2026-09-11T21:56:53Z</time></trkpt>
      <trkpt lat="41.492375" lon="-81.73689333333333"><ele>146</ele><time>2026-09-11T21:56:54Z</time></trkpt>
      <trkpt lat="41.49238166666667" lon="-81.73689666666667"><ele>143.2</ele><time>2026-09-11T21:56:55Z</time></trkpt>
      <trkpt lat="41.49238666666667" lon="-81.7369"><ele>143.2</ele><time>2026-09-11T21:56:56Z</time></trkpt>
      <trkpt lat="41.49239333333333" lon="-81.73690333333333"><ele>143.299</ele><time>2026-09-11T21:56:57Z</time></trkpt>
      <trkpt lat="41.4924" lon="-81.73690833333333"><ele>143.7</ele><time>2026-09-11T21:56:58Z</time></trkpt>
      <trkpt lat="41.492405" lon="-81.73691166666667"><ele>143.7</ele><time>2026-09-11T21:56:59Z</time></trkpt>
      <trkpt lat="41.49241333333333" lon="-81.73691666666667"><ele>143</ele><time>2026-09-11T21:57:00Z</time></trkpt>
      <trkpt lat="41.49241833333333" lon="-81.736925"><ele>143</ele><time>2026-09-11T21:57:01Z</time></trkpt>
      <trkpt lat="41.492428333333336" lon="-81.736935"><ele>142.8</ele><time>2026-09-11T21:57:02Z</time></trkpt>
      <trkpt lat="41.492435" lon="-81.73694333333333"><ele>142.8</ele><time>2026-09-11T21:57:03Z</time></trkpt>
      <trkpt lat="41.492443333333334" lon="-81.73695"><ele>143.7</ele><time>2026-09-11T21:57:04Z</time></trkpt>
      <trkpt lat="41.49245166666667" lon="-81.73695666666667"><ele>143.7</ele><time>2026-09-11T21:57:05Z</time></trkpt>
      <trkpt lat="41.492461666666664" lon="-81.73696333333334"><ele>143.6</ele><time>2026-09-11T21:57:06Z</time></trkpt>
      <trkpt lat="41.492466666666665" lon="-81.73696833333334"><ele>143.6</ele><time>2026-09-11T21:57:07Z</time></trkpt>
      <trkpt lat="41.49248" lon="-81.73697333333334"><ele>143.8</ele><time>2026-09-11T21:57:08Z</time></trkpt>
      <trkpt lat="41.49249666666667" lon="-81.73697333333334"><ele>146.5</ele><time>2026-09-11T21:57:09Z</time></trkpt>
      <trkpt lat="41.49250333333333" lon="-81.73697166666666"><ele>146.5</ele><time>2026-09-11T21:57:10Z</time></trkpt>
      <trkpt lat="41.49250833333333" lon="-81.73697333333334"><ele>146.5</ele><time>2026-09-11T21:57:11Z</time></trkpt>
      <trkpt lat="41.49251666666667" lon="-81.73697666666666"><ele>146.6</ele><time>2026-09-11T21:57:12Z</time></trkpt>
      <trkpt lat="41.49252" lon="-81.73698"><ele>146.5</ele><time>2026-09-11T21:57:13Z</time></trkpt>
      <trkpt lat="41.492535" lon="-81.73699333333333"><ele>146.4</ele><time>2026-09-11T21:57:14Z</time></trkpt>
      <trkpt lat="41.492538333333336" lon="-81.73699666666667"><ele>146.4</ele><time>2026-09-11T21:57:15Z</time></trkpt>
      <trkpt lat="41.49254833333333" lon="-81.737005"><ele>146.5</ele><time>2026-09-11T21:57:16Z</time></trkpt>
      <trkpt lat="41.49255333333333" lon="-81.73701333333334"><ele>146.2</ele><time>2026-09-11T21:57:17Z</time></trkpt>
      <trkpt lat="41.49256333333334" lon="-81.73702333333334"><ele>146.299</ele><time>2026-09-11T21:57:18Z</time></trkpt>
      <trkpt lat="41.49257" lon="-81.73702833333333"><ele>146.299</ele><time>2026-09-11T21:57:19Z</time></trkpt>
      <trkpt lat="41.492578333333334" lon="-81.73703"><ele>145.7</ele><time>2026-09-11T21:57:20Z</time></trkpt>
      <trkpt lat="41.492585" lon="-81.73702333333334"><ele>145.7</ele><time>2026-09-11T21:57:21Z</time></trkpt>
      <trkpt lat="41.492585" lon="-81.73702333333334"><ele>145.7</ele><time>2026-09-11T21:57:22Z</time></trkpt>
      <trkpt lat="41.49259" lon="-81.73702333333334"><ele>143.3</ele><time>2026-09-11T21:57:23Z</time></trkpt>
      <trkpt lat="41.49259833333333" lon="-81.737025"><ele>143</ele><time>2026-09-11T21:57:24Z</time></trkpt>
      <trkpt lat="41.492603333333335" lon="-81.73702666666667"><ele>143</ele><time>2026-09-11T21:57:25Z</time></trkpt>
      <trkpt lat="41.49261" lon="-81.73703"><ele>143.1</ele><time>2026-09-11T21:57:26Z</time></trkpt>
      <trkpt lat="41.49262" lon="-81.737035"><ele>143</ele><time>2026-09-11T21:57:27Z</time></trkpt>
      <trkpt lat="41.492623333333334" lon="-81.73703833333333"><ele>143</ele><time>2026-09-11T21:57:28Z</time></trkpt>
      <trkpt lat="41.49263666666667" lon="-81.73705"><ele>143</ele><time>2026-09-11T21:57:29Z</time></trkpt>
      <trkpt lat="41.492641666666664" lon="-81.737055"><ele>143</ele><time>2026-09-11T21:57:30Z</time></trkpt>
      <trkpt lat="41.492648333333335" lon="-81.73706"><ele>142.799</ele><time>2026-09-11T21:57:31Z</time></trkpt>
      <trkpt lat="41.492655" lon="-81.73706333333334"><ele>142.799</ele><time>2026-09-11T21:57:32Z</time></trkpt>
      <trkpt lat="41.49265833333333" lon="-81.73706"><ele>143.6</ele><time>2026-09-11T21:57:33Z</time></trkpt>
      <trkpt lat="41.49265833333333" lon="-81.73706"><ele>143.9</ele><time>2026-09-11T21:57:34Z</time></trkpt>
      <trkpt lat="41.49265666666667" lon="-81.73705833333334"><ele>144</ele><time>2026-09-11T21:57:35Z</time></trkpt>
      <trkpt lat="41.49265833333333" lon="-81.73706"><ele>144.3</ele><time>2026-09-11T21:57:36Z</time></trkpt>
      <trkpt lat="41.49265833333333" lon="-81.73706"><ele>147.1</ele><time>2026-09-11T21:57:37Z</time></trkpt>
      <trkpt lat="41.49265833333333" lon="-81.73706"><ele>147.2</ele><time>2026-09-11T21:57:38Z</time></trkpt>
      <trkpt lat="41.49265833333333" lon="-81.73706166666666"><ele>147.399</ele><time>2026-09-11T21:57:39Z</time></trkpt>
      <trkpt lat="41.49266" lon="-81.73706"><ele>147.399</ele><time>2026-09-11T21:57:40Z</time></trkpt>
      <trkpt lat="41.492665" lon="-81.73705666666666"><ele>147.599</ele><time>2026-09-11T21:57:41Z</time></trkpt>
      <trkpt lat="41.492668333333334" lon="-81.73705666666666"><ele>147.999</ele><time>2026-09-11T21:57:42Z</time></trkpt>
      <trkpt lat="41.492671666666666" lon="-81.73705833333334"><ele>148.499</ele><time>2026-09-11T21:57:43Z</time></trkpt>
      <trkpt lat="41.492673333333336" lon="-81.73705666666666"><ele>148.599</ele><time>2026-09-11T21:57:44Z</time></trkpt>
      <trkpt lat="41.492673333333336" lon="-81.737055"><ele>148.599</ele><time>2026-09-11T21:57:45Z</time></trkpt>
      <trkpt lat="41.492675" lon="-81.73705833333334"><ele>148.5</ele><time>2026-09-11T21:57:46Z</time></trkpt>
      <trkpt lat="41.492675" lon="-81.73706166666666"><ele>148.5</ele><time>2026-09-11T21:57:47Z</time></trkpt>
      <trkpt lat="41.49267666666667" lon="-81.73706333333334"><ele>148</ele><time>2026-09-11T21:57:48Z</time></trkpt>
      <trkpt lat="41.49267666666667" lon="-81.737065"><ele>148</ele><time>2026-09-11T21:57:49Z</time></trkpt>
      <trkpt lat="41.49267666666667" lon="-81.737065"><ele>148</ele><time>2026-09-11T21:57:50Z</time></trkpt>
      <trkpt lat="41.49267666666667" lon="-81.73706833333334"><ele>145.6</ele><time>2026-09-11T21:57:51Z</time></trkpt>
      <trkpt lat="41.49267833333333" lon="-81.73707166666667"><ele>145.299</ele><time>2026-09-11T21:57:52Z</time></trkpt>
      <trkpt lat="41.49267833333333" lon="-81.73707166666667"><ele>145.299</ele><time>2026-09-11T21:57:53Z</time></trkpt>
      <trkpt lat="41.49267833333333" lon="-81.73707333333333"><ele>145.399</ele><time>2026-09-11T21:57:54Z</time></trkpt>
      <trkpt lat="41.49267833333333" lon="-81.73707333333333"><ele>145.2</ele><time>2026-09-11T21:57:55Z</time></trkpt>
      <trkpt lat="41.49267833333333" lon="-81.73707333333333"><ele>145.399</ele><time>2026-09-11T21:57:56Z</time></trkpt>
      <trkpt lat="41.49268" lon="-81.73707333333333"><ele>145.2</ele><time>2026-09-11T21:57:57Z</time></trkpt>
      <trkpt lat="41.49267833333333" lon="-81.737075"><ele>145.299</ele><time>2026-09-11T21:57:58Z</time></trkpt>
      <trkpt lat="41.49268333333333" lon="-81.73707333333333"><ele>145.2</ele><time>2026-09-11T21:57:59Z</time></trkpt>
      <trkpt lat="41.49268333333333" lon="-81.73707166666667"><ele>145.2</ele><time>2026-09-11T21:58:00Z</time></trkpt>
      <trkpt lat="41.49268166666667" lon="-81.73706833333334"><ele>145.6</ele><time>2026-09-11T21:58:01Z</time></trkpt>
      <trkpt lat="41.49268" lon="-81.73706833333334"><ele>146.1</ele><time>2026-09-11T21:58:02Z</time></trkpt>
      <trkpt lat="41.49268" lon="-81.737065"><ele>145.4</ele><time>2026-09-11T21:58:03Z</time></trkpt>
      <trkpt lat="41.49267833333333" lon="-81.73706333333334"><ele>145.5</ele><time>2026-09-11T21:58:04Z</time></trkpt>
      <trkpt lat="41.49267833333333" lon="-81.73706333333334"><ele>145.5</ele><time>2026-09-11T21:58:05Z</time></trkpt>
      <trkpt lat="41.49267666666667" lon="-81.73706333333334"><ele>148.4</ele><time>2026-09-11T21:58:06Z</time></trkpt>
      <trkpt lat="41.49267666666667" lon="-81.73706333333334"><ele>145.7</ele><time>2026-09-11T21:58:07Z</time></trkpt>
      <trkpt lat="41.49267666666667" lon="-81.73706333333334"><ele>145.7</ele><time>2026-09-11T21:58:08Z</time></trkpt>
      <trkpt lat="41.49267666666667" lon="-81.73706166666666"><ele>148.3</ele><time>2026-09-11T21:58:09Z</time></trkpt>
      <trkpt lat="41.49267666666667" lon="-81.73706166666666"><ele>148.3</ele><time>2026-09-11T21:58:10Z</time></trkpt>
      <trkpt lat="41.49267833333333" lon="-81.73706"><ele>144.9</ele><time>2026-09-11T21:58:11Z</time></trkpt>
      <trkpt lat="41.49267833333333" lon="-81.73706"><ele>147.8</ele><time>2026-09-11T21:58:12Z</time></trkpt>
      <trkpt lat="41.49267833333333" lon="-81.73706"><ele>148.1</ele><time>2026-09-11T21:58:13Z</time></trkpt>
      <trkpt lat="41.49267833333333" lon="-81.73706"><ele>148.1</ele><time>2026-09-11T21:58:14Z</time></trkpt>
      <trkpt lat="41.49267833333333" lon="-81.73706"><ele>147.5</ele><time>2026-09-11T21:58:15Z</time></trkpt>
      <trkpt lat="41.49267833333333" lon="-81.73706"><ele>147.3</ele><time>2026-09-11T21:58:16Z</time></trkpt>
      <trkpt lat="41.49267833333333" lon="-81.73706"><ele>147.6</ele><time>2026-09-11T21:58:17Z</time></trkpt>
      <trkpt lat="41.49267833333333" lon="-81.73706"><ele>147.6</ele><time>2026-09-11T21:58:18Z</time></trkpt>
      <trkpt lat="41.49267833333333" lon="-81.73706166666666"><ele>145.4</ele><time>2026-09-11T21:58:19Z</time></trkpt>
      <trkpt lat="41.49267833333333" lon="-81.73706333333334"><ele>144.8</ele><time>2026-09-11T21:58:20Z</time></trkpt>
      <trkpt lat="41.49267666666667" lon="-81.73706333333334"><ele>144.6</ele><time>2026-09-11T21:58:21Z</time></trkpt>
      <trkpt lat="41.49267666666667" lon="-81.73706333333334"><ele>144.6</ele><time>2026-09-11T21:58:22Z</time></trkpt>
      <trkpt lat="41.49267666666667" lon="-81.73706333333334"><ele>144.799</ele><time>2026-09-11T21:58:23Z</time></trkpt>
      <trkpt lat="41.49267666666667" lon="-81.73706333333334"><ele>144.799</ele><time>2026-09-11T21:58:24Z</time></trkpt>
      <trkpt lat="41.49267666666667" lon="-81.73706333333334"><ele>144.6</ele><time>2026-09-11T21:58:25Z</time></trkpt>
      <trkpt lat="41.49267666666667" lon="-81.73706166666666"><ele>144.5</ele><time>2026-09-11T21:58:26Z</time></trkpt>
      <trkpt lat="41.49267666666667" lon="-81.73706333333334"><ele>144.4</ele><time>2026-09-11T21:58:27Z</time></trkpt>
      <trkpt lat="41.49267666666667" lon="-81.73706333333334"><ele>144.8</ele><time>2026-09-11T21:58:28Z</time></trkpt>
      <trkpt lat="41.492675" lon="-81.73706166666666"><ele>144.7</ele><time>2026-09-11T21:58:29Z</time></trkpt>
      <trkpt lat="41.492673333333336" lon="-81.73706"><ele>145.1</ele><time>2026-09-11T21:58:30Z</time></trkpt>
      <trkpt lat="41.492673333333336" lon="-81.73705833333334"><ele>144.799</ele><time>2026-09-11T21:58:31Z</time></trkpt>
      <trkpt lat="41.49267" lon="-81.73705333333334"><ele>144.799</ele><time>2026-09-11T21:58:32Z</time></trkpt>
      <trkpt lat="41.49267" lon="-81.737055"><ele>144.799</ele><time>2026-09-11T21:58:33Z</time></trkpt>
      <trkpt lat="41.492668333333334" lon="-81.73705333333334"><ele>144.7</ele><time>2026-09-11T21:58:34Z</time></trkpt>
      <trkpt lat="41.492668333333334" lon="-81.73705333333334"><ele>144.7</ele><time>2026-09-11T21:58:35Z</time></trkpt>
      <trkpt lat="41.492668333333334" lon="-81.73705166666667"><ele>147.5</ele><time>2026-09-11T21:58:36Z</time></trkpt>
      <trkpt lat="41.492668333333334" lon="-81.73705"><ele>147.7</ele><time>2026-09-11T21:58:37Z</time></trkpt>
      <trkpt lat="41.492666666666665" lon="-81.73705"><ele>149</ele><time>2026-09-11T21:58:38Z</time></trkpt>
      <trkpt lat="41.492665" lon="-81.73705166666667"><ele>149</ele><time>2026-09-11T21:58:39Z</time></trkpt>
      <trkpt lat="41.49266333333333" lon="-81.73705333333334"><ele>148.8</ele><time>2026-09-11T21:58:40Z</time></trkpt>
      <trkpt lat="41.49266" lon="-81.73705333333334"><ele>148.8</ele><time>2026-09-11T21:58:41Z</time></trkpt>
      <trkpt lat="41.49266" lon="-81.737055"><ele>147.9</ele><time>2026-09-11T21:58:42Z</time></trkpt>
      <trkpt lat="41.49265833333333" lon="-81.737055"><ele>147.8</ele><time>2026-09-11T21:58:43Z</time></trkpt>
      <trkpt lat="41.49265833333333" lon="-81.737055"><ele>147.1</ele><time>2026-09-11T21:58:44Z</time></trkpt>
      <trkpt lat="41.49265833333333" lon="-81.73705666666666"><ele>146.8</ele><time>2026-09-11T21:58:45Z</time></trkpt>
      <trkpt lat="41.49266" lon="-81.73705666666666"><ele>147</ele><time>2026-09-11T21:58:46Z</time></trkpt>
      <trkpt lat="41.49266" lon="-81.73705666666666"><ele>147</ele><time>2026-09-11T21:58:47Z</time></trkpt>
      <trkpt lat="41.49266" lon="-81.73705666666666"><ele>144.7</ele><time>2026-09-11T21:58:48Z</time></trkpt>
      <trkpt lat="41.49266" lon="-81.737055"><ele>144</ele><time>2026-09-11T21:58:49Z</time></trkpt>
      <trkpt lat="41.49266" lon="-81.737055"><ele>144.2</ele><time>2026-09-11T21:58:50Z</time></trkpt>
      <trkpt lat="41.49266" lon="-81.737055"><ele>144.1</ele><time>2026-09-11T21:58:51Z</time></trkpt>
      <trkpt lat="41.49266" lon="-81.737055"><ele>144.5</ele><time>2026-09-11T21:58:52Z</time></trkpt>
      <trkpt lat="41.49266" lon="-81.73705666666666"><ele>145</ele><time>2026-09-11T21:58:53Z</time></trkpt>
      <trkpt lat="41.49265833333333" lon="-81.73705666666666"><ele>145.1</ele><time>2026-09-11T21:58:54Z</time></trkpt>
      <trkpt lat="41.49265833333333" lon="-81.73705666666666"><ele>145.1</ele><time>2026-09-11T21:58:55Z</time></trkpt>
      <trkpt lat="41.49265833333333" lon="-81.73705833333334"><ele>145.3</ele><time>2026-09-11T21:58:56Z</time></trkpt>
      <trkpt lat="41.49265666666667" lon="-81.73705833333334"><ele>145.1</ele><time>2026-09-11T21:58:57Z</time></trkpt>
      <trkpt lat="41.492655" lon="-81.73706166666666"><ele>145.4</ele><time>2026-09-11T21:58:58Z</time></trkpt>
      <trkpt lat="41.49265666666667" lon="-81.73706333333334"><ele>147.2</ele><time>2026-09-11T21:58:59Z</time></trkpt>
      <trkpt lat="41.49265833333333" lon="-81.737065"><ele>148.3</ele><time>2026-09-11T21:59:00Z</time></trkpt>
      <trkpt lat="41.49265833333333" lon="-81.73706666666666"><ele>145.8</ele><time>2026-09-11T21:59:01Z</time></trkpt>
      <trkpt lat="41.49265833333333" lon="-81.73706833333334"><ele>145.9</ele><time>2026-09-11T21:59:02Z</time></trkpt>
      <trkpt lat="41.49266" lon="-81.73706833333334"><ele>145.8</ele><time>2026-09-11T21:59:03Z</time></trkpt>
      <trkpt lat="41.49266" lon="-81.73706833333334"><ele>145.9</ele><time>2026-09-11T21:59:04Z</time></trkpt>
      <trkpt lat="41.49266" lon="-81.73706833333334"><ele>148.7</ele><time>2026-09-11T21:59:05Z</time></trkpt>
      <trkpt lat="41.49266166666666" lon="-81.73706666666666"><ele>148.799</ele><time>2026-09-11T21:59:06Z</time></trkpt>
      <trkpt lat="41.49266333333333" lon="-81.73706333333334"><ele>148.799</ele><time>2026-09-11T21:59:07Z</time></trkpt>
      <trkpt lat="41.49266333333333" lon="-81.73706333333334"><ele>148.299</ele><time>2026-09-11T21:59:08Z</time></trkpt>
      <trkpt lat="41.492665" lon="-81.73706"><ele>148.299</ele><time>2026-09-11T21:59:09Z</time></trkpt>
      <trkpt lat="41.492666666666665" lon="-81.73705833333334"><ele>148.299</ele><time>2026-09-11T21:59:10Z</time></trkpt>
      <trkpt lat="41.49267" lon="-81.737055"><ele>148.299</ele><time>2026-09-11T21:59:11Z</time></trkpt>
      <trkpt lat="41.492671666666666" lon="-81.737055"><ele>147.7</ele><time>2026-09-11T21:59:12Z</time></trkpt>
      <trkpt lat="41.492673333333336" lon="-81.73705333333334"><ele>147.7</ele><time>2026-09-11T21:59:13Z</time></trkpt>
      <trkpt lat="41.492673333333336" lon="-81.73705166666667"><ele>147.7</ele><time>2026-09-11T21:59:14Z</time></trkpt>
      <trkpt lat="41.49267666666667" lon="-81.73705"><ele>147.6</ele><time>2026-09-11T21:59:15Z</time></trkpt>
      <trkpt lat="41.49267666666667" lon="-81.73704833333333"><ele>145.6</ele><time>2026-09-11T21:59:16Z</time></trkpt>
      <trkpt lat="41.49267666666667" lon="-81.73704833333333"><ele>145.299</ele><time>2026-09-11T21:59:17Z</time></trkpt>
      <trkpt lat="41.49267833333333" lon="-81.73704666666667"><ele>145.1</ele><time>2026-09-11T21:59:18Z</time></trkpt>
      <trkpt lat="41.49267833333333" lon="-81.737045"><ele>145</ele><time>2026-09-11T21:59:19Z</time></trkpt>
      <trkpt lat="41.49267833333333" lon="-81.73704333333333"><ele>145.1</ele><time>2026-09-11T21:59:20Z</time></trkpt>
      <trkpt lat="41.49267833333333" lon="-81.73704166666667"><ele>145.299</ele><time>2026-09-11T21:59:21Z</time></trkpt>
      <trkpt lat="41.49267833333333" lon="-81.73704"><ele>145.7</ele><time>2026-09-11T21:59:22Z</time></trkpt>
      <trkpt lat="41.49267666666667" lon="-81.73703833333333"><ele>145.2</ele><time>2026-09-11T21:59:23Z</time></trkpt>
      <trkpt lat="41.49267666666667" lon="-81.73703666666667"><ele>145.7</ele><time>2026-09-11T21:59:24Z</time></trkpt>
      <trkpt lat="41.49267666666667" lon="-81.73703666666667"><ele>145.799</ele><time>2026-09-11T21:59:25Z</time></trkpt>
      <trkpt lat="41.49267666666667" lon="-81.737035"><ele>145.799</ele><time>2026-09-11T21:59:26Z</time></trkpt>
      <trkpt lat="41.492675" lon="-81.737035"><ele>146.299</ele><time>2026-09-11T21:59:27Z</time></trkpt>
      <trkpt lat="41.492673333333336" lon="-81.737035"><ele>148.799</ele><time>2026-09-11T21:59:28Z</time></trkpt>
      <trkpt lat="41.492673333333336" lon="-81.737035"><ele>145.999</ele><time>2026-09-11T21:59:29Z</time></trkpt>
      <trkpt lat="41.492671666666666" lon="-81.737035"><ele>145.999</ele><time>2026-09-11T21:59:30Z</time></trkpt>
      <trkpt lat="41.49267" lon="-81.737035"><ele>146.099</ele><time>2026-09-11T21:59:31Z</time></trkpt>
      <trkpt lat="41.492668333333334" lon="-81.737035"><ele>148.8</ele><time>2026-09-11T21:59:32Z</time></trkpt>
      <trkpt lat="41.492668333333334" lon="-81.737035"><ele>148.8</ele><time>2026-09-11T21:59:33Z</time></trkpt>
      <trkpt lat="41.492666666666665" lon="-81.737035"><ele>148.8</ele><time>2026-09-11T21:59:34Z</time></trkpt>
      <trkpt lat="41.492665" lon="-81.73703666666667"><ele>148.4</ele><time>2026-09-11T21:59:35Z</time></trkpt>
      <trkpt lat="41.49266333333333" lon="-81.73704"><ele>148.4</ele><time>2026-09-11T21:59:36Z</time></trkpt>
      <trkpt lat="41.49266333333333" lon="-81.73704166666667"><ele>148.4</ele><time>2026-09-11T21:59:37Z</time></trkpt>
      <trkpt lat="41.49266166666666" lon="-81.73704166666667"><ele>148.4</ele><time>2026-09-11T21:59:38Z</time></trkpt>
      <trkpt lat="41.49266166666666" lon="-81.73704166666667"><ele>147.8</ele><time>2026-09-11T21:59:39Z</time></trkpt>
      <trkpt lat="41.49266" lon="-81.73704166666667"><ele>147.8</ele><time>2026-09-11T21:59:40Z</time></trkpt>
      <trkpt lat="41.49266" lon="-81.73704166666667"><ele>147.8</ele><time>2026-09-11T21:59:41Z</time></trkpt>
      <trkpt lat="41.49265833333333" lon="-81.73704333333333"><ele>147.8</ele><time>2026-09-11T21:59:42Z</time></trkpt>
      <trkpt lat="41.49266" lon="-81.737045"><ele>146.2</ele><time>2026-09-11T21:59:43Z</time></trkpt>
      <trkpt lat="41.49265833333333" lon="-81.737045"><ele>145.3</ele><time>2026-09-11T21:59:44Z</time></trkpt>
      <trkpt lat="41.49266" lon="-81.73704666666667"><ele>145.2</ele><time>2026-09-11T21:59:45Z</time></trkpt>
      <trkpt lat="41.49265833333333" lon="-81.73704666666667"><ele>145</ele><time>2026-09-11T21:59:46Z</time></trkpt>
      <trkpt lat="41.49266" lon="-81.73704833333333"><ele>144.8</ele><time>2026-09-11T21:59:47Z</time></trkpt>
      <trkpt lat="41.49266" lon="-81.73705"><ele>145</ele><time>2026-09-11T21:59:48Z</time></trkpt>
      <trkpt lat="41.49266" lon="-81.73705"><ele>144.6</ele><time>2026-09-11T21:59:49Z</time></trkpt>
      <trkpt lat="41.49266" lon="-81.73705333333334"><ele>145.1</ele><time>2026-09-11T21:59:50Z</time></trkpt>
      <trkpt lat="41.49266" lon="-81.73705333333334"><ele>145.1</ele><time>2026-09-11T21:59:51Z</time></trkpt>
      <trkpt lat="41.49266" lon="-81.73705333333334"><ele>145.6</ele><time>2026-09-11T21:59:52Z</time></trkpt>
      <trkpt lat="41.49265833333333" lon="-81.73705333333334"><ele>145.6</ele><time>2026-09-11T21:59:53Z</time></trkpt>
      <trkpt lat="41.49265833333333" lon="-81.73705333333334"><ele>147.5</ele><time>2026-09-11T21:59:54Z</time></trkpt>
      <trkpt lat="41.49265833333333" lon="-81.73705333333334"><ele>147.6</ele><time>2026-09-11T21:59:55Z</time></trkpt>
      <trkpt lat="41.49265833333333" lon="-81.737055"><ele>148.6</ele><time>2026-09-11T21:59:56Z</time></trkpt>
      <trkpt lat="41.49265833333333" lon="-81.737055"><ele>146</ele><time>2026-09-11T21:59:57Z</time></trkpt>
      <trkpt lat="41.492655" lon="-81.737055"><ele>146</ele><time>2026-09-11T21:59:58Z</time></trkpt>
      <trkpt lat="41.492655" lon="-81.73705666666666"><ele>148.8</ele><time>2026-09-11T21:59:59Z</time></trkpt>
      <trkpt lat="41.492655" lon="-81.73705666666666"><ele>148.8</ele><time>2026-09-11T22:00:00Z</time></trkpt>
      <trkpt lat="41.49265666666667" lon="-81.73705666666666"><ele>148.8</ele><time>2026-09-11T22:00:01Z</time></trkpt>
      <trkpt lat="41.49265833333333" lon="-81.737055"><ele>148.9</ele><time>2026-09-11T22:00:02Z</time></trkpt>
      <trkpt lat="41.49265666666667" lon="-81.737055"><ele>148.8</ele><time>2026-09-11T22:00:03Z</time></trkpt>
      <trkpt lat="41.49265833333333" lon="-81.73705833333334"><ele>148.1</ele><time>2026-09-11T22:00:04Z</time></trkpt>
      <trkpt lat="41.49266" lon="-81.73706"><ele>148.1</ele><time>2026-09-11T22:00:05Z</time></trkpt>
      <trkpt lat="41.49265833333333" lon="-81.73706166666666"><ele>148</ele><time>2026-09-11T22:00:06Z</time></trkpt>
      <trkpt lat="41.49266" lon="-81.73706166666666"><ele>147.9</ele><time>2026-09-11T22:00:07Z</time></trkpt>
      <trkpt lat="41.49265833333333" lon="-81.73706166666666"><ele>146.7</ele><time>2026-09-11T22:00:08Z</time></trkpt>
      <trkpt lat="41.49265833333333" lon="-81.73706166666666"><ele>146.4</ele><time>2026-09-11T22:00:09Z</time></trkpt>
      <trkpt lat="41.49265833333333" lon="-81.73706333333334"><ele>146.4</ele><time>2026-09-11T22:00:10Z</time></trkpt>
      <trkpt lat="41.49266" lon="-81.73706666666666"><ele>144.8</ele><time>2026-09-11T22:00:11Z</time></trkpt>
      <trkpt lat="41.49266" lon="-81.73706833333334"><ele>144</ele><time>2026-09-11T22:00:12Z</time></trkpt>
      <trkpt lat="41.49266166666666" lon="-81.73707"><ele>144.3</ele><time>2026-09-11T22:00:13Z</time></trkpt>
      <trkpt lat="41.49266166666666" lon="-81.73707"><ele>144.3</ele><time>2026-09-11T22:00:14Z</time></trkpt>
      <trkpt lat="41.49265833333333" lon="-81.73706666666666"><ele>144.7</ele><time>2026-09-11T22:00:15Z</time></trkpt>
      <trkpt lat="41.492655" lon="-81.737065"><ele>144.7</ele><time>2026-09-11T22:00:16Z</time></trkpt>
      <trkpt lat="41.492645" lon="-81.737055"><ele>145.1</ele><time>2026-09-11T22:00:17Z</time></trkpt>
      <trkpt lat="41.492635" lon="-81.737045"><ele>145.5</ele><time>2026-09-11T22:00:18Z</time></trkpt>
      <trkpt lat="41.49261833333333" lon="-81.73703"><ele>145.6</ele><time>2026-09-11T22:00:19Z</time></trkpt>
      <trkpt lat="41.492601666666665" lon="-81.73701166666666"><ele>146.5</ele><time>2026-09-11T22:00:20Z</time></trkpt>
      <trkpt lat="41.4926" lon="-81.73701166666666"><ele>148.5</ele><time>2026-09-11T22:00:21Z</time></trkpt>
      <trkpt lat="41.492596666666664" lon="-81.737005"><ele>148.5</ele><time>2026-09-11T22:00:22Z</time></trkpt>
      <trkpt lat="41.49259333333333" lon="-81.73700333333333"><ele>148.5</ele><time>2026-09-11T22:00:23Z</time></trkpt>
      <trkpt lat="41.49259" lon="-81.73699833333333"><ele>148.5</ele><time>2026-09-11T22:00:24Z</time></trkpt>
      <trkpt lat="41.49259" lon="-81.73699833333333"><ele>146.4</ele><time>2026-09-11T22:00:25Z</time></trkpt>
      <trkpt lat="41.49259" lon="-81.737"><ele>146.1</ele><time>2026-09-11T22:00:26Z</time></trkpt>
      <trkpt lat="41.49259" lon="-81.73700166666667"><ele>148.5</ele><time>2026-09-11T22:00:27Z</time></trkpt>
      <trkpt lat="41.49258833333333" lon="-81.73700333333333"><ele>148.5</ele><time>2026-09-11T22:00:28Z</time></trkpt>
      <trkpt lat="41.49258666666667" lon="-81.737005"><ele>148.4</ele><time>2026-09-11T22:00:29Z</time></trkpt>
      <trkpt lat="41.49258666666667" lon="-81.73700833333334"><ele>148.4</ele><time>2026-09-11T22:00:30Z</time></trkpt>
      <trkpt lat="41.49258666666667" lon="-81.73700833333334"><ele>148</ele><time>2026-09-11T22:00:31Z</time></trkpt>
      <trkpt lat="41.492585" lon="-81.73700833333334"><ele>145</ele><time>2026-09-11T22:00:32Z</time></trkpt>
      <trkpt lat="41.492585" lon="-81.73700833333334"><ele>145.2</ele><time>2026-09-11T22:00:33Z</time></trkpt>
      <trkpt lat="41.492585" lon="-81.73700833333334"><ele>145.2</ele><time>2026-09-11T22:00:34Z</time></trkpt>
      <trkpt lat="41.492583333333336" lon="-81.73701166666666"><ele>147.4</ele><time>2026-09-11T22:00:35Z</time></trkpt>
      <trkpt lat="41.492583333333336" lon="-81.73701166666666"><ele>147.4</ele><time>2026-09-11T22:00:36Z</time></trkpt>
      <trkpt lat="41.492583333333336" lon="-81.73701333333334"><ele>147.4</ele><time>2026-09-11T22:00:37Z</time></trkpt>
      <trkpt lat="41.492576666666665" lon="-81.73700833333334"><ele>147.4</ele><time>2026-09-11T22:00:38Z</time></trkpt>
      <trkpt lat="41.49256833333333" lon="-81.737"><ele>147.4</ele><time>2026-09-11T22:00:39Z</time></trkpt>
      <trkpt lat="41.49256333333334" lon="-81.73699166666667"><ele>145.1</ele><time>2026-09-11T22:00:40Z</time></trkpt>
      <trkpt lat="41.492558333333335" lon="-81.736985"><ele>145.1</ele><time>2026-09-11T22:00:41Z</time></trkpt>
      <trkpt lat="41.49255" lon="-81.73697666666666"><ele>145.6</ele><time>2026-09-11T22:00:42Z</time></trkpt>
      <trkpt lat="41.492545" lon="-81.73697166666666"><ele>145.6</ele><time>2026-09-11T22:00:43Z</time></trkpt>
      <trkpt lat="41.492535" lon="-81.73696333333334"><ele>146</ele><time>2026-09-11T22:00:44Z</time></trkpt>
      <trkpt lat="41.49252666666667" lon="-81.73695833333333"><ele>146</ele><time>2026-09-11T22:00:45Z</time></trkpt>
      <trkpt lat="41.49251666666667" lon="-81.73695333333333"><ele>146.1</ele><time>2026-09-11T22:00:46Z</time></trkpt>
      <trkpt lat="41.49250333333333" lon="-81.73695"><ele>147.2</ele><time>2026-09-11T22:00:47Z</time></trkpt>
      <trkpt lat="41.492493333333336" lon="-81.736945"><ele>147.2</ele><time>2026-09-11T22:00:48Z</time></trkpt>
      <trkpt lat="41.492488333333334" lon="-81.73694166666667"><ele>147.2</ele><time>2026-09-11T22:00:49Z</time></trkpt>
      <trkpt lat="41.49247666666667" lon="-81.736935"><ele>147.2</ele><time>2026-09-11T22:00:50Z</time></trkpt>
      <trkpt lat="41.49247" lon="-81.73693333333334"><ele>149</ele><time>2026-09-11T22:00:51Z</time></trkpt>
      <trkpt lat="41.49245833333333" lon="-81.73693"><ele>150</ele><time>2026-09-11T22:00:52Z</time></trkpt>
      <trkpt lat="41.492448333333336" lon="-81.736925"><ele>150</ele><time>2026-09-11T22:00:53Z</time></trkpt>
      <trkpt lat="41.49243833333333" lon="-81.73692"><ele>147</ele><time>2026-09-11T22:00:54Z</time></trkpt>
      <trkpt lat="41.49243333333333" lon="-81.73691833333334"><ele>147</ele><time>2026-09-11T22:00:55Z</time></trkpt>
      <trkpt lat="41.49242" lon="-81.736915"><ele>146.9</ele><time>2026-09-11T22:00:56Z</time></trkpt>
      <trkpt lat="41.49241166666667" lon="-81.73691333333333"><ele>146.8</ele><time>2026-09-11T22:00:57Z</time></trkpt>
      <trkpt lat="41.492398333333334" lon="-81.73690833333333"><ele>146.6</ele><time>2026-09-11T22:00:58Z</time></trkpt>
      <trkpt lat="41.49238666666667" lon="-81.73690333333333"><ele>149.2</ele><time>2026-09-11T22:00:59Z</time></trkpt>
      <trkpt lat="41.492378333333335" lon="-81.73689666666667"><ele>146.1</ele><time>2026-09-11T22:01:00Z</time></trkpt>
      <trkpt lat="41.49237333333333" lon="-81.73689333333333"><ele>146.1</ele><time>2026-09-11T22:01:01Z</time></trkpt>
      <trkpt lat="41.49236333333333" lon="-81.73688833333334"><ele>146.5</ele><time>2026-09-11T22:01:02Z</time></trkpt>
      <trkpt lat="41.492356666666666" lon="-81.73688333333334"><ele>146.8</ele><time>2026-09-11T22:01:03Z</time></trkpt>
      <trkpt lat="41.492345" lon="-81.73687333333334"><ele>146.5</ele><time>2026-09-11T22:01:04Z</time></trkpt>
      <trkpt lat="41.49233666666667" lon="-81.73687"><ele>148.5</ele><time>2026-09-11T22:01:05Z</time></trkpt>
      <trkpt lat="41.49232833333333" lon="-81.73686666666667"><ele>146.4</ele><time>2026-09-11T22:01:06Z</time></trkpt>
      <trkpt lat="41.49232333333333" lon="-81.73686666666667"><ele>146.4</ele><time>2026-09-11T22:01:07Z</time></trkpt>
      <trkpt lat="41.49231666666667" lon="-81.73687166666667"><ele>146.1</ele><time>2026-09-11T22:01:08Z</time></trkpt>
      <trkpt lat="41.492311666666666" lon="-81.73687833333334"><ele>146.1</ele><time>2026-09-11T22:01:09Z</time></trkpt>
      <trkpt lat="41.49231" lon="-81.73689333333333"><ele>145.9</ele><time>2026-09-11T22:01:10Z</time></trkpt>
      <trkpt lat="41.492308333333334" lon="-81.73690666666667"><ele>146</ele><time>2026-09-11T22:01:11Z</time></trkpt>
      <trkpt lat="41.49230333333333" lon="-81.73691666666667"><ele>145.5</ele><time>2026-09-11T22:01:12Z</time></trkpt>
      <trkpt lat="41.49229833333333" lon="-81.736925"><ele>146.1</ele><time>2026-09-11T22:01:13Z</time></trkpt>
      <trkpt lat="41.492295" lon="-81.73693333333334"><ele>146.6</ele><time>2026-09-11T22:01:14Z</time></trkpt>
      <trkpt lat="41.49229" lon="-81.73694166666667"><ele>146.6</ele><time>2026-09-11T22:01:15Z</time></trkpt>
      <trkpt lat="41.492285" lon="-81.73694833333333"><ele>146.5</ele><time>2026-09-11T22:01:16Z</time></trkpt>
      <trkpt lat="41.49228" lon="-81.73695666666667"><ele>146.5</ele><time>2026-09-11T22:01:17Z</time></trkpt>
      <trkpt lat="41.49227166666667" lon="-81.73697166666666"><ele>148.3</ele><time>2026-09-11T22:01:18Z</time></trkpt>
      <trkpt lat="41.492265" lon="-81.73698166666667"><ele>146.6</ele><time>2026-09-11T22:01:19Z</time></trkpt>
      <trkpt lat="41.492261666666664" lon="-81.73699"><ele>146.3</ele><time>2026-09-11T22:01:20Z</time></trkpt>
      <trkpt lat="41.49225833333333" lon="-81.736995"><ele>146.3</ele><time>2026-09-11T22:01:21Z</time></trkpt>
      <trkpt lat="41.492255" lon="-81.737005"><ele>146.1</ele><time>2026-09-11T22:01:22Z</time></trkpt>
      <trkpt lat="41.492248333333336" lon="-81.73701833333334"><ele>146</ele><time>2026-09-11T22:01:23Z</time></trkpt>
      <trkpt lat="41.492248333333336" lon="-81.73702333333334"><ele>146</ele><time>2026-09-11T22:01:24Z</time></trkpt>
      <trkpt lat="41.492243333333334" lon="-81.73703166666667"><ele>145.8</ele><time>2026-09-11T22:01:25Z</time></trkpt>
      <trkpt lat="41.49223833333333" lon="-81.73704833333333"><ele>145.7</ele><time>2026-09-11T22:01:26Z</time></trkpt>
      <trkpt lat="41.49223333333333" lon="-81.73705333333334"><ele>145.7</ele><time>2026-09-11T22:01:27Z</time></trkpt>
      <trkpt lat="41.49222666666667" lon="-81.73704666666667"><ele>145.8</ele><time>2026-09-11T22:01:28Z</time></trkpt>
      <trkpt lat="41.492225" lon="-81.73703833333333"><ele>145.6</ele><time>2026-09-11T22:01:29Z</time></trkpt>
      <trkpt lat="41.492221666666666" lon="-81.73703"><ele>145.6</ele><time>2026-09-11T22:01:30Z</time></trkpt>
      <trkpt lat="41.49222833333334" lon="-81.73700333333333"><ele>147.6</ele><time>2026-09-11T22:01:31Z</time></trkpt>
      <trkpt lat="41.49223" lon="-81.737"><ele>147.6</ele><time>2026-09-11T22:01:32Z</time></trkpt>
      <trkpt lat="41.492235" lon="-81.73699333333333"><ele>147.5</ele><time>2026-09-11T22:01:33Z</time></trkpt>
      <trkpt lat="41.49223833333333" lon="-81.73698833333333"><ele>147.5</ele><time>2026-09-11T22:01:34Z</time></trkpt>
      <trkpt lat="41.492245" lon="-81.73697666666666"><ele>145.6</ele><time>2026-09-11T22:01:35Z</time></trkpt>
      <trkpt lat="41.49225166666667" lon="-81.73697"><ele>145.299</ele><time>2026-09-11T22:01:36Z</time></trkpt>
      <trkpt lat="41.49225833333333" lon="-81.73696"><ele>145.399</ele><time>2026-09-11T22:01:37Z</time></trkpt>
      <trkpt lat="41.492263333333334" lon="-81.73695166666667"><ele>145.2</ele><time>2026-09-11T22:01:38Z</time></trkpt>
      <trkpt lat="41.49227166666667" lon="-81.73693666666667"><ele>145.1</ele><time>2026-09-11T22:01:39Z</time></trkpt>
      <trkpt lat="41.492275" lon="-81.73693"><ele>145.5</ele><time>2026-09-11T22:01:40Z</time></trkpt>
      <trkpt lat="41.49228" lon="-81.73691666666667"><ele>146.3</ele><time>2026-09-11T22:01:41Z</time></trkpt>
      <trkpt lat="41.492285" lon="-81.73690666666667"><ele>146.3</ele><time>2026-09-11T22:01:42Z</time></trkpt>
      <trkpt lat="41.492288333333335" lon="-81.73689833333333"><ele>146.3</ele><time>2026-09-11T22:01:43Z</time></trkpt>
      <trkpt lat="41.49229166666667" lon="-81.73688833333334"><ele>146.2</ele><time>2026-09-11T22:01:44Z</time></trkpt>
      <trkpt lat="41.492293333333336" lon="-81.73688"><ele>149</ele><time>2026-09-11T22:01:45Z</time></trkpt>
      <trkpt lat="41.49229833333333" lon="-81.73686666666667"><ele>149</ele><time>2026-09-11T22:01:46Z</time></trkpt>
      <trkpt lat="41.49229833333333" lon="-81.73686166666667"><ele>148.8</ele><time>2026-09-11T22:01:47Z</time></trkpt>
      <trkpt lat="41.49229666666667" lon="-81.73685"><ele>145.8</ele><time>2026-09-11T22:01:48Z</time></trkpt>
      <trkpt lat="41.49229166666667" lon="-81.73683666666666"><ele>145.8</ele><time>2026-09-11T22:01:49Z</time></trkpt>
      <trkpt lat="41.49228166666666" lon="-81.73682833333334"><ele>145.6</ele><time>2026-09-11T22:01:50Z</time></trkpt>
      <trkpt lat="41.492275" lon="-81.73682333333333"><ele>145.6</ele><time>2026-09-11T22:01:51Z</time></trkpt>
      <trkpt lat="41.492263333333334" lon="-81.73681333333333"><ele>145.5</ele><time>2026-09-11T22:01:52Z</time></trkpt>
      <trkpt lat="41.49225" lon="-81.73680666666667"><ele>145.3</ele><time>2026-09-11T22:01:53Z</time></trkpt>
      <trkpt lat="41.49224" lon="-81.73680166666666"><ele>145.2</ele><time>2026-09-11T22:01:54Z</time></trkpt>
      <trkpt lat="41.49222666666667" lon="-81.73679666666666"><ele>145.1</ele><time>2026-09-11T22:01:55Z</time></trkpt>
      <trkpt lat="41.492218333333334" lon="-81.73679166666666"><ele>145.3</ele><time>2026-09-11T22:01:56Z</time></trkpt>
      <trkpt lat="41.49221333333333" lon="-81.73678833333334"><ele>145.3</ele><time>2026-09-11T22:01:57Z</time></trkpt>
      <trkpt lat="41.492203333333336" lon="-81.73677833333333"><ele>145.3</ele><time>2026-09-11T22:01:58Z</time></trkpt>
      <trkpt lat="41.49219" lon="-81.73677"><ele>147.3</ele><time>2026-09-11T22:01:59Z</time></trkpt>
      <trkpt lat="41.492185" lon="-81.73676833333333"><ele>147.3</ele><time>2026-09-11T22:02:00Z</time></trkpt>
      <trkpt lat="41.492175" lon="-81.73676333333333"><ele>144.7</ele><time>2026-09-11T22:02:01Z</time></trkpt>
      <trkpt lat="41.49217" lon="-81.73675833333333"><ele>144.5</ele><time>2026-09-11T22:02:02Z</time></trkpt>
      <trkpt lat="41.49216166666667" lon="-81.73674666666666"><ele>144.7</ele><time>2026-09-11T22:02:03Z</time></trkpt>
      <trkpt lat="41.492158333333336" lon="-81.73674333333334"><ele>144.7</ele><time>2026-09-11T22:02:04Z</time></trkpt>
      <trkpt lat="41.492151666666665" lon="-81.736735"><ele>144.4</ele><time>2026-09-11T22:02:05Z</time></trkpt>
      <trkpt lat="41.49214666666666" lon="-81.73672333333333"><ele>144.3</ele><time>2026-09-11T22:02:06Z</time></trkpt>
      <trkpt lat="41.49214666666666" lon="-81.73671833333333"><ele>144</ele><time>2026-09-11T22:02:07Z</time></trkpt>
      <trkpt lat="41.49213833333334" lon="-81.73671166666666"><ele>144.3</ele><time>2026-09-11T22:02:08Z</time></trkpt>
      <trkpt lat="41.49213666666667" lon="-81.73671333333333"><ele>145.1</ele><time>2026-09-11T22:02:09Z</time></trkpt>
      <trkpt lat="41.492126666666664" lon="-81.73670833333334"><ele>145</ele><time>2026-09-11T22:02:10Z</time></trkpt>
      <trkpt lat="41.49212166666667" lon="-81.736705"><ele>144.9</ele><time>2026-09-11T22:02:11Z</time></trkpt>
      <trkpt lat="41.492115" lon="-81.73669833333334"><ele>147.1</ele><time>2026-09-11T22:02:12Z</time></trkpt>
      <trkpt lat="41.492111666666666" lon="-81.73669333333333"><ele>147.1</ele><time>2026-09-11T22:02:13Z</time></trkpt>
      <trkpt lat="41.492111666666666" lon="-81.736695"><ele>143.7</ele><time>2026-09-11T22:02:14Z</time></trkpt>
      <trkpt lat="41.492111666666666" lon="-81.736695"><ele>143.5</ele><time>2026-09-11T22:02:15Z</time></trkpt>
      <trkpt lat="41.492111666666666" lon="-81.736695"><ele>143.5</ele><time>2026-09-11T22:02:16Z</time></trkpt>
      <trkpt lat="41.492106666666665" lon="-81.73668166666667"><ele>143.2</ele><time>2026-09-11T22:02:17Z</time></trkpt>
      <trkpt lat="41.49210166666667" lon="-81.73667"><ele>143</ele><time>2026-09-11T22:02:18Z</time></trkpt>
      <trkpt lat="41.49210166666667" lon="-81.73665833333334"><ele>143</ele><time>2026-09-11T22:02:19Z</time></trkpt>
      <trkpt lat="41.49211" lon="-81.73664"><ele>142.8</ele><time>2026-09-11T22:02:20Z</time></trkpt>
      <trkpt lat="41.49211833333333" lon="-81.73663166666667"><ele>142.8</ele><time>2026-09-11T22:02:21Z</time></trkpt>
      <trkpt lat="41.492131666666666" lon="-81.73661666666666"><ele>142.5</ele><time>2026-09-11T22:02:22Z</time></trkpt>
      <trkpt lat="41.49213833333334" lon="-81.73660833333334"><ele>142.5</ele><time>2026-09-11T22:02:23Z</time></trkpt>
      <trkpt lat="41.49214333333333" lon="-81.73659666666667"><ele>142.6</ele><time>2026-09-11T22:02:24Z</time></trkpt>
      <trkpt lat="41.492151666666665" lon="-81.73658166666667"><ele>142.8</ele><time>2026-09-11T22:02:25Z</time></trkpt>
      <trkpt lat="41.492156666666666" lon="-81.736565"><ele>143.7</ele><time>2026-09-11T22:02:26Z</time></trkpt>
      <trkpt lat="41.49216166666667" lon="-81.73654833333333"><ele>146</ele><time>2026-09-11T22:02:27Z</time></trkpt>
      <trkpt lat="41.49216666666667" lon="-81.73653666666667"><ele>143.5</ele><time>2026-09-11T22:02:28Z</time></trkpt>
      <trkpt lat="41.49217" lon="-81.73653"><ele>143.5</ele><time>2026-09-11T22:02:29Z</time></trkpt>
      <trkpt lat="41.49218" lon="-81.736505"><ele>143.3</ele><time>2026-09-11T22:02:30Z</time></trkpt>
      <trkpt lat="41.49218333333334" lon="-81.73649666666667"><ele>143</ele><time>2026-09-11T22:02:31Z</time></trkpt>
      <trkpt lat="41.492185" lon="-81.73648833333333"><ele>143</ele><time>2026-09-11T22:02:32Z</time></trkpt>
      <trkpt lat="41.49218833333333" lon="-81.73647333333334"><ele>143.4</ele><time>2026-09-11T22:02:33Z</time></trkpt>
      <trkpt lat="41.49219166666666" lon="-81.73646"><ele>143.1</ele><time>2026-09-11T22:02:34Z</time></trkpt>
      <trkpt lat="41.49219333333333" lon="-81.73644833333333"><ele>143.299</ele><time>2026-09-11T22:02:35Z</time></trkpt>
      <trkpt lat="41.492198333333334" lon="-81.73643166666666"><ele>144.2</ele><time>2026-09-11T22:02:36Z</time></trkpt>
      <trkpt lat="41.492205" lon="-81.73641"><ele>144.6</ele><time>2026-09-11T22:02:37Z</time></trkpt>
      <trkpt lat="41.49220833333333" lon="-81.73640333333333"><ele>146.5</ele><time>2026-09-11T22:02:38Z</time></trkpt>
      <trkpt lat="41.49221166666667" lon="-81.736395"><ele>146.5</ele><time>2026-09-11T22:02:39Z</time></trkpt>
      <trkpt lat="41.492216666666664" lon="-81.73638"><ele>147.5</ele><time>2026-09-11T22:02:40Z</time></trkpt>
      <trkpt lat="41.492225" lon="-81.73636"><ele>144.5</ele><time>2026-09-11T22:02:41Z</time></trkpt>
      <trkpt lat="41.49222666666667" lon="-81.73635"><ele>144.5</ele><time>2026-09-11T22:02:42Z</time></trkpt>
      <trkpt lat="41.49223166666667" lon="-81.736335"><ele>144.4</ele><time>2026-09-11T22:02:43Z</time></trkpt>
      <trkpt lat="41.49223833333333" lon="-81.73631666666667"><ele>143.6</ele><time>2026-09-11T22:02:44Z</time></trkpt>
      <trkpt lat="41.492245" lon="-81.73630166666666"><ele>143.799</ele><time>2026-09-11T22:02:45Z</time></trkpt>
      <trkpt lat="41.49225" lon="-81.736285"><ele>143.499</ele><time>2026-09-11T22:02:46Z</time></trkpt>
      <trkpt lat="41.492255" lon="-81.73626833333333"><ele>142.799</ele><time>2026-09-11T22:02:47Z</time></trkpt>
      <trkpt lat="41.49225833333333" lon="-81.73626166666666"><ele>142.799</ele><time>2026-09-11T22:02:48Z</time></trkpt>
      <trkpt lat="41.492263333333334" lon="-81.73624833333334"><ele>142.3</ele><time>2026-09-11T22:02:49Z</time></trkpt>
      <trkpt lat="41.49227" lon="-81.73623333333333"><ele>143</ele><time>2026-09-11T22:02:50Z</time></trkpt>
      <trkpt lat="41.49227333333333" lon="-81.73622"><ele>143</ele><time>2026-09-11T22:02:51Z</time></trkpt>
      <trkpt lat="41.49227833333333" lon="-81.73621166666666"><ele>143.6</ele><time>2026-09-11T22:02:52Z</time></trkpt>
      <trkpt lat="41.492285" lon="-81.73619333333333"><ele>145.6</ele><time>2026-09-11T22:02:53Z</time></trkpt>
      <trkpt lat="41.492286666666665" lon="-81.73618"><ele>145.7</ele><time>2026-09-11T22:02:54Z</time></trkpt>
      <trkpt lat="41.492285" lon="-81.73616"><ele>143.1</ele><time>2026-09-11T22:02:55Z</time></trkpt>
      <trkpt lat="41.492286666666665" lon="-81.73615"><ele>143</ele><time>2026-09-11T22:02:56Z</time></trkpt>
      <trkpt lat="41.492286666666665" lon="-81.73614166666667"><ele>143</ele><time>2026-09-11T22:02:57Z</time></trkpt>
      <trkpt lat="41.49229" lon="-81.73612833333334"><ele>143.1</ele><time>2026-09-11T22:02:58Z</time></trkpt>
      <trkpt lat="41.492293333333336" lon="-81.73611833333334"><ele>143.1</ele><time>2026-09-11T22:02:59Z</time></trkpt>
      <trkpt lat="41.4923" lon="-81.73611"><ele>143.4</ele><time>2026-09-11T22:03:00Z</time></trkpt>
      <trkpt lat="41.49230166666667" lon="-81.736105"><ele>143.4</ele><time>2026-09-11T22:03:01Z</time></trkpt>
      <trkpt lat="41.492308333333334" lon="-81.736095"><ele>143.5</ele><time>2026-09-11T22:03:02Z</time></trkpt>
      <trkpt lat="41.492315" lon="-81.73608"><ele>143.5</ele><time>2026-09-11T22:03:03Z</time></trkpt>
      <trkpt lat="41.49232166666667" lon="-81.73606666666667"><ele>143.5</ele><time>2026-09-11T22:03:04Z</time></trkpt>
      <trkpt lat="41.49233" lon="-81.73605333333333"><ele>143.8</ele><time>2026-09-11T22:03:05Z</time></trkpt>
      <trkpt lat="41.492335" lon="-81.736045"><ele>143.8</ele><time>2026-09-11T22:03:06Z</time></trkpt>
      <trkpt lat="41.492345" lon="-81.73602666666666"><ele>143.8</ele><time>2026-09-11T22:03:07Z</time></trkpt>
      <trkpt lat="41.49234833333333" lon="-81.73602166666667"><ele>143.8</ele><time>2026-09-11T22:03:08Z</time></trkpt>
      <trkpt lat="41.492355" lon="-81.73601"><ele>143.8</ele><time>2026-09-11T22:03:09Z</time></trkpt>
      <trkpt lat="41.49236" lon="-81.73599333333334"><ele>146.6</ele><time>2026-09-11T22:03:10Z</time></trkpt>
      <trkpt lat="41.49236333333333" lon="-81.73598166666666"><ele>143.6</ele><time>2026-09-11T22:03:11Z</time></trkpt>
      <trkpt lat="41.49237" lon="-81.735965"><ele>143.6</ele><time>2026-09-11T22:03:12Z</time></trkpt>
      <trkpt lat="41.492376666666665" lon="-81.73595333333333"><ele>143.5</ele><time>2026-09-11T22:03:13Z</time></trkpt>
      <trkpt lat="41.49238166666667" lon="-81.73593"><ele>142.8</ele><time>2026-09-11T22:03:14Z</time></trkpt>
      <trkpt lat="41.492385" lon="-81.73592333333333"><ele>142.7</ele><time>2026-09-11T22:03:15Z</time></trkpt>
      <trkpt lat="41.492385" lon="-81.735915"><ele>142.7</ele><time>2026-09-11T22:03:16Z</time></trkpt>
      <trkpt lat="41.49238833333333" lon="-81.735895"><ele>143.1</ele><time>2026-09-11T22:03:17Z</time></trkpt>
      <trkpt lat="41.49239166666667" lon="-81.735885"><ele>143.1</ele><time>2026-09-11T22:03:18Z</time></trkpt>
      <trkpt lat="41.492396666666664" lon="-81.73587333333333"><ele>142.799</ele><time>2026-09-11T22:03:19Z</time></trkpt>
      <trkpt lat="41.4924" lon="-81.73585666666666"><ele>142.999</ele><time>2026-09-11T22:03:20Z</time></trkpt>
      <trkpt lat="41.492403333333336" lon="-81.73583666666667"><ele>143.3</ele><time>2026-09-11T22:03:21Z</time></trkpt>
      <trkpt lat="41.49240666666667" lon="-81.73581833333333"><ele>143.3</ele><time>2026-09-11T22:03:22Z</time></trkpt>
      <trkpt lat="41.49241" lon="-81.73580166666666"><ele>143.4</ele><time>2026-09-11T22:03:23Z</time></trkpt>
      <trkpt lat="41.492415" lon="-81.73578666666667"><ele>143.5</ele><time>2026-09-11T22:03:24Z</time></trkpt>
      <trkpt lat="41.49242" lon="-81.73577333333333"><ele>143.6</ele><time>2026-09-11T22:03:25Z</time></trkpt>
      <trkpt lat="41.492423333333335" lon="-81.73576333333334"><ele>143.6</ele><time>2026-09-11T22:03:26Z</time></trkpt>
      <trkpt lat="41.492428333333336" lon="-81.73574833333333"><ele>143.299</ele><time>2026-09-11T22:03:27Z</time></trkpt>
      <trkpt lat="41.49243166666667" lon="-81.735725"><ele>143.7</ele><time>2026-09-11T22:03:28Z</time></trkpt>
      <trkpt lat="41.49243166666667" lon="-81.73572"><ele>143.7</ele><time>2026-09-11T22:03:29Z</time></trkpt>
      <trkpt lat="41.49243666666667" lon="-81.73570666666667"><ele>144.299</ele><time>2026-09-11T22:03:30Z</time></trkpt>
      <trkpt lat="41.492441666666664" lon="-81.73569166666667"><ele>144.299</ele><time>2026-09-11T22:03:31Z</time></trkpt>
      <trkpt lat="41.492443333333334" lon="-81.73568"><ele>143.999</ele><time>2026-09-11T22:03:32Z</time></trkpt>
      <trkpt lat="41.492446666666666" lon="-81.73567666666666"><ele>144.099</ele><time>2026-09-11T22:03:33Z</time></trkpt>
      <trkpt lat="41.492448333333336" lon="-81.73567166666666"><ele>143.999</ele><time>2026-09-11T22:03:34Z</time></trkpt>
      <trkpt lat="41.49245166666667" lon="-81.73566666666666"><ele>143.999</ele><time>2026-09-11T22:03:35Z</time></trkpt>
      <trkpt lat="41.49246333333333" lon="-81.73564833333333"><ele>146.8</ele><time>2026-09-11T22:03:36Z</time></trkpt>
      <trkpt lat="41.492473333333336" lon="-81.73563"><ele>143.8</ele><time>2026-09-11T22:03:37Z</time></trkpt>
      <trkpt lat="41.492475" lon="-81.73562333333334"><ele>143.8</ele><time>2026-09-11T22:03:38Z</time></trkpt>
      <trkpt lat="41.49248333333333" lon="-81.73561333333333"><ele>143.2</ele><time>2026-09-11T22:03:39Z</time></trkpt>
      <trkpt lat="41.49249" lon="-81.735605"><ele>143.1</ele><time>2026-09-11T22:03:40Z</time></trkpt>
      <trkpt lat="41.49249833333333" lon="-81.73559333333333"><ele>143.3</ele><time>2026-09-11T22:03:41Z</time></trkpt>
      <trkpt lat="41.49250333333333" lon="-81.735585"><ele>142.8</ele><time>2026-09-11T22:03:42Z</time></trkpt>
      <trkpt lat="41.492511666666665" lon="-81.73556666666667"><ele>142.8</ele><time>2026-09-11T22:03:43Z</time></trkpt>
      <trkpt lat="41.492515" lon="-81.73556"><ele>143.3</ele><time>2026-09-11T22:03:44Z</time></trkpt>
      <trkpt lat="41.49251833333334" lon="-81.73555166666667"><ele>143.3</ele><time>2026-09-11T22:03:45Z</time></trkpt>
      <trkpt lat="41.49252333333333" lon="-81.73553"><ele>143.3</ele><time>2026-09-11T22:03:46Z</time></trkpt>
      <trkpt lat="41.49252666666667" lon="-81.73551166666667"><ele>146</ele><time>2026-09-11T22:03:47Z</time></trkpt>
      <trkpt lat="41.49253" lon="-81.73550333333333"><ele>146</ele><time>2026-09-11T22:03:48Z</time></trkpt>
      <trkpt lat="41.492535" lon="-81.73548666666667"><ele>143.3</ele><time>2026-09-11T22:03:49Z</time></trkpt>
      <trkpt lat="41.49254166666667" lon="-81.73547"><ele>143.5</ele><time>2026-09-11T22:03:50Z</time></trkpt>
      <trkpt lat="41.49254833333333" lon="-81.73545166666666"><ele>143.5</ele><time>2026-09-11T22:03:51Z</time></trkpt>
      <trkpt lat="41.49255333333333" lon="-81.73543333333333"><ele>143.6</ele><time>2026-09-11T22:03:52Z</time></trkpt>
      <trkpt lat="41.492555" lon="-81.73541666666667"><ele>143.1</ele><time>2026-09-11T22:03:53Z</time></trkpt>
      <trkpt lat="41.492558333333335" lon="-81.7354"><ele>143.1</ele><time>2026-09-11T22:03:54Z</time></trkpt>
      <trkpt lat="41.49256333333334" lon="-81.73538166666667"><ele>143</ele><time>2026-09-11T22:03:55Z</time></trkpt>
      <trkpt lat="41.49256833333333" lon="-81.73536166666666"><ele>143.1</ele><time>2026-09-11T22:03:56Z</time></trkpt>
      <trkpt lat="41.49257166666667" lon="-81.73535333333334"><ele>143.299</ele><time>2026-09-11T22:03:57Z</time></trkpt>
      <trkpt lat="41.492575" lon="-81.73534"><ele>143.299</ele><time>2026-09-11T22:03:58Z</time></trkpt>
      <trkpt lat="41.492576666666665" lon="-81.73533"><ele>142.7</ele><time>2026-09-11T22:03:59Z</time></trkpt>
      <trkpt lat="41.49258" lon="-81.73531333333334"><ele>143</ele><time>2026-09-11T22:04:00Z</time></trkpt>
      <trkpt lat="41.492581666666666" lon="-81.73530166666667"><ele>143</ele><time>2026-09-11T22:04:01Z</time></trkpt>
      <trkpt lat="41.492585" lon="-81.735285"><ele>143.3</ele><time>2026-09-11T22:04:02Z</time></trkpt>
      <trkpt lat="41.49258666666667" lon="-81.73527"><ele>145.6</ele><time>2026-09-11T22:04:03Z</time></trkpt>
      <trkpt lat="41.49259166666667" lon="-81.73525333333333"><ele>142.6</ele><time>2026-09-11T22:04:04Z</time></trkpt>
      <trkpt lat="41.49259333333333" lon="-81.73524333333333"><ele>142.6</ele><time>2026-09-11T22:04:05Z</time></trkpt>
      <trkpt lat="41.4926" lon="-81.73522166666666"><ele>142.299</ele><time>2026-09-11T22:04:06Z</time></trkpt>
      <trkpt lat="41.492605" lon="-81.73521166666667"><ele>145.999</ele><time>2026-09-11T22:04:07Z</time></trkpt>
      <trkpt lat="41.49260833333334" lon="-81.7352"><ele>145.299</ele><time>2026-09-11T22:04:08Z</time></trkpt>
      <trkpt lat="41.49261666666666" lon="-81.735185"><ele>142.6</ele><time>2026-09-11T22:04:09Z</time></trkpt>
      <trkpt lat="41.492621666666665" lon="-81.73517"><ele>142.1</ele><time>2026-09-11T22:04:10Z</time></trkpt>
      <trkpt lat="41.49263" lon="-81.73515166666667"><ele>142.1</ele><time>2026-09-11T22:04:11Z</time></trkpt>
      <trkpt lat="41.492635" lon="-81.73513666666666"><ele>142.7</ele><time>2026-09-11T22:04:12Z</time></trkpt>
      <trkpt lat="41.49264" lon="-81.73512"><ele>143</ele><time>2026-09-11T22:04:13Z</time></trkpt>
      <trkpt lat="41.49264333333333" lon="-81.73511"><ele>143</ele><time>2026-09-11T22:04:14Z</time></trkpt>
      <trkpt lat="41.49265" lon="-81.73509166666666"><ele>146.1</ele><time>2026-09-11T22:04:15Z</time></trkpt>
      <trkpt lat="41.492655" lon="-81.73508166666667"><ele>146.1</ele><time>2026-09-11T22:04:16Z</time></trkpt>
      <trkpt lat="41.49266333333333" lon="-81.73506333333333"><ele>143.6</ele><time>2026-09-11T22:04:17Z</time></trkpt>
      <trkpt lat="41.492668333333334" lon="-81.735055"><ele>143.6</ele><time>2026-09-11T22:04:18Z</time></trkpt>
      <trkpt lat="41.492675" lon="-81.73504"><ele>143.299</ele><time>2026-09-11T22:04:19Z</time></trkpt>
      <trkpt lat="41.49268166666667" lon="-81.73502666666667"><ele>143.499</ele><time>2026-09-11T22:04:20Z</time></trkpt>
      <trkpt lat="41.492685" lon="-81.73501166666667"><ele>143.299</ele><time>2026-09-11T22:04:21Z</time></trkpt>
      <trkpt lat="41.49269" lon="-81.734995"><ele>143.499</ele><time>2026-09-11T22:04:22Z</time></trkpt>
      <trkpt lat="41.492693333333335" lon="-81.734975"><ele>143.7</ele><time>2026-09-11T22:04:23Z</time></trkpt>
      <trkpt lat="41.492695" lon="-81.73495666666666"><ele>143.5</ele><time>2026-09-11T22:04:24Z</time></trkpt>
      <trkpt lat="41.49269666666667" lon="-81.73494"><ele>142.9</ele><time>2026-09-11T22:04:25Z</time></trkpt>
      <trkpt lat="41.4927" lon="-81.73493166666667"><ele>142.9</ele><time>2026-09-11T22:04:26Z</time></trkpt>
      <trkpt lat="41.49270333333333" lon="-81.73491333333334"><ele>143.8</ele><time>2026-09-11T22:04:27Z</time></trkpt>
      <trkpt lat="41.49270833333333" lon="-81.73489833333333"><ele>146.5</ele><time>2026-09-11T22:04:28Z</time></trkpt>
      <trkpt lat="41.492713333333334" lon="-81.73488666666667"><ele>143.8</ele><time>2026-09-11T22:04:29Z</time></trkpt>
      <trkpt lat="41.492715" lon="-81.73488"><ele>143.8</ele><time>2026-09-11T22:04:30Z</time></trkpt>
      <trkpt lat="41.49272333333333" lon="-81.73486833333334"><ele>146.7</ele><time>2026-09-11T22:04:31Z</time></trkpt>
      <trkpt lat="41.49273" lon="-81.734855"><ele>143.3</ele><time>2026-09-11T22:04:32Z</time></trkpt>
      <trkpt lat="41.492733333333334" lon="-81.73484166666667"><ele>142.7</ele><time>2026-09-11T22:04:33Z</time></trkpt>
      <trkpt lat="41.492738333333335" lon="-81.734825"><ele>142.8</ele><time>2026-09-11T22:04:34Z</time></trkpt>
      <trkpt lat="41.49274333333334" lon="-81.734815"><ele>143.1</ele><time>2026-09-11T22:04:35Z</time></trkpt>
      <trkpt lat="41.49275" lon="-81.73480166666667"><ele>142.799</ele><time>2026-09-11T22:04:36Z</time></trkpt>
      <trkpt lat="41.49275166666666" lon="-81.734795"><ele>142.799</ele><time>2026-09-11T22:04:37Z</time></trkpt>
      <trkpt lat="41.492756666666665" lon="-81.73477833333334"><ele>142.7</ele><time>2026-09-11T22:04:38Z</time></trkpt>
      <trkpt lat="41.492763333333336" lon="-81.73476666666667"><ele>142.7</ele><time>2026-09-11T22:04:39Z</time></trkpt>
      <trkpt lat="41.49277166666667" lon="-81.73475833333333"><ele>142.7</ele><time>2026-09-11T22:04:40Z</time></trkpt>
      <trkpt lat="41.492785" lon="-81.734755"><ele>145.5</ele><time>2026-09-11T22:04:41Z</time></trkpt>
      <trkpt lat="41.49279333333333" lon="-81.73475333333333"><ele>145.5</ele><time>2026-09-11T22:04:42Z</time></trkpt>
      <trkpt lat="41.49280666666667" lon="-81.73474833333333"><ele>142.9</ele><time>2026-09-11T22:04:43Z</time></trkpt>
      <trkpt lat="41.49281666666667" lon="-81.73474666666667"><ele>143.1</ele><time>2026-09-11T22:04:44Z</time></trkpt>
      <trkpt lat="41.492823333333334" lon="-81.73474166666666"><ele>143.2</ele><time>2026-09-11T22:04:45Z</time></trkpt>
      <trkpt lat="41.492828333333335" lon="-81.73473666666666"><ele>143.2</ele><time>2026-09-11T22:04:46Z</time></trkpt>
      <trkpt lat="41.49283333333333" lon="-81.73472333333333"><ele>143.2</ele><time>2026-09-11T22:04:47Z</time></trkpt>
      <trkpt lat="41.49283833333333" lon="-81.734715"><ele>143.2</ele><time>2026-09-11T22:04:48Z</time></trkpt>
      <trkpt lat="41.49284333333333" lon="-81.73471333333333"><ele>143.3</ele><time>2026-09-11T22:04:49Z</time></trkpt>
      <trkpt lat="41.49285833333333" lon="-81.73472166666667"><ele>143.4</ele><time>2026-09-11T22:04:50Z</time></trkpt>
      <trkpt lat="41.492866666666664" lon="-81.73472166666667"><ele>143.7</ele><time>2026-09-11T22:04:51Z</time></trkpt>
      <trkpt lat="41.492871666666666" lon="-81.73471333333333"><ele>143.8</ele><time>2026-09-11T22:04:52Z</time></trkpt>
      <trkpt lat="41.49287" lon="-81.73470833333333"><ele>143</ele><time>2026-09-11T22:04:53Z</time></trkpt>
      <trkpt lat="41.492866666666664" lon="-81.73471166666667"><ele>143.2</ele><time>2026-09-11T22:04:54Z</time></trkpt>
      <trkpt lat="41.492865" lon="-81.73471666666667"><ele>142.6</ele><time>2026-09-11T22:04:55Z</time></trkpt>
      <trkpt lat="41.49286333333333" lon="-81.73471666666667"><ele>141.5</ele><time>2026-09-11T22:04:56Z</time></trkpt>
      <trkpt lat="41.49286333333333" lon="-81.73471666666667"><ele>141.5</ele><time>2026-09-11T22:04:57Z</time></trkpt>
      <trkpt lat="41.492868333333334" lon="-81.73471166666667"><ele>144.8</ele><time>2026-09-11T22:04:58Z</time></trkpt>
      <trkpt lat="41.492871666666666" lon="-81.73471"><ele>144.8</ele><time>2026-09-11T22:04:59Z</time></trkpt>
      <trkpt lat="41.492885" lon="-81.73469333333334"><ele>141.1</ele><time>2026-09-11T22:05:00Z</time></trkpt>
      <trkpt lat="41.49290666666667" lon="-81.734675"><ele>141.4</ele><time>2026-09-11T22:05:01Z</time></trkpt>
      <trkpt lat="41.492911666666664" lon="-81.73467166666667"><ele>144.4</ele><time>2026-09-11T22:05:02Z</time></trkpt>
      <trkpt lat="41.492918333333336" lon="-81.73466666666667"><ele>144.4</ele><time>2026-09-11T22:05:03Z</time></trkpt>
      <trkpt lat="41.49293" lon="-81.73466166666667"><ele>141.3</ele><time>2026-09-11T22:05:04Z</time></trkpt>
      <trkpt lat="41.49294" lon="-81.734655"><ele>144.9</ele><time>2026-09-11T22:05:05Z</time></trkpt>
      <trkpt lat="41.49294666666667" lon="-81.73464833333334"><ele>144.9</ele><time>2026-09-11T22:05:06Z</time></trkpt>
      <trkpt lat="41.492958333333334" lon="-81.73464"><ele>145.4</ele><time>2026-09-11T22:05:07Z</time></trkpt>
      <trkpt lat="41.49296833333333" lon="-81.73463"><ele>142.6</ele><time>2026-09-11T22:05:08Z</time></trkpt>
      <trkpt lat="41.49297833333333" lon="-81.73461833333333"><ele>142.8</ele><time>2026-09-11T22:05:09Z</time></trkpt>
      <trkpt lat="41.49299" lon="-81.73461"><ele>145.9</ele><time>2026-09-11T22:05:10Z</time></trkpt>
      <trkpt lat="41.493" lon="-81.73460166666666"><ele>145.9</ele><time>2026-09-11T22:05:11Z</time></trkpt>
      <trkpt lat="41.493008333333336" lon="-81.73459166666666"><ele>143.1</ele><time>2026-09-11T22:05:12Z</time></trkpt>
      <trkpt lat="41.49301333333333" lon="-81.73458833333333"><ele>143.1</ele><time>2026-09-11T22:05:13Z</time></trkpt>
      <trkpt lat="41.493025" lon="-81.73457833333333"><ele>142.6</ele><time>2026-09-11T22:05:14Z</time></trkpt>
      <trkpt lat="41.49304" lon="-81.73456166666666"><ele>142.7</ele><time>2026-09-11T22:05:15Z</time></trkpt>
      <trkpt lat="41.493046666666665" lon="-81.73455333333334"><ele>142.7</ele><time>2026-09-11T22:05:16Z</time></trkpt>
      <trkpt lat="41.49305833333333" lon="-81.73454"><ele>142.899</ele><time>2026-09-11T22:05:17Z</time></trkpt>
      <trkpt lat="41.49306333333333" lon="-81.73453333333333"><ele>143.299</ele><time>2026-09-11T22:05:18Z</time></trkpt>
      <trkpt lat="41.493073333333335" lon="-81.73452166666667"><ele>143.2</ele><time>2026-09-11T22:05:19Z</time></trkpt>
      <trkpt lat="41.49308333333333" lon="-81.73451166666666"><ele>143</ele><time>2026-09-11T22:05:20Z</time></trkpt>
      <trkpt lat="41.493091666666665" lon="-81.734505"><ele>143</ele><time>2026-09-11T22:05:21Z</time></trkpt>
      <trkpt lat="41.493098333333336" lon="-81.7345"><ele>142.8</ele><time>2026-09-11T22:05:22Z</time></trkpt>
      <trkpt lat="41.493111666666664" lon="-81.73449166666667"><ele>143</ele><time>2026-09-11T22:05:23Z</time></trkpt>
      <trkpt lat="41.49312166666667" lon="-81.734485"><ele>145.6</ele><time>2026-09-11T22:05:24Z</time></trkpt>
      <trkpt lat="41.49313333333333" lon="-81.73447666666667"><ele>145.7</ele><time>2026-09-11T22:05:25Z</time></trkpt>
      <trkpt lat="41.493138333333334" lon="-81.73447333333333"><ele>145.7</ele><time>2026-09-11T22:05:26Z</time></trkpt>
      <trkpt lat="41.49314833333333" lon="-81.73445833333334"><ele>145.6</ele><time>2026-09-11T22:05:27Z</time></trkpt>
      <trkpt lat="41.493155" lon="-81.73443333333333"><ele>141.299</ele><time>2026-09-11T22:05:28Z</time></trkpt>
      <trkpt lat="41.493161666666666" lon="-81.73441"><ele>141.3</ele><time>2026-09-11T22:05:29Z</time></trkpt>
      <trkpt lat="41.493165" lon="-81.73439833333333"><ele>141.5</ele><time>2026-09-11T22:05:30Z</time></trkpt>
      <trkpt lat="41.493165" lon="-81.73439166666667"><ele>141.5</ele><time>2026-09-11T22:05:31Z</time></trkpt>
      <trkpt lat="41.49317166666667" lon="-81.73438"><ele>141.4</ele><time>2026-09-11T22:05:32Z</time></trkpt>
      <trkpt lat="41.49317666666666" lon="-81.734365"><ele>141.1</ele><time>2026-09-11T22:05:33Z</time></trkpt>
      <trkpt lat="41.49318" lon="-81.734345"><ele>140.6</ele><time>2026-09-11T22:05:34Z</time></trkpt>
      <trkpt lat="41.49318" lon="-81.734335"><ele>140.1</ele><time>2026-09-11T22:05:35Z</time></trkpt>
      <trkpt lat="41.493183333333334" lon="-81.73432166666667"><ele>142.799</ele><time>2026-09-11T22:05:36Z</time></trkpt>
      <trkpt lat="41.493185" lon="-81.73431166666667"><ele>142.799</ele><time>2026-09-11T22:05:37Z</time></trkpt>
      <trkpt lat="41.49319" lon="-81.73428833333334"><ele>143.099</ele><time>2026-09-11T22:05:38Z</time></trkpt>
      <trkpt lat="41.49319166666667" lon="-81.734275"><ele>143.099</ele><time>2026-09-11T22:05:39Z</time></trkpt>
      <trkpt lat="41.49319333333333" lon="-81.73426666666667"><ele>140.699</ele><time>2026-09-11T22:05:40Z</time></trkpt>
      <trkpt lat="41.49319833333333" lon="-81.73425166666667"><ele>140.5</ele><time>2026-09-11T22:05:41Z</time></trkpt>
      <trkpt lat="41.493201666666664" lon="-81.734235"><ele>140.1</ele><time>2026-09-11T22:05:42Z</time></trkpt>
      <trkpt lat="41.493206666666666" lon="-81.73421833333333"><ele>140.1</ele><time>2026-09-11T22:05:43Z</time></trkpt>
      <trkpt lat="41.493208333333335" lon="-81.734205"><ele>140.299</ele><time>2026-09-11T22:05:44Z</time></trkpt>
      <trkpt lat="41.49321" lon="-81.734195"><ele>140.299</ele><time>2026-09-11T22:05:45Z</time></trkpt>
      <trkpt lat="41.49321333333334" lon="-81.73418166666667"><ele>140.299</ele><time>2026-09-11T22:05:46Z</time></trkpt>
      <trkpt lat="41.493215" lon="-81.73417"><ele>141.9</ele><time>2026-09-11T22:05:47Z</time></trkpt>
      <trkpt lat="41.49322" lon="-81.734155"><ele>142.7</ele><time>2026-09-11T22:05:48Z</time></trkpt>
      <trkpt lat="41.49322166666666" lon="-81.73414666666666"><ele>143.6</ele><time>2026-09-11T22:05:49Z</time></trkpt>
      <trkpt lat="41.493226666666665" lon="-81.73413666666667"><ele>143.7</ele><time>2026-09-11T22:05:50Z</time></trkpt>
      <trkpt lat="41.493235" lon="-81.73412166666667"><ele>140.3</ele><time>2026-09-11T22:05:51Z</time></trkpt>
      <trkpt lat="41.49324333333333" lon="-81.73410166666666"><ele>140.6</ele><time>2026-09-11T22:05:52Z</time></trkpt>
      <trkpt lat="41.493245" lon="-81.734095"><ele>139.7</ele><time>2026-09-11T22:05:53Z</time></trkpt>
      <trkpt lat="41.49325" lon="-81.734085"><ele>139.6</ele><time>2026-09-11T22:05:54Z</time></trkpt>
      <trkpt lat="41.493255" lon="-81.73407166666667"><ele>139.4</ele><time>2026-09-11T22:05:55Z</time></trkpt>
      <trkpt lat="41.49326" lon="-81.73405666666666"><ele>139.6</ele><time>2026-09-11T22:05:56Z</time></trkpt>
      <trkpt lat="41.49326333333333" lon="-81.73405"><ele>139.6</ele><time>2026-09-11T22:05:57Z</time></trkpt>
      <trkpt lat="41.49327" lon="-81.734035"><ele>140.1</ele><time>2026-09-11T22:05:58Z</time></trkpt>
      <trkpt lat="41.493275" lon="-81.73402166666666"><ele>140.5</ele><time>2026-09-11T22:05:59Z</time></trkpt>
      <trkpt lat="41.49328" lon="-81.73400833333334"><ele>140.299</ele><time>2026-09-11T22:06:00Z</time></trkpt>
      <trkpt lat="41.49328166666667" lon="-81.73400166666667"><ele>140.299</ele><time>2026-09-11T22:06:01Z</time></trkpt>
      <trkpt lat="41.493285" lon="-81.73398833333333"><ele>139.399</ele><time>2026-09-11T22:06:02Z</time></trkpt>
      <trkpt lat="41.49329" lon="-81.73398"><ele>140.6</ele><time>2026-09-11T22:06:03Z</time></trkpt>
      <trkpt lat="41.49329" lon="-81.73397666666666"><ele>140.4</ele><time>2026-09-11T22:06:04Z</time></trkpt>
      <trkpt lat="41.493291666666664" lon="-81.73397166666666"><ele>140.4</ele><time>2026-09-11T22:06:05Z</time></trkpt>
      <trkpt lat="41.493298333333335" lon="-81.733965"><ele>140.5</ele><time>2026-09-11T22:06:06Z</time></trkpt>
      <trkpt lat="41.49330333333333" lon="-81.73395333333333"><ele>139.6</ele><time>2026-09-11T22:06:07Z</time></trkpt>
      <trkpt lat="41.49331" lon="-81.73393833333333"><ele>139.7</ele><time>2026-09-11T22:06:08Z</time></trkpt>
      <trkpt lat="41.49331333333333" lon="-81.73393333333334"><ele>139.5</ele><time>2026-09-11T22:06:09Z</time></trkpt>
      <trkpt lat="41.493315" lon="-81.73392666666666"><ele>139.3</ele><time>2026-09-11T22:06:10Z</time></trkpt>
      <trkpt lat="41.493318333333335" lon="-81.73392333333334"><ele>139.5</ele><time>2026-09-11T22:06:11Z</time></trkpt>
      <trkpt lat="41.493318333333335" lon="-81.733925"><ele>139.6</ele><time>2026-09-11T22:06:12Z</time></trkpt>
      <trkpt lat="41.493323333333336" lon="-81.73392833333334"><ele>139.6</ele><time>2026-09-11T22:06:13Z</time></trkpt>
      <trkpt lat="41.49333" lon="-81.73393666666666"><ele>139.9</ele><time>2026-09-11T22:06:14Z</time></trkpt>
      <trkpt lat="41.493336666666664" lon="-81.73394"><ele>139.9</ele><time>2026-09-11T22:06:15Z</time></trkpt>
      <trkpt lat="41.493345" lon="-81.73394666666667"><ele>139.7</ele><time>2026-09-11T22:06:16Z</time></trkpt>
      <trkpt lat="41.49334833333333" lon="-81.733945"><ele>139.7</ele><time>2026-09-11T22:06:17Z</time></trkpt>
      <trkpt lat="41.49334666666667" lon="-81.73394666666667"><ele>140.399</ele><time>2026-09-11T22:06:18Z</time></trkpt>
      <trkpt lat="41.49334666666667" lon="-81.73394666666667"><ele>139.299</ele><time>2026-09-11T22:06:19Z</time></trkpt>
      <trkpt lat="41.49334666666667" lon="-81.733945"><ele>139.6</ele><time>2026-09-11T22:06:20Z</time></trkpt>
      <trkpt lat="41.49334833333333" lon="-81.73394333333333"><ele>139</ele><time>2026-09-11T22:06:21Z</time></trkpt>
      <trkpt lat="41.49335" lon="-81.73394166666667"><ele>139.1</ele><time>2026-09-11T22:06:22Z</time></trkpt>
      <trkpt lat="41.49335166666667" lon="-81.73394"><ele>139.5</ele><time>2026-09-11T22:06:23Z</time></trkpt>
      <trkpt lat="41.49335166666667" lon="-81.73394"><ele>139.3</ele><time>2026-09-11T22:06:24Z</time></trkpt>
      <trkpt lat="41.49335333333333" lon="-81.73394"><ele>140</ele><time>2026-09-11T22:06:25Z</time></trkpt>
      <trkpt lat="41.49335333333333" lon="-81.73393833333333"><ele>140</ele><time>2026-09-11T22:06:26Z</time></trkpt>
      <trkpt lat="41.493355" lon="-81.733935"><ele>139.9</ele><time>2026-09-11T22:06:27Z</time></trkpt>
      <trkpt lat="41.493355" lon="-81.733935"><ele>139.8</ele><time>2026-09-11T22:06:28Z</time></trkpt>
      <trkpt lat="41.493355" lon="-81.73393333333334"><ele>140</ele><time>2026-09-11T22:06:29Z</time></trkpt>
      <trkpt lat="41.493355" lon="-81.73393"><ele>140.1</ele><time>2026-09-11T22:06:30Z</time></trkpt>
      <trkpt lat="41.493355" lon="-81.73392666666666"><ele>139.9</ele><time>2026-09-11T22:06:31Z</time></trkpt>
      <trkpt lat="41.493356666666664" lon="-81.73392666666666"><ele>139.9</ele><time>2026-09-11T22:06:32Z</time></trkpt>
      <trkpt lat="41.49335833333333" lon="-81.73392333333334"><ele>139.8</ele><time>2026-09-11T22:06:33Z</time></trkpt>
      <trkpt lat="41.49335833333333" lon="-81.73392333333334"><ele>139.6</ele><time>2026-09-11T22:06:34Z</time></trkpt>
      <trkpt lat="41.49336" lon="-81.73392166666666"><ele>139.6</ele><time>2026-09-11T22:06:35Z</time></trkpt>
      <trkpt lat="41.49336" lon="-81.73392"><ele>139.6</ele><time>2026-09-11T22:06:36Z</time></trkpt>
      <trkpt lat="41.49335833333333" lon="-81.73392166666666"><ele>139.4</ele><time>2026-09-11T22:06:37Z</time></trkpt>
      <trkpt lat="41.49335833333333" lon="-81.73392166666666"><ele>139.3</ele><time>2026-09-11T22:06:38Z</time></trkpt>
      <trkpt lat="41.49335833333333" lon="-81.73392"><ele>139.6</ele><time>2026-09-11T22:06:39Z</time></trkpt>
      <trkpt lat="41.49335833333333" lon="-81.73392166666666"><ele>139.8</ele><time>2026-09-11T22:06:40Z</time></trkpt>
      <trkpt lat="41.49335833333333" lon="-81.73392166666666"><ele>139.6</ele><time>2026-09-11T22:06:41Z</time></trkpt>
      <trkpt lat="41.49335833333333" lon="-81.73392166666666"><ele>140</ele><time>2026-09-11T22:06:42Z</time></trkpt>
      <trkpt lat="41.493356666666664" lon="-81.733925"><ele>139.6</ele><time>2026-09-11T22:06:43Z</time></trkpt>
      <trkpt lat="41.493356666666664" lon="-81.733925"><ele>139.6</ele><time>2026-09-11T22:06:44Z</time></trkpt>
      <trkpt lat="41.49335166666667" lon="-81.73393"><ele>142.2</ele><time>2026-09-11T22:06:45Z</time></trkpt>
      <trkpt lat="41.493345" lon="-81.73393"><ele>142.2</ele><time>2026-09-11T22:06:46Z</time></trkpt>
      <trkpt lat="41.493336666666664" lon="-81.73392333333334"><ele>138.2</ele><time>2026-09-11T22:06:47Z</time></trkpt>
      <trkpt lat="41.493336666666664" lon="-81.73391833333334"><ele>138.6</ele><time>2026-09-11T22:06:48Z</time></trkpt>
      <trkpt lat="41.493335" lon="-81.73391666666667"><ele>138.6</ele><time>2026-09-11T22:06:49Z</time></trkpt>
      <trkpt lat="41.493336666666664" lon="-81.73391166666667"><ele>139.299</ele><time>2026-09-11T22:06:50Z</time></trkpt>
      <trkpt lat="41.493336666666664" lon="-81.73391"><ele>139.299</ele><time>2026-09-11T22:06:51Z</time></trkpt>
      <trkpt lat="41.49334" lon="-81.73391"><ele>139.2</ele><time>2026-09-11T22:06:52Z</time></trkpt>
      <trkpt lat="41.493341666666666" lon="-81.73391166666667"><ele>139</ele><time>2026-09-11T22:06:53Z</time></trkpt>
      <trkpt lat="41.49334666666667" lon="-81.73392333333334"><ele>139.3</ele><time>2026-09-11T22:06:54Z</time></trkpt>
      <trkpt lat="41.49334833333333" lon="-81.73392833333334"><ele>139.4</ele><time>2026-09-11T22:06:55Z</time></trkpt>
      <trkpt lat="41.49335166666667" lon="-81.73393333333334"><ele>140</ele><time>2026-09-11T22:06:56Z</time></trkpt>
      <trkpt lat="41.49335833333333" lon="-81.73393666666666"><ele>139.8</ele><time>2026-09-11T22:06:57Z</time></trkpt>
      <trkpt lat="41.493363333333335" lon="-81.73393833333333"><ele>139.4</ele><time>2026-09-11T22:06:58Z</time></trkpt>
      <trkpt lat="41.493363333333335" lon="-81.73393666666666"><ele>139.1</ele><time>2026-09-11T22:06:59Z</time></trkpt>
      <trkpt lat="41.493363333333335" lon="-81.73393666666666"><ele>138.4</ele><time>2026-09-11T22:07:00Z</time></trkpt>
      <trkpt lat="41.493363333333335" lon="-81.73393666666666"><ele>138.4</ele><time>2026-09-11T22:07:01Z</time></trkpt>
      <trkpt lat="41.493363333333335" lon="-81.73393333333334"><ele>138.3</ele><time>2026-09-11T22:07:02Z</time></trkpt>
      <trkpt lat="41.493363333333335" lon="-81.73393"><ele>138.3</ele><time>2026-09-11T22:07:03Z</time></trkpt>
      <trkpt lat="41.493365" lon="-81.73392666666666"><ele>138.3</ele><time>2026-09-11T22:07:04Z</time></trkpt>
      <trkpt lat="41.493365" lon="-81.733925"><ele>138.2</ele><time>2026-09-11T22:07:05Z</time></trkpt>
      <trkpt lat="41.49336666666667" lon="-81.73392333333334"><ele>138.2</ele><time>2026-09-11T22:07:06Z</time></trkpt>
      <trkpt lat="41.493368333333336" lon="-81.73392333333334"><ele>138.299</ele><time>2026-09-11T22:07:07Z</time></trkpt>
      <trkpt lat="41.493368333333336" lon="-81.73392"><ele>138.2</ele><time>2026-09-11T22:07:08Z</time></trkpt>
      <trkpt lat="41.493368333333336" lon="-81.73392"><ele>138.5</ele><time>2026-09-11T22:07:09Z</time></trkpt>
      <trkpt lat="41.493368333333336" lon="-81.73392"><ele>138.1</ele><time>2026-09-11T22:07:10Z</time></trkpt>
      <trkpt lat="41.49336666666667" lon="-81.73392"><ele>138.1</ele><time>2026-09-11T22:07:11Z</time></trkpt>
      <trkpt lat="41.493365" lon="-81.73392"><ele>138.299</ele><time>2026-09-11T22:07:12Z</time></trkpt>
      <trkpt lat="41.493365" lon="-81.73392"><ele>137.999</ele><time>2026-09-11T22:07:13Z</time></trkpt>
      <trkpt lat="41.493363333333335" lon="-81.73392"><ele>137.799</ele><time>2026-09-11T22:07:14Z</time></trkpt>
      <trkpt lat="41.493363333333335" lon="-81.73392166666666"><ele>137.6</ele><time>2026-09-11T22:07:15Z</time></trkpt>
      <trkpt lat="41.493363333333335" lon="-81.73392333333334"><ele>137.7</ele><time>2026-09-11T22:07:16Z</time></trkpt>
      <trkpt lat="41.493363333333335" lon="-81.73392333333334"><ele>137.7</ele><time>2026-09-11T22:07:17Z</time></trkpt>
      <trkpt lat="41.49336" lon="-81.73392333333334"><ele>137.6</ele><time>2026-09-11T22:07:18Z</time></trkpt>
      <trkpt lat="41.49336" lon="-81.73392333333334"><ele>137.6</ele><time>2026-09-11T22:07:19Z</time></trkpt>
      <trkpt lat="41.49336" lon="-81.73392333333334"><ele>137.7</ele><time>2026-09-11T22:07:20Z</time></trkpt>
      <trkpt lat="41.49336" lon="-81.73392166666666"><ele>137.799</ele><time>2026-09-11T22:07:21Z</time></trkpt>
      <trkpt lat="41.49336" lon="-81.73392"><ele>137.999</ele><time>2026-09-11T22:07:22Z</time></trkpt>
      <trkpt lat="41.49336" lon="-81.73392"><ele>138.599</ele><time>2026-09-11T22:07:23Z</time></trkpt>
      <trkpt lat="41.49336" lon="-81.73391833333334"><ele>138.9</ele><time>2026-09-11T22:07:24Z</time></trkpt>
      <trkpt lat="41.493361666666665" lon="-81.73391833333334"><ele>138.9</ele><time>2026-09-11T22:07:25Z</time></trkpt>
      <trkpt lat="41.493361666666665" lon="-81.733915"><ele>139.3</ele><time>2026-09-11T22:07:26Z</time></trkpt>
      <trkpt lat="41.493361666666665" lon="-81.733915"><ele>139.3</ele><time>2026-09-11T22:07:27Z</time></trkpt>
      <trkpt lat="41.49336" lon="-81.733915"><ele>139.5</ele><time>2026-09-11T22:07:28Z</time></trkpt>
      <trkpt lat="41.49336" lon="-81.73391333333333"><ele>139.6</ele><time>2026-09-11T22:07:29Z</time></trkpt>
      <trkpt lat="41.493363333333335" lon="-81.73391166666667"><ele>139.299</ele><time>2026-09-11T22:07:30Z</time></trkpt>
      <trkpt lat="41.493363333333335" lon="-81.73391333333333"><ele>139.399</ele><time>2026-09-11T22:07:31Z</time></trkpt>
      <trkpt lat="41.493368333333336" lon="-81.73391"><ele>139.6</ele><time>2026-09-11T22:07:32Z</time></trkpt>
      <trkpt lat="41.49337333333333" lon="-81.73390833333333"><ele>139.5</ele><time>2026-09-11T22:07:33Z</time></trkpt>
      <trkpt lat="41.493375" lon="-81.73391"><ele>139.2</ele><time>2026-09-11T22:07:34Z</time></trkpt>
      <trkpt lat="41.49337166666667" lon="-81.73391"><ele>139.1</ele><time>2026-09-11T22:07:35Z</time></trkpt>
      <trkpt lat="41.49337166666667" lon="-81.73391"><ele>139.1</ele><time>2026-09-11T22:07:36Z</time></trkpt>
      <trkpt lat="41.49337166666667" lon="-81.73390666666667"><ele>139.299</ele><time>2026-09-11T22:07:37Z</time></trkpt>
      <trkpt lat="41.49337" lon="-81.733905"><ele>139.299</ele><time>2026-09-11T22:07:38Z</time></trkpt>
      <trkpt lat="41.49337" lon="-81.73390166666667"><ele>139.499</ele><time>2026-09-11T22:07:39Z</time></trkpt>
      <trkpt lat="41.49337" lon="-81.73390166666667"><ele>138.999</ele><time>2026-09-11T22:07:40Z</time></trkpt>
      <trkpt lat="41.493368333333336" lon="-81.73390166666667"><ele>139</ele><time>2026-09-11T22:07:41Z</time></trkpt>
      <trkpt lat="41.49336666666667" lon="-81.733905"><ele>139.3</ele><time>2026-09-11T22:07:42Z</time></trkpt>
      <trkpt lat="41.493365" lon="-81.73390666666667"><ele>139.1</ele><time>2026-09-11T22:07:43Z</time></trkpt>
      <trkpt lat="41.493363333333335" lon="-81.73390666666667"><ele>139.3</ele><time>2026-09-11T22:07:44Z</time></trkpt>
      <trkpt lat="41.493361666666665" lon="-81.73390666666667"><ele>139</ele><time>2026-09-11T22:07:45Z</time></trkpt>
      <trkpt lat="41.49335833333333" lon="-81.733905"><ele>138.5</ele><time>2026-09-11T22:07:46Z</time></trkpt>
      <trkpt lat="41.49335833333333" lon="-81.733905"><ele>138.8</ele><time>2026-09-11T22:07:47Z</time></trkpt>
      <trkpt lat="41.493356666666664" lon="-81.73390166666667"><ele>139</ele><time>2026-09-11T22:07:48Z</time></trkpt>
      <trkpt lat="41.493356666666664" lon="-81.73390166666667"><ele>139</ele><time>2026-09-11T22:07:49Z</time></trkpt>
      <trkpt lat="41.49335833333333" lon="-81.73389666666667"><ele>138.3</ele><time>2026-09-11T22:07:50Z</time></trkpt>
      <trkpt lat="41.49335833333333" lon="-81.73389333333333"><ele>137.6</ele><time>2026-09-11T22:07:51Z</time></trkpt>
      <trkpt lat="41.49336" lon="-81.73389166666666"><ele>137.5</ele><time>2026-09-11T22:07:52Z</time></trkpt>
      <trkpt lat="41.49336" lon="-81.73388666666666"><ele>137.2</ele><time>2026-09-11T22:07:53Z</time></trkpt>
      <trkpt lat="41.493363333333335" lon="-81.73388333333334"><ele>137.3</ele><time>2026-09-11T22:07:54Z</time></trkpt>
      <trkpt lat="41.493365" lon="-81.73388"><ele>137.5</ele><time>2026-09-11T22:07:55Z</time></trkpt>
      <trkpt lat="41.49336666666667" lon="-81.73388"><ele>137.3</ele><time>2026-09-11T22:07:56Z</time></trkpt>
      <trkpt lat="41.49336666666667" lon="-81.73388"><ele>137.2</ele><time>2026-09-11T22:07:57Z</time></trkpt>
      <trkpt lat="41.49337166666667" lon="-81.733875"><ele>137.8</ele><time>2026-09-11T22:07:58Z</time></trkpt>
      <trkpt lat="41.49337333333333" lon="-81.733875"><ele>137.5</ele><time>2026-09-11T22:07:59Z</time></trkpt>
      <trkpt lat="41.49337333333333" lon="-81.73387333333334"><ele>138</ele><time>2026-09-11T22:08:00Z</time></trkpt>
      <trkpt lat="41.49337666666667" lon="-81.73386833333333"><ele>137.6</ele><time>2026-09-11T22:08:01Z</time></trkpt>
      <trkpt lat="41.49337833333333" lon="-81.733865"><ele>137.5</ele><time>2026-09-11T22:08:02Z</time></trkpt>
      <trkpt lat="41.49337833333333" lon="-81.73386166666667"><ele>138.3</ele><time>2026-09-11T22:08:03Z</time></trkpt>
      <trkpt lat="41.49334833333333" lon="-81.73392833333334"><ele>136.3</ele><time>2026-09-11T22:08:51Z</time></trkpt>
      <trkpt lat="41.49335833333333" lon="-81.733915"><ele>136.4</ele><time>2026-09-11T22:08:52Z</time></trkpt>
      <trkpt lat="41.493363333333335" lon="-81.733905"><ele>136.5</ele><time>2026-09-11T22:08:53Z</time></trkpt>
      <trkpt lat="41.493365" lon="-81.73390166666667"><ele>136.7</ele><time>2026-09-11T22:08:54Z</time></trkpt>
      <trkpt lat="41.493368333333336" lon="-81.7339"><ele>136.6</ele><time>2026-09-11T22:08:55Z</time></trkpt>
      <trkpt lat="41.49337" lon="-81.7339"><ele>136.5</ele><time>2026-09-11T22:08:56Z</time></trkpt>
      <trkpt lat="41.49337" lon="-81.73390166666667"><ele>136.5</ele><time>2026-09-11T22:08:57Z</time></trkpt>
      <trkpt lat="41.49337333333333" lon="-81.73390333333333"><ele>136.3</ele><time>2026-09-11T22:08:58Z</time></trkpt>
      <trkpt lat="41.49337666666667" lon="-81.733905"><ele>136.1</ele><time>2026-09-11T22:08:59Z</time></trkpt>
      <trkpt lat="41.49337833333333" lon="-81.733905"><ele>136.1</ele><time>2026-09-11T22:09:00Z</time></trkpt>
      <trkpt lat="41.49338" lon="-81.73390166666667"><ele>136.1</ele><time>2026-09-11T22:09:01Z</time></trkpt>
      <trkpt lat="41.49338" lon="-81.73390333333333"><ele>135.799</ele><time>2026-09-11T22:09:02Z</time></trkpt>
      <trkpt lat="41.49337833333333" lon="-81.73390333333333"><ele>136.799</ele><time>2026-09-11T22:09:03Z</time></trkpt>
      <trkpt lat="41.49337833333333" lon="-81.73390333333333"><ele>138.799</ele><time>2026-09-11T22:09:04Z</time></trkpt>
      <trkpt lat="41.49337833333333" lon="-81.73390333333333"><ele>138.999</ele><time>2026-09-11T22:09:05Z</time></trkpt>
      <trkpt lat="41.49337666666667" lon="-81.73390166666667"><ele>138.999</ele><time>2026-09-11T22:09:06Z</time></trkpt>
      <trkpt lat="41.49337666666667" lon="-81.73390166666667"><ele>138.999</ele><time>2026-09-11T22:09:07Z</time></trkpt>
      <trkpt lat="41.49337666666667" lon="-81.73390166666667"><ele>139</ele><time>2026-09-11T22:09:08Z</time></trkpt>
      <trkpt lat="41.493375" lon="-81.73390166666667"><ele>139.2</ele><time>2026-09-11T22:09:09Z</time></trkpt>
      <trkpt lat="41.49337166666667" lon="-81.73390166666667"><ele>139</ele><time>2026-09-11T22:09:10Z</time></trkpt>
      <trkpt lat="41.493368333333336" lon="-81.73389666666667"><ele>139</ele><time>2026-09-11T22:09:11Z</time></trkpt>
      <trkpt lat="41.49335833333333" lon="-81.73389166666666"><ele>138.8</ele><time>2026-09-11T22:09:12Z</time></trkpt>
      <trkpt lat="41.49335333333333" lon="-81.73388666666666"><ele>138.8</ele><time>2026-09-11T22:09:13Z</time></trkpt>
      <trkpt lat="41.49334666666667" lon="-81.73387833333334"><ele>138.9</ele><time>2026-09-11T22:09:14Z</time></trkpt>
      <trkpt lat="41.493345" lon="-81.73387166666667"><ele>139.1</ele><time>2026-09-11T22:09:15Z</time></trkpt>
      <trkpt lat="41.493345" lon="-81.73386666666667"><ele>138.8</ele><time>2026-09-11T22:09:16Z</time></trkpt>
      <trkpt lat="41.493343333333335" lon="-81.73386666666667"><ele>138.4</ele><time>2026-09-11T22:09:17Z</time></trkpt>
      <trkpt lat="41.493341666666666" lon="-81.73386833333333"><ele>138.4</ele><time>2026-09-11T22:09:18Z</time></trkpt>
      <trkpt lat="41.49334" lon="-81.73387166666667"><ele>138.1</ele><time>2026-09-11T22:09:19Z</time></trkpt>
      <trkpt lat="41.49334" lon="-81.733875"><ele>138.1</ele><time>2026-09-11T22:09:20Z</time></trkpt>
      <trkpt lat="41.49334" lon="-81.73387666666666"><ele>138.2</ele><time>2026-09-11T22:09:21Z</time></trkpt>
      <trkpt lat="41.49334" lon="-81.73387833333334"><ele>138.2</ele><time>2026-09-11T22:09:22Z</time></trkpt>
      <trkpt lat="41.493338333333334" lon="-81.73388"><ele>138</ele><time>2026-09-11T22:09:23Z</time></trkpt>
      <trkpt lat="41.493338333333334" lon="-81.73388"><ele>138</ele><time>2026-09-11T22:09:24Z</time></trkpt>
      <trkpt lat="41.493335" lon="-81.73387833333334"><ele>137.8</ele><time>2026-09-11T22:09:25Z</time></trkpt>
      <trkpt lat="41.49333333333333" lon="-81.73388"><ele>137.5</ele><time>2026-09-11T22:09:26Z</time></trkpt>
      <trkpt lat="41.49333166666667" lon="-81.73388333333334"><ele>137.4</ele><time>2026-09-11T22:09:27Z</time></trkpt>
      <trkpt lat="41.49333166666667" lon="-81.73388333333334"><ele>137.4</ele><time>2026-09-11T22:09:28Z</time></trkpt>
      <trkpt lat="41.49332833333333" lon="-81.73388166666666"><ele>137.3</ele><time>2026-09-11T22:09:29Z</time></trkpt>
      <trkpt lat="41.493325" lon="-81.73388166666666"><ele>137.6</ele><time>2026-09-11T22:09:30Z</time></trkpt>
      <trkpt lat="41.49332166666667" lon="-81.73388333333334"><ele>137.6</ele><time>2026-09-11T22:09:31Z</time></trkpt>
      <trkpt lat="41.493315" lon="-81.73389333333333"><ele>137.6</ele><time>2026-09-11T22:09:32Z</time></trkpt>
      <trkpt lat="41.49331333333333" lon="-81.73389666666667"><ele>137.6</ele><time>2026-09-11T22:09:33Z</time></trkpt>
      <trkpt lat="41.49331166666666" lon="-81.73390166666667"><ele>138</ele><time>2026-09-11T22:09:34Z</time></trkpt>
      <trkpt lat="41.49331166666666" lon="-81.733905"><ele>137.7</ele><time>2026-09-11T22:09:35Z</time></trkpt>
      <trkpt lat="41.493316666666665" lon="-81.73390833333333"><ele>137.299</ele><time>2026-09-11T22:09:36Z</time></trkpt>
      <trkpt lat="41.49332" lon="-81.73390666666667"><ele>138.1</ele><time>2026-09-11T22:09:37Z</time></trkpt>
      <trkpt lat="41.49332" lon="-81.733905"><ele>137.799</ele><time>2026-09-11T22:09:38Z</time></trkpt>
      <trkpt lat="41.493316666666665" lon="-81.73390666666667"><ele>137.899</ele><time>2026-09-11T22:09:39Z</time></trkpt>
      <trkpt lat="41.493315" lon="-81.73390666666667"><ele>137.9</ele><time>2026-09-11T22:09:40Z</time></trkpt>
      <trkpt lat="41.49331333333333" lon="-81.73390666666667"><ele>138</ele><time>2026-09-11T22:09:41Z</time></trkpt>
      <trkpt lat="41.49331166666666" lon="-81.733905"><ele>138.4</ele><time>2026-09-11T22:09:42Z</time></trkpt>
      <trkpt lat="41.49331333333333" lon="-81.73390166666667"><ele>137.9</ele><time>2026-09-11T22:09:43Z</time></trkpt>
      <trkpt lat="41.49331333333333" lon="-81.733905"><ele>137.5</ele><time>2026-09-11T22:09:44Z</time></trkpt>
      <trkpt lat="41.49331" lon="-81.73391"><ele>137.1</ele><time>2026-09-11T22:09:45Z</time></trkpt>
      <trkpt lat="41.49330833333333" lon="-81.73391833333334"><ele>137.3</ele><time>2026-09-11T22:09:46Z</time></trkpt>
      <trkpt lat="41.493305" lon="-81.733925"><ele>137.3</ele><time>2026-09-11T22:09:47Z</time></trkpt>
      <trkpt lat="41.4933" lon="-81.73393666666666"><ele>137.5</ele><time>2026-09-11T22:09:48Z</time></trkpt>
      <trkpt lat="41.4933" lon="-81.73394166666667"><ele>137.9</ele><time>2026-09-11T22:09:49Z</time></trkpt>
      <trkpt lat="41.4933" lon="-81.733945"><ele>137.8</ele><time>2026-09-11T22:09:50Z</time></trkpt>
      <trkpt lat="41.49330166666667" lon="-81.73394333333333"><ele>137.6</ele><time>2026-09-11T22:09:51Z</time></trkpt>
      <trkpt lat="41.49330333333333" lon="-81.73394"><ele>137.4</ele><time>2026-09-11T22:09:52Z</time></trkpt>
      <trkpt lat="41.49330333333333" lon="-81.73393833333333"><ele>137</ele><time>2026-09-11T22:09:53Z</time></trkpt>
      <trkpt lat="41.49330166666667" lon="-81.73393666666666"><ele>136.9</ele><time>2026-09-11T22:09:54Z</time></trkpt>
      <trkpt lat="41.49330166666667" lon="-81.733935"><ele>136.9</ele><time>2026-09-11T22:09:55Z</time></trkpt>
      <trkpt lat="41.493298333333335" lon="-81.733935"><ele>136.6</ele><time>2026-09-11T22:09:56Z</time></trkpt>
      <trkpt lat="41.493296666666666" lon="-81.733935"><ele>137</ele><time>2026-09-11T22:09:57Z</time></trkpt>
      <trkpt lat="41.493295" lon="-81.733935"><ele>137</ele><time>2026-09-11T22:09:58Z</time></trkpt>
      <trkpt lat="41.493291666666664" lon="-81.733935"><ele>137.3</ele><time>2026-09-11T22:09:59Z</time></trkpt>
      <trkpt lat="41.493291666666664" lon="-81.733935"><ele>137</ele><time>2026-09-11T22:10:00Z</time></trkpt>
      <trkpt lat="41.493291666666664" lon="-81.733935"><ele>137</ele><time>2026-09-11T22:10:01Z</time></trkpt>
      <trkpt lat="41.49329" lon="-81.73393333333334"><ele>137.4</ele><time>2026-09-11T22:10:02Z</time></trkpt>
      <trkpt lat="41.49328833333333" lon="-81.73393333333334"><ele>137.4</ele><time>2026-09-11T22:10:03Z</time></trkpt>
      <trkpt lat="41.49328833333333" lon="-81.73393333333334"><ele>137.8</ele><time>2026-09-11T22:10:04Z</time></trkpt>
      <trkpt lat="41.49329" lon="-81.73393166666666"><ele>137.6</ele><time>2026-09-11T22:10:05Z</time></trkpt>
      <trkpt lat="41.493291666666664" lon="-81.73393"><ele>138</ele><time>2026-09-11T22:10:06Z</time></trkpt>
      <trkpt lat="41.49329" lon="-81.73393"><ele>138</ele><time>2026-09-11T22:10:07Z</time></trkpt>
      <trkpt lat="41.49328833333333" lon="-81.73393166666666"><ele>138</ele><time>2026-09-11T22:10:08Z</time></trkpt>
      <trkpt lat="41.49329" lon="-81.73393333333334"><ele>138</ele><time>2026-09-11T22:10:09Z</time></trkpt>
      <trkpt lat="41.49328833333333" lon="-81.73395166666667"><ele>137.9</ele><time>2026-09-11T22:10:10Z</time></trkpt>
      <trkpt lat="41.49328833333333" lon="-81.73395666666667"><ele>137.9</ele><time>2026-09-11T22:10:11Z</time></trkpt>
      <trkpt lat="41.49329" lon="-81.73396333333334"><ele>138.1</ele><time>2026-09-11T22:10:12Z</time></trkpt>
      <trkpt lat="41.493293333333334" lon="-81.733965"><ele>137.6</ele><time>2026-09-11T22:10:13Z</time></trkpt>
      <trkpt lat="41.493295" lon="-81.73396666666666"><ele>137.799</ele><time>2026-09-11T22:10:14Z</time></trkpt>
      <trkpt lat="41.493295" lon="-81.73397166666666"><ele>137.1</ele><time>2026-09-11T22:10:15Z</time></trkpt>
      <trkpt lat="41.493295" lon="-81.73397166666666"><ele>137.1</ele><time>2026-09-11T22:10:16Z</time></trkpt>
      <trkpt lat="41.493293333333334" lon="-81.73397"><ele>137.1</ele><time>2026-09-11T22:10:17Z</time></trkpt>
      <trkpt lat="41.493291666666664" lon="-81.73397166666666"><ele>137</ele><time>2026-09-11T22:10:18Z</time></trkpt>
      <trkpt lat="41.493291666666664" lon="-81.73397166666666"><ele>137.1</ele><time>2026-09-11T22:10:19Z</time></trkpt>
      <trkpt lat="41.49329" lon="-81.73397166666666"><ele>136.799</ele><time>2026-09-11T22:10:20Z</time></trkpt>
      <trkpt lat="41.49329" lon="-81.73397166666666"><ele>136.7</ele><time>2026-09-11T22:10:21Z</time></trkpt>
      <trkpt lat="41.49329" lon="-81.73397166666666"><ele>136.399</ele><time>2026-09-11T22:10:22Z</time></trkpt>
      <trkpt lat="41.49328833333333" lon="-81.73397333333334"><ele>136.299</ele><time>2026-09-11T22:10:23Z</time></trkpt>
      <trkpt lat="41.49328833333333" lon="-81.733975"><ele>136.299</ele><time>2026-09-11T22:10:24Z</time></trkpt>
      <trkpt lat="41.49328833333333" lon="-81.73397666666666"><ele>136.1</ele><time>2026-09-11T22:10:25Z</time></trkpt>
      <trkpt lat="41.49328333333333" lon="-81.73398333333333"><ele>137</ele><time>2026-09-11T22:10:26Z</time></trkpt>
      <trkpt lat="41.49328" lon="-81.73399"><ele>137</ele><time>2026-09-11T22:10:27Z</time></trkpt>
      <trkpt lat="41.49328" lon="-81.733995"><ele>137.1</ele><time>2026-09-11T22:10:28Z</time></trkpt>
      <trkpt lat="41.493278333333336" lon="-81.73399833333333"><ele>137.1</ele><time>2026-09-11T22:10:29Z</time></trkpt>
      <trkpt lat="41.493275" lon="-81.73401"><ele>137.4</ele><time>2026-09-11T22:10:30Z</time></trkpt>
      <trkpt lat="41.49327" lon="-81.73401666666666"><ele>137.8</ele><time>2026-09-11T22:10:31Z</time></trkpt>
      <trkpt lat="41.49326333333333" lon="-81.73403333333333"><ele>137.9</ele><time>2026-09-11T22:10:32Z</time></trkpt>
      <trkpt lat="41.49326" lon="-81.73403833333333"><ele>138.3</ele><time>2026-09-11T22:10:33Z</time></trkpt>
      <trkpt lat="41.493253333333335" lon="-81.73404833333333"><ele>138.1</ele><time>2026-09-11T22:10:34Z</time></trkpt>
      <trkpt lat="41.493253333333335" lon="-81.734065"><ele>138.6</ele><time>2026-09-11T22:10:35Z</time></trkpt>
      <trkpt lat="41.493253333333335" lon="-81.73407166666667"><ele>138.6</ele><time>2026-09-11T22:10:36Z</time></trkpt>
      <trkpt lat="41.493248333333334" lon="-81.73408666666667"><ele>138.7</ele><time>2026-09-11T22:10:37Z</time></trkpt>
      <trkpt lat="41.49324" lon="-81.73409666666667"><ele>138.4</ele><time>2026-09-11T22:10:38Z</time></trkpt>
      <trkpt lat="41.49323666666667" lon="-81.734105"><ele>138.4</ele><time>2026-09-11T22:10:39Z</time></trkpt>
      <trkpt lat="41.493233333333336" lon="-81.734115"><ele>138.6</ele><time>2026-09-11T22:10:40Z</time></trkpt>
      <trkpt lat="41.49323" lon="-81.73413"><ele>138.6</ele><time>2026-09-11T22:10:41Z</time></trkpt>
      <trkpt lat="41.49323" lon="-81.73413666666667"><ele>138.5</ele><time>2026-09-11T22:10:42Z</time></trkpt>
      <trkpt lat="41.49323" lon="-81.73415166666666"><ele>138.5</ele><time>2026-09-11T22:10:43Z</time></trkpt>
      <trkpt lat="41.49323166666667" lon="-81.73415666666666"><ele>138.8</ele><time>2026-09-11T22:10:44Z</time></trkpt>
      <trkpt lat="41.493228333333334" lon="-81.73416"><ele>138.6</ele><time>2026-09-11T22:10:45Z</time></trkpt>
      <trkpt lat="41.49322166666666" lon="-81.73416833333333"><ele>138.5</ele><time>2026-09-11T22:10:46Z</time></trkpt>
      <trkpt lat="41.49321666666667" lon="-81.73417666666667"><ele>138.5</ele><time>2026-09-11T22:10:47Z</time></trkpt>
      <trkpt lat="41.493215" lon="-81.73418166666667"><ele>138.6</ele><time>2026-09-11T22:10:48Z</time></trkpt>
      <trkpt lat="41.49321333333334" lon="-81.73418166666667"><ele>138.5</ele><time>2026-09-11T22:10:49Z</time></trkpt>
      <trkpt lat="41.493206666666666" lon="-81.73418833333334"><ele>138.3</ele><time>2026-09-11T22:10:50Z</time></trkpt>
      <trkpt lat="41.493203333333334" lon="-81.73419333333334"><ele>138.3</ele><time>2026-09-11T22:10:51Z</time></trkpt>
      <trkpt lat="41.49319833333333" lon="-81.73420833333333"><ele>138.3</ele><time>2026-09-11T22:10:52Z</time></trkpt>
      <trkpt lat="41.49319833333333" lon="-81.73421833333333"><ele>138.2</ele><time>2026-09-11T22:10:53Z</time></trkpt>
      <trkpt lat="41.493195" lon="-81.73423833333334"><ele>138.3</ele><time>2026-09-11T22:10:54Z</time></trkpt>
      <trkpt lat="41.493188333333336" lon="-81.73425166666667"><ele>138.4</ele><time>2026-09-11T22:10:55Z</time></trkpt>
      <trkpt lat="41.493185" lon="-81.73426"><ele>138</ele><time>2026-09-11T22:10:56Z</time></trkpt>
      <trkpt lat="41.493181666666665" lon="-81.73427833333334"><ele>138</ele><time>2026-09-11T22:10:57Z</time></trkpt>
      <trkpt lat="41.49318" lon="-81.7343"><ele>138.6</ele><time>2026-09-11T22:10:58Z</time></trkpt>
      <trkpt lat="41.49318" lon="-81.73430333333333"><ele>138.6</ele><time>2026-09-11T22:10:59Z</time></trkpt>
      <trkpt lat="41.493175" lon="-81.73431666666667"><ele>138.9</ele><time>2026-09-11T22:11:00Z</time></trkpt>
      <trkpt lat="41.49317166666667" lon="-81.73433166666666"><ele>138.8</ele><time>2026-09-11T22:11:01Z</time></trkpt>
      <trkpt lat="41.49316833333334" lon="-81.73434166666667"><ele>139.1</ele><time>2026-09-11T22:11:02Z</time></trkpt>
      <trkpt lat="41.493163333333335" lon="-81.73435666666667"><ele>138.2</ele><time>2026-09-11T22:11:03Z</time></trkpt>
      <trkpt lat="41.49316" lon="-81.73437166666666"><ele>138.9</ele><time>2026-09-11T22:11:04Z</time></trkpt>
      <trkpt lat="41.493158333333334" lon="-81.73437833333334"><ele>138.9</ele><time>2026-09-11T22:11:05Z</time></trkpt>
      <trkpt lat="41.493156666666664" lon="-81.7344"><ele>138.8</ele><time>2026-09-11T22:11:06Z</time></trkpt>
      <trkpt lat="41.493155" lon="-81.73440333333333"><ele>138.8</ele><time>2026-09-11T22:11:07Z</time></trkpt>
      <trkpt lat="41.49315166666667" lon="-81.73441666666666"><ele>138.6</ele><time>2026-09-11T22:11:08Z</time></trkpt>
      <trkpt lat="41.49314833333333" lon="-81.73443"><ele>138.6</ele><time>2026-09-11T22:11:09Z</time></trkpt>
      <trkpt lat="41.49314666666667" lon="-81.73443666666667"><ele>138.5</ele><time>2026-09-11T22:11:10Z</time></trkpt>
      <trkpt lat="41.493136666666665" lon="-81.734455"><ele>139.1</ele><time>2026-09-11T22:11:11Z</time></trkpt>
      <trkpt lat="41.49312833333333" lon="-81.73446333333334"><ele>139</ele><time>2026-09-11T22:11:12Z</time></trkpt>
      <trkpt lat="41.49312333333334" lon="-81.73446833333334"><ele>139</ele><time>2026-09-11T22:11:13Z</time></trkpt>
      <trkpt lat="41.493105" lon="-81.73448333333333"><ele>138.6</ele><time>2026-09-11T22:11:14Z</time></trkpt>
      <trkpt lat="41.493096666666666" lon="-81.73449"><ele>138.7</ele><time>2026-09-11T22:11:15Z</time></trkpt>
      <trkpt lat="41.49307833333334" lon="-81.73450666666666"><ele>138.9</ele><time>2026-09-11T22:11:16Z</time></trkpt>
      <trkpt lat="41.493071666666665" lon="-81.73451333333334"><ele>138.9</ele><time>2026-09-11T22:11:17Z</time></trkpt>
      <trkpt lat="41.493055" lon="-81.734525"><ele>139</ele><time>2026-09-11T22:11:18Z</time></trkpt>
      <trkpt lat="41.493045" lon="-81.73453"><ele>139.3</ele><time>2026-09-11T22:11:19Z</time></trkpt>
      <trkpt lat="41.49303833333333" lon="-81.734535"><ele>139.3</ele><time>2026-09-11T22:11:20Z</time></trkpt>
      <trkpt lat="41.49303166666667" lon="-81.73454666666666"><ele>139.4</ele><time>2026-09-11T22:11:21Z</time></trkpt>
      <trkpt lat="41.493025" lon="-81.73455166666666"><ele>139.7</ele><time>2026-09-11T22:11:22Z</time></trkpt>
      <trkpt lat="41.49301833333333" lon="-81.73456"><ele>139.6</ele><time>2026-09-11T22:11:23Z</time></trkpt>
      <trkpt lat="41.493005" lon="-81.73457333333333"><ele>139.2</ele><time>2026-09-11T22:11:24Z</time></trkpt>
      <trkpt lat="41.49299666666667" lon="-81.73458166666667"><ele>139.2</ele><time>2026-09-11T22:11:25Z</time></trkpt>
      <trkpt lat="41.49299166666667" lon="-81.73458833333333"><ele>139.299</ele><time>2026-09-11T22:11:26Z</time></trkpt>
      <trkpt lat="41.492981666666665" lon="-81.73459666666666"><ele>139.1</ele><time>2026-09-11T22:11:27Z</time></trkpt>
      <trkpt lat="41.49297166666667" lon="-81.734605"><ele>139.5</ele><time>2026-09-11T22:11:28Z</time></trkpt>
      <trkpt lat="41.492965" lon="-81.73461166666667"><ele>139.8</ele><time>2026-09-11T22:11:29Z</time></trkpt>
      <trkpt lat="41.492958333333334" lon="-81.73462"><ele>139.9</ele><time>2026-09-11T22:11:30Z</time></trkpt>
      <trkpt lat="41.49295" lon="-81.73463"><ele>139.7</ele><time>2026-09-11T22:11:31Z</time></trkpt>
      <trkpt lat="41.492943333333336" lon="-81.73463833333334"><ele>139.799</ele><time>2026-09-11T22:11:32Z</time></trkpt>
      <trkpt lat="41.492936666666665" lon="-81.73464333333334"><ele>139.799</ele><time>2026-09-11T22:11:33Z</time></trkpt>
      <trkpt lat="41.49292666666667" lon="-81.73465166666666"><ele>139.799</ele><time>2026-09-11T22:11:34Z</time></trkpt>
      <trkpt lat="41.492916666666666" lon="-81.73466166666667"><ele>140.2</ele><time>2026-09-11T22:11:35Z</time></trkpt>
      <trkpt lat="41.492911666666664" lon="-81.73466666666667"><ele>139.899</ele><time>2026-09-11T22:11:36Z</time></trkpt>
      <trkpt lat="41.4929" lon="-81.73467833333333"><ele>140</ele><time>2026-09-11T22:11:37Z</time></trkpt>
      <trkpt lat="41.492893333333335" lon="-81.73468333333334"><ele>139.9</ele><time>2026-09-11T22:11:38Z</time></trkpt>
      <trkpt lat="41.49288333333333" lon="-81.73469333333334"><ele>139.8</ele><time>2026-09-11T22:11:39Z</time></trkpt>
      <trkpt lat="41.492875" lon="-81.7347"><ele>140.1</ele><time>2026-09-11T22:11:40Z</time></trkpt>
      <trkpt lat="41.49286166666667" lon="-81.734705"><ele>139.6</ele><time>2026-09-11T22:11:41Z</time></trkpt>
      <trkpt lat="41.492853333333336" lon="-81.73470166666667"><ele>140</ele><time>2026-09-11T22:11:42Z</time></trkpt>
      <trkpt lat="41.492846666666665" lon="-81.734695"><ele>140.1</ele><time>2026-09-11T22:11:43Z</time></trkpt>
      <trkpt lat="41.49284" lon="-81.73469166666666"><ele>140.1</ele><time>2026-09-11T22:11:44Z</time></trkpt>
      <trkpt lat="41.49283333333333" lon="-81.734685"><ele>139.9</ele><time>2026-09-11T22:11:45Z</time></trkpt>
      <trkpt lat="41.49282" lon="-81.734665"><ele>139.7</ele><time>2026-09-11T22:11:46Z</time></trkpt>
      <trkpt lat="41.49281833333333" lon="-81.73466166666667"><ele>139.7</ele><time>2026-09-11T22:11:47Z</time></trkpt>
      <trkpt lat="41.49281166666667" lon="-81.73465333333333"><ele>139.8</ele><time>2026-09-11T22:11:48Z</time></trkpt>
      <trkpt lat="41.49281" lon="-81.73465166666666"><ele>139.8</ele><time>2026-09-11T22:11:49Z</time></trkpt>
      <trkpt lat="41.492803333333335" lon="-81.73465"><ele>139.5</ele><time>2026-09-11T22:11:50Z</time></trkpt>
      <trkpt lat="41.49279333333333" lon="-81.73464333333334"><ele>139.7</ele><time>2026-09-11T22:11:51Z</time></trkpt>
      <trkpt lat="41.49278666666667" lon="-81.734635"><ele>139.8</ele><time>2026-09-11T22:11:52Z</time></trkpt>
      <trkpt lat="41.492783333333335" lon="-81.73463"><ele>139.8</ele><time>2026-09-11T22:11:53Z</time></trkpt>
      <trkpt lat="41.492775" lon="-81.73461333333333"><ele>139.7</ele><time>2026-09-11T22:11:54Z</time></trkpt>
      <trkpt lat="41.49277166666667" lon="-81.73460666666666"><ele>139.7</ele><time>2026-09-11T22:11:55Z</time></trkpt>
      <trkpt lat="41.49276833333333" lon="-81.73459833333334"><ele>140</ele><time>2026-09-11T22:11:56Z</time></trkpt>
      <trkpt lat="41.49276166666667" lon="-81.73459"><ele>140</ele><time>2026-09-11T22:11:57Z</time></trkpt>
      <trkpt lat="41.49275333333333" lon="-81.734585"><ele>139.9</ele><time>2026-09-11T22:11:58Z</time></trkpt>
      <trkpt lat="41.49274666666667" lon="-81.73458166666667"><ele>140</ele><time>2026-09-11T22:11:59Z</time></trkpt>
      <trkpt lat="41.492738333333335" lon="-81.73457333333333"><ele>139.6</ele><time>2026-09-11T22:12:00Z</time></trkpt>
      <trkpt lat="41.492731666666664" lon="-81.73456666666667"><ele>139.6</ele><time>2026-09-11T22:12:01Z</time></trkpt>
      <trkpt lat="41.49272833333333" lon="-81.73456333333333"><ele>140.2</ele><time>2026-09-11T22:12:02Z</time></trkpt>
      <trkpt lat="41.49271666666667" lon="-81.73455833333334"><ele>140</ele><time>2026-09-11T22:12:03Z</time></trkpt>
      <trkpt lat="41.49270333333333" lon="-81.734555"><ele>140.2</ele><time>2026-09-11T22:12:04Z</time></trkpt>
      <trkpt lat="41.49269666666667" lon="-81.73455333333334"><ele>140.2</ele><time>2026-09-11T22:12:05Z</time></trkpt>
      <trkpt lat="41.492691666666666" lon="-81.73455166666666"><ele>140.1</ele><time>2026-09-11T22:12:06Z</time></trkpt>
      <trkpt lat="41.49268333333333" lon="-81.734545"><ele>140.6</ele><time>2026-09-11T22:12:07Z</time></trkpt>
      <trkpt lat="41.492673333333336" lon="-81.73453833333333"><ele>140.299</ele><time>2026-09-11T22:12:08Z</time></trkpt>
      <trkpt lat="41.492668333333334" lon="-81.73453833333333"><ele>140.3</ele><time>2026-09-11T22:12:09Z</time></trkpt>
      <trkpt lat="41.49265833333333" lon="-81.73453666666667"><ele>140.4</ele><time>2026-09-11T22:12:10Z</time></trkpt>
      <trkpt lat="41.49265" lon="-81.734535"><ele>140.7</ele><time>2026-09-11T22:12:11Z</time></trkpt>
      <trkpt lat="41.49263333333333" lon="-81.73452833333333"><ele>140.6</ele><time>2026-09-11T22:12:12Z</time></trkpt>
      <trkpt lat="41.492628333333336" lon="-81.73452333333333"><ele>140.7</ele><time>2026-09-11T22:12:13Z</time></trkpt>
      <trkpt lat="41.49261833333333" lon="-81.73451666666666"><ele>140.6</ele><time>2026-09-11T22:12:14Z</time></trkpt>
      <trkpt lat="41.49261166666667" lon="-81.73451"><ele>140.8</ele><time>2026-09-11T22:12:15Z</time></trkpt>
      <trkpt lat="41.492601666666665" lon="-81.73449666666667"><ele>140.7</ele><time>2026-09-11T22:12:16Z</time></trkpt>
      <trkpt lat="41.49259833333333" lon="-81.734495"><ele>140.299</ele><time>2026-09-11T22:12:17Z</time></trkpt>
      <trkpt lat="41.492585" lon="-81.73448833333333"><ele>140.4</ele><time>2026-09-11T22:12:18Z</time></trkpt>
      <trkpt lat="41.49258" lon="-81.73448666666667"><ele>140.4</ele><time>2026-09-11T22:12:19Z</time></trkpt>
      <trkpt lat="41.49256833333333" lon="-81.73448166666667"><ele>140.5</ele><time>2026-09-11T22:12:20Z</time></trkpt>
      <trkpt lat="41.492558333333335" lon="-81.73447333333333"><ele>140.1</ele><time>2026-09-11T22:12:21Z</time></trkpt>
      <trkpt lat="41.49254666666667" lon="-81.73447"><ele>140.5</ele><time>2026-09-11T22:12:22Z</time></trkpt>
      <trkpt lat="41.492535" lon="-81.73446833333334"><ele>140.1</ele><time>2026-09-11T22:12:23Z</time></trkpt>
      <trkpt lat="41.49253" lon="-81.73446333333334"><ele>140.1</ele><time>2026-09-11T22:12:24Z</time></trkpt>
      <trkpt lat="41.49251666666667" lon="-81.73445666666667"><ele>139.9</ele><time>2026-09-11T22:12:25Z</time></trkpt>
      <trkpt lat="41.49251" lon="-81.734455"><ele>140.1</ele><time>2026-09-11T22:12:26Z</time></trkpt>
      <trkpt lat="41.49249666666667" lon="-81.73445"><ele>140</ele><time>2026-09-11T22:12:27Z</time></trkpt>
      <trkpt lat="41.492485" lon="-81.734445"><ele>140.3</ele><time>2026-09-11T22:12:28Z</time></trkpt>
      <trkpt lat="41.49248" lon="-81.73444166666667"><ele>140.5</ele><time>2026-09-11T22:12:29Z</time></trkpt>
      <trkpt lat="41.492466666666665" lon="-81.734435"><ele>140.1</ele><time>2026-09-11T22:12:30Z</time></trkpt>
      <trkpt lat="41.49246333333333" lon="-81.73443666666667"><ele>140.299</ele><time>2026-09-11T22:12:31Z</time></trkpt>
      <trkpt lat="41.492448333333336" lon="-81.73443666666667"><ele>139.999</ele><time>2026-09-11T22:12:32Z</time></trkpt>
      <trkpt lat="41.492443333333334" lon="-81.73443666666667"><ele>140.199</ele><time>2026-09-11T22:12:33Z</time></trkpt>
      <trkpt lat="41.49243333333333" lon="-81.734435"><ele>140.8</ele><time>2026-09-11T22:12:34Z</time></trkpt>
      <trkpt lat="41.49243166666667" lon="-81.73443666666667"><ele>140.6</ele><time>2026-09-11T22:12:35Z</time></trkpt>
      <trkpt lat="41.49242" lon="-81.734435"><ele>140.6</ele><time>2026-09-11T22:12:36Z</time></trkpt>
      <trkpt lat="41.49241166666667" lon="-81.734435"><ele>140.7</ele><time>2026-09-11T22:12:37Z</time></trkpt>
      <trkpt lat="41.492403333333336" lon="-81.73443666666667"><ele>140.8</ele><time>2026-09-11T22:12:38Z</time></trkpt>
      <trkpt lat="41.4924" lon="-81.73444"><ele>141.1</ele><time>2026-09-11T22:12:39Z</time></trkpt>
      <trkpt lat="41.49238666666667" lon="-81.73444333333333"><ele>141.2</ele><time>2026-09-11T22:12:40Z</time></trkpt>
      <trkpt lat="41.492378333333335" lon="-81.734445"><ele>141</ele><time>2026-09-11T22:12:41Z</time></trkpt>
      <trkpt lat="41.49237333333333" lon="-81.73444333333333"><ele>140.6</ele><time>2026-09-11T22:12:42Z</time></trkpt>
      <trkpt lat="41.49236666666667" lon="-81.73444666666667"><ele>140.299</ele><time>2026-09-11T22:12:43Z</time></trkpt>
      <trkpt lat="41.49236166666667" lon="-81.73444833333333"><ele>140.299</ele><time>2026-09-11T22:12:44Z</time></trkpt>
      <trkpt lat="41.492358333333335" lon="-81.73445166666667"><ele>139.899</ele><time>2026-09-11T22:12:45Z</time></trkpt>
      <trkpt lat="41.492355" lon="-81.73446"><ele>140.099</ele><time>2026-09-11T22:12:46Z</time></trkpt>
      <trkpt lat="41.492356666666666" lon="-81.73447"><ele>139.999</ele><time>2026-09-11T22:12:47Z</time></trkpt>
      <trkpt lat="41.492358333333335" lon="-81.73447666666667"><ele>140</ele><time>2026-09-11T22:12:48Z</time></trkpt>
      <trkpt lat="41.49236" lon="-81.73448166666667"><ele>140</ele><time>2026-09-11T22:12:49Z</time></trkpt>
      <trkpt lat="41.49236" lon="-81.73448333333333"><ele>139.5</ele><time>2026-09-11T22:12:50Z</time></trkpt>
      <trkpt lat="41.49236166666667" lon="-81.734485"><ele>139.5</ele><time>2026-09-11T22:12:51Z</time></trkpt>
      <trkpt lat="41.49236" lon="-81.73449166666667"><ele>139.7</ele><time>2026-09-11T22:12:52Z</time></trkpt>
      <trkpt lat="41.492358333333335" lon="-81.73449333333333"><ele>139.6</ele><time>2026-09-11T22:12:53Z</time></trkpt>
      <trkpt lat="41.492358333333335" lon="-81.734495"><ele>139.1</ele><time>2026-09-11T22:12:54Z</time></trkpt>
      <trkpt lat="41.492356666666666" lon="-81.734495"><ele>139</ele><time>2026-09-11T22:12:55Z</time></trkpt>
      <trkpt lat="41.492356666666666" lon="-81.734495"><ele>139</ele><time>2026-09-11T22:12:56Z</time></trkpt>
      <trkpt lat="41.492353333333334" lon="-81.73449333333333"><ele>139.299</ele><time>2026-09-11T22:12:57Z</time></trkpt>
      <trkpt lat="41.492351666666664" lon="-81.73449333333333"><ele>139.1</ele><time>2026-09-11T22:12:58Z</time></trkpt>
      <trkpt lat="41.49235" lon="-81.73449333333333"><ele>138.9</ele><time>2026-09-11T22:12:59Z</time></trkpt>
      <trkpt lat="41.49234666666667" lon="-81.73449333333333"><ele>139.1</ele><time>2026-09-11T22:13:00Z</time></trkpt>
      <trkpt lat="41.492345" lon="-81.73449333333333"><ele>139.299</ele><time>2026-09-11T22:13:01Z</time></trkpt>
      <trkpt lat="41.49234333333333" lon="-81.734495"><ele>139.2</ele><time>2026-09-11T22:13:02Z</time></trkpt>
      <trkpt lat="41.49234166666667" lon="-81.73449666666667"><ele>139.299</ele><time>2026-09-11T22:13:03Z</time></trkpt>
      <trkpt lat="41.492338333333336" lon="-81.73450166666667"><ele>139.3</ele><time>2026-09-11T22:13:04Z</time></trkpt>
      <trkpt lat="41.492338333333336" lon="-81.73450166666667"><ele>139.3</ele><time>2026-09-11T22:13:05Z</time></trkpt>
      <trkpt lat="41.49233666666667" lon="-81.73450666666666"><ele>139.5</ele><time>2026-09-11T22:13:06Z</time></trkpt>
      <trkpt lat="41.492335" lon="-81.734515"><ele>139.5</ele><time>2026-09-11T22:13:07Z</time></trkpt>
      <trkpt lat="41.492331666666665" lon="-81.73452"><ele>139.5</ele><time>2026-09-11T22:13:08Z</time></trkpt>
      <trkpt lat="41.49232666666666" lon="-81.73453666666667"><ele>139.7</ele><time>2026-09-11T22:13:09Z</time></trkpt>
      <trkpt lat="41.49231666666667" lon="-81.73456833333333"><ele>140.1</ele><time>2026-09-11T22:13:10Z</time></trkpt>
      <trkpt lat="41.492313333333335" lon="-81.73457833333333"><ele>140.1</ele><time>2026-09-11T22:13:11Z</time></trkpt>
      <trkpt lat="41.49231" lon="-81.73458833333333"><ele>139.799</ele><time>2026-09-11T22:13:12Z</time></trkpt>
      <trkpt lat="41.492308333333334" lon="-81.73460333333334"><ele>139.7</ele><time>2026-09-11T22:13:13Z</time></trkpt>
      <trkpt lat="41.492305" lon="-81.73461166666667"><ele>140</ele><time>2026-09-11T22:13:14Z</time></trkpt>
      <trkpt lat="41.49230333333333" lon="-81.73462666666667"><ele>140.2</ele><time>2026-09-11T22:13:15Z</time></trkpt>
      <trkpt lat="41.49230333333333" lon="-81.734645"><ele>140.1</ele><time>2026-09-11T22:13:16Z</time></trkpt>
      <trkpt lat="41.49230333333333" lon="-81.73465166666666"><ele>140.1</ele><time>2026-09-11T22:13:17Z</time></trkpt>
      <trkpt lat="41.49229833333333" lon="-81.73466666666667"><ele>140.1</ele><time>2026-09-11T22:13:18Z</time></trkpt>
      <trkpt lat="41.49229666666667" lon="-81.734675"><ele>139.9</ele><time>2026-09-11T22:13:19Z</time></trkpt>
      <trkpt lat="41.49229" lon="-81.73469166666666"><ele>140.1</ele><time>2026-09-11T22:13:20Z</time></trkpt>
      <trkpt lat="41.49228333333333" lon="-81.73470333333333"><ele>140.299</ele><time>2026-09-11T22:13:21Z</time></trkpt>
      <trkpt lat="41.49228" lon="-81.73470833333333"><ele>140.3</ele><time>2026-09-11T22:13:22Z</time></trkpt>
      <trkpt lat="41.49227666666667" lon="-81.73471833333333"><ele>140.2</ele><time>2026-09-11T22:13:23Z</time></trkpt>
      <trkpt lat="41.492275" lon="-81.73472333333333"><ele>140.2</ele><time>2026-09-11T22:13:24Z</time></trkpt>
      <trkpt lat="41.49227333333333" lon="-81.73472166666667"><ele>140.3</ele><time>2026-09-11T22:13:25Z</time></trkpt>
      <trkpt lat="41.492266666666666" lon="-81.73471666666667"><ele>142.1</ele><time>2026-09-11T22:13:26Z</time></trkpt>
      <trkpt lat="41.49226" lon="-81.7347"><ele>142.1</ele><time>2026-09-11T22:13:27Z</time></trkpt>
      <trkpt lat="41.492261666666664" lon="-81.73468"><ele>142.1</ele><time>2026-09-11T22:13:28Z</time></trkpt>
      <trkpt lat="41.492265" lon="-81.73467166666667"><ele>142.1</ele><time>2026-09-11T22:13:29Z</time></trkpt>
      <trkpt lat="41.49227166666667" lon="-81.73465833333333"><ele>140.299</ele><time>2026-09-11T22:13:30Z</time></trkpt>
      <trkpt lat="41.49227666666667" lon="-81.73464833333334"><ele>142.1</ele><time>2026-09-11T22:13:31Z</time></trkpt>
      <trkpt lat="41.492288333333335" lon="-81.734635"><ele>142.1</ele><time>2026-09-11T22:13:32Z</time></trkpt>
      <trkpt lat="41.49229833333333" lon="-81.73462166666667"><ele>142.1</ele><time>2026-09-11T22:13:33Z</time></trkpt>
      <trkpt lat="41.49230333333333" lon="-81.73460666666666"><ele>142.1</ele><time>2026-09-11T22:13:34Z</time></trkpt>
      <trkpt lat="41.49230333333333" lon="-81.7346"><ele>142.1</ele><time>2026-09-11T22:13:35Z</time></trkpt>
      <trkpt lat="41.492308333333334" lon="-81.73458833333333"><ele>142.1</ele><time>2026-09-11T22:13:36Z</time></trkpt>
      <trkpt lat="41.49231833333333" lon="-81.73457166666667"><ele>142.1</ele><time>2026-09-11T22:13:37Z</time></trkpt>
      <trkpt lat="41.49232333333333" lon="-81.734565"><ele>142.1</ele><time>2026-09-11T22:13:38Z</time></trkpt>
      <trkpt lat="41.492331666666665" lon="-81.73454833333334"><ele>142.1</ele><time>2026-09-11T22:13:39Z</time></trkpt>
      <trkpt lat="41.49233666666667" lon="-81.73453333333333"><ele>142.1</ele><time>2026-09-11T22:13:40Z</time></trkpt>
      <trkpt lat="41.492338333333336" lon="-81.734525"><ele>142.1</ele><time>2026-09-11T22:13:41Z</time></trkpt>
      <trkpt lat="41.49234333333333" lon="-81.73450833333334"><ele>142.1</ele><time>2026-09-11T22:13:42Z</time></trkpt>
      <trkpt lat="41.492345" lon="-81.73449666666667"><ele>142.1</ele><time>2026-09-11T22:13:43Z</time></trkpt>
      <trkpt lat="41.49234833333333" lon="-81.73447666666667"><ele>141.5</ele><time>2026-09-11T22:13:44Z</time></trkpt>
      <trkpt lat="41.49235" lon="-81.73446"><ele>141.5</ele><time>2026-09-11T22:13:45Z</time></trkpt>
      <trkpt lat="41.492353333333334" lon="-81.73444333333333"><ele>141.8</ele><time>2026-09-11T22:13:46Z</time></trkpt>
      <trkpt lat="41.492355" lon="-81.73442833333333"><ele>142</ele><time>2026-09-11T22:13:47Z</time></trkpt>
      <trkpt lat="41.492355" lon="-81.73442333333334"><ele>142</ele><time>2026-09-11T22:13:48Z</time></trkpt>
      <trkpt lat="41.492355" lon="-81.73441"><ele>141.7</ele><time>2026-09-11T22:13:49Z</time></trkpt>
      <trkpt lat="41.492355" lon="-81.73440166666667"><ele>141.7</ele><time>2026-09-11T22:13:50Z</time></trkpt>
      <trkpt lat="41.492355" lon="-81.73438666666667"><ele>142.1</ele><time>2026-09-11T22:13:51Z</time></trkpt>
      <trkpt lat="41.492353333333334" lon="-81.73437"><ele>142.1</ele><time>2026-09-11T22:13:52Z</time></trkpt>
      <trkpt lat="41.492351666666664" lon="-81.734355"><ele>142.1</ele><time>2026-09-11T22:13:53Z</time></trkpt>
      <trkpt lat="41.492351666666664" lon="-81.73434666666667"><ele>142.1</ele><time>2026-09-11T22:13:54Z</time></trkpt>
      <trkpt lat="41.492353333333334" lon="-81.734335"><ele>142.1</ele><time>2026-09-11T22:13:55Z</time></trkpt>
      <trkpt lat="41.492351666666664" lon="-81.73433166666666"><ele>142.1</ele><time>2026-09-11T22:13:56Z</time></trkpt>
      <trkpt lat="41.49235" lon="-81.73433"><ele>142.1</ele><time>2026-09-11T22:13:57Z</time></trkpt>
      <trkpt lat="41.49235" lon="-81.73433"><ele>142.1</ele><time>2026-09-11T22:13:58Z</time></trkpt>
      <trkpt lat="41.49234833333333" lon="-81.73433166666666"><ele>142.1</ele><time>2026-09-11T22:13:59Z</time></trkpt>
      <trkpt lat="41.49234666666667" lon="-81.734335"><ele>142.1</ele><time>2026-09-11T22:14:00Z</time></trkpt>
      <trkpt lat="41.492345" lon="-81.73433666666666"><ele>142.1</ele><time>2026-09-11T22:14:01Z</time></trkpt>
      <trkpt lat="41.492345" lon="-81.73433833333333"><ele>142.1</ele><time>2026-09-11T22:14:02Z</time></trkpt>
      <trkpt lat="41.49234333333333" lon="-81.73433833333333"><ele>142.1</ele><time>2026-09-11T22:14:03Z</time></trkpt>
      <trkpt lat="41.49234333333333" lon="-81.73433833333333"><ele>142.1</ele><time>2026-09-11T22:14:04Z</time></trkpt>
      <trkpt lat="41.492345" lon="-81.73433833333333"><ele>142.1</ele><time>2026-09-11T22:14:05Z</time></trkpt>
      <trkpt lat="41.49234333333333" lon="-81.734335"><ele>140.5</ele><time>2026-09-11T22:14:06Z</time></trkpt>
      <trkpt lat="41.49234166666667" lon="-81.73432833333334"><ele>142.1</ele><time>2026-09-11T22:14:07Z</time></trkpt>
      <trkpt lat="41.49234" lon="-81.734325"><ele>142.1</ele><time>2026-09-11T22:14:08Z</time></trkpt>
      <trkpt lat="41.49233666666667" lon="-81.73432166666667"><ele>142.1</ele><time>2026-09-11T22:14:09Z</time></trkpt>
      <trkpt lat="41.492331666666665" lon="-81.73432166666667"><ele>142.1</ele><time>2026-09-11T22:14:10Z</time></trkpt>
      <trkpt lat="41.49232166666667" lon="-81.73432"><ele>140.5</ele><time>2026-09-11T22:14:11Z</time></trkpt>
      <trkpt lat="41.492313333333335" lon="-81.73430833333333"><ele>140.7</ele><time>2026-09-11T22:14:12Z</time></trkpt>
      <trkpt lat="41.49231" lon="-81.73430166666667"><ele>141.1</ele><time>2026-09-11T22:14:13Z</time></trkpt>
      <trkpt lat="41.492306666666664" lon="-81.73428333333334"><ele>142.7</ele><time>2026-09-11T22:14:14Z</time></trkpt>
      <trkpt lat="41.492305" lon="-81.73426666666667"><ele>142.7</ele><time>2026-09-11T22:14:15Z</time></trkpt>
      <trkpt lat="41.492306666666664" lon="-81.73425"><ele>142.7</ele><time>2026-09-11T22:14:16Z</time></trkpt>
      <trkpt lat="41.492311666666666" lon="-81.73424333333334"><ele>142.7</ele><time>2026-09-11T22:14:17Z</time></trkpt>
      <trkpt lat="41.49231666666667" lon="-81.73424"><ele>142.7</ele><time>2026-09-11T22:14:18Z</time></trkpt>
      <trkpt lat="41.49231666666667" lon="-81.73423"><ele>142.7</ele><time>2026-09-11T22:14:19Z</time></trkpt>
      <trkpt lat="41.492313333333335" lon="-81.73422"><ele>142.7</ele><time>2026-09-11T22:14:20Z</time></trkpt>
      <trkpt lat="41.49230333333333" lon="-81.73421"><ele>142.7</ele><time>2026-09-11T22:14:21Z</time></trkpt>
      <trkpt lat="41.49229166666667" lon="-81.734205"><ele>142.1</ele><time>2026-09-11T22:14:22Z</time></trkpt>
      <trkpt lat="41.49227666666667" lon="-81.73418833333334"><ele>142.1</ele><time>2026-09-11T22:14:23Z</time></trkpt>
      <trkpt lat="41.492263333333334" lon="-81.73417166666667"><ele>142.1</ele><time>2026-09-11T22:14:24Z</time></trkpt>
      <trkpt lat="41.492255" lon="-81.734165"><ele>142.1</ele><time>2026-09-11T22:14:25Z</time></trkpt>
      <trkpt lat="41.492248333333336" lon="-81.73416166666667"><ele>142.1</ele><time>2026-09-11T22:14:26Z</time></trkpt>
      <trkpt lat="41.49224" lon="-81.734155"><ele>142.1</ele><time>2026-09-11T22:14:27Z</time></trkpt>
      <trkpt lat="41.49223333333333" lon="-81.73414833333334"><ele>142.1</ele><time>2026-09-11T22:14:28Z</time></trkpt>
      <trkpt lat="41.49222833333334" lon="-81.73414166666667"><ele>142.1</ele><time>2026-09-11T22:14:29Z</time></trkpt>
      <trkpt lat="41.492221666666666" lon="-81.73413333333333"><ele>142.1</ele><time>2026-09-11T22:14:30Z</time></trkpt>
      <trkpt lat="41.49222" lon="-81.73412833333333"><ele>142.1</ele><time>2026-09-11T22:14:31Z</time></trkpt>
      <trkpt lat="41.49221333333333" lon="-81.73412333333333"><ele>142.1</ele><time>2026-09-11T22:14:32Z</time></trkpt>
      <trkpt lat="41.49221" lon="-81.73412"><ele>142.1</ele><time>2026-09-11T22:14:33Z</time></trkpt>
      <trkpt lat="41.492198333333334" lon="-81.73411833333333"><ele>142.1</ele><time>2026-09-11T22:14:34Z</time></trkpt>
      <trkpt lat="41.492195" lon="-81.73412666666667"><ele>143.1</ele><time>2026-09-11T22:14:35Z</time></trkpt>
      <trkpt lat="41.492195" lon="-81.73412833333333"><ele>143.1</ele><time>2026-09-11T22:14:36Z</time></trkpt>
      <trkpt lat="41.49219166666666" lon="-81.73412833333333"><ele>143.1</ele><time>2026-09-11T22:14:37Z</time></trkpt>
      <trkpt lat="41.49218333333334" lon="-81.73411833333333"><ele>143.1</ele><time>2026-09-11T22:14:38Z</time></trkpt>
      <trkpt lat="41.49216833333333" lon="-81.73410666666666"><ele>143.1</ele><time>2026-09-11T22:14:39Z</time></trkpt>
      <trkpt lat="41.492153333333334" lon="-81.73409833333334"><ele>143.1</ele><time>2026-09-11T22:14:40Z</time></trkpt>
      <trkpt lat="41.49214166666667" lon="-81.73409"><ele>143.1</ele><time>2026-09-11T22:14:41Z</time></trkpt>
      <trkpt lat="41.49213" lon="-81.73408666666667"><ele>143.1</ele><time>2026-09-11T22:14:42Z</time></trkpt>
      <trkpt lat="41.492125" lon="-81.73408666666667"><ele>143.1</ele><time>2026-09-11T22:14:43Z</time></trkpt>
      <trkpt lat="41.492115" lon="-81.734085"><ele>143.1</ele><time>2026-09-11T22:14:44Z</time></trkpt>
      <trkpt lat="41.49210333333333" lon="-81.73408166666667"><ele>143.1</ele><time>2026-09-11T22:14:45Z</time></trkpt>
      <trkpt lat="41.49209666666667" lon="-81.73408"><ele>143.1</ele><time>2026-09-11T22:14:46Z</time></trkpt>
      <trkpt lat="41.492086666666665" lon="-81.73407"><ele>143.1</ele><time>2026-09-11T22:14:47Z</time></trkpt>
      <trkpt lat="41.49207666666667" lon="-81.73406"><ele>142.2</ele><time>2026-09-11T22:14:48Z</time></trkpt>
      <trkpt lat="41.49207" lon="-81.73405833333334"><ele>142.2</ele><time>2026-09-11T22:14:49Z</time></trkpt>
      <trkpt lat="41.49205833333333" lon="-81.73405333333334"><ele>142.2</ele><time>2026-09-11T22:14:50Z</time></trkpt>
      <trkpt lat="41.49204666666667" lon="-81.73404833333333"><ele>142.2</ele><time>2026-09-11T22:14:51Z</time></trkpt>
      <trkpt lat="41.492041666666665" lon="-81.73404833333333"><ele>142.2</ele><time>2026-09-11T22:14:52Z</time></trkpt>
      <trkpt lat="41.49202833333333" lon="-81.73405"><ele>142.2</ele><time>2026-09-11T22:14:53Z</time></trkpt>
      <trkpt lat="41.49201333333333" lon="-81.73404166666667"><ele>142.2</ele><time>2026-09-11T22:14:54Z</time></trkpt>
      <trkpt lat="41.49201" lon="-81.73403166666667"><ele>143.1</ele><time>2026-09-11T22:14:55Z</time></trkpt>
      <trkpt lat="41.49201" lon="-81.734025"><ele>143.1</ele><time>2026-09-11T22:14:56Z</time></trkpt>
      <trkpt lat="41.49201333333333" lon="-81.73401333333334"><ele>143.1</ele><time>2026-09-11T22:14:57Z</time></trkpt>
      <trkpt lat="41.492015" lon="-81.73400666666667"><ele>143.1</ele><time>2026-09-11T22:14:58Z</time></trkpt>
      <trkpt lat="41.491995" lon="-81.73401"><ele>143.1</ele><time>2026-09-11T22:14:59Z</time></trkpt>
      <trkpt lat="41.491985" lon="-81.73401333333334"><ele>142.6</ele><time>2026-09-11T22:15:00Z</time></trkpt>
      <trkpt lat="41.49195666666667" lon="-81.73401666666666"><ele>143.1</ele><time>2026-09-11T22:15:01Z</time></trkpt>
      <trkpt lat="41.49194333333333" lon="-81.73401666666666"><ele>143.1</ele><time>2026-09-11T22:15:02Z</time></trkpt>
      <trkpt lat="41.491925" lon="-81.73400833333334"><ele>143.1</ele><time>2026-09-11T22:15:03Z</time></trkpt>
      <trkpt lat="41.49191833333333" lon="-81.73400666666667"><ele>143.1</ele><time>2026-09-11T22:15:04Z</time></trkpt>
      <trkpt lat="41.49190333333333" lon="-81.73399833333333"><ele>143.1</ele><time>2026-09-11T22:15:05Z</time></trkpt>
      <trkpt lat="41.491888333333335" lon="-81.733995"><ele>143.1</ele><time>2026-09-11T22:15:06Z</time></trkpt>
      <trkpt lat="41.49187833333333" lon="-81.73399666666667"><ele>143.1</ele><time>2026-09-11T22:15:07Z</time></trkpt>
      <trkpt lat="41.49187666666667" lon="-81.73400166666667"><ele>143.1</ele><time>2026-09-11T22:15:08Z</time></trkpt>
      <trkpt lat="41.491865" lon="-81.733995"><ele>143.1</ele><time>2026-09-11T22:15:09Z</time></trkpt>
      <trkpt lat="41.491855" lon="-81.73398833333333"><ele>143.1</ele><time>2026-09-11T22:15:10Z</time></trkpt>
      <trkpt lat="41.49184666666667" lon="-81.733975"><ele>143.1</ele><time>2026-09-11T22:15:11Z</time></trkpt>
      <trkpt lat="41.49183" lon="-81.733965"><ele>143.1</ele><time>2026-09-11T22:15:12Z</time></trkpt>
      <trkpt lat="41.49182" lon="-81.73396166666667"><ele>143.1</ele><time>2026-09-11T22:15:13Z</time></trkpt>
      <trkpt lat="41.49180833333333" lon="-81.733955"><ele>143.1</ele><time>2026-09-11T22:15:14Z</time></trkpt>
      <trkpt lat="41.4918" lon="-81.73395166666667"><ele>143.1</ele><time>2026-09-11T22:15:15Z</time></trkpt>
      <trkpt lat="41.49178833333333" lon="-81.73394666666667"><ele>142.2</ele><time>2026-09-11T22:15:16Z</time></trkpt>
      <trkpt lat="41.49177666666667" lon="-81.73394333333333"><ele>142.2</ele><time>2026-09-11T22:15:17Z</time></trkpt>
      <trkpt lat="41.49176833333333" lon="-81.73393333333334"><ele>142.2</ele><time>2026-09-11T22:15:18Z</time></trkpt>
      <trkpt lat="41.49175666666667" lon="-81.73392166666666"><ele>142.2</ele><time>2026-09-11T22:15:19Z</time></trkpt>
      <trkpt lat="41.491751666666666" lon="-81.733915"><ele>142.2</ele><time>2026-09-11T22:15:20Z</time></trkpt>
      <trkpt lat="41.49174" lon="-81.73390666666667"><ele>143.1</ele><time>2026-09-11T22:15:21Z</time></trkpt>
      <trkpt lat="41.49173666666667" lon="-81.73390666666667"><ele>143.1</ele><time>2026-09-11T22:15:22Z</time></trkpt>
      <trkpt lat="41.491726666666665" lon="-81.73390166666667"><ele>143.1</ele><time>2026-09-11T22:15:23Z</time></trkpt>
      <trkpt lat="41.491728333333334" lon="-81.73389166666666"><ele>143.1</ele><time>2026-09-11T22:15:24Z</time></trkpt>
      <trkpt lat="41.491728333333334" lon="-81.73388833333334"><ele>143.1</ele><time>2026-09-11T22:15:25Z</time></trkpt>
      <trkpt lat="41.491715" lon="-81.73388333333334"><ele>143.1</ele><time>2026-09-11T22:15:26Z</time></trkpt>
      <trkpt lat="41.49169166666667" lon="-81.73388666666666"><ele>141.9</ele><time>2026-09-11T22:15:27Z</time></trkpt>
      <trkpt lat="41.49168" lon="-81.73388666666666"><ele>143.1</ele><time>2026-09-11T22:15:28Z</time></trkpt>
      <trkpt lat="41.49166666666667" lon="-81.73388"><ele>143.1</ele><time>2026-09-11T22:15:29Z</time></trkpt>
      <trkpt lat="41.49165833333333" lon="-81.73387333333334"><ele>141.4</ele><time>2026-09-11T22:15:30Z</time></trkpt>
      <trkpt lat="41.49165333333333" lon="-81.73387166666667"><ele>141.4</ele><time>2026-09-11T22:15:31Z</time></trkpt>
      <trkpt lat="41.49164" lon="-81.733865"><ele>143.1</ele><time>2026-09-11T22:15:32Z</time></trkpt>
      <trkpt lat="41.49162833333333" lon="-81.73385833333333"><ele>143.1</ele><time>2026-09-11T22:15:33Z</time></trkpt>
      <trkpt lat="41.49162333333334" lon="-81.73385666666667"><ele>143.1</ele><time>2026-09-11T22:15:34Z</time></trkpt>
      <trkpt lat="41.49161333333333" lon="-81.73385166666667"><ele>143.1</ele><time>2026-09-11T22:15:35Z</time></trkpt>
      <trkpt lat="41.49160166666667" lon="-81.73384666666666"><ele>143.1</ele><time>2026-09-11T22:15:36Z</time></trkpt>
      <trkpt lat="41.49159" lon="-81.73384"><ele>143.1</ele><time>2026-09-11T22:15:37Z</time></trkpt>
      <trkpt lat="41.49158" lon="-81.733835"><ele>143.1</ele><time>2026-09-11T22:15:38Z</time></trkpt>
      <trkpt lat="41.491575" lon="-81.73383333333334"><ele>143.1</ele><time>2026-09-11T22:15:39Z</time></trkpt>
      <trkpt lat="41.491565" lon="-81.73383"><ele>143.1</ele><time>2026-09-11T22:15:40Z</time></trkpt>
      <trkpt lat="41.49155833333333" lon="-81.73382666666667"><ele>143.1</ele><time>2026-09-11T22:15:41Z</time></trkpt>
      <trkpt lat="41.491546666666665" lon="-81.73382166666667"><ele>142.2</ele><time>2026-09-11T22:15:42Z</time></trkpt>
      <trkpt lat="41.49153666666667" lon="-81.73381833333333"><ele>142.2</ele><time>2026-09-11T22:15:43Z</time></trkpt>
      <trkpt lat="41.491525" lon="-81.73381666666667"><ele>142.2</ele><time>2026-09-11T22:15:44Z</time></trkpt>
      <trkpt lat="41.491515" lon="-81.73381333333333"><ele>142.2</ele><time>2026-09-11T22:15:45Z</time></trkpt>
      <trkpt lat="41.491501666666665" lon="-81.73381333333333"><ele>142.2</ele><time>2026-09-11T22:15:46Z</time></trkpt>
      <trkpt lat="41.49149" lon="-81.73381"><ele>142.2</ele><time>2026-09-11T22:15:47Z</time></trkpt>
      <trkpt lat="41.491483333333335" lon="-81.73381"><ele>142.2</ele><time>2026-09-11T22:15:48Z</time></trkpt>
      <trkpt lat="41.49146833333333" lon="-81.73381166666667"><ele>143.1</ele><time>2026-09-11T22:15:49Z</time></trkpt>
      <trkpt lat="41.491460000000004" lon="-81.73381166666667"><ele>143.1</ele><time>2026-09-11T22:15:50Z</time></trkpt>
      <trkpt lat="41.49144666666667" lon="-81.73381"><ele>143.1</ele><time>2026-09-11T22:15:51Z</time></trkpt>
      <trkpt lat="41.491435" lon="-81.73380833333333"><ele>143.1</ele><time>2026-09-11T22:15:52Z</time></trkpt>
      <trkpt lat="41.49142333333333" lon="-81.733805"><ele>143</ele><time>2026-09-11T22:15:53Z</time></trkpt>
      <trkpt lat="41.49141" lon="-81.733805"><ele>143</ele><time>2026-09-11T22:15:54Z</time></trkpt>
      <trkpt lat="41.49140666666667" lon="-81.733805"><ele>142.8</ele><time>2026-09-11T22:15:55Z</time></trkpt>
      <trkpt lat="41.49139666666667" lon="-81.733805"><ele>142.7</ele><time>2026-09-11T22:15:56Z</time></trkpt>
      <trkpt lat="41.491385" lon="-81.73380333333333"><ele>142.2</ele><time>2026-09-11T22:15:57Z</time></trkpt>
      <trkpt lat="41.491373333333335" lon="-81.73380166666666"><ele>142.5</ele><time>2026-09-11T22:15:58Z</time></trkpt>
      <trkpt lat="41.491365" lon="-81.7338"><ele>142.5</ele><time>2026-09-11T22:15:59Z</time></trkpt>
      <trkpt lat="41.49135833333333" lon="-81.7338"><ele>142.8</ele><time>2026-09-11T22:16:00Z</time></trkpt>
      <trkpt lat="41.49134" lon="-81.73380333333333"><ele>142.6</ele><time>2026-09-11T22:16:01Z</time></trkpt>
      <trkpt lat="41.491326666666666" lon="-81.73380833333333"><ele>142.7</ele><time>2026-09-11T22:16:02Z</time></trkpt>
      <trkpt lat="41.49131833333333" lon="-81.73381"><ele>142.8</ele><time>2026-09-11T22:16:03Z</time></trkpt>
      <trkpt lat="41.491305" lon="-81.73380833333333"><ele>142.1</ele><time>2026-09-11T22:16:04Z</time></trkpt>
      <trkpt lat="41.49129666666666" lon="-81.73380833333333"><ele>141.8</ele><time>2026-09-11T22:16:05Z</time></trkpt>
      <trkpt lat="41.49128" lon="-81.73381166666667"><ele>141.9</ele><time>2026-09-11T22:16:06Z</time></trkpt>
      <trkpt lat="41.49127" lon="-81.73381333333333"><ele>142.1</ele><time>2026-09-11T22:16:07Z</time></trkpt>
      <trkpt lat="41.491258333333334" lon="-81.73381333333333"><ele>142.1</ele><time>2026-09-11T22:16:08Z</time></trkpt>
      <trkpt lat="41.491245" lon="-81.73381333333333"><ele>142.1</ele><time>2026-09-11T22:16:09Z</time></trkpt>
      <trkpt lat="41.491231666666664" lon="-81.73381166666667"><ele>142.4</ele><time>2026-09-11T22:16:10Z</time></trkpt>
      <trkpt lat="41.49122" lon="-81.73381333333333"><ele>142.4</ele><time>2026-09-11T22:16:11Z</time></trkpt>
      <trkpt lat="41.491215" lon="-81.733815"><ele>142.7</ele><time>2026-09-11T22:16:12Z</time></trkpt>
      <trkpt lat="41.49120166666667" lon="-81.73381666666667"><ele>142.7</ele><time>2026-09-11T22:16:13Z</time></trkpt>
      <trkpt lat="41.49119" lon="-81.73381833333333"><ele>142.6</ele><time>2026-09-11T22:16:14Z</time></trkpt>
      <trkpt lat="41.49118" lon="-81.733815"><ele>142.7</ele><time>2026-09-11T22:16:15Z</time></trkpt>
      <trkpt lat="41.491165" lon="-81.73381"><ele>143.299</ele><time>2026-09-11T22:16:16Z</time></trkpt>
      <trkpt lat="41.49115166666667" lon="-81.73380833333333"><ele>143.4</ele><time>2026-09-11T22:16:17Z</time></trkpt>
      <trkpt lat="41.491141666666664" lon="-81.73380666666667"><ele>143.4</ele><time>2026-09-11T22:16:18Z</time></trkpt>
      <trkpt lat="41.49113666666667" lon="-81.73380333333333"><ele>142.8</ele><time>2026-09-11T22:16:19Z</time></trkpt>
      <trkpt lat="41.491121666666665" lon="-81.733795"><ele>143</ele><time>2026-09-11T22:16:20Z</time></trkpt>
      <trkpt lat="41.49111666666667" lon="-81.73379166666666"><ele>143</ele><time>2026-09-11T22:16:21Z</time></trkpt>
      <trkpt lat="41.491101666666665" lon="-81.73379166666666"><ele>143.1</ele><time>2026-09-11T22:16:22Z</time></trkpt>
      <trkpt lat="41.491095" lon="-81.73379166666666"><ele>143.1</ele><time>2026-09-11T22:16:23Z</time></trkpt>
      <trkpt lat="41.491081666666666" lon="-81.73379166666666"><ele>142.7</ele><time>2026-09-11T22:16:24Z</time></trkpt>
      <trkpt lat="41.49107333333333" lon="-81.73379"><ele>142.7</ele><time>2026-09-11T22:16:25Z</time></trkpt>
      <trkpt lat="41.49106333333334" lon="-81.733795"><ele>142.7</ele><time>2026-09-11T22:16:26Z</time></trkpt>
      <trkpt lat="41.491056666666665" lon="-81.73380166666666"><ele>142.799</ele><time>2026-09-11T22:16:27Z</time></trkpt>
      <trkpt lat="41.49104666666667" lon="-81.733805"><ele>143.1</ele><time>2026-09-11T22:16:28Z</time></trkpt>
      <trkpt lat="41.49102833333333" lon="-81.733805"><ele>143</ele><time>2026-09-11T22:16:29Z</time></trkpt>
      <trkpt lat="41.491013333333335" lon="-81.73380333333333"><ele>143.3</ele><time>2026-09-11T22:16:30Z</time></trkpt>
      <trkpt lat="41.490993333333336" lon="-81.73380166666666"><ele>143.1</ele><time>2026-09-11T22:16:31Z</time></trkpt>
      <trkpt lat="41.490985" lon="-81.73380166666666"><ele>143.1</ele><time>2026-09-11T22:16:32Z</time></trkpt>
      <trkpt lat="41.49097666666667" lon="-81.73380333333333"><ele>143.5</ele><time>2026-09-11T22:16:33Z</time></trkpt>
      <trkpt lat="41.49097666666667" lon="-81.73380833333333"><ele>143.6</ele><time>2026-09-11T22:16:34Z</time></trkpt>
      <trkpt lat="41.49097666666667" lon="-81.73380833333333"><ele>143</ele><time>2026-09-11T22:16:35Z</time></trkpt>
      <trkpt lat="41.49097666666667" lon="-81.73380833333333"><ele>142.7</ele><time>2026-09-11T22:16:36Z</time></trkpt>
      <trkpt lat="41.49097666666667" lon="-81.733805"><ele>142.5</ele><time>2026-09-11T22:16:37Z</time></trkpt>
      <trkpt lat="41.490975" lon="-81.73380333333333"><ele>142</ele><time>2026-09-11T22:16:38Z</time></trkpt>
      <trkpt lat="41.49097666666667" lon="-81.73380166666666"><ele>142</ele><time>2026-09-11T22:16:39Z</time></trkpt>
      <trkpt lat="41.49097666666667" lon="-81.73380166666666"><ele>141.7</ele><time>2026-09-11T22:16:40Z</time></trkpt>
      <trkpt lat="41.49097666666667" lon="-81.7338"><ele>141.5</ele><time>2026-09-11T22:16:41Z</time></trkpt>
      <trkpt lat="41.49097666666667" lon="-81.7338"><ele>141.5</ele><time>2026-09-11T22:16:42Z</time></trkpt>
      <trkpt lat="41.490973333333336" lon="-81.7338"><ele>141.5</ele><time>2026-09-11T22:16:43Z</time></trkpt>
      <trkpt lat="41.490965" lon="-81.7338"><ele>141.6</ele><time>2026-09-11T22:16:44Z</time></trkpt>
      <trkpt lat="41.490955" lon="-81.73379833333334"><ele>141.6</ele><time>2026-09-11T22:16:45Z</time></trkpt>
      <trkpt lat="41.49093333333333" lon="-81.73379"><ele>141.4</ele><time>2026-09-11T22:16:46Z</time></trkpt>
      <trkpt lat="41.490928333333336" lon="-81.73378833333334"><ele>140.8</ele><time>2026-09-11T22:16:47Z</time></trkpt>
      <trkpt lat="41.49091166666667" lon="-81.73378333333334"><ele>141</ele><time>2026-09-11T22:16:48Z</time></trkpt>
      <trkpt lat="41.490898333333334" lon="-81.73378333333334"><ele>141.4</ele><time>2026-09-11T22:16:49Z</time></trkpt>
      <trkpt lat="41.490885" lon="-81.73378833333334"><ele>141.9</ele><time>2026-09-11T22:16:50Z</time></trkpt>
      <trkpt lat="41.49088" lon="-81.73379"><ele>141.9</ele><time>2026-09-11T22:16:51Z</time></trkpt>
      <trkpt lat="41.49087" lon="-81.73378833333334"><ele>142.2</ele><time>2026-09-11T22:16:52Z</time></trkpt>
      <trkpt lat="41.490853333333334" lon="-81.73378333333334"><ele>142.5</ele><time>2026-09-11T22:16:53Z</time></trkpt>
      <trkpt lat="41.490845" lon="-81.73378"><ele>142.5</ele><time>2026-09-11T22:16:54Z</time></trkpt>
      <trkpt lat="41.490838333333336" lon="-81.73377833333333"><ele>142.8</ele><time>2026-09-11T22:16:55Z</time></trkpt>
      <trkpt lat="41.490825" lon="-81.73377333333333"><ele>142.7</ele><time>2026-09-11T22:16:56Z</time></trkpt>
      <trkpt lat="41.490815" lon="-81.73377"><ele>142.8</ele><time>2026-09-11T22:16:57Z</time></trkpt>
      <trkpt lat="41.49080166666667" lon="-81.73376833333333"><ele>142.6</ele><time>2026-09-11T22:16:58Z</time></trkpt>
      <trkpt lat="41.490788333333334" lon="-81.73376666666667"><ele>142.8</ele><time>2026-09-11T22:16:59Z</time></trkpt>
      <trkpt lat="41.490775" lon="-81.73376666666667"><ele>142.8</ele><time>2026-09-11T22:17:00Z</time></trkpt>
      <trkpt lat="41.490765" lon="-81.733765"><ele>143.1</ele><time>2026-09-11T22:17:01Z</time></trkpt>
      <trkpt lat="41.490761666666664" lon="-81.733765"><ele>143.1</ele><time>2026-09-11T22:17:02Z</time></trkpt>
      <trkpt lat="41.490746666666666" lon="-81.73376"><ele>142.9</ele><time>2026-09-11T22:17:03Z</time></trkpt>
      <trkpt lat="41.490743333333334" lon="-81.73375833333333"><ele>142.9</ele><time>2026-09-11T22:17:04Z</time></trkpt>
      <trkpt lat="41.49073666666666" lon="-81.73375333333334"><ele>142.9</ele><time>2026-09-11T22:17:05Z</time></trkpt>
      <trkpt lat="41.49072833333334" lon="-81.73375"><ele>142.7</ele><time>2026-09-11T22:17:06Z</time></trkpt>
      <trkpt lat="41.490718333333334" lon="-81.73374833333334"><ele>142.799</ele><time>2026-09-11T22:17:07Z</time></trkpt>
      <trkpt lat="41.490705" lon="-81.733745"><ele>142.799</ele><time>2026-09-11T22:17:08Z</time></trkpt>
      <trkpt lat="41.49069166666666" lon="-81.73374166666666"><ele>142.799</ele><time>2026-09-11T22:17:09Z</time></trkpt>
      <trkpt lat="41.49069" lon="-81.733745"><ele>142.799</ele><time>2026-09-11T22:17:10Z</time></trkpt>
      <trkpt lat="41.490678333333335" lon="-81.733745"><ele>142.799</ele><time>2026-09-11T22:17:11Z</time></trkpt>
      <trkpt lat="41.49066" lon="-81.73374666666666"><ele>142.8</ele><time>2026-09-11T22:17:12Z</time></trkpt>
      <trkpt lat="41.490655" lon="-81.73374833333334"><ele>142.8</ele><time>2026-09-11T22:17:13Z</time></trkpt>
      <trkpt lat="41.49064833333333" lon="-81.73375"><ele>142.6</ele><time>2026-09-11T22:17:14Z</time></trkpt>
      <trkpt lat="41.49063" lon="-81.73375833333333"><ele>142.5</ele><time>2026-09-11T22:17:15Z</time></trkpt>
      <trkpt lat="41.49062333333333" lon="-81.73375833333333"><ele>142.2</ele><time>2026-09-11T22:17:16Z</time></trkpt>
      <trkpt lat="41.490613333333336" lon="-81.73376"><ele>142.3</ele><time>2026-09-11T22:17:17Z</time></trkpt>
      <trkpt lat="41.49060333333333" lon="-81.73376333333333"><ele>142.3</ele><time>2026-09-11T22:17:18Z</time></trkpt>
      <trkpt lat="41.49059333333334" lon="-81.73376666666667"><ele>142.1</ele><time>2026-09-11T22:17:19Z</time></trkpt>
      <trkpt lat="41.49058" lon="-81.73376666666667"><ele>142.2</ele><time>2026-09-11T22:17:20Z</time></trkpt>
      <trkpt lat="41.490568333333336" lon="-81.73377166666667"><ele>142.5</ele><time>2026-09-11T22:17:21Z</time></trkpt>
      <trkpt lat="41.49055666666667" lon="-81.73377666666667"><ele>142.6</ele><time>2026-09-11T22:17:22Z</time></trkpt>
      <trkpt lat="41.49054833333334" lon="-81.73378"><ele>142.6</ele><time>2026-09-11T22:17:23Z</time></trkpt>
      <trkpt lat="41.49054" lon="-81.733785"><ele>142.5</ele><time>2026-09-11T22:17:24Z</time></trkpt>
      <trkpt lat="41.490525" lon="-81.73379833333334"><ele>142.5</ele><time>2026-09-11T22:17:25Z</time></trkpt>
      <trkpt lat="41.490516666666664" lon="-81.73380333333333"><ele>142.4</ele><time>2026-09-11T22:17:26Z</time></trkpt>
      <trkpt lat="41.49050666666667" lon="-81.73381333333333"><ele>142.6</ele><time>2026-09-11T22:17:27Z</time></trkpt>
      <trkpt lat="41.4905" lon="-81.73382166666667"><ele>142.5</ele><time>2026-09-11T22:17:28Z</time></trkpt>
      <trkpt lat="41.490491666666664" lon="-81.73383333333334"><ele>142.6</ele><time>2026-09-11T22:17:29Z</time></trkpt>
      <trkpt lat="41.49048333333333" lon="-81.733845"><ele>142.6</ele><time>2026-09-11T22:17:30Z</time></trkpt>
      <trkpt lat="41.490475" lon="-81.73385666666667"><ele>142.799</ele><time>2026-09-11T22:17:31Z</time></trkpt>
      <trkpt lat="41.490471666666664" lon="-81.73386333333333"><ele>142.799</ele><time>2026-09-11T22:17:32Z</time></trkpt>
      <trkpt lat="41.490465" lon="-81.73387833333334"><ele>142.8</ele><time>2026-09-11T22:17:33Z</time></trkpt>
      <trkpt lat="41.490455" lon="-81.73389333333333"><ele>143</ele><time>2026-09-11T22:17:34Z</time></trkpt>
      <trkpt lat="41.49045" lon="-81.733905"><ele>143</ele><time>2026-09-11T22:17:35Z</time></trkpt>
      <trkpt lat="41.490446666666664" lon="-81.73391"><ele>143</ele><time>2026-09-11T22:17:36Z</time></trkpt>
      <trkpt lat="41.49044" lon="-81.73392333333334"><ele>143</ele><time>2026-09-11T22:17:37Z</time></trkpt>
      <trkpt lat="41.490431666666666" lon="-81.73393666666666"><ele>142.8</ele><time>2026-09-11T22:17:38Z</time></trkpt>
      <trkpt lat="41.49042333333333" lon="-81.73395"><ele>142.9</ele><time>2026-09-11T22:17:39Z</time></trkpt>
      <trkpt lat="41.490413333333336" lon="-81.73396333333334"><ele>142.7</ele><time>2026-09-11T22:17:40Z</time></trkpt>
      <trkpt lat="41.49040333333333" lon="-81.733975"><ele>142.8</ele><time>2026-09-11T22:17:41Z</time></trkpt>
      <trkpt lat="41.49039166666667" lon="-81.73398666666667"><ele>142.7</ele><time>2026-09-11T22:17:42Z</time></trkpt>
      <trkpt lat="41.490386666666666" lon="-81.73399"><ele>142.6</ele><time>2026-09-11T22:17:43Z</time></trkpt>
      <trkpt lat="41.49037666666667" lon="-81.73400166666667"><ele>142.7</ele><time>2026-09-11T22:17:44Z</time></trkpt>
      <trkpt lat="41.49036" lon="-81.73401166666666"><ele>142.7</ele><time>2026-09-11T22:17:45Z</time></trkpt>
      <trkpt lat="41.49035333333333" lon="-81.73401666666666"><ele>142.5</ele><time>2026-09-11T22:17:46Z</time></trkpt>
      <trkpt lat="41.490343333333335" lon="-81.73402166666666"><ele>142.5</ele><time>2026-09-11T22:17:47Z</time></trkpt>
      <trkpt lat="41.490336666666664" lon="-81.73402666666667"><ele>142.3</ele><time>2026-09-11T22:17:48Z</time></trkpt>
      <trkpt lat="41.49032666666667" lon="-81.73403166666667"><ele>142.5</ele><time>2026-09-11T22:17:49Z</time></trkpt>
      <trkpt lat="41.49031333333333" lon="-81.73403666666667"><ele>142.5</ele><time>2026-09-11T22:17:50Z</time></trkpt>
      <trkpt lat="41.490298333333335" lon="-81.73404"><ele>142.6</ele><time>2026-09-11T22:17:51Z</time></trkpt>
      <trkpt lat="41.49028166666667" lon="-81.73404333333333"><ele>142.3</ele><time>2026-09-11T22:17:52Z</time></trkpt>
      <trkpt lat="41.49027" lon="-81.73405"><ele>142.4</ele><time>2026-09-11T22:17:53Z</time></trkpt>
      <trkpt lat="41.49025666666667" lon="-81.73405833333334"><ele>142.1</ele><time>2026-09-11T22:17:54Z</time></trkpt>
      <trkpt lat="41.490251666666666" lon="-81.73406333333334"><ele>142.1</ele><time>2026-09-11T22:17:55Z</time></trkpt>
      <trkpt lat="41.49024" lon="-81.73407166666667"><ele>142.2</ele><time>2026-09-11T22:17:56Z</time></trkpt>
      <trkpt lat="41.490235" lon="-81.73407666666667"><ele>142.6</ele><time>2026-09-11T22:17:57Z</time></trkpt>
      <trkpt lat="41.490215" lon="-81.73408666666667"><ele>142.8</ele><time>2026-09-11T22:17:58Z</time></trkpt>
      <trkpt lat="41.490205" lon="-81.73409166666667"><ele>142.8</ele><time>2026-09-11T22:17:59Z</time></trkpt>
      <trkpt lat="41.49019833333333" lon="-81.73409666666667"><ele>142.8</ele><time>2026-09-11T22:18:00Z</time></trkpt>
      <trkpt lat="41.490188333333336" lon="-81.7341"><ele>142.7</ele><time>2026-09-11T22:18:01Z</time></trkpt>
      <trkpt lat="41.490175" lon="-81.73410666666666"><ele>142.7</ele><time>2026-09-11T22:18:02Z</time></trkpt>
      <trkpt lat="41.49016666666667" lon="-81.73411"><ele>142.8</ele><time>2026-09-11T22:18:03Z</time></trkpt>
      <trkpt lat="41.490161666666665" lon="-81.73411333333334"><ele>142.8</ele><time>2026-09-11T22:18:04Z</time></trkpt>
      <trkpt lat="41.49014" lon="-81.73412333333333"><ele>142.9</ele><time>2026-09-11T22:18:05Z</time></trkpt>
      <trkpt lat="41.49013" lon="-81.73412833333333"><ele>143</ele><time>2026-09-11T22:18:06Z</time></trkpt>
      <trkpt lat="41.49012333333334" lon="-81.73413333333333"><ele>143</ele><time>2026-09-11T22:18:07Z</time></trkpt>
      <trkpt lat="41.490118333333335" lon="-81.73414"><ele>143</ele><time>2026-09-11T22:18:08Z</time></trkpt>
      <trkpt lat="41.49011" lon="-81.73414666666666"><ele>143.1</ele><time>2026-09-11T22:18:09Z</time></trkpt>
      <trkpt lat="41.490098333333336" lon="-81.73415833333334"><ele>142.9</ele><time>2026-09-11T22:18:10Z</time></trkpt>
      <trkpt lat="41.49008833333333" lon="-81.73416833333333"><ele>143</ele><time>2026-09-11T22:18:11Z</time></trkpt>
      <trkpt lat="41.49007833333334" lon="-81.734175"><ele>143.3</ele><time>2026-09-11T22:18:12Z</time></trkpt>
      <trkpt lat="41.49006833333333" lon="-81.73418333333333"><ele>143.1</ele><time>2026-09-11T22:18:13Z</time></trkpt>
      <trkpt lat="41.490055" lon="-81.734195"><ele>143.3</ele><time>2026-09-11T22:18:14Z</time></trkpt>
      <trkpt lat="41.490048333333334" lon="-81.73420166666666"><ele>143.3</ele><time>2026-09-11T22:18:15Z</time></trkpt>
      <trkpt lat="41.49003666666667" lon="-81.73421"><ele>143.4</ele><time>2026-09-11T22:18:16Z</time></trkpt>
      <trkpt lat="41.49002333333333" lon="-81.73422166666667"><ele>143.6</ele><time>2026-09-11T22:18:17Z</time></trkpt>
      <trkpt lat="41.490015" lon="-81.73422833333333"><ele>143.6</ele><time>2026-09-11T22:18:18Z</time></trkpt>
      <trkpt lat="41.49001" lon="-81.73423333333334"><ele>143.3</ele><time>2026-09-11T22:18:19Z</time></trkpt>
      <trkpt lat="41.490001666666664" lon="-81.73424166666666"><ele>143.6</ele><time>2026-09-11T22:18:20Z</time></trkpt>
      <trkpt lat="41.48999666666667" lon="-81.73424666666666"><ele>143.4</ele><time>2026-09-11T22:18:21Z</time></trkpt>
      <trkpt lat="41.48999" lon="-81.73425666666667"><ele>143.1</ele><time>2026-09-11T22:18:22Z</time></trkpt>
      <trkpt lat="41.489981666666665" lon="-81.734265"><ele>143.3</ele><time>2026-09-11T22:18:23Z</time></trkpt>
      <trkpt lat="41.48998" lon="-81.73426833333333"><ele>143.4</ele><time>2026-09-11T22:18:24Z</time></trkpt>
      <trkpt lat="41.48997166666667" lon="-81.73427833333334"><ele>143.6</ele><time>2026-09-11T22:18:25Z</time></trkpt>
      <trkpt lat="41.489965" lon="-81.73429166666666"><ele>143.3</ele><time>2026-09-11T22:18:26Z</time></trkpt>
      <trkpt lat="41.489961666666666" lon="-81.73429833333333"><ele>143.2</ele><time>2026-09-11T22:18:27Z</time></trkpt>
      <trkpt lat="41.48995333333333" lon="-81.73430833333333"><ele>143.1</ele><time>2026-09-11T22:18:28Z</time></trkpt>
      <trkpt lat="41.48994833333333" lon="-81.734315"><ele>143.1</ele><time>2026-09-11T22:18:29Z</time></trkpt>
      <trkpt lat="41.48994" lon="-81.73432666666666"><ele>143</ele><time>2026-09-11T22:18:30Z</time></trkpt>
      <trkpt lat="41.489935" lon="-81.73433833333333"><ele>143.1</ele><time>2026-09-11T22:18:31Z</time></trkpt>
      <trkpt lat="41.489925" lon="-81.73435"><ele>143.2</ele><time>2026-09-11T22:18:32Z</time></trkpt>
      <trkpt lat="41.489918333333335" lon="-81.73436"><ele>143.4</ele><time>2026-09-11T22:18:33Z</time></trkpt>
      <trkpt lat="41.489913333333334" lon="-81.73436333333333"><ele>143.4</ele><time>2026-09-11T22:18:34Z</time></trkpt>
      <trkpt lat="41.48990333333333" lon="-81.73438"><ele>143.3</ele><time>2026-09-11T22:18:35Z</time></trkpt>
      <trkpt lat="41.48989666666667" lon="-81.73438833333333"><ele>143.2</ele><time>2026-09-11T22:18:36Z</time></trkpt>
      <trkpt lat="41.48988833333333" lon="-81.73439833333333"><ele>143.1</ele><time>2026-09-11T22:18:37Z</time></trkpt>
      <trkpt lat="41.48988" lon="-81.73441166666667"><ele>142.8</ele><time>2026-09-11T22:18:38Z</time></trkpt>
      <trkpt lat="41.48987" lon="-81.73442666666666"><ele>142.8</ele><time>2026-09-11T22:18:39Z</time></trkpt>
      <trkpt lat="41.48986166666667" lon="-81.73444"><ele>143.1</ele><time>2026-09-11T22:18:40Z</time></trkpt>
      <trkpt lat="41.48985666666667" lon="-81.73444666666667"><ele>142.6</ele><time>2026-09-11T22:18:41Z</time></trkpt>
      <trkpt lat="41.48985166666667" lon="-81.73444833333333"><ele>142.5</ele><time>2026-09-11T22:18:42Z</time></trkpt>
      <trkpt lat="41.489848333333335" lon="-81.734445"><ele>142.4</ele><time>2026-09-11T22:18:43Z</time></trkpt>
      <trkpt lat="41.48985" lon="-81.73444166666667"><ele>142.4</ele><time>2026-09-11T22:18:44Z</time></trkpt>
      <trkpt lat="41.489853333333336" lon="-81.73444166666667"><ele>141.9</ele><time>2026-09-11T22:18:45Z</time></trkpt>
      <trkpt lat="41.489853333333336" lon="-81.73444166666667"><ele>141.7</ele><time>2026-09-11T22:18:46Z</time></trkpt>
      <trkpt lat="41.489853333333336" lon="-81.734445"><ele>141.9</ele><time>2026-09-11T22:18:47Z</time></trkpt>
      <trkpt lat="41.489853333333336" lon="-81.73444666666667"><ele>141.9</ele><time>2026-09-11T22:18:48Z</time></trkpt>
      <trkpt lat="41.489853333333336" lon="-81.73445"><ele>141.9</ele><time>2026-09-11T22:18:49Z</time></trkpt>
      <trkpt lat="41.48985" lon="-81.73446166666666"><ele>141.7</ele><time>2026-09-11T22:18:50Z</time></trkpt>
      <trkpt lat="41.489846666666665" lon="-81.73446666666666"><ele>141.7</ele><time>2026-09-11T22:18:51Z</time></trkpt>
      <trkpt lat="41.48984" lon="-81.73448833333333"><ele>142.1</ele><time>2026-09-11T22:18:52Z</time></trkpt>
      <trkpt lat="41.48983333333334" lon="-81.73449333333333"><ele>142.1</ele><time>2026-09-11T22:18:53Z</time></trkpt>
      <trkpt lat="41.489825" lon="-81.73450166666667"><ele>142.2</ele><time>2026-09-11T22:18:54Z</time></trkpt>
      <trkpt lat="41.48982" lon="-81.73451"><ele>142.5</ele><time>2026-09-11T22:18:55Z</time></trkpt>
      <trkpt lat="41.48981333333333" lon="-81.73452166666667"><ele>142.6</ele><time>2026-09-11T22:18:56Z</time></trkpt>
      <trkpt lat="41.48980666666667" lon="-81.73453333333333"><ele>142.799</ele><time>2026-09-11T22:18:57Z</time></trkpt>
      <trkpt lat="41.489803333333334" lon="-81.73453833333333"><ele>142.799</ele><time>2026-09-11T22:18:58Z</time></trkpt>
      <trkpt lat="41.48979833333333" lon="-81.734555"><ele>142.899</ele><time>2026-09-11T22:18:59Z</time></trkpt>
      <trkpt lat="41.489795" lon="-81.73456166666666"><ele>142.899</ele><time>2026-09-11T22:19:00Z</time></trkpt>
      <trkpt lat="41.48978833333334" lon="-81.73458333333333"><ele>143.199</ele><time>2026-09-11T22:19:01Z</time></trkpt>
      <trkpt lat="41.489783333333335" lon="-81.73459333333334"><ele>143.199</ele><time>2026-09-11T22:19:02Z</time></trkpt>
      <trkpt lat="41.489778333333334" lon="-81.73461"><ele>142.799</ele><time>2026-09-11T22:19:03Z</time></trkpt>
      <trkpt lat="41.48977333333333" lon="-81.73462"><ele>142.4</ele><time>2026-09-11T22:19:04Z</time></trkpt>
      <trkpt lat="41.48976833333333" lon="-81.73463166666667"><ele>142.8</ele><time>2026-09-11T22:19:05Z</time></trkpt>
      <trkpt lat="41.489763333333336" lon="-81.73464"><ele>142.8</ele><time>2026-09-11T22:19:06Z</time></trkpt>
      <trkpt lat="41.48976" lon="-81.73465166666666"><ele>142.7</ele><time>2026-09-11T22:19:07Z</time></trkpt>
      <trkpt lat="41.489756666666665" lon="-81.73466166666667"><ele>142.5</ele><time>2026-09-11T22:19:08Z</time></trkpt>
      <trkpt lat="41.489755" lon="-81.73467166666667"><ele>142.4</ele><time>2026-09-11T22:19:09Z</time></trkpt>
      <trkpt lat="41.489756666666665" lon="-81.73468166666666"><ele>142.8</ele><time>2026-09-11T22:19:10Z</time></trkpt>
      <trkpt lat="41.489758333333334" lon="-81.73469333333334"><ele>142.7</ele><time>2026-09-11T22:19:11Z</time></trkpt>
      <trkpt lat="41.489763333333336" lon="-81.73469833333333"><ele>142.8</ele><time>2026-09-11T22:19:12Z</time></trkpt>
      <trkpt lat="41.48976833333333" lon="-81.73470666666667"><ele>142.8</ele><time>2026-09-11T22:19:13Z</time></trkpt>
      <trkpt lat="41.489775" lon="-81.73470833333333"><ele>142.8</ele><time>2026-09-11T22:19:14Z</time></trkpt>
      <trkpt lat="41.489781666666666" lon="-81.73470833333333"><ele>142.7</ele><time>2026-09-11T22:19:15Z</time></trkpt>
      <trkpt lat="41.48978666666667" lon="-81.73470833333333"><ele>143</ele><time>2026-09-11T22:19:16Z</time></trkpt>
      <trkpt lat="41.48978666666667" lon="-81.73470666666667"><ele>143.1</ele><time>2026-09-11T22:19:17Z</time></trkpt>
      <trkpt lat="41.489783333333335" lon="-81.73470833333333"><ele>143.2</ele><time>2026-09-11T22:19:18Z</time></trkpt>
      <trkpt lat="41.489781666666666" lon="-81.73470833333333"><ele>143</ele><time>2026-09-11T22:19:19Z</time></trkpt>
      <trkpt lat="41.489781666666666" lon="-81.73470666666667"><ele>143.3</ele><time>2026-09-11T22:19:20Z</time></trkpt>
      <trkpt lat="41.48978833333334" lon="-81.734705"><ele>143.1</ele><time>2026-09-11T22:19:21Z</time></trkpt>
      <trkpt lat="41.48979" lon="-81.734705"><ele>143.1</ele><time>2026-09-11T22:19:22Z</time></trkpt>
      <trkpt lat="41.489733333333334" lon="-81.73477333333334"><ele>143.2</ele><time>2026-09-11T22:19:23Z</time></trkpt>
      <trkpt lat="41.489711666666665" lon="-81.7348"><ele>143.2</ele><time>2026-09-11T22:19:24Z</time></trkpt>
      <trkpt lat="41.48970666666666" lon="-81.7348"><ele>143.2</ele><time>2026-09-11T22:19:25Z</time></trkpt>
      <trkpt lat="41.48969833333334" lon="-81.73481"><ele>143.2</ele><time>2026-09-11T22:19:26Z</time></trkpt>
      <trkpt lat="41.489691666666666" lon="-81.73482"><ele>143.1</ele><time>2026-09-11T22:19:27Z</time></trkpt>
      <trkpt lat="41.489685" lon="-81.73483166666666"><ele>143.299</ele><time>2026-09-11T22:19:28Z</time></trkpt>
      <trkpt lat="41.48967833333333" lon="-81.73483666666667"><ele>143.299</ele><time>2026-09-11T22:19:29Z</time></trkpt>
      <trkpt lat="41.489673333333336" lon="-81.73486"><ele>143</ele><time>2026-09-11T22:19:30Z</time></trkpt>
      <trkpt lat="41.489671666666666" lon="-81.73488666666667"><ele>142.6</ele><time>2026-09-11T22:19:31Z</time></trkpt>
      <trkpt lat="41.489666666666665" lon="-81.734905"><ele>142.6</ele><time>2026-09-11T22:19:32Z</time></trkpt>
      <trkpt lat="41.48966333333333" lon="-81.73492"><ele>142.799</ele><time>2026-09-11T22:19:33Z</time></trkpt>
      <trkpt lat="41.48965833333333" lon="-81.734935"><ele>142.6</ele><time>2026-09-11T22:19:34Z</time></trkpt>
      <trkpt lat="41.48965333333334" lon="-81.73494666666667"><ele>142.2</ele><time>2026-09-11T22:19:35Z</time></trkpt>
      <trkpt lat="41.48965" lon="-81.73496"><ele>142.2</ele><time>2026-09-11T22:19:36Z</time></trkpt>
      <trkpt lat="41.489645" lon="-81.734975"><ele>142.5</ele><time>2026-09-11T22:19:37Z</time></trkpt>
      <trkpt lat="41.48964" lon="-81.73499166666667"><ele>142.5</ele><time>2026-09-11T22:19:38Z</time></trkpt>
      <trkpt lat="41.489635" lon="-81.73500333333334"><ele>142.6</ele><time>2026-09-11T22:19:39Z</time></trkpt>
      <trkpt lat="41.48963" lon="-81.73501666666667"><ele>142.7</ele><time>2026-09-11T22:19:40Z</time></trkpt>
      <trkpt lat="41.489625" lon="-81.73503"><ele>142.799</ele><time>2026-09-11T22:19:41Z</time></trkpt>
      <trkpt lat="41.489621666666665" lon="-81.73504333333334"><ele>142.7</ele><time>2026-09-11T22:19:42Z</time></trkpt>
      <trkpt lat="41.48962" lon="-81.73505833333333"><ele>143.1</ele><time>2026-09-11T22:19:43Z</time></trkpt>
      <trkpt lat="41.48961833333333" lon="-81.735075"><ele>143.2</ele><time>2026-09-11T22:19:44Z</time></trkpt>
      <trkpt lat="41.489615" lon="-81.73509"><ele>143.2</ele><time>2026-09-11T22:19:45Z</time></trkpt>
      <trkpt lat="41.48961" lon="-81.735105"><ele>143.2</ele><time>2026-09-11T22:19:46Z</time></trkpt>
      <trkpt lat="41.489603333333335" lon="-81.73511833333333"><ele>143.299</ele><time>2026-09-11T22:19:47Z</time></trkpt>
      <trkpt lat="41.48959833333333" lon="-81.73513"><ele>143.3</ele><time>2026-09-11T22:19:48Z</time></trkpt>
      <trkpt lat="41.489595" lon="-81.73514666666667"><ele>143.1</ele><time>2026-09-11T22:19:49Z</time></trkpt>
      <trkpt lat="41.48959333333333" lon="-81.73516"><ele>143.1</ele><time>2026-09-11T22:19:50Z</time></trkpt>
      <trkpt lat="41.48959" lon="-81.735175"><ele>143.2</ele><time>2026-09-11T22:19:51Z</time></trkpt>
      <trkpt lat="41.48958666666667" lon="-81.73519166666667"><ele>143.1</ele><time>2026-09-11T22:19:52Z</time></trkpt>
      <trkpt lat="41.489583333333336" lon="-81.735205"><ele>143.1</ele><time>2026-09-11T22:19:53Z</time></trkpt>
      <trkpt lat="41.489581666666666" lon="-81.73521833333334"><ele>143.3</ele><time>2026-09-11T22:19:54Z</time></trkpt>
      <trkpt lat="41.489583333333336" lon="-81.73522833333334"><ele>143.1</ele><time>2026-09-11T22:19:55Z</time></trkpt>
      <trkpt lat="41.489585" lon="-81.73522666666666"><ele>143.4</ele><time>2026-09-11T22:19:56Z</time></trkpt>
      <trkpt lat="41.48959" lon="-81.73521666666667"><ele>143</ele><time>2026-09-11T22:19:57Z</time></trkpt>
      <trkpt lat="41.48959333333333" lon="-81.73520833333333"><ele>142.9</ele><time>2026-09-11T22:19:58Z</time></trkpt>
      <trkpt lat="41.489596666666664" lon="-81.73520166666667"><ele>142.8</ele><time>2026-09-11T22:19:59Z</time></trkpt>
      <trkpt lat="41.489596666666664" lon="-81.73520166666667"><ele>142.7</ele><time>2026-09-11T22:20:00Z</time></trkpt>
      <trkpt lat="41.489595" lon="-81.735205"><ele>142.7</ele><time>2026-09-11T22:20:01Z</time></trkpt>
      <trkpt lat="41.48959" lon="-81.73521333333333"><ele>142.8</ele><time>2026-09-11T22:20:02Z</time></trkpt>
      <trkpt lat="41.48958" lon="-81.73522166666666"><ele>142.5</ele><time>2026-09-11T22:20:03Z</time></trkpt>
      <trkpt lat="41.48957" lon="-81.735235"><ele>142.3</ele><time>2026-09-11T22:20:04Z</time></trkpt>
      <trkpt lat="41.489565" lon="-81.73524166666667"><ele>142.5</ele><time>2026-09-11T22:20:05Z</time></trkpt>
      <trkpt lat="41.48956166666667" lon="-81.735245"><ele>142.6</ele><time>2026-09-11T22:20:06Z</time></trkpt>
      <trkpt lat="41.489556666666665" lon="-81.73525166666667"><ele>142.6</ele><time>2026-09-11T22:20:07Z</time></trkpt>
      <trkpt lat="41.48955333333333" lon="-81.73526166666667"><ele>142.7</ele><time>2026-09-11T22:20:08Z</time></trkpt>
      <trkpt lat="41.48955" lon="-81.73527166666666"><ele>142.399</ele><time>2026-09-11T22:20:09Z</time></trkpt>
      <trkpt lat="41.489545" lon="-81.73528333333333"><ele>142.499</ele><time>2026-09-11T22:20:10Z</time></trkpt>
      <trkpt lat="41.489538333333336" lon="-81.735285"><ele>142.499</ele><time>2026-09-11T22:20:11Z</time></trkpt>
      <trkpt lat="41.489533333333334" lon="-81.73529333333333"><ele>142.299</ele><time>2026-09-11T22:20:12Z</time></trkpt>
      <trkpt lat="41.48952833333333" lon="-81.73529833333333"><ele>142.799</ele><time>2026-09-11T22:20:13Z</time></trkpt>
      <trkpt lat="41.48952166666667" lon="-81.73530166666667"><ele>142.9</ele><time>2026-09-11T22:20:14Z</time></trkpt>
      <trkpt lat="41.48951666666667" lon="-81.73530333333333"><ele>143</ele><time>2026-09-11T22:20:15Z</time></trkpt>
      <trkpt lat="41.48951" lon="-81.73530833333334"><ele>143.3</ele><time>2026-09-11T22:20:16Z</time></trkpt>
      <trkpt lat="41.48950166666667" lon="-81.735315"><ele>143.5</ele><time>2026-09-11T22:20:17Z</time></trkpt>
      <trkpt lat="41.489493333333336" lon="-81.73532333333333"><ele>143.5</ele><time>2026-09-11T22:20:18Z</time></trkpt>
      <trkpt lat="41.489488333333334" lon="-81.73532333333333"><ele>143.4</ele><time>2026-09-11T22:20:19Z</time></trkpt>
      <trkpt lat="41.48947666666667" lon="-81.73535"><ele>143.4</ele><time>2026-09-11T22:20:20Z</time></trkpt>
      <trkpt lat="41.48947" lon="-81.73537166666667"><ele>143.4</ele><time>2026-09-11T22:20:21Z</time></trkpt>
      <trkpt lat="41.489465" lon="-81.735395"><ele>143.5</ele><time>2026-09-11T22:20:22Z</time></trkpt>
      <trkpt lat="41.489461666666664" lon="-81.73541833333333"><ele>143.3</ele><time>2026-09-11T22:20:23Z</time></trkpt>
      <trkpt lat="41.48945833333333" lon="-81.73544166666667"><ele>143.5</ele><time>2026-09-11T22:20:24Z</time></trkpt>
      <trkpt lat="41.48945833333333" lon="-81.73545833333333"><ele>143.3</ele><time>2026-09-11T22:20:25Z</time></trkpt>
      <trkpt lat="41.48945666666667" lon="-81.73547666666667"><ele>142.8</ele><time>2026-09-11T22:20:26Z</time></trkpt>
      <trkpt lat="41.489455" lon="-81.73548333333333"><ele>142.8</ele><time>2026-09-11T22:20:27Z</time></trkpt>
      <trkpt lat="41.489443333333334" lon="-81.73550166666666"><ele>143</ele><time>2026-09-11T22:20:28Z</time></trkpt>
      <trkpt lat="41.489435" lon="-81.735515"><ele>142.9</ele><time>2026-09-11T22:20:29Z</time></trkpt>
      <trkpt lat="41.489428333333336" lon="-81.73553"><ele>142.8</ele><time>2026-09-11T22:20:30Z</time></trkpt>
      <trkpt lat="41.489423333333335" lon="-81.73554333333334"><ele>142.6</ele><time>2026-09-11T22:20:31Z</time></trkpt>
      <trkpt lat="41.48941833333333" lon="-81.73555833333333"><ele>142.5</ele><time>2026-09-11T22:20:32Z</time></trkpt>
      <trkpt lat="41.48942" lon="-81.73556833333333"><ele>142.8</ele><time>2026-09-11T22:20:33Z</time></trkpt>
      <trkpt lat="41.489423333333335" lon="-81.73557666666666"><ele>143</ele><time>2026-09-11T22:20:34Z</time></trkpt>
      <trkpt lat="41.489423333333335" lon="-81.73558333333334"><ele>143.1</ele><time>2026-09-11T22:20:35Z</time></trkpt>
      <trkpt lat="41.48942666666667" lon="-81.73559333333333"><ele>143.2</ele><time>2026-09-11T22:20:36Z</time></trkpt>
      <trkpt lat="41.489428333333336" lon="-81.7356"><ele>143.2</ele><time>2026-09-11T22:20:37Z</time></trkpt>
      <trkpt lat="41.48942" lon="-81.735645"><ele>143.2</ele><time>2026-09-11T22:20:38Z</time></trkpt>
      <trkpt lat="41.48940666666667" lon="-81.73566166666667"><ele>143</ele><time>2026-09-11T22:20:39Z</time></trkpt>
      <trkpt lat="41.489396666666664" lon="-81.73567166666666"><ele>143.2</ele><time>2026-09-11T22:20:40Z</time></trkpt>
      <trkpt lat="41.489396666666664" lon="-81.73567666666666"><ele>142.799</ele><time>2026-09-11T22:20:41Z</time></trkpt>
      <trkpt lat="41.489383333333336" lon="-81.735685"><ele>143.299</ele><time>2026-09-11T22:20:42Z</time></trkpt>
      <trkpt lat="41.48937166666666" lon="-81.73569333333333"><ele>143.1</ele><time>2026-09-11T22:20:43Z</time></trkpt>
      <trkpt lat="41.48936166666667" lon="-81.73570833333333"><ele>143.1</ele><time>2026-09-11T22:20:44Z</time></trkpt>
      <trkpt lat="41.48936" lon="-81.73571833333334"><ele>143.1</ele><time>2026-09-11T22:20:45Z</time></trkpt>
      <trkpt lat="41.48935" lon="-81.73573666666667"><ele>143.1</ele><time>2026-09-11T22:20:46Z</time></trkpt>
      <trkpt lat="41.489345" lon="-81.735745"><ele>143.1</ele><time>2026-09-11T22:20:47Z</time></trkpt>
      <trkpt lat="41.48934" lon="-81.73576166666666"><ele>143</ele><time>2026-09-11T22:20:48Z</time></trkpt>
      <trkpt lat="41.489333333333335" lon="-81.73577833333333"><ele>143</ele><time>2026-09-11T22:20:49Z</time></trkpt>
      <trkpt lat="41.48932833333333" lon="-81.73579333333333"><ele>143</ele><time>2026-09-11T22:20:50Z</time></trkpt>
      <trkpt lat="41.48932166666667" lon="-81.73581333333334"><ele>143</ele><time>2026-09-11T22:20:51Z</time></trkpt>
      <trkpt lat="41.48931666666667" lon="-81.73582333333333"><ele>143</ele><time>2026-09-11T22:20:52Z</time></trkpt>
      <trkpt lat="41.489308333333334" lon="-81.73584166666667"><ele>143.3</ele><time>2026-09-11T22:20:53Z</time></trkpt>
      <trkpt lat="41.48930333333333" lon="-81.735855"><ele>142.6</ele><time>2026-09-11T22:20:54Z</time></trkpt>
      <trkpt lat="41.48929666666667" lon="-81.73586333333333"><ele>142.8</ele><time>2026-09-11T22:20:55Z</time></trkpt>
      <trkpt lat="41.489288333333334" lon="-81.73587"><ele>142.3</ele><time>2026-09-11T22:20:56Z</time></trkpt>
      <trkpt lat="41.48928" lon="-81.73587333333333"><ele>142.6</ele><time>2026-09-11T22:20:57Z</time></trkpt>
      <trkpt lat="41.48927666666667" lon="-81.73587"><ele>142.6</ele><time>2026-09-11T22:20:58Z</time></trkpt>
      <trkpt lat="41.489268333333335" lon="-81.73587833333333"><ele>142.4</ele><time>2026-09-11T22:20:59Z</time></trkpt>
      <trkpt lat="41.48925666666667" lon="-81.735895"><ele>142.5</ele><time>2026-09-11T22:21:00Z</time></trkpt>
      <trkpt lat="41.489248333333336" lon="-81.73591"><ele>142.5</ele><time>2026-09-11T22:21:01Z</time></trkpt>
      <trkpt lat="41.48924" lon="-81.735925"><ele>142.5</ele><time>2026-09-11T22:21:02Z</time></trkpt>
      <trkpt lat="41.48923666666666" lon="-81.73594333333334"><ele>142.7</ele><time>2026-09-11T22:21:03Z</time></trkpt>
      <trkpt lat="41.489235" lon="-81.73596166666667"><ele>143</ele><time>2026-09-11T22:21:04Z</time></trkpt>
      <trkpt lat="41.48923666666666" lon="-81.73597833333334"><ele>142.7</ele><time>2026-09-11T22:21:05Z</time></trkpt>
      <trkpt lat="41.489243333333334" lon="-81.735985"><ele>142.8</ele><time>2026-09-11T22:21:06Z</time></trkpt>
      <trkpt lat="41.489241666666665" lon="-81.735985"><ele>142.8</ele><time>2026-09-11T22:21:07Z</time></trkpt>
      <trkpt lat="41.489241666666665" lon="-81.735975"><ele>142.9</ele><time>2026-09-11T22:21:08Z</time></trkpt>
      <trkpt lat="41.48923333333333" lon="-81.73599333333334"><ele>142.6</ele><time>2026-09-11T22:21:09Z</time></trkpt>
      <trkpt lat="41.48923166666667" lon="-81.73599333333334"><ele>142.6</ele><time>2026-09-11T22:21:10Z</time></trkpt>
      <trkpt lat="41.48923" lon="-81.735995"><ele>143.1</ele><time>2026-09-11T22:21:11Z</time></trkpt>
      <trkpt lat="41.48923833333333" lon="-81.73599666666667"><ele>143.2</ele><time>2026-09-11T22:21:12Z</time></trkpt>
      <trkpt lat="41.48923833333333" lon="-81.73602"><ele>143.1</ele><time>2026-09-11T22:21:13Z</time></trkpt>
      <trkpt lat="41.48922666666667" lon="-81.73604333333333"><ele>143</ele><time>2026-09-11T22:21:14Z</time></trkpt>
      <trkpt lat="41.489221666666666" lon="-81.73605833333333"><ele>143</ele><time>2026-09-11T22:21:15Z</time></trkpt>
      <trkpt lat="41.48921166666667" lon="-81.73607"><ele>142.7</ele><time>2026-09-11T22:21:16Z</time></trkpt>
      <trkpt lat="41.489203333333336" lon="-81.73608666666667"><ele>142.7</ele><time>2026-09-11T22:21:17Z</time></trkpt>
      <trkpt lat="41.48919166666667" lon="-81.73611333333334"><ele>143</ele><time>2026-09-11T22:21:18Z</time></trkpt>
      <trkpt lat="41.48917333333333" lon="-81.73614833333333"><ele>142.8</ele><time>2026-09-11T22:21:19Z</time></trkpt>
      <trkpt lat="41.48916" lon="-81.73616833333334"><ele>143.2</ele><time>2026-09-11T22:21:20Z</time></trkpt>
      <trkpt lat="41.489153333333334" lon="-81.73618333333333"><ele>142.7</ele><time>2026-09-11T22:21:21Z</time></trkpt>
      <trkpt lat="41.48914166666667" lon="-81.736205"><ele>142</ele><time>2026-09-11T22:21:22Z</time></trkpt>
      <trkpt lat="41.489135" lon="-81.73622"><ele>142.9</ele><time>2026-09-11T22:21:23Z</time></trkpt>
      <trkpt lat="41.489131666666665" lon="-81.736235"><ele>142.5</ele><time>2026-09-11T22:21:24Z</time></trkpt>
      <trkpt lat="41.48913" lon="-81.73624833333334"><ele>142.6</ele><time>2026-09-11T22:21:25Z</time></trkpt>
      <trkpt lat="41.489131666666665" lon="-81.73626166666666"><ele>142.4</ele><time>2026-09-11T22:21:26Z</time></trkpt>
      <trkpt lat="41.489131666666665" lon="-81.73627166666667"><ele>142.8</ele><time>2026-09-11T22:21:27Z</time></trkpt>
      <trkpt lat="41.48913" lon="-81.73628166666667"><ele>142.5</ele><time>2026-09-11T22:21:28Z</time></trkpt>
      <trkpt lat="41.48912833333333" lon="-81.73629333333334"><ele>142.6</ele><time>2026-09-11T22:21:29Z</time></trkpt>
      <trkpt lat="41.489125" lon="-81.73630666666666"><ele>142.7</ele><time>2026-09-11T22:21:30Z</time></trkpt>
      <trkpt lat="41.48912" lon="-81.73631833333333"><ele>142.7</ele><time>2026-09-11T22:21:31Z</time></trkpt>
      <trkpt lat="41.489111666666666" lon="-81.73633"><ele>142.7</ele><time>2026-09-11T22:21:32Z</time></trkpt>
      <trkpt lat="41.4891" lon="-81.73633333333333"><ele>142.6</ele><time>2026-09-11T22:21:33Z</time></trkpt>
      <trkpt lat="41.489088333333335" lon="-81.73633833333334"><ele>142.7</ele><time>2026-09-11T22:21:34Z</time></trkpt>
      <trkpt lat="41.48907833333333" lon="-81.73635"><ele>143</ele><time>2026-09-11T22:21:35Z</time></trkpt>
      <trkpt lat="41.48907" lon="-81.73636666666667"><ele>143</ele><time>2026-09-11T22:21:36Z</time></trkpt>
      <trkpt lat="41.48907" lon="-81.73637833333333"><ele>143</ele><time>2026-09-11T22:21:37Z</time></trkpt>
      <trkpt lat="41.489075" lon="-81.73638833333334"><ele>143</ele><time>2026-09-11T22:21:38Z</time></trkpt>
      <trkpt lat="41.489061666666665" lon="-81.7364"><ele>143.3</ele><time>2026-09-11T22:21:39Z</time></trkpt>
      <trkpt lat="41.48905333333333" lon="-81.73641"><ele>143.6</ele><time>2026-09-11T22:21:40Z</time></trkpt>
      <trkpt lat="41.489041666666665" lon="-81.73642333333333"><ele>143.2</ele><time>2026-09-11T22:21:41Z</time></trkpt>
      <trkpt lat="41.48903166666667" lon="-81.73641833333333"><ele>142.799</ele><time>2026-09-11T22:21:42Z</time></trkpt>
      <trkpt lat="41.489025" lon="-81.73642166666667"><ele>142.999</ele><time>2026-09-11T22:21:43Z</time></trkpt>
      <trkpt lat="41.489021666666666" lon="-81.736445"><ele>142.899</ele><time>2026-09-11T22:21:44Z</time></trkpt>
      <trkpt lat="41.489021666666666" lon="-81.73647"><ele>142.899</ele><time>2026-09-11T22:21:45Z</time></trkpt>
      <trkpt lat="41.489018333333334" lon="-81.736485"><ele>143.099</ele><time>2026-09-11T22:21:46Z</time></trkpt>
      <trkpt lat="41.48901333333333" lon="-81.73650166666667"><ele>143.199</ele><time>2026-09-11T22:21:47Z</time></trkpt>
      <trkpt lat="41.48900666666667" lon="-81.73652"><ele>142.1</ele><time>2026-09-11T22:21:48Z</time></trkpt>
      <trkpt lat="41.489" lon="-81.736535"><ele>142.5</ele><time>2026-09-11T22:21:49Z</time></trkpt>
      <trkpt lat="41.488995" lon="-81.73654333333333"><ele>142</ele><time>2026-09-11T22:21:50Z</time></trkpt>
      <trkpt lat="41.488985" lon="-81.73656"><ele>142.4</ele><time>2026-09-11T22:21:51Z</time></trkpt>
      <trkpt lat="41.48898166666667" lon="-81.73656833333334"><ele>142.4</ele><time>2026-09-11T22:21:52Z</time></trkpt>
      <trkpt lat="41.488976666666666" lon="-81.73658166666667"><ele>142.5</ele><time>2026-09-11T22:21:53Z</time></trkpt>
      <trkpt lat="41.488975" lon="-81.73658833333333"><ele>142.8</ele><time>2026-09-11T22:21:54Z</time></trkpt>
      <trkpt lat="41.48896666666667" lon="-81.73660833333334"><ele>142.6</ele><time>2026-09-11T22:21:55Z</time></trkpt>
      <trkpt lat="41.48896333333333" lon="-81.736615"><ele>142.6</ele><time>2026-09-11T22:21:56Z</time></trkpt>
      <trkpt lat="41.488958333333336" lon="-81.73663166666667"><ele>142.8</ele><time>2026-09-11T22:21:57Z</time></trkpt>
      <trkpt lat="41.488953333333335" lon="-81.73664333333333"><ele>142.7</ele><time>2026-09-11T22:21:58Z</time></trkpt>
      <trkpt lat="41.48894666666666" lon="-81.73666166666666"><ele>143</ele><time>2026-09-11T22:21:59Z</time></trkpt>
      <trkpt lat="41.48894" lon="-81.73666833333333"><ele>142.6</ele><time>2026-09-11T22:22:00Z</time></trkpt>
      <trkpt lat="41.48893" lon="-81.73668166666667"><ele>142.7</ele><time>2026-09-11T22:22:01Z</time></trkpt>
      <trkpt lat="41.48892333333333" lon="-81.73669666666666"><ele>142.6</ele><time>2026-09-11T22:22:02Z</time></trkpt>
      <trkpt lat="41.48892" lon="-81.73670333333334"><ele>143.1</ele><time>2026-09-11T22:22:03Z</time></trkpt>
      <trkpt lat="41.488913333333336" lon="-81.73672666666667"><ele>143.3</ele><time>2026-09-11T22:22:04Z</time></trkpt>
      <trkpt lat="41.48891" lon="-81.73674"><ele>143.3</ele><time>2026-09-11T22:22:05Z</time></trkpt>
      <trkpt lat="41.488908333333335" lon="-81.736745"><ele>143.3</ele><time>2026-09-11T22:22:06Z</time></trkpt>
      <trkpt lat="41.48890166666666" lon="-81.73676"><ele>143.3</ele><time>2026-09-11T22:22:07Z</time></trkpt>
      <trkpt lat="41.488895" lon="-81.73677666666667"><ele>143.3</ele><time>2026-09-11T22:22:08Z</time></trkpt>
      <trkpt lat="41.48889" lon="-81.73678833333334"><ele>143.7</ele><time>2026-09-11T22:22:09Z</time></trkpt>
      <trkpt lat="41.488886666666666" lon="-81.73679833333334"><ele>143.2</ele><time>2026-09-11T22:22:10Z</time></trkpt>
      <trkpt lat="41.488883333333334" lon="-81.73680666666667"><ele>143.2</ele><time>2026-09-11T22:22:11Z</time></trkpt>
      <trkpt lat="41.48887833333333" lon="-81.73681833333333"><ele>143.7</ele><time>2026-09-11T22:22:12Z</time></trkpt>
      <trkpt lat="41.48887" lon="-81.73683666666666"><ele>144.1</ele><time>2026-09-11T22:22:13Z</time></trkpt>
      <trkpt lat="41.48886666666667" lon="-81.73684666666666"><ele>143</ele><time>2026-09-11T22:22:14Z</time></trkpt>
      <trkpt lat="41.488865" lon="-81.73685333333333"><ele>143.1</ele><time>2026-09-11T22:22:15Z</time></trkpt>
      <trkpt lat="41.48885666666666" lon="-81.73687833333334"><ele>142.7</ele><time>2026-09-11T22:22:16Z</time></trkpt>
      <trkpt lat="41.48885166666667" lon="-81.73689333333333"><ele>142.6</ele><time>2026-09-11T22:22:17Z</time></trkpt>
      <trkpt lat="41.48884833333334" lon="-81.73690666666667"><ele>142.9</ele><time>2026-09-11T22:22:18Z</time></trkpt>
      <trkpt lat="41.488843333333335" lon="-81.73692"><ele>142.8</ele><time>2026-09-11T22:22:19Z</time></trkpt>
      <trkpt lat="41.488838333333334" lon="-81.73693166666666"><ele>143</ele><time>2026-09-11T22:22:20Z</time></trkpt>
      <trkpt lat="41.488836666666664" lon="-81.73693833333333"><ele>143.1</ele><time>2026-09-11T22:22:21Z</time></trkpt>
      <trkpt lat="41.48883166666667" lon="-81.73695166666667"><ele>143.1</ele><time>2026-09-11T22:22:22Z</time></trkpt>
      <trkpt lat="41.488823333333336" lon="-81.736975"><ele>143.2</ele><time>2026-09-11T22:22:23Z</time></trkpt>
      <trkpt lat="41.48882" lon="-81.73698166666667"><ele>143.2</ele><time>2026-09-11T22:22:24Z</time></trkpt>
      <trkpt lat="41.488816666666665" lon="-81.73699"><ele>143.2</ele><time>2026-09-11T22:22:25Z</time></trkpt>
      <trkpt lat="41.48881" lon="-81.73701333333334"><ele>143.5</ele><time>2026-09-11T22:22:26Z</time></trkpt>
      <trkpt lat="41.48880666666667" lon="-81.73702166666666"><ele>143.5</ele><time>2026-09-11T22:22:27Z</time></trkpt>
      <trkpt lat="41.488805" lon="-81.73704"><ele>142.9</ele><time>2026-09-11T22:22:28Z</time></trkpt>
      <trkpt lat="41.488798333333335" lon="-81.73706"><ele>143</ele><time>2026-09-11T22:22:29Z</time></trkpt>
      <trkpt lat="41.488796666666666" lon="-81.73707166666667"><ele>143</ele><time>2026-09-11T22:22:30Z</time></trkpt>
      <trkpt lat="41.488793333333334" lon="-81.73708333333333"><ele>143</ele><time>2026-09-11T22:22:31Z</time></trkpt>
      <trkpt lat="41.48878833333333" lon="-81.737095"><ele>142.8</ele><time>2026-09-11T22:22:32Z</time></trkpt>
      <trkpt lat="41.48878166666667" lon="-81.737105"><ele>142.6</ele><time>2026-09-11T22:22:33Z</time></trkpt>
      <trkpt lat="41.488778333333336" lon="-81.73712"><ele>143.6</ele><time>2026-09-11T22:22:34Z</time></trkpt>
      <trkpt lat="41.488775" lon="-81.73713"><ele>144</ele><time>2026-09-11T22:22:35Z</time></trkpt>
      <trkpt lat="41.48877" lon="-81.73714666666666"><ele>143.8</ele><time>2026-09-11T22:22:36Z</time></trkpt>
      <trkpt lat="41.488765" lon="-81.737165"><ele>143.8</ele><time>2026-09-11T22:22:37Z</time></trkpt>
      <trkpt lat="41.48875833333334" lon="-81.737185"><ele>143.8</ele><time>2026-09-11T22:22:38Z</time></trkpt>
      <trkpt lat="41.488751666666666" lon="-81.73719833333334"><ele>143.6</ele><time>2026-09-11T22:22:39Z</time></trkpt>
      <trkpt lat="41.488748333333334" lon="-81.737205"><ele>144</ele><time>2026-09-11T22:22:40Z</time></trkpt>
      <trkpt lat="41.48874166666667" lon="-81.73722"><ele>144.1</ele><time>2026-09-11T22:22:41Z</time></trkpt>
      <trkpt lat="41.488733333333336" lon="-81.73723333333334"><ele>142.7</ele><time>2026-09-11T22:22:42Z</time></trkpt>
      <trkpt lat="41.488726666666665" lon="-81.73724833333333"><ele>143.1</ele><time>2026-09-11T22:22:43Z</time></trkpt>
      <trkpt lat="41.48872166666666" lon="-81.73726166666667"><ele>142.8</ele><time>2026-09-11T22:22:44Z</time></trkpt>
      <trkpt lat="41.48872166666666" lon="-81.73726833333333"><ele>142.8</ele><time>2026-09-11T22:22:45Z</time></trkpt>
      <trkpt lat="41.488715" lon="-81.73728166666666"><ele>142.9</ele><time>2026-09-11T22:22:46Z</time></trkpt>
      <trkpt lat="41.48871166666667" lon="-81.7373"><ele>143</ele><time>2026-09-11T22:22:47Z</time></trkpt>
      <trkpt lat="41.488708333333335" lon="-81.737315"><ele>143.1</ele><time>2026-09-11T22:22:48Z</time></trkpt>
      <trkpt lat="41.48870333333333" lon="-81.73732666666666"><ele>143</ele><time>2026-09-11T22:22:49Z</time></trkpt>
      <trkpt lat="41.4887" lon="-81.73733333333334"><ele>143.2</ele><time>2026-09-11T22:22:50Z</time></trkpt>
      <trkpt lat="41.48869333333333" lon="-81.737345"><ele>143.3</ele><time>2026-09-11T22:22:51Z</time></trkpt>
      <trkpt lat="41.488686666666666" lon="-81.73736"><ele>143.3</ele><time>2026-09-11T22:22:52Z</time></trkpt>
      <trkpt lat="41.488685" lon="-81.73736666666667"><ele>143.4</ele><time>2026-09-11T22:22:53Z</time></trkpt>
      <trkpt lat="41.48868" lon="-81.73738666666667"><ele>143.4</ele><time>2026-09-11T22:22:54Z</time></trkpt>
      <trkpt lat="41.48867666666666" lon="-81.737395"><ele>143.4</ele><time>2026-09-11T22:22:55Z</time></trkpt>
      <trkpt lat="41.48867333333333" lon="-81.73741333333334"><ele>143.5</ele><time>2026-09-11T22:22:56Z</time></trkpt>
      <trkpt lat="41.48866833333334" lon="-81.737425"><ele>143.5</ele><time>2026-09-11T22:22:57Z</time></trkpt>
      <trkpt lat="41.48866833333334" lon="-81.73743333333333"><ele>143.7</ele><time>2026-09-11T22:22:58Z</time></trkpt>
      <trkpt lat="41.488663333333335" lon="-81.737455"><ele>143.799</ele><time>2026-09-11T22:22:59Z</time></trkpt>
      <trkpt lat="41.48866" lon="-81.73746333333334"><ele>143.799</ele><time>2026-09-11T22:23:00Z</time></trkpt>
      <trkpt lat="41.48865333333333" lon="-81.73748166666667"><ele>144.1</ele><time>2026-09-11T22:23:01Z</time></trkpt>
      <trkpt lat="41.48864833333333" lon="-81.73749333333333"><ele>144.1</ele><time>2026-09-11T22:23:02Z</time></trkpt>
      <trkpt lat="41.488645" lon="-81.73750333333334"><ele>144</ele><time>2026-09-11T22:23:03Z</time></trkpt>
      <trkpt lat="41.48864" lon="-81.73752"><ele>143.8</ele><time>2026-09-11T22:23:04Z</time></trkpt>
      <trkpt lat="41.488636666666665" lon="-81.73753333333333"><ele>144.1</ele><time>2026-09-11T22:23:05Z</time></trkpt>
      <trkpt lat="41.48863166666667" lon="-81.73756166666666"><ele>143.8</ele><time>2026-09-11T22:23:06Z</time></trkpt>
      <trkpt lat="41.48863166666667" lon="-81.73756666666667"><ele>144.1</ele><time>2026-09-11T22:23:07Z</time></trkpt>
      <trkpt lat="41.48862666666667" lon="-81.73758166666667"><ele>144.299</ele><time>2026-09-11T22:23:08Z</time></trkpt>
      <trkpt lat="41.488618333333335" lon="-81.73759333333334"><ele>143.899</ele><time>2026-09-11T22:23:09Z</time></trkpt>
      <trkpt lat="41.488615" lon="-81.73760666666666"><ele>143.799</ele><time>2026-09-11T22:23:10Z</time></trkpt>
      <trkpt lat="41.48861333333333" lon="-81.73761333333333"><ele>143.899</ele><time>2026-09-11T22:23:11Z</time></trkpt>
      <trkpt lat="41.48861" lon="-81.73762833333333"><ele>144.4</ele><time>2026-09-11T22:23:12Z</time></trkpt>
      <trkpt lat="41.48861" lon="-81.73764333333334"><ele>144.1</ele><time>2026-09-11T22:23:13Z</time></trkpt>
      <trkpt lat="41.48860666666667" lon="-81.737655"><ele>144.1</ele><time>2026-09-11T22:23:14Z</time></trkpt>
      <trkpt lat="41.48860333333333" lon="-81.73766"><ele>144.1</ele><time>2026-09-11T22:23:15Z</time></trkpt>
      <trkpt lat="41.488595" lon="-81.73766333333333"><ele>144.1</ele><time>2026-09-11T22:23:16Z</time></trkpt>
      <trkpt lat="41.48859" lon="-81.73766666666667"><ele>144.5</ele><time>2026-09-11T22:23:17Z</time></trkpt>
      <trkpt lat="41.48858" lon="-81.73768"><ele>144.6</ele><time>2026-09-11T22:23:18Z</time></trkpt>
      <trkpt lat="41.48857666666667" lon="-81.73768833333334"><ele>144.6</ele><time>2026-09-11T22:23:19Z</time></trkpt>
      <trkpt lat="41.488571666666665" lon="-81.7377"><ele>144.6</ele><time>2026-09-11T22:23:20Z</time></trkpt>
      <trkpt lat="41.488565" lon="-81.73771666666667"><ele>143.799</ele><time>2026-09-11T22:23:21Z</time></trkpt>
      <trkpt lat="41.48856" lon="-81.73772833333334"><ele>143.799</ele><time>2026-09-11T22:23:22Z</time></trkpt>
      <trkpt lat="41.488555" lon="-81.73774666666667"><ele>143.6</ele><time>2026-09-11T22:23:23Z</time></trkpt>
      <trkpt lat="41.488553333333336" lon="-81.737765"><ele>143.6</ele><time>2026-09-11T22:23:24Z</time></trkpt>
      <trkpt lat="41.488553333333336" lon="-81.73777333333334"><ele>144.3</ele><time>2026-09-11T22:23:25Z</time></trkpt>
      <trkpt lat="41.488551666666666" lon="-81.737785"><ele>144.1</ele><time>2026-09-11T22:23:26Z</time></trkpt>
      <trkpt lat="41.488555" lon="-81.737785"><ele>144.3</ele><time>2026-09-11T22:23:27Z</time></trkpt>
      <trkpt lat="41.488553333333336" lon="-81.737795"><ele>144.4</ele><time>2026-09-11T22:23:28Z</time></trkpt>
      <trkpt lat="41.48856166666667" lon="-81.73778"><ele>144.1</ele><time>2026-09-11T22:23:29Z</time></trkpt>
      <trkpt lat="41.48856166666667" lon="-81.73777833333334"><ele>143.799</ele><time>2026-09-11T22:23:30Z</time></trkpt>
      <trkpt lat="41.48856166666667" lon="-81.73777833333334"><ele>143.799</ele><time>2026-09-11T22:23:31Z</time></trkpt>
      <trkpt lat="41.48856" lon="-81.73777666666666"><ele>144</ele><time>2026-09-11T22:23:32Z</time></trkpt>
      <trkpt lat="41.48855833333333" lon="-81.73777666666666"><ele>144</ele><time>2026-09-11T22:23:33Z</time></trkpt>
      <trkpt lat="41.48855666666667" lon="-81.73777333333334"><ele>144</ele><time>2026-09-11T22:23:34Z</time></trkpt>
      <trkpt lat="41.48855666666667" lon="-81.73777333333334"><ele>144.1</ele><time>2026-09-11T22:23:35Z</time></trkpt>
      <trkpt lat="41.48855833333333" lon="-81.73777833333334"><ele>144</ele><time>2026-09-11T22:23:36Z</time></trkpt>
      <trkpt lat="41.48855833333333" lon="-81.73778166666666"><ele>144.2</ele><time>2026-09-11T22:23:37Z</time></trkpt>
      <trkpt lat="41.48855833333333" lon="-81.73778333333334"><ele>144</ele><time>2026-09-11T22:23:38Z</time></trkpt>
      <trkpt lat="41.48855666666667" lon="-81.737785"><ele>143.8</ele><time>2026-09-11T22:23:39Z</time></trkpt>
      <trkpt lat="41.488555" lon="-81.73778666666666"><ele>143.7</ele><time>2026-09-11T22:23:40Z</time></trkpt>
      <trkpt lat="41.488551666666666" lon="-81.737785"><ele>143.8</ele><time>2026-09-11T22:23:41Z</time></trkpt>
      <trkpt lat="41.488551666666666" lon="-81.73778333333334"><ele>143.7</ele><time>2026-09-11T22:23:42Z</time></trkpt>
      <trkpt lat="41.488548333333334" lon="-81.73778333333334"><ele>143.7</ele><time>2026-09-11T22:23:43Z</time></trkpt>
      <trkpt lat="41.488553333333336" lon="-81.73778833333333"><ele>144.2</ele><time>2026-09-11T22:23:44Z</time></trkpt>
      <trkpt lat="41.488555" lon="-81.73779"><ele>144.2</ele><time>2026-09-11T22:23:45Z</time></trkpt>
      <trkpt lat="41.488555" lon="-81.73779166666667"><ele>144.1</ele><time>2026-09-11T22:23:46Z</time></trkpt>
      <trkpt lat="41.488555" lon="-81.73779"><ele>143.8</ele><time>2026-09-11T22:23:47Z</time></trkpt>
      <trkpt lat="41.488555" lon="-81.73779166666667"><ele>143.2</ele><time>2026-09-11T22:23:48Z</time></trkpt>
      <trkpt lat="41.488553333333336" lon="-81.73779166666667"><ele>143.7</ele><time>2026-09-11T22:23:49Z</time></trkpt>
      <trkpt lat="41.488553333333336" lon="-81.737795"><ele>143.7</ele><time>2026-09-11T22:23:50Z</time></trkpt>
      <trkpt lat="41.488548333333334" lon="-81.73780166666667"><ele>143.5</ele><time>2026-09-11T22:23:51Z</time></trkpt>
      <trkpt lat="41.48855" lon="-81.73781166666667"><ele>143.6</ele><time>2026-09-11T22:23:52Z</time></trkpt>
      <trkpt lat="41.488553333333336" lon="-81.73780666666667"><ele>143.999</ele><time>2026-09-11T22:23:53Z</time></trkpt>
      <trkpt lat="41.488553333333336" lon="-81.737805"><ele>143.999</ele><time>2026-09-11T22:23:54Z</time></trkpt>
      <trkpt lat="41.488553333333336" lon="-81.73780166666667"><ele>144.499</ele><time>2026-09-11T22:23:55Z</time></trkpt>
      <trkpt lat="41.488553333333336" lon="-81.73780166666667"><ele>144.099</ele><time>2026-09-11T22:23:56Z</time></trkpt>
      <trkpt lat="41.488553333333336" lon="-81.7378"><ele>144</ele><time>2026-09-11T22:23:57Z</time></trkpt>
      <trkpt lat="41.488551666666666" lon="-81.73780166666667"><ele>143.8</ele><time>2026-09-11T22:23:58Z</time></trkpt>
      <trkpt lat="41.488551666666666" lon="-81.737805"><ele>143.8</ele><time>2026-09-11T22:23:59Z</time></trkpt>
      <trkpt lat="41.488548333333334" lon="-81.73780666666667"><ele>144.1</ele><time>2026-09-11T22:24:00Z</time></trkpt>
      <trkpt lat="41.488548333333334" lon="-81.73780333333333"><ele>144</ele><time>2026-09-11T22:24:01Z</time></trkpt>
      <trkpt lat="41.488548333333334" lon="-81.7378"><ele>144</ele><time>2026-09-11T22:24:02Z</time></trkpt>
      <trkpt lat="41.488548333333334" lon="-81.73779666666667"><ele>144.1</ele><time>2026-09-11T22:24:03Z</time></trkpt>
      <trkpt lat="41.488546666666664" lon="-81.737795"><ele>144.2</ele><time>2026-09-11T22:24:04Z</time></trkpt>
      <trkpt lat="41.488546666666664" lon="-81.737795"><ele>144.3</ele><time>2026-09-11T22:24:05Z</time></trkpt>
      <trkpt lat="41.48854333333333" lon="-81.73779166666667"><ele>144.3</ele><time>2026-09-11T22:24:06Z</time></trkpt>
      <trkpt lat="41.488545" lon="-81.73779666666667"><ele>144</ele><time>2026-09-11T22:24:07Z</time></trkpt>
      <trkpt lat="41.48854333333333" lon="-81.73779666666667"><ele>144.1</ele><time>2026-09-11T22:24:08Z</time></trkpt>
      <trkpt lat="41.48854333333333" lon="-81.73779666666667"><ele>144</ele><time>2026-09-11T22:24:09Z</time></trkpt>
      <trkpt lat="41.48854333333333" lon="-81.73779666666667"><ele>143.8</ele><time>2026-09-11T22:24:10Z</time></trkpt>
      <trkpt lat="41.48854333333333" lon="-81.73779666666667"><ele>144.1</ele><time>2026-09-11T22:24:11Z</time></trkpt>
      <trkpt lat="41.48854166666667" lon="-81.73779833333333"><ele>144.8</ele><time>2026-09-11T22:24:12Z</time></trkpt>
      <trkpt lat="41.48854" lon="-81.73780166666667"><ele>144.8</ele><time>2026-09-11T22:24:13Z</time></trkpt>
      <trkpt lat="41.48853666666667" lon="-81.73780833333333"><ele>144.6</ele><time>2026-09-11T22:24:14Z</time></trkpt>
      <trkpt lat="41.488533333333336" lon="-81.73782666666666"><ele>144.4</ele><time>2026-09-11T22:24:15Z</time></trkpt>
      <trkpt lat="41.488525" lon="-81.737845"><ele>143.9</ele><time>2026-09-11T22:24:16Z</time></trkpt>
      <trkpt lat="41.48852" lon="-81.73785"><ele>144</ele><time>2026-09-11T22:24:17Z</time></trkpt>
      <trkpt lat="41.48851166666667" lon="-81.737865"><ele>144.1</ele><time>2026-09-11T22:24:18Z</time></trkpt>
      <trkpt lat="41.488505" lon="-81.73788"><ele>143.9</ele><time>2026-09-11T22:24:19Z</time></trkpt>
      <trkpt lat="41.488503333333334" lon="-81.73788833333333"><ele>144</ele><time>2026-09-11T22:24:20Z</time></trkpt>
      <trkpt lat="41.48849833333333" lon="-81.73789666666667"><ele>143.9</ele><time>2026-09-11T22:24:21Z</time></trkpt>
      <trkpt lat="41.48849666666667" lon="-81.73789666666667"><ele>144.3</ele><time>2026-09-11T22:24:22Z</time></trkpt>
      <trkpt lat="41.4885" lon="-81.73789666666667"><ele>144.5</ele><time>2026-09-11T22:24:23Z</time></trkpt>
      <trkpt lat="41.488501666666664" lon="-81.73789166666667"><ele>144.1</ele><time>2026-09-11T22:24:24Z</time></trkpt>
      <trkpt lat="41.488501666666664" lon="-81.73789"><ele>144.1</ele><time>2026-09-11T22:24:25Z</time></trkpt>
      <trkpt lat="41.488501666666664" lon="-81.73789"><ele>144.4</ele><time>2026-09-11T22:24:26Z</time></trkpt>
      <trkpt lat="41.4885" lon="-81.73789"><ele>144.1</ele><time>2026-09-11T22:24:27Z</time></trkpt>
      <trkpt lat="41.48849833333333" lon="-81.73789"><ele>144.1</ele><time>2026-09-11T22:24:28Z</time></trkpt>
      <trkpt lat="41.48849666666667" lon="-81.73789166666667"><ele>144.799</ele><time>2026-09-11T22:24:29Z</time></trkpt>
      <trkpt lat="41.48849666666667" lon="-81.737895"><ele>145.1</ele><time>2026-09-11T22:24:30Z</time></trkpt>
      <trkpt lat="41.488495" lon="-81.73789666666667"><ele>145.1</ele><time>2026-09-11T22:24:31Z</time></trkpt>
      <trkpt lat="41.48849333333333" lon="-81.73789666666667"><ele>145.1</ele><time>2026-09-11T22:24:32Z</time></trkpt>
      <trkpt lat="41.48849333333333" lon="-81.73789666666667"><ele>145.1</ele><time>2026-09-11T22:24:33Z</time></trkpt>
      <trkpt lat="41.48849333333333" lon="-81.73789833333333"><ele>145.1</ele><time>2026-09-11T22:24:34Z</time></trkpt>
      <trkpt lat="41.48849333333333" lon="-81.73789666666667"><ele>145.1</ele><time>2026-09-11T22:24:35Z</time></trkpt>
      <trkpt lat="41.48849333333333" lon="-81.73789666666667"><ele>145.1</ele><time>2026-09-11T22:24:36Z</time></trkpt>
      <trkpt lat="41.488495" lon="-81.73789666666667"><ele>147</ele><time>2026-09-11T22:24:37Z</time></trkpt>
      <trkpt lat="41.488495" lon="-81.73790666666666"><ele>146.8</ele><time>2026-09-11T22:24:38Z</time></trkpt>
      <trkpt lat="41.48849333333333" lon="-81.73791166666666"><ele>146.8</ele><time>2026-09-11T22:24:39Z</time></trkpt>
      <trkpt lat="41.48848666666667" lon="-81.73792166666667"><ele>147</ele><time>2026-09-11T22:24:40Z</time></trkpt>
      <trkpt lat="41.488475" lon="-81.73794666666667"><ele>147</ele><time>2026-09-11T22:24:41Z</time></trkpt>
      <trkpt lat="41.48847166666667" lon="-81.73795833333334"><ele>147</ele><time>2026-09-11T22:24:42Z</time></trkpt>
      <trkpt lat="41.488463333333335" lon="-81.73798833333333"><ele>147</ele><time>2026-09-11T22:24:43Z</time></trkpt>
      <trkpt lat="41.48847166666667" lon="-81.738"><ele>147</ele><time>2026-09-11T22:24:44Z</time></trkpt>
      <trkpt lat="41.488481666666665" lon="-81.73799833333334"><ele>146.8</ele><time>2026-09-11T22:24:45Z</time></trkpt>
      <trkpt lat="41.48849" lon="-81.738005"><ele>146.8</ele><time>2026-09-11T22:24:46Z</time></trkpt>
      <trkpt lat="41.488485" lon="-81.73801333333333"><ele>146.8</ele><time>2026-09-11T22:24:47Z</time></trkpt>
      <trkpt lat="41.48847166666667" lon="-81.73803833333334"><ele>146.8</ele><time>2026-09-11T22:24:48Z</time></trkpt>
      <trkpt lat="41.488455" lon="-81.73806"><ele>146.8</ele><time>2026-09-11T22:24:49Z</time></trkpt>
      <trkpt lat="41.48845" lon="-81.73806833333333"><ele>146.8</ele><time>2026-09-11T22:24:50Z</time></trkpt>
      <trkpt lat="41.48844166666667" lon="-81.738095"><ele>147</ele><time>2026-09-11T22:24:51Z</time></trkpt>
      <trkpt lat="41.48844" lon="-81.73810166666667"><ele>147</ele><time>2026-09-11T22:24:52Z</time></trkpt>
      <trkpt lat="41.48843333333333" lon="-81.738115"><ele>147</ele><time>2026-09-11T22:24:53Z</time></trkpt>
      <trkpt lat="41.488418333333335" lon="-81.73812166666667"><ele>147</ele><time>2026-09-11T22:24:54Z</time></trkpt>
      <trkpt lat="41.488411666666664" lon="-81.738125"><ele>147</ele><time>2026-09-11T22:24:55Z</time></trkpt>
      <trkpt lat="41.48840166666667" lon="-81.73813"><ele>147</ele><time>2026-09-11T22:24:56Z</time></trkpt>
      <trkpt lat="41.48838666666666" lon="-81.73813666666666"><ele>147</ele><time>2026-09-11T22:24:57Z</time></trkpt>
      <trkpt lat="41.488375" lon="-81.73814166666666"><ele>147</ele><time>2026-09-11T22:24:58Z</time></trkpt>
      <trkpt lat="41.488365" lon="-81.73814666666667"><ele>147</ele><time>2026-09-11T22:24:59Z</time></trkpt>
      <trkpt lat="41.48835166666667" lon="-81.738155"><ele>147</ele><time>2026-09-11T22:25:00Z</time></trkpt>
      <trkpt lat="41.48834166666666" lon="-81.73816166666667"><ele>147</ele><time>2026-09-11T22:25:01Z</time></trkpt>
      <trkpt lat="41.48833333333334" lon="-81.738175"><ele>147</ele><time>2026-09-11T22:25:02Z</time></trkpt>
      <trkpt lat="41.488328333333335" lon="-81.73819166666667"><ele>147</ele><time>2026-09-11T22:25:03Z</time></trkpt>
      <trkpt lat="41.488325" lon="-81.73821"><ele>147</ele><time>2026-09-11T22:25:04Z</time></trkpt>
      <trkpt lat="41.488345" lon="-81.73824333333333"><ele>147</ele><time>2026-09-11T22:25:05Z</time></trkpt>
      <trkpt lat="41.488348333333334" lon="-81.73825666666667"><ele>147</ele><time>2026-09-11T22:25:06Z</time></trkpt>
      <trkpt lat="41.48834166666666" lon="-81.73828166666667"><ele>147</ele><time>2026-09-11T22:25:07Z</time></trkpt>
      <trkpt lat="41.48833833333333" lon="-81.73829333333333"><ele>147</ele><time>2026-09-11T22:25:08Z</time></trkpt>
      <trkpt lat="41.48833" lon="-81.73831333333334"><ele>147</ele><time>2026-09-11T22:25:09Z</time></trkpt>
      <trkpt lat="41.488321666666664" lon="-81.73832833333333"><ele>147</ele><time>2026-09-11T22:25:10Z</time></trkpt>
      <trkpt lat="41.48831666666667" lon="-81.73834333333333"><ele>147</ele><time>2026-09-11T22:25:11Z</time></trkpt>
      <trkpt lat="41.48831166666667" lon="-81.73835666666666"><ele>147</ele><time>2026-09-11T22:25:12Z</time></trkpt>
      <trkpt lat="41.488306666666666" lon="-81.73836666666666"><ele>147</ele><time>2026-09-11T22:25:13Z</time></trkpt>
      <trkpt lat="41.4883" lon="-81.73838333333333"><ele>147</ele><time>2026-09-11T22:25:14Z</time></trkpt>
      <trkpt lat="41.488295" lon="-81.73839666666667"><ele>147</ele><time>2026-09-11T22:25:15Z</time></trkpt>
      <trkpt lat="41.48828833333334" lon="-81.73841166666666"><ele>147</ele><time>2026-09-11T22:25:16Z</time></trkpt>
      <trkpt lat="41.488281666666666" lon="-81.73842666666667"><ele>147</ele><time>2026-09-11T22:25:17Z</time></trkpt>
      <trkpt lat="41.488275" lon="-81.73843833333333"><ele>147</ele><time>2026-09-11T22:25:18Z</time></trkpt>
      <trkpt lat="41.48826666666667" lon="-81.73845"><ele>147</ele><time>2026-09-11T22:25:19Z</time></trkpt>
      <trkpt lat="41.488258333333334" lon="-81.738465"><ele>147</ele><time>2026-09-11T22:25:20Z</time></trkpt>
      <trkpt lat="41.48825166666666" lon="-81.73847833333333"><ele>147</ele><time>2026-09-11T22:25:21Z</time></trkpt>
      <trkpt lat="41.48824833333333" lon="-81.73849"><ele>147</ele><time>2026-09-11T22:25:22Z</time></trkpt>
      <trkpt lat="41.488238333333335" lon="-81.738515"><ele>144.8</ele><time>2026-09-11T22:25:23Z</time></trkpt>
      <trkpt lat="41.488235" lon="-81.73852666666667"><ele>144.8</ele><time>2026-09-11T22:25:24Z</time></trkpt>
      <trkpt lat="41.48823" lon="-81.73854666666666"><ele>144.8</ele><time>2026-09-11T22:25:25Z</time></trkpt>
      <trkpt lat="41.48822833333333" lon="-81.738565"><ele>144.8</ele><time>2026-09-11T22:25:26Z</time></trkpt>
      <trkpt lat="41.488225" lon="-81.73858"><ele>144.8</ele><time>2026-09-11T22:25:27Z</time></trkpt>
      <trkpt lat="41.48822166666667" lon="-81.73858833333334"><ele>144.8</ele><time>2026-09-11T22:25:28Z</time></trkpt>
      <trkpt lat="41.488211666666665" lon="-81.73861166666667"><ele>144.8</ele><time>2026-09-11T22:25:29Z</time></trkpt>
      <trkpt lat="41.48820833333333" lon="-81.738625"><ele>144.8</ele><time>2026-09-11T22:25:30Z</time></trkpt>
      <trkpt lat="41.48820333333333" lon="-81.738635"><ele>147</ele><time>2026-09-11T22:25:31Z</time></trkpt>
      <trkpt lat="41.48820166666667" lon="-81.73863833333333"><ele>147</ele><time>2026-09-11T22:25:32Z</time></trkpt>
      <trkpt lat="41.488193333333335" lon="-81.73865666666667"><ele>147</ele><time>2026-09-11T22:25:33Z</time></trkpt>
      <trkpt lat="41.488191666666665" lon="-81.73866333333334"><ele>147</ele><time>2026-09-11T22:25:34Z</time></trkpt>
      <trkpt lat="41.488185" lon="-81.73867833333334"><ele>147</ele><time>2026-09-11T22:25:35Z</time></trkpt>
      <trkpt lat="41.48818" lon="-81.73869"><ele>147</ele><time>2026-09-11T22:25:36Z</time></trkpt>
      <trkpt lat="41.48817" lon="-81.73870833333334"><ele>147</ele><time>2026-09-11T22:25:37Z</time></trkpt>
      <trkpt lat="41.488166666666665" lon="-81.738715"><ele>147</ele><time>2026-09-11T22:25:38Z</time></trkpt>
      <trkpt lat="41.48815666666667" lon="-81.73873166666667"><ele>147</ele><time>2026-09-11T22:25:39Z</time></trkpt>
      <trkpt lat="41.48815166666667" lon="-81.73874"><ele>147</ele><time>2026-09-11T22:25:40Z</time></trkpt>
      <trkpt lat="41.488146666666665" lon="-81.73875166666667"><ele>147</ele><time>2026-09-11T22:25:41Z</time></trkpt>
      <trkpt lat="41.488141666666664" lon="-81.73876833333334"><ele>147</ele><time>2026-09-11T22:25:42Z</time></trkpt>
      <trkpt lat="41.48813333333333" lon="-81.73878666666667"><ele>147</ele><time>2026-09-11T22:25:43Z</time></trkpt>
      <trkpt lat="41.488128333333336" lon="-81.73880166666666"><ele>147</ele><time>2026-09-11T22:25:44Z</time></trkpt>
      <trkpt lat="41.488123333333334" lon="-81.73881833333333"><ele>147</ele><time>2026-09-11T22:25:45Z</time></trkpt>
      <trkpt lat="41.48812" lon="-81.73883166666667"><ele>147</ele><time>2026-09-11T22:25:46Z</time></trkpt>
      <trkpt lat="41.48811333333333" lon="-81.73884333333334"><ele>147</ele><time>2026-09-11T22:25:47Z</time></trkpt>
      <trkpt lat="41.48811" lon="-81.73885666666666"><ele>144.8</ele><time>2026-09-11T22:25:48Z</time></trkpt>
      <trkpt lat="41.488105" lon="-81.73887"><ele>147</ele><time>2026-09-11T22:25:49Z</time></trkpt>
      <trkpt lat="41.4881" lon="-81.73888333333333"><ele>147</ele><time>2026-09-11T22:25:50Z</time></trkpt>
      <trkpt lat="41.488095" lon="-81.73889666666666"><ele>147</ele><time>2026-09-11T22:25:51Z</time></trkpt>
      <trkpt lat="41.48809" lon="-81.73891"><ele>147</ele><time>2026-09-11T22:25:52Z</time></trkpt>
      <trkpt lat="41.48808666666667" lon="-81.73892"><ele>147</ele><time>2026-09-11T22:25:53Z</time></trkpt>
      <trkpt lat="41.48808" lon="-81.73893333333334"><ele>147</ele><time>2026-09-11T22:25:54Z</time></trkpt>
      <trkpt lat="41.488075" lon="-81.738945"><ele>144.8</ele><time>2026-09-11T22:25:55Z</time></trkpt>
      <trkpt lat="41.488065" lon="-81.73896833333333"><ele>147</ele><time>2026-09-11T22:25:56Z</time></trkpt>
      <trkpt lat="41.488058333333335" lon="-81.738985"><ele>144.8</ele><time>2026-09-11T22:25:57Z</time></trkpt>
      <trkpt lat="41.48805333333333" lon="-81.73899833333333"><ele>144.8</ele><time>2026-09-11T22:25:58Z</time></trkpt>
      <trkpt lat="41.48804666666667" lon="-81.73901333333333"><ele>144.8</ele><time>2026-09-11T22:25:59Z</time></trkpt>
      <trkpt lat="41.48804166666667" lon="-81.73902166666667"><ele>144.8</ele><time>2026-09-11T22:26:00Z</time></trkpt>
      <trkpt lat="41.488034999999996" lon="-81.73903666666666"><ele>144.8</ele><time>2026-09-11T22:26:01Z</time></trkpt>
      <trkpt lat="41.48802833333333" lon="-81.73905"><ele>144.8</ele><time>2026-09-11T22:26:02Z</time></trkpt>
      <trkpt lat="41.48802333333333" lon="-81.739065"><ele>144.8</ele><time>2026-09-11T22:26:03Z</time></trkpt>
      <trkpt lat="41.488018333333336" lon="-81.73907833333334"><ele>144.8</ele><time>2026-09-11T22:26:04Z</time></trkpt>
      <trkpt lat="41.488013333333335" lon="-81.739095"><ele>144.8</ele><time>2026-09-11T22:26:05Z</time></trkpt>
      <trkpt lat="41.488006666666664" lon="-81.73910833333333"><ele>144.8</ele><time>2026-09-11T22:26:06Z</time></trkpt>
      <trkpt lat="41.48800333333333" lon="-81.739115"><ele>144.8</ele><time>2026-09-11T22:26:07Z</time></trkpt>
      <trkpt lat="41.48799833333333" lon="-81.73913"><ele>144.8</ele><time>2026-09-11T22:26:08Z</time></trkpt>
      <trkpt lat="41.487995" lon="-81.73913833333333"><ele>144.8</ele><time>2026-09-11T22:26:09Z</time></trkpt>
      <trkpt lat="41.48799" lon="-81.73916"><ele>144.8</ele><time>2026-09-11T22:26:10Z</time></trkpt>
      <trkpt lat="41.487986666666664" lon="-81.73916666666666"><ele>144.8</ele><time>2026-09-11T22:26:11Z</time></trkpt>
      <trkpt lat="41.48798166666667" lon="-81.73918166666667"><ele>144.8</ele><time>2026-09-11T22:26:12Z</time></trkpt>
      <trkpt lat="41.48797666666667" lon="-81.73919666666667"><ele>144.8</ele><time>2026-09-11T22:26:13Z</time></trkpt>
      <trkpt lat="41.48797166666667" lon="-81.73920833333334"><ele>144.8</ele><time>2026-09-11T22:26:14Z</time></trkpt>
      <trkpt lat="41.48796333333333" lon="-81.73922666666667"><ele>144.8</ele><time>2026-09-11T22:26:15Z</time></trkpt>
      <trkpt lat="41.48796" lon="-81.739235"><ele>144.8</ele><time>2026-09-11T22:26:16Z</time></trkpt>
      <trkpt lat="41.487948333333335" lon="-81.73925666666666"><ele>144.8</ele><time>2026-09-11T22:26:17Z</time></trkpt>
      <trkpt lat="41.487943333333334" lon="-81.73927166666667"><ele>144.8</ele><time>2026-09-11T22:26:18Z</time></trkpt>
      <trkpt lat="41.48793833333333" lon="-81.73928"><ele>144.8</ele><time>2026-09-11T22:26:19Z</time></trkpt>
      <trkpt lat="41.487935" lon="-81.73928666666667"><ele>144.8</ele><time>2026-09-11T22:26:20Z</time></trkpt>
      <trkpt lat="41.48792666666667" lon="-81.739305"><ele>144.8</ele><time>2026-09-11T22:26:21Z</time></trkpt>
      <trkpt lat="41.487923333333335" lon="-81.73931666666667"><ele>144.8</ele><time>2026-09-11T22:26:22Z</time></trkpt>
      <trkpt lat="41.48792" lon="-81.73932666666667"><ele>144.8</ele><time>2026-09-11T22:26:23Z</time></trkpt>
      <trkpt lat="41.48791333333333" lon="-81.73934"><ele>144.8</ele><time>2026-09-11T22:26:24Z</time></trkpt>
      <trkpt lat="41.48790666666667" lon="-81.739355"><ele>144.8</ele><time>2026-09-11T22:26:25Z</time></trkpt>
      <trkpt lat="41.487898333333334" lon="-81.73937333333333"><ele>144.8</ele><time>2026-09-11T22:26:26Z</time></trkpt>
      <trkpt lat="41.48789166666667" lon="-81.73938666666666"><ele>144.8</ele><time>2026-09-11T22:26:27Z</time></trkpt>
      <trkpt lat="41.48788666666667" lon="-81.73940166666667"><ele>144.8</ele><time>2026-09-11T22:26:28Z</time></trkpt>
      <trkpt lat="41.487883333333336" lon="-81.73941666666667"><ele>144.8</ele><time>2026-09-11T22:26:29Z</time></trkpt>
      <trkpt lat="41.48788" lon="-81.73942333333333"><ele>144.8</ele><time>2026-09-11T22:26:30Z</time></trkpt>
      <trkpt lat="41.48787333333333" lon="-81.73943666666666"><ele>144.8</ele><time>2026-09-11T22:26:31Z</time></trkpt>
      <trkpt lat="41.48786666666667" lon="-81.73945333333333"><ele>144.8</ele><time>2026-09-11T22:26:32Z</time></trkpt>
      <trkpt lat="41.48786" lon="-81.73947333333334"><ele>144.8</ele><time>2026-09-11T22:26:33Z</time></trkpt>
      <trkpt lat="41.487855" lon="-81.73948166666666"><ele>144.8</ele><time>2026-09-11T22:26:34Z</time></trkpt>
      <trkpt lat="41.48784833333333" lon="-81.73949833333333"><ele>144.8</ele><time>2026-09-11T22:26:35Z</time></trkpt>
      <trkpt lat="41.48784333333333" lon="-81.73951166666667"><ele>144.8</ele><time>2026-09-11T22:26:36Z</time></trkpt>
      <trkpt lat="41.487838333333336" lon="-81.739525"><ele>144.8</ele><time>2026-09-11T22:26:37Z</time></trkpt>
      <trkpt lat="41.487831666666665" lon="-81.73954"><ele>144.8</ele><time>2026-09-11T22:26:38Z</time></trkpt>
      <trkpt lat="41.48782666666666" lon="-81.73955333333333"><ele>144.8</ele><time>2026-09-11T22:26:39Z</time></trkpt>
      <trkpt lat="41.48782" lon="-81.73957166666666"><ele>144.8</ele><time>2026-09-11T22:26:40Z</time></trkpt>
      <trkpt lat="41.487815" lon="-81.739585"><ele>144.8</ele><time>2026-09-11T22:26:41Z</time></trkpt>
      <trkpt lat="41.48781" lon="-81.73960333333333"><ele>144.8</ele><time>2026-09-11T22:26:42Z</time></trkpt>
      <trkpt lat="41.487805" lon="-81.73961833333334"><ele>144.8</ele><time>2026-09-11T22:26:43Z</time></trkpt>
      <trkpt lat="41.48780333333333" lon="-81.73962666666667"><ele>144.8</ele><time>2026-09-11T22:26:44Z</time></trkpt>
      <trkpt lat="41.48780166666667" lon="-81.73963166666667"><ele>144.8</ele><time>2026-09-11T22:26:45Z</time></trkpt>
      <trkpt lat="41.48779666666667" lon="-81.739645"><ele>144.8</ele><time>2026-09-11T22:26:46Z</time></trkpt>
      <trkpt lat="41.487791666666666" lon="-81.73966"><ele>144.8</ele><time>2026-09-11T22:26:47Z</time></trkpt>
      <trkpt lat="41.487788333333334" lon="-81.73967"><ele>144.8</ele><time>2026-09-11T22:26:48Z</time></trkpt>
      <trkpt lat="41.487786666666665" lon="-81.73968"><ele>144.8</ele><time>2026-09-11T22:26:49Z</time></trkpt>
      <trkpt lat="41.48778166666666" lon="-81.7397"><ele>144.8</ele><time>2026-09-11T22:26:50Z</time></trkpt>
      <trkpt lat="41.48777833333333" lon="-81.73970666666666"><ele>144.8</ele><time>2026-09-11T22:26:51Z</time></trkpt>
      <trkpt lat="41.48777333333334" lon="-81.73971833333333"><ele>144.8</ele><time>2026-09-11T22:26:52Z</time></trkpt>
      <trkpt lat="41.487768333333335" lon="-81.73973166666667"><ele>144.8</ele><time>2026-09-11T22:26:53Z</time></trkpt>
      <trkpt lat="41.487761666666664" lon="-81.73974666666666"><ele>144.8</ele><time>2026-09-11T22:26:54Z</time></trkpt>
      <trkpt lat="41.48775833333333" lon="-81.73975666666666"><ele>144.8</ele><time>2026-09-11T22:26:55Z</time></trkpt>
      <trkpt lat="41.487748333333336" lon="-81.73978333333334"><ele>144.8</ele><time>2026-09-11T22:26:56Z</time></trkpt>
      <trkpt lat="41.487741666666665" lon="-81.7398"><ele>144.8</ele><time>2026-09-11T22:26:57Z</time></trkpt>
      <trkpt lat="41.48773833333333" lon="-81.73980833333333"><ele>144.8</ele><time>2026-09-11T22:26:58Z</time></trkpt>
      <trkpt lat="41.48773333333333" lon="-81.73982333333333"><ele>144.8</ele><time>2026-09-11T22:26:59Z</time></trkpt>
      <trkpt lat="41.48772666666667" lon="-81.73984166666666"><ele>145.1</ele><time>2026-09-11T22:27:00Z</time></trkpt>
      <trkpt lat="41.48771833333333" lon="-81.73986"><ele>145.1</ele><time>2026-09-11T22:27:01Z</time></trkpt>
      <trkpt lat="41.487715" lon="-81.73987166666667"><ele>145.1</ele><time>2026-09-11T22:27:02Z</time></trkpt>
      <trkpt lat="41.48771166666667" lon="-81.73988"><ele>145</ele><time>2026-09-11T22:27:03Z</time></trkpt>
      <trkpt lat="41.48770666666667" lon="-81.73989333333333"><ele>145.1</ele><time>2026-09-11T22:27:04Z</time></trkpt>
      <trkpt lat="41.487701666666666" lon="-81.73990833333333"><ele>145</ele><time>2026-09-11T22:27:05Z</time></trkpt>
      <trkpt lat="41.487698333333334" lon="-81.73992"><ele>145.2</ele><time>2026-09-11T22:27:06Z</time></trkpt>
      <trkpt lat="41.48769166666667" lon="-81.739935"><ele>145</ele><time>2026-09-11T22:27:07Z</time></trkpt>
      <trkpt lat="41.487685" lon="-81.739955"><ele>145.6</ele><time>2026-09-11T22:27:08Z</time></trkpt>
      <trkpt lat="41.48768166666667" lon="-81.739965"><ele>145.6</ele><time>2026-09-11T22:27:09Z</time></trkpt>
      <trkpt lat="41.48768" lon="-81.73997"><ele>145.9</ele><time>2026-09-11T22:27:10Z</time></trkpt>
      <trkpt lat="41.48767333333333" lon="-81.73999166666667"><ele>144.5</ele><time>2026-09-11T22:27:11Z</time></trkpt>
      <trkpt lat="41.487671666666664" lon="-81.73999833333333"><ele>144.5</ele><time>2026-09-11T22:27:12Z</time></trkpt>
      <trkpt lat="41.48766666666667" lon="-81.74001333333334"><ele>144.5</ele><time>2026-09-11T22:27:13Z</time></trkpt>
      <trkpt lat="41.48766166666667" lon="-81.74002833333333"><ele>144.5</ele><time>2026-09-11T22:27:14Z</time></trkpt>
      <trkpt lat="41.487658333333336" lon="-81.74003666666667"><ele>144.5</ele><time>2026-09-11T22:27:15Z</time></trkpt>
      <trkpt lat="41.48765" lon="-81.74005833333334"><ele>144.5</ele><time>2026-09-11T22:27:16Z</time></trkpt>
      <trkpt lat="41.487645" lon="-81.74007"><ele>144.5</ele><time>2026-09-11T22:27:17Z</time></trkpt>
      <trkpt lat="41.48763833333334" lon="-81.740095"><ele>144.5</ele><time>2026-09-11T22:27:18Z</time></trkpt>
      <trkpt lat="41.487635" lon="-81.74010166666666"><ele>144.8</ele><time>2026-09-11T22:27:19Z</time></trkpt>
      <trkpt lat="41.48763" lon="-81.74012166666667"><ele>144.8</ele><time>2026-09-11T22:27:20Z</time></trkpt>
      <trkpt lat="41.48762333333333" lon="-81.74013666666667"><ele>144.8</ele><time>2026-09-11T22:27:21Z</time></trkpt>
      <trkpt lat="41.48761666666667" lon="-81.74015333333334"><ele>144.8</ele><time>2026-09-11T22:27:22Z</time></trkpt>
      <trkpt lat="41.487611666666666" lon="-81.74017166666667"><ele>144.8</ele><time>2026-09-11T22:27:23Z</time></trkpt>
      <trkpt lat="41.48760333333333" lon="-81.74018833333334"><ele>144.8</ele><time>2026-09-11T22:27:24Z</time></trkpt>
      <trkpt lat="41.48759666666667" lon="-81.74020666666667"><ele>144.8</ele><time>2026-09-11T22:27:25Z</time></trkpt>
      <trkpt lat="41.487593333333336" lon="-81.740215"><ele>144.8</ele><time>2026-09-11T22:27:26Z</time></trkpt>
      <trkpt lat="41.487585" lon="-81.740235"><ele>145.1</ele><time>2026-09-11T22:27:27Z</time></trkpt>
      <trkpt lat="41.48758333333333" lon="-81.74024166666666"><ele>145.1</ele><time>2026-09-11T22:27:28Z</time></trkpt>
      <trkpt lat="41.48758" lon="-81.74025666666667"><ele>144.799</ele><time>2026-09-11T22:27:29Z</time></trkpt>
      <trkpt lat="41.48757666666667" lon="-81.74026666666667"><ele>144.799</ele><time>2026-09-11T22:27:30Z</time></trkpt>
      <trkpt lat="41.487575" lon="-81.74027166666667"><ele>144.999</ele><time>2026-09-11T22:27:31Z</time></trkpt>
      <trkpt lat="41.48757" lon="-81.74029"><ele>144.799</ele><time>2026-09-11T22:27:32Z</time></trkpt>
      <trkpt lat="41.487565000000004" lon="-81.74030333333333"><ele>145.1</ele><time>2026-09-11T22:27:33Z</time></trkpt>
      <trkpt lat="41.487561666666664" lon="-81.74031166666667"><ele>145.1</ele><time>2026-09-11T22:27:34Z</time></trkpt>
      <trkpt lat="41.48755666666667" lon="-81.74032666666666"><ele>145.299</ele><time>2026-09-11T22:27:35Z</time></trkpt>
      <trkpt lat="41.48755333333333" lon="-81.74034"><ele>145.299</ele><time>2026-09-11T22:27:36Z</time></trkpt>
      <trkpt lat="41.487548333333336" lon="-81.740355"><ele>145.999</ele><time>2026-09-11T22:27:37Z</time></trkpt>
      <trkpt lat="41.487541666666665" lon="-81.740375"><ele>146.099</ele><time>2026-09-11T22:27:38Z</time></trkpt>
      <trkpt lat="41.48753833333333" lon="-81.74039166666667"><ele>145.799</ele><time>2026-09-11T22:27:39Z</time></trkpt>
      <trkpt lat="41.48753166666667" lon="-81.74040666666667"><ele>146.299</ele><time>2026-09-11T22:27:40Z</time></trkpt>
      <trkpt lat="41.48752666666667" lon="-81.74042166666666"><ele>144.5</ele><time>2026-09-11T22:27:41Z</time></trkpt>
      <trkpt lat="41.487525" lon="-81.74043166666667"><ele>144.5</ele><time>2026-09-11T22:27:42Z</time></trkpt>
      <trkpt lat="41.487518333333334" lon="-81.74045"><ele>144.5</ele><time>2026-09-11T22:27:43Z</time></trkpt>
      <trkpt lat="41.48751166666667" lon="-81.740465"><ele>144.5</ele><time>2026-09-11T22:27:44Z</time></trkpt>
      <trkpt lat="41.48751" lon="-81.74047"><ele>144.5</ele><time>2026-09-11T22:27:45Z</time></trkpt>
      <trkpt lat="41.48750166666667" lon="-81.74049166666667"><ele>144.5</ele><time>2026-09-11T22:27:46Z</time></trkpt>
      <trkpt lat="41.487496666666665" lon="-81.740505"><ele>144.5</ele><time>2026-09-11T22:27:47Z</time></trkpt>
      <trkpt lat="41.48749166666666" lon="-81.74052"><ele>145.5</ele><time>2026-09-11T22:27:48Z</time></trkpt>
      <trkpt lat="41.48748666666667" lon="-81.74053"><ele>145.5</ele><time>2026-09-11T22:27:49Z</time></trkpt>
      <trkpt lat="41.48748333333333" lon="-81.74054"><ele>145</ele><time>2026-09-11T22:27:50Z</time></trkpt>
      <trkpt lat="41.487476666666666" lon="-81.74055666666666"><ele>144.5</ele><time>2026-09-11T22:27:51Z</time></trkpt>
      <trkpt lat="41.487473333333334" lon="-81.74056833333333"><ele>144.5</ele><time>2026-09-11T22:27:52Z</time></trkpt>
      <trkpt lat="41.487465" lon="-81.74059333333334"><ele>144.5</ele><time>2026-09-11T22:27:53Z</time></trkpt>
      <trkpt lat="41.48746" lon="-81.74060666666666"><ele>144.5</ele><time>2026-09-11T22:27:54Z</time></trkpt>
      <trkpt lat="41.48746" lon="-81.740615"><ele>144.5</ele><time>2026-09-11T22:27:55Z</time></trkpt>
      <trkpt lat="41.487455" lon="-81.74063"><ele>144.5</ele><time>2026-09-11T22:27:56Z</time></trkpt>
      <trkpt lat="41.487451666666665" lon="-81.74064"><ele>144.5</ele><time>2026-09-11T22:27:57Z</time></trkpt>
      <trkpt lat="41.487445" lon="-81.740645"><ele>145.2</ele><time>2026-09-11T22:27:58Z</time></trkpt>
      <trkpt lat="41.48743666666667" lon="-81.74066666666667"><ele>145.2</ele><time>2026-09-11T22:27:59Z</time></trkpt>
      <trkpt lat="41.48743833333333" lon="-81.74069166666666"><ele>144.3</ele><time>2026-09-11T22:28:00Z</time></trkpt>
      <trkpt lat="41.48743833333333" lon="-81.74070166666667"><ele>144.3</ele><time>2026-09-11T22:28:01Z</time></trkpt>
      <trkpt lat="41.487435" lon="-81.74071333333333"><ele>144.7</ele><time>2026-09-11T22:28:02Z</time></trkpt>
      <trkpt lat="41.487433333333335" lon="-81.74073666666666"><ele>144.5</ele><time>2026-09-11T22:28:03Z</time></trkpt>
      <trkpt lat="41.487433333333335" lon="-81.740745"><ele>145.4</ele><time>2026-09-11T22:28:04Z</time></trkpt>
      <trkpt lat="41.48743" lon="-81.74076333333333"><ele>145.8</ele><time>2026-09-11T22:28:05Z</time></trkpt>
      <trkpt lat="41.487426666666664" lon="-81.74077166666666"><ele>146.6</ele><time>2026-09-11T22:28:06Z</time></trkpt>
      <trkpt lat="41.487425" lon="-81.74078"><ele>144.5</ele><time>2026-09-11T22:28:07Z</time></trkpt>
      <trkpt lat="41.48742333333333" lon="-81.74078833333333"><ele>144.5</ele><time>2026-09-11T22:28:08Z</time></trkpt>
      <trkpt lat="41.48742333333333" lon="-81.74080166666667"><ele>146.8</ele><time>2026-09-11T22:28:09Z</time></trkpt>
      <trkpt lat="41.48742333333333" lon="-81.740815"><ele>146.1</ele><time>2026-09-11T22:28:10Z</time></trkpt>
      <trkpt lat="41.487428333333334" lon="-81.74083333333333"><ele>144.5</ele><time>2026-09-11T22:28:11Z</time></trkpt>
      <trkpt lat="41.48742166666667" lon="-81.74085"><ele>146.1</ele><time>2026-09-11T22:28:12Z</time></trkpt>
      <trkpt lat="41.487415" lon="-81.74086333333334"><ele>147.1</ele><time>2026-09-11T22:28:13Z</time></trkpt>
      <trkpt lat="41.48741166666667" lon="-81.74088"><ele>147.4</ele><time>2026-09-11T22:28:14Z</time></trkpt>
      <trkpt lat="41.48741" lon="-81.74089166666667"><ele>147.4</ele><time>2026-09-11T22:28:15Z</time></trkpt>
      <trkpt lat="41.487408333333335" lon="-81.74090333333334"><ele>147.3</ele><time>2026-09-11T22:28:16Z</time></trkpt>
      <trkpt lat="41.48740333333333" lon="-81.74092166666667"><ele>147.4</ele><time>2026-09-11T22:28:17Z</time></trkpt>
      <trkpt lat="41.4874" lon="-81.74094"><ele>147.3</ele><time>2026-09-11T22:28:18Z</time></trkpt>
      <trkpt lat="41.48739666666667" lon="-81.740955"><ele>146.8</ele><time>2026-09-11T22:28:19Z</time></trkpt>
      <trkpt lat="41.487395" lon="-81.74096666666667"><ele>147.7</ele><time>2026-09-11T22:28:20Z</time></trkpt>
      <trkpt lat="41.48739166666667" lon="-81.74097666666667"><ele>147.4</ele><time>2026-09-11T22:28:21Z</time></trkpt>
      <trkpt lat="41.48739" lon="-81.74098333333333"><ele>147.4</ele><time>2026-09-11T22:28:22Z</time></trkpt>
      <trkpt lat="41.487386666666666" lon="-81.74099333333334"><ele>147.4</ele><time>2026-09-11T22:28:23Z</time></trkpt>
      <trkpt lat="41.487381666666664" lon="-81.74100833333334"><ele>147.4</ele><time>2026-09-11T22:28:24Z</time></trkpt>
      <trkpt lat="41.48737833333333" lon="-81.74102666666667"><ele>147.5</ele><time>2026-09-11T22:28:25Z</time></trkpt>
      <trkpt lat="41.48737333333333" lon="-81.74104166666666"><ele>147.5</ele><time>2026-09-11T22:28:26Z</time></trkpt>
      <trkpt lat="41.487368333333336" lon="-81.74105833333333"><ele>147.1</ele><time>2026-09-11T22:28:27Z</time></trkpt>
      <trkpt lat="41.48736666666667" lon="-81.74107166666667"><ele>147.1</ele><time>2026-09-11T22:28:28Z</time></trkpt>
      <trkpt lat="41.48736666666667" lon="-81.74108"><ele>146.799</ele><time>2026-09-11T22:28:29Z</time></trkpt>
      <trkpt lat="41.487363333333334" lon="-81.74109666666666"><ele>146.499</ele><time>2026-09-11T22:28:30Z</time></trkpt>
      <trkpt lat="41.487363333333334" lon="-81.74110666666667"><ele>146.499</ele><time>2026-09-11T22:28:31Z</time></trkpt>
      <trkpt lat="41.48735833333333" lon="-81.74112333333333"><ele>147.499</ele><time>2026-09-11T22:28:32Z</time></trkpt>
      <trkpt lat="41.487355" lon="-81.74113833333334"><ele>148.299</ele><time>2026-09-11T22:28:33Z</time></trkpt>
      <trkpt lat="41.48735333333333" lon="-81.74114833333333"><ele>148.2</ele><time>2026-09-11T22:28:34Z</time></trkpt>
      <trkpt lat="41.48735" lon="-81.74115666666667"><ele>149</ele><time>2026-09-11T22:28:35Z</time></trkpt>
      <trkpt lat="41.487343333333335" lon="-81.74117833333334"><ele>149.1</ele><time>2026-09-11T22:28:36Z</time></trkpt>
      <trkpt lat="41.487341666666666" lon="-81.741185"><ele>149.1</ele><time>2026-09-11T22:28:37Z</time></trkpt>
      <trkpt lat="41.487338333333334" lon="-81.74119666666667"><ele>149.4</ele><time>2026-09-11T22:28:38Z</time></trkpt>
      <trkpt lat="41.48733166666667" lon="-81.741215"><ele>148.8</ele><time>2026-09-11T22:28:39Z</time></trkpt>
      <trkpt lat="41.48732666666667" lon="-81.74123"><ele>149.2</ele><time>2026-09-11T22:28:40Z</time></trkpt>
      <trkpt lat="41.48732" lon="-81.74124333333333"><ele>149.1</ele><time>2026-09-11T22:28:41Z</time></trkpt>
      <trkpt lat="41.487318333333334" lon="-81.74125333333333"><ele>149.799</ele><time>2026-09-11T22:28:42Z</time></trkpt>
      <trkpt lat="41.487316666666665" lon="-81.74125833333333"><ele>149.799</ele><time>2026-09-11T22:28:43Z</time></trkpt>
      <trkpt lat="41.48731166666666" lon="-81.74127666666666"><ele>149.6</ele><time>2026-09-11T22:28:44Z</time></trkpt>
      <trkpt lat="41.48731" lon="-81.74128666666667"><ele>150</ele><time>2026-09-11T22:28:45Z</time></trkpt>
      <trkpt lat="41.48730666666667" lon="-81.741305"><ele>150</ele><time>2026-09-11T22:28:46Z</time></trkpt>
      <trkpt lat="41.4873" lon="-81.74132166666666"><ele>150.6</ele><time>2026-09-11T22:28:47Z</time></trkpt>
      <trkpt lat="41.487296666666666" lon="-81.741335"><ele>149.8</ele><time>2026-09-11T22:28:48Z</time></trkpt>
      <trkpt lat="41.487296666666666" lon="-81.741345"><ele>150.5</ele><time>2026-09-11T22:28:49Z</time></trkpt>
      <trkpt lat="41.487295" lon="-81.74135333333334"><ele>150.5</ele><time>2026-09-11T22:28:50Z</time></trkpt>
      <trkpt lat="41.487295" lon="-81.741365"><ele>149.9</ele><time>2026-09-11T22:28:51Z</time></trkpt>
      <trkpt lat="41.487296666666666" lon="-81.74137666666667"><ele>148.8</ele><time>2026-09-11T22:28:52Z</time></trkpt>
      <trkpt lat="41.487296666666666" lon="-81.7414"><ele>149</ele><time>2026-09-11T22:28:53Z</time></trkpt>
      <trkpt lat="41.487295" lon="-81.74141333333333"><ele>149.4</ele><time>2026-09-11T22:28:54Z</time></trkpt>
      <trkpt lat="41.487293333333334" lon="-81.74143166666667"><ele>149.3</ele><time>2026-09-11T22:28:55Z</time></trkpt>
      <trkpt lat="41.48729" lon="-81.74144833333334"><ele>148.5</ele><time>2026-09-11T22:28:56Z</time></trkpt>
      <trkpt lat="41.48728666666667" lon="-81.741465"><ele>148.5</ele><time>2026-09-11T22:28:57Z</time></trkpt>
      <trkpt lat="41.487285" lon="-81.74147166666667"><ele>149.6</ele><time>2026-09-11T22:28:58Z</time></trkpt>
      <trkpt lat="41.48728166666667" lon="-81.74149"><ele>149.4</ele><time>2026-09-11T22:28:59Z</time></trkpt>
      <trkpt lat="41.487276666666666" lon="-81.741505"><ele>149.4</ele><time>2026-09-11T22:29:00Z</time></trkpt>
      <trkpt lat="41.487273333333334" lon="-81.741515"><ele>150.6</ele><time>2026-09-11T22:29:01Z</time></trkpt>
      <trkpt lat="41.48726833333333" lon="-81.74153333333334"><ele>151.1</ele><time>2026-09-11T22:29:02Z</time></trkpt>
      <trkpt lat="41.48726333333333" lon="-81.74155166666667"><ele>151</ele><time>2026-09-11T22:29:03Z</time></trkpt>
      <trkpt lat="41.48726" lon="-81.741565"><ele>151.9</ele><time>2026-09-11T22:29:04Z</time></trkpt>
      <trkpt lat="41.48725833333334" lon="-81.74157166666667"><ele>151.9</ele><time>2026-09-11T22:29:05Z</time></trkpt>
      <trkpt lat="41.487255" lon="-81.74158833333334"><ele>151.5</ele><time>2026-09-11T22:29:06Z</time></trkpt>
      <trkpt lat="41.487253333333335" lon="-81.74159833333333"><ele>151.3</ele><time>2026-09-11T22:29:07Z</time></trkpt>
      <trkpt lat="41.48724833333333" lon="-81.74162"><ele>151.2</ele><time>2026-09-11T22:29:08Z</time></trkpt>
      <trkpt lat="41.487245" lon="-81.74163"><ele>151.1</ele><time>2026-09-11T22:29:09Z</time></trkpt>
      <trkpt lat="41.48724333333333" lon="-81.74164833333333"><ele>151.4</ele><time>2026-09-11T22:29:10Z</time></trkpt>
      <trkpt lat="41.48724" lon="-81.74166666666666"><ele>151.7</ele><time>2026-09-11T22:29:11Z</time></trkpt>
      <trkpt lat="41.48724" lon="-81.74168"><ele>152.8</ele><time>2026-09-11T22:29:12Z</time></trkpt>
      <trkpt lat="41.48724" lon="-81.74169"><ele>152.8</ele><time>2026-09-11T22:29:13Z</time></trkpt>
      <trkpt lat="41.48724" lon="-81.74170833333334"><ele>153.2</ele><time>2026-09-11T22:29:14Z</time></trkpt>
      <trkpt lat="41.48723833333333" lon="-81.74172333333334"><ele>152.8</ele><time>2026-09-11T22:29:15Z</time></trkpt>
      <trkpt lat="41.487235" lon="-81.74174333333333"><ele>152.8</ele><time>2026-09-11T22:29:16Z</time></trkpt>
      <trkpt lat="41.487231666666666" lon="-81.74176166666666"><ele>152.8</ele><time>2026-09-11T22:29:17Z</time></trkpt>
      <trkpt lat="41.487228333333334" lon="-81.74178"><ele>154.8</ele><time>2026-09-11T22:29:18Z</time></trkpt>
      <trkpt lat="41.487228333333334" lon="-81.74178833333333"><ele>154.8</ele><time>2026-09-11T22:29:19Z</time></trkpt>
      <trkpt lat="41.487225" lon="-81.74180166666666"><ele>154.5</ele><time>2026-09-11T22:29:20Z</time></trkpt>
      <trkpt lat="41.48722166666667" lon="-81.74181666666667"><ele>154.4</ele><time>2026-09-11T22:29:21Z</time></trkpt>
      <trkpt lat="41.48721666666667" lon="-81.741835"><ele>154.7</ele><time>2026-09-11T22:29:22Z</time></trkpt>
      <trkpt lat="41.487215" lon="-81.74185166666666"><ele>154.5</ele><time>2026-09-11T22:29:23Z</time></trkpt>
      <trkpt lat="41.487215" lon="-81.74186"><ele>153.6</ele><time>2026-09-11T22:29:24Z</time></trkpt>
      <trkpt lat="41.48721333333334" lon="-81.74188833333334"><ele>153.6</ele><time>2026-09-11T22:29:25Z</time></trkpt>
      <trkpt lat="41.48721166666667" lon="-81.74189833333334"><ele>153.6</ele><time>2026-09-11T22:29:26Z</time></trkpt>
      <trkpt lat="41.48721" lon="-81.74190833333333"><ele>154.299</ele><time>2026-09-11T22:29:27Z</time></trkpt>
      <trkpt lat="41.487206666666665" lon="-81.74192666666667"><ele>153.499</ele><time>2026-09-11T22:29:28Z</time></trkpt>
      <trkpt lat="41.487205" lon="-81.741945"><ele>153.499</ele><time>2026-09-11T22:29:29Z</time></trkpt>
      <trkpt lat="41.487201666666664" lon="-81.74195666666667"><ele>154.599</ele><time>2026-09-11T22:29:30Z</time></trkpt>
      <trkpt lat="41.48719833333333" lon="-81.74196333333333"><ele>154.599</ele><time>2026-09-11T22:29:31Z</time></trkpt>
      <trkpt lat="41.487195" lon="-81.74197333333333"><ele>154.399</ele><time>2026-09-11T22:29:32Z</time></trkpt>
      <trkpt lat="41.487188333333336" lon="-81.742"><ele>154.8</ele><time>2026-09-11T22:29:33Z</time></trkpt>
      <trkpt lat="41.487186666666666" lon="-81.74200833333333"><ele>154.8</ele><time>2026-09-11T22:29:34Z</time></trkpt>
      <trkpt lat="41.48718" lon="-81.74202166666667"><ele>154.8</ele><time>2026-09-11T22:29:35Z</time></trkpt>
      <trkpt lat="41.48717833333333" lon="-81.742025"><ele>155.2</ele><time>2026-09-11T22:29:36Z</time></trkpt>
      <trkpt lat="41.48717" lon="-81.74203833333334"><ele>155.4</ele><time>2026-09-11T22:29:37Z</time></trkpt>
      <trkpt lat="41.487165" lon="-81.74204833333333"><ele>155.6</ele><time>2026-09-11T22:29:38Z</time></trkpt>
      <trkpt lat="41.487156666666664" lon="-81.74206333333333"><ele>155.9</ele><time>2026-09-11T22:29:39Z</time></trkpt>
      <trkpt lat="41.48714833333333" lon="-81.74207833333334"><ele>156</ele><time>2026-09-11T22:29:40Z</time></trkpt>
      <trkpt lat="41.487141666666666" lon="-81.74209"><ele>157</ele><time>2026-09-11T22:29:41Z</time></trkpt>
      <trkpt lat="41.48714" lon="-81.74209666666667"><ele>157</ele><time>2026-09-11T22:29:42Z</time></trkpt>
      <trkpt lat="41.487135" lon="-81.74211333333334"><ele>157</ele><time>2026-09-11T22:29:43Z</time></trkpt>
      <trkpt lat="41.48713166666667" lon="-81.742125"><ele>157.2</ele><time>2026-09-11T22:29:44Z</time></trkpt>
      <trkpt lat="41.487125" lon="-81.74214333333333"><ele>157.1</ele><time>2026-09-11T22:29:45Z</time></trkpt>
      <trkpt lat="41.48712" lon="-81.742165"><ele>156.7</ele><time>2026-09-11T22:29:46Z</time></trkpt>
      <trkpt lat="41.48712" lon="-81.742175"><ele>157.299</ele><time>2026-09-11T22:29:47Z</time></trkpt>
      <trkpt lat="41.487115" lon="-81.74219333333333"><ele>157.499</ele><time>2026-09-11T22:29:48Z</time></trkpt>
      <trkpt lat="41.487115" lon="-81.74220666666666"><ele>157.999</ele><time>2026-09-11T22:29:49Z</time></trkpt>
      <trkpt lat="41.48711333333333" lon="-81.74222"><ele>157.799</ele><time>2026-09-11T22:29:50Z</time></trkpt>
      <trkpt lat="41.487111666666664" lon="-81.74223833333333"><ele>158</ele><time>2026-09-11T22:29:51Z</time></trkpt>
      <trkpt lat="41.487105" lon="-81.74226333333333"><ele>157.9</ele><time>2026-09-11T22:29:52Z</time></trkpt>
      <trkpt lat="41.4871" lon="-81.742285"><ele>157.4</ele><time>2026-09-11T22:29:53Z</time></trkpt>
      <trkpt lat="41.487096666666666" lon="-81.74229333333334"><ele>157.4</ele><time>2026-09-11T22:29:54Z</time></trkpt>
      <trkpt lat="41.48708666666667" lon="-81.74231833333333"><ele>157.3</ele><time>2026-09-11T22:29:55Z</time></trkpt>
      <trkpt lat="41.487085" lon="-81.74233"><ele>157.4</ele><time>2026-09-11T22:29:56Z</time></trkpt>
      <trkpt lat="41.48708166666667" lon="-81.74234666666666"><ele>157.3</ele><time>2026-09-11T22:29:57Z</time></trkpt>
      <trkpt lat="41.48708" lon="-81.74236333333333"><ele>156.8</ele><time>2026-09-11T22:29:58Z</time></trkpt>
      <trkpt lat="41.48707666666667" lon="-81.74237333333333"><ele>158.1</ele><time>2026-09-11T22:29:59Z</time></trkpt>
      <trkpt lat="41.48707666666667" lon="-81.74238166666666"><ele>158.1</ele><time>2026-09-11T22:30:00Z</time></trkpt>
      <trkpt lat="41.487071666666665" lon="-81.74239666666666"><ele>157.8</ele><time>2026-09-11T22:30:01Z</time></trkpt>
      <trkpt lat="41.48707" lon="-81.742405"><ele>158</ele><time>2026-09-11T22:30:02Z</time></trkpt>
      <trkpt lat="41.48706333333333" lon="-81.74242333333333"><ele>158.6</ele><time>2026-09-11T22:30:03Z</time></trkpt>
      <trkpt lat="41.48706" lon="-81.74243"><ele>158.2</ele><time>2026-09-11T22:30:04Z</time></trkpt>
      <trkpt lat="41.487055" lon="-81.74244666666667"><ele>158.5</ele><time>2026-09-11T22:30:05Z</time></trkpt>
      <trkpt lat="41.487053333333336" lon="-81.74245166666667"><ele>158.5</ele><time>2026-09-11T22:30:06Z</time></trkpt>
      <trkpt lat="41.487048333333334" lon="-81.74246833333333"><ele>158.8</ele><time>2026-09-11T22:30:07Z</time></trkpt>
      <trkpt lat="41.487045" lon="-81.74247833333334"><ele>158.7</ele><time>2026-09-11T22:30:08Z</time></trkpt>
      <trkpt lat="41.48704" lon="-81.74249"><ele>158.8</ele><time>2026-09-11T22:30:09Z</time></trkpt>
      <trkpt lat="41.48703666666667" lon="-81.74250166666667"><ele>158.3</ele><time>2026-09-11T22:30:10Z</time></trkpt>
      <trkpt lat="41.487035" lon="-81.74251166666667"><ele>158.5</ele><time>2026-09-11T22:30:11Z</time></trkpt>
      <trkpt lat="41.48703166666667" lon="-81.74252166666666"><ele>158.5</ele><time>2026-09-11T22:30:12Z</time></trkpt>
      <trkpt lat="41.48703" lon="-81.74252833333334"><ele>158.1</ele><time>2026-09-11T22:30:13Z</time></trkpt>
      <trkpt lat="41.487025" lon="-81.74254333333333"><ele>158.1</ele><time>2026-09-11T22:30:14Z</time></trkpt>
      <trkpt lat="41.487021666666664" lon="-81.74255666666667"><ele>158.3</ele><time>2026-09-11T22:30:15Z</time></trkpt>
      <trkpt lat="41.48702" lon="-81.74256666666666"><ele>158.3</ele><time>2026-09-11T22:30:16Z</time></trkpt>
      <trkpt lat="41.48701833333333" lon="-81.74257166666666"><ele>158.3</ele><time>2026-09-11T22:30:17Z</time></trkpt>
      <trkpt lat="41.487015" lon="-81.74259333333333"><ele>158.6</ele><time>2026-09-11T22:30:18Z</time></trkpt>
      <trkpt lat="41.48701333333333" lon="-81.742605"><ele>158.5</ele><time>2026-09-11T22:30:19Z</time></trkpt>
      <trkpt lat="41.48701166666667" lon="-81.74261166666666"><ele>159</ele><time>2026-09-11T22:30:20Z</time></trkpt>
      <trkpt lat="41.487003333333334" lon="-81.74263333333333"><ele>159.1</ele><time>2026-09-11T22:30:21Z</time></trkpt>
      <trkpt lat="41.487" lon="-81.74264166666667"><ele>158.6</ele><time>2026-09-11T22:30:22Z</time></trkpt>
      <trkpt lat="41.48699833333333" lon="-81.74265833333334"><ele>157.799</ele><time>2026-09-11T22:30:23Z</time></trkpt>
      <trkpt lat="41.486995" lon="-81.742675"><ele>157.999</ele><time>2026-09-11T22:30:24Z</time></trkpt>
      <trkpt lat="41.48699333333333" lon="-81.742695"><ele>157.699</ele><time>2026-09-11T22:30:25Z</time></trkpt>
      <trkpt lat="41.48699333333333" lon="-81.742705"><ele>157.899</ele><time>2026-09-11T22:30:26Z</time></trkpt>
      <trkpt lat="41.48699" lon="-81.74272333333333"><ele>157.9</ele><time>2026-09-11T22:30:27Z</time></trkpt>
      <trkpt lat="41.486985" lon="-81.74274"><ele>158</ele><time>2026-09-11T22:30:28Z</time></trkpt>
      <trkpt lat="41.486981666666665" lon="-81.742755"><ele>157.8</ele><time>2026-09-11T22:30:29Z</time></trkpt>
      <trkpt lat="41.48697666666666" lon="-81.74276333333333"><ele>158.2</ele><time>2026-09-11T22:30:30Z</time></trkpt>
      <trkpt lat="41.48697166666667" lon="-81.74277833333333"><ele>158.7</ele><time>2026-09-11T22:30:31Z</time></trkpt>
      <trkpt lat="41.486963333333335" lon="-81.74279666666666"><ele>159.2</ele><time>2026-09-11T22:30:32Z</time></trkpt>
      <trkpt lat="41.486956666666664" lon="-81.74281166666667"><ele>159.5</ele><time>2026-09-11T22:30:33Z</time></trkpt>
      <trkpt lat="41.48695" lon="-81.74283"><ele>159</ele><time>2026-09-11T22:30:34Z</time></trkpt>
      <trkpt lat="41.486945" lon="-81.74284666666667"><ele>159.1</ele><time>2026-09-11T22:30:35Z</time></trkpt>
      <trkpt lat="41.486943333333336" lon="-81.74285333333333"><ele>159</ele><time>2026-09-11T22:30:36Z</time></trkpt>
      <trkpt lat="41.48694" lon="-81.74287333333334"><ele>159</ele><time>2026-09-11T22:30:37Z</time></trkpt>
      <trkpt lat="41.486936666666665" lon="-81.74289"><ele>159.5</ele><time>2026-09-11T22:30:38Z</time></trkpt>
      <trkpt lat="41.486935" lon="-81.7429"><ele>159.5</ele><time>2026-09-11T22:30:39Z</time></trkpt>
      <trkpt lat="41.48693" lon="-81.74292"><ele>159.5</ele><time>2026-09-11T22:30:40Z</time></trkpt>
      <trkpt lat="41.48692833333333" lon="-81.74292833333334"><ele>159.3</ele><time>2026-09-11T22:30:41Z</time></trkpt>
      <trkpt lat="41.486925" lon="-81.74294333333333"><ele>159.3</ele><time>2026-09-11T22:30:42Z</time></trkpt>
      <trkpt lat="41.486916666666666" lon="-81.742955"><ele>159.3</ele><time>2026-09-11T22:30:43Z</time></trkpt>
      <trkpt lat="41.486913333333334" lon="-81.74295833333333"><ele>159.1</ele><time>2026-09-11T22:30:44Z</time></trkpt>
      <trkpt lat="41.48690333333333" lon="-81.74296333333334"><ele>159.1</ele><time>2026-09-11T22:30:45Z</time></trkpt>
      <trkpt lat="41.486893333333335" lon="-81.74296666666666"><ele>159.2</ele><time>2026-09-11T22:30:46Z</time></trkpt>
      <trkpt lat="41.486891666666665" lon="-81.74297333333334"><ele>159.299</ele><time>2026-09-11T22:30:47Z</time></trkpt>
      <trkpt lat="41.48688333333333" lon="-81.74298166666667"><ele>159.2</ele><time>2026-09-11T22:30:48Z</time></trkpt>
      <trkpt lat="41.48688" lon="-81.74300333333333"><ele>159.3</ele><time>2026-09-11T22:30:49Z</time></trkpt>
      <trkpt lat="41.48688833333333" lon="-81.743005"><ele>159.3</ele><time>2026-09-11T22:30:50Z</time></trkpt>
      <trkpt lat="41.486891666666665" lon="-81.743005"><ele>159.6</ele><time>2026-09-11T22:30:51Z</time></trkpt>
      <trkpt lat="41.48688166666667" lon="-81.74301"><ele>159.8</ele><time>2026-09-11T22:30:52Z</time></trkpt>
      <trkpt lat="41.48686333333333" lon="-81.74301666666666"><ele>159.3</ele><time>2026-09-11T22:30:53Z</time></trkpt>
      <trkpt lat="41.48684166666666" lon="-81.74302"><ele>159.2</ele><time>2026-09-11T22:30:54Z</time></trkpt>
      <trkpt lat="41.48681833333333" lon="-81.74302833333333"><ele>158.1</ele><time>2026-09-11T22:30:55Z</time></trkpt>
      <trkpt lat="41.486806666666666" lon="-81.74303166666667"><ele>158.1</ele><time>2026-09-11T22:30:56Z</time></trkpt>
      <trkpt lat="41.486795" lon="-81.74303666666667"><ele>158.2</ele><time>2026-09-11T22:30:57Z</time></trkpt>
      <trkpt lat="41.486781666666666" lon="-81.743045"><ele>158.299</ele><time>2026-09-11T22:30:58Z</time></trkpt>
      <trkpt lat="41.48677166666667" lon="-81.74305"><ele>158.299</ele><time>2026-09-11T22:30:59Z</time></trkpt>
      <trkpt lat="41.486765" lon="-81.74305333333334"><ele>158.1</ele><time>2026-09-11T22:31:00Z</time></trkpt>
      <trkpt lat="41.48674833333333" lon="-81.74306333333334"><ele>157.799</ele><time>2026-09-11T22:31:01Z</time></trkpt>
      <trkpt lat="41.48674" lon="-81.743065"><ele>157.799</ele><time>2026-09-11T22:31:02Z</time></trkpt>
      <trkpt lat="41.48672833333333" lon="-81.74306833333333"><ele>159</ele><time>2026-09-11T22:31:03Z</time></trkpt>
      <trkpt lat="41.48672166666667" lon="-81.74307166666667"><ele>159</ele><time>2026-09-11T22:31:04Z</time></trkpt>
      <trkpt lat="41.48671" lon="-81.74307833333333"><ele>158.1</ele><time>2026-09-11T22:31:05Z</time></trkpt>
      <trkpt lat="41.4867" lon="-81.743085"><ele>159</ele><time>2026-09-11T22:31:06Z</time></trkpt>
      <trkpt lat="41.486685" lon="-81.74309"><ele>157.9</ele><time>2026-09-11T22:31:07Z</time></trkpt>
      <trkpt lat="41.48667666666667" lon="-81.74309666666667"><ele>157.9</ele><time>2026-09-11T22:31:08Z</time></trkpt>
      <trkpt lat="41.48665" lon="-81.74311666666667"><ele>158.5</ele><time>2026-09-11T22:31:09Z</time></trkpt>
      <trkpt lat="41.48664333333333" lon="-81.74312333333333"><ele>158.5</ele><time>2026-09-11T22:31:10Z</time></trkpt>
      <trkpt lat="41.48663166666667" lon="-81.74313166666667"><ele>158.7</ele><time>2026-09-11T22:31:11Z</time></trkpt>
      <trkpt lat="41.486625" lon="-81.74313833333333"><ele>158.7</ele><time>2026-09-11T22:31:12Z</time></trkpt>
      <trkpt lat="41.48661333333333" lon="-81.74314666666666"><ele>158.6</ele><time>2026-09-11T22:31:13Z</time></trkpt>
      <trkpt lat="41.486596666666664" lon="-81.74315666666666"><ele>158.6</ele><time>2026-09-11T22:31:14Z</time></trkpt>
      <trkpt lat="41.48659333333333" lon="-81.74315666666666"><ele>158.5</ele><time>2026-09-11T22:31:15Z</time></trkpt>
      <trkpt lat="41.486585" lon="-81.74316166666667"><ele>158.5</ele><time>2026-09-11T22:31:16Z</time></trkpt>
      <trkpt lat="41.486576666666664" lon="-81.74317333333333"><ele>158.3</ele><time>2026-09-11T22:31:17Z</time></trkpt>
      <trkpt lat="41.48657166666667" lon="-81.74318"><ele>158.3</ele><time>2026-09-11T22:31:18Z</time></trkpt>
      <trkpt lat="41.48656666666667" lon="-81.74319166666666"><ele>158.5</ele><time>2026-09-11T22:31:19Z</time></trkpt>
      <trkpt lat="41.486558333333335" lon="-81.74320666666667"><ele>158.5</ele><time>2026-09-11T22:31:20Z</time></trkpt>
      <trkpt lat="41.486555" lon="-81.74321333333333"><ele>158.4</ele><time>2026-09-11T22:31:21Z</time></trkpt>
      <trkpt lat="41.48655333333333" lon="-81.74322333333333"><ele>158.4</ele><time>2026-09-11T22:31:22Z</time></trkpt>
      <trkpt lat="41.486551666666664" lon="-81.74323666666666"><ele>158.5</ele><time>2026-09-11T22:31:23Z</time></trkpt>
      <trkpt lat="41.48655" lon="-81.743245"><ele>158.5</ele><time>2026-09-11T22:31:24Z</time></trkpt>
      <trkpt lat="41.486551666666664" lon="-81.74326833333333"><ele>158.8</ele><time>2026-09-11T22:31:25Z</time></trkpt>
      <trkpt lat="41.486551666666664" lon="-81.74327666666667"><ele>158.8</ele><time>2026-09-11T22:31:26Z</time></trkpt>
      <trkpt lat="41.48655" lon="-81.74329166666666"><ele>159</ele><time>2026-09-11T22:31:27Z</time></trkpt>
      <trkpt lat="41.48654833333333" lon="-81.74329833333333"><ele>158.6</ele><time>2026-09-11T22:31:28Z</time></trkpt>
      <trkpt lat="41.48654666666667" lon="-81.74331"><ele>159.1</ele><time>2026-09-11T22:31:29Z</time></trkpt>
      <trkpt lat="41.48654333333333" lon="-81.74332666666666"><ele>158.5</ele><time>2026-09-11T22:31:30Z</time></trkpt>
      <trkpt lat="41.48654166666667" lon="-81.74333666666666"><ele>158.4</ele><time>2026-09-11T22:31:31Z</time></trkpt>
      <trkpt lat="41.48654" lon="-81.743355"><ele>157.6</ele><time>2026-09-11T22:31:32Z</time></trkpt>
      <trkpt lat="41.486538333333336" lon="-81.743365"><ele>157.7</ele><time>2026-09-11T22:31:33Z</time></trkpt>
      <trkpt lat="41.486535" lon="-81.74338"><ele>157.899</ele><time>2026-09-11T22:31:34Z</time></trkpt>
      <trkpt lat="41.486533333333334" lon="-81.74338833333333"><ele>157.899</ele><time>2026-09-11T22:31:35Z</time></trkpt>
      <trkpt lat="41.486533333333334" lon="-81.74340166666667"><ele>157.799</ele><time>2026-09-11T22:31:36Z</time></trkpt>
      <trkpt lat="41.486533333333334" lon="-81.74341333333334"><ele>158.1</ele><time>2026-09-11T22:31:37Z</time></trkpt>
      <trkpt lat="41.486531666666664" lon="-81.74343333333333"><ele>158.7</ele><time>2026-09-11T22:31:38Z</time></trkpt>
      <trkpt lat="41.48653" lon="-81.74343833333333"><ele>158.7</ele><time>2026-09-11T22:31:39Z</time></trkpt>
      <trkpt lat="41.48653" lon="-81.74344333333333"><ele>158.799</ele><time>2026-09-11T22:31:40Z</time></trkpt>
      <trkpt lat="41.486525" lon="-81.74346"><ele>158.799</ele><time>2026-09-11T22:31:41Z</time></trkpt>
      <trkpt lat="41.48652333333333" lon="-81.743465"><ele>158.799</ele><time>2026-09-11T22:31:42Z</time></trkpt>
      <trkpt lat="41.486518333333336" lon="-81.74348333333333"><ele>159.1</ele><time>2026-09-11T22:31:43Z</time></trkpt>
      <trkpt lat="41.486515" lon="-81.743495"><ele>159.1</ele><time>2026-09-11T22:31:44Z</time></trkpt>
      <trkpt lat="41.486513333333335" lon="-81.74350166666666"><ele>159.1</ele><time>2026-09-11T22:31:45Z</time></trkpt>
      <trkpt lat="41.48650833333333" lon="-81.743515"><ele>158.799</ele><time>2026-09-11T22:31:46Z</time></trkpt>
      <trkpt lat="41.486505" lon="-81.74353"><ele>158.899</ele><time>2026-09-11T22:31:47Z</time></trkpt>
      <trkpt lat="41.48650166666667" lon="-81.74353833333333"><ele>159.099</ele><time>2026-09-11T22:31:48Z</time></trkpt>
      <trkpt lat="41.4865" lon="-81.74355333333334"><ele>159.099</ele><time>2026-09-11T22:31:49Z</time></trkpt>
      <trkpt lat="41.486493333333335" lon="-81.74357166666667"><ele>159.199</ele><time>2026-09-11T22:31:50Z</time></trkpt>
      <trkpt lat="41.486491666666666" lon="-81.74358166666667"><ele>159.1</ele><time>2026-09-11T22:31:51Z</time></trkpt>
      <trkpt lat="41.486488333333334" lon="-81.74359833333334"><ele>159.2</ele><time>2026-09-11T22:31:52Z</time></trkpt>
      <trkpt lat="41.48648333333333" lon="-81.74361999999999"><ele>158.799</ele><time>2026-09-11T22:31:53Z</time></trkpt>
      <trkpt lat="41.48647833333333" lon="-81.74363666666666"><ele>158.6</ele><time>2026-09-11T22:31:54Z</time></trkpt>
      <trkpt lat="41.486475" lon="-81.74364666666666"><ele>158.299</ele><time>2026-09-11T22:31:55Z</time></trkpt>
      <trkpt lat="41.48647" lon="-81.74366833333333"><ele>158.6</ele><time>2026-09-11T22:31:56Z</time></trkpt>
      <trkpt lat="41.486468333333335" lon="-81.743675"><ele>158.6</ele><time>2026-09-11T22:31:57Z</time></trkpt>
      <trkpt lat="41.48646333333333" lon="-81.74369166666666"><ele>158.9</ele><time>2026-09-11T22:31:58Z</time></trkpt>
      <trkpt lat="41.48646333333333" lon="-81.74370166666667"><ele>158.4</ele><time>2026-09-11T22:31:59Z</time></trkpt>
      <trkpt lat="41.48646166666666" lon="-81.74371833333333"><ele>158.3</ele><time>2026-09-11T22:32:00Z</time></trkpt>
      <trkpt lat="41.48646" lon="-81.74374166666666"><ele>157.5</ele><time>2026-09-11T22:32:01Z</time></trkpt>
      <trkpt lat="41.48646" lon="-81.74375166666667"><ele>158.5</ele><time>2026-09-11T22:32:02Z</time></trkpt>
      <trkpt lat="41.48645833333333" lon="-81.743765"><ele>157.6</ele><time>2026-09-11T22:32:03Z</time></trkpt>
      <trkpt lat="41.486455" lon="-81.74377"><ele>157.7</ele><time>2026-09-11T22:32:04Z</time></trkpt>
      <trkpt lat="41.48645166666667" lon="-81.74379"><ele>158</ele><time>2026-09-11T22:32:05Z</time></trkpt>
      <trkpt lat="41.48645166666667" lon="-81.74379666666667"><ele>158</ele><time>2026-09-11T22:32:06Z</time></trkpt>
      <trkpt lat="41.48645" lon="-81.74381166666667"><ele>158.2</ele><time>2026-09-11T22:32:07Z</time></trkpt>
      <trkpt lat="41.486446666666666" lon="-81.74382166666666"><ele>158.6</ele><time>2026-09-11T22:32:08Z</time></trkpt>
      <trkpt lat="41.486446666666666" lon="-81.74382333333334"><ele>158.1</ele><time>2026-09-11T22:32:09Z</time></trkpt>
      <trkpt lat="41.486441666666664" lon="-81.74382833333334"><ele>158.6</ele><time>2026-09-11T22:32:10Z</time></trkpt>
      <trkpt lat="41.48643166666667" lon="-81.74383333333333"><ele>159</ele><time>2026-09-11T22:32:11Z</time></trkpt>
      <trkpt lat="41.48643166666667" lon="-81.74384"><ele>158.6</ele><time>2026-09-11T22:32:12Z</time></trkpt>
      <trkpt lat="41.486428333333336" lon="-81.74385666666667"><ele>158.7</ele><time>2026-09-11T22:32:13Z</time></trkpt>
      <trkpt lat="41.48643" lon="-81.74387666666667"><ele>159</ele><time>2026-09-11T22:32:14Z</time></trkpt>
      <trkpt lat="41.486428333333336" lon="-81.74389166666667"><ele>158.7</ele><time>2026-09-11T22:32:15Z</time></trkpt>
      <trkpt lat="41.486421666666665" lon="-81.74390833333334"><ele>158.799</ele><time>2026-09-11T22:32:16Z</time></trkpt>
      <trkpt lat="41.486415" lon="-81.74392666666667"><ele>159.1</ele><time>2026-09-11T22:32:17Z</time></trkpt>
      <trkpt lat="41.48641166666667" lon="-81.74393166666667"><ele>158.799</ele><time>2026-09-11T22:32:18Z</time></trkpt>
      <trkpt lat="41.486403333333335" lon="-81.74395166666666"><ele>159</ele><time>2026-09-11T22:32:19Z</time></trkpt>
      <trkpt lat="41.4864" lon="-81.74396"><ele>159</ele><time>2026-09-11T22:32:20Z</time></trkpt>
      <trkpt lat="41.486395" lon="-81.74397"><ele>159.7</ele><time>2026-09-11T22:32:21Z</time></trkpt>
      <trkpt lat="41.48639166666667" lon="-81.74398333333333"><ele>159</ele><time>2026-09-11T22:32:22Z</time></trkpt>
      <trkpt lat="41.48638666666667" lon="-81.74399833333334"><ele>159.3</ele><time>2026-09-11T22:32:23Z</time></trkpt>
      <trkpt lat="41.48638" lon="-81.74401333333333"><ele>158.9</ele><time>2026-09-11T22:32:24Z</time></trkpt>
      <trkpt lat="41.48637333333333" lon="-81.74401833333333"><ele>159.1</ele><time>2026-09-11T22:32:25Z</time></trkpt>
      <trkpt lat="41.48636333333334" lon="-81.744035"><ele>159.1</ele><time>2026-09-11T22:32:26Z</time></trkpt>
      <trkpt lat="41.486358333333335" lon="-81.74403833333334"><ele>159.1</ele><time>2026-09-11T22:32:27Z</time></trkpt>
      <trkpt lat="41.48634666666667" lon="-81.74404666666666"><ele>158.9</ele><time>2026-09-11T22:32:28Z</time></trkpt>
      <trkpt lat="41.486338333333336" lon="-81.74405"><ele>159</ele><time>2026-09-11T22:32:29Z</time></trkpt>
      <trkpt lat="41.486325" lon="-81.74406833333333"><ele>158.2</ele><time>2026-09-11T22:32:30Z</time></trkpt>
      <trkpt lat="41.48632" lon="-81.74407666666667"><ele>158.799</ele><time>2026-09-11T22:32:31Z</time></trkpt>
      <trkpt lat="41.486313333333335" lon="-81.74408833333334"><ele>158.1</ele><time>2026-09-11T22:32:32Z</time></trkpt>
      <trkpt lat="41.4863" lon="-81.74410666666667"><ele>158.299</ele><time>2026-09-11T22:32:33Z</time></trkpt>
      <trkpt lat="41.48629" lon="-81.74411833333333"><ele>158.2</ele><time>2026-09-11T22:32:34Z</time></trkpt>
      <trkpt lat="41.48628" lon="-81.74413166666666"><ele>158.7</ele><time>2026-09-11T22:32:35Z</time></trkpt>
      <trkpt lat="41.486275" lon="-81.74413833333334"><ele>158.7</ele><time>2026-09-11T22:32:36Z</time></trkpt>
      <trkpt lat="41.486261666666664" lon="-81.74415333333333"><ele>158.5</ele><time>2026-09-11T22:32:37Z</time></trkpt>
      <trkpt lat="41.48625333333333" lon="-81.74416333333333"><ele>159.3</ele><time>2026-09-11T22:32:38Z</time></trkpt>
      <trkpt lat="41.48624" lon="-81.74418"><ele>159.2</ele><time>2026-09-11T22:32:39Z</time></trkpt>
      <trkpt lat="41.48622833333334" lon="-81.74418833333333"><ele>158.8</ele><time>2026-09-11T22:32:40Z</time></trkpt>
      <trkpt lat="41.486216666666664" lon="-81.74419833333333"><ele>159.3</ele><time>2026-09-11T22:32:41Z</time></trkpt>
      <trkpt lat="41.48620833333333" lon="-81.744205"><ele>159.5</ele><time>2026-09-11T22:32:42Z</time></trkpt>
      <trkpt lat="41.486198333333334" lon="-81.744215"><ele>159.5</ele><time>2026-09-11T22:32:43Z</time></trkpt>
      <trkpt lat="41.48619166666667" lon="-81.74421833333334"><ele>159.4</ele><time>2026-09-11T22:32:44Z</time></trkpt>
      <trkpt lat="41.48618666666667" lon="-81.74422166666666"><ele>159.4</ele><time>2026-09-11T22:32:45Z</time></trkpt>
      <trkpt lat="41.486178333333335" lon="-81.74422666666666"><ele>159.2</ele><time>2026-09-11T22:32:46Z</time></trkpt>
      <trkpt lat="41.48616833333333" lon="-81.74423833333333"><ele>159.5</ele><time>2026-09-11T22:32:47Z</time></trkpt>
      <trkpt lat="41.48616166666667" lon="-81.74424166666667"><ele>159.6</ele><time>2026-09-11T22:32:48Z</time></trkpt>
      <trkpt lat="41.486151666666665" lon="-81.744245"><ele>159.5</ele><time>2026-09-11T22:32:49Z</time></trkpt>
      <trkpt lat="41.48614" lon="-81.744245"><ele>159.5</ele><time>2026-09-11T22:32:50Z</time></trkpt>
      <trkpt lat="41.486135" lon="-81.74424833333333"><ele>158.9</ele><time>2026-09-11T22:32:51Z</time></trkpt>
      <trkpt lat="41.486131666666665" lon="-81.74425"><ele>158.9</ele><time>2026-09-11T22:32:52Z</time></trkpt>
      <trkpt lat="41.48612333333333" lon="-81.74426"><ele>159.1</ele><time>2026-09-11T22:32:53Z</time></trkpt>
      <trkpt lat="41.48612333333333" lon="-81.74426833333334"><ele>159</ele><time>2026-09-11T22:32:54Z</time></trkpt>
      <trkpt lat="41.48612" lon="-81.744285"><ele>159.3</ele><time>2026-09-11T22:32:55Z</time></trkpt>
      <trkpt lat="41.48612" lon="-81.74430166666667"><ele>159.1</ele><time>2026-09-11T22:32:56Z</time></trkpt>
      <trkpt lat="41.48612166666667" lon="-81.74432"><ele>159.1</ele><time>2026-09-11T22:32:57Z</time></trkpt>
      <trkpt lat="41.48612333333333" lon="-81.74434333333333"><ele>159.299</ele><time>2026-09-11T22:32:58Z</time></trkpt>
      <trkpt lat="41.486125" lon="-81.74436"><ele>158.799</ele><time>2026-09-11T22:32:59Z</time></trkpt>
      <trkpt lat="41.486126666666664" lon="-81.744375"><ele>158.799</ele><time>2026-09-11T22:33:00Z</time></trkpt>
      <trkpt lat="41.486126666666664" lon="-81.744385"><ele>158.799</ele><time>2026-09-11T22:33:01Z</time></trkpt>
      <trkpt lat="41.48612833333333" lon="-81.74440833333334"><ele>158.9</ele><time>2026-09-11T22:33:02Z</time></trkpt>
      <trkpt lat="41.48612833333333" lon="-81.74441833333333"><ele>158.3</ele><time>2026-09-11T22:33:03Z</time></trkpt>
      <trkpt lat="41.486133333333335" lon="-81.74443333333333"><ele>158.5</ele><time>2026-09-11T22:33:04Z</time></trkpt>
      <trkpt lat="41.48614166666667" lon="-81.74443666666667"><ele>158.5</ele><time>2026-09-11T22:33:05Z</time></trkpt>
      <trkpt lat="41.48615" lon="-81.74443333333333"><ele>158.6</ele><time>2026-09-11T22:33:06Z</time></trkpt>
      <trkpt lat="41.48615" lon="-81.744435"><ele>158.5</ele><time>2026-09-11T22:33:07Z</time></trkpt>
      <trkpt lat="41.48615" lon="-81.74444833333334"><ele>158.9</ele><time>2026-09-11T22:33:08Z</time></trkpt>
      <trkpt lat="41.486145" lon="-81.74447"><ele>158.8</ele><time>2026-09-11T22:33:09Z</time></trkpt>
      <trkpt lat="41.486145" lon="-81.74448"><ele>158.8</ele><time>2026-09-11T22:33:10Z</time></trkpt>
      <trkpt lat="41.48613833333334" lon="-81.74449166666666"><ele>158.8</ele><time>2026-09-11T22:33:11Z</time></trkpt>
      <trkpt lat="41.486133333333335" lon="-81.74451166666667"><ele>158.9</ele><time>2026-09-11T22:33:12Z</time></trkpt>
      <trkpt lat="41.486126666666664" lon="-81.74453166666666"><ele>159.2</ele><time>2026-09-11T22:33:13Z</time></trkpt>
      <trkpt lat="41.48612333333333" lon="-81.74455166666667"><ele>159.2</ele><time>2026-09-11T22:33:14Z</time></trkpt>
      <trkpt lat="41.48612333333333" lon="-81.74456"><ele>159.3</ele><time>2026-09-11T22:33:15Z</time></trkpt>
      <trkpt lat="41.48612333333333" lon="-81.74457666666666"><ele>159.3</ele><time>2026-09-11T22:33:16Z</time></trkpt>
      <trkpt lat="41.486125" lon="-81.744595"><ele>159.2</ele><time>2026-09-11T22:33:17Z</time></trkpt>
      <trkpt lat="41.48612833333333" lon="-81.74461333333333"><ele>159.3</ele><time>2026-09-11T22:33:18Z</time></trkpt>
      <trkpt lat="41.486131666666665" lon="-81.74462833333334"><ele>159.3</ele><time>2026-09-11T22:33:19Z</time></trkpt>
      <trkpt lat="41.486133333333335" lon="-81.74464666666667"><ele>159.1</ele><time>2026-09-11T22:33:20Z</time></trkpt>
      <trkpt lat="41.48613833333334" lon="-81.74466166666667"><ele>158.9</ele><time>2026-09-11T22:33:21Z</time></trkpt>
      <trkpt lat="41.48614166666667" lon="-81.74468333333333"><ele>158.9</ele><time>2026-09-11T22:33:22Z</time></trkpt>
      <trkpt lat="41.486145" lon="-81.74469"><ele>158.6</ele><time>2026-09-11T22:33:23Z</time></trkpt>
      <trkpt lat="41.48614833333333" lon="-81.74470666666667"><ele>158.799</ele><time>2026-09-11T22:33:24Z</time></trkpt>
      <trkpt lat="41.486151666666665" lon="-81.74472333333334"><ele>158.799</ele><time>2026-09-11T22:33:25Z</time></trkpt>
      <trkpt lat="41.486153333333334" lon="-81.74473833333333"><ele>158.6</ele><time>2026-09-11T22:33:26Z</time></trkpt>
      <trkpt lat="41.486155" lon="-81.74474833333333"><ele>158.799</ele><time>2026-09-11T22:33:27Z</time></trkpt>
      <trkpt lat="41.486158333333336" lon="-81.74476833333334"><ele>158.799</ele><time>2026-09-11T22:33:28Z</time></trkpt>
      <trkpt lat="41.48616" lon="-81.74478333333333"><ele>158.999</ele><time>2026-09-11T22:33:29Z</time></trkpt>
      <trkpt lat="41.48616333333333" lon="-81.74479666666667"><ele>158.499</ele><time>2026-09-11T22:33:30Z</time></trkpt>
      <trkpt lat="41.48616833333333" lon="-81.74481166666666"><ele>158.099</ele><time>2026-09-11T22:33:31Z</time></trkpt>
      <trkpt lat="41.486171666666664" lon="-81.74482166666667"><ele>158.2</ele><time>2026-09-11T22:33:32Z</time></trkpt>
      <trkpt lat="41.48617333333333" lon="-81.74483"><ele>158.2</ele><time>2026-09-11T22:33:33Z</time></trkpt>
      <trkpt lat="41.486178333333335" lon="-81.74484166666667"><ele>158.299</ele><time>2026-09-11T22:33:34Z</time></trkpt>
      <trkpt lat="41.48618" lon="-81.74485166666666"><ele>158.6</ele><time>2026-09-11T22:33:35Z</time></trkpt>
      <trkpt lat="41.48618666666667" lon="-81.74486666666667"><ele>158.4</ele><time>2026-09-11T22:33:36Z</time></trkpt>
      <trkpt lat="41.48619166666667" lon="-81.74488"><ele>157.9</ele><time>2026-09-11T22:33:37Z</time></trkpt>
      <trkpt lat="41.486196666666665" lon="-81.744895"><ele>157.8</ele><time>2026-09-11T22:33:38Z</time></trkpt>
      <trkpt lat="41.486201666666666" lon="-81.74490166666666"><ele>158.2</ele><time>2026-09-11T22:33:39Z</time></trkpt>
      <trkpt lat="41.48620666666667" lon="-81.74491333333333"><ele>158.7</ele><time>2026-09-11T22:33:40Z</time></trkpt>
      <trkpt lat="41.48620666666667" lon="-81.74492666666667"><ele>158.8</ele><time>2026-09-11T22:33:41Z</time></trkpt>
      <trkpt lat="41.486203333333336" lon="-81.744935"><ele>158.8</ele><time>2026-09-11T22:33:42Z</time></trkpt>
      <trkpt lat="41.486198333333334" lon="-81.744945"><ele>158.8</ele><time>2026-09-11T22:33:43Z</time></trkpt>
      <trkpt lat="41.486196666666665" lon="-81.74495333333333"><ele>159.1</ele><time>2026-09-11T22:33:44Z</time></trkpt>
      <trkpt lat="41.486195" lon="-81.74496333333333"><ele>159.1</ele><time>2026-09-11T22:33:45Z</time></trkpt>
      <trkpt lat="41.486195" lon="-81.74497666666667"><ele>159.1</ele><time>2026-09-11T22:33:46Z</time></trkpt>
      <trkpt lat="41.4862" lon="-81.74498666666666"><ele>159.1</ele><time>2026-09-11T22:33:47Z</time></trkpt>
      <trkpt lat="41.4862" lon="-81.744995"><ele>159.1</ele><time>2026-09-11T22:33:48Z</time></trkpt>
      <trkpt lat="41.486201666666666" lon="-81.74500166666667"><ele>159.1</ele><time>2026-09-11T22:33:49Z</time></trkpt>
      <trkpt lat="41.48621" lon="-81.74502666666666"><ele>159.3</ele><time>2026-09-11T22:33:50Z</time></trkpt>
      <trkpt lat="41.48620833333333" lon="-81.74503666666666"><ele>159.3</ele><time>2026-09-11T22:33:51Z</time></trkpt>
      <trkpt lat="41.48622833333334" lon="-81.74504666666667"><ele>159.6</ele><time>2026-09-11T22:33:52Z</time></trkpt>
      <trkpt lat="41.48623" lon="-81.74505166666667"><ele>159.6</ele><time>2026-09-11T22:33:53Z</time></trkpt>
      <trkpt lat="41.48623" lon="-81.74506833333334"><ele>159.4</ele><time>2026-09-11T22:33:54Z</time></trkpt>
      <trkpt lat="41.48623" lon="-81.745075"><ele>159.3</ele><time>2026-09-11T22:33:55Z</time></trkpt>
      <trkpt lat="41.48622666666667" lon="-81.74509666666667"><ele>159.7</ele><time>2026-09-11T22:33:56Z</time></trkpt>
      <trkpt lat="41.486225" lon="-81.74510666666667"><ele>159.7</ele><time>2026-09-11T22:33:57Z</time></trkpt>
      <trkpt lat="41.486223333333335" lon="-81.74512333333334"><ele>159.6</ele><time>2026-09-11T22:33:58Z</time></trkpt>
      <trkpt lat="41.486221666666665" lon="-81.745135"><ele>159.799</ele><time>2026-09-11T22:33:59Z</time></trkpt>
      <trkpt lat="41.486223333333335" lon="-81.74513833333333"><ele>159.7</ele><time>2026-09-11T22:34:00Z</time></trkpt>
      <trkpt lat="41.486215" lon="-81.74516333333334"><ele>159.1</ele><time>2026-09-11T22:34:01Z</time></trkpt>
      <trkpt lat="41.48621166666667" lon="-81.74517666666667"><ele>159.1</ele><time>2026-09-11T22:34:02Z</time></trkpt>
      <trkpt lat="41.48620833333333" lon="-81.74518666666667"><ele>159.1</ele><time>2026-09-11T22:34:03Z</time></trkpt>
      <trkpt lat="41.48620666666667" lon="-81.74519833333333"><ele>159.1</ele><time>2026-09-11T22:34:04Z</time></trkpt>
      <trkpt lat="41.486205" lon="-81.745215"><ele>159.5</ele><time>2026-09-11T22:34:05Z</time></trkpt>
      <trkpt lat="41.486205" lon="-81.74523333333333"><ele>159.3</ele><time>2026-09-11T22:34:06Z</time></trkpt>
      <trkpt lat="41.48620666666667" lon="-81.74524166666667"><ele>158.8</ele><time>2026-09-11T22:34:07Z</time></trkpt>
      <trkpt lat="41.48620833333333" lon="-81.74526"><ele>158.7</ele><time>2026-09-11T22:34:08Z</time></trkpt>
      <trkpt lat="41.48621" lon="-81.74527666666667"><ele>159.299</ele><time>2026-09-11T22:34:09Z</time></trkpt>
      <trkpt lat="41.48621" lon="-81.745285"><ele>158.999</ele><time>2026-09-11T22:34:10Z</time></trkpt>
      <trkpt lat="41.48621166666667" lon="-81.74530333333334"><ele>159.099</ele><time>2026-09-11T22:34:11Z</time></trkpt>
      <trkpt lat="41.48621" lon="-81.74532"><ele>159.199</ele><time>2026-09-11T22:34:12Z</time></trkpt>
      <trkpt lat="41.48620833333333" lon="-81.74533166666667"><ele>159.5</ele><time>2026-09-11T22:34:13Z</time></trkpt>
      <trkpt lat="41.486205" lon="-81.74535"><ele>159.4</ele><time>2026-09-11T22:34:14Z</time></trkpt>
      <trkpt lat="41.486201666666666" lon="-81.74536333333333"><ele>159.8</ele><time>2026-09-11T22:34:15Z</time></trkpt>
      <trkpt lat="41.486195" lon="-81.74537"><ele>160.3</ele><time>2026-09-11T22:34:16Z</time></trkpt>
      <trkpt lat="41.48619166666667" lon="-81.74538833333334"><ele>160.4</ele><time>2026-09-11T22:34:17Z</time></trkpt>
      <trkpt lat="41.48619" lon="-81.74540666666667"><ele>160.3</ele><time>2026-09-11T22:34:18Z</time></trkpt>
      <trkpt lat="41.48619166666667" lon="-81.74542333333333"><ele>160.8</ele><time>2026-09-11T22:34:19Z</time></trkpt>
      <trkpt lat="41.48618833333333" lon="-81.74543833333334"><ele>162.5</ele><time>2026-09-11T22:34:20Z</time></trkpt>
      <trkpt lat="41.48618666666667" lon="-81.74544666666667"><ele>160.8</ele><time>2026-09-11T22:34:21Z</time></trkpt>
      <trkpt lat="41.48618" lon="-81.74546333333333"><ele>160.9</ele><time>2026-09-11T22:34:22Z</time></trkpt>
      <trkpt lat="41.48618" lon="-81.74547666666666"><ele>160.8</ele><time>2026-09-11T22:34:23Z</time></trkpt>
      <trkpt lat="41.48618166666667" lon="-81.74549"><ele>160.6</ele><time>2026-09-11T22:34:24Z</time></trkpt>
      <trkpt lat="41.48618666666667" lon="-81.745505"><ele>160.7</ele><time>2026-09-11T22:34:25Z</time></trkpt>
      <trkpt lat="41.48619" lon="-81.74551"><ele>160.6</ele><time>2026-09-11T22:34:26Z</time></trkpt>
      <trkpt lat="41.48619333333333" lon="-81.74552166666666"><ele>160.6</ele><time>2026-09-11T22:34:27Z</time></trkpt>
      <trkpt lat="41.48619333333333" lon="-81.745535"><ele>160.799</ele><time>2026-09-11T22:34:28Z</time></trkpt>
      <trkpt lat="41.48619166666667" lon="-81.74554333333333"><ele>160.6</ele><time>2026-09-11T22:34:29Z</time></trkpt>
      <trkpt lat="41.48618833333333" lon="-81.745555"><ele>160.1</ele><time>2026-09-11T22:34:30Z</time></trkpt>
      <trkpt lat="41.486185" lon="-81.74555166666667"><ele>159.499</ele><time>2026-09-11T22:34:31Z</time></trkpt>
      <trkpt lat="41.486185" lon="-81.74554833333333"><ele>158.999</ele><time>2026-09-11T22:34:32Z</time></trkpt>
      <trkpt lat="41.48618833333333" lon="-81.74554666666667"><ele>158.4</ele><time>2026-09-11T22:34:33Z</time></trkpt>
      <trkpt lat="41.48619" lon="-81.745545"><ele>158.3</ele><time>2026-09-11T22:34:34Z</time></trkpt>
      <trkpt lat="41.48619" lon="-81.745545"><ele>158.3</ele><time>2026-09-11T22:34:35Z</time></trkpt>
      <trkpt lat="41.48618833333333" lon="-81.74555"><ele>157.7</ele><time>2026-09-11T22:34:36Z</time></trkpt>
      <trkpt lat="41.48618666666667" lon="-81.74555"><ele>158.4</ele><time>2026-09-11T22:34:37Z</time></trkpt>
      <trkpt lat="41.48618333333334" lon="-81.74554833333333"><ele>158.5</ele><time>2026-09-11T22:34:38Z</time></trkpt>
      <trkpt lat="41.48618166666667" lon="-81.74554666666667"><ele>158.6</ele><time>2026-09-11T22:34:39Z</time></trkpt>
      <trkpt lat="41.486176666666665" lon="-81.74553666666667"><ele>158.5</ele><time>2026-09-11T22:34:40Z</time></trkpt>
      <trkpt lat="41.486171666666664" lon="-81.74553333333333"><ele>158.5</ele><time>2026-09-11T22:34:41Z</time></trkpt>
      <trkpt lat="41.48616833333333" lon="-81.74553166666666"><ele>158.9</ele><time>2026-09-11T22:34:42Z</time></trkpt>
      <trkpt lat="41.48616833333333" lon="-81.74553166666666"><ele>159</ele><time>2026-09-11T22:34:43Z</time></trkpt>
      <trkpt lat="41.48616666666667" lon="-81.74553166666666"><ele>159.1</ele><time>2026-09-11T22:34:44Z</time></trkpt>
      <trkpt lat="41.48616666666667" lon="-81.74553166666666"><ele>159</ele><time>2026-09-11T22:34:45Z</time></trkpt>
      <trkpt lat="41.48616833333333" lon="-81.745535"><ele>159</ele><time>2026-09-11T22:34:46Z</time></trkpt>
      <trkpt lat="41.48616833333333" lon="-81.74553666666667"><ele>159</ele><time>2026-09-11T22:34:47Z</time></trkpt>
      <trkpt lat="41.48616666666667" lon="-81.74553833333333"><ele>159</ele><time>2026-09-11T22:34:48Z</time></trkpt>
      <trkpt lat="41.486165" lon="-81.74554"><ele>159.1</ele><time>2026-09-11T22:34:49Z</time></trkpt>
      <trkpt lat="41.48616333333333" lon="-81.74554"><ele>159.299</ele><time>2026-09-11T22:34:50Z</time></trkpt>
      <trkpt lat="41.48616166666667" lon="-81.74554833333333"><ele>158.899</ele><time>2026-09-11T22:34:51Z</time></trkpt>
      <trkpt lat="41.48616666666667" lon="-81.74555833333334"><ele>158.599</ele><time>2026-09-11T22:34:52Z</time></trkpt>
      <trkpt lat="41.48616833333333" lon="-81.74556166666666"><ele>158.599</ele><time>2026-09-11T22:34:53Z</time></trkpt>
      <trkpt lat="41.48616833333333" lon="-81.74556"><ele>158.599</ele><time>2026-09-11T22:34:54Z</time></trkpt>
      <trkpt lat="41.486165" lon="-81.74556"><ele>158.599</ele><time>2026-09-11T22:34:55Z</time></trkpt>
      <trkpt lat="41.486165" lon="-81.74556"><ele>158.6</ele><time>2026-09-11T22:34:56Z</time></trkpt>
      <trkpt lat="41.48616166666667" lon="-81.74556166666666"><ele>158.799</ele><time>2026-09-11T22:34:57Z</time></trkpt>
      <trkpt lat="41.48616" lon="-81.74555666666667"><ele>157.599</ele><time>2026-09-11T22:34:58Z</time></trkpt>
      <trkpt lat="41.486156666666666" lon="-81.745555"><ele>157.999</ele><time>2026-09-11T22:34:59Z</time></trkpt>
      <trkpt lat="41.486156666666666" lon="-81.745555"><ele>157.999</ele><time>2026-09-11T22:35:00Z</time></trkpt>
      <trkpt lat="41.486155" lon="-81.74555166666667"><ele>161.599</ele><time>2026-09-11T22:35:01Z</time></trkpt>
      <trkpt lat="41.486155" lon="-81.74555"><ele>161.599</ele><time>2026-09-11T22:35:02Z</time></trkpt>
      <trkpt lat="41.486156666666666" lon="-81.74555"><ele>161.599</ele><time>2026-09-11T22:35:03Z</time></trkpt>
    </trkseg>
  </trk>
</gpx>
