<?xml version="1.0" encoding="UTF-8"?>
<gpx version="1.1" creator="HoldMyTrack" xmlns="http://www.topografix.com/GPX/1/1">
  <trk>
    <type>Solowheel</type>
    <trkseg>
      <trkpt lat="41.43542761914432" lon="-81.8453848734498"><ele>150</ele><time>2026-07-03T21:04:07Z</time></trkpt>
      <trkpt lat="41.43554446287453" lon="-81.84544304385781"><ele>147</ele><time>2026-07-03T21:04:10Z</time></trkpt>
      <trkpt lat="41.43553817644715" lon="-81.84554966166615"><ele>146</ele><time>2026-07-03T21:04:13Z</time></trkpt>
      <trkpt lat="41.43543864134699" lon="-81.8456195667386"><ele>151</ele><time>2026-07-03T21:04:16Z</time></trkpt>
      <trkpt lat="41.4353052014485" lon="-81.84573012404144"><ele>152</ele><time>2026-07-03T21:04:19Z</time></trkpt>
      <trkpt lat="41.435132743790746" lon="-81.84587546624243"><ele>155</ele><time>2026-07-03T21:04:22Z</time></trkpt>
      <trkpt lat="41.4349719369784" lon="-81.84608031995595"><ele>156</ele><time>2026-07-03T21:04:25Z</time></trkpt>
      <trkpt lat="41.434819009155035" lon="-81.84633395634592"><ele>158</ele><time>2026-07-03T21:04:28Z</time></trkpt>
      <trkpt lat="41.434694663621485" lon="-81.84655884280801"><ele>156</ele><time>2026-07-03T21:04:31Z</time></trkpt>
      <trkpt lat="41.43455875106156" lon="-81.84677626937628"><ele>156</ele><time>2026-07-03T21:04:34Z</time></trkpt>
      <trkpt lat="41.43444630783051" lon="-81.84703686274588"><ele>155</ele><time>2026-07-03T21:04:37Z</time></trkpt>
      <trkpt lat="41.4343225909397" lon="-81.84730391018093"><ele>155</ele><time>2026-07-03T21:04:40Z</time></trkpt>
      <trkpt lat="41.43418558873236" lon="-81.84753357432783"><ele>152</ele><time>2026-07-03T21:04:43Z</time></trkpt>
      <trkpt lat="41.43400998786092" lon="-81.8476833589375"><ele>153</ele><time>2026-07-03T21:04:46Z</time></trkpt>
      <trkpt lat="41.43388262484223" lon="-81.84788569808006"><ele>153</ele><time>2026-07-03T21:04:49Z</time></trkpt>
      <trkpt lat="41.433771438896656" lon="-81.84811972081661"><ele>153</ele><time>2026-07-03T21:04:52Z</time></trkpt>
      <trkpt lat="41.433661384508014" lon="-81.84836874715984"><ele>153</ele><time>2026-07-03T21:04:55Z</time></trkpt>
      <trkpt lat="41.433549863286316" lon="-81.84862297028303"><ele>152</ele><time>2026-07-03T21:04:58Z</time></trkpt>
      <trkpt lat="41.4334377553314" lon="-81.8488612677902"><ele>152</ele><time>2026-07-03T21:05:01Z</time></trkpt>
      <trkpt lat="41.43330486025661" lon="-81.84907307848334"><ele>152</ele><time>2026-07-03T21:05:04Z</time></trkpt>
      <trkpt lat="41.43317154608667" lon="-81.84928338043392"><ele>153</ele><time>2026-07-03T21:05:07Z</time></trkpt>
      <trkpt lat="41.43300239928067" lon="-81.84944045729935"><ele>153</ele><time>2026-07-03T21:05:10Z</time></trkpt>
      <trkpt lat="41.43285387195647" lon="-81.84964799322188"><ele>152</ele><time>2026-07-03T21:05:13Z</time></trkpt>
      <trkpt lat="41.432702327147126" lon="-81.84985351748765"><ele>152</ele><time>2026-07-03T21:05:16Z</time></trkpt>
      <trkpt lat="41.43252081703395" lon="-81.8500338960439"><ele>152</ele><time>2026-07-03T21:05:19Z</time></trkpt>
      <trkpt lat="41.43229827750474" lon="-81.85019331984222"><ele>153</ele><time>2026-07-03T21:05:22Z</time></trkpt>
      <trkpt lat="41.43207745626569" lon="-81.8503497261554"><ele>153</ele><time>2026-07-03T21:05:25Z</time></trkpt>
      <trkpt lat="41.43186296336353" lon="-81.85051275417209"><ele>153</ele><time>2026-07-03T21:05:28Z</time></trkpt>
      <trkpt lat="41.43166670110077" lon="-81.85065859928727"><ele>153</ele><time>2026-07-03T21:05:31Z</time></trkpt>
      <trkpt lat="41.431527184322476" lon="-81.85084492899477"><ele>152</ele><time>2026-07-03T21:05:34Z</time></trkpt>
      <trkpt lat="41.43136063590646" lon="-81.85105020180345"><ele>151</ele><time>2026-07-03T21:05:37Z</time></trkpt>
      <trkpt lat="41.43119073472917" lon="-81.85126989148557"><ele>150</ele><time>2026-07-03T21:05:40Z</time></trkpt>
      <trkpt lat="41.43103918991983" lon="-81.85155889950693"><ele>150</ele><time>2026-07-03T21:05:43Z</time></trkpt>
      <trkpt lat="41.43088588491082" lon="-81.85185595415533"><ele>149</ele><time>2026-07-03T21:05:46Z</time></trkpt>
      <trkpt lat="41.43075345084071" lon="-81.85213347896934"><ele>148</ele><time>2026-07-03T21:05:49Z</time></trkpt>
      <trkpt lat="41.43062608782202" lon="-81.8524238280952"><ele>148</ele><time>2026-07-03T21:05:52Z</time></trkpt>
      <trkpt lat="41.430502412840724" lon="-81.85276681557298"><ele>149</ele><time>2026-07-03T21:05:55Z</time></trkpt>
      <trkpt lat="41.430424796417356" lon="-81.85308046638966"><ele>149</ele><time>2026-07-03T21:05:58Z</time></trkpt>
      <trkpt lat="41.430344665423036" lon="-81.85339420102537"><ele>150</ele><time>2026-07-03T21:06:01Z</time></trkpt>
      <trkpt lat="41.430238424800336" lon="-81.85371061787009"><ele>149</ele><time>2026-07-03T21:06:04Z</time></trkpt>
      <trkpt lat="41.430145762860775" lon="-81.85399878770113"><ele>150</ele><time>2026-07-03T21:06:07Z</time></trkpt>
      <trkpt lat="41.43001207150519" lon="-81.85421906411648"><ele>150</ele><time>2026-07-03T21:06:10Z</time></trkpt>
      <trkpt lat="41.42985968850553" lon="-81.8544321320951"><ele>150</ele><time>2026-07-03T21:06:13Z</time></trkpt>
      <trkpt lat="41.4296817407012" lon="-81.85463162139058"><ele>150</ele><time>2026-07-03T21:06:16Z</time></trkpt>
      <trkpt lat="41.42949453089386" lon="-81.854751650244"><ele>150</ele><time>2026-07-03T21:06:19Z</time></trkpt>
      <trkpt lat="41.42929131165147" lon="-81.85486589558423"><ele>150</ele><time>2026-07-03T21:06:22Z</time></trkpt>
      <trkpt lat="41.42908289562911" lon="-81.85495105572045"><ele>150</ele><time>2026-07-03T21:06:25Z</time></trkpt>
      <trkpt lat="41.4288830710575" lon="-81.85504459775984"><ele>150</ele><time>2026-07-03T21:06:28Z</time></trkpt>
      <trkpt lat="41.42868911381811" lon="-81.85516647063196"><ele>149</ele><time>2026-07-03T21:06:31Z</time></trkpt>
      <trkpt lat="41.42848606221378" lon="-81.8553129862994"><ele>149</ele><time>2026-07-03T21:06:34Z</time></trkpt>
      <trkpt lat="41.428249944001436" lon="-81.85537911951542"><ele>150</ele><time>2026-07-03T21:06:37Z</time></trkpt>
      <trkpt lat="41.42801793292165" lon="-81.8554644472897"><ele>151</ele><time>2026-07-03T21:06:40Z</time></trkpt>
      <trkpt lat="41.42781094182283" lon="-81.85550627298653"><ele>151</ele><time>2026-07-03T21:06:43Z</time></trkpt>
      <trkpt lat="41.42759297043085" lon="-81.8555651139468"><ele>151</ele><time>2026-07-03T21:06:46Z</time></trkpt>
      <trkpt lat="41.427397043444216" lon="-81.85562294907868"><ele>150</ele><time>2026-07-03T21:06:49Z</time></trkpt>
      <trkpt lat="41.42721025273204" lon="-81.8556459993124"><ele>151</ele><time>2026-07-03T21:06:52Z</time></trkpt>
      <trkpt lat="41.427022204734385" lon="-81.85566703788936"><ele>151</ele><time>2026-07-03T21:06:55Z</time></trkpt>
      <trkpt lat="41.42681617755443" lon="-81.85572428628802"><ele>152</ele><time>2026-07-03T21:06:58Z</time></trkpt>
      <trkpt lat="41.42657901160419" lon="-81.85570131987333"><ele>154</ele><time>2026-07-03T21:07:01Z</time></trkpt>
      <trkpt lat="41.426376421004534" lon="-81.85564088635147"><ele>154</ele><time>2026-07-03T21:07:04Z</time></trkpt>
      <trkpt lat="41.426151199266315" lon="-81.85569151304662"><ele>154</ele><time>2026-07-03T21:07:07Z</time></trkpt>
      <trkpt lat="41.425928827375174" lon="-81.85572462156415"><ele>155</ele><time>2026-07-03T21:07:10Z</time></trkpt>
      <trkpt lat="41.42573285847902" lon="-81.85585655272007"><ele>155</ele><time>2026-07-03T21:07:13Z</time></trkpt>
      <trkpt lat="41.42553864978254" lon="-81.85593685135245"><ele>155</ele><time>2026-07-03T21:07:16Z</time></trkpt>
      <trkpt lat="41.42531481105834" lon="-81.85594380833209"><ele>156</ele><time>2026-07-03T21:07:19Z</time></trkpt>
      <trkpt lat="41.42508493736386" lon="-81.85598630458117"><ele>155</ele><time>2026-07-03T21:07:22Z</time></trkpt>
      <trkpt lat="41.42485305201262" lon="-81.85604606755078"><ele>155</ele><time>2026-07-03T21:07:25Z</time></trkpt>
      <trkpt lat="41.424610605463386" lon="-81.85614044778049"><ele>155</ele><time>2026-07-03T21:07:28Z</time></trkpt>
      <trkpt lat="41.42437603790313" lon="-81.85633943416178"><ele>155</ele><time>2026-07-03T21:07:31Z</time></trkpt>
      <trkpt lat="41.42416359856725" lon="-81.85652551241219"><ele>154</ele><time>2026-07-03T21:07:34Z</time></trkpt>
      <trkpt lat="41.42393938265741" lon="-81.85668652877212"><ele>153</ele><time>2026-07-03T21:07:37Z</time></trkpt>
      <trkpt lat="41.42372409347445" lon="-81.85689507052302"><ele>155</ele><time>2026-07-03T21:07:40Z</time></trkpt>
      <trkpt lat="41.42350239213556" lon="-81.85708274133503"><ele>157</ele><time>2026-07-03T21:07:43Z</time></trkpt>
      <trkpt lat="41.42330147791654" lon="-81.85720587149262"><ele>156</ele><time>2026-07-03T21:07:46Z</time></trkpt>
      <trkpt lat="41.42310802359134" lon="-81.85733176767826"><ele>155</ele><time>2026-07-03T21:07:49Z</time></trkpt>
      <trkpt lat="41.422929991967976" lon="-81.85749328695238"><ele>155</ele><time>2026-07-03T21:07:52Z</time></trkpt>
      <trkpt lat="41.422762772999704" lon="-81.85767282731831"><ele>155</ele><time>2026-07-03T21:07:55Z</time></trkpt>
      <trkpt lat="41.42258524429053" lon="-81.85785630717874"><ele>155</ele><time>2026-07-03T21:07:58Z</time></trkpt>
      <trkpt lat="41.42236781772226" lon="-81.8579545430839"><ele>155</ele><time>2026-07-03T21:08:01Z</time></trkpt>
      <trkpt lat="41.422139033675194" lon="-81.85793476179242"><ele>155</ele><time>2026-07-03T21:08:04Z</time></trkpt>
      <trkpt lat="41.42194075975567" lon="-81.85790341347456"><ele>155</ele><time>2026-07-03T21:08:07Z</time></trkpt>
      <trkpt lat="41.42176796682179" lon="-81.85787474736571"><ele>155</ele><time>2026-07-03T21:08:10Z</time></trkpt>
      <trkpt lat="41.421566172502935" lon="-81.85798287391663"><ele>157</ele><time>2026-07-03T21:08:13Z</time></trkpt>
      <trkpt lat="41.42142267432064" lon="-81.85817984864116"><ele>157</ele><time>2026-07-03T21:08:16Z</time></trkpt>
      <trkpt lat="41.42125993967056" lon="-81.85837380588055"><ele>158</ele><time>2026-07-03T21:08:19Z</time></trkpt>
      <trkpt lat="41.421080944128335" lon="-81.8585163820535"><ele>158</ele><time>2026-07-03T21:08:22Z</time></trkpt>
      <trkpt lat="41.420889627188444" lon="-81.85867823660374"><ele>157</ele><time>2026-07-03T21:08:25Z</time></trkpt>
      <trkpt lat="41.42070312984288" lon="-81.8588441144675"><ele>158</ele><time>2026-07-03T21:08:28Z</time></trkpt>
      <trkpt lat="41.420501628890634" lon="-81.85903673060238"><ele>157</ele><time>2026-07-03T21:08:31Z</time></trkpt>
      <trkpt lat="41.420301385223866" lon="-81.85922666452825"><ele>158</ele><time>2026-07-03T21:08:34Z</time></trkpt>
      <trkpt lat="41.42015248071402" lon="-81.85941617935896"><ele>158</ele><time>2026-07-03T21:08:37Z</time></trkpt>
      <trkpt lat="41.4201336633414" lon="-81.85971147380769"><ele>157</ele><time>2026-07-03T21:08:40Z</time></trkpt>
      <trkpt lat="41.42004636581987" lon="-81.859936947003"><ele>157</ele><time>2026-07-03T21:08:43Z</time></trkpt>
      <trkpt lat="41.41989746131003" lon="-81.86018513515592"><ele>158</ele><time>2026-07-03T21:08:46Z</time></trkpt>
      <trkpt lat="41.41976594924927" lon="-81.86046031303704"><ele>157</ele><time>2026-07-03T21:08:49Z</time></trkpt>
      <trkpt lat="41.41964219044894" lon="-81.86074839904904"><ele>158</ele><time>2026-07-03T21:08:52Z</time></trkpt>
      <trkpt lat="41.41952400561422" lon="-81.86107126995921"><ele>157</ele><time>2026-07-03T21:08:55Z</time></trkpt>
      <trkpt lat="41.419409634545445" lon="-81.86140294186771"><ele>157</ele><time>2026-07-03T21:08:58Z</time></trkpt>
      <trkpt lat="41.41931923571974" lon="-81.86166202649474"><ele>157</ele><time>2026-07-03T21:09:01Z</time></trkpt>
      <trkpt lat="41.419234201312065" lon="-81.86176696792245"><ele>157</ele><time>2026-07-03T21:09:04Z</time></trkpt>
      <trkpt lat="41.419088104739785" lon="-81.86191155575216"><ele>155</ele><time>2026-07-03T21:09:07Z</time></trkpt>
      <trkpt lat="41.418998250737786" lon="-81.86207173392177"><ele>156</ele><time>2026-07-03T21:09:10Z</time></trkpt>
      <trkpt lat="41.418930566869676" lon="-81.86226393096149"><ele>156</ele><time>2026-07-03T21:09:13Z</time></trkpt>
      <trkpt lat="41.41890496015549" lon="-81.86252284795046"><ele>155</ele><time>2026-07-03T21:09:16Z</time></trkpt>
      <trkpt lat="41.41886711586267" lon="-81.86284211464226"><ele>154</ele><time>2026-07-03T21:09:19Z</time></trkpt>
      <trkpt lat="41.41884150914848" lon="-81.86312751844525"><ele>154</ele><time>2026-07-03T21:09:22Z</time></trkpt>
      <trkpt lat="41.418842053972185" lon="-81.863465141505"><ele>154</ele><time>2026-07-03T21:09:25Z</time></trkpt>
      <trkpt lat="41.418860577978194" lon="-81.86378231272101"><ele>154</ele><time>2026-07-03T21:09:28Z</time></trkpt>
      <trkpt lat="41.41885093878955" lon="-81.8641165830195"><ele>153</ele><time>2026-07-03T21:09:31Z</time></trkpt>
      <trkpt lat="41.41886149998754" lon="-81.86442880891263"><ele>152</ele><time>2026-07-03T21:09:34Z</time></trkpt>
      <trkpt lat="41.4188878191635" lon="-81.86473156325519"><ele>152</ele><time>2026-07-03T21:09:37Z</time></trkpt>
      <trkpt lat="41.41902348026633" lon="-81.86495837755501"><ele>151</ele><time>2026-07-03T21:09:40Z</time></trkpt>
      <trkpt lat="41.419183113612235" lon="-81.865140683949"><ele>151</ele><time>2026-07-03T21:09:43Z</time></trkpt>
      <trkpt lat="41.41926492098719" lon="-81.86540571972728"><ele>153</ele><time>2026-07-03T21:09:46Z</time></trkpt>
      <trkpt lat="41.4192953472957" lon="-81.86573806218803"><ele>154</ele><time>2026-07-03T21:09:49Z</time></trkpt>
      <trkpt lat="41.41935603227466" lon="-81.86604970134795"><ele>154</ele><time>2026-07-03T21:09:52Z</time></trkpt>
      <trkpt lat="41.41940334811807" lon="-81.86636921949685"><ele>153</ele><time>2026-07-03T21:09:55Z</time></trkpt>
      <trkpt lat="41.4194544358179" lon="-81.86667985282838"><ele>153</ele><time>2026-07-03T21:09:58Z</time></trkpt>
      <trkpt lat="41.41951553989202" lon="-81.8669832777232"><ele>153</ele><time>2026-07-03T21:10:01Z</time></trkpt>
      <trkpt lat="41.41957186628133" lon="-81.86729852110147"><ele>152</ele><time>2026-07-03T21:10:04Z</time></trkpt>
      <trkpt lat="41.419620481319726" lon="-81.86761954799294"><ele>153</ele><time>2026-07-03T21:10:07Z</time></trkpt>
      <trkpt lat="41.41965778078884" lon="-81.86796362511814"><ele>152</ele><time>2026-07-03T21:10:10Z</time></trkpt>
      <trkpt lat="41.41968104057014" lon="-81.86829445883632"><ele>152</ele><time>2026-07-03T21:10:13Z</time></trkpt>
      <trkpt lat="41.419670353643596" lon="-81.86860911548138"><ele>152</ele><time>2026-07-03T21:10:16Z</time></trkpt>
      <trkpt lat="41.41965250018984" lon="-81.86893014237285"><ele>153</ele><time>2026-07-03T21:10:19Z</time></trkpt>
      <trkpt lat="41.41960304696113" lon="-81.86924303881824"><ele>152</ele><time>2026-07-03T21:10:22Z</time></trkpt>
      <trkpt lat="41.41956457402557" lon="-81.86954068019986"><ele>152</ele><time>2026-07-03T21:10:25Z</time></trkpt>
      <trkpt lat="41.419521742500365" lon="-81.86981108039618"><ele>152</ele><time>2026-07-03T21:10:28Z</time></trkpt>
      <trkpt lat="41.41944664064795" lon="-81.8700685724616"><ele>151</ele><time>2026-07-03T21:10:31Z</time></trkpt>
      <trkpt lat="41.41940967645496" lon="-81.87027895823121"><ele>151</ele><time>2026-07-03T21:10:34Z</time></trkpt>
      <trkpt lat="41.419318774715066" lon="-81.8705025035888"><ele>150</ele><time>2026-07-03T21:10:37Z</time></trkpt>
      <trkpt lat="41.419271039776504" lon="-81.87072604894638"><ele>150</ele><time>2026-07-03T21:10:40Z</time></trkpt>
      <trkpt lat="41.41922263428569" lon="-81.87098924070597"><ele>149</ele><time>2026-07-03T21:10:43Z</time></trkpt>
      <trkpt lat="41.419145562686026" lon="-81.87124321237206"><ele>149</ele><time>2026-07-03T21:10:46Z</time></trkpt>
      <trkpt lat="41.4190260367468" lon="-81.87153054401278"><ele>148</ele><time>2026-07-03T21:10:49Z</time></trkpt>
      <trkpt lat="41.41894196625799" lon="-81.87181703746319"><ele>147</ele><time>2026-07-03T21:10:52Z</time></trkpt>
      <trkpt lat="41.41884838230908" lon="-81.87209498137236"><ele>147</ele><time>2026-07-03T21:10:55Z</time></trkpt>
      <trkpt lat="41.418739166110754" lon="-81.872379463166"><ele>147</ele><time>2026-07-03T21:10:58Z</time></trkpt>
      <trkpt lat="41.41863460186869" lon="-81.8726004101336"><ele>147</ele><time>2026-07-03T21:11:01Z</time></trkpt>
      <trkpt lat="41.41855979338288" lon="-81.87281507067382"><ele>148</ele><time>2026-07-03T21:11:04Z</time></trkpt>
      <trkpt lat="41.41840904485434" lon="-81.87293644063175"><ele>149</ele><time>2026-07-03T21:11:07Z</time></trkpt>
      <trkpt lat="41.41828226856887" lon="-81.87304104678333"><ele>147</ele><time>2026-07-03T21:11:10Z</time></trkpt>
      <trkpt lat="41.41816068906337" lon="-81.87314355745912"><ele>148</ele><time>2026-07-03T21:11:13Z</time></trkpt>
      <trkpt lat="41.418077163398266" lon="-81.87325310893357"><ele>148</ele><time>2026-07-03T21:11:16Z</time></trkpt>
      <trkpt lat="41.41797502990812" lon="-81.87328688800335"><ele>148</ele><time>2026-07-03T21:11:19Z</time></trkpt>
      <trkpt lat="41.41782344318926" lon="-81.87338411808014"><ele>147</ele><time>2026-07-03T21:11:22Z</time></trkpt>
      <trkpt lat="41.417580619454384" lon="-81.8736224155873"><ele>149</ele><time>2026-07-03T21:11:25Z</time></trkpt>
      <trkpt lat="41.41739709768444" lon="-81.87376683577895"><ele>150</ele><time>2026-07-03T21:11:28Z</time></trkpt>
      <trkpt lat="41.41721785068512" lon="-81.87385400757194"><ele>150</ele><time>2026-07-03T21:11:31Z</time></trkpt>
      <trkpt lat="41.41698190011084" lon="-81.87394578941166"><ele>150</ele><time>2026-07-03T21:11:34Z</time></trkpt>
      <trkpt lat="41.4167405012995" lon="-81.87403094954789"><ele>149</ele><time>2026-07-03T21:11:37Z</time></trkpt>
      <trkpt lat="41.4165021199733" lon="-81.87416505999863"><ele>148</ele><time>2026-07-03T21:11:40Z</time></trkpt>
      <trkpt lat="41.416291147470474" lon="-81.87434543855488"><ele>148</ele><time>2026-07-03T21:11:43Z</time></trkpt>
      <trkpt lat="41.41614873893559" lon="-81.87449589371681"><ele>149</ele><time>2026-07-03T21:11:46Z</time></trkpt>
      <trkpt lat="41.41599535010755" lon="-81.87464592978358"><ele>148</ele><time>2026-07-03T21:11:49Z</time></trkpt>
      <trkpt lat="41.41581740230322" lon="-81.87480015680194"><ele>149</ele><time>2026-07-03T21:11:52Z</time></trkpt>
      <trkpt lat="41.415627426467836" lon="-81.87497391365469"><ele>150</ele><time>2026-07-03T21:11:55Z</time></trkpt>
      <trkpt lat="41.41547265462577" lon="-81.87517315149307"><ele>150</ele><time>2026-07-03T21:11:58Z</time></trkpt>
      <trkpt lat="41.41534034628421" lon="-81.87540113925934"><ele>150</ele><time>2026-07-03T21:12:01Z</time></trkpt>
      <trkpt lat="41.41513939015567" lon="-81.87554405070841"><ele>149</ele><time>2026-07-03T21:12:04Z</time></trkpt>
      <trkpt lat="41.41494316980243" lon="-81.87567673623562"><ele>149</ele><time>2026-07-03T21:12:07Z</time></trkpt>
      <trkpt lat="41.414819746278226" lon="-81.87577782198787"><ele>148</ele><time>2026-07-03T21:12:10Z</time></trkpt>
      <trkpt lat="41.414786889217794" lon="-81.87584118917584"><ele>149</ele><time>2026-07-03T21:12:13Z</time></trkpt>
      <trkpt lat="41.41476434189826" lon="-81.87599306926131"><ele>151</ele><time>2026-07-03T21:12:16Z</time></trkpt>
      <trkpt lat="41.41468668356538" lon="-81.8761235754937"><ele>151</ele><time>2026-07-03T21:12:19Z</time></trkpt>
      <trkpt lat="41.41455035191029" lon="-81.87632616609335"><ele>153</ele><time>2026-07-03T21:12:22Z</time></trkpt>
      <trkpt lat="41.41444453038275" lon="-81.87654669396579"><ele>155</ele><time>2026-07-03T21:12:25Z</time></trkpt>
      <trkpt lat="41.414373284205794" lon="-81.87677501700819"><ele>154</ele><time>2026-07-03T21:12:28Z</time></trkpt>
      <trkpt lat="41.41424319706857" lon="-81.87698163092136"><ele>153</ele><time>2026-07-03T21:12:31Z</time></trkpt>
      <trkpt lat="41.41408536583185" lon="-81.87718858011067"><ele>154</ele><time>2026-07-03T21:12:34Z</time></trkpt>
      <trkpt lat="41.413917979225516" lon="-81.87737775966525"><ele>153</ele><time>2026-07-03T21:12:37Z</time></trkpt>
      <trkpt lat="41.41376241110265" lon="-81.8775842897594"><ele>153</ele><time>2026-07-03T21:12:40Z</time></trkpt>
      <trkpt lat="41.4136806037277" lon="-81.87773390673101"><ele>153</ele><time>2026-07-03T21:12:43Z</time></trkpt>
      <trkpt lat="41.41357599757612" lon="-81.87786122784019"><ele>152</ele><time>2026-07-03T21:12:46Z</time></trkpt>
      <trkpt lat="41.41341154463589" lon="-81.87801000662148"><ele>152</ele><time>2026-07-03T21:12:49Z</time></trkpt>
      <trkpt lat="41.41325270757079" lon="-81.8781192228198"><ele>151</ele><time>2026-07-03T21:12:52Z</time></trkpt>
      <trkpt lat="41.41305590048432" lon="-81.87831334769726"><ele>150</ele><time>2026-07-03T21:12:55Z</time></trkpt>
      <trkpt lat="41.41285460907966" lon="-81.87862129881978"><ele>150</ele><time>2026-07-03T21:12:58Z</time></trkpt>
      <trkpt lat="41.41265315003693" lon="-81.8789033498615"><ele>150</ele><time>2026-07-03T21:13:01Z</time></trkpt>
      <trkpt lat="41.412449637427926" lon="-81.87914282083511"><ele>149</ele><time>2026-07-03T21:13:04Z</time></trkpt>
      <trkpt lat="41.412252872250974" lon="-81.87935505062342"><ele>149</ele><time>2026-07-03T21:13:07Z</time></trkpt>
      <trkpt lat="41.41204734798521" lon="-81.879568034783"><ele>148</ele><time>2026-07-03T21:13:10Z</time></trkpt>
      <trkpt lat="41.41185406129807" lon="-81.8797842040658"><ele>149</ele><time>2026-07-03T21:13:13Z</time></trkpt>
      <trkpt lat="41.411703689955175" lon="-81.88002040609717"><ele>149</ele><time>2026-07-03T21:13:16Z</time></trkpt>
      <trkpt lat="41.41157117206603" lon="-81.8802797421813"><ele>149</ele><time>2026-07-03T21:13:19Z</time></trkpt>
      <trkpt lat="41.41146111767739" lon="-81.88057386316359"><ele>150</ele><time>2026-07-03T21:13:22Z</time></trkpt>
      <trkpt lat="41.411302532069385" lon="-81.8807010166347"><ele>150</ele><time>2026-07-03T21:13:25Z</time></trkpt>
      <trkpt lat="41.41106624621898" lon="-81.88075516372919"><ele>152</ele><time>2026-07-03T21:13:28Z</time></trkpt>
      <trkpt lat="41.41085016075522" lon="-81.8807958997786"><ele>152</ele><time>2026-07-03T21:13:31Z</time></trkpt>
      <trkpt lat="41.410647737793624" lon="-81.88074334524572"><ele>153</ele><time>2026-07-03T21:13:34Z</time></trkpt>
      <trkpt lat="41.41047448385507" lon="-81.88070772215724"><ele>154</ele><time>2026-07-03T21:13:37Z</time></trkpt>
      <trkpt lat="41.41029427293688" lon="-81.88065919093788"><ele>156</ele><time>2026-07-03T21:13:40Z</time></trkpt>
      <trkpt lat="41.41011112835258" lon="-81.88066204078496"><ele>156</ele><time>2026-07-03T21:13:43Z</time></trkpt>
      <trkpt lat="41.4099245890975" lon="-81.88066153787076"><ele>155</ele><time>2026-07-03T21:13:46Z</time></trkpt>
      <trkpt lat="41.40975602902472" lon="-81.88068802468479"><ele>155</ele><time>2026-07-03T21:13:49Z</time></trkpt>
      <trkpt lat="41.409544008783996" lon="-81.88074468635023"><ele>156</ele><time>2026-07-03T21:13:52Z</time></trkpt>
      <trkpt lat="41.40935692470521" lon="-81.8808183632791"><ele>156</ele><time>2026-07-03T21:13:55Z</time></trkpt>
      <trkpt lat="41.40915726777166" lon="-81.88092129305005"><ele>156</ele><time>2026-07-03T21:13:58Z</time></trkpt>
      <trkpt lat="41.40893502160907" lon="-81.88109437935054"><ele>155</ele><time>2026-07-03T21:14:01Z</time></trkpt>
      <trkpt lat="41.408727946691215" lon="-81.88131138682365"><ele>153</ele><time>2026-07-03T21:14:04Z</time></trkpt>
      <trkpt lat="41.40854773577303" lon="-81.88154431991279"><ele>151</ele><time>2026-07-03T21:14:07Z</time></trkpt>
      <trkpt lat="41.40836501028389" lon="-81.88175805844367"><ele>150</ele><time>2026-07-03T21:14:10Z</time></trkpt>
      <trkpt lat="41.40819703694433" lon="-81.8819616548717"><ele>151</ele><time>2026-07-03T21:14:13Z</time></trkpt>
      <trkpt lat="41.40801703557372" lon="-81.88217053189874"><ele>152</ele><time>2026-07-03T21:14:16Z</time></trkpt>
      <trkpt lat="41.40775891486555" lon="-81.88236884772778"><ele>158</ele><time>2026-07-03T21:14:19Z</time></trkpt>
      <trkpt lat="41.40758318826556" lon="-81.88258744776249"><ele>158</ele><time>2026-07-03T21:14:22Z</time></trkpt>
      <trkpt lat="41.407472672872245" lon="-81.88282524235547"><ele>158</ele><time>2026-07-03T21:14:25Z</time></trkpt>
      <trkpt lat="41.40754031483084" lon="-81.88310888595879"><ele>159</ele><time>2026-07-03T21:14:28Z</time></trkpt>
      <trkpt lat="41.4076469745487" lon="-81.88340904191136"><ele>158</ele><time>2026-07-03T21:14:31Z</time></trkpt>
      <trkpt lat="41.40778142027557" lon="-81.88365739770234"><ele>158</ele><time>2026-07-03T21:14:34Z</time></trkpt>
      <trkpt lat="41.40785648021847" lon="-81.88394766300917"><ele>157</ele><time>2026-07-03T21:14:37Z</time></trkpt>
      <trkpt lat="41.40792261343449" lon="-81.88425150699914"><ele>157</ele><time>2026-07-03T21:14:40Z</time></trkpt>
      <trkpt lat="41.40800634864718" lon="-81.88451989553869"><ele>157</ele><time>2026-07-03T21:14:43Z</time></trkpt>
      <trkpt lat="41.40807642135769" lon="-81.88476841896772"><ele>157</ele><time>2026-07-03T21:14:46Z</time></trkpt>
      <trkpt lat="41.40809322707355" lon="-81.88505264930427"><ele>159</ele><time>2026-07-03T21:14:49Z</time></trkpt>
      <trkpt lat="41.40805353876203" lon="-81.88533713109791"><ele>159</ele><time>2026-07-03T21:14:52Z</time></trkpt>
      <trkpt lat="41.40796636696905" lon="-81.88560233451426"><ele>159</ele><time>2026-07-03T21:14:55Z</time></trkpt>
      <trkpt lat="41.40788682270795" lon="-81.88586569391191"><ele>159</ele><time>2026-07-03T21:14:58Z</time></trkpt>
      <trkpt lat="41.40779944136739" lon="-81.88607716932893"><ele>159</ele><time>2026-07-03T21:15:01Z</time></trkpt>
      <trkpt lat="41.40767467673868" lon="-81.8862634152174"><ele>159</ele><time>2026-07-03T21:15:04Z</time></trkpt>
      <trkpt lat="41.407530046999454" lon="-81.88636575825512"><ele>160</ele><time>2026-07-03T21:15:07Z</time></trkpt>
      <trkpt lat="41.407371712848544" lon="-81.88637279905379"><ele>160</ele><time>2026-07-03T21:15:10Z</time></trkpt>
      <trkpt lat="41.40717071481049" lon="-81.8864259403199"><ele>160</ele><time>2026-07-03T21:15:13Z</time></trkpt>
      <trkpt lat="41.406952450051904" lon="-81.88639073632658"><ele>159</ele><time>2026-07-03T21:15:16Z</time></trkpt>
      <trkpt lat="41.40677383169532" lon="-81.88633725978434"><ele>158</ele><time>2026-07-03T21:15:19Z</time></trkpt>
      <trkpt lat="41.40671218279749" lon="-81.88630959950387"><ele>158</ele><time>2026-07-03T21:15:22Z</time></trkpt>
      <trkpt lat="41.406658915802836" lon="-81.88629711046815"><ele>157</ele><time>2026-07-03T21:15:25Z</time></trkpt>
      <trkpt lat="41.40655376482755" lon="-81.88628336414695"><ele>157</ele><time>2026-07-03T21:15:28Z</time></trkpt>
      <trkpt lat="41.406373428180814" lon="-81.88633784651756"><ele>158</ele><time>2026-07-03T21:15:31Z</time></trkpt>
      <trkpt lat="41.40621752478182" lon="-81.88632996752858"><ele>158</ele><time>2026-07-03T21:15:34Z</time></trkpt>
      <trkpt lat="41.40614099800587" lon="-81.88628629781306"><ele>158</ele><time>2026-07-03T21:15:37Z</time></trkpt>
      <trkpt lat="41.40606375876814" lon="-81.88624681904912"><ele>158</ele><time>2026-07-03T21:15:40Z</time></trkpt>
      <trkpt lat="41.406012335792184" lon="-81.88622460700572"><ele>158</ele><time>2026-07-03T21:15:43Z</time></trkpt>
      <trkpt lat="41.40592428389937" lon="-81.88621245324612"><ele>159</ele><time>2026-07-03T21:15:46Z</time></trkpt>
      <trkpt lat="41.405796627514064" lon="-81.88612922094762"><ele>157</ele><time>2026-07-03T21:15:49Z</time></trkpt>
      <trkpt lat="41.40566494781524" lon="-81.8859787657857"><ele>156</ele><time>2026-07-03T21:15:52Z</time></trkpt>
      <trkpt lat="41.40552044380456" lon="-81.88582303002477"><ele>155</ele><time>2026-07-03T21:15:55Z</time></trkpt>
      <trkpt lat="41.405393122695386" lon="-81.88564298674464"><ele>155</ele><time>2026-07-03T21:15:58Z</time></trkpt>
      <trkpt lat="41.40523374080658" lon="-81.88548926264048"><ele>155</ele><time>2026-07-03T21:16:01Z</time></trkpt>
      <trkpt lat="41.405059355311096" lon="-81.88533486798406"><ele>155</ele><time>2026-07-03T21:16:04Z</time></trkpt>
      <trkpt lat="41.40487587545067" lon="-81.88518667593598"><ele>155</ele><time>2026-07-03T21:16:07Z</time></trkpt>
      <trkpt lat="41.404686444438994" lon="-81.88504393212497"><ele>154</ele><time>2026-07-03T21:16:10Z</time></trkpt>
      <trkpt lat="41.40457081608474" lon="-81.88483279198408"><ele>154</ele><time>2026-07-03T21:16:13Z</time></trkpt>
      <trkpt lat="41.40440439339727" lon="-81.88459692522883"><ele>154</ele><time>2026-07-03T21:16:16Z</time></trkpt>
      <trkpt lat="41.404265547171235" lon="-81.88439802266657"><ele>156</ele><time>2026-07-03T21:16:19Z</time></trkpt>
      <trkpt lat="41.40409929212183" lon="-81.88422518782318"><ele>159</ele><time>2026-07-03T21:16:22Z</time></trkpt>
      <trkpt lat="41.40393638983369" lon="-81.88412485644221"><ele>160</ele><time>2026-07-03T21:16:25Z</time></trkpt>
      <trkpt lat="41.403765734285116" lon="-81.88407255336642"><ele>160</ele><time>2026-07-03T21:16:28Z</time></trkpt>
      <trkpt lat="41.40358652919531" lon="-81.8840584717691"><ele>160</ele><time>2026-07-03T21:16:31Z</time></trkpt>
      <trkpt lat="41.40336738433689" lon="-81.88402108848095"><ele>159</ele><time>2026-07-03T21:16:34Z</time></trkpt>
      <trkpt lat="41.403162656351924" lon="-81.88397767022252"><ele>158</ele><time>2026-07-03T21:16:37Z</time></trkpt>
      <trkpt lat="41.4029464032501" lon="-81.8839905783534"><ele>158</ele><time>2026-07-03T21:16:40Z</time></trkpt>
      <trkpt lat="41.402707770466805" lon="-81.88408470712602"><ele>159</ele><time>2026-07-03T21:16:43Z</time></trkpt>
      <trkpt lat="41.402485189028084" lon="-81.88420599326491"><ele>160</ele><time>2026-07-03T21:16:46Z</time></trkpt>
      <trkpt lat="41.40228230506182" lon="-81.88422803767025"><ele>161</ele><time>2026-07-03T21:16:49Z</time></trkpt>
      <trkpt lat="41.402097777463496" lon="-81.88426977954805"><ele>161</ele><time>2026-07-03T21:16:52Z</time></trkpt>
      <trkpt lat="41.401872974820435" lon="-81.88433348201215"><ele>162</ele><time>2026-07-03T21:16:55Z</time></trkpt>
      <trkpt lat="41.40166862402111" lon="-81.88442668877542"><ele>162</ele><time>2026-07-03T21:16:58Z</time></trkpt>
      <trkpt lat="41.40151561237872" lon="-81.88447999767959"><ele>162</ele><time>2026-07-03T21:17:01Z</time></trkpt>
      <trkpt lat="41.401341813616455" lon="-81.88451930880547"><ele>161</ele><time>2026-07-03T21:17:04Z</time></trkpt>
      <trkpt lat="41.40114852692932" lon="-81.88459449447691"><ele>161</ele><time>2026-07-03T21:17:07Z</time></trkpt>
      <trkpt lat="41.40093738678843" lon="-81.88459382392466"><ele>161</ele><time>2026-07-03T21:17:10Z</time></trkpt>
      <trkpt lat="41.40074137598276" lon="-81.88457228243351"><ele>162</ele><time>2026-07-03T21:17:13Z</time></trkpt>
      <trkpt lat="41.40051607042551" lon="-81.8845624756068"><ele>162</ele><time>2026-07-03T21:17:16Z</time></trkpt>
      <trkpt lat="41.400322364643216" lon="-81.88451847061515"><ele>162</ele><time>2026-07-03T21:17:19Z</time></trkpt>
      <trkpt lat="41.40011805575341" lon="-81.88448008149862"><ele>162</ele><time>2026-07-03T21:17:22Z</time></trkpt>
      <trkpt lat="41.39993323478848" lon="-81.88441302627325"><ele>163</ele><time>2026-07-03T21:17:25Z</time></trkpt>
      <trkpt lat="41.399762788787484" lon="-81.88431856222451"><ele>163</ele><time>2026-07-03T21:17:28Z</time></trkpt>
      <trkpt lat="41.399602610617876" lon="-81.88424698077142"><ele>163</ele><time>2026-07-03T21:17:31Z</time></trkpt>
      <trkpt lat="41.39941091649234" lon="-81.88418671488762"><ele>162</ele><time>2026-07-03T21:17:34Z</time></trkpt>
      <trkpt lat="41.39918070752174" lon="-81.88413449563086"><ele>162</ele><time>2026-07-03T21:17:37Z</time></trkpt>
      <trkpt lat="41.3989927014336" lon="-81.88402670435607"><ele>161</ele><time>2026-07-03T21:17:40Z</time></trkpt>
      <trkpt lat="41.39883252326399" lon="-81.8838473316282"><ele>160</ele><time>2026-07-03T21:17:43Z</time></trkpt>
      <trkpt lat="41.39867117162794" lon="-81.8836905900389"><ele>160</ele><time>2026-07-03T21:17:46Z</time></trkpt>
      <trkpt lat="41.3984778849408" lon="-81.88349889591336"><ele>160</ele><time>2026-07-03T21:17:49Z</time></trkpt>
      <trkpt lat="41.39833614695817" lon="-81.8832878395915"><ele>159</ele><time>2026-07-03T21:17:52Z</time></trkpt>
      <trkpt lat="41.39822303317487" lon="-81.88304392620921"><ele>158</ele><time>2026-07-03T21:17:55Z</time></trkpt>
      <trkpt lat="41.398104219697416" lon="-81.88278635032475"><ele>158</ele><time>2026-07-03T21:17:58Z</time></trkpt>
      <trkpt lat="41.39800501987338" lon="-81.88253740780056"><ele>159</ele><time>2026-07-03T21:18:01Z</time></trkpt>
      <trkpt lat="41.397894797846675" lon="-81.88230992294848"><ele>158</ele><time>2026-07-03T21:18:04Z</time></trkpt>
      <trkpt lat="41.39772749505937" lon="-81.88222702592611"><ele>159</ele><time>2026-07-03T21:18:07Z</time></trkpt>
      <trkpt lat="41.39751815702766" lon="-81.88227480277419"><ele>160</ele><time>2026-07-03T21:18:10Z</time></trkpt>
      <trkpt lat="41.397387315519154" lon="-81.88236490823328"><ele>159</ele><time>2026-07-03T21:18:13Z</time></trkpt>
      <trkpt lat="41.397218042984605" lon="-81.88244772143662"><ele>160</ele><time>2026-07-03T21:18:16Z</time></trkpt>
      <trkpt lat="41.397057278081775" lon="-81.88260588794947"><ele>161</ele><time>2026-07-03T21:18:19Z</time></trkpt>
      <trkpt lat="41.3968987762928" lon="-81.88277394510806"><ele>161</ele><time>2026-07-03T21:18:22Z</time></trkpt>
      <trkpt lat="41.39670159202069" lon="-81.88295918516815"><ele>161</ele><time>2026-07-03T21:18:25Z</time></trkpt>
      <trkpt lat="41.396506670862436" lon="-81.88309790566564"><ele>161</ele><time>2026-07-03T21:18:28Z</time></trkpt>
      <trkpt lat="41.39634083490819" lon="-81.88314492814243"><ele>161</ele><time>2026-07-03T21:18:31Z</time></trkpt>
      <trkpt lat="41.39617449603975" lon="-81.88315347768366"><ele>161</ele><time>2026-07-03T21:18:34Z</time></trkpt>
      <trkpt lat="41.39602986630052" lon="-81.88315154984593"><ele>161</ele><time>2026-07-03T21:18:37Z</time></trkpt>
      <trkpt lat="41.395942945964634" lon="-81.88313805498183"><ele>161</ele><time>2026-07-03T21:18:40Z</time></trkpt>
      <trkpt lat="41.39582773670554" lon="-81.88318750821054"><ele>157</ele><time>2026-07-03T21:18:43Z</time></trkpt>
      <trkpt lat="41.395649537444115" lon="-81.88323209993541"><ele>157</ele><time>2026-07-03T21:18:46Z</time></trkpt>
      <trkpt lat="41.39550385996699" lon="-81.88323729671538"><ele>157</ele><time>2026-07-03T21:18:49Z</time></trkpt>
      <trkpt lat="41.39535449445248" lon="-81.8832434155047"><ele>157</ele><time>2026-07-03T21:18:52Z</time></trkpt>
      <trkpt lat="41.39519884251058" lon="-81.8832259811461"><ele>156</ele><time>2026-07-03T21:18:55Z</time></trkpt>
      <trkpt lat="41.395053709857166" lon="-81.88327987678349"><ele>156</ele><time>2026-07-03T21:18:58Z</time></trkpt>
      <trkpt lat="41.39486591331661" lon="-81.883326144889"><ele>156</ele><time>2026-07-03T21:19:01Z</time></trkpt>
      <trkpt lat="41.39467853587121" lon="-81.88335145823658"><ele>156</ele><time>2026-07-03T21:19:04Z</time></trkpt>
      <trkpt lat="41.39448151923716" lon="-81.88343443907797"><ele>156</ele><time>2026-07-03T21:19:07Z</time></trkpt>
      <trkpt lat="41.394296237267554" lon="-81.88341197557747"><ele>153</ele><time>2026-07-03T21:19:10Z</time></trkpt>
      <trkpt lat="41.39412327669561" lon="-81.88331709243357"><ele>153</ele><time>2026-07-03T21:19:13Z</time></trkpt>
      <trkpt lat="41.393973659724" lon="-81.88317652791739"><ele>153</ele><time>2026-07-03T21:19:16Z</time></trkpt>
      <trkpt lat="41.39379089232534" lon="-81.88302816823125"><ele>155</ele><time>2026-07-03T21:19:19Z</time></trkpt>
      <trkpt lat="41.393733602017164" lon="-81.88278626650572"><ele>156</ele><time>2026-07-03T21:19:22Z</time></trkpt>
      <trkpt lat="41.39371884986758" lon="-81.88252491876483"><ele>156</ele><time>2026-07-03T21:19:25Z</time></trkpt>
      <trkpt lat="41.393740181811154" lon="-81.88224571757019"><ele>156</ele><time>2026-07-03T21:19:28Z</time></trkpt>
      <trkpt lat="41.393800154328346" lon="-81.88202644698322"><ele>156</ele><time>2026-07-03T21:19:31Z</time></trkpt>
      <trkpt lat="41.393845290876925" lon="-81.88184397295117"><ele>157</ele><time>2026-07-03T21:19:34Z</time></trkpt>
      <trkpt lat="41.393883344717324" lon="-81.88166099600494"><ele>155</ele><time>2026-07-03T21:19:37Z</time></trkpt>
      <trkpt lat="41.393977431580424" lon="-81.88145086169243"><ele>155</ele><time>2026-07-03T21:19:40Z</time></trkpt>
      <trkpt lat="41.39403740409762" lon="-81.88120694831014"><ele>154</ele><time>2026-07-03T21:19:43Z</time></trkpt>
      <trkpt lat="41.39405085705221" lon="-81.88087267801166"><ele>153</ele><time>2026-07-03T21:19:46Z</time></trkpt>
      <trkpt lat="41.394031662493944" lon="-81.88052566722035"><ele>153</ele><time>2026-07-03T21:19:49Z</time></trkpt>
      <trkpt lat="41.39394239522517" lon="-81.88022618182003"><ele>154</ele><time>2026-07-03T21:19:52Z</time></trkpt>
      <trkpt lat="41.39382027089596" lon="-81.8799586314708"><ele>154</ele><time>2026-07-03T21:19:55Z</time></trkpt>
      <trkpt lat="41.39366000890732" lon="-81.87977238558233"><ele>154</ele><time>2026-07-03T21:19:58Z</time></trkpt>
      <trkpt lat="41.393468524329364" lon="-81.87964498065412"><ele>154</ele><time>2026-07-03T21:20:01Z</time></trkpt>
      <trkpt lat="41.39327766839415" lon="-81.8795542884618"><ele>155</ele><time>2026-07-03T21:20:04Z</time></trkpt>
      <trkpt lat="41.39307214412838" lon="-81.87937675975263"><ele>155</ele><time>2026-07-03T21:20:07Z</time></trkpt>
      <trkpt lat="41.392905972898006" lon="-81.87922018580139"><ele>155</ele><time>2026-07-03T21:20:10Z</time></trkpt>
      <trkpt lat="41.3927629776299" lon="-81.87907568179071"><ele>155</ele><time>2026-07-03T21:20:13Z</time></trkpt>
      <trkpt lat="41.3926638616249" lon="-81.87900066375732"><ele>154</ele><time>2026-07-03T21:20:16Z</time></trkpt>
      <trkpt lat="41.39259492047131" lon="-81.87886973842978"><ele>152</ele><time>2026-07-03T21:20:19Z</time></trkpt>
      <trkpt lat="41.392405279912055" lon="-81.87865851446986"><ele>150</ele><time>2026-07-03T21:20:22Z</time></trkpt>
      <trkpt lat="41.39226287137717" lon="-81.87844041734934"><ele>149</ele><time>2026-07-03T21:20:25Z</time></trkpt>
      <trkpt lat="41.39211949892342" lon="-81.8781852722168"><ele>149</ele><time>2026-07-03T21:20:28Z</time></trkpt>
      <trkpt lat="41.39195236377418" lon="-81.87796482816339"><ele>149</ele><time>2026-07-03T21:20:31Z</time></trkpt>
      <trkpt lat="41.391768590547144" lon="-81.87773189507425"><ele>149</ele><time>2026-07-03T21:20:34Z</time></trkpt>
      <trkpt lat="41.391599108465016" lon="-81.87753190286458"><ele>149</ele><time>2026-07-03T21:20:37Z</time></trkpt>
      <trkpt lat="41.391436038538814" lon="-81.87737985514104"><ele>150</ele><time>2026-07-03T21:20:40Z</time></trkpt>
      <trkpt lat="41.39125050511211" lon="-81.87729368917644"><ele>150</ele><time>2026-07-03T21:20:43Z</time></trkpt>
      <trkpt lat="41.39113416429609" lon="-81.87717776745558"><ele>150</ele><time>2026-07-03T21:20:46Z</time></trkpt>
      <trkpt lat="41.39098182320595" lon="-81.87697978690267"><ele>150</ele><time>2026-07-03T21:20:49Z</time></trkpt>
      <trkpt lat="41.390818962827325" lon="-81.87678851187229"><ele>150</ele><time>2026-07-03T21:20:52Z</time></trkpt>
      <trkpt lat="41.39067647047341" lon="-81.87657728791237"><ele>150</ele><time>2026-07-03T21:20:55Z</time></trkpt>
      <trkpt lat="41.39053217601031" lon="-81.87640990130603"><ele>151</ele><time>2026-07-03T21:20:58Z</time></trkpt>
      <trkpt lat="41.390352132730186" lon="-81.87619691714644"><ele>150</ele><time>2026-07-03T21:21:01Z</time></trkpt>
      <trkpt lat="41.39018604531884" lon="-81.87602911144495"><ele>152</ele><time>2026-07-03T21:21:04Z</time></trkpt>
      <trkpt lat="41.39001844916493" lon="-81.87587555497885"><ele>152</ele><time>2026-07-03T21:21:07Z</time></trkpt>
      <trkpt lat="41.38985076919198" lon="-81.87565259635448"><ele>152</ele><time>2026-07-03T21:21:10Z</time></trkpt>
      <trkpt lat="41.389708067290485" lon="-81.87540809623897"><ele>152</ele><time>2026-07-03T21:21:13Z</time></trkpt>
      <trkpt lat="41.389552163891494" lon="-81.87511288560927"><ele>154</ele><time>2026-07-03T21:21:16Z</time></trkpt>
      <trkpt lat="41.38945346698165" lon="-81.8748196028173"><ele>154</ele><time>2026-07-03T21:21:19Z</time></trkpt>
      <trkpt lat="41.3893938716501" lon="-81.87455314211547"><ele>155</ele><time>2026-07-03T21:21:22Z</time></trkpt>
      <trkpt lat="41.389434901066124" lon="-81.87431073747575"><ele>155</ele><time>2026-07-03T21:21:25Z</time></trkpt>
      <trkpt lat="41.38955849222839" lon="-81.87411049380898"><ele>156</ele><time>2026-07-03T21:21:28Z</time></trkpt>
      <trkpt lat="41.38974373228848" lon="-81.87396498396993"><ele>156</ele><time>2026-07-03T21:21:31Z</time></trkpt>
      <trkpt lat="41.38992918189615" lon="-81.87377345748246"><ele>157</ele><time>2026-07-03T21:21:34Z</time></trkpt>
      <trkpt lat="41.39008508529514" lon="-81.87359341420233"><ele>159</ele><time>2026-07-03T21:21:37Z</time></trkpt>
      <trkpt lat="41.390235582366586" lon="-81.8734963517636"><ele>160</ele><time>2026-07-03T21:21:40Z</time></trkpt>
      <trkpt lat="41.39038612134755" lon="-81.87340800650418"><ele>159</ele><time>2026-07-03T21:21:43Z</time></trkpt>
      <trkpt lat="41.39053666032851" lon="-81.87329979613423"><ele>160</ele><time>2026-07-03T21:21:46Z</time></trkpt>
      <trkpt lat="41.390679529868066" lon="-81.87319728545845"><ele>159</ele><time>2026-07-03T21:21:49Z</time></trkpt>
      <trkpt lat="41.39088652096689" lon="-81.87304305844009"><ele>160</ele><time>2026-07-03T21:21:52Z</time></trkpt>
      <trkpt lat="41.39107800554484" lon="-81.87288229353726"><ele>161</ele><time>2026-07-03T21:21:55Z</time></trkpt>
      <trkpt lat="41.3912235153839" lon="-81.87273049727082"><ele>159</ele><time>2026-07-03T21:21:58Z</time></trkpt>
      <trkpt lat="41.39131818898022" lon="-81.87259295023978"><ele>158</ele><time>2026-07-03T21:22:01Z</time></trkpt>
      <trkpt lat="41.39139073435217" lon="-81.87241340987384"><ele>156</ele><time>2026-07-03T21:22:04Z</time></trkpt>
      <trkpt lat="41.39141864608973" lon="-81.87217854894698"><ele>154</ele><time>2026-07-03T21:22:07Z</time></trkpt>
      <trkpt lat="41.39140276238322" lon="-81.8718823324889"><ele>154</ele><time>2026-07-03T21:22:10Z</time></trkpt>
      <trkpt lat="41.39136512763798" lon="-81.87159894034266"><ele>151</ele><time>2026-07-03T21:22:13Z</time></trkpt>
      <trkpt lat="41.39130067080259" lon="-81.87132937833667"><ele>149</ele><time>2026-07-03T21:22:16Z</time></trkpt>
      <trkpt lat="41.39120691921562" lon="-81.8711132928729"><ele>148</ele><time>2026-07-03T21:22:19Z</time></trkpt>
      <trkpt lat="41.39107125811279" lon="-81.87090625986457"><ele>148</ele><time>2026-07-03T21:22:22Z</time></trkpt>
      <trkpt lat="41.3909351779148" lon="-81.87074943445623"><ele>147</ele><time>2026-07-03T21:22:25Z</time></trkpt>
      <trkpt lat="41.39081129338592" lon="-81.87060602009296"><ele>147</ele><time>2026-07-03T21:22:28Z</time></trkpt>
      <trkpt lat="41.39068942051381" lon="-81.87040217220783"><ele>146</ele><time>2026-07-03T21:22:31Z</time></trkpt>
      <trkpt lat="41.39053393620998" lon="-81.8701811414212"><ele>148</ele><time>2026-07-03T21:22:34Z</time></trkpt>
      <trkpt lat="41.39036424458027" lon="-81.87003303319216"><ele>151</ele><time>2026-07-03T21:22:37Z</time></trkpt>
      <trkpt lat="41.39017288573086" lon="-81.8699702527374"><ele>151</ele><time>2026-07-03T21:22:40Z</time></trkpt>
      <trkpt lat="41.389947454445064" lon="-81.86992909759283"><ele>152</ele><time>2026-07-03T21:22:43Z</time></trkpt>
      <trkpt lat="41.38976225629449" lon="-81.86990302987397"><ele>152</ele><time>2026-07-03T21:22:46Z</time></trkpt>
      <trkpt lat="41.38956188689917" lon="-81.8699821550399"><ele>153</ele><time>2026-07-03T21:22:49Z</time></trkpt>
      <trkpt lat="41.38933591078967" lon="-81.87000017613173"><ele>153</ele><time>2026-07-03T21:22:52Z</time></trkpt>
      <trkpt lat="41.389136421494186" lon="-81.86999858357012"><ele>154</ele><time>2026-07-03T21:22:55Z</time></trkpt>
      <trkpt lat="41.38893504627049" lon="-81.87005273066461"><ele>154</ele><time>2026-07-03T21:22:58Z</time></trkpt>
      <trkpt lat="41.3887860160321" lon="-81.87009774148464"><ele>153</ele><time>2026-07-03T21:23:01Z</time></trkpt>
      <trkpt lat="41.38870559167117" lon="-81.87009371817112"><ele>152</ele><time>2026-07-03T21:23:04Z</time></trkpt>
      <trkpt lat="41.38861573766917" lon="-81.87006874009967"><ele>151</ele><time>2026-07-03T21:23:07Z</time></trkpt>
      <trkpt lat="41.388457152061164" lon="-81.8700270820409"><ele>150</ele><time>2026-07-03T21:23:10Z</time></trkpt>
      <trkpt lat="41.388267762959" lon="-81.87002641148865"><ele>148</ele><time>2026-07-03T21:23:13Z</time></trkpt>
      <trkpt lat="41.3880978198722" lon="-81.87005080282688"><ele>148</ele><time>2026-07-03T21:23:16Z</time></trkpt>
      <trkpt lat="41.38793776743114" lon="-81.87000193633139"><ele>147</ele><time>2026-07-03T21:23:19Z</time></trkpt>
      <trkpt lat="41.387698841281235" lon="-81.86988140456378"><ele>148</ele><time>2026-07-03T21:23:22Z</time></trkpt>
      <trkpt lat="41.38743799645454" lon="-81.86974846757948"><ele>146</ele><time>2026-07-03T21:23:25Z</time></trkpt>
      <trkpt lat="41.38721952214837" lon="-81.86959583312273"><ele>148</ele><time>2026-07-03T21:23:28Z</time></trkpt>
      <trkpt lat="41.38704450801015" lon="-81.86941084451973"><ele>149</ele><time>2026-07-03T21:23:31Z</time></trkpt>
      <trkpt lat="41.38697430957109" lon="-81.86914052814245"><ele>148</ele><time>2026-07-03T21:23:34Z</time></trkpt>
      <trkpt lat="41.38687381055206" lon="-81.86885554343462"><ele>148</ele><time>2026-07-03T21:23:37Z</time></trkpt>
      <trkpt lat="41.38678471092135" lon="-81.86857366003096"><ele>148</ele><time>2026-07-03T21:23:40Z</time></trkpt>
      <trkpt lat="41.386782112531364" lon="-81.86830166727304"><ele>147</ele><time>2026-07-03T21:23:43Z</time></trkpt>
      <trkpt lat="41.38673986773938" lon="-81.86806445941329"><ele>146</ele><time>2026-07-03T21:23:46Z</time></trkpt>
      <trkpt lat="41.38663211837411" lon="-81.86789673753083"><ele>145</ele><time>2026-07-03T21:23:49Z</time></trkpt>
      <trkpt lat="41.386486482806504" lon="-81.86776983551681"><ele>146</ele><time>2026-07-03T21:23:52Z</time></trkpt>
      <trkpt lat="41.386323580518365" lon="-81.86764134094119"><ele>147</ele><time>2026-07-03T21:23:55Z</time></trkpt>
      <trkpt lat="41.38614148367196" lon="-81.8675147742033"><ele>147</ele><time>2026-07-03T21:23:58Z</time></trkpt>
      <trkpt lat="41.3859840715304" lon="-81.86740631237626"><ele>147</ele><time>2026-07-03T21:24:01Z</time></trkpt>
      <trkpt lat="41.38590423390269" lon="-81.86727094464004"><ele>147</ele><time>2026-07-03T21:24:04Z</time></trkpt>
      <trkpt lat="41.38578504323959" lon="-81.86699367128313"><ele>146</ele><time>2026-07-03T21:24:07Z</time></trkpt>
      <trkpt lat="41.38565596193075" lon="-81.86673182062805"><ele>146</ele><time>2026-07-03T21:24:10Z</time></trkpt>
      <trkpt lat="41.38557189144194" lon="-81.86648044735193"><ele>146</ele><time>2026-07-03T21:24:13Z</time></trkpt>
      <trkpt lat="41.385505674406886" lon="-81.86621373519301"><ele>147</ele><time>2026-07-03T21:24:16Z</time></trkpt>
      <trkpt lat="41.38549058698118" lon="-81.86594459228218"><ele>147</ele><time>2026-07-03T21:24:19Z</time></trkpt>
      <trkpt lat="41.385439918376505" lon="-81.86577427200973"><ele>147</ele><time>2026-07-03T21:24:22Z</time></trkpt>
      <trkpt lat="41.38533279765397" lon="-81.86564845964313"><ele>147</ele><time>2026-07-03T21:24:25Z</time></trkpt>
      <trkpt lat="41.38520648237318" lon="-81.86556782573462"><ele>147</ele><time>2026-07-03T21:24:28Z</time></trkpt>
      <trkpt lat="41.38506906107068" lon="-81.86550026759505"><ele>148</ele><time>2026-07-03T21:24:31Z</time></trkpt>
      <trkpt lat="41.38491387013346" lon="-81.86539239250124"><ele>148</ele><time>2026-07-03T21:24:34Z</time></trkpt>
      <trkpt lat="41.38471660204232" lon="-81.8652905523777"><ele>147</ele><time>2026-07-03T21:24:37Z</time></trkpt>
      <trkpt lat="41.38451874721795" lon="-81.86520321294665"><ele>148</ele><time>2026-07-03T21:24:40Z</time></trkpt>
      <trkpt lat="41.38431276194751" lon="-81.86513951048255"><ele>150</ele><time>2026-07-03T21:24:43Z</time></trkpt>
      <trkpt lat="41.38415061403066" lon="-81.8651457130909"><ele>152</ele><time>2026-07-03T21:24:46Z</time></trkpt>
      <trkpt lat="41.383952549658716" lon="-81.86517680995166"><ele>154</ele><time>2026-07-03T21:24:49Z</time></trkpt>
      <trkpt lat="41.38378792908043" lon="-81.86519994400442"><ele>155</ele><time>2026-07-03T21:24:52Z</time></trkpt>
      <trkpt lat="41.3836372224614" lon="-81.8652218207717"><ele>156</ele><time>2026-07-03T21:24:55Z</time></trkpt>
      <trkpt lat="41.3834664830938" lon="-81.86523615382612"><ele>156</ele><time>2026-07-03T21:24:58Z</time></trkpt>
      <trkpt lat="41.3832825422287" lon="-81.8652593716979"><ele>156</ele><time>2026-07-03T21:25:01Z</time></trkpt>
      <trkpt lat="41.38305945787579" lon="-81.86533564701676"><ele>157</ele><time>2026-07-03T21:25:04Z</time></trkpt>
      <trkpt lat="41.38285405933857" lon="-81.86542843468487"><ele>155</ele><time>2026-07-03T21:25:07Z</time></trkpt>
      <trkpt lat="41.38269660528749" lon="-81.86551870778203"><ele>155</ele><time>2026-07-03T21:25:10Z</time></trkpt>
      <trkpt lat="41.38254870660603" lon="-81.86556757427752"><ele>155</ele><time>2026-07-03T21:25:13Z</time></trkpt>
      <trkpt lat="41.38242293614894" lon="-81.86557536944747"><ele>155</ele><time>2026-07-03T21:25:16Z</time></trkpt>
      <trkpt lat="41.38221716042608" lon="-81.86559414491057"><ele>153</ele><time>2026-07-03T21:25:19Z</time></trkpt>
      <trkpt lat="41.38204943854362" lon="-81.86559984460473"><ele>152</ele><time>2026-07-03T21:25:22Z</time></trkpt>
      <trkpt lat="41.38187228702009" lon="-81.86559707857668"><ele>151</ele><time>2026-07-03T21:25:25Z</time></trkpt>
      <trkpt lat="41.38160980772227" lon="-81.86558894813061"><ele>150</ele><time>2026-07-03T21:25:28Z</time></trkpt>
      <trkpt lat="41.38137930538505" lon="-81.86563286930323"><ele>150</ele><time>2026-07-03T21:25:31Z</time></trkpt>
      <trkpt lat="41.381167033687234" lon="-81.86565038748085"><ele>149</ele><time>2026-07-03T21:25:34Z</time></trkpt>
      <trkpt lat="41.380952121689916" lon="-81.86567980796099"><ele>150</ele><time>2026-07-03T21:25:37Z</time></trkpt>
      <trkpt lat="41.38073964044452" lon="-81.8657223880291"><ele>150</ele><time>2026-07-03T21:25:40Z</time></trkpt>
      <trkpt lat="41.3805176038295" lon="-81.86573227867484"><ele>150</ele><time>2026-07-03T21:25:43Z</time></trkpt>
      <trkpt lat="41.38030365575105" lon="-81.86579195782542"><ele>150</ele><time>2026-07-03T21:25:46Z</time></trkpt>
      <trkpt lat="41.38006728608161" lon="-81.86588164418936"><ele>150</ele><time>2026-07-03T21:25:49Z</time></trkpt>
      <trkpt lat="41.379824755713344" lon="-81.8659158423543"><ele>149</ele><time>2026-07-03T21:25:52Z</time></trkpt>
      <trkpt lat="41.37959379237145" lon="-81.86590134166181"><ele>150</ele><time>2026-07-03T21:25:55Z</time></trkpt>
      <trkpt lat="41.379378880374134" lon="-81.86590469442308"><ele>150</ele><time>2026-07-03T21:25:58Z</time></trkpt>
      <trkpt lat="41.379167614504695" lon="-81.86590787954628"><ele>151</ele><time>2026-07-03T21:26:01Z</time></trkpt>
      <trkpt lat="41.37903853319585" lon="-81.86586982570589"><ele>152</ele><time>2026-07-03T21:26:04Z</time></trkpt>
      <trkpt lat="41.37882714159787" lon="-81.8657964002341"><ele>162</ele><time>2026-07-03T21:26:07Z</time></trkpt>
      <trkpt lat="41.378498235717416" lon="-81.8657118268311"><ele>172</ele><time>2026-07-03T21:26:10Z</time></trkpt>
      <trkpt lat="41.37830222491175" lon="-81.86578491702676"><ele>174</ele><time>2026-07-03T21:26:13Z</time></trkpt>
      <trkpt lat="41.378109734505415" lon="-81.86588290147483"><ele>175</ele><time>2026-07-03T21:26:16Z</time></trkpt>
      <trkpt lat="41.37791347224265" lon="-81.86602111905813"><ele>178</ele><time>2026-07-03T21:26:19Z</time></trkpt>
      <trkpt lat="41.37775388080627" lon="-81.86609764583409"><ele>179</ele><time>2026-07-03T21:26:22Z</time></trkpt>
      <trkpt lat="41.37762731406838" lon="-81.866255979985"><ele>182</ele><time>2026-07-03T21:26:25Z</time></trkpt>
      <trkpt lat="41.37748331297189" lon="-81.86624826863408"><ele>183</ele><time>2026-07-03T21:26:28Z</time></trkpt>
      <trkpt lat="41.37730301823467" lon="-81.86613905243576"><ele>184</ele><time>2026-07-03T21:26:31Z</time></trkpt>
      <trkpt lat="41.37708466965705" lon="-81.8661296647042"><ele>184</ele><time>2026-07-03T21:26:34Z</time></trkpt>
      <trkpt lat="41.37687302660197" lon="-81.86604014597833"><ele>185</ele><time>2026-07-03T21:26:37Z</time></trkpt>
      <trkpt lat="41.376693695783615" lon="-81.86585658229887"><ele>185</ele><time>2026-07-03T21:26:40Z</time></trkpt>
      <trkpt lat="41.37655405327678" lon="-81.86564418487251"><ele>186</ele><time>2026-07-03T21:26:43Z</time></trkpt>
      <trkpt lat="41.376390689983964" lon="-81.86541770584881"><ele>186</ele><time>2026-07-03T21:26:46Z</time></trkpt>
      <trkpt lat="41.37618638109416" lon="-81.86524000950158"><ele>185</ele><time>2026-07-03T21:26:49Z</time></trkpt>
      <trkpt lat="41.37606157455593" lon="-81.86511746607721"><ele>183</ele><time>2026-07-03T21:26:52Z</time></trkpt>
      <trkpt lat="41.375912837684155" lon="-81.86507245525718"><ele>183</ele><time>2026-07-03T21:26:55Z</time></trkpt>
      <trkpt lat="41.3757506897673" lon="-81.86492409557104"><ele>183</ele><time>2026-07-03T21:26:58Z</time></trkpt>
      <trkpt lat="41.375619722530246" lon="-81.8647395260632"><ele>183</ele><time>2026-07-03T21:27:01Z</time></trkpt>
      <trkpt lat="41.375465537421405" lon="-81.86456736177206"><ele>184</ele><time>2026-07-03T21:27:04Z</time></trkpt>
      <trkpt lat="41.37527627404779" lon="-81.86440140008926"><ele>184</ele><time>2026-07-03T21:27:07Z</time></trkpt>
      <trkpt lat="41.37512208893895" lon="-81.86420316807926"><ele>185</ele><time>2026-07-03T21:27:10Z</time></trkpt>
      <trkpt lat="41.37498994823545" lon="-81.8639952968806"><ele>185</ele><time>2026-07-03T21:27:13Z</time></trkpt>
      <trkpt lat="41.37483861297369" lon="-81.86376362107694"><ele>185</ele><time>2026-07-03T21:27:16Z</time></trkpt>
      <trkpt lat="41.374656138941646" lon="-81.86353672295809"><ele>186</ele><time>2026-07-03T21:27:19Z</time></trkpt>
      <trkpt lat="41.3744702283293" lon="-81.8633446097374"><ele>186</ele><time>2026-07-03T21:27:22Z</time></trkpt>
      <trkpt lat="41.37428456917405" lon="-81.8632077332586"><ele>186</ele><time>2026-07-03T21:27:25Z</time></trkpt>
      <trkpt lat="41.37406814843416" lon="-81.86307085677981"><ele>185</ele><time>2026-07-03T21:27:28Z</time></trkpt>
      <trkpt lat="41.37386543210596" lon="-81.86295351013541"><ele>185</ele><time>2026-07-03T21:27:31Z</time></trkpt>
      <trkpt lat="41.373665356077254" lon="-81.86286214739084"><ele>185</ele><time>2026-07-03T21:27:34Z</time></trkpt>
      <trkpt lat="41.37347768526524" lon="-81.86279718764126"><ele>186</ele><time>2026-07-03T21:27:37Z</time></trkpt>
      <trkpt lat="41.37328221928328" lon="-81.8627264443785"><ele>187</ele><time>2026-07-03T21:27:40Z</time></trkpt>
      <trkpt lat="41.37310992926359" lon="-81.86270708218217"><ele>187</ele><time>2026-07-03T21:27:43Z</time></trkpt>
      <trkpt lat="41.37304295785725" lon="-81.86269031837583"><ele>187</ele><time>2026-07-03T21:27:46Z</time></trkpt>
      <trkpt lat="41.373001844622195" lon="-81.86265452764928"><ele>188</ele><time>2026-07-03T21:28:01Z</time></trkpt>
      <trkpt lat="41.37295674998313" lon="-81.86265100724995"><ele>194</ele><time>2026-07-03T21:28:34Z</time></trkpt>
      <trkpt lat="41.3729289220646" lon="-81.86271697282791"><ele>191</ele><time>2026-07-03T21:29:04Z</time></trkpt>
      <trkpt lat="41.37284598313272" lon="-81.86267833225429"><ele>191</ele><time>2026-07-03T21:29:07Z</time></trkpt>
      <trkpt lat="41.37277415022254" lon="-81.86264312826097"><ele>191</ele><time>2026-07-03T21:29:10Z</time></trkpt>
      <trkpt lat="41.37268601451069" lon="-81.86264212243259"><ele>191</ele><time>2026-07-03T21:29:13Z</time></trkpt>
      <trkpt lat="41.3725964538753" lon="-81.86259618960321"><ele>191</ele><time>2026-07-03T21:29:16Z</time></trkpt>
      <trkpt lat="41.37243267148733" lon="-81.86248496174812"><ele>190</ele><time>2026-07-03T21:29:19Z</time></trkpt>
      <trkpt lat="41.372287035919726" lon="-81.86237138696015"><ele>190</ele><time>2026-07-03T21:29:22Z</time></trkpt>
      <trkpt lat="41.37217371258885" lon="-81.86224792152643"><ele>190</ele><time>2026-07-03T21:29:25Z</time></trkpt>
      <trkpt lat="41.372033902443945" lon="-81.86206175945699"><ele>189</ele><time>2026-07-03T21:29:28Z</time></trkpt>
      <trkpt lat="41.3719153823331" lon="-81.86195572838187"><ele>188</ele><time>2026-07-03T21:29:32Z</time></trkpt>
      <trkpt lat="41.37183856219053" lon="-81.86188414692879"><ele>186</ele><time>2026-07-03T21:29:35Z</time></trkpt>
      <trkpt lat="41.37169929686934" lon="-81.86171198263764"><ele>183</ele><time>2026-07-03T21:29:38Z</time></trkpt>
      <trkpt lat="41.37154012452811" lon="-81.86144853942096"><ele>180</ele><time>2026-07-03T21:29:41Z</time></trkpt>
      <trkpt lat="41.37134889140725" lon="-81.86121476814151"><ele>180</ele><time>2026-07-03T21:29:44Z</time></trkpt>
      <trkpt lat="41.37112739961594" lon="-81.86103153973818"><ele>179</ele><time>2026-07-03T21:29:47Z</time></trkpt>
      <trkpt lat="41.370941740460694" lon="-81.86085350811481"><ele>177</ele><time>2026-07-03T21:29:50Z</time></trkpt>
      <trkpt lat="41.37075905688107" lon="-81.86067539267242"><ele>177</ele><time>2026-07-03T21:29:53Z</time></trkpt>
      <trkpt lat="41.370589239522815" lon="-81.86039962805808"><ele>175</ele><time>2026-07-03T21:29:56Z</time></trkpt>
      <trkpt lat="41.37041858397424" lon="-81.86016233637929"><ele>175</ele><time>2026-07-03T21:29:59Z</time></trkpt>
      <trkpt lat="41.37029750738293" lon="-81.85991213656962"><ele>176</ele><time>2026-07-03T21:30:02Z</time></trkpt>
      <trkpt lat="41.37021808885038" lon="-81.85965162701905"><ele>175</ele><time>2026-07-03T21:30:05Z</time></trkpt>
      <trkpt lat="41.370203546248376" lon="-81.85940796509385"><ele>174</ele><time>2026-07-03T21:30:08Z</time></trkpt>
      <trkpt lat="41.37022605165839" lon="-81.8592394888401"><ele>174</ele><time>2026-07-03T21:30:11Z</time></trkpt>
      <trkpt lat="41.370294322259724" lon="-81.859136139974"><ele>173</ele><time>2026-07-03T21:30:14Z</time></trkpt>
      <trkpt lat="41.37033820152283" lon="-81.85901904478669"><ele>173</ele><time>2026-07-03T21:30:17Z</time></trkpt>
      <trkpt lat="41.37031749822199" lon="-81.85877814888954"><ele>172</ele><time>2026-07-03T21:30:20Z</time></trkpt>
      <trkpt lat="41.37021201197058" lon="-81.85851546004415"><ele>172</ele><time>2026-07-03T21:30:23Z</time></trkpt>
      <trkpt lat="41.37016821652651" lon="-81.85825193300843"><ele>171</ele><time>2026-07-03T21:30:26Z</time></trkpt>
      <trkpt lat="41.370215406641364" lon="-81.85796082951128"><ele>170</ele><time>2026-07-03T21:30:29Z</time></trkpt>
      <trkpt lat="41.37026775162667" lon="-81.85769059695303"><ele>169</ele><time>2026-07-03T21:30:32Z</time></trkpt>
      <trkpt lat="41.370232086628675" lon="-81.85746311210096"><ele>169</ele><time>2026-07-03T21:30:35Z</time></trkpt>
      <trkpt lat="41.37017953209579" lon="-81.85728097334504"><ele>168</ele><time>2026-07-03T21:30:38Z</time></trkpt>
      <trkpt lat="41.370189590379596" lon="-81.85718768276274"><ele>167</ele><time>2026-07-03T21:30:41Z</time></trkpt>
      <trkpt lat="41.37012052349746" lon="-81.85704058036208"><ele>167</ele><time>2026-07-03T21:30:44Z</time></trkpt>
      <trkpt lat="41.370017006993294" lon="-81.85688015073538"><ele>165</ele><time>2026-07-03T21:30:47Z</time></trkpt>
      <trkpt lat="41.36978533118963" lon="-81.85657815076411"><ele>164</ele><time>2026-07-03T21:30:50Z</time></trkpt>
      <trkpt lat="41.369597031734884" lon="-81.85640372335911"><ele>163</ele><time>2026-07-03T21:30:53Z</time></trkpt>
      <trkpt lat="41.36949963402003" lon="-81.85624488629401"><ele>163</ele><time>2026-07-03T21:30:56Z</time></trkpt>
      <trkpt lat="41.36943748220801" lon="-81.8560826126486"><ele>162</ele><time>2026-07-03T21:30:59Z</time></trkpt>
      <trkpt lat="41.36934406589717" lon="-81.85580207034945"><ele>163</ele><time>2026-07-03T21:31:02Z</time></trkpt>
      <trkpt lat="41.36914269067347" lon="-81.85544005595148"><ele>166</ele><time>2026-07-03T21:31:05Z</time></trkpt>
      <trkpt lat="41.36894177645445" lon="-81.85512439347804"><ele>172</ele><time>2026-07-03T21:31:08Z</time></trkpt>
      <trkpt lat="41.36887338012457" lon="-81.85504225082695"><ele>174</ele><time>2026-07-03T21:31:11Z</time></trkpt>
      <trkpt lat="41.36878557968885" lon="-81.85489866882563"><ele>179</ele><time>2026-07-03T21:31:14Z</time></trkpt>
      <trkpt lat="41.368829710409045" lon="-81.8549620360136"><ele>184</ele><time>2026-07-03T21:31:23Z</time></trkpt>
      <trkpt lat="41.36886629741639" lon="-81.85503395274282"><ele>186</ele><time>2026-07-03T21:31:26Z</time></trkpt>
      <trkpt lat="41.36892891023308" lon="-81.85513822361827"><ele>187</ele><time>2026-07-03T21:31:29Z</time></trkpt>
      <trkpt lat="41.36906490661204" lon="-81.85535565018654"><ele>186</ele><time>2026-07-03T21:31:34Z</time></trkpt>
      <trkpt lat="41.36914906091988" lon="-81.85556519776583"><ele>186</ele><time>2026-07-03T21:31:37Z</time></trkpt>
      <trkpt lat="41.36914545670152" lon="-81.85572294518352"><ele>188</ele><time>2026-07-03T21:31:40Z</time></trkpt>
      <trkpt lat="41.369030750356615" lon="-81.85584716498852"><ele>185</ele><time>2026-07-03T21:31:43Z</time></trkpt>
      <trkpt lat="41.36887388303876" lon="-81.85590072534978"><ele>184</ele><time>2026-07-03T21:31:46Z</time></trkpt>
      <trkpt lat="41.368685751222074" lon="-81.85600508004427"><ele>183</ele><time>2026-07-03T21:31:49Z</time></trkpt>
      <trkpt lat="41.36847582645714" lon="-81.8561309762299"><ele>183</ele><time>2026-07-03T21:31:52Z</time></trkpt>
      <trkpt lat="41.368242809548974" lon="-81.85623189434409"><ele>183</ele><time>2026-07-03T21:31:55Z</time></trkpt>
      <trkpt lat="41.36804952286184" lon="-81.85633096843958"><ele>183</ele><time>2026-07-03T21:31:58Z</time></trkpt>
      <trkpt lat="41.367830000817776" lon="-81.8563624843955"><ele>183</ele><time>2026-07-03T21:32:01Z</time></trkpt>
      <trkpt lat="41.367595391348004" lon="-81.85637271031737"><ele>184</ele><time>2026-07-03T21:32:04Z</time></trkpt>
      <trkpt lat="41.36733307968825" lon="-81.85638964176178"><ele>185</ele><time>2026-07-03T21:32:07Z</time></trkpt>
      <trkpt lat="41.367069594562054" lon="-81.8563918210566"><ele>185</ele><time>2026-07-03T21:32:10Z</time></trkpt>
      <trkpt lat="41.36683012358844" lon="-81.85644194483757"><ele>186</ele><time>2026-07-03T21:32:13Z</time></trkpt>
      <trkpt lat="41.36664220131934" lon="-81.85656188987195"><ele>186</ele><time>2026-07-03T21:32:16Z</time></trkpt>
      <trkpt lat="41.3664359645918" lon="-81.8567163683474"><ele>187</ele><time>2026-07-03T21:32:19Z</time></trkpt>
      <trkpt lat="41.36618002317846" lon="-81.85685391537845"><ele>187</ele><time>2026-07-03T21:32:22Z</time></trkpt>
      <trkpt lat="41.36590807233006" lon="-81.85688517987728"><ele>186</ele><time>2026-07-03T21:32:25Z</time></trkpt>
      <trkpt lat="41.36565858498216" lon="-81.85688995756209"><ele>186</ele><time>2026-07-03T21:32:28Z</time></trkpt>
      <trkpt lat="41.36541349813342" lon="-81.85687822289765"><ele>186</ele><time>2026-07-03T21:32:31Z</time></trkpt>
      <trkpt lat="41.3652012264356" lon="-81.85686187818646"><ele>187</ele><time>2026-07-03T21:32:34Z</time></trkpt>
      <trkpt lat="41.36507474351674" lon="-81.85676858760417"><ele>187</ele><time>2026-07-03T21:32:37Z</time></trkpt>
      <trkpt lat="41.36492512654513" lon="-81.85664906166494"><ele>188</ele><time>2026-07-03T21:32:40Z</time></trkpt>
      <trkpt lat="41.36479835025966" lon="-81.85653984546661"><ele>188</ele><time>2026-07-03T21:32:43Z</time></trkpt>
      <trkpt lat="41.36464659590274" lon="-81.856495924294"><ele>188</ele><time>2026-07-03T21:32:46Z</time></trkpt>
      <trkpt lat="41.36445205193013" lon="-81.85645795427263"><ele>190</ele><time>2026-07-03T21:32:49Z</time></trkpt>
      <trkpt lat="41.364313079975545" lon="-81.85633004643023"><ele>190</ele><time>2026-07-03T21:32:53Z</time></trkpt>
      <trkpt lat="41.36423190124333" lon="-81.85625921934843"><ele>190</ele><time>2026-07-03T21:32:56Z</time></trkpt>
      <trkpt lat="41.36412825901061" lon="-81.85615595430136"><ele>191</ele><time>2026-07-03T21:32:59Z</time></trkpt>
      <trkpt lat="41.36404540389776" lon="-81.85610666871071"><ele>191</ele><time>2026-07-03T21:33:02Z</time></trkpt>
      <trkpt lat="41.36398823931813" lon="-81.85606978833675"><ele>191</ele><time>2026-07-03T21:33:05Z</time></trkpt>
      <trkpt lat="41.363918208517134" lon="-81.8560434691608"><ele>192</ele><time>2026-07-03T21:33:08Z</time></trkpt>
      <trkpt lat="41.36384365148842" lon="-81.85600650496781"><ele>192</ele><time>2026-07-03T21:33:11Z</time></trkpt>
      <trkpt lat="41.36377186048776" lon="-81.85595135204494"><ele>192</ele><time>2026-07-03T21:33:14Z</time></trkpt>
      <trkpt lat="41.36363221798092" lon="-81.85596794821322"><ele>192</ele><time>2026-07-03T21:33:17Z</time></trkpt>
      <trkpt lat="41.36348616331816" lon="-81.85604263097048"><ele>192</ele><time>2026-07-03T21:33:20Z</time></trkpt>
      <trkpt lat="41.36339081916958" lon="-81.85606308281422"><ele>192</ele><time>2026-07-03T21:33:23Z</time></trkpt>
      <trkpt lat="41.36324501596391" lon="-81.8560535274446"><ele>191</ele><time>2026-07-03T21:33:26Z</time></trkpt>
      <trkpt lat="41.36303785722703" lon="-81.85603877529502"><ele>193</ele><time>2026-07-03T21:33:29Z</time></trkpt>
      <trkpt lat="41.36283053085208" lon="-81.85609216801822"><ele>192</ele><time>2026-07-03T21:33:32Z</time></trkpt>
      <trkpt lat="41.36260954197496" lon="-81.85618897899985"><ele>192</ele><time>2026-07-03T21:33:35Z</time></trkpt>
      <trkpt lat="41.36242321226746" lon="-81.8563127797097"><ele>193</ele><time>2026-07-03T21:33:38Z</time></trkpt>
      <trkpt lat="41.36223005130887" lon="-81.85640355572104"><ele>193</ele><time>2026-07-03T21:33:41Z</time></trkpt>
      <trkpt lat="41.36202930472791" lon="-81.85653808526695"><ele>193</ele><time>2026-07-03T21:33:44Z</time></trkpt>
      <trkpt lat="41.36184620205313" lon="-81.8566288612783"><ele>192</ele><time>2026-07-03T21:33:47Z</time></trkpt>
      <trkpt lat="41.36168686207384" lon="-81.856744363904"><ele>192</ele><time>2026-07-03T21:33:50Z</time></trkpt>
      <trkpt lat="41.36151679325849" lon="-81.85694251209497"><ele>192</ele><time>2026-07-03T21:33:53Z</time></trkpt>
      <trkpt lat="41.361324596218765" lon="-81.85710503719747"><ele>192</ele><time>2026-07-03T21:33:56Z</time></trkpt>
      <trkpt lat="41.36109803337604" lon="-81.85722045600414"><ele>191</ele><time>2026-07-03T21:33:59Z</time></trkpt>
      <trkpt lat="41.36091681662947" lon="-81.85742815956473"><ele>191</ele><time>2026-07-03T21:34:02Z</time></trkpt>
      <trkpt lat="41.36073006782681" lon="-81.85757911764085"><ele>191</ele><time>2026-07-03T21:34:05Z</time></trkpt>
      <trkpt lat="41.360522280447185" lon="-81.85761373490095"><ele>191</ele><time>2026-07-03T21:34:08Z</time></trkpt>
      <trkpt lat="41.36031721718609" lon="-81.85758775100112"><ele>191</ele><time>2026-07-03T21:34:11Z</time></trkpt>
      <trkpt lat="41.36012472677976" lon="-81.85763728804886"><ele>192</ele><time>2026-07-03T21:34:14Z</time></trkpt>
      <trkpt lat="41.359887728467584" lon="-81.85768137685955"><ele>192</ele><time>2026-07-03T21:34:17Z</time></trkpt>
      <trkpt lat="41.35968463495374" lon="-81.857645586133"><ele>192</ele><time>2026-07-03T21:34:20Z</time></trkpt>
      <trkpt lat="41.3594620116055" lon="-81.857621781528"><ele>193</ele><time>2026-07-03T21:34:23Z</time></trkpt>
      <trkpt lat="41.35922945570201" lon="-81.85757107101381"><ele>192</ele><time>2026-07-03T21:34:26Z</time></trkpt>
      <trkpt lat="41.35903378017247" lon="-81.8574989028275"><ele>193</ele><time>2026-07-03T21:34:29Z</time></trkpt>
      <trkpt lat="41.358862202614546" lon="-81.85736009851098"><ele>195</ele><time>2026-07-03T21:34:32Z</time></trkpt>
      <trkpt lat="41.35866690427065" lon="-81.85720863752067"><ele>194</ele><time>2026-07-03T21:34:35Z</time></trkpt>
      <trkpt lat="41.35847303085029" lon="-81.85709355399013"><ele>194</ele><time>2026-07-03T21:34:38Z</time></trkpt>
      <trkpt lat="41.35830375831574" lon="-81.85702121816576"><ele>195</ele><time>2026-07-03T21:34:41Z</time></trkpt>
      <trkpt lat="41.35810443665832" lon="-81.85695458203554"><ele>195</ele><time>2026-07-03T21:34:44Z</time></trkpt>
      <trkpt lat="41.357913790270686" lon="-81.85689683072269"><ele>194</ele><time>2026-07-03T21:34:47Z</time></trkpt>
      <trkpt lat="41.357721970416605" lon="-81.85683857649565"><ele>193</ele><time>2026-07-03T21:34:50Z</time></trkpt>
      <trkpt lat="41.35759498458356" lon="-81.85682591982186"><ele>194</ele><time>2026-07-03T21:34:53Z</time></trkpt>
      <trkpt lat="41.357471267692745" lon="-81.856789290905"><ele>194</ele><time>2026-07-03T21:34:56Z</time></trkpt>
      <trkpt lat="41.35730446781963" lon="-81.85677227564156"><ele>194</ele><time>2026-07-03T21:34:59Z</time></trkpt>
      <trkpt lat="41.35709898546338" lon="-81.85672081075609"><ele>194</ele><time>2026-07-03T21:35:02Z</time></trkpt>
      <trkpt lat="41.356858047656715" lon="-81.85674394480884"><ele>195</ele><time>2026-07-03T21:35:05Z</time></trkpt>
      <trkpt lat="41.35664053726941" lon="-81.85671385377645"><ele>195</ele><time>2026-07-03T21:35:08Z</time></trkpt>
      <trkpt lat="41.356430696323514" lon="-81.85668502002954"><ele>195</ele><time>2026-07-03T21:35:11Z</time></trkpt>
      <trkpt lat="41.3562303269282" lon="-81.85662249103189"><ele>195</ele><time>2026-07-03T21:35:14Z</time></trkpt>
      <trkpt lat="41.356038339436054" lon="-81.85649575665593"><ele>195</ele><time>2026-07-03T21:35:17Z</time></trkpt>
      <trkpt lat="41.355858631432056" lon="-81.8563439603895"><ele>194</ele><time>2026-07-03T21:35:20Z</time></trkpt>
      <trkpt lat="41.355770118534565" lon="-81.85624823905528"><ele>194</ele><time>2026-07-03T21:35:23Z</time></trkpt>
      <trkpt lat="41.35574258398265" lon="-81.85619291849434"><ele>194</ele><time>2026-07-03T21:35:26Z</time></trkpt>
      <trkpt lat="41.355638187378645" lon="-81.85606970451772"><ele>194</ele><time>2026-07-03T21:35:29Z</time></trkpt>
      <trkpt lat="41.355471052229404" lon="-81.85591765679419"><ele>194</ele><time>2026-07-03T21:35:32Z</time></trkpt>
      <trkpt lat="41.35527126956731" lon="-81.85582193545997"><ele>192</ele><time>2026-07-03T21:35:35Z</time></trkpt>
      <trkpt lat="41.3550843950361" lon="-81.855681957677"><ele>192</ele><time>2026-07-03T21:35:38Z</time></trkpt>
      <trkpt lat="41.35493959765881" lon="-81.85547014698386"><ele>191</ele><time>2026-07-03T21:35:41Z</time></trkpt>
      <trkpt lat="41.35482346639037" lon="-81.85525154694915"><ele>190</ele><time>2026-07-03T21:35:44Z</time></trkpt>
      <trkpt lat="41.35471504647285" lon="-81.85501215979457"><ele>191</ele><time>2026-07-03T21:35:47Z</time></trkpt>
      <trkpt lat="41.35459451470524" lon="-81.85476028360426"><ele>192</ele><time>2026-07-03T21:35:50Z</time></trkpt>
      <trkpt lat="41.35444334708154" lon="-81.85449541546404"><ele>193</ele><time>2026-07-03T21:35:53Z</time></trkpt>
      <trkpt lat="41.354308943264186" lon="-81.85424957424402"><ele>192</ele><time>2026-07-03T21:35:56Z</time></trkpt>
      <trkpt lat="41.35416473262012" lon="-81.85408378019929"><ele>192</ele><time>2026-07-03T21:35:59Z</time></trkpt>
      <trkpt lat="41.3541086576879" lon="-81.85393332503736"><ele>192</ele><time>2026-07-03T21:36:02Z</time></trkpt>
      <trkpt lat="41.354069262742996" lon="-81.8537516053766"><ele>192</ele><time>2026-07-03T21:36:05Z</time></trkpt>
      <trkpt lat="41.35392291471362" lon="-81.85367340222001"><ele>193</ele><time>2026-07-03T21:36:08Z</time></trkpt>
      <trkpt lat="41.353839808143675" lon="-81.85348497703671"><ele>194</ele><time>2026-07-03T21:36:11Z</time></trkpt>
      <trkpt lat="41.35371018201113" lon="-81.853255815804"><ele>195</ele><time>2026-07-03T21:36:14Z</time></trkpt>
      <trkpt lat="41.35358734522015" lon="-81.85298415832222"><ele>195</ele><time>2026-07-03T21:36:17Z</time></trkpt>
      <trkpt lat="41.35346174240112" lon="-81.85269749723375"><ele>195</ele><time>2026-07-03T21:36:20Z</time></trkpt>
      <trkpt lat="41.35333831887692" lon="-81.85239440761507"><ele>196</ele><time>2026-07-03T21:36:23Z</time></trkpt>
      <trkpt lat="41.35320701636374" lon="-81.85209525749087"><ele>197</ele><time>2026-07-03T21:36:26Z</time></trkpt>
      <trkpt lat="41.35307366028428" lon="-81.85177775099874"><ele>197</ele><time>2026-07-03T21:36:29Z</time></trkpt>
      <trkpt lat="41.352979531511664" lon="-81.85146275907755"><ele>198</ele><time>2026-07-03T21:36:32Z</time></trkpt>
      <trkpt lat="41.352938250638545" lon="-81.85117417015135"><ele>198</ele><time>2026-07-03T21:36:35Z</time></trkpt>
      <trkpt lat="41.35285392869264" lon="-81.85091701336205"><ele>199</ele><time>2026-07-03T21:36:38Z</time></trkpt>
      <trkpt lat="41.35276805609465" lon="-81.85062306001782"><ele>200</ele><time>2026-07-03T21:36:41Z</time></trkpt>
      <trkpt lat="41.35268536861986" lon="-81.8503270111978"><ele>199</ele><time>2026-07-03T21:36:44Z</time></trkpt>
      <trkpt lat="41.352579086087644" lon="-81.850073793903"><ele>199</ele><time>2026-07-03T21:36:47Z</time></trkpt>
      <trkpt lat="41.35246329009533" lon="-81.84985821135342"><ele>199</ele><time>2026-07-03T21:36:50Z</time></trkpt>
      <trkpt lat="41.35233236476779" lon="-81.84959585778415"><ele>199</ele><time>2026-07-03T21:36:53Z</time></trkpt>
      <trkpt lat="41.3522842945531" lon="-81.84931498020887"><ele>198</ele><time>2026-07-03T21:36:56Z</time></trkpt>
      <trkpt lat="41.35228048078716" lon="-81.8490631878376"><ele>198</ele><time>2026-07-03T21:36:59Z</time></trkpt>
      <trkpt lat="41.35224758181721" lon="-81.84880988672376"><ele>197</ele><time>2026-07-03T21:37:02Z</time></trkpt>
      <trkpt lat="41.35211430955678" lon="-81.84849556535482"><ele>197</ele><time>2026-07-03T21:37:05Z</time></trkpt>
      <trkpt lat="41.351964650675654" lon="-81.84829154983163"><ele>199</ele><time>2026-07-03T21:37:08Z</time></trkpt>
      <trkpt lat="41.35188175365329" lon="-81.84807336889207"><ele>199</ele><time>2026-07-03T21:37:11Z</time></trkpt>
      <trkpt lat="41.35185027960688" lon="-81.8478316348046"><ele>199</ele><time>2026-07-03T21:37:14Z</time></trkpt>
      <trkpt lat="41.35176486801356" lon="-81.84759912081063"><ele>199</ele><time>2026-07-03T21:37:17Z</time></trkpt>
      <trkpt lat="41.3516542268917" lon="-81.84740977361798"><ele>199</ele><time>2026-07-03T21:37:20Z</time></trkpt>
      <trkpt lat="41.35159153025597" lon="-81.84721229597926"><ele>199</ele><time>2026-07-03T21:37:23Z</time></trkpt>
      <trkpt lat="41.351643120869994" lon="-81.84695723466575"><ele>198</ele><time>2026-07-03T21:37:26Z</time></trkpt>
      <trkpt lat="41.3516280753538" lon="-81.84668993577361"><ele>196</ele><time>2026-07-03T21:37:29Z</time></trkpt>
      <trkpt lat="41.35152820497751" lon="-81.8464869260788"><ele>195</ele><time>2026-07-03T21:37:32Z</time></trkpt>
      <trkpt lat="41.35142552666366" lon="-81.8463782966137"><ele>195</ele><time>2026-07-03T21:37:35Z</time></trkpt>
      <trkpt lat="41.351349921897054" lon="-81.84635549783707"><ele>195</ele><time>2026-07-03T21:37:38Z</time></trkpt>
      <trkpt lat="41.351250051520765" lon="-81.84625759720802"><ele>194</ele><time>2026-07-03T21:37:41Z</time></trkpt>
      <trkpt lat="41.35114904958755" lon="-81.84607830829918"><ele>194</ele><time>2026-07-03T21:37:44Z</time></trkpt>
      <trkpt lat="41.351137147285044" lon="-81.8459065631032"><ele>193</ele><time>2026-07-03T21:37:47Z</time></trkpt>
      <trkpt lat="41.35116887278855" lon="-81.84578645043075"><ele>193</ele><time>2026-07-03T21:37:50Z</time></trkpt>
      <trkpt lat="41.3512086449191" lon="-81.84559668414295"><ele>192</ele><time>2026-07-03T21:37:53Z</time></trkpt>
      <trkpt lat="41.35117553640157" lon="-81.8453729711473"><ele>190</ele><time>2026-07-03T21:37:56Z</time></trkpt>
      <trkpt lat="41.35104251559824" lon="-81.84513324871659"><ele>191</ele><time>2026-07-03T21:37:59Z</time></trkpt>
      <trkpt lat="41.3508883304894" lon="-81.84490433894098"><ele>191</ele><time>2026-07-03T21:38:02Z</time></trkpt>
      <trkpt lat="41.35079600382596" lon="-81.84465372003615"><ele>190</ele><time>2026-07-03T21:38:05Z</time></trkpt>
      <trkpt lat="41.35074571240693" lon="-81.84438063763082"><ele>191</ele><time>2026-07-03T21:38:08Z</time></trkpt>
      <trkpt lat="41.35073221754283" lon="-81.84409481473267"><ele>191</ele><time>2026-07-03T21:38:11Z</time></trkpt>
      <trkpt lat="41.35061906185001" lon="-81.84395559132099"><ele>191</ele><time>2026-07-03T21:38:14Z</time></trkpt>
      <trkpt lat="41.35045787785202" lon="-81.84379323385656"><ele>192</ele><time>2026-07-03T21:38:17Z</time></trkpt>
      <trkpt lat="41.350292125716805" lon="-81.84379801154137"><ele>191</ele><time>2026-07-03T21:38:20Z</time></trkpt>
      <trkpt lat="41.350128217600286" lon="-81.84384679421782"><ele>192</ele><time>2026-07-03T21:38:23Z</time></trkpt>
      <trkpt lat="41.349979606457055" lon="-81.84377613477409"><ele>191</ele><time>2026-07-03T21:38:26Z</time></trkpt>
      <trkpt lat="41.34983778465539" lon="-81.8436183873564"><ele>191</ele><time>2026-07-03T21:38:29Z</time></trkpt>
      <trkpt lat="41.34968364145607" lon="-81.84345762245357"><ele>191</ele><time>2026-07-03T21:38:32Z</time></trkpt>
      <trkpt lat="41.349498820491135" lon="-81.84332401491702"><ele>190</ele><time>2026-07-03T21:38:35Z</time></trkpt>
      <trkpt lat="41.34929036255926" lon="-81.84319660998881"><ele>190</ele><time>2026-07-03T21:38:38Z</time></trkpt>
      <trkpt lat="41.34909175336361" lon="-81.84308462776244"><ele>189</ele><time>2026-07-03T21:38:41Z</time></trkpt>
      <trkpt lat="41.34889385662973" lon="-81.84294490143657"><ele>189</ele><time>2026-07-03T21:38:44Z</time></trkpt>
      <trkpt lat="41.34870354551822" lon="-81.84279310517013"><ele>190</ele><time>2026-07-03T21:38:47Z</time></trkpt>
      <trkpt lat="41.348536452278495" lon="-81.84277282096446"><ele>188</ele><time>2026-07-03T21:38:50Z</time></trkpt>
      <trkpt lat="41.34832673706114" lon="-81.842747842893"><ele>187</ele><time>2026-07-03T21:38:53Z</time></trkpt>
      <trkpt lat="41.34810650255531" lon="-81.84265430085361"><ele>187</ele><time>2026-07-03T21:38:56Z</time></trkpt>
      <trkpt lat="41.34793194942176" lon="-81.84248305857182"><ele>187</ele><time>2026-07-03T21:38:59Z</time></trkpt>
      <trkpt lat="41.34771787561476" lon="-81.84239563532174"><ele>186</ele><time>2026-07-03T21:39:02Z</time></trkpt>
      <trkpt lat="41.347437039949" lon="-81.8424058612436"><ele>186</ele><time>2026-07-03T21:39:05Z</time></trkpt>
      <trkpt lat="41.34718256536871" lon="-81.84247450903058"><ele>187</ele><time>2026-07-03T21:39:08Z</time></trkpt>
      <trkpt lat="41.34694137610495" lon="-81.84251113794744"><ele>188</ele><time>2026-07-03T21:39:11Z</time></trkpt>
      <trkpt lat="41.34672545827925" lon="-81.8425253033638"><ele>190</ele><time>2026-07-03T21:39:14Z</time></trkpt>
      <trkpt lat="41.346599268727005" lon="-81.84241516515613"><ele>190</ele><time>2026-07-03T21:39:17Z</time></trkpt>
      <trkpt lat="41.346569429151714" lon="-81.842269487679"><ele>190</ele><time>2026-07-03T21:39:20Z</time></trkpt>
      <trkpt lat="41.34659256320447" lon="-81.84210796840489"><ele>189</ele><time>2026-07-03T21:39:23Z</time></trkpt>
      <trkpt lat="41.34661448188126" lon="-81.84188056737185"><ele>186</ele><time>2026-07-03T21:39:26Z</time></trkpt>
      <trkpt lat="41.346643986180425" lon="-81.84158435091376"><ele>184</ele><time>2026-07-03T21:39:29Z</time></trkpt>
      <trkpt lat="41.34670156985521" lon="-81.84130850248039"><ele>182</ele><time>2026-07-03T21:39:32Z</time></trkpt>
      <trkpt lat="41.34662018157542" lon="-81.84111278504133"><ele>181</ele><time>2026-07-03T21:39:35Z</time></trkpt>
      <trkpt lat="41.34660505224019" lon="-81.84092259965837"><ele>180</ele><time>2026-07-03T21:39:38Z</time></trkpt>
      <trkpt lat="41.34663929231465" lon="-81.84076870791614"><ele>178</ele><time>2026-07-03T21:39:41Z</time></trkpt>
      <trkpt lat="41.346663725562394" lon="-81.84063183143735"><ele>177</ele><time>2026-07-03T21:39:44Z</time></trkpt>
      <trkpt lat="41.34668665006757" lon="-81.8404874112457"><ele>176</ele><time>2026-07-03T21:39:47Z</time></trkpt>
      <trkpt lat="41.34672570973635" lon="-81.84033117257059"><ele>174</ele><time>2026-07-03T21:39:50Z</time></trkpt>
      <trkpt lat="41.34681979659945" lon="-81.84013612568378"><ele>172</ele><time>2026-07-03T21:39:53Z</time></trkpt>
      <trkpt lat="41.346783000044525" lon="-81.83989078737795"><ele>169</ele><time>2026-07-03T21:39:56Z</time></trkpt>
      <trkpt lat="41.34663220960647" lon="-81.83957160450518"><ele>167</ele><time>2026-07-03T21:39:59Z</time></trkpt>
      <trkpt lat="41.346470774151385" lon="-81.83925367891788"><ele>165</ele><time>2026-07-03T21:40:02Z</time></trkpt>
      <trkpt lat="41.346412813290954" lon="-81.83898721821606"><ele>163</ele><time>2026-07-03T21:40:05Z</time></trkpt>
      <trkpt lat="41.346442736685276" lon="-81.83870567008853"><ele>163</ele><time>2026-07-03T21:40:08Z</time></trkpt>
      <trkpt lat="41.34650291875005" lon="-81.83845094405115"><ele>163</ele><time>2026-07-03T21:40:11Z</time></trkpt>
      <trkpt lat="41.34658011607826" lon="-81.83824575506151"><ele>162</ele><time>2026-07-03T21:40:14Z</time></trkpt>
      <trkpt lat="41.34661867283285" lon="-81.83794911950827"><ele>162</ele><time>2026-07-03T21:40:17Z</time></trkpt>
      <trkpt lat="41.34658040944487" lon="-81.83756447397172"><ele>162</ele><time>2026-07-03T21:40:20Z</time></trkpt>
      <trkpt lat="41.346513354219496" lon="-81.83722768910229"><ele>162</ele><time>2026-07-03T21:40:23Z</time></trkpt>
      <trkpt lat="41.346481712535024" lon="-81.83691697195172"><ele>161</ele><time>2026-07-03T21:40:26Z</time></trkpt>
      <trkpt lat="41.346422201022506" lon="-81.83665486983955"><ele>162</ele><time>2026-07-03T21:40:29Z</time></trkpt>
      <trkpt lat="41.346350284293294" lon="-81.83642679825425"><ele>162</ele><time>2026-07-03T21:40:32Z</time></trkpt>
      <trkpt lat="41.34626483079046" lon="-81.83613334782422"><ele>163</ele><time>2026-07-03T21:40:35Z</time></trkpt>
      <trkpt lat="41.3462083786726" lon="-81.83588256128132"><ele>163</ele><time>2026-07-03T21:40:38Z</time></trkpt>
      <trkpt lat="41.346074268221855" lon="-81.8356557469815"><ele>163</ele><time>2026-07-03T21:40:41Z</time></trkpt>
      <trkpt lat="41.345853405073285" lon="-81.8354921322316"><ele>165</ele><time>2026-07-03T21:40:44Z</time></trkpt>
      <trkpt lat="41.34566560853273" lon="-81.83533723466098"><ele>167</ele><time>2026-07-03T21:40:47Z</time></trkpt>
      <trkpt lat="41.34556762408465" lon="-81.83520119637251"><ele>169</ele><time>2026-07-03T21:40:50Z</time></trkpt>
      <trkpt lat="41.345482002943754" lon="-81.83510882779956"><ele>169</ele><time>2026-07-03T21:40:53Z</time></trkpt>
      <trkpt lat="41.34532287251204" lon="-81.8349892180413"><ele>170</ele><time>2026-07-03T21:40:56Z</time></trkpt>
      <trkpt lat="41.34512422140688" lon="-81.83482686057687"><ele>172</ele><time>2026-07-03T21:40:59Z</time></trkpt>
      <trkpt lat="41.34488915093243" lon="-81.8347696121782"><ele>173</ele><time>2026-07-03T21:41:02Z</time></trkpt>
      <trkpt lat="41.34468060918152" lon="-81.8347976077348"><ele>175</ele><time>2026-07-03T21:41:05Z</time></trkpt>
      <trkpt lat="41.344485520385206" lon="-81.83491344563663"><ele>177</ele><time>2026-07-03T21:41:08Z</time></trkpt>
      <trkpt lat="41.34431268554181" lon="-81.83503682725132"><ele>181</ele><time>2026-07-03T21:41:11Z</time></trkpt>
      <trkpt lat="41.34413599502295" lon="-81.83520630933344"><ele>183</ele><time>2026-07-03T21:41:14Z</time></trkpt>
      <trkpt lat="41.343957502394915" lon="-81.83539255522192"><ele>183</ele><time>2026-07-03T21:41:17Z</time></trkpt>
      <trkpt lat="41.34373990818858" lon="-81.83554401621222"><ele>184</ele><time>2026-07-03T21:41:20Z</time></trkpt>
      <trkpt lat="41.343560786917806" lon="-81.835699332878"><ele>184</ele><time>2026-07-03T21:41:23Z</time></trkpt>
      <trkpt lat="41.34336213581264" lon="-81.83583050966263"><ele>185</ele><time>2026-07-03T21:41:26Z</time></trkpt>
      <trkpt lat="41.34321553632617" lon="-81.83586973696947"><ele>185</ele><time>2026-07-03T21:41:29Z</time></trkpt>
      <trkpt lat="41.343096094205976" lon="-81.8358851596713"><ele>186</ele><time>2026-07-03T21:41:32Z</time></trkpt>
      <trkpt lat="41.34300045669079" lon="-81.83589714579284"><ele>187</ele><time>2026-07-03T21:41:35Z</time></trkpt>
      <trkpt lat="41.34281651582569" lon="-81.83593796566129"><ele>188</ele><time>2026-07-03T21:41:38Z</time></trkpt>
      <trkpt lat="41.34258844424039" lon="-81.83593997731805"><ele>189</ele><time>2026-07-03T21:41:41Z</time></trkpt>
      <trkpt lat="41.34235002100468" lon="-81.83604005724192"><ele>189</ele><time>2026-07-03T21:41:45Z</time></trkpt>
      <trkpt lat="41.34194379206747" lon="-81.8361338507384"><ele>193</ele><time>2026-07-03T21:41:50Z</time></trkpt>
      <trkpt lat="41.34176806546748" lon="-81.83624583296478"><ele>192</ele><time>2026-07-03T21:41:53Z</time></trkpt>
      <trkpt lat="41.34164518676698" lon="-81.83644716627896"><ele>192</ele><time>2026-07-03T21:41:56Z</time></trkpt>
      <trkpt lat="41.34146145544946" lon="-81.83654808439314"><ele>192</ele><time>2026-07-03T21:41:59Z</time></trkpt>
      <trkpt lat="41.34128149598837" lon="-81.83654246851802"><ele>193</ele><time>2026-07-03T21:42:02Z</time></trkpt>
      <trkpt lat="41.34112747851759" lon="-81.83638002723455"><ele>193</ele><time>2026-07-03T21:42:05Z</time></trkpt>
      <trkpt lat="41.340972748585045" lon="-81.83624876663089"><ele>193</ele><time>2026-07-03T21:42:08Z</time></trkpt>
      <trkpt lat="41.34069602005184" lon="-81.83627055957913"><ele>197</ele><time>2026-07-03T21:42:11Z</time></trkpt>
      <trkpt lat="41.34060096926987" lon="-81.83628405444324"><ele>197</ele><time>2026-07-03T21:42:14Z</time></trkpt>
      <trkpt lat="41.3405209640041" lon="-81.83624264784157"><ele>198</ele><time>2026-07-03T21:42:17Z</time></trkpt>
      <trkpt lat="41.34045034646988" lon="-81.8361602537334"><ele>199</ele><time>2026-07-03T21:42:20Z</time></trkpt>
      <trkpt lat="41.34033773560077" lon="-81.83601055294275"><ele>199</ele><time>2026-07-03T21:42:23Z</time></trkpt>
      <trkpt lat="41.34015802759677" lon="-81.83591122739017"><ele>201</ele><time>2026-07-03T21:42:26Z</time></trkpt>
      <trkpt lat="41.339972955174744" lon="-81.83585481718183"><ele>202</ele><time>2026-07-03T21:42:29Z</time></trkpt>
      <trkpt lat="41.339782853610814" lon="-81.83577485382557"><ele>203</ele><time>2026-07-03T21:42:32Z</time></trkpt>
      <trkpt lat="41.33957707788795" lon="-81.83572506532073"><ele>205</ele><time>2026-07-03T21:42:35Z</time></trkpt>
      <trkpt lat="41.33938433602452" lon="-81.83566044084728"><ele>205</ele><time>2026-07-03T21:42:38Z</time></trkpt>
      <trkpt lat="41.33918514009565" lon="-81.83559673838317"><ele>204</ele><time>2026-07-03T21:42:41Z</time></trkpt>
      <trkpt lat="41.339006354101" lon="-81.83553873561323"><ele>201</ele><time>2026-07-03T21:42:44Z</time></trkpt>
      <trkpt lat="41.33881989866495" lon="-81.83546212501824"><ele>202</ele><time>2026-07-03T21:42:47Z</time></trkpt>
      <trkpt lat="41.3386300066486" lon="-81.83534528128803"><ele>202</ele><time>2026-07-03T21:42:50Z</time></trkpt>
      <trkpt lat="41.33845612406731" lon="-81.8352463748306"><ele>202</ele><time>2026-07-03T21:42:53Z</time></trkpt>
      <trkpt lat="41.338279559277" lon="-81.8351633939892"><ele>203</ele><time>2026-07-03T21:42:56Z</time></trkpt>
      <trkpt lat="41.33810014463961" lon="-81.83505954220891"><ele>204</ele><time>2026-07-03T21:42:59Z</time></trkpt>
      <trkpt lat="41.33792898617685" lon="-81.83496759273112"><ele>205</ele><time>2026-07-03T21:43:02Z</time></trkpt>
      <trkpt lat="41.33774743415415" lon="-81.834851000458"><ele>205</ele><time>2026-07-03T21:43:05Z</time></trkpt>
      <trkpt lat="41.33756776805967" lon="-81.83471035212278"><ele>204</ele><time>2026-07-03T21:43:08Z</time></trkpt>
      <trkpt lat="41.33738701231778" lon="-81.83455436490476"><ele>203</ele><time>2026-07-03T21:43:11Z</time></trkpt>
      <trkpt lat="41.33718915749341" lon="-81.83436686173081"><ele>203</ele><time>2026-07-03T21:43:14Z</time></trkpt>
      <trkpt lat="41.33702080696821" lon="-81.83415563777089"><ele>202</ele><time>2026-07-03T21:43:17Z</time></trkpt>
      <trkpt lat="41.336884098127484" lon="-81.83395011350513"><ele>201</ele><time>2026-07-03T21:43:20Z</time></trkpt>
      <trkpt lat="41.33673946838826" lon="-81.83373813517392"><ele>200</ele><time>2026-07-03T21:43:23Z</time></trkpt>
      <trkpt lat="41.33654308039695" lon="-81.83359866030514"><ele>199</ele><time>2026-07-03T21:43:26Z</time></trkpt>
      <trkpt lat="41.3364195311442" lon="-81.83338190428913"><ele>199</ele><time>2026-07-03T21:43:29Z</time></trkpt>
      <trkpt lat="41.336408886127174" lon="-81.83311561122537"><ele>199</ele><time>2026-07-03T21:43:32Z</time></trkpt>
      <trkpt lat="41.33637045510113" lon="-81.83292835950851"><ele>200</ele><time>2026-07-03T21:43:35Z</time></trkpt>
      <trkpt lat="41.33627791889012" lon="-81.83282467536628"><ele>201</ele><time>2026-07-03T21:43:38Z</time></trkpt>
      <trkpt lat="41.33623190224171" lon="-81.83283649384975"><ele>202</ele><time>2026-07-03T21:43:58Z</time></trkpt>
      <trkpt lat="41.33620575070381" lon="-81.83276776224375"><ele>203</ele><time>2026-07-03T21:44:27Z</time></trkpt>
      <trkpt lat="41.3361650146544" lon="-81.83265217579901"><ele>203</ele><time>2026-07-03T21:44:30Z</time></trkpt>
      <trkpt lat="41.33609041571617" lon="-81.8325057439506"><ele>202</ele><time>2026-07-03T21:44:33Z</time></trkpt>
      <trkpt lat="41.33594926446676" lon="-81.83241681195796"><ele>203</ele><time>2026-07-03T21:44:36Z</time></trkpt>
      <trkpt lat="41.33577173575759" lon="-81.83236174285412"><ele>201</ele><time>2026-07-03T21:44:39Z</time></trkpt>
      <trkpt lat="41.335692359134555" lon="-81.83227490633726"><ele>202</ele><time>2026-07-03T21:44:42Z</time></trkpt>
      <trkpt lat="41.33561038412154" lon="-81.83213082142174"><ele>202</ele><time>2026-07-03T21:44:45Z</time></trkpt>
      <trkpt lat="41.33548821788281" lon="-81.83190451003611"><ele>202</ele><time>2026-07-03T21:44:48Z</time></trkpt>
      <trkpt lat="41.3352971104905" lon="-81.83175723999739"><ele>202</ele><time>2026-07-03T21:44:51Z</time></trkpt>
      <trkpt lat="41.335108769126236" lon="-81.83164710178971"><ele>203</ele><time>2026-07-03T21:44:54Z</time></trkpt>
      <trkpt lat="41.33498681243509" lon="-81.83145708404481"><ele>203</ele><time>2026-07-03T21:44:57Z</time></trkpt>
      <trkpt lat="41.33485823404044" lon="-81.83118785731494"><ele>202</ele><time>2026-07-03T21:45:00Z</time></trkpt>
      <trkpt lat="41.33466201368719" lon="-81.831084927544"><ele>202</ele><time>2026-07-03T21:45:03Z</time></trkpt>
      <trkpt lat="41.33447090629488" lon="-81.83105550706387"><ele>202</ele><time>2026-07-03T21:45:06Z</time></trkpt>
      <trkpt lat="41.334253060631454" lon="-81.831045281142"><ele>201</ele><time>2026-07-03T21:45:09Z</time></trkpt>
      <trkpt lat="41.33403022773564" lon="-81.83105676434934"><ele>201</ele><time>2026-07-03T21:45:12Z</time></trkpt>
      <trkpt lat="41.33380207233131" lon="-81.8310225661844"><ele>201</ele><time>2026-07-03T21:45:15Z</time></trkpt>
      <trkpt lat="41.33354973513633" lon="-81.83099591173232"><ele>201</ele><time>2026-07-03T21:45:18Z</time></trkpt>
      <trkpt lat="41.3333363737911" lon="-81.83097001165152"><ele>199</ele><time>2026-07-03T21:45:21Z</time></trkpt>
      <trkpt lat="41.3331230962649" lon="-81.83094235137105"><ele>199</ele><time>2026-07-03T21:45:24Z</time></trkpt>
      <trkpt lat="41.33290390949696" lon="-81.83091259561479"><ele>198</ele><time>2026-07-03T21:45:27Z</time></trkpt>
      <trkpt lat="41.33267965167761" lon="-81.83088384568691"><ele>198</ele><time>2026-07-03T21:45:30Z</time></trkpt>
      <trkpt lat="41.33253808133304" lon="-81.83076155371964"><ele>198</ele><time>2026-07-03T21:45:33Z</time></trkpt>
      <trkpt lat="41.332440599799156" lon="-81.83054781518877"><ele>199</ele><time>2026-07-03T21:45:36Z</time></trkpt>
      <trkpt lat="41.33232979103923" lon="-81.8304511718452"><ele>199</ele><time>2026-07-03T21:45:39Z</time></trkpt>
      <trkpt lat="41.332226023077965" lon="-81.83042351156473"><ele>198</ele><time>2026-07-03T21:45:42Z</time></trkpt>
      <trkpt lat="41.33219563867897" lon="-81.83035394176841"><ele>198</ele><time>2026-07-03T21:45:45Z</time></trkpt>
      <trkpt lat="41.33217024151236" lon="-81.83018496260047"><ele>199</ele><time>2026-07-03T21:45:48Z</time></trkpt>
      <trkpt lat="41.33199946023524" lon="-81.83015420101583"><ele>198</ele><time>2026-07-03T21:45:51Z</time></trkpt>
      <trkpt lat="41.3317778846249" lon="-81.8301847949624"><ele>198</ele><time>2026-07-03T21:45:54Z</time></trkpt>
      <trkpt lat="41.331543107517064" lon="-81.83021295815706"><ele>198</ele><time>2026-07-03T21:45:57Z</time></trkpt>
      <trkpt lat="41.33128243032843" lon="-81.83025754988194"><ele>200</ele><time>2026-07-03T21:46:00Z</time></trkpt>
      <trkpt lat="41.33103889413178" lon="-81.83030541054904"><ele>201</ele><time>2026-07-03T21:46:03Z</time></trkpt>
      <trkpt lat="41.33080881088972" lon="-81.83035218156874"><ele>202</ele><time>2026-07-03T21:46:06Z</time></trkpt>
      <trkpt lat="41.33058706764132" lon="-81.8303441349417"><ele>202</ele><time>2026-07-03T21:46:09Z</time></trkpt>
      <trkpt lat="41.33044277317822" lon="-81.8302141316235"><ele>201</ele><time>2026-07-03T21:46:12Z</time></trkpt>
      <trkpt lat="41.33034260943532" lon="-81.82998170144856"><ele>200</ele><time>2026-07-03T21:46:15Z</time></trkpt>
      <trkpt lat="41.330293575301766" lon="-81.82969369925559"><ele>200</ele><time>2026-07-03T21:46:18Z</time></trkpt>
      <trkpt lat="41.330317882820964" lon="-81.82943645864725"><ele>198</ele><time>2026-07-03T21:46:21Z</time></trkpt>
      <trkpt lat="41.33036779705435" lon="-81.8291337043047"><ele>197</ele><time>2026-07-03T21:46:24Z</time></trkpt>
      <trkpt lat="41.33039625361562" lon="-81.82878233492374"><ele>197</ele><time>2026-07-03T21:46:27Z</time></trkpt>
      <trkpt lat="41.33045337628573" lon="-81.82846432551742"><ele>197</ele><time>2026-07-03T21:46:30Z</time></trkpt>
      <trkpt lat="41.330540548078716" lon="-81.8281474057585"><ele>196</ele><time>2026-07-03T21:46:33Z</time></trkpt>
      <trkpt lat="41.33060969877988" lon="-81.82784758508205"><ele>195</ele><time>2026-07-03T21:46:36Z</time></trkpt>
      <trkpt lat="41.33068014867604" lon="-81.82750845327973"><ele>195</ele><time>2026-07-03T21:46:39Z</time></trkpt>
      <trkpt lat="41.33080545812845" lon="-81.82727652601898"><ele>194</ele><time>2026-07-03T21:46:42Z</time></trkpt>
      <trkpt lat="41.3309194939211" lon="-81.82700721547008"><ele>195</ele><time>2026-07-03T21:46:45Z</time></trkpt>
      <trkpt lat="41.33096236735582" lon="-81.826666072011"><ele>197</ele><time>2026-07-03T21:46:48Z</time></trkpt>
      <trkpt lat="41.330965678207576" lon="-81.82633741758764"><ele>200</ele><time>2026-07-03T21:46:51Z</time></trkpt>
      <trkpt lat="41.330951931886375" lon="-81.82600138708949"><ele>200</ele><time>2026-07-03T21:46:54Z</time></trkpt>
      <trkpt lat="41.330951428972185" lon="-81.82566527277231"><ele>200</ele><time>2026-07-03T21:46:57Z</time></trkpt>
      <trkpt lat="41.3309625769034" lon="-81.82533234357834"><ele>200</ele><time>2026-07-03T21:47:00Z</time></trkpt>
      <trkpt lat="41.33096877951175" lon="-81.82497820816934"><ele>199</ele><time>2026-07-03T21:47:03Z</time></trkpt>
      <trkpt lat="41.33103617001325" lon="-81.82466045022011"><ele>199</ele><time>2026-07-03T21:47:06Z</time></trkpt>
      <trkpt lat="41.33110050112009" lon="-81.8243689276278"><ele>200</ele><time>2026-07-03T21:47:09Z</time></trkpt>
      <trkpt lat="41.33107196073979" lon="-81.82407287880778"><ele>200</ele><time>2026-07-03T21:47:12Z</time></trkpt>
      <trkpt lat="41.331066973507404" lon="-81.82378110475838"><ele>200</ele><time>2026-07-03T21:47:15Z</time></trkpt>
      <trkpt lat="41.331048868596554" lon="-81.82346661575139"><ele>199</ele><time>2026-07-03T21:47:18Z</time></trkpt>
      <trkpt lat="41.330983196385205" lon="-81.8232002388686"><ele>199</ele><time>2026-07-03T21:47:21Z</time></trkpt>
      <trkpt lat="41.330901430919766" lon="-81.82296906597912"><ele>198</ele><time>2026-07-03T21:47:24Z</time></trkpt>
      <trkpt lat="41.33087783586234" lon="-81.82266421616077"><ele>197</ele><time>2026-07-03T21:47:27Z</time></trkpt>
      <trkpt lat="41.33084112312645" lon="-81.8223865237087"><ele>197</ele><time>2026-07-03T21:47:30Z</time></trkpt>
      <trkpt lat="41.33074234239757" lon="-81.82208276353776"><ele>197</ele><time>2026-07-03T21:47:33Z</time></trkpt>
      <trkpt lat="41.33063886780292" lon="-81.82172535918653"><ele>197</ele><time>2026-07-03T21:47:36Z</time></trkpt>
      <trkpt lat="41.330543984659016" lon="-81.82139628566802"><ele>197</ele><time>2026-07-03T21:47:39Z</time></trkpt>
      <trkpt lat="41.33043418172747" lon="-81.82105036452413"><ele>198</ele><time>2026-07-03T21:47:42Z</time></trkpt>
      <trkpt lat="41.3303687190637" lon="-81.82073218747973"><ele>199</ele><time>2026-07-03T21:47:45Z</time></trkpt>
      <trkpt lat="41.33024194277823" lon="-81.82044343091547"><ele>200</ele><time>2026-07-03T21:47:48Z</time></trkpt>
      <trkpt lat="41.33012924809009" lon="-81.82015559636056"><ele>201</ele><time>2026-07-03T21:47:51Z</time></trkpt>
      <trkpt lat="41.329973973333836" lon="-81.81984261609614"><ele>204</ele><time>2026-07-03T21:47:54Z</time></trkpt>
      <trkpt lat="41.32989711128175" lon="-81.81955369189382"><ele>204</ele><time>2026-07-03T21:47:57Z</time></trkpt>
      <trkpt lat="41.32980495225638" lon="-81.81930826976895"><ele>203</ele><time>2026-07-03T21:48:00Z</time></trkpt>
      <trkpt lat="41.32977079600096" lon="-81.81905899196863"><ele>203</ele><time>2026-07-03T21:48:03Z</time></trkpt>
      <trkpt lat="41.32965747267008" lon="-81.8188342731446"><ele>203</ele><time>2026-07-03T21:48:06Z</time></trkpt>
      <trkpt lat="41.32945999503136" lon="-81.81869706138968"><ele>201</ele><time>2026-07-03T21:48:09Z</time></trkpt>
      <trkpt lat="41.32924374192953" lon="-81.8185752723366"><ele>201</ele><time>2026-07-03T21:48:12Z</time></trkpt>
      <trkpt lat="41.32905229926109" lon="-81.81844702921808"><ele>200</ele><time>2026-07-03T21:48:15Z</time></trkpt>
      <trkpt lat="41.328903646208346" lon="-81.8183318618685"><ele>201</ele><time>2026-07-03T21:48:18Z</time></trkpt>
      <trkpt lat="41.32873001508415" lon="-81.81828819215298"><ele>200</ele><time>2026-07-03T21:48:21Z</time></trkpt>
      <trkpt lat="41.328547834418714" lon="-81.81823295541108"><ele>199</ele><time>2026-07-03T21:48:24Z</time></trkpt>
      <trkpt lat="41.328402534127235" lon="-81.81813078001142"><ele>197</ele><time>2026-07-03T21:48:27Z</time></trkpt>
      <trkpt lat="41.32820832543075" lon="-81.818016031757"><ele>195</ele><time>2026-07-03T21:48:30Z</time></trkpt>
      <trkpt lat="41.327982055954635" lon="-81.8179568555206"><ele>194</ele><time>2026-07-03T21:48:33Z</time></trkpt>
      <trkpt lat="41.327739148400724" lon="-81.81790580973029"><ele>192</ele><time>2026-07-03T21:48:36Z</time></trkpt>
      <trkpt lat="41.32749062497169" lon="-81.81784571148455"><ele>191</ele><time>2026-07-03T21:48:39Z</time></trkpt>
      <trkpt lat="41.32721733301878" lon="-81.81786524131894"><ele>191</ele><time>2026-07-03T21:48:42Z</time></trkpt>
      <trkpt lat="41.32700019981712" lon="-81.81787814944983"><ele>191</ele><time>2026-07-03T21:48:45Z</time></trkpt>
      <trkpt lat="41.32677510380745" lon="-81.81785652413964"><ele>191</ele><time>2026-07-03T21:48:48Z</time></trkpt>
      <trkpt lat="41.32650994230062" lon="-81.81782023049891"><ele>191</ele><time>2026-07-03T21:48:51Z</time></trkpt>
      <trkpt lat="41.32625203114003" lon="-81.81781235150993"><ele>192</ele><time>2026-07-03T21:48:54Z</time></trkpt>
      <trkpt lat="41.3260024599731" lon="-81.81777563877404"><ele>191</ele><time>2026-07-03T21:48:57Z</time></trkpt>
      <trkpt lat="41.325754188001156" lon="-81.81771746836603"><ele>191</ele><time>2026-07-03T21:49:00Z</time></trkpt>
      <trkpt lat="41.325512495823205" lon="-81.81764865294099"><ele>191</ele><time>2026-07-03T21:49:03Z</time></trkpt>
      <trkpt lat="41.32529854774475" lon="-81.81751755997539"><ele>190</ele><time>2026-07-03T21:49:06Z</time></trkpt>
      <trkpt lat="41.32507776841521" lon="-81.81735168211162"><ele>191</ele><time>2026-07-03T21:49:09Z</time></trkpt>
      <trkpt lat="41.32489940151572" lon="-81.81716049090028"><ele>191</ele><time>2026-07-03T21:49:12Z</time></trkpt>
      <trkpt lat="41.32476130966097" lon="-81.81691615842283"><ele>191</ele><time>2026-07-03T21:49:15Z</time></trkpt>
      <trkpt lat="41.32464144844562" lon="-81.81666134856641"><ele>194</ele><time>2026-07-03T21:49:18Z</time></trkpt>
      <trkpt lat="41.32453877013177" lon="-81.81637611240149"><ele>197</ele><time>2026-07-03T21:49:21Z</time></trkpt>
      <trkpt lat="41.32446375209838" lon="-81.81608928367496"><ele>198</ele><time>2026-07-03T21:49:24Z</time></trkpt>
      <trkpt lat="41.32437335327268" lon="-81.81576943024993"><ele>197</ele><time>2026-07-03T21:49:27Z</time></trkpt>
      <trkpt lat="41.32431090809405" lon="-81.81544865481555"><ele>198</ele><time>2026-07-03T21:49:30Z</time></trkpt>
      <trkpt lat="41.32422947790474" lon="-81.81513341143727"><ele>199</ele><time>2026-07-03T21:49:33Z</time></trkpt>
      <trkpt lat="41.32419414818287" lon="-81.81485664099455"><ele>200</ele><time>2026-07-03T21:49:36Z</time></trkpt>
      <trkpt lat="41.32420931942761" lon="-81.81453896686435"><ele>199</ele><time>2026-07-03T21:49:39Z</time></trkpt>
      <trkpt lat="41.32424192503095" lon="-81.81420704349875"><ele>202</ele><time>2026-07-03T21:49:42Z</time></trkpt>
      <trkpt lat="41.324246786534786" lon="-81.81389456614852"><ele>203</ele><time>2026-07-03T21:49:45Z</time></trkpt>
      <trkpt lat="41.32428588811308" lon="-81.81358342990279"><ele>204</ele><time>2026-07-03T21:49:48Z</time></trkpt>
      <trkpt lat="41.324363965541124" lon="-81.81330112740397"><ele>204</ele><time>2026-07-03T21:49:51Z</time></trkpt>
      <trkpt lat="41.32442590780556" lon="-81.81300004944205"><ele>204</ele><time>2026-07-03T21:49:54Z</time></trkpt>
      <trkpt lat="41.324429721571505" lon="-81.8126888293773"><ele>204</ele><time>2026-07-03T21:49:57Z</time></trkpt>
      <trkpt lat="41.32440885063261" lon="-81.81235799565911"><ele>205</ele><time>2026-07-03T21:50:00Z</time></trkpt>
      <trkpt lat="41.3243858423084" lon="-81.81205934844911"><ele>204</ele><time>2026-07-03T21:50:03Z</time></trkpt>
      <trkpt lat="41.32430889643729" lon="-81.81178140453994"><ele>204</ele><time>2026-07-03T21:50:06Z</time></trkpt>
      <trkpt lat="41.32413455285132" lon="-81.81158887222409"><ele>205</ele><time>2026-07-03T21:50:09Z</time></trkpt>
      <trkpt lat="41.324036568403244" lon="-81.81138494051993"><ele>204</ele><time>2026-07-03T21:50:12Z</time></trkpt>
      <trkpt lat="41.324011757969856" lon="-81.81129676289856"><ele>204</ele><time>2026-07-03T21:50:15Z</time></trkpt>
      <trkpt lat="41.323977475985885" lon="-81.81116592139006"><ele>203</ele><time>2026-07-03T21:50:18Z</time></trkpt>
      <trkpt lat="41.32398711517453" lon="-81.81088412180543"><ele>203</ele><time>2026-07-03T21:50:21Z</time></trkpt>
      <trkpt lat="41.324027557857335" lon="-81.81058002635837"><ele>203</ele><time>2026-07-03T21:50:24Z</time></trkpt>
      <trkpt lat="41.32396842353046" lon="-81.81029940024018"><ele>205</ele><time>2026-07-03T21:50:27Z</time></trkpt>
      <trkpt lat="41.32383196614683" lon="-81.81006722152233"><ele>205</ele><time>2026-07-03T21:50:30Z</time></trkpt>
      <trkpt lat="41.32369664032012" lon="-81.8099202029407"><ele>207</ele><time>2026-07-03T21:50:33Z</time></trkpt>
      <trkpt lat="41.32366885431111" lon="-81.80966086685658"><ele>209</ele><time>2026-07-03T21:50:36Z</time></trkpt>
      <trkpt lat="41.32361114490777" lon="-81.80939608253539"><ele>208</ele><time>2026-07-03T21:50:39Z</time></trkpt>
      <trkpt lat="41.32351839914918" lon="-81.80912811309099"><ele>206</ele><time>2026-07-03T21:50:42Z</time></trkpt>
      <trkpt lat="41.3233955623582" lon="-81.80889233015478"><ele>206</ele><time>2026-07-03T21:50:45Z</time></trkpt>
      <trkpt lat="41.32325763814151" lon="-81.80866903625429"><ele>206</ele><time>2026-07-03T21:50:48Z</time></trkpt>
      <trkpt lat="41.32311032619327" lon="-81.80843761190772"><ele>206</ele><time>2026-07-03T21:50:51Z</time></trkpt>
      <trkpt lat="41.322949435561895" lon="-81.80823384784162"><ele>206</ele><time>2026-07-03T21:50:54Z</time></trkpt>
      <trkpt lat="41.32277358323336" lon="-81.80805950425565"><ele>206</ele><time>2026-07-03T21:50:57Z</time></trkpt>
      <trkpt lat="41.32258725352585" lon="-81.80788616649806"><ele>206</ele><time>2026-07-03T21:51:00Z</time></trkpt>
      <trkpt lat="41.32239941507578" lon="-81.80772766470909"><ele>206</ele><time>2026-07-03T21:51:03Z</time></trkpt>
      <trkpt lat="41.32223567459732" lon="-81.80752607993782"><ele>206</ele><time>2026-07-03T21:51:06Z</time></trkpt>
      <trkpt lat="41.322040795348585" lon="-81.80736992508173"><ele>206</ele><time>2026-07-03T21:51:09Z</time></trkpt>
      <trkpt lat="41.32183648645878" lon="-81.80728350766003"><ele>207</ele><time>2026-07-03T21:51:12Z</time></trkpt>
      <trkpt lat="41.321645085699856" lon="-81.8073666561395"><ele>206</ele><time>2026-07-03T21:51:15Z</time></trkpt>
      <trkpt lat="41.32143754977733" lon="-81.80745843797922"><ele>207</ele><time>2026-07-03T21:51:18Z</time></trkpt>
      <trkpt lat="41.32121148984879" lon="-81.80745550431311"><ele>206</ele><time>2026-07-03T21:51:21Z</time></trkpt>
      <trkpt lat="41.32098790258169" lon="-81.8074285145849"><ele>206</ele><time>2026-07-03T21:51:24Z</time></trkpt>
      <trkpt lat="41.32077462505549" lon="-81.80736942216754"><ele>205</ele><time>2026-07-03T21:51:27Z</time></trkpt>
      <trkpt lat="41.32063540164381" lon="-81.80712131783366"><ele>205</ele><time>2026-07-03T21:51:30Z</time></trkpt>
      <trkpt lat="41.32045066449791" lon="-81.80698729120195"><ele>205</ele><time>2026-07-03T21:51:33Z</time></trkpt>
      <trkpt lat="41.32023302838206" lon="-81.80698167532682"><ele>204</ele><time>2026-07-03T21:51:36Z</time></trkpt>
      <trkpt lat="41.32001752965152" lon="-81.8068465590477"><ele>204</ele><time>2026-07-03T21:51:39Z</time></trkpt>
      <trkpt lat="41.31980421021581" lon="-81.80675888434052"><ele>203</ele><time>2026-07-03T21:51:42Z</time></trkpt>
      <trkpt lat="41.319607864134014" lon="-81.80678243748844"><ele>204</ele><time>2026-07-03T21:51:45Z</time></trkpt>
      <trkpt lat="41.31942966487259" lon="-81.80694999173284"><ele>204</ele><time>2026-07-03T21:51:48Z</time></trkpt>
      <trkpt lat="41.31923302542418" lon="-81.80711595341563"><ele>204</ele><time>2026-07-03T21:51:51Z</time></trkpt>
      <trkpt lat="41.319027417339385" lon="-81.80725140497088"><ele>204</ele><time>2026-07-03T21:51:54Z</time></trkpt>
      <trkpt lat="41.318824156187475" lon="-81.80729423649609"><ele>204</ele><time>2026-07-03T21:51:57Z</time></trkpt>
      <trkpt lat="41.31858858279884" lon="-81.80723229423165"><ele>203</ele><time>2026-07-03T21:52:00Z</time></trkpt>
      <trkpt lat="41.31841423921287" lon="-81.80705250240862"><ele>202</ele><time>2026-07-03T21:52:03Z</time></trkpt>
      <trkpt lat="41.31823888979852" lon="-81.8070001155138"><ele>203</ele><time>2026-07-03T21:52:06Z</time></trkpt>
      <trkpt lat="41.318029216490686" lon="-81.8070918135345"><ele>203</ele><time>2026-07-03T21:52:09Z</time></trkpt>
      <trkpt lat="41.31781237665564" lon="-81.80702978745103"><ele>204</ele><time>2026-07-03T21:52:12Z</time></trkpt>
      <trkpt lat="41.317636063322425" lon="-81.8068254366517"><ele>203</ele><time>2026-07-03T21:52:15Z</time></trkpt>
      <trkpt lat="41.31750660482794" lon="-81.80660507641733"><ele>204</ele><time>2026-07-03T21:52:18Z</time></trkpt>
      <trkpt lat="41.31746058817953" lon="-81.8062973767519"><ele>202</ele><time>2026-07-03T21:52:21Z</time></trkpt>
      <trkpt lat="41.31749642081559" lon="-81.80599948391318"><ele>202</ele><time>2026-07-03T21:52:24Z</time></trkpt>
      <trkpt lat="41.31759046576917" lon="-81.80576655082405"><ele>202</ele><time>2026-07-03T21:52:27Z</time></trkpt>
      <trkpt lat="41.31776376161724" lon="-81.80559732019901"><ele>201</ele><time>2026-07-03T21:52:30Z</time></trkpt>
      <trkpt lat="41.31798919290304" lon="-81.80548852309585"><ele>202</ele><time>2026-07-03T21:52:33Z</time></trkpt>
      <trkpt lat="41.318186754360795" lon="-81.80538911372423"><ele>202</ele><time>2026-07-03T21:52:36Z</time></trkpt>
      <trkpt lat="41.31838812958449" lon="-81.80526330135763"><ele>201</ele><time>2026-07-03T21:52:39Z</time></trkpt>
      <trkpt lat="41.31859352812171" lon="-81.80517931468785"><ele>201</ele><time>2026-07-03T21:52:42Z</time></trkpt>
      <trkpt lat="41.31877130828798" lon="-81.80514536798"><ele>201</ele><time>2026-07-03T21:52:45Z</time></trkpt>
      <trkpt lat="41.3188998028636" lon="-81.80502994917333"><ele>202</ele><time>2026-07-03T21:52:48Z</time></trkpt>
      <trkpt lat="41.319064549170434" lon="-81.80492090061307"><ele>203</ele><time>2026-07-03T21:52:51Z</time></trkpt>
      <trkpt lat="41.31924773566425" lon="-81.80475971661508"><ele>202</ele><time>2026-07-03T21:52:54Z</time></trkpt>
      <trkpt lat="41.31942945532501" lon="-81.80458671413362"><ele>201</ele><time>2026-07-03T21:52:57Z</time></trkpt>
      <trkpt lat="41.31959273479879" lon="-81.80437331087887"><ele>201</ele><time>2026-07-03T21:53:00Z</time></trkpt>
      <trkpt lat="41.31975999567658" lon="-81.80412168614566"><ele>200</ele><time>2026-07-03T21:53:03Z</time></trkpt>
      <trkpt lat="41.31986975669861" lon="-81.80387140251696"><ele>201</ele><time>2026-07-03T21:53:06Z</time></trkpt>
      <trkpt lat="41.31993278861046" lon="-81.80355942808092"><ele>203</ele><time>2026-07-03T21:53:09Z</time></trkpt>
      <trkpt lat="41.319980691187084" lon="-81.80322649888694"><ele>206</ele><time>2026-07-03T21:53:12Z</time></trkpt>
      <trkpt lat="41.31995349191129" lon="-81.80288610979915"><ele>208</ele><time>2026-07-03T21:53:15Z</time></trkpt>
      <trkpt lat="41.319871307350695" lon="-81.80250607430935"><ele>208</ele><time>2026-07-03T21:53:18Z</time></trkpt>
      <trkpt lat="41.31977667566389" lon="-81.80218982510269"><ele>208</ele><time>2026-07-03T21:53:21Z</time></trkpt>
      <trkpt lat="41.319676553830504" lon="-81.80187877267599"><ele>207</ele><time>2026-07-03T21:53:24Z</time></trkpt>
      <trkpt lat="41.319551998749375" lon="-81.80158029310405"><ele>207</ele><time>2026-07-03T21:53:27Z</time></trkpt>
      <trkpt lat="41.319401753135026" lon="-81.8013103120029"><ele>207</ele><time>2026-07-03T21:53:30Z</time></trkpt>
      <trkpt lat="41.319226822815835" lon="-81.80106329731643"><ele>208</ele><time>2026-07-03T21:53:33Z</time></trkpt>
      <trkpt lat="41.319036008790135" lon="-81.80086959153414"><ele>207</ele><time>2026-07-03T21:53:36Z</time></trkpt>
      <trkpt lat="41.31880156695843" lon="-81.8007333856076"><ele>207</ele><time>2026-07-03T21:53:39Z</time></trkpt>
      <trkpt lat="41.31855140905827" lon="-81.80067077279091"><ele>207</ele><time>2026-07-03T21:53:42Z</time></trkpt>
      <trkpt lat="41.31829798221588" lon="-81.8006818369031"><ele>208</ele><time>2026-07-03T21:53:45Z</time></trkpt>
      <trkpt lat="41.318046525120735" lon="-81.80070656351745"><ele>208</ele><time>2026-07-03T21:53:48Z</time></trkpt>
      <trkpt lat="41.317812921479344" lon="-81.8006799928844"><ele>208</ele><time>2026-07-03T21:53:51Z</time></trkpt>
      <trkpt lat="41.317588496021926" lon="-81.80060623213649"><ele>207</ele><time>2026-07-03T21:53:54Z</time></trkpt>
      <trkpt lat="41.31738640833646" lon="-81.80047052912414"><ele>207</ele><time>2026-07-03T21:53:57Z</time></trkpt>
      <trkpt lat="41.317179375328124" lon="-81.80032359436154"><ele>208</ele><time>2026-07-03T21:54:00Z</time></trkpt>
      <trkpt lat="41.31699040532112" lon="-81.800129218027"><ele>207</ele><time>2026-07-03T21:54:03Z</time></trkpt>
      <trkpt lat="41.31682670675218" lon="-81.79987231269479"><ele>206</ele><time>2026-07-03T21:54:06Z</time></trkpt>
      <trkpt lat="41.316679269075394" lon="-81.79964357055724"><ele>206</ele><time>2026-07-03T21:54:09Z</time></trkpt>
      <trkpt lat="41.31654151249677" lon="-81.79937501437962"><ele>206</ele><time>2026-07-03T21:54:12Z</time></trkpt>
      <trkpt lat="41.31640702486038" lon="-81.79913336411119"><ele>206</ele><time>2026-07-03T21:54:15Z</time></trkpt>
      <trkpt lat="41.31632903125137" lon="-81.79883111268282"><ele>205</ele><time>2026-07-03T21:54:18Z</time></trkpt>
      <trkpt lat="41.316252001561224" lon="-81.79852517321706"><ele>206</ele><time>2026-07-03T21:54:21Z</time></trkpt>
      <trkpt lat="41.31622320972383" lon="-81.79820213466883"><ele>206</ele><time>2026-07-03T21:54:24Z</time></trkpt>
      <trkpt lat="41.31620347034186" lon="-81.79790357127786"><ele>207</ele><time>2026-07-03T21:54:27Z</time></trkpt>
      <trkpt lat="41.31620032712817" lon="-81.79764616303146"><ele>208</ele><time>2026-07-03T21:54:30Z</time></trkpt>
      <trkpt lat="41.31620862521231" lon="-81.79740250110626"><ele>208</ele><time>2026-07-03T21:54:33Z</time></trkpt>
      <trkpt lat="41.31609505042434" lon="-81.79718130268157"><ele>208</ele><time>2026-07-03T21:54:36Z</time></trkpt>
      <trkpt lat="41.31593286059797" lon="-81.79695934988558"><ele>208</ele><time>2026-07-03T21:54:39Z</time></trkpt>
      <trkpt lat="41.31574799772352" lon="-81.79688148200512"><ele>208</ele><time>2026-07-03T21:54:42Z</time></trkpt>
      <trkpt lat="41.315551148727536" lon="-81.79676279425621"><ele>209</ele><time>2026-07-03T21:54:45Z</time></trkpt>
      <trkpt lat="41.31533187814057" lon="-81.79664351977408"><ele>207</ele><time>2026-07-03T21:54:48Z</time></trkpt>
      <trkpt lat="41.31512149237096" lon="-81.79651259444654"><ele>206</ele><time>2026-07-03T21:54:51Z</time></trkpt>
      <trkpt lat="41.31491546519101" lon="-81.79639935493469"><ele>206</ele><time>2026-07-03T21:54:54Z</time></trkpt>
      <trkpt lat="41.31468747742474" lon="-81.79635040462017"><ele>206</ele><time>2026-07-03T21:54:57Z</time></trkpt>
      <trkpt lat="41.31445353850722" lon="-81.7963385861367"><ele>207</ele><time>2026-07-03T21:55:00Z</time></trkpt>
      <trkpt lat="41.31424315273762" lon="-81.79629785008729"><ele>206</ele><time>2026-07-03T21:55:03Z</time></trkpt>
      <trkpt lat="41.31401009391993" lon="-81.79630564525723"><ele>206</ele><time>2026-07-03T21:55:06Z</time></trkpt>
      <trkpt lat="41.31377971731126" lon="-81.79629466496408"><ele>207</ele><time>2026-07-03T21:55:09Z</time></trkpt>
      <trkpt lat="41.313603655435145" lon="-81.79628938436508"><ele>207</ele><time>2026-07-03T21:55:12Z</time></trkpt>
      <trkpt lat="41.3135033659637" lon="-81.79627547040582"><ele>207</ele><time>2026-07-03T21:55:15Z</time></trkpt>
      <trkpt lat="41.313458355143666" lon="-81.79626926779747"><ele>207</ele><time>2026-07-03T21:55:18Z</time></trkpt>
      <trkpt lat="41.31339875981212" lon="-81.79627588950098"><ele>207</ele><time>2026-07-03T21:55:37Z</time></trkpt>
      <trkpt lat="41.31330425385386" lon="-81.7962902225554"><ele>207</ele><time>2026-07-03T21:55:40Z</time></trkpt>
      <trkpt lat="41.31314759608358" lon="-81.79630011320114"><ele>208</ele><time>2026-07-03T21:55:43Z</time></trkpt>
      <trkpt lat="41.312970402650535" lon="-81.79629416204989"><ele>208</ele><time>2026-07-03T21:55:46Z</time></trkpt>
      <trkpt lat="41.312809218652546" lon="-81.79618536494672"><ele>208</ele><time>2026-07-03T21:55:49Z</time></trkpt>
      <trkpt lat="41.312708677724004" lon="-81.79593843407929"><ele>209</ele><time>2026-07-03T21:55:52Z</time></trkpt>
      <trkpt lat="41.312516019679606" lon="-81.7957946844399"><ele>208</ele><time>2026-07-03T21:55:55Z</time></trkpt>
      <trkpt lat="41.31232143379748" lon="-81.7956464085728"><ele>208</ele><time>2026-07-03T21:55:58Z</time></trkpt>
      <trkpt lat="41.312109916470945" lon="-81.79548170417547"><ele>208</ele><time>2026-07-03T21:56:01Z</time></trkpt>
      <trkpt lat="41.31192706525326" lon="-81.79528716020286"><ele>208</ele><time>2026-07-03T21:56:04Z</time></trkpt>
      <trkpt lat="41.31178411189467" lon="-81.79508280940354"><ele>208</ele><time>2026-07-03T21:56:07Z</time></trkpt>
      <trkpt lat="41.31170771084726" lon="-81.7948237247765"><ele>209</ele><time>2026-07-03T21:56:10Z</time></trkpt>
      <trkpt lat="41.311674769967794" lon="-81.79455868899822"><ele>209</ele><time>2026-07-03T21:56:13Z</time></trkpt>
      <trkpt lat="41.311642290093005" lon="-81.79426674731076"><ele>210</ele><time>2026-07-03T21:56:16Z</time></trkpt>
      <trkpt lat="41.31164459511638" lon="-81.79400850087404"><ele>208</ele><time>2026-07-03T21:56:19Z</time></trkpt>
      <trkpt lat="41.311665549874306" lon="-81.79374011233449"><ele>209</ele><time>2026-07-03T21:56:22Z</time></trkpt>
      <trkpt lat="41.31168860010803" lon="-81.79351564496756"><ele>210</ele><time>2026-07-03T21:56:25Z</time></trkpt>
      <trkpt lat="41.311698532663286" lon="-81.79333484731615"><ele>209</ele><time>2026-07-03T21:56:28Z</time></trkpt>
      <trkpt lat="41.31171408109367" lon="-81.79315564222634"><ele>209</ele><time>2026-07-03T21:56:31Z</time></trkpt>
      <trkpt lat="41.31168717518449" lon="-81.79286923259497"><ele>210</ele><time>2026-07-03T21:56:34Z</time></trkpt>
      <trkpt lat="41.31170498672873" lon="-81.79253957234323"><ele>210</ele><time>2026-07-03T21:56:37Z</time></trkpt>
      <trkpt lat="41.31164392456412" lon="-81.79222567006946"><ele>211</ele><time>2026-07-03T21:56:40Z</time></trkpt>
      <trkpt lat="41.31151739973575" lon="-81.79192341864109"><ele>212</ele><time>2026-07-03T21:56:43Z</time></trkpt>
      <trkpt lat="41.31144472863525" lon="-81.79162577725947"><ele>213</ele><time>2026-07-03T21:56:46Z</time></trkpt>
      <trkpt lat="41.311393096111715" lon="-81.79132075980306"><ele>212</ele><time>2026-07-03T21:56:49Z</time></trkpt>
      <trkpt lat="41.31135520990938" lon="-81.79100132547319"><ele>212</ele><time>2026-07-03T21:56:52Z</time></trkpt>
      <trkpt lat="41.31130198482424" lon="-81.79066143929958"><ele>213</ele><time>2026-07-03T21:56:55Z</time></trkpt>
      <trkpt lat="41.311245071701705" lon="-81.79030663333833"><ele>214</ele><time>2026-07-03T21:56:58Z</time></trkpt>
      <trkpt lat="41.31120668258518" lon="-81.78998476825655"><ele>214</ele><time>2026-07-03T21:57:01Z</time></trkpt>
      <trkpt lat="41.31121711805463" lon="-81.78970975801349"><ele>214</ele><time>2026-07-03T21:57:04Z</time></trkpt>
      <trkpt lat="41.31125504616648" lon="-81.78948327898979"><ele>213</ele><time>2026-07-03T21:57:07Z</time></trkpt>
      <trkpt lat="41.311277844943106" lon="-81.78928756155074"><ele>211</ele><time>2026-07-03T21:57:10Z</time></trkpt>
      <trkpt lat="41.31128597538918" lon="-81.789156133309"><ele>211</ele><time>2026-07-03T21:57:13Z</time></trkpt>
      <trkpt lat="41.31130412220955" lon="-81.78892294876277"><ele>210</ele><time>2026-07-03T21:57:16Z</time></trkpt>
      <trkpt lat="41.311285346746445" lon="-81.78854961879551"><ele>209</ele><time>2026-07-03T21:57:19Z</time></trkpt>
      <trkpt lat="41.31126363761723" lon="-81.7881978303194"><ele>209</ele><time>2026-07-03T21:57:22Z</time></trkpt>
      <trkpt lat="41.31122478749603" lon="-81.78778200410306"><ele>210</ele><time>2026-07-03T21:57:25Z</time></trkpt>
      <trkpt lat="41.311213094741106" lon="-81.7874226719141"><ele>210</ele><time>2026-07-03T21:57:28Z</time></trkpt>
      <trkpt lat="41.31117797456682" lon="-81.7870838753879"><ele>210</ele><time>2026-07-03T21:57:31Z</time></trkpt>
      <trkpt lat="41.311089880764484" lon="-81.78674457594752"><ele>211</ele><time>2026-07-03T21:57:34Z</time></trkpt>
      <trkpt lat="41.311045750044286" lon="-81.78637535311282"><ele>212</ele><time>2026-07-03T21:57:37Z</time></trkpt>
      <trkpt lat="41.31098058074713" lon="-81.78601677529514"><ele>215</ele><time>2026-07-03T21:57:40Z</time></trkpt>
      <trkpt lat="41.310902712866664" lon="-81.78569348528981"><ele>216</ele><time>2026-07-03T21:57:43Z</time></trkpt>
      <trkpt lat="41.31081126630306" lon="-81.7854606360197"><ele>216</ele><time>2026-07-03T21:57:46Z</time></trkpt>
      <trkpt lat="41.31073406897485" lon="-81.78529056720436"><ele>215</ele><time>2026-07-03T21:57:49Z</time></trkpt>
      <trkpt lat="41.310622757300735" lon="-81.7850948497653"><ele>214</ele><time>2026-07-03T21:57:52Z</time></trkpt>
      <trkpt lat="41.31052347365767" lon="-81.78489561192691"><ele>213</ele><time>2026-07-03T21:57:55Z</time></trkpt>
      <trkpt lat="41.3104440132156" lon="-81.78470651619136"><ele>213</ele><time>2026-07-03T21:57:58Z</time></trkpt>
      <trkpt lat="41.31036115810275" lon="-81.78451599553227"><ele>213</ele><time>2026-07-03T21:58:01Z</time></trkpt>
      <trkpt lat="41.3102368125692" lon="-81.78433578461409"><ele>212</ele><time>2026-07-03T21:58:04Z</time></trkpt>
      <trkpt lat="41.31008250173181" lon="-81.78421290591359"><ele>212</ele><time>2026-07-03T21:58:07Z</time></trkpt>
      <trkpt lat="41.3099027518183" lon="-81.78402406163514"><ele>211</ele><time>2026-07-03T21:58:10Z</time></trkpt>
      <trkpt lat="41.30975657142699" lon="-81.7838500533253"><ele>211</ele><time>2026-07-03T21:58:13Z</time></trkpt>
      <trkpt lat="41.309543712995946" lon="-81.78373706527054"><ele>210</ele><time>2026-07-03T21:58:16Z</time></trkpt>
      <trkpt lat="41.309339362196624" lon="-81.78358468227088"><ele>210</ele><time>2026-07-03T21:58:19Z</time></trkpt>
      <trkpt lat="41.30913643632084" lon="-81.78340832702816"><ele>210</ele><time>2026-07-03T21:58:22Z</time></trkpt>
      <trkpt lat="41.30893937777728" lon="-81.78328352048993"><ele>209</ele><time>2026-07-03T21:58:25Z</time></trkpt>
      <trkpt lat="41.30873163230717" lon="-81.78317924961448"><ele>209</ele><time>2026-07-03T21:58:28Z</time></trkpt>
      <trkpt lat="41.30850083660334" lon="-81.78303684107959"><ele>209</ele><time>2026-07-03T21:58:31Z</time></trkpt>
      <trkpt lat="41.308297156356275" lon="-81.78293081000447"><ele>208</ele><time>2026-07-03T21:58:34Z</time></trkpt>
      <trkpt lat="41.30811589770019" lon="-81.78287171758711"><ele>209</ele><time>2026-07-03T21:58:37Z</time></trkpt>
      <trkpt lat="41.308059403672814" lon="-81.78282838314772"><ele>209</ele><time>2026-07-03T21:58:40Z</time></trkpt>
      <trkpt lat="41.30794180557132" lon="-81.78277482278645"><ele>210</ele><time>2026-07-03T21:58:43Z</time></trkpt>
      <trkpt lat="41.307745962403715" lon="-81.78267600014806"><ele>211</ele><time>2026-07-03T21:58:46Z</time></trkpt>
      <trkpt lat="41.307555232197046" lon="-81.78256762214005"><ele>211</ele><time>2026-07-03T21:58:49Z</time></trkpt>
      <trkpt lat="41.30732452031225" lon="-81.78245404735208"><ele>210</ele><time>2026-07-03T21:58:52Z</time></trkpt>
      <trkpt lat="41.307098837569356" lon="-81.78238330408931"><ele>210</ele><time>2026-07-03T21:58:55Z</time></trkpt>
      <trkpt lat="41.30687043070793" lon="-81.78232194855809"><ele>211</ele><time>2026-07-03T21:58:58Z</time></trkpt>
      <trkpt lat="41.30662873852998" lon="-81.78224869072437"><ele>211</ele><time>2026-07-03T21:59:01Z</time></trkpt>
      <trkpt lat="41.30639350041747" lon="-81.78209169767797"><ele>212</ele><time>2026-07-03T21:59:04Z</time></trkpt>
      <trkpt lat="41.30617439746857" lon="-81.7819091398269"><ele>212</ele><time>2026-07-03T21:59:07Z</time></trkpt>
      <trkpt lat="41.30595986265689" lon="-81.78175751119852"><ele>211</ele><time>2026-07-03T21:59:10Z</time></trkpt>
      <trkpt lat="41.30577273666859" lon="-81.78157294169068"><ele>212</ele><time>2026-07-03T21:59:13Z</time></trkpt>
      <trkpt lat="41.30558661650866" lon="-81.78133078850806"><ele>212</ele><time>2026-07-03T21:59:16Z</time></trkpt>
      <trkpt lat="41.30542861763388" lon="-81.78106759674847"><ele>212</ele><time>2026-07-03T21:59:19Z</time></trkpt>
      <trkpt lat="41.30528264679015" lon="-81.78079627454281"><ele>212</ele><time>2026-07-03T21:59:22Z</time></trkpt>
      <trkpt lat="41.30511819384992" lon="-81.78052470088005"><ele>212</ele><time>2026-07-03T21:59:25Z</time></trkpt>
      <trkpt lat="41.30496681667864" lon="-81.78021197207272"><ele>211</ele><time>2026-07-03T21:59:28Z</time></trkpt>
      <trkpt lat="41.304876585491" lon="-81.77987334318459"><ele>211</ele><time>2026-07-03T21:59:31Z</time></trkpt>
      <trkpt lat="41.304788030683994" lon="-81.77951920777559"><ele>211</ele><time>2026-07-03T21:59:34Z</time></trkpt>
      <trkpt lat="41.30472110118717" lon="-81.77919206209481"><ele>212</ele><time>2026-07-03T21:59:37Z</time></trkpt>
      <trkpt lat="41.3047185447067" lon="-81.77887598052621"><ele>212</ele><time>2026-07-03T21:59:40Z</time></trkpt>
      <trkpt lat="41.304728519171476" lon="-81.7785381898284"><ele>215</ele><time>2026-07-03T21:59:43Z</time></trkpt>
      <trkpt lat="41.304644364863634" lon="-81.77823141217232"><ele>215</ele><time>2026-07-03T21:59:46Z</time></trkpt>
      <trkpt lat="41.304554720409214" lon="-81.7779300827533"><ele>215</ele><time>2026-07-03T21:59:49Z</time></trkpt>
      <trkpt lat="41.304476098157465" lon="-81.7775867599994"><ele>216</ele><time>2026-07-03T21:59:52Z</time></trkpt>
      <trkpt lat="41.304397475905716" lon="-81.77722449414432"><ele>215</ele><time>2026-07-03T21:59:55Z</time></trkpt>
      <trkpt lat="41.30429467186332" lon="-81.77687253803015"><ele>215</ele><time>2026-07-03T21:59:58Z</time></trkpt>
      <trkpt lat="41.304211732931435" lon="-81.77651823498309"><ele>217</ele><time>2026-07-03T22:00:01Z</time></trkpt>
      <trkpt lat="41.30414786282927" lon="-81.77618220448494"><ele>217</ele><time>2026-07-03T22:00:04Z</time></trkpt>
      <trkpt lat="41.304079592227936" lon="-81.77583795972168"><ele>218</ele><time>2026-07-03T22:00:07Z</time></trkpt>
      <trkpt lat="41.30399045068771" lon="-81.77548893727362"><ele>219</ele><time>2026-07-03T22:00:10Z</time></trkpt>
      <trkpt lat="41.30390889476985" lon="-81.77515701390803"><ele>218</ele><time>2026-07-03T22:00:13Z</time></trkpt>
      <trkpt lat="41.30382126197219" lon="-81.774818636477"><ele>217</ele><time>2026-07-03T22:00:16Z</time></trkpt>
      <trkpt lat="41.30376988090575" lon="-81.77448922768235"><ele>217</ele><time>2026-07-03T22:00:19Z</time></trkpt>
      <trkpt lat="41.30372474435717" lon="-81.77417675033212"><ele>217</ele><time>2026-07-03T22:00:22Z</time></trkpt>
      <trkpt lat="41.30363480653614" lon="-81.77385237067938"><ele>215</ele><time>2026-07-03T22:00:25Z</time></trkpt>
      <trkpt lat="41.30352764390409" lon="-81.77355548366904"><ele>215</ele><time>2026-07-03T22:00:28Z</time></trkpt>
      <trkpt lat="41.30340493284166" lon="-81.77325490862131"><ele>216</ele><time>2026-07-03T22:00:31Z</time></trkpt>
      <trkpt lat="41.30326512269676" lon="-81.77297009155154"><ele>215</ele><time>2026-07-03T22:00:34Z</time></trkpt>
      <trkpt lat="41.30311818793416" lon="-81.77268980070949"><ele>216</ele><time>2026-07-03T22:00:37Z</time></trkpt>
      <trkpt lat="41.302971630357206" lon="-81.77240313962102"><ele>215</ele><time>2026-07-03T22:00:40Z</time></trkpt>
      <trkpt lat="41.302792257629335" lon="-81.7721763253212"><ele>215</ele><time>2026-07-03T22:00:43Z</time></trkpt>
      <trkpt lat="41.30260986741632" lon="-81.77191724069417"><ele>216</ele><time>2026-07-03T22:00:46Z</time></trkpt>
      <trkpt lat="41.302525755017996" lon="-81.77159889601171"><ele>215</ele><time>2026-07-03T22:00:49Z</time></trkpt>
      <trkpt lat="41.30242106504738" lon="-81.77130309864879"><ele>214</ele><time>2026-07-03T22:00:52Z</time></trkpt>
      <trkpt lat="41.30235744640231" lon="-81.77100654691458"><ele>215</ele><time>2026-07-03T22:00:55Z</time></trkpt>
      <trkpt lat="41.30233351606876" lon="-81.77068552002311"><ele>215</ele><time>2026-07-03T22:00:58Z</time></trkpt>
      <trkpt lat="41.302261389791965" lon="-81.77038561552763"><ele>217</ele><time>2026-07-03T22:01:01Z</time></trkpt>
      <trkpt lat="41.302280207164586" lon="-81.7700797598809"><ele>218</ele><time>2026-07-03T22:01:04Z</time></trkpt>
      <trkpt lat="41.3023616373539" lon="-81.7697895783931"><ele>217</ele><time>2026-07-03T22:01:07Z</time></trkpt>
      <trkpt lat="41.30244901869446" lon="-81.76955614238977"><ele>216</ele><time>2026-07-03T22:01:10Z</time></trkpt>
      <trkpt lat="41.30253116134554" lon="-81.76929580047727"><ele>216</ele><time>2026-07-03T22:01:13Z</time></trkpt>
      <trkpt lat="41.30259079858661" lon="-81.76903009414673"><ele>216</ele><time>2026-07-03T22:01:16Z</time></trkpt>
      <trkpt lat="41.30259545054287" lon="-81.76876631565392"><ele>216</ele><time>2026-07-03T22:01:19Z</time></trkpt>
      <trkpt lat="41.30258765537292" lon="-81.768430871889"><ele>216</ele><time>2026-07-03T22:01:22Z</time></trkpt>
      <trkpt lat="41.30258962512016" lon="-81.76809039898217"><ele>218</ele><time>2026-07-03T22:01:25Z</time></trkpt>
      <trkpt lat="41.30260261707008" lon="-81.76775386556983"><ele>218</ele><time>2026-07-03T22:01:28Z</time></trkpt>
      <trkpt lat="41.302633713930845" lon="-81.76743485033512"><ele>218</ele><time>2026-07-03T22:01:31Z</time></trkpt>
      <trkpt lat="41.3026431016624" lon="-81.76714165136218"><ele>217</ele><time>2026-07-03T22:01:34Z</time></trkpt>
      <trkpt lat="41.302601736970246" lon="-81.76684426143765"><ele>218</ele><time>2026-07-03T22:01:37Z</time></trkpt>
      <trkpt lat="41.30259046331048" lon="-81.76652901805937"><ele>219</ele><time>2026-07-03T22:01:40Z</time></trkpt>
      <trkpt lat="41.30256929900497" lon="-81.76620790734887"><ele>219</ele><time>2026-07-03T22:01:43Z</time></trkpt>
      <trkpt lat="41.30255706142634" lon="-81.76585176028311"><ele>219</ele><time>2026-07-03T22:01:46Z</time></trkpt>
      <trkpt lat="41.30253493320197" lon="-81.76551690325141"><ele>219</ele><time>2026-07-03T22:01:49Z</time></trkpt>
      <trkpt lat="41.30254423711449" lon="-81.7652137298137"><ele>219</ele><time>2026-07-03T22:01:52Z</time></trkpt>
      <trkpt lat="41.302555217407644" lon="-81.7649404797703"><ele>219</ele><time>2026-07-03T22:01:55Z</time></trkpt>
      <trkpt lat="41.30250559654087" lon="-81.76466815173626"><ele>219</ele><time>2026-07-03T22:01:58Z</time></trkpt>
      <trkpt lat="41.30247772671282" lon="-81.76439557224512"><ele>221</ele><time>2026-07-03T22:02:01Z</time></trkpt>
      <trkpt lat="41.30243619438261" lon="-81.76408007740974"><ele>221</ele><time>2026-07-03T22:02:04Z</time></trkpt>
      <trkpt lat="41.30245010834187" lon="-81.76377162337303"><ele>221</ele><time>2026-07-03T22:02:07Z</time></trkpt>
      <trkpt lat="41.302490970119834" lon="-81.76344389095902"><ele>220</ele><time>2026-07-03T22:02:10Z</time></trkpt>
      <trkpt lat="41.30258086603135" lon="-81.76316108554602"><ele>220</ele><time>2026-07-03T22:02:13Z</time></trkpt>
      <trkpt lat="41.302681574597955" lon="-81.76288490183651"><ele>220</ele><time>2026-07-03T22:02:16Z</time></trkpt>
      <trkpt lat="41.30279678385705" lon="-81.76261089742184"><ele>220</ele><time>2026-07-03T22:02:19Z</time></trkpt>
      <trkpt lat="41.30294476635754" lon="-81.76236388273537"><ele>220</ele><time>2026-07-03T22:02:22Z</time></trkpt>
      <trkpt lat="41.3030762784183" lon="-81.76210781559348"><ele>220</ele><time>2026-07-03T22:02:25Z</time></trkpt>
      <trkpt lat="41.30321512464434" lon="-81.76192500628531"><ele>222</ele><time>2026-07-03T22:02:28Z</time></trkpt>
      <trkpt lat="41.30326097365469" lon="-81.76173347979784"><ele>223</ele><time>2026-07-03T22:02:31Z</time></trkpt>
      <trkpt lat="41.30324563477188" lon="-81.76153767853975"><ele>221</ele><time>2026-07-03T22:02:34Z</time></trkpt>
      <trkpt lat="41.30325049627572" lon="-81.7613887321204"><ele>222</ele><time>2026-07-03T22:02:37Z</time></trkpt>
      <trkpt lat="41.303253220394254" lon="-81.76126509904861"><ele>222</ele><time>2026-07-03T22:02:40Z</time></trkpt>
      <trkpt lat="41.30325791426003" lon="-81.76115839742124"><ele>223</ele><time>2026-07-03T22:02:43Z</time></trkpt>
      <trkpt lat="41.30325883626938" lon="-81.76106359809637"><ele>223</ele><time>2026-07-03T22:02:46Z</time></trkpt>
      <trkpt lat="41.3032551901415" lon="-81.76099712960422"><ele>223</ele><time>2026-07-03T22:02:49Z</time></trkpt>
      <trkpt lat="41.303254435770214" lon="-81.76092219538987"><ele>223</ele><time>2026-07-03T22:02:52Z</time></trkpt>
      <trkpt lat="41.303265960887074" lon="-81.76085690036416"><ele>224</ele><time>2026-07-03T22:02:55Z</time></trkpt>
      <trkpt lat="41.30327492952347" lon="-81.76078875549138"><ele>224</ele><time>2026-07-03T22:02:58Z</time></trkpt>
      <trkpt lat="41.30330342799425" lon="-81.7606524657458"><ele>224</ele><time>2026-07-03T22:03:01Z</time></trkpt>
      <trkpt lat="41.30329697392881" lon="-81.76049279049039"><ele>225</ele><time>2026-07-03T22:03:04Z</time></trkpt>
      <trkpt lat="41.30329081322998" lon="-81.76041064783931"><ele>225</ele><time>2026-07-03T22:03:07Z</time></trkpt>
      <trkpt lat="41.303276270627975" lon="-81.76034183241427"><ele>225</ele><time>2026-07-03T22:03:10Z</time></trkpt>
      <trkpt lat="41.30327836610377" lon="-81.76028206944466"><ele>226</ele><time>2026-07-03T22:03:13Z</time></trkpt>
      <trkpt lat="41.30327279213816" lon="-81.76020428538322"><ele>226</ele><time>2026-07-03T22:03:17Z</time></trkpt>
      <trkpt lat="41.30327044520527" lon="-81.76013236865401"><ele>225</ele><time>2026-07-03T22:03:20Z</time></trkpt>
      <trkpt lat="41.30326943937689" lon="-81.760063637048"><ele>225</ele><time>2026-07-03T22:03:23Z</time></trkpt>
      <trkpt lat="41.303254812955856" lon="-81.7600070592016"><ele>224</ele><time>2026-07-03T22:03:26Z</time></trkpt>
      <trkpt lat="41.30325154401362" lon="-81.75993262790143"><ele>224</ele><time>2026-07-03T22:03:29Z</time></trkpt>
      <trkpt lat="41.30324131809175" lon="-81.75986473448575"><ele>224</ele><time>2026-07-03T22:03:32Z</time></trkpt>
      <trkpt lat="41.30323415156454" lon="-81.75978661514819"><ele>224</ele><time>2026-07-03T22:03:35Z</time></trkpt>
      <trkpt lat="41.30323322955519" lon="-81.75970137119293"><ele>225</ele><time>2026-07-03T22:03:38Z</time></trkpt>
      <trkpt lat="41.303221955895424" lon="-81.75962107256055"><ele>225</ele><time>2026-07-03T22:03:41Z</time></trkpt>
      <trkpt lat="41.30321457982063" lon="-81.75954161211848"><ele>226</ele><time>2026-07-03T22:03:44Z</time></trkpt>
      <trkpt lat="41.303210514597595" lon="-81.75946231931448"><ele>226</ele><time>2026-07-03T22:03:47Z</time></trkpt>
      <trkpt lat="41.303207622841" lon="-81.75932225771248"><ele>226</ele><time>2026-07-03T22:03:50Z</time></trkpt>
      <trkpt lat="41.30319823510945" lon="-81.7590744048357"><ele>225</ele><time>2026-07-03T22:03:53Z</time></trkpt>
      <trkpt lat="41.303182393312454" lon="-81.75881045870483"><ele>226</ele><time>2026-07-03T22:03:56Z</time></trkpt>
      <trkpt lat="41.30317619070411" lon="-81.75854248926044"><ele>227</ele><time>2026-07-03T22:03:59Z</time></trkpt>
      <trkpt lat="41.30317191593349" lon="-81.7582331970334"><ele>228</ele><time>2026-07-03T22:04:02Z</time></trkpt>
      <trkpt lat="41.30317899864167" lon="-81.75792826339602"><ele>229</ele><time>2026-07-03T22:04:05Z</time></trkpt>
      <trkpt lat="41.30317472387105" lon="-81.75762324593961"><ele>229</ele><time>2026-07-03T22:04:08Z</time></trkpt>
      <trkpt lat="41.30319672636688" lon="-81.75732552073896"><ele>230</ele><time>2026-07-03T22:04:11Z</time></trkpt>
      <trkpt lat="41.3032248057425" lon="-81.75702846609056"><ele>231</ele><time>2026-07-03T22:04:14Z</time></trkpt>
      <trkpt lat="41.303246724419296" lon="-81.75671917386353"><ele>230</ele><time>2026-07-03T22:04:17Z</time></trkpt>
      <trkpt lat="41.30325527396053" lon="-81.75641222856939"><ele>231</ele><time>2026-07-03T22:04:20Z</time></trkpt>
      <trkpt lat="41.30326520651579" lon="-81.75609229132533"><ele>232</ele><time>2026-07-03T22:04:23Z</time></trkpt>
      <trkpt lat="41.303279623389244" lon="-81.75576531328261"><ele>233</ele><time>2026-07-03T22:04:26Z</time></trkpt>
      <trkpt lat="41.30327413324267" lon="-81.75544872879982"><ele>234</ele><time>2026-07-03T22:04:29Z</time></trkpt>
      <trkpt lat="41.30325933918357" lon="-81.7551283724606"><ele>233</ele><time>2026-07-03T22:04:32Z</time></trkpt>
      <trkpt lat="41.30327652208507" lon="-81.75480877049267"><ele>233</ele><time>2026-07-03T22:04:35Z</time></trkpt>
      <trkpt lat="41.30328025203198" lon="-81.75449654459953"><ele>233</ele><time>2026-07-03T22:04:38Z</time></trkpt>
      <trkpt lat="41.303272331133485" lon="-81.75426118075848"><ele>232</ele><time>2026-07-03T22:04:41Z</time></trkpt>
      <trkpt lat="41.30327048711479" lon="-81.75416101701558"><ele>232</ele><time>2026-07-03T22:04:44Z</time></trkpt>
      <trkpt lat="41.303264452144504" lon="-81.75398969091475"><ele>233</ele><time>2026-07-03T22:04:47Z</time></trkpt>
      <trkpt lat="41.30325686652213" lon="-81.75373781472445"><ele>233</ele><time>2026-07-03T22:04:50Z</time></trkpt>
      <trkpt lat="41.30324089899659" lon="-81.75344528630376"><ele>233</ele><time>2026-07-03T22:04:53Z</time></trkpt>
      <trkpt lat="41.30322191398591" lon="-81.75312652252614"><ele>232</ele><time>2026-07-03T22:04:56Z</time></trkpt>
      <trkpt lat="41.30322271026671" lon="-81.75284145399928"><ele>232</ele><time>2026-07-03T22:04:59Z</time></trkpt>
      <trkpt lat="41.30321038886905" lon="-81.75255755893886"><ele>233</ele><time>2026-07-03T22:05:02Z</time></trkpt>
      <trkpt lat="41.30318893119693" lon="-81.75223871134222"><ele>234</ele><time>2026-07-03T22:05:05Z</time></trkpt>
      <trkpt lat="41.30317153874785" lon="-81.75193000584841"><ele>234</ele><time>2026-07-03T22:05:08Z</time></trkpt>
      <trkpt lat="41.30314249545336" lon="-81.75161635503173"><ele>235</ele><time>2026-07-03T22:05:11Z</time></trkpt>
      <trkpt lat="41.30312263034284" lon="-81.75129298120737"><ele>235</ele><time>2026-07-03T22:05:14Z</time></trkpt>
      <trkpt lat="41.303102346137166" lon="-81.75095787271857"><ele>236</ele><time>2026-07-03T22:05:17Z</time></trkpt>
      <trkpt lat="41.30308206193149" lon="-81.75062946975231"><ele>236</ele><time>2026-07-03T22:05:20Z</time></trkpt>
      <trkpt lat="41.30307925399393" lon="-81.75032361410558"><ele>236</ele><time>2026-07-03T22:05:23Z</time></trkpt>
      <trkpt lat="41.303063998930156" lon="-81.74998473376036"><ele>236</ele><time>2026-07-03T22:05:26Z</time></trkpt>
      <trkpt lat="41.30304643884301" lon="-81.74965222366154"><ele>236</ele><time>2026-07-03T22:05:29Z</time></trkpt>
      <trkpt lat="41.303032357245684" lon="-81.74931870773435"><ele>237</ele><time>2026-07-03T22:05:32Z</time></trkpt>
      <trkpt lat="41.30302544217557" lon="-81.74901830032468"><ele>238</ele><time>2026-07-03T22:05:35Z</time></trkpt>
      <trkpt lat="41.30300012882799" lon="-81.74871739000082"><ele>237</ele><time>2026-07-03T22:05:38Z</time></trkpt>
      <trkpt lat="41.30297242663801" lon="-81.74841153435409"><ele>238</ele><time>2026-07-03T22:05:41Z</time></trkpt>
      <trkpt lat="41.302928631193936" lon="-81.74813057295978"><ele>239</ele><time>2026-07-03T22:05:44Z</time></trkpt>
      <trkpt lat="41.30288973916322" lon="-81.74794591963291"><ele>240</ele><time>2026-07-03T22:05:47Z</time></trkpt>
      <trkpt lat="41.3028762023896" lon="-81.74783821217716"><ele>239</ele><time>2026-07-03T22:05:50Z</time></trkpt>
      <trkpt lat="41.30286761093885" lon="-81.74770066514611"><ele>239</ele><time>2026-07-03T22:05:53Z</time></trkpt>
      <trkpt lat="41.30284535698593" lon="-81.74749673344195"><ele>239</ele><time>2026-07-03T22:05:56Z</time></trkpt>
      <trkpt lat="41.30281216464937" lon="-81.74725223332644"><ele>239</ele><time>2026-07-03T22:05:59Z</time></trkpt>
      <trkpt lat="41.302783456631005" lon="-81.74698007293046"><ele>240</ele><time>2026-07-03T22:06:02Z</time></trkpt>
      <trkpt lat="41.30275034811348" lon="-81.7466810066253"><ele>241</ele><time>2026-07-03T22:06:05Z</time></trkpt>
      <trkpt lat="41.30271937698126" lon="-81.74635360948741"><ele>241</ele><time>2026-07-03T22:06:08Z</time></trkpt>
      <trkpt lat="41.302696033380926" lon="-81.7460295651108"><ele>241</ele><time>2026-07-03T22:06:11Z</time></trkpt>
      <trkpt lat="41.302684508264065" lon="-81.74570728093386"><ele>242</ele><time>2026-07-03T22:06:14Z</time></trkpt>
      <trkpt lat="41.30267625208944" lon="-81.74537787213922"><ele>242</ele><time>2026-07-03T22:06:17Z</time></trkpt>
      <trkpt lat="41.302706049755216" lon="-81.74506380222738"><ele>243</ele><time>2026-07-03T22:06:20Z</time></trkpt>
      <trkpt lat="41.302706552669406" lon="-81.74476959742606"><ele>243</ele><time>2026-07-03T22:06:23Z</time></trkpt>
      <trkpt lat="41.302670342847705" lon="-81.74447849392891"><ele>243</ele><time>2026-07-03T22:06:26Z</time></trkpt>
      <trkpt lat="41.30268828012049" lon="-81.74418085254729"><ele>244</ele><time>2026-07-03T22:06:29Z</time></trkpt>
      <trkpt lat="41.30273333285004" lon="-81.74387558363378"><ele>245</ele><time>2026-07-03T22:06:32Z</time></trkpt>
      <trkpt lat="41.30279372446239" lon="-81.74360970966518"><ele>247</ele><time>2026-07-03T22:06:35Z</time></trkpt>
      <trkpt lat="41.302854283712804" lon="-81.74331382848322"><ele>248</ele><time>2026-07-03T22:06:38Z</time></trkpt>
      <trkpt lat="41.30290734115988" lon="-81.7430148459971"><ele>248</ele><time>2026-07-03T22:06:41Z</time></trkpt>
      <trkpt lat="41.302969409152865" lon="-81.74274017103016"><ele>250</ele><time>2026-07-03T22:06:44Z</time></trkpt>
      <trkpt lat="41.303030932322145" lon="-81.74245753325522"><ele>250</ele><time>2026-07-03T22:06:47Z</time></trkpt>
      <trkpt lat="41.3030762784183" lon="-81.74216450192034"><ele>252</ele><time>2026-07-03T22:06:50Z</time></trkpt>
      <trkpt lat="41.303072297014296" lon="-81.74187993630767"><ele>252</ele><time>2026-07-03T22:06:53Z</time></trkpt>
      <trkpt lat="41.303098113276064" lon="-81.74163241870701"><ele>252</ele><time>2026-07-03T22:06:56Z</time></trkpt>
      <trkpt lat="41.303135328926146" lon="-81.74141868017614"><ele>252</ele><time>2026-07-03T22:06:59Z</time></trkpt>
      <trkpt lat="41.303165880963206" lon="-81.74119211733341"><ele>252</ele><time>2026-07-03T22:07:02Z</time></trkpt>
      <trkpt lat="41.303166802972555" lon="-81.74096773378551"><ele>252</ele><time>2026-07-03T22:07:05Z</time></trkpt>
      <trkpt lat="41.3031584629789" lon="-81.74067973159254"><ele>251</ele><time>2026-07-03T22:07:08Z</time></trkpt>
      <trkpt lat="41.303150206804276" lon="-81.7403918132186"><ele>251</ele><time>2026-07-03T22:07:11Z</time></trkpt>
      <trkpt lat="41.30313562229276" lon="-81.74013507552445"><ele>251</ele><time>2026-07-03T22:07:14Z</time></trkpt>
      <trkpt lat="41.30311596672982" lon="-81.73990256153047"><ele>251</ele><time>2026-07-03T22:07:17Z</time></trkpt>
      <trkpt lat="41.30309170112014" lon="-81.73965697176754"><ele>252</ele><time>2026-07-03T22:07:20Z</time></trkpt>
      <trkpt lat="41.30306466948241" lon="-81.73939269036055"><ele>252</ele><time>2026-07-03T22:07:23Z</time></trkpt>
      <trkpt lat="41.30302669946104" lon="-81.73909940756857"><ele>255</ele><time>2026-07-03T22:07:26Z</time></trkpt>
      <trkpt lat="41.302998829633" lon="-81.73883236013353"><ele>257</ele><time>2026-07-03T22:07:29Z</time></trkpt>
      <trkpt lat="41.30295587237924" lon="-81.73855039291084"><ele>260</ele><time>2026-07-03T22:07:32Z</time></trkpt>
      <trkpt lat="41.302913250401616" lon="-81.73825685866177"><ele>263</ele><time>2026-07-03T22:07:35Z</time></trkpt>
      <trkpt lat="41.30287942942232" lon="-81.73794153146446"><ele>267</ele><time>2026-07-03T22:07:38Z</time></trkpt>
      <trkpt lat="41.302873897366226" lon="-81.73763810656965"><ele>272</ele><time>2026-07-03T22:07:41Z</time></trkpt>
      <trkpt lat="41.302832323126495" lon="-81.73736519180238"><ele>275</ele><time>2026-07-03T22:07:44Z</time></trkpt>
      <trkpt lat="41.30281828343868" lon="-81.73708582296968"><ele>279</ele><time>2026-07-03T22:07:47Z</time></trkpt>
      <trkpt lat="41.30274305585772" lon="-81.73682145774364"><ele>281</ele><time>2026-07-03T22:07:50Z</time></trkpt>
      <trkpt lat="41.30268245469779" lon="-81.73654678277671"><ele>284</ele><time>2026-07-03T22:07:53Z</time></trkpt>
      <trkpt lat="41.30268040113151" lon="-81.73622969537973"><ele>286</ele><time>2026-07-03T22:07:56Z</time></trkpt>
      <trkpt lat="41.30266925320029" lon="-81.73591956496239"><ele>288</ele><time>2026-07-03T22:07:59Z</time></trkpt>
      <trkpt lat="41.30263618659228" lon="-81.73571077175438"><ele>289</ele><time>2026-07-03T22:08:02Z</time></trkpt>
      <trkpt lat="41.302602952346206" lon="-81.73559904098511"><ele>291</ele><time>2026-07-03T22:08:05Z</time></trkpt>
      <trkpt lat="41.30258954130113" lon="-81.73551438376307"><ele>292</ele><time>2026-07-03T22:08:13Z</time></trkpt>
      <trkpt lat="41.302554504945874" lon="-81.73541748896241"><ele>293</ele><time>2026-07-03T22:08:16Z</time></trkpt>
      <trkpt lat="41.30248573143035" lon="-81.73538957722485"><ele>294</ele><time>2026-07-03T22:08:19Z</time></trkpt>
      <trkpt lat="41.30241934675723" lon="-81.7353884037584"><ele>296</ele><time>2026-07-03T22:08:25Z</time></trkpt>
      <trkpt lat="41.302303886041045" lon="-81.73541153781116"><ele>297</ele><time>2026-07-03T22:08:28Z</time></trkpt>
      <trkpt lat="41.30224475171417" lon="-81.7352573107928"><ele>296</ele><time>2026-07-03T22:08:31Z</time></trkpt>
      <trkpt lat="41.302190478891134" lon="-81.73501188866794"><ele>297</ele><time>2026-07-03T22:08:34Z</time></trkpt>
      <trkpt lat="41.30215959157795" lon="-81.73477384261787"><ele>300</ele><time>2026-07-03T22:08:37Z</time></trkpt>
      <trkpt lat="41.30212656687945" lon="-81.73454568721354"><ele>301</ele><time>2026-07-03T22:08:40Z</time></trkpt>
      <trkpt lat="41.30212199874222" lon="-81.7342937272042"><ele>303</ele><time>2026-07-03T22:08:43Z</time></trkpt>
      <trkpt lat="41.3021153351292" lon="-81.73402181826532"><ele>304</ele><time>2026-07-03T22:08:46Z</time></trkpt>
      <trkpt lat="41.302116424776614" lon="-81.73375032842159"><ele>306</ele><time>2026-07-03T22:08:49Z</time></trkpt>
      <trkpt lat="41.30215653218329" lon="-81.73348277807236"><ele>307</ele><time>2026-07-03T22:08:52Z</time></trkpt>
      <trkpt lat="41.30217178724706" lon="-81.73321514390409"><ele>309</ele><time>2026-07-03T22:08:55Z</time></trkpt>
      <trkpt lat="41.302186162211" lon="-81.73292135819793"><ele>310</ele><time>2026-07-03T22:08:58Z</time></trkpt>
      <trkpt lat="41.302182683721185" lon="-81.73261810094118"><ele>311</ele><time>2026-07-03T22:09:01Z</time></trkpt>
      <trkpt lat="41.3021803367883" lon="-81.73233856447041"><ele>311</ele><time>2026-07-03T22:09:04Z</time></trkpt>
      <trkpt lat="41.302148778922856" lon="-81.73205165192485"><ele>312</ele><time>2026-07-03T22:09:07Z</time></trkpt>
      <trkpt lat="41.30208754912019" lon="-81.73177001997828"><ele>312</ele><time>2026-07-03T22:09:10Z</time></trkpt>
      <trkpt lat="41.302014542743564" lon="-81.73149609938264"><ele>312</ele><time>2026-07-03T22:09:13Z</time></trkpt>
      <trkpt lat="41.30193160381168" lon="-81.73121597617865"><ele>312</ele><time>2026-07-03T22:09:16Z</time></trkpt>
      <trkpt lat="41.301822094246745" lon="-81.730971140787"><ele>313</ele><time>2026-07-03T22:09:19Z</time></trkpt>
      <trkpt lat="41.301681571640074" lon="-81.73073678277433"><ele>314</ele><time>2026-07-03T22:09:22Z</time></trkpt>
      <trkpt lat="41.30158932879567" lon="-81.73049362376332"><ele>314</ele><time>2026-07-03T22:09:25Z</time></trkpt>
      <trkpt lat="41.301546706818044" lon="-81.7302186973393"><ele>316</ele><time>2026-07-03T22:09:28Z</time></trkpt>
      <trkpt lat="41.30145924165845" lon="-81.72999615781009"><ele>315</ele><time>2026-07-03T22:09:31Z</time></trkpt>
      <trkpt lat="41.30133984144777" lon="-81.72977990470827"><ele>316</ele><time>2026-07-03T22:09:34Z</time></trkpt>
      <trkpt lat="41.30131779704243" lon="-81.7295141145587"><ele>316</ele><time>2026-07-03T22:09:37Z</time></trkpt>
      <trkpt lat="41.3012759713456" lon="-81.7292500846088"><ele>316</ele><time>2026-07-03T22:09:40Z</time></trkpt>
      <trkpt lat="41.30122262053192" lon="-81.72897415235639"><ele>316</ele><time>2026-07-03T22:09:43Z</time></trkpt>
      <trkpt lat="41.3011882128194" lon="-81.72866838052869"><ele>316</ele><time>2026-07-03T22:09:46Z</time></trkpt>
      <trkpt lat="41.30114265717566" lon="-81.72833519987762"><ele>316</ele><time>2026-07-03T22:09:49Z</time></trkpt>
      <trkpt lat="41.30114994943142" lon="-81.7280359659344"><ele>316</ele><time>2026-07-03T22:09:52Z</time></trkpt>
      <trkpt lat="41.30115367937833" lon="-81.72774913720787"><ele>316</ele><time>2026-07-03T22:09:55Z</time></trkpt>
      <trkpt lat="41.30114965606481" lon="-81.72748929820955"><ele>316</ele><time>2026-07-03T22:09:58Z</time></trkpt>
      <trkpt lat="41.30117601715028" lon="-81.72722510062158"><ele>315</ele><time>2026-07-03T22:10:01Z</time></trkpt>
      <trkpt lat="41.30119315814227" lon="-81.72694070264697"><ele>315</ele><time>2026-07-03T22:10:04Z</time></trkpt>
      <trkpt lat="41.30119898356497" lon="-81.72661607153714"><ele>315</ele><time>2026-07-03T22:10:07Z</time></trkpt>
      <trkpt lat="41.301169311627746" lon="-81.72626302577555"><ele>314</ele><time>2026-07-03T22:10:10Z</time></trkpt>
      <trkpt lat="41.301170233637094" lon="-81.7259359639138"><ele>314</ele><time>2026-07-03T22:10:13Z</time></trkpt>
      <trkpt lat="41.301177106797695" lon="-81.72564653679729"><ele>312</ele><time>2026-07-03T22:10:16Z</time></trkpt>
      <trkpt lat="41.3011906016618" lon="-81.72533246688545"><ele>312</ele><time>2026-07-03T22:10:19Z</time></trkpt>
      <trkpt lat="41.301186326891184" lon="-81.72501680441201"><ele>311</ele><time>2026-07-03T22:10:22Z</time></trkpt>
      <trkpt lat="41.30119651090354" lon="-81.724823853001"><ele>311</ele><time>2026-07-03T22:10:25Z</time></trkpt>
      <trkpt lat="41.30123364273459" lon="-81.72472788020968"><ele>311</ele><time>2026-07-03T22:10:28Z</time></trkpt>
      <trkpt lat="41.30124026443809" lon="-81.72465520910919"><ele>310</ele><time>2026-07-03T22:10:31Z</time></trkpt>
      <trkpt lat="41.301233349367976" lon="-81.72447332181036"><ele>310</ele><time>2026-07-03T22:10:34Z</time></trkpt>
      <trkpt lat="41.30116088781506" lon="-81.72426503151655"><ele>310</ele><time>2026-07-03T22:10:37Z</time></trkpt>
      <trkpt lat="41.301192990504205" lon="-81.72398893162608"><ele>310</ele><time>2026-07-03T22:10:40Z</time></trkpt>
      <trkpt lat="41.30122194997966" lon="-81.72368458472192"><ele>310</ele><time>2026-07-03T22:10:43Z</time></trkpt>
      <trkpt lat="41.30118230357766" lon="-81.72336003743112"><ele>311</ele><time>2026-07-03T22:10:46Z</time></trkpt>
      <trkpt lat="41.30114353727549" lon="-81.72306247986853"><ele>309</ele><time>2026-07-03T22:10:49Z</time></trkpt>
      <trkpt lat="41.301144626922905" lon="-81.72276014462113"><ele>308</ele><time>2026-07-03T22:10:52Z</time></trkpt>
      <trkpt lat="41.30114106461406" lon="-81.7224598210305"><ele>307</ele><time>2026-07-03T22:10:55Z</time></trkpt>
      <trkpt lat="41.301144626922905" lon="-81.72216502949595"><ele>307</ele><time>2026-07-03T22:10:58Z</time></trkpt>
      <trkpt lat="41.3011681381613" lon="-81.72185079194605"><ele>307</ele><time>2026-07-03T22:11:01Z</time></trkpt>
      <trkpt lat="41.30122341681272" lon="-81.72151283361018"><ele>307</ele><time>2026-07-03T22:11:04Z</time></trkpt>
      <trkpt lat="41.301231128163636" lon="-81.72117906622589"><ele>306</ele><time>2026-07-03T22:11:07Z</time></trkpt>
      <trkpt lat="41.30119998939335" lon="-81.72088108956814"><ele>305</ele><time>2026-07-03T22:11:10Z</time></trkpt>
      <trkpt lat="41.301175095140934" lon="-81.72054916620255"><ele>305</ele><time>2026-07-03T22:11:13Z</time></trkpt>
      <trkpt lat="41.30120774265379" lon="-81.72024875879288"><ele>304</ele><time>2026-07-03T22:11:16Z</time></trkpt>
      <trkpt lat="41.301219309680164" lon="-81.71995430253446"><ele>303</ele><time>2026-07-03T22:11:19Z</time></trkpt>
      <trkpt lat="41.301189805381" lon="-81.71964383684099"><ele>302</ele><time>2026-07-03T22:11:22Z</time></trkpt>
      <trkpt lat="41.30117635242641" lon="-81.71933814883232"><ele>300</ele><time>2026-07-03T22:11:25Z</time></trkpt>
      <trkpt lat="41.3011813396588" lon="-81.71899231150746"><ele>299</ele><time>2026-07-03T22:11:28Z</time></trkpt>
      <trkpt lat="41.30117375403643" lon="-81.71867807395756"><ele>300</ele><time>2026-07-03T22:11:31Z</time></trkpt>
      <trkpt lat="41.30114508792758" lon="-81.71836693771183"><ele>300</ele><time>2026-07-03T22:11:34Z</time></trkpt>
      <trkpt lat="41.3011060282588" lon="-81.71804171986878"><ele>300</ele><time>2026-07-03T22:11:37Z</time></trkpt>
      <trkpt lat="41.30112010985613" lon="-81.71772429719567"><ele>299</ele><time>2026-07-03T22:11:40Z</time></trkpt>
      <trkpt lat="41.30116260610521" lon="-81.71741274185479"><ele>299</ele><time>2026-07-03T22:11:43Z</time></trkpt>
      <trkpt lat="41.30116113927215" lon="-81.71710948459804"><ele>299</ele><time>2026-07-03T22:11:46Z</time></trkpt>
      <trkpt lat="41.30117652006447" lon="-81.71680807135999"><ele>299</ele><time>2026-07-03T22:11:49Z</time></trkpt>
      <trkpt lat="41.301157493144274" lon="-81.71651219017804"><ele>300</ele><time>2026-07-03T22:11:52Z</time></trkpt>
      <trkpt lat="41.30116059444845" lon="-81.71624128706753"><ele>300</ele><time>2026-07-03T22:11:55Z</time></trkpt>
      <trkpt lat="41.30116788670421" lon="-81.71593626961112"><ele>301</ele><time>2026-07-03T22:11:58Z</time></trkpt>
      <trkpt lat="41.30115975625813" lon="-81.71565036289394"><ele>301</ele><time>2026-07-03T22:12:01Z</time></trkpt>
      <trkpt lat="41.30117652006447" lon="-81.71540276147425"><ele>301</ele><time>2026-07-03T22:12:04Z</time></trkpt>
      <trkpt lat="41.30118238739669" lon="-81.71512791886926"><ele>304</ele><time>2026-07-03T22:12:07Z</time></trkpt>
      <trkpt lat="41.30118184257299" lon="-81.71481602825224"><ele>305</ele><time>2026-07-03T22:12:10Z</time></trkpt>
      <trkpt lat="41.301183393225074" lon="-81.71449433080852"><ele>306</ele><time>2026-07-03T22:12:13Z</time></trkpt>
      <trkpt lat="41.30120225250721" lon="-81.71420222148299"><ele>308</ele><time>2026-07-03T22:12:16Z</time></trkpt>
      <trkpt lat="41.30121327470988" lon="-81.71390977688134"><ele>308</ele><time>2026-07-03T22:12:19Z</time></trkpt>
      <trkpt lat="41.3012302480638" lon="-81.71357626095414"><ele>310</ele><time>2026-07-03T22:12:22Z</time></trkpt>
      <trkpt lat="41.30123603157699" lon="-81.71325649134815"><ele>312</ele><time>2026-07-03T22:12:25Z</time></trkpt>
      <trkpt lat="41.3012130651623" lon="-81.71295776031911"><ele>316</ele><time>2026-07-03T22:12:28Z</time></trkpt>
      <trkpt lat="41.301174173131585" lon="-81.71268794685602"><ele>316</ele><time>2026-07-03T22:12:31Z</time></trkpt>
      <trkpt lat="41.301174592226744" lon="-81.7123871203512"><ele>319</ele><time>2026-07-03T22:12:34Z</time></trkpt>
      <trkpt lat="41.3012389652431" lon="-81.71211294829845"><ele>320</ele><time>2026-07-03T22:12:37Z</time></trkpt>
      <trkpt lat="41.30128267686814" lon="-81.71177063137293"><ele>322</ele><time>2026-07-03T22:12:40Z</time></trkpt>
      <trkpt lat="41.301258034072816" lon="-81.7114372830838"><ele>323</ele><time>2026-07-03T22:12:43Z</time></trkpt>
      <trkpt lat="41.301161642186344" lon="-81.71113461256027"><ele>322</ele><time>2026-07-03T22:12:46Z</time></trkpt>
      <trkpt lat="41.301078577525914" lon="-81.71082179993391"><ele>324</ele><time>2026-07-03T22:12:49Z</time></trkpt>
      <trkpt lat="41.301062777638435" lon="-81.7104805726558"><ele>324</ele><time>2026-07-03T22:12:52Z</time></trkpt>
      <trkpt lat="41.30105301272124" lon="-81.71019810251892"><ele>324</ele><time>2026-07-03T22:12:55Z</time></trkpt>
      <trkpt lat="41.301060263067484" lon="-81.70994706451893"><ele>325</ele><time>2026-07-03T22:12:58Z</time></trkpt>
      <trkpt lat="41.30105364136398" lon="-81.70968781225383"><ele>325</ele><time>2026-07-03T22:13:01Z</time></trkpt>
      <trkpt lat="41.301044672727585" lon="-81.7093615885824"><ele>325</ele><time>2026-07-03T22:13:04Z</time></trkpt>
      <trkpt lat="41.30105259362608" lon="-81.70902513898909"><ele>325</ele><time>2026-07-03T22:13:07Z</time></trkpt>
      <trkpt lat="41.3010750990361" lon="-81.70869933441281"><ele>325</ele><time>2026-07-03T22:13:10Z</time></trkpt>
      <trkpt lat="41.30104978568852" lon="-81.70837461948395"><ele>325</ele><time>2026-07-03T22:13:13Z</time></trkpt>
      <trkpt lat="41.30103168077767" lon="-81.70806172303855"><ele>326</ele><time>2026-07-03T22:13:16Z</time></trkpt>
      <trkpt lat="41.30102572962642" lon="-81.70767791569233"><ele>327</ele><time>2026-07-03T22:13:19Z</time></trkpt>
      <trkpt lat="41.30105674266815" lon="-81.70731355436146"><ele>327</ele><time>2026-07-03T22:13:22Z</time></trkpt>
      <trkpt lat="41.30103976931423" lon="-81.70696847140789"><ele>328</ele><time>2026-07-03T22:13:25Z</time></trkpt>
      <trkpt lat="41.30098956171423" lon="-81.70666806399822"><ele>328</ele><time>2026-07-03T22:13:28Z</time></trkpt>
      <trkpt lat="41.30097087007016" lon="-81.706363549456"><ele>327</ele><time>2026-07-03T22:13:31Z</time></trkpt>
      <trkpt lat="41.30101055838168" lon="-81.7060646507889"><ele>327</ele><time>2026-07-03T22:13:34Z</time></trkpt>
      <trkpt lat="41.30105779040605" lon="-81.70572769828141"><ele>327</ele><time>2026-07-03T22:13:37Z</time></trkpt>
      <trkpt lat="41.30103893112391" lon="-81.70539845712483"><ele>327</ele><time>2026-07-03T22:13:40Z</time></trkpt>
      <trkpt lat="41.300968481227756" lon="-81.70509377494454"><ele>327</ele><time>2026-07-03T22:13:43Z</time></trkpt>
      <trkpt lat="41.301012192852795" lon="-81.7047939542681"><ele>328</ele><time>2026-07-03T22:13:46Z</time></trkpt>
      <trkpt lat="41.30104429554194" lon="-81.70445448718965"><ele>328</ele><time>2026-07-03T22:13:49Z</time></trkpt>
      <trkpt lat="41.30103884730488" lon="-81.70407772064209"><ele>327</ele><time>2026-07-03T22:13:52Z</time></trkpt>
      <trkpt lat="41.3010499952361" lon="-81.70376658439636"><ele>327</ele><time>2026-07-03T22:13:55Z</time></trkpt>
      <trkpt lat="41.30106755532324" lon="-81.70347246341407"><ele>325</ele><time>2026-07-03T22:13:58Z</time></trkpt>
      <trkpt lat="41.301059550605714" lon="-81.70308882370591"><ele>325</ele><time>2026-07-03T22:14:01Z</time></trkpt>
      <trkpt lat="41.30103490781039" lon="-81.70268665999174"><ele>324</ele><time>2026-07-03T22:14:04Z</time></trkpt>
      <trkpt lat="41.301015838980675" lon="-81.70231291092932"><ele>323</ele><time>2026-07-03T22:14:07Z</time></trkpt>
      <trkpt lat="41.30102698691189" lon="-81.70197268947959"><ele>321</ele><time>2026-07-03T22:14:10Z</time></trkpt>
      <trkpt lat="41.301029711030424" lon="-81.70162567868829"><ele>320</ele><time>2026-07-03T22:14:13Z</time></trkpt>
      <trkpt lat="41.301034362986684" lon="-81.70128629542887"><ele>321</ele><time>2026-07-03T22:14:16Z</time></trkpt>
      <trkpt lat="41.3011345686391" lon="-81.70034584589303"><ele>309</ele><time>2026-07-03T22:14:26Z</time></trkpt>
      <trkpt lat="41.3010333571583" lon="-81.69992457143962"><ele>314</ele><time>2026-07-03T22:14:29Z</time></trkpt>
      <trkpt lat="41.300976988859475" lon="-81.69958099722862"><ele>317</ele><time>2026-07-03T22:14:32Z</time></trkpt>
      <trkpt lat="41.30096760112792" lon="-81.69925142079592"><ele>317</ele><time>2026-07-03T22:14:35Z</time></trkpt>
      <trkpt lat="41.30095226224512" lon="-81.6989175695926"><ele>316</ele><time>2026-07-03T22:14:38Z</time></trkpt>
      <trkpt lat="41.30091492086649" lon="-81.69859034009278"><ele>321</ele><time>2026-07-03T22:14:41Z</time></trkpt>
      <trkpt lat="41.30095448344946" lon="-81.69828926213086"><ele>320</ele><time>2026-07-03T22:14:44Z</time></trkpt>
      <trkpt lat="41.300991154275835" lon="-81.69806404039264"><ele>318</ele><time>2026-07-03T22:14:47Z</time></trkpt>
      <trkpt lat="41.30095779430121" lon="-81.69781459495425"><ele>316</ele><time>2026-07-03T22:14:50Z</time></trkpt>
      <trkpt lat="41.300990022718906" lon="-81.69751200824976"><ele>309</ele><time>2026-07-03T22:14:53Z</time></trkpt>
      <trkpt lat="41.30098666995764" lon="-81.69717622920871"><ele>310</ele><time>2026-07-03T22:14:56Z</time></trkpt>
      <trkpt lat="41.30097644403577" lon="-81.69680306687951"><ele>311</ele><time>2026-07-03T22:14:59Z</time></trkpt>
      <trkpt lat="41.300997817888856" lon="-81.69642940163612"><ele>314</ele><time>2026-07-03T22:15:02Z</time></trkpt>
      <trkpt lat="41.30102162249386" lon="-81.69608021155"><ele>316</ele><time>2026-07-03T22:15:05Z</time></trkpt>
      <trkpt lat="41.3010423257947" lon="-81.69573890045285"><ele>317</ele><time>2026-07-03T22:15:08Z</time></trkpt>
      <trkpt lat="41.301055401563644" lon="-81.69541116803885"><ele>316</ele><time>2026-07-03T22:15:11Z</time></trkpt>
      <trkpt lat="41.301043457351625" lon="-81.69511034153402"><ele>317</ele><time>2026-07-03T22:15:14Z</time></trkpt>
      <trkpt lat="41.30094899330288" lon="-81.69479954056442"><ele>315</ele><time>2026-07-03T22:15:17Z</time></trkpt>
      <trkpt lat="41.300916974432766" lon="-81.69446610845625"><ele>316</ele><time>2026-07-03T22:15:20Z</time></trkpt>
      <trkpt lat="41.300941365770996" lon="-81.69416762888432"><ele>316</ele><time>2026-07-03T22:15:23Z</time></trkpt>
      <trkpt lat="41.30091886036098" lon="-81.69385925866663"><ele>318</ele><time>2026-07-03T22:15:26Z</time></trkpt>
      <trkpt lat="41.300937216728926" lon="-81.69356513768435"><ele>318</ele><time>2026-07-03T22:15:29Z</time></trkpt>
      <trkpt lat="41.300944215618074" lon="-81.69325483962893"><ele>318</ele><time>2026-07-03T22:15:32Z</time></trkpt>
      <trkpt lat="41.30092611070722" lon="-81.69291973114014"><ele>319</ele><time>2026-07-03T22:15:35Z</time></trkpt>
      <trkpt lat="41.300904862582684" lon="-81.69259686022997"><ele>319</ele><time>2026-07-03T22:15:38Z</time></trkpt>
      <trkpt lat="41.30093704909086" lon="-81.69230055995286"><ele>320</ele><time>2026-07-03T22:15:41Z</time></trkpt>
      <trkpt lat="41.30095599219203" lon="-81.69203091412783"><ele>319</ele><time>2026-07-03T22:15:44Z</time></trkpt>
      <trkpt lat="41.300993375480175" lon="-81.69174584560096"><ele>321</ele><time>2026-07-03T22:15:47Z</time></trkpt>
      <trkpt lat="41.30097589921206" lon="-81.69141626916826"><ele>321</ele><time>2026-07-03T22:15:50Z</time></trkpt>
      <trkpt lat="41.300961188971996" lon="-81.69107219204307"><ele>321</ele><time>2026-07-03T22:15:53Z</time></trkpt>
      <trkpt lat="41.30102795083076" lon="-81.69074253179133"><ele>321</ele><time>2026-07-03T22:15:56Z</time></trkpt>
      <trkpt lat="41.30099790170789" lon="-81.69044095091522"><ele>322</ele><time>2026-07-03T22:15:59Z</time></trkpt>
      <trkpt lat="41.30090804770589" lon="-81.69017960317433"><ele>323</ele><time>2026-07-03T22:16:02Z</time></trkpt>
      <trkpt lat="41.30089991725981" lon="-81.68986947275698"><ele>324</ele><time>2026-07-03T22:16:05Z</time></trkpt>
      <trkpt lat="41.300930804573" lon="-81.6895647905767"><ele>324</ele><time>2026-07-03T22:16:08Z</time></trkpt>
      <trkpt lat="41.300973552279174" lon="-81.68925231322646"><ele>325</ele><time>2026-07-03T22:16:11Z</time></trkpt>
      <trkpt lat="41.300949370488524" lon="-81.68892650865018"><ele>325</ele><time>2026-07-03T22:16:14Z</time></trkpt>
      <trkpt lat="41.30091835744679" lon="-81.6886197309941"><ele>329</ele><time>2026-07-03T22:16:17Z</time></trkpt>
      <trkpt lat="41.300907083787024" lon="-81.68829451315105"><ele>330</ele><time>2026-07-03T22:16:20Z</time></trkpt>
      <trkpt lat="41.3008945947513" lon="-81.68796644546092"><ele>332</ele><time>2026-07-03T22:16:23Z</time></trkpt>
      <trkpt lat="41.30090075545013" lon="-81.6876703966409"><ele>334</ele><time>2026-07-03T22:16:26Z</time></trkpt>
      <trkpt lat="41.300891158171" lon="-81.68738407082856"><ele>335</ele><time>2026-07-03T22:16:29Z</time></trkpt>
      <trkpt lat="41.30089790560305" lon="-81.68706891126931"><ele>336</ele><time>2026-07-03T22:16:32Z</time></trkpt>
      <trkpt lat="41.30086475517601" lon="-81.68671142309904"><ele>335</ele><time>2026-07-03T22:16:35Z</time></trkpt>
      <trkpt lat="41.30081597249955" lon="-81.68636835180223"><ele>338</ele><time>2026-07-03T22:16:38Z</time></trkpt>
      <trkpt lat="41.3007857138291" lon="-81.68604305014014"><ele>338</ele><time>2026-07-03T22:16:41Z</time></trkpt>
      <trkpt lat="41.30076195113361" lon="-81.68571674264967"><ele>338</ele><time>2026-07-03T22:16:44Z</time></trkpt>
      <trkpt lat="41.30072976462543" lon="-81.68539948761463"><ele>337</ele><time>2026-07-03T22:16:47Z</time></trkpt>
      <trkpt lat="41.3007011404261" lon="-81.68517057783902"><ele>339</ele><time>2026-07-03T22:16:50Z</time></trkpt>
      <trkpt lat="41.300696111284196" lon="-81.68507535941899"><ele>340</ele><time>2026-07-03T22:16:53Z</time></trkpt>
      <trkpt lat="41.3006871426478" lon="-81.68500972911716"><ele>342</ele><time>2026-07-03T22:16:57Z</time></trkpt>
      <trkpt lat="41.300673563964665" lon="-81.68495155870914"><ele>343</ele><time>2026-07-03T22:17:01Z</time></trkpt>
      <trkpt lat="41.30068018566817" lon="-81.68488726951182"><ele>345</ele><time>2026-07-03T22:17:10Z</time></trkpt>
      <trkpt lat="41.30067058838904" lon="-81.68475114740431"><ele>345</ele><time>2026-07-03T22:17:13Z</time></trkpt>
      <trkpt lat="41.300643095746636" lon="-81.68459214270115"><ele>346</ele><time>2026-07-03T22:17:16Z</time></trkpt>
      <trkpt lat="41.30059326533228" lon="-81.68445727787912"><ele>347</ele><time>2026-07-03T22:17:19Z</time></trkpt>
      <trkpt lat="41.30052880849689" lon="-81.68427849188447"><ele>349</ele><time>2026-07-03T22:17:22Z</time></trkpt>
      <trkpt lat="41.30046682432294" lon="-81.68405008502305"><ele>349</ele><time>2026-07-03T22:17:25Z</time></trkpt>
      <trkpt lat="41.30048434250057" lon="-81.68380969204009"><ele>349</ele><time>2026-07-03T22:17:28Z</time></trkpt>
      <trkpt lat="41.30049272440374" lon="-81.68353929184377"><ele>349</ele><time>2026-07-03T22:17:31Z</time></trkpt>
      <trkpt lat="41.30045919679105" lon="-81.6832737531513"><ele>348</ele><time>2026-07-03T22:17:34Z</time></trkpt>
      <trkpt lat="41.30043099168688" lon="-81.68302145786583"><ele>349</ele><time>2026-07-03T22:17:37Z</time></trkpt>
      <trkpt lat="41.3003953685984" lon="-81.68276270851493"><ele>349</ele><time>2026-07-03T22:17:40Z</time></trkpt>
      <trkpt lat="41.30034683737904" lon="-81.68249708600342"><ele>349</ele><time>2026-07-03T22:17:43Z</time></trkpt>
      <trkpt lat="41.300377515144646" lon="-81.68225694447756"><ele>349</ele><time>2026-07-03T22:17:46Z</time></trkpt>
      <trkpt lat="41.300426800735295" lon="-81.68202216736972"><ele>348</ele><time>2026-07-03T22:17:49Z</time></trkpt>
      <trkpt lat="41.30043828394264" lon="-81.68175855651498"><ele>348</ele><time>2026-07-03T22:17:52Z</time></trkpt>
      <trkpt lat="41.300472230650485" lon="-81.68120560236275"><ele>348</ele><time>2026-07-03T22:17:58Z</time></trkpt>
      <trkpt lat="41.300482247024775" lon="-81.68091005645692"><ele>348</ele><time>2026-07-03T22:18:01Z</time></trkpt>
      <trkpt lat="41.300480822101235" lon="-81.6806124150753"><ele>348</ele><time>2026-07-03T22:18:04Z</time></trkpt>
      <trkpt lat="41.300465441308916" lon="-81.68031603097916"><ele>348</ele><time>2026-07-03T22:18:07Z</time></trkpt>
      <trkpt lat="41.30045739468187" lon="-81.68001428246498"><ele>347</ele><time>2026-07-03T22:18:10Z</time></trkpt>
      <trkpt lat="41.30046489648521" lon="-81.67969736270607"><ele>348</ele><time>2026-07-03T22:18:13Z</time></trkpt>
      <trkpt lat="41.30050353705883" lon="-81.67938421480358"><ele>348</ele><time>2026-07-03T22:18:16Z</time></trkpt>
      <trkpt lat="41.30055919289589" lon="-81.67904935777187"><ele>346</ele><time>2026-07-03T22:18:19Z</time></trkpt>
      <trkpt lat="41.30060005467385" lon="-81.67874484322965"><ele>345</ele><time>2026-07-03T22:18:22Z</time></trkpt>
      <trkpt lat="41.30064531695098" lon="-81.6784363053739"><ele>344</ele><time>2026-07-03T22:18:25Z</time></trkpt>
      <trkpt lat="41.300682574510574" lon="-81.67815492488444"><ele>344</ele><time>2026-07-03T22:18:28Z</time></trkpt>
      <trkpt lat="41.30065411794931" lon="-81.67781160213053"><ele>343</ele><time>2026-07-03T22:18:31Z</time></trkpt>
      <trkpt lat="41.30062310490757" lon="-81.67745193466544"><ele>341</ele><time>2026-07-03T22:18:34Z</time></trkpt>
      <trkpt lat="41.30064213182777" lon="-81.67714901268482"><ele>341</ele><time>2026-07-03T22:18:37Z</time></trkpt>
      <trkpt lat="41.30071002524346" lon="-81.67688582092524"><ele>342</ele><time>2026-07-03T22:18:40Z</time></trkpt>
      <trkpt lat="41.30083722062409" lon="-81.67669245041907"><ele>341</ele><time>2026-07-03T22:18:43Z</time></trkpt>
      <trkpt lat="41.30086991004646" lon="-81.67643613182008"><ele>342</ele><time>2026-07-03T22:18:46Z</time></trkpt>
      <trkpt lat="41.30090138409287" lon="-81.676129354164"><ele>341</ele><time>2026-07-03T22:18:49Z</time></trkpt>
      <trkpt lat="41.30094618536532" lon="-81.67582559399307"><ele>340</ele><time>2026-07-03T22:18:52Z</time></trkpt>
      <trkpt lat="41.300955740734935" lon="-81.67549232952297"><ele>339</ele><time>2026-07-03T22:18:55Z</time></trkpt>
      <trkpt lat="41.30095641128719" lon="-81.67516040615737"><ele>339</ele><time>2026-07-03T22:18:58Z</time></trkpt>
      <trkpt lat="41.30100397858769" lon="-81.67484910227358"><ele>339</ele><time>2026-07-03T22:19:01Z</time></trkpt>
      <trkpt lat="41.30106994416565" lon="-81.67451818473637"><ele>340</ele><time>2026-07-03T22:19:04Z</time></trkpt>
      <trkpt lat="41.30111960694194" lon="-81.67420436628163"><ele>339</ele><time>2026-07-03T22:19:07Z</time></trkpt>
      <trkpt lat="41.30118842236698" lon="-81.67392550036311"><ele>339</ele><time>2026-07-03T22:19:10Z</time></trkpt>
      <trkpt lat="41.30124441348016" lon="-81.67361461557448"><ele>338</ele><time>2026-07-03T22:19:13Z</time></trkpt>
      <trkpt lat="41.301274378784" lon="-81.67330138385296"><ele>338</ele><time>2026-07-03T22:19:16Z</time></trkpt>
      <trkpt lat="41.30128351505846" lon="-81.67299871332943"><ele>336</ele><time>2026-07-03T22:19:19Z</time></trkpt>
      <trkpt lat="41.301244078204036" lon="-81.67266989126801"><ele>337</ele><time>2026-07-03T22:19:22Z</time></trkpt>
      <trkpt lat="41.30128058139235" lon="-81.67233729735017"><ele>336</ele><time>2026-07-03T22:19:25Z</time></trkpt>
      <trkpt lat="41.30140287335962" lon="-81.67205583304167"><ele>336</ele><time>2026-07-03T22:19:28Z</time></trkpt>
      <trkpt lat="41.30147378426045" lon="-81.67171795852482"><ele>336</ele><time>2026-07-03T22:19:31Z</time></trkpt>
      <trkpt lat="41.301509784534574" lon="-81.67138871736825"><ele>336</ele><time>2026-07-03T22:19:34Z</time></trkpt>
      <trkpt lat="41.301533253863454" lon="-81.67105570435524"><ele>335</ele><time>2026-07-03T22:19:37Z</time></trkpt>
      <trkpt lat="41.30157943814993" lon="-81.67077658697963"><ele>336</ele><time>2026-07-03T22:19:40Z</time></trkpt>
      <trkpt lat="41.301606888882816" lon="-81.67059620842338"><ele>335</ele><time>2026-07-03T22:19:43Z</time></trkpt>
      <trkpt lat="41.301631992682815" lon="-81.6704532969743"><ele>335</ele><time>2026-07-03T22:19:46Z</time></trkpt>
      <trkpt lat="41.30164355970919" lon="-81.67022950015962"><ele>336</ele><time>2026-07-03T22:19:49Z</time></trkpt>
      <trkpt lat="41.30163555499166" lon="-81.6699408274144"><ele>336</ele><time>2026-07-03T22:19:52Z</time></trkpt>
      <trkpt lat="41.30162331741303" lon="-81.66967386379838"><ele>336</ele><time>2026-07-03T22:19:55Z</time></trkpt>
      <trkpt lat="41.30163408815861" lon="-81.66937882080674"><ele>336</ele><time>2026-07-03T22:19:58Z</time></trkpt>
      <trkpt lat="41.301630777306855" lon="-81.66906273923814"><ele>336</ele><time>2026-07-03T22:20:01Z</time></trkpt>
      <trkpt lat="41.30163358524442" lon="-81.66870826855302"><ele>338</ele><time>2026-07-03T22:20:04Z</time></trkpt>
      <trkpt lat="41.30165562964976" lon="-81.66836947202682"><ele>339</ele><time>2026-07-03T22:20:07Z</time></trkpt>
      <trkpt lat="41.30167411174625" lon="-81.66805062443018"><ele>339</ele><time>2026-07-03T22:20:10Z</time></trkpt>
      <trkpt lat="41.301677003502846" lon="-81.66770512238145"><ele>339</ele><time>2026-07-03T22:20:13Z</time></trkpt>
      <trkpt lat="41.301688235253096" lon="-81.66734771803021"><ele>340</ele><time>2026-07-03T22:20:16Z</time></trkpt>
      <trkpt lat="41.30168144591153" lon="-81.66701353155077"><ele>341</ele><time>2026-07-03T22:20:19Z</time></trkpt>
      <trkpt lat="41.301627927459776" lon="-81.66667926125228"><ele>342</ele><time>2026-07-03T22:20:22Z</time></trkpt>
      <trkpt lat="41.30163216032088" lon="-81.66637122631073"><ele>341</ele><time>2026-07-03T22:20:25Z</time></trkpt>
      <trkpt lat="41.30165076814592" lon="-81.66604081168771"><ele>341</ele><time>2026-07-03T22:20:28Z</time></trkpt>
      <trkpt lat="41.301636225543916" lon="-81.6656995844096"><ele>341</ele><time>2026-07-03T22:20:31Z</time></trkpt>
      <trkpt lat="41.301602153107524" lon="-81.6653470415622"><ele>339</ele><time>2026-07-03T22:20:34Z</time></trkpt>
      <trkpt lat="41.301551568321884" lon="-81.66500086896122"><ele>339</ele><time>2026-07-03T22:20:37Z</time></trkpt>
      <trkpt lat="41.301501067355275" lon="-81.66464488953352"><ele>339</ele><time>2026-07-03T22:20:40Z</time></trkpt>
      <trkpt lat="41.30145538598299" lon="-81.6642835456878"><ele>339</ele><time>2026-07-03T22:20:43Z</time></trkpt>
      <trkpt lat="41.301416996866465" lon="-81.66391122154891"><ele>340</ele><time>2026-07-03T22:20:46Z</time></trkpt>
      <trkpt lat="41.30139051005244" lon="-81.66353210806847"><ele>337</ele><time>2026-07-03T22:20:49Z</time></trkpt>
      <trkpt lat="41.301365699619055" lon="-81.663184678182"><ele>337</ele><time>2026-07-03T22:20:52Z</time></trkpt>
      <trkpt lat="41.3013367401436" lon="-81.66284194216132"><ele>337</ele><time>2026-07-03T22:20:55Z</time></trkpt>
      <trkpt lat="41.301298309117556" lon="-81.6624840348959"><ele>337</ele><time>2026-07-03T22:20:58Z</time></trkpt>
      <trkpt lat="41.30124432966113" lon="-81.6621267143637"><ele>337</ele><time>2026-07-03T22:21:01Z</time></trkpt>
      <trkpt lat="41.301194415427744" lon="-81.66178355924785"><ele>336</ele><time>2026-07-03T22:21:04Z</time></trkpt>
      <trkpt lat="41.30113305989653" lon="-81.66145247407258"><ele>337</ele><time>2026-07-03T22:21:07Z</time></trkpt>
      <trkpt lat="41.30106554366648" lon="-81.66112281382084"><ele>336</ele><time>2026-07-03T22:21:10Z</time></trkpt>
      <trkpt lat="41.30098226945847" lon="-81.66079826653004"><ele>337</ele><time>2026-07-03T22:21:13Z</time></trkpt>
      <trkpt lat="41.30086911376566" lon="-81.66049199178815"><ele>337</ele><time>2026-07-03T22:21:16Z</time></trkpt>
      <trkpt lat="41.30076224450022" lon="-81.66019636206329"><ele>338</ele><time>2026-07-03T22:21:19Z</time></trkpt>
      <trkpt lat="41.300656045787036" lon="-81.65990760549903"><ele>339</ele><time>2026-07-03T22:21:22Z</time></trkpt>
      <trkpt lat="41.30066514015198" lon="-81.65959529578686"><ele>341</ele><time>2026-07-03T22:21:25Z</time></trkpt>
      <trkpt lat="41.300712414085865" lon="-81.65928550064564"><ele>340</ele><time>2026-07-03T22:21:28Z</time></trkpt>
      <trkpt lat="41.30071182735264" lon="-81.6589574329555"><ele>342</ele><time>2026-07-03T22:21:31Z</time></trkpt>
      <trkpt lat="41.30065483041108" lon="-81.65861989371479"><ele>344</ele><time>2026-07-03T22:21:34Z</time></trkpt>
      <trkpt lat="41.30065642297268" lon="-81.65833247825503"><ele>344</ele><time>2026-07-03T22:21:37Z</time></trkpt>
      <trkpt lat="41.30079267080873" lon="-81.6581013891846"><ele>344</ele><time>2026-07-03T22:21:40Z</time></trkpt>
      <trkpt lat="41.3009567046538" lon="-81.6579301469028"><ele>343</ele><time>2026-07-03T22:21:43Z</time></trkpt>
      <trkpt lat="41.30101399496198" lon="-81.65766167454422"><ele>342</ele><time>2026-07-03T22:21:46Z</time></trkpt>
      <trkpt lat="41.30104865413159" lon="-81.65735942311585"><ele>342</ele><time>2026-07-03T22:21:49Z</time></trkpt>
      <trkpt lat="41.301079080440104" lon="-81.6570543218404"><ele>340</ele><time>2026-07-03T22:21:52Z</time></trkpt>
      <trkpt lat="41.301079583354294" lon="-81.6567524895072"><ele>338</ele><time>2026-07-03T22:21:55Z</time></trkpt>
      <trkpt lat="41.30108511541039" lon="-81.65644202381372"><ele>338</ele><time>2026-07-03T22:21:58Z</time></trkpt>
      <trkpt lat="41.30112518090755" lon="-81.65617749094963"><ele>337</ele><time>2026-07-03T22:22:01Z</time></trkpt>
      <trkpt lat="41.301184901967645" lon="-81.65595084428787"><ele>337</ele><time>2026-07-03T22:22:04Z</time></trkpt>
      <trkpt lat="41.30123946815729" lon="-81.6558264568448"><ele>337</ele><time>2026-07-03T22:22:07Z</time></trkpt>
      <trkpt lat="41.30126578733325" lon="-81.65571749210358"><ele>337</ele><time>2026-07-03T22:22:10Z</time></trkpt>
      <trkpt lat="41.301276977173984" lon="-81.65557592175901"><ele>337</ele><time>2026-07-03T22:22:13Z</time></trkpt>
      <trkpt lat="41.3012053957209" lon="-81.65535790845752"><ele>336</ele><time>2026-07-03T22:22:16Z</time></trkpt>
      <trkpt lat="41.301029920578" lon="-81.65516034699976"><ele>336</ele><time>2026-07-03T22:22:19Z</time></trkpt>
      <trkpt lat="41.300847488455474" lon="-81.65497921407223"><ele>336</ele><time>2026-07-03T22:22:22Z</time></trkpt>
      <trkpt lat="41.30080142989755" lon="-81.65471836924553"><ele>337</ele><time>2026-07-03T22:22:25Z</time></trkpt>
      <trkpt lat="41.30090184509754" lon="-81.65448929183185"><ele>337</ele><time>2026-07-03T22:22:28Z</time></trkpt>
      <trkpt lat="41.30109052173793" lon="-81.6543517448008"><ele>335</ele><time>2026-07-03T22:22:31Z</time></trkpt>
      <trkpt lat="41.30127852782607" lon="-81.65422953665257"><ele>334</ele><time>2026-07-03T22:22:34Z</time></trkpt>
      <trkpt lat="41.301420014351606" lon="-81.65402644313872"><ele>332</ele><time>2026-07-03T22:22:37Z</time></trkpt>
      <trkpt lat="41.30146674346179" lon="-81.6537618264556"><ele>330</ele><time>2026-07-03T22:22:40Z</time></trkpt>
      <trkpt lat="41.301480238325894" lon="-81.653503915295"><ele>328</ele><time>2026-07-03T22:22:43Z</time></trkpt>
      <trkpt lat="41.30148887168616" lon="-81.65326637215912"><ele>326</ele><time>2026-07-03T22:22:46Z</time></trkpt>
      <trkpt lat="41.301509365439415" lon="-81.65297862142324"><ele>324</ele><time>2026-07-03T22:22:49Z</time></trkpt>
      <trkpt lat="41.3015154004097" lon="-81.65267150849104"><ele>323</ele><time>2026-07-03T22:22:52Z</time></trkpt>
      <trkpt lat="41.30151519086212" lon="-81.65230949409306"><ele>322</ele><time>2026-07-03T22:22:55Z</time></trkpt>
      <trkpt lat="41.30152344703674" lon="-81.65195787325501"><ele>321</ele><time>2026-07-03T22:22:58Z</time></trkpt>
      <trkpt lat="41.30153187084943" lon="-81.65159879252315"><ele>317</ele><time>2026-07-03T22:23:01Z</time></trkpt>
      <trkpt lat="41.301521603018045" lon="-81.65121733210981"><ele>317</ele><time>2026-07-03T22:23:04Z</time></trkpt>
      <trkpt lat="41.30144964437932" lon="-81.65086671710014"><ele>315</ele><time>2026-07-03T22:23:07Z</time></trkpt>
      <trkpt lat="41.301402915269136" lon="-81.65051895193756"><ele>315</ele><time>2026-07-03T22:23:10Z</time></trkpt>
      <trkpt lat="41.3014141889289" lon="-81.65020111016929"><ele>315</ele><time>2026-07-03T22:23:13Z</time></trkpt>
      <trkpt lat="41.30140224471688" lon="-81.64987916126847"><ele>314</ele><time>2026-07-03T22:23:16Z</time></trkpt>
      <trkpt lat="41.30135807208717" lon="-81.64951697923243"><ele>315</ele><time>2026-07-03T22:23:19Z</time></trkpt>
      <trkpt lat="41.301417499780655" lon="-81.64919109083712"><ele>313</ele><time>2026-07-03T22:23:22Z</time></trkpt>
      <trkpt lat="41.3014575233683" lon="-81.64884047582746"><ele>312</ele><time>2026-07-03T22:23:25Z</time></trkpt>
      <trkpt lat="41.301458487287164" lon="-81.6484671458602"><ele>312</ele><time>2026-07-03T22:23:28Z</time></trkpt>
      <trkpt lat="41.301456056535244" lon="-81.64809331297874"><ele>311</ele><time>2026-07-03T22:23:31Z</time></trkpt>
      <trkpt lat="41.30144394468516" lon="-81.64772903546691"><ele>311</ele><time>2026-07-03T22:23:34Z</time></trkpt>
      <trkpt lat="41.30144205875695" lon="-81.647367188707"><ele>310</ele><time>2026-07-03T22:23:37Z</time></trkpt>
      <trkpt lat="41.30143179092556" lon="-81.64701514877379"><ele>309</ele><time>2026-07-03T22:23:40Z</time></trkpt>
      <trkpt lat="41.301420433446765" lon="-81.64669957011938"><ele>307</ele><time>2026-07-03T22:23:43Z</time></trkpt>
      <trkpt lat="41.30142076872289" lon="-81.64637091569602"><ele>305</ele><time>2026-07-03T22:23:46Z</time></trkpt>
      <trkpt lat="41.301407692953944" lon="-81.64603002369404"><ele>305</ele><time>2026-07-03T22:23:49Z</time></trkpt>
      <trkpt lat="41.30145844537765" lon="-81.64571771398187"><ele>303</ele><time>2026-07-03T22:23:52Z</time></trkpt>
      <trkpt lat="41.30151003599167" lon="-81.64540112949908"><ele>302</ele><time>2026-07-03T22:23:55Z</time></trkpt>
      <trkpt lat="41.301528476178646" lon="-81.64513877592981"><ele>302</ele><time>2026-07-03T22:23:58Z</time></trkpt>
      <trkpt lat="41.30154054611921" lon="-81.64486041292548"><ele>301</ele><time>2026-07-03T22:24:01Z</time></trkpt>
      <trkpt lat="41.30153874401003" lon="-81.64455262944102"><ele>301</ele><time>2026-07-03T22:24:04Z</time></trkpt>
      <trkpt lat="41.30154138430953" lon="-81.64423042908311"><ele>300</ele><time>2026-07-03T22:24:07Z</time></trkpt>
      <trkpt lat="41.301550227217376" lon="-81.6439285967499"><ele>300</ele><time>2026-07-03T22:24:10Z</time></trkpt>
      <trkpt lat="41.30154846701771" lon="-81.64361134171486"><ele>300</ele><time>2026-07-03T22:24:13Z</time></trkpt>
      <trkpt lat="41.30155546590686" lon="-81.64325905032456"><ele>300</ele><time>2026-07-03T22:24:16Z</time></trkpt>
      <trkpt lat="41.30157721694559" lon="-81.64289854466915"><ele>299</ele><time>2026-07-03T22:24:19Z</time></trkpt>
      <trkpt lat="41.301592430099845" lon="-81.64254457689822"><ele>298</ele><time>2026-07-03T22:24:22Z</time></trkpt>
      <trkpt lat="41.30159025080502" lon="-81.6422054450959"><ele>297</ele><time>2026-07-03T22:24:25Z</time></trkpt>
      <trkpt lat="41.30157960578799" lon="-81.64186086505651"><ele>298</ele><time>2026-07-03T22:24:28Z</time></trkpt>
      <trkpt lat="41.3015669491142" lon="-81.64160798303783"><ele>298</ele><time>2026-07-03T22:24:31Z</time></trkpt>
      <trkpt lat="41.30151825025678" lon="-81.64147026836872"><ele>298</ele><time>2026-07-03T22:24:34Z</time></trkpt>
      <trkpt lat="41.30147064104676" lon="-81.64136733859777"><ele>298</ele><time>2026-07-03T22:24:37Z</time></trkpt>
      <trkpt lat="41.301427516154945" lon="-81.64119333028793"><ele>297</ele><time>2026-07-03T22:24:40Z</time></trkpt>
      <trkpt lat="41.30141620058566" lon="-81.640984704718"><ele>297</ele><time>2026-07-03T22:24:43Z</time></trkpt>
      <trkpt lat="41.30143279675394" lon="-81.64080373942852"><ele>297</ele><time>2026-07-03T22:24:46Z</time></trkpt>
      <trkpt lat="41.301446836441755" lon="-81.64062637835741"><ele>297</ele><time>2026-07-03T22:24:49Z</time></trkpt>
      <trkpt lat="41.30145387724042" lon="-81.64041716605425"><ele>298</ele><time>2026-07-03T22:24:52Z</time></trkpt>
      <trkpt lat="41.30145945120603" lon="-81.64016420021653"><ele>297</ele><time>2026-07-03T22:24:55Z</time></trkpt>
      <trkpt lat="41.30144226830453" lon="-81.63989430293441"><ele>297</ele><time>2026-07-03T22:24:58Z</time></trkpt>
      <trkpt lat="41.30143371876329" lon="-81.63964737206697"><ele>296</ele><time>2026-07-03T22:25:01Z</time></trkpt>
      <trkpt lat="41.30140115506947" lon="-81.63925308734179"><ele>296</ele><time>2026-07-03T22:25:06Z</time></trkpt>
      <trkpt lat="41.30141934379935" lon="-81.63899727165699"><ele>295</ele><time>2026-07-03T22:25:09Z</time></trkpt>
      <trkpt lat="41.301427516154945" lon="-81.63871404714882"><ele>295</ele><time>2026-07-03T22:25:12Z</time></trkpt>
      <trkpt lat="41.30140832159668" lon="-81.63842185400426"><ele>294</ele><time>2026-07-03T22:25:15Z</time></trkpt>
      <trkpt lat="41.301372363232076" lon="-81.63811172358692"><ele>294</ele><time>2026-07-03T22:25:18Z</time></trkpt>
      <trkpt lat="41.30139956250787" lon="-81.63779597729445"><ele>292</ele><time>2026-07-03T22:25:21Z</time></trkpt>
      <trkpt lat="41.30142219364643" lon="-81.6374509781599"><ele>293</ele><time>2026-07-03T22:25:24Z</time></trkpt>
      <trkpt lat="41.30144989583641" lon="-81.63712969981134"><ele>293</ele><time>2026-07-03T22:25:27Z</time></trkpt>
      <trkpt lat="41.301470305770636" lon="-81.63680146448314"><ele>293</ele><time>2026-07-03T22:25:30Z</time></trkpt>
      <trkpt lat="41.301472233608365" lon="-81.63645931519568"><ele>293</ele><time>2026-07-03T22:25:33Z</time></trkpt>
      <trkpt lat="41.301469090394676" lon="-81.63613250479102"><ele>292</ele><time>2026-07-03T22:25:36Z</time></trkpt>
      <trkpt lat="41.30144176539034" lon="-81.63581139408052"><ele>292</ele><time>2026-07-03T22:25:39Z</time></trkpt>
      <trkpt lat="41.30139512009919" lon="-81.63545424118638"><ele>290</ele><time>2026-07-03T22:25:42Z</time></trkpt>
      <trkpt lat="41.30135329440236" lon="-81.63510890677571"><ele>291</ele><time>2026-07-03T22:25:45Z</time></trkpt>
      <trkpt lat="41.30137579981238" lon="-81.63480238057673"><ele>291</ele><time>2026-07-03T22:25:48Z</time></trkpt>
      <trkpt lat="41.30141003988683" lon="-81.63447263650596"><ele>290</ele><time>2026-07-03T22:25:51Z</time></trkpt>
      <trkpt lat="41.30146800074726" lon="-81.63415370509028"><ele>289</ele><time>2026-07-03T22:25:54Z</time></trkpt>
      <trkpt lat="41.30140895023942" lon="-81.63384751416743"><ele>288</ele><time>2026-07-03T22:25:57Z</time></trkpt>
      <trkpt lat="41.30134901963174" lon="-81.63358457386494"><ele>287</ele><time>2026-07-03T22:26:00Z</time></trkpt>
      <trkpt lat="41.30134399048984" lon="-81.63329204544425"><ele>286</ele><time>2026-07-03T22:26:03Z</time></trkpt>
      <trkpt lat="41.301333932206035" lon="-81.63297059945762"><ele>286</ele><time>2026-07-03T22:26:06Z</time></trkpt>
      <trkpt lat="41.3013409730047" lon="-81.63266499526799"><ele>287</ele><time>2026-07-03T22:26:09Z</time></trkpt>
      <trkpt lat="41.301357191987336" lon="-81.63234757259488"><ele>286</ele><time>2026-07-03T22:26:12Z</time></trkpt>
      <trkpt lat="41.301380870863795" lon="-81.63198656402528"><ele>285</ele><time>2026-07-03T22:26:15Z</time></trkpt>
      <trkpt lat="41.30138539709151" lon="-81.63161675445735"><ele>286</ele><time>2026-07-03T22:26:18Z</time></trkpt>
      <trkpt lat="41.30136050283909" lon="-81.63125054910779"><ele>286</ele><time>2026-07-03T22:26:21Z</time></trkpt>
      <trkpt lat="41.30134420003742" lon="-81.63090395741165"><ele>286</ele><time>2026-07-03T22:26:24Z</time></trkpt>
      <trkpt lat="41.30135748535395" lon="-81.63059131242335"><ele>285</ele><time>2026-07-03T22:26:27Z</time></trkpt>
      <trkpt lat="41.30136968102306" lon="-81.63028193637729"><ele>286</ele><time>2026-07-03T22:26:30Z</time></trkpt>
      <trkpt lat="41.30137353669852" lon="-81.62999058142304"><ele>287</ele><time>2026-07-03T22:26:33Z</time></trkpt>
      <trkpt lat="41.30136750172824" lon="-81.62966159172356"><ele>289</ele><time>2026-07-03T22:26:36Z</time></trkpt>
      <trkpt lat="41.301371147856116" lon="-81.6293524671346"><ele>289</ele><time>2026-07-03T22:26:39Z</time></trkpt>
      <trkpt lat="41.3013874925673" lon="-81.62902548909187"><ele>291</ele><time>2026-07-03T22:26:42Z</time></trkpt>
      <trkpt lat="41.301404843106866" lon="-81.62870228290558"><ele>290</ele><time>2026-07-03T22:26:45Z</time></trkpt>
      <trkpt lat="41.30142642650753" lon="-81.62837220355868"><ele>289</ele><time>2026-07-03T22:26:48Z</time></trkpt>
      <trkpt lat="41.30147592164576" lon="-81.62806970067322"><ele>288</ele><time>2026-07-03T22:26:51Z</time></trkpt>
      <trkpt lat="41.30149390082806" lon="-81.62780147977173"><ele>289</ele><time>2026-07-03T22:26:54Z</time></trkpt>
      <trkpt lat="41.30148128606379" lon="-81.62750501185656"><ele>289</ele><time>2026-07-03T22:26:57Z</time></trkpt>
      <trkpt lat="41.30148258525878" lon="-81.62725355476141"><ele>289</ele><time>2026-07-03T22:27:00Z</time></trkpt>
      <trkpt lat="41.301347678527236" lon="-81.62713972851634"><ele>288</ele><time>2026-07-03T22:27:03Z</time></trkpt>
      <trkpt lat="41.30117308348417" lon="-81.62714417092502"><ele>288</ele><time>2026-07-03T22:27:06Z</time></trkpt>
      <trkpt lat="41.30103813484311" lon="-81.62714593112469"><ele>288</ele><time>2026-07-03T22:27:09Z</time></trkpt>
      <trkpt lat="41.30098453257233" lon="-81.62713713012636"><ele>287</ele><time>2026-07-03T22:27:15Z</time></trkpt>
      <trkpt lat="41.30097346846014" lon="-81.62699949927628"><ele>287</ele><time>2026-07-03T22:27:21Z</time></trkpt>
      <trkpt lat="41.30097422283143" lon="-81.62684820592403"><ele>287</ele><time>2026-07-03T22:27:24Z</time></trkpt>
      <trkpt lat="41.301051545888186" lon="-81.62679665721953"><ele>286</ele><time>2026-07-03T22:27:27Z</time></trkpt>
      <trkpt lat="41.301199570298195" lon="-81.626763548702"><ele>287</ele><time>2026-07-03T22:27:30Z</time></trkpt>
      <trkpt lat="41.30134290084243" lon="-81.62668836303055"><ele>287</ele><time>2026-07-03T22:27:33Z</time></trkpt>
      <trkpt lat="41.301385229453444" lon="-81.62643539719284"><ele>286</ele><time>2026-07-03T22:27:36Z</time></trkpt>
      <trkpt lat="41.301398682408035" lon="-81.62616332061589"><ele>286</ele><time>2026-07-03T22:27:39Z</time></trkpt>
      <trkpt lat="41.30142332520336" lon="-81.6258739773184"><ele>285</ele><time>2026-07-03T22:27:42Z</time></trkpt>
      <trkpt lat="41.30145295523107" lon="-81.62556250579655"><ele>284</ele><time>2026-07-03T22:27:45Z</time></trkpt>
      <trkpt lat="41.301519381813705" lon="-81.62527710199356"><ele>283</ele><time>2026-07-03T22:27:48Z</time></trkpt>
      <trkpt lat="41.301603158935905" lon="-81.62502145394683"><ele>282</ele><time>2026-07-03T22:27:51Z</time></trkpt>
      <trkpt lat="41.30161279812455" lon="-81.62476169876754"><ele>281</ele><time>2026-07-03T22:27:54Z</time></trkpt>
      <trkpt lat="41.30161082837731" lon="-81.62448559887707"><ele>280</ele><time>2026-07-03T22:27:57Z</time></trkpt>
      <trkpt lat="41.301609235815704" lon="-81.62419466301799"><ele>279</ele><time>2026-07-03T22:28:00Z</time></trkpt>
      <trkpt lat="41.301610451191664" lon="-81.62392895668745"><ele>278</ele><time>2026-07-03T22:28:03Z</time></trkpt>
      <trkpt lat="41.301608816720545" lon="-81.62368881516159"><ele>278</ele><time>2026-07-03T22:28:06Z</time></trkpt>
      <trkpt lat="41.30152520723641" lon="-81.62348622456193"><ele>276</ele><time>2026-07-03T22:28:09Z</time></trkpt>
      <trkpt lat="41.30142961163074" lon="-81.62329251877964"><ele>275</ele><time>2026-07-03T22:28:12Z</time></trkpt>
      <trkpt lat="41.30142726469785" lon="-81.62311004474759"><ele>275</ele><time>2026-07-03T22:28:15Z</time></trkpt>
      <trkpt lat="41.30148405209184" lon="-81.62297769449651"><ele>274</ele><time>2026-07-03T22:28:18Z</time></trkpt>
      <trkpt lat="41.301525542512536" lon="-81.62271282635629"><ele>271</ele><time>2026-07-03T22:28:21Z</time></trkpt>
      <trkpt lat="41.301469299942255" lon="-81.62246027961373"><ele>269</ele><time>2026-07-03T22:28:24Z</time></trkpt>
      <trkpt lat="41.30149385891855" lon="-81.62214428186417"><ele>267</ele><time>2026-07-03T22:28:27Z</time></trkpt>
      <trkpt lat="41.30145454779267" lon="-81.62189106456935"><ele>269</ele><time>2026-07-03T22:28:30Z</time></trkpt>
      <trkpt lat="41.30145111121237" lon="-81.62164899520576"><ele>267</ele><time>2026-07-03T22:28:33Z</time></trkpt>
      <trkpt lat="41.30149683449417" lon="-81.62147272378206"><ele>265</ele><time>2026-07-03T22:28:36Z</time></trkpt>
      <trkpt lat="41.301531116478145" lon="-81.62128480151296"><ele>264</ele><time>2026-07-03T22:28:39Z</time></trkpt>
      <trkpt lat="41.301574409008026" lon="-81.62111389450729"><ele>262</ele><time>2026-07-03T22:28:42Z</time></trkpt>
      <trkpt lat="41.301610241644084" lon="-81.62077970802784"><ele>259</ele><time>2026-07-03T22:28:45Z</time></trkpt>
      <trkpt lat="41.3016147678718" lon="-81.6204381454736"><ele>257</ele><time>2026-07-03T22:28:48Z</time></trkpt>
      <trkpt lat="41.30159766878933" lon="-81.62010194733739"><ele>256</ele><time>2026-07-03T22:28:51Z</time></trkpt>
      <trkpt lat="41.3015679968521" lon="-81.61976868286729"><ele>254</ele><time>2026-07-03T22:28:54Z</time></trkpt>
      <trkpt lat="41.301603242754936" lon="-81.61953885108232"><ele>253</ele><time>2026-07-03T22:28:57Z</time></trkpt>
      <trkpt lat="41.301632076501846" lon="-81.61929074674845"><ele>252</ele><time>2026-07-03T22:29:00Z</time></trkpt>
      <trkpt lat="41.30165043286979" lon="-81.61902906373143"><ele>250</ele><time>2026-07-03T22:29:03Z</time></trkpt>
      <trkpt lat="41.30166409537196" lon="-81.61874617449939"><ele>249</ele><time>2026-07-03T22:29:06Z</time></trkpt>
      <trkpt lat="41.30171300377697" lon="-81.61851114593446"><ele>247</ele><time>2026-07-03T22:29:09Z</time></trkpt>
      <trkpt lat="41.301758559420705" lon="-81.61827301606536"><ele>247</ele><time>2026-07-03T22:29:12Z</time></trkpt>
      <trkpt lat="41.30181446671486" lon="-81.61798987537622"><ele>245</ele><time>2026-07-03T22:29:15Z</time></trkpt>
      <trkpt lat="41.3018640037626" lon="-81.61768611520529"><ele>244</ele><time>2026-07-03T22:29:18Z</time></trkpt>
      <trkpt lat="41.30193529184908" lon="-81.61733927205205"><ele>243</ele><time>2026-07-03T22:29:21Z</time></trkpt>
      <trkpt lat="41.30201571621001" lon="-81.61705235950649"><ele>244</ele><time>2026-07-03T22:29:24Z</time></trkpt>
      <trkpt lat="41.30211332347244" lon="-81.61684541031718"><ele>243</ele><time>2026-07-03T22:29:27Z</time></trkpt>
      <trkpt lat="41.30220896098763" lon="-81.61660753190517"><ele>242</ele><time>2026-07-03T22:29:30Z</time></trkpt>
      <trkpt lat="41.302313189953566" lon="-81.61632908508182"><ele>242</ele><time>2026-07-03T22:29:33Z</time></trkpt>
      <trkpt lat="41.30240757018328" lon="-81.61607385613024"><ele>240</ele><time>2026-07-03T22:29:36Z</time></trkpt>
      <trkpt lat="41.302506434731185" lon="-81.61580052226782"><ele>239</ele><time>2026-07-03T22:29:39Z</time></trkpt>
      <trkpt lat="41.3026016112417" lon="-81.61552894860506"><ele>238</ele><time>2026-07-03T22:29:42Z</time></trkpt>
      <trkpt lat="41.302667115814984" lon="-81.61520649679005"><ele>236</ele><time>2026-07-03T22:29:45Z</time></trkpt>
      <trkpt lat="41.30271824542433" lon="-81.61491765640676"><ele>236</ele><time>2026-07-03T22:29:48Z</time></trkpt>
      <trkpt lat="41.30277331452817" lon="-81.6145890019834"><ele>233</ele><time>2026-07-03T22:29:51Z</time></trkpt>
      <trkpt lat="41.302823228761554" lon="-81.61426696926355"><ele>232</ele><time>2026-07-03T22:29:54Z</time></trkpt>
      <trkpt lat="41.30286706611514" lon="-81.61398768424988"><ele>230</ele><time>2026-07-03T22:29:57Z</time></trkpt>
      <trkpt lat="41.302943299524486" lon="-81.61370873451233"><ele>229</ele><time>2026-07-03T22:30:00Z</time></trkpt>
      <trkpt lat="41.30300486460328" lon="-81.61349809728563"><ele>228</ele><time>2026-07-03T22:30:03Z</time></trkpt>
      <trkpt lat="41.30305637139827" lon="-81.61328285001218"><ele>226</ele><time>2026-07-03T22:30:06Z</time></trkpt>
      <trkpt lat="41.30312506109476" lon="-81.6130558680743"><ele>224</ele><time>2026-07-03T22:30:09Z</time></trkpt>
      <trkpt lat="41.30318205803633" lon="-81.61278798244894"><ele>223</ele><time>2026-07-03T22:30:12Z</time></trkpt>
      <trkpt lat="41.303234696388245" lon="-81.61249989643693"><ele>223</ele><time>2026-07-03T22:30:15Z</time></trkpt>
      <trkpt lat="41.30330426618457" lon="-81.6122408118099"><ele>221</ele><time>2026-07-03T22:30:18Z</time></trkpt>
      <trkpt lat="41.30334361921996" lon="-81.6119453497231"><ele>220</ele><time>2026-07-03T22:30:21Z</time></trkpt>
      <trkpt lat="41.30334898363799" lon="-81.61165793426335"><ele>220</ele><time>2026-07-03T22:30:24Z</time></trkpt>
      <trkpt lat="41.303413859568536" lon="-81.61140161566436"><ele>220</ele><time>2026-07-03T22:30:27Z</time></trkpt>
      <trkpt lat="41.303483387455344" lon="-81.61120036616921"><ele>222</ele><time>2026-07-03T22:30:30Z</time></trkpt>
      <trkpt lat="41.30358543712646" lon="-81.61096944473684"><ele>223</ele><time>2026-07-03T22:30:33Z</time></trkpt>
      <trkpt lat="41.30371418315917" lon="-81.6107069235295"><ele>222</ele><time>2026-07-03T22:30:36Z</time></trkpt>
      <trkpt lat="41.30384510848671" lon="-81.61045571789145"><ele>222</ele><time>2026-07-03T22:30:39Z</time></trkpt>
      <trkpt lat="41.30398860666901" lon="-81.61023602820933"><ele>222</ele><time>2026-07-03T22:30:42Z</time></trkpt>
      <trkpt lat="41.304126027971506" lon="-81.61009336821735"><ele>221</ele><time>2026-07-03T22:30:45Z</time></trkpt>
      <trkpt lat="41.304229628294706" lon="-81.60999923944473"><ele>221</ele><time>2026-07-03T22:30:48Z</time></trkpt>
      <trkpt lat="41.30430498160422" lon="-81.60987745039165"><ele>220</ele><time>2026-07-03T22:30:51Z</time></trkpt>
      <trkpt lat="41.30443842150271" lon="-81.60971903242171"><ele>221</ele><time>2026-07-03T22:30:54Z</time></trkpt>
      <trkpt lat="41.304580830037594" lon="-81.60956949926913"><ele>220</ele><time>2026-07-03T22:30:57Z</time></trkpt>
      <trkpt lat="41.30467898212373" lon="-81.6094742808491"><ele>218</ele><time>2026-07-03T22:31:00Z</time></trkpt>
      <trkpt lat="41.30475387442857" lon="-81.60938878543675"><ele>218</ele><time>2026-07-03T22:31:03Z</time></trkpt>
      <trkpt lat="41.30486103706062" lon="-81.6092152800411"><ele>218</ele><time>2026-07-03T22:31:06Z</time></trkpt>
      <trkpt lat="41.30499435123056" lon="-81.609056442976"><ele>217</ele><time>2026-07-03T22:31:09Z</time></trkpt>
      <trkpt lat="41.305164294317365" lon="-81.6088717058301"><ele>215</ele><time>2026-07-03T22:31:12Z</time></trkpt>
      <trkpt lat="41.30538377445191" lon="-81.60864908248186"><ele>214</ele><time>2026-07-03T22:31:15Z</time></trkpt>
      <trkpt lat="41.30558502394706" lon="-81.60843685269356"><ele>214</ele><time>2026-07-03T22:31:18Z</time></trkpt>
      <trkpt lat="41.30577474832535" lon="-81.60825102590024"><ele>215</ele><time>2026-07-03T22:31:21Z</time></trkpt>
      <trkpt lat="41.30590688902885" lon="-81.60812730900943"><ele>214</ele><time>2026-07-03T22:31:24Z</time></trkpt>
      <trkpt lat="41.30604887846857" lon="-81.6079683881253"><ele>213</ele><time>2026-07-03T22:31:27Z</time></trkpt>
      <trkpt lat="41.30618298891932" lon="-81.60778423771262"><ele>212</ele><time>2026-07-03T22:31:30Z</time></trkpt>
      <trkpt lat="41.30630004219711" lon="-81.60763378255069"><ele>211</ele><time>2026-07-03T22:31:33Z</time></trkpt>
      <trkpt lat="41.30643603857607" lon="-81.60750788636506"><ele>211</ele><time>2026-07-03T22:31:36Z</time></trkpt>
      <trkpt lat="41.306541692465544" lon="-81.60745851695538"><ele>211</ele><time>2026-07-03T22:31:39Z</time></trkpt>
      <trkpt lat="41.306673916988075" lon="-81.6073052957654"><ele>208</ele><time>2026-07-03T22:31:42Z</time></trkpt>
      <trkpt lat="41.30682927556336" lon="-81.60706087946892"><ele>206</ele><time>2026-07-03T22:31:45Z</time></trkpt>
      <trkpt lat="41.30695563275367" lon="-81.60686717368662"><ele>205</ele><time>2026-07-03T22:31:48Z</time></trkpt>
      <trkpt lat="41.30702344235033" lon="-81.60675686784089"><ele>204</ele><time>2026-07-03T22:31:51Z</time></trkpt>
      <trkpt lat="41.30705822724849" lon="-81.60669961944222"><ele>204</ele><time>2026-07-03T22:31:54Z</time></trkpt>
      <trkpt lat="41.30709301214665" lon="-81.60657003521919"><ele>205</ele><time>2026-07-03T22:31:57Z</time></trkpt>
      <trkpt lat="41.30712331272662" lon="-81.60650541074574"><ele>206</ele><time>2026-07-03T22:32:00Z</time></trkpt>
      <trkpt lat="41.307197995483875" lon="-81.60640432499349"><ele>206</ele><time>2026-07-03T22:32:03Z</time></trkpt>
      <trkpt lat="41.307309600524604" lon="-81.60627792589366"><ele>207</ele><time>2026-07-03T22:32:06Z</time></trkpt>
      <trkpt lat="41.30741588305682" lon="-81.60616259090602"><ele>208</ele><time>2026-07-03T22:32:09Z</time></trkpt>
      <trkpt lat="41.30751696880907" lon="-81.60600434057415"><ele>209</ele><time>2026-07-03T22:32:12Z</time></trkpt>
      <trkpt lat="41.30762517917901" lon="-81.60594114102423"><ele>209</ele><time>2026-07-03T22:32:15Z</time></trkpt>
      <trkpt lat="41.30774315446615" lon="-81.60578071139753"><ele>208</ele><time>2026-07-03T22:32:18Z</time></trkpt>
      <trkpt lat="41.30789775867015" lon="-81.60558893345296"><ele>207</ele><time>2026-07-03T22:32:21Z</time></trkpt>
      <trkpt lat="41.308082663454115" lon="-81.6054523922503"><ele>206</ele><time>2026-07-03T22:32:24Z</time></trkpt>
      <trkpt lat="41.30825285799801" lon="-81.60530679859221"><ele>204</ele><time>2026-07-03T22:32:27Z</time></trkpt>
      <trkpt lat="41.30841865204275" lon="-81.60517998039722"><ele>204</ele><time>2026-07-03T22:32:30Z</time></trkpt>
      <trkpt lat="41.3085662573576" lon="-81.60507026128471"><ele>204</ele><time>2026-07-03T22:32:33Z</time></trkpt>
      <trkpt lat="41.308717131614685" lon="-81.60496909171343"><ele>205</ele><time>2026-07-03T22:32:36Z</time></trkpt>
      <trkpt lat="41.30884235724807" lon="-81.60490832291543"><ele>205</ele><time>2026-07-03T22:32:39Z</time></trkpt>
      <trkpt lat="41.308959452435374" lon="-81.60478871315718"><ele>205</ele><time>2026-07-03T22:32:42Z</time></trkpt>
      <trkpt lat="41.30905395839363" lon="-81.60468435846269"><ele>205</ele><time>2026-07-03T22:32:45Z</time></trkpt>
      <trkpt lat="41.3091384479776" lon="-81.60460498183966"><ele>206</ele><time>2026-07-03T22:32:48Z</time></trkpt>
      <trkpt lat="41.30921698641032" lon="-81.60451093688607"><ele>205</ele><time>2026-07-03T22:32:51Z</time></trkpt>
      <trkpt lat="41.309291291981936" lon="-81.60444446839392"><ele>205</ele><time>2026-07-03T22:32:54Z</time></trkpt>
      <trkpt lat="41.30943160504103" lon="-81.60434237681329"><ele>202</ele><time>2026-07-03T22:32:57Z</time></trkpt>
      <trkpt lat="41.309649869799614" lon="-81.60425352863967"><ele>201</ele><time>2026-07-03T22:33:00Z</time></trkpt>
      <trkpt lat="41.30984697025269" lon="-81.60407491028309"><ele>203</ele><time>2026-07-03T22:33:03Z</time></trkpt>
      <trkpt lat="41.310021565295756" lon="-81.60398631356657"><ele>203</ele><time>2026-07-03T22:33:06Z</time></trkpt>
      <trkpt lat="41.31019431632012" lon="-81.60380241461098"><ele>203</ele><time>2026-07-03T22:33:09Z</time></trkpt>
      <trkpt lat="41.31034560967237" lon="-81.60365807823837"><ele>203</ele><time>2026-07-03T22:33:12Z</time></trkpt>
      <trkpt lat="41.310494472272694" lon="-81.60347987897694"><ele>202</ele><time>2026-07-03T22:33:15Z</time></trkpt>
      <trkpt lat="41.31066387053579" lon="-81.60333990119398"><ele>201</ele><time>2026-07-03T22:33:18Z</time></trkpt>
      <trkpt lat="41.31083691492677" lon="-81.60322858951986"><ele>201</ele><time>2026-07-03T22:33:21Z</time></trkpt>
      <trkpt lat="41.310993949882686" lon="-81.6031057946384"><ele>200</ele><time>2026-07-03T22:33:24Z</time></trkpt>
      <trkpt lat="41.31112755741924" lon="-81.60291334614158"><ele>198</ele><time>2026-07-03T22:33:27Z</time></trkpt>
      <trkpt lat="41.31123308558017" lon="-81.6027339734137"><ele>196</ele><time>2026-07-03T22:33:30Z</time></trkpt>
      <trkpt lat="41.311336141079664" lon="-81.602549739182"><ele>195</ele><time>2026-07-03T22:33:33Z</time></trkpt>
      <trkpt lat="41.31144213024527" lon="-81.60238738171756"><ele>194</ele><time>2026-07-03T22:33:36Z</time></trkpt>
      <trkpt lat="41.311585921794176" lon="-81.60221865400672"><ele>193</ele><time>2026-07-03T22:33:39Z</time></trkpt>
      <trkpt lat="41.31174278911203" lon="-81.60207180306315"><ele>193</ele><time>2026-07-03T22:33:42Z</time></trkpt>
      <trkpt lat="41.31197165697813" lon="-81.60192168317735"><ele>193</ele><time>2026-07-03T22:33:45Z</time></trkpt>
      <trkpt lat="41.3121586991474" lon="-81.60176821053028"><ele>191</ele><time>2026-07-03T22:33:48Z</time></trkpt>
      <trkpt lat="41.31236967165023" lon="-81.60160208120942"><ele>189</ele><time>2026-07-03T22:33:51Z</time></trkpt>
      <trkpt lat="41.31257507018745" lon="-81.60153234377503"><ele>189</ele><time>2026-07-03T22:33:54Z</time></trkpt>
      <trkpt lat="41.3127979869023" lon="-81.6014894284308"><ele>189</ele><time>2026-07-03T22:33:57Z</time></trkpt>
      <trkpt lat="41.31303976289928" lon="-81.60140661522746"><ele>189</ele><time>2026-07-03T22:34:00Z</time></trkpt>
      <trkpt lat="41.313309953548014" lon="-81.6013512108475"><ele>189</ele><time>2026-07-03T22:34:03Z</time></trkpt>
      <trkpt lat="41.313553573563695" lon="-81.6013213712722"><ele>188</ele><time>2026-07-03T22:34:06Z</time></trkpt>
      <trkpt lat="41.31371081806719" lon="-81.60122682340443"><ele>186</ele><time>2026-07-03T22:34:09Z</time></trkpt>
      <trkpt lat="41.31391361821443" lon="-81.60108491778374"><ele>185</ele><time>2026-07-03T22:34:12Z</time></trkpt>
      <trkpt lat="41.31411855574697" lon="-81.60094778984785"><ele>182</ele><time>2026-07-03T22:34:15Z</time></trkpt>
      <trkpt lat="41.31428686436266" lon="-81.6008540801704"><ele>181</ele><time>2026-07-03T22:34:18Z</time></trkpt>
      <trkpt lat="41.31441322155297" lon="-81.60070035606623"><ele>180</ele><time>2026-07-03T22:34:21Z</time></trkpt>
      <trkpt lat="41.314548002555966" lon="-81.60050706937909"><ele>179</ele><time>2026-07-03T22:34:24Z</time></trkpt>
      <trkpt lat="41.31474279798567" lon="-81.6003754734993"><ele>178</ele><time>2026-07-03T22:34:27Z</time></trkpt>
      <trkpt lat="41.31501256953925" lon="-81.600327109918"><ele>177</ele><time>2026-07-03T22:34:30Z</time></trkpt>
      <trkpt lat="41.315326052717865" lon="-81.6002007946372"><ele>175</ele><time>2026-07-03T22:34:33Z</time></trkpt>
      <trkpt lat="41.31562277209014" lon="-81.60011420957744"><ele>175</ele><time>2026-07-03T22:34:36Z</time></trkpt>
      <trkpt lat="41.315733371302485" lon="-81.60006425343454"><ele>174</ele><time>2026-07-03T22:34:39Z</time></trkpt>
      <trkpt lat="41.31584317423403" lon="-81.59999351017177"><ele>173</ele><time>2026-07-03T22:34:42Z</time></trkpt>
      <trkpt lat="41.31594602018595" lon="-81.59985478967428"><ele>173</ele><time>2026-07-03T22:34:45Z</time></trkpt>
      <trkpt lat="41.315954150632024" lon="-81.59971196204424"><ele>172</ele><time>2026-07-03T22:34:48Z</time></trkpt>
      <trkpt lat="41.31595863495022" lon="-81.59961640834808"><ele>172</ele><time>2026-07-03T22:34:51Z</time></trkpt>
      <trkpt lat="41.31595628801733" lon="-81.59953711554408"><ele>172</ele><time>2026-07-03T22:34:54Z</time></trkpt>
      <trkpt lat="41.31596714258194" lon="-81.59946746192873"><ele>172</ele><time>2026-07-03T22:34:57Z</time></trkpt>
      <trkpt lat="41.31597192026675" lon="-81.59938464872539"><ele>172</ele><time>2026-07-03T22:35:00Z</time></trkpt>
      <trkpt lat="41.31596408318728" lon="-81.59931750968099"><ele>171</ele><time>2026-07-03T22:35:04Z</time></trkpt>
      <trkpt lat="41.31595146842301" lon="-81.59924467094243"><ele>169</ele><time>2026-07-03T22:35:07Z</time></trkpt>
      <trkpt lat="41.31593432743102" lon="-81.59917225129902"><ele>169</ele><time>2026-07-03T22:35:10Z</time></trkpt>
      <trkpt lat="41.31593659054488" lon="-81.59910494461656"><ele>168</ele><time>2026-07-03T22:35:13Z</time></trkpt>
      <trkpt lat="41.315942415967584" lon="-81.59903428517282"><ele>168</ele><time>2026-07-03T22:35:16Z</time></trkpt>
      <trkpt lat="41.31594266742468" lon="-81.59896245226264"><ele>168</ele><time>2026-07-03T22:35:19Z</time></trkpt>
      <trkpt lat="41.31593554280698" lon="-81.59889003261924"><ele>168</ele><time>2026-07-03T22:35:22Z</time></trkpt>
      <trkpt lat="41.31594752892852" lon="-81.59882063046098"><ele>167</ele><time>2026-07-03T22:35:25Z</time></trkpt>
      <trkpt lat="41.31597845815122" lon="-81.59875441342592"><ele>167</ele><time>2026-07-03T22:35:28Z</time></trkpt>
      <trkpt lat="41.316028707660735" lon="-81.59865416586399"><ele>166</ele><time>2026-07-03T22:35:31Z</time></trkpt>
      <trkpt lat="41.31609056610614" lon="-81.59853195771575"><ele>165</ele><time>2026-07-03T22:35:34Z</time></trkpt>
      <trkpt lat="41.31620720028877" lon="-81.59837496466935"><ele>163</ele><time>2026-07-03T22:35:38Z</time></trkpt>
      <trkpt lat="41.31633573677391" lon="-81.59828678704798"><ele>163</ele><time>2026-07-03T22:35:41Z</time></trkpt>
      <trkpt lat="41.31648112088442" lon="-81.59825233742595"><ele>161</ele><time>2026-07-03T22:35:44Z</time></trkpt>
      <trkpt lat="41.31660747807473" lon="-81.59827941097319"><ele>161</ele><time>2026-07-03T22:35:47Z</time></trkpt>
      <trkpt lat="41.31675546057522" lon="-81.59830514341593"><ele>160</ele><time>2026-07-03T22:35:50Z</time></trkpt>
      <trkpt lat="41.31689619272947" lon="-81.59827681258321"><ele>160</ele><time>2026-07-03T22:35:53Z</time></trkpt>
      <trkpt lat="41.31707963068038" lon="-81.59817379899323"><ele>160</ele><time>2026-07-03T22:35:56Z</time></trkpt>
      <trkpt lat="41.31726964842528" lon="-81.59806877374649"><ele>160</ele><time>2026-07-03T22:35:59Z</time></trkpt>
      <trkpt lat="41.31739579606801" lon="-81.59795519895852"><ele>158</ele><time>2026-07-03T22:36:02Z</time></trkpt>
      <trkpt lat="41.31746985018253" lon="-81.59774573519826"><ele>157</ele><time>2026-07-03T22:36:05Z</time></trkpt>
      <trkpt lat="41.31751452572644" lon="-81.59754373133183"><ele>157</ele><time>2026-07-03T22:36:08Z</time></trkpt>
      <trkpt lat="41.31758216768503" lon="-81.5973137319088"><ele>157</ele><time>2026-07-03T22:36:11Z</time></trkpt>
      <trkpt lat="41.31762495730072" lon="-81.5970856603235"><ele>156</ele><time>2026-07-03T22:36:14Z</time></trkpt>
      <trkpt lat="41.31767629645765" lon="-81.59685557708144"><ele>158</ele><time>2026-07-03T22:36:17Z</time></trkpt>
      <trkpt lat="41.3177184574306" lon="-81.59664418548346"><ele>160</ele><time>2026-07-03T22:36:20Z</time></trkpt>
      <trkpt lat="41.317766485735774" lon="-81.59646028652787"><ele>159</ele><time>2026-07-03T22:36:23Z</time></trkpt>
      <trkpt lat="41.31779787596315" lon="-81.59631125628948"><ele>159</ele><time>2026-07-03T22:36:26Z</time></trkpt>
      <trkpt lat="41.31783312186599" lon="-81.59614705480635"><ele>159</ele><time>2026-07-03T22:36:29Z</time></trkpt>
      <trkpt lat="41.317869583144784" lon="-81.59600774757564"><ele>158</ele><time>2026-07-03T22:36:32Z</time></trkpt>
      <trkpt lat="41.31791321095079" lon="-81.59587824717164"><ele>158</ele><time>2026-07-03T22:36:35Z</time></trkpt>
      <trkpt lat="41.31793274078518" lon="-81.5957562904805"><ele>158</ele><time>2026-07-03T22:36:38Z</time></trkpt>
      <trkpt lat="41.31795310880989" lon="-81.59562544897199"><ele>158</ele><time>2026-07-03T22:36:41Z</time></trkpt>
      <trkpt lat="41.317976410500705" lon="-81.59551849588752"><ele>158</ele><time>2026-07-03T22:36:44Z</time></trkpt>
      <trkpt lat="41.31800708826631" lon="-81.59541967324913"><ele>158</ele><time>2026-07-03T22:36:47Z</time></trkpt>
      <trkpt lat="41.31806429475546" lon="-81.59528464078903"><ele>156</ele><time>2026-07-03T22:36:50Z</time></trkpt>
      <trkpt lat="41.31813411600888" lon="-81.59511105157435"><ele>155</ele><time>2026-07-03T22:36:53Z</time></trkpt>
      <trkpt lat="41.31817942019552" lon="-81.59486747346818"><ele>154</ele><time>2026-07-03T22:36:56Z</time></trkpt>
      <trkpt lat="41.31824530195445" lon="-81.59466471523046"><ele>153</ele><time>2026-07-03T22:36:59Z</time></trkpt>
      <trkpt lat="41.318325768224895" lon="-81.59447218291461"><ele>154</ele><time>2026-07-03T22:37:02Z</time></trkpt>
      <trkpt lat="41.3183757243678" lon="-81.59432583488524"><ele>154</ele><time>2026-07-03T22:37:05Z</time></trkpt>
      <trkpt lat="41.31841796915978" lon="-81.59421888180077"><ele>155</ele><time>2026-07-03T22:37:08Z</time></trkpt>
      <trkpt lat="41.318452837876976" lon="-81.59410765394568"><ele>155</ele><time>2026-07-03T22:37:11Z</time></trkpt>
      <trkpt lat="41.318498267792165" lon="-81.59391093067825"><ele>154</ele><time>2026-07-03T22:37:14Z</time></trkpt>
      <trkpt lat="41.31856092251837" lon="-81.59377304837108"><ele>153</ele><time>2026-07-03T22:37:17Z</time></trkpt>
      <trkpt lat="41.31862667854875" lon="-81.59363734535873"><ele>153</ele><time>2026-07-03T22:37:20Z</time></trkpt>
      <trkpt lat="41.318726632744074" lon="-81.59344120882452"><ele>152</ele><time>2026-07-03T22:37:23Z</time></trkpt>
      <trkpt lat="41.31877340376377" lon="-81.59320048056543"><ele>153</ele><time>2026-07-03T22:37:26Z</time></trkpt>
      <trkpt lat="41.3188221026212" lon="-81.59296620637178"><ele>152</ele><time>2026-07-03T22:37:29Z</time></trkpt>
      <trkpt lat="41.31890009623021" lon="-81.5927238855511"><ele>152</ele><time>2026-07-03T22:37:32Z</time></trkpt>
      <trkpt lat="41.318947286345065" lon="-81.59248692914844"><ele>152</ele><time>2026-07-03T22:37:35Z</time></trkpt>
      <trkpt lat="41.31891715340316" lon="-81.59222516231239"><ele>153</ele><time>2026-07-03T22:37:38Z</time></trkpt>
      <trkpt lat="41.31888987030834" lon="-81.59206456504762"><ele>154</ele><time>2026-07-03T22:37:41Z</time></trkpt>
      <trkpt lat="41.318875746801496" lon="-81.59200463443995"><ele>155</ele><time>2026-07-03T22:37:44Z</time></trkpt>
      <trkpt lat="41.31888387724757" lon="-81.59187220036983"><ele>155</ele><time>2026-07-03T22:37:53Z</time></trkpt>
      <trkpt lat="41.31888278760016" lon="-81.59166768193245"><ele>154</ele><time>2026-07-03T22:37:56Z</time></trkpt>
      <trkpt lat="41.31884624250233" lon="-81.5914096031338"><ele>154</ele><time>2026-07-03T22:37:59Z</time></trkpt>
      <trkpt lat="41.31878979038447" lon="-81.59116133116186"><ele>154</ele><time>2026-07-03T22:38:02Z</time></trkpt>
      <trkpt lat="41.318774283863604" lon="-81.59093703143299"><ele>154</ele><time>2026-07-03T22:38:05Z</time></trkpt>
      <trkpt lat="41.31871049758047" lon="-81.5907137375325"><ele>155</ele><time>2026-07-03T22:38:08Z</time></trkpt>
      <trkpt lat="41.31865840405226" lon="-81.5905287489295"><ele>156</ele><time>2026-07-03T22:38:11Z</time></trkpt>
      <trkpt lat="41.31861423142254" lon="-81.59033454023302"><ele>155</ele><time>2026-07-03T22:38:14Z</time></trkpt>
      <trkpt lat="41.31858087144792" lon="-81.59009842202067"><ele>154</ele><time>2026-07-03T22:38:17Z</time></trkpt>
      <trkpt lat="41.31856092251837" lon="-81.58986867405474"><ele>154</ele><time>2026-07-03T22:38:20Z</time></trkpt>
      <trkpt lat="41.31855212152004" lon="-81.58962559886277"><ele>154</ele><time>2026-07-03T22:38:23Z</time></trkpt>
      <trkpt lat="41.31856968160719" lon="-81.58937866799533"><ele>154</ele><time>2026-07-03T22:38:26Z</time></trkpt>
      <trkpt lat="41.318586990237236" lon="-81.58918680623174"><ele>155</ele><time>2026-07-03T22:38:29Z</time></trkpt>
      <trkpt lat="41.3186149019748" lon="-81.58898212015629"><ele>154</ele><time>2026-07-03T22:38:32Z</time></trkpt>
      <trkpt lat="41.318663600832224" lon="-81.58877500332892"><ele>154</ele><time>2026-07-03T22:38:35Z</time></trkpt>
      <trkpt lat="41.318716616369784" lon="-81.58858733251691"><ele>155</ele><time>2026-07-03T22:38:38Z</time></trkpt>
      <trkpt lat="41.31876636296511" lon="-81.5883872564882"><ele>155</ele><time>2026-07-03T22:38:41Z</time></trkpt>
      <trkpt lat="41.318773571401834" lon="-81.58822917379439"><ele>155</ele><time>2026-07-03T22:38:44Z</time></trkpt>
      <trkpt lat="41.318764979951084" lon="-81.58809129148722"><ele>155</ele><time>2026-07-03T22:38:47Z</time></trkpt>
      <trkpt lat="41.318753538653255" lon="-81.58799221739173"><ele>155</ele><time>2026-07-03T22:38:50Z</time></trkpt>
      <trkpt lat="41.318756975233555" lon="-81.58790278248489"><ele>154</ele><time>2026-07-03T22:38:53Z</time></trkpt>
      <trkpt lat="41.318706180900335" lon="-81.58782784827054"><ele>154</ele><time>2026-07-03T22:38:56Z</time></trkpt>
      <trkpt lat="41.31862684618682" lon="-81.58782441169024"><ele>153</ele><time>2026-07-03T22:38:59Z</time></trkpt>
      <trkpt lat="41.318520437926054" lon="-81.58784125931561"><ele>154</ele><time>2026-07-03T22:39:02Z</time></trkpt>
      <trkpt lat="41.31841872353107" lon="-81.58783530816436"><ele>154</ele><time>2026-07-03T22:39:05Z</time></trkpt>
      <trkpt lat="41.31832174491137" lon="-81.58783405087888"><ele>154</ele><time>2026-07-03T22:39:08Z</time></trkpt>
      <trkpt lat="41.31823193281889" lon="-81.5878213942051"><ele>155</ele><time>2026-07-03T22:39:11Z</time></trkpt>
    </trkseg>
  </trk>
</gpx>
