<?xml version="1.0" encoding="UTF-8"?>
<gpx version="1.1" creator="HoldMyTrack" xmlns="http://www.topografix.com/GPX/1/1" xmlns:gpxtpx="http://www.garmin.com/xmlschemas/TrackPointExtension/v1">
  <trk>
    <type>driving</type>
    <trkseg>
      <trkpt lat="41.404871" lon="-81.734477"><ele>264</ele><time>2026-07-13T13:12:00Z</time></trkpt>
      <trkpt lat="41.404871" lon="-81.734566"><ele>264</ele><time>2026-07-13T13:12:01Z</time></trkpt>
      <trkpt lat="41.405713" lon="-81.734552"><ele>263</ele><time>2026-07-13T13:12:06Z</time></trkpt>
      <trkpt lat="41.406496" lon="-81.734552"><ele>262</ele><time>2026-07-13T13:12:11Z</time></trkpt>
      <trkpt lat="41.407727" lon="-81.734533"><ele>262</ele><time>2026-07-13T13:12:18Z</time></trkpt>
      <trkpt lat="41.408699" lon="-81.734526"><ele>262</ele><time>2026-07-13T13:12:24Z</time></trkpt>
      <trkpt lat="41.408853" lon="-81.734539"><ele>262</ele><time>2026-07-13T13:12:25Z</time></trkpt>
      <trkpt lat="41.410442" lon="-81.734507"><ele>262</ele><time>2026-07-13T13:12:32Z</time></trkpt>
      <trkpt lat="41.411263" lon="-81.73451"><ele>261.97</ele><time>2026-07-13T13:12:37Z</time></trkpt>
      <trkpt lat="41.412203" lon="-81.734481"><ele>259</ele><time>2026-07-13T13:12:43Z</time></trkpt>
      <trkpt lat="41.413145" lon="-81.734477"><ele>254.97</ele><time>2026-07-13T13:12:49Z</time></trkpt>
      <trkpt lat="41.413604" lon="-81.73395"><ele>252.82</ele><time>2026-07-13T13:12:53Z</time></trkpt>
      <trkpt lat="41.41416" lon="-81.733333"><ele>250</ele><time>2026-07-13T13:12:58Z</time></trkpt>
      <trkpt lat="41.414689" lon="-81.732659"><ele>248</ele><time>2026-07-13T13:13:02Z</time></trkpt>
      <trkpt lat="41.414848" lon="-81.732478"><ele>247.18</ele><time>2026-07-13T13:13:04Z</time></trkpt>
      <trkpt lat="41.415381" lon="-81.731898"><ele>246</ele><time>2026-07-13T13:13:09Z</time></trkpt>
      <trkpt lat="41.415599" lon="-81.731644"><ele>245</ele><time>2026-07-13T13:13:11Z</time></trkpt>
      <trkpt lat="41.416401" lon="-81.730703"><ele>247.01</ele><time>2026-07-13T13:13:17Z</time></trkpt>
      <trkpt lat="41.416748" lon="-81.73032"><ele>247</ele><time>2026-07-13T13:13:20Z</time></trkpt>
      <trkpt lat="41.41758" lon="-81.729338"><ele>248</ele><time>2026-07-13T13:13:26Z</time></trkpt>
      <trkpt lat="41.418702" lon="-81.728089"><ele>246</ele><time>2026-07-13T13:13:34Z</time></trkpt>
      <trkpt lat="41.419728" lon="-81.72692"><ele>244</ele><time>2026-07-13T13:13:41Z</time></trkpt>
      <trkpt lat="41.420388" lon="-81.726161"><ele>244.36</ele><time>2026-07-13T13:13:46Z</time></trkpt>
      <trkpt lat="41.420475" lon="-81.72605"><ele>245</ele><time>2026-07-13T13:13:47Z</time></trkpt>
      <trkpt lat="41.420732" lon="-81.725771"><ele>244.96</ele><time>2026-07-13T13:13:50Z</time></trkpt>
      <trkpt lat="41.422132" lon="-81.724143"><ele>243.92</ele><time>2026-07-13T13:13:58Z</time></trkpt>
      <trkpt lat="41.422915" lon="-81.72326"><ele>242</ele><time>2026-07-13T13:14:04Z</time></trkpt>
      <trkpt lat="41.423648" lon="-81.722389"><ele>240.98</ele><time>2026-07-13T13:14:10Z</time></trkpt>
      <trkpt lat="41.424858" lon="-81.720985"><ele>238</ele><time>2026-07-13T13:14:18Z</time></trkpt>
      <trkpt lat="41.425797" lon="-81.71985"><ele>236.24</ele><time>2026-07-13T13:14:24Z</time></trkpt>
      <trkpt lat="41.426814" lon="-81.718663"><ele>235.03</ele><time>2026-07-13T13:14:31Z</time></trkpt>
      <trkpt lat="41.427067" lon="-81.718368"><ele>235</ele><time>2026-07-13T13:14:34Z</time></trkpt>
      <trkpt lat="41.427333" lon="-81.718057"><ele>235</ele><time>2026-07-13T13:14:37Z</time></trkpt>
      <trkpt lat="41.428009" lon="-81.717317"><ele>235</ele><time>2026-07-13T13:14:43Z</time></trkpt>
      <trkpt lat="41.428304" lon="-81.716961"><ele>235</ele><time>2026-07-13T13:14:46Z</time></trkpt>
      <trkpt lat="41.428962" lon="-81.716199"><ele>236</ele><time>2026-07-13T13:14:51Z</time></trkpt>
      <trkpt lat="41.429512" lon="-81.715541"><ele>236.62</ele><time>2026-07-13T13:14:56Z</time></trkpt>
      <trkpt lat="41.429829" lon="-81.71516"><ele>237.43</ele><time>2026-07-13T13:14:59Z</time></trkpt>
      <trkpt lat="41.431337" lon="-81.713464"><ele>243</ele><time>2026-07-13T13:15:07Z</time></trkpt>
      <trkpt lat="41.431777" lon="-81.712927"><ele>242.38</ele><time>2026-07-13T13:15:11Z</time></trkpt>
      <trkpt lat="41.432142" lon="-81.712628"><ele>242.01</ele><time>2026-07-13T13:15:14Z</time></trkpt>
      <trkpt lat="41.432964" lon="-81.711924"><ele>239</ele><time>2026-07-13T13:15:19Z</time></trkpt>
      <trkpt lat="41.433608" lon="-81.711408"><ele>238</ele><time>2026-07-13T13:15:23Z</time></trkpt>
      <trkpt lat="41.433926" lon="-81.711131"><ele>238</ele><time>2026-07-13T13:15:26Z</time></trkpt>
      <trkpt lat="41.435001" lon="-81.710248"><ele>236</ele><time>2026-07-13T13:15:33Z</time></trkpt>
      <trkpt lat="41.436422" lon="-81.709048"><ele>226.9</ele><time>2026-07-13T13:15:40Z</time></trkpt>
      <trkpt lat="41.436857" lon="-81.708705"><ele>226</ele><time>2026-07-13T13:15:43Z</time></trkpt>
      <trkpt lat="41.437354" lon="-81.708267"><ele>225</ele><time>2026-07-13T13:15:47Z</time></trkpt>
      <trkpt lat="41.438228" lon="-81.707585"><ele>222.89</ele><time>2026-07-13T13:15:53Z</time></trkpt>
      <trkpt lat="41.438724" lon="-81.707181"><ele>220.22</ele><time>2026-07-13T13:15:57Z</time></trkpt>
      <trkpt lat="41.43911" lon="-81.706845"><ele>220</ele><time>2026-07-13T13:16:00Z</time></trkpt>
      <trkpt lat="41.43947" lon="-81.706555"><ele>219.26</ele><time>2026-07-13T13:16:03Z</time></trkpt>
      <trkpt lat="41.439987" lon="-81.706117"><ele>220</ele><time>2026-07-13T13:16:07Z</time></trkpt>
      <trkpt lat="41.440536" lon="-81.70567"><ele>221</ele><time>2026-07-13T13:16:11Z</time></trkpt>
      <trkpt lat="41.440767" lon="-81.705496"><ele>221</ele><time>2026-07-13T13:16:13Z</time></trkpt>
      <trkpt lat="41.441783" lon="-81.704838"><ele>221</ele><time>2026-07-13T13:16:19Z</time></trkpt>
      <trkpt lat="41.443048" lon="-81.70403"><ele>216.51</ele><time>2026-07-13T13:16:26Z</time></trkpt>
      <trkpt lat="41.443083" lon="-81.703994"><ele>216.23</ele><time>2026-07-13T13:16:27Z</time></trkpt>
      <trkpt lat="41.443303" lon="-81.703873"><ele>215.53</ele><time>2026-07-13T13:16:29Z</time></trkpt>
      <trkpt lat="41.44391" lon="-81.703512"><ele>213.57</ele><time>2026-07-13T13:16:33Z</time></trkpt>
      <trkpt lat="41.444393" lon="-81.703246"><ele>211.67</ele><time>2026-07-13T13:16:37Z</time></trkpt>
      <trkpt lat="41.444535" lon="-81.703179"><ele>206.71</ele><time>2026-07-13T13:16:38Z</time></trkpt>
      <trkpt lat="41.44517" lon="-81.702977"><ele>206.7</ele><time>2026-07-13T13:16:42Z</time></trkpt>
      <trkpt lat="41.44724" lon="-81.702456"><ele>206.67</ele><time>2026-07-13T13:16:50Z</time></trkpt>
      <trkpt lat="41.448728" lon="-81.702114"><ele>206.66</ele><time>2026-07-13T13:16:57Z</time></trkpt>
      <trkpt lat="41.448958" lon="-81.702046"><ele>206.66</ele><time>2026-07-13T13:16:59Z</time></trkpt>
      <trkpt lat="41.449241" lon="-81.701964"><ele>210</ele><time>2026-07-13T13:17:01Z</time></trkpt>
      <trkpt lat="41.449969" lon="-81.701842"><ele>210</ele><time>2026-07-13T13:17:06Z</time></trkpt>
      <trkpt lat="41.45072" lon="-81.701739"><ele>210</ele><time>2026-07-13T13:17:11Z</time></trkpt>
      <trkpt lat="41.451645" lon="-81.701607"><ele>210</ele><time>2026-07-13T13:17:16Z</time></trkpt>
      <trkpt lat="41.454448" lon="-81.701281"><ele>209</ele><time>2026-07-13T13:17:26Z</time></trkpt>
      <trkpt lat="41.455435" lon="-81.701138"><ele>209</ele><time>2026-07-13T13:17:32Z</time></trkpt>
      <trkpt lat="41.456059" lon="-81.701097"><ele>209</ele><time>2026-07-13T13:17:37Z</time></trkpt>
      <trkpt lat="41.456085" lon="-81.700901"><ele>209</ele><time>2026-07-13T13:17:38Z</time></trkpt>
      <trkpt lat="41.456123" lon="-81.70074"><ele>208.75</ele><time>2026-07-13T13:17:39Z</time></trkpt>
      <trkpt lat="41.456177" lon="-81.700569"><ele>207.42</ele><time>2026-07-13T13:17:40Z</time></trkpt>
      <trkpt lat="41.45627" lon="-81.700364"><ele>206.84</ele><time>2026-07-13T13:17:42Z</time></trkpt>
      <trkpt lat="41.456798" lon="-81.699296"><ele>202</ele><time>2026-07-13T13:17:48Z</time></trkpt>
      <trkpt lat="41.457401" lon="-81.698072"><ele>202.27</ele><time>2026-07-13T13:17:54Z</time></trkpt>
      <trkpt lat="41.457683" lon="-81.697479"><ele>203.43</ele><time>2026-07-13T13:17:58Z</time></trkpt>
      <trkpt lat="41.457968" lon="-81.696907"><ele>204.32</ele><time>2026-07-13T13:18:01Z</time></trkpt>
      <trkpt lat="41.458393" lon="-81.696171"><ele>205.82</ele><time>2026-07-13T13:18:05Z</time></trkpt>
      <trkpt lat="41.458484" lon="-81.696043"><ele>206.25</ele><time>2026-07-13T13:18:06Z</time></trkpt>
      <trkpt lat="41.458748" lon="-81.695733"><ele>206.21</ele><time>2026-07-13T13:18:09Z</time></trkpt>
      <trkpt lat="41.459019" lon="-81.695436"><ele>206.76</ele><time>2026-07-13T13:18:12Z</time></trkpt>
      <trkpt lat="41.459381" lon="-81.695079"><ele>207.37</ele><time>2026-07-13T13:18:15Z</time></trkpt>
      <trkpt lat="41.459548" lon="-81.694938"><ele>207.64</ele><time>2026-07-13T13:18:17Z</time></trkpt>
      <trkpt lat="41.459737" lon="-81.694797"><ele>207.92</ele><time>2026-07-13T13:18:19Z</time></trkpt>
      <trkpt lat="41.459905" lon="-81.694682"><ele>207.57</ele><time>2026-07-13T13:18:21Z</time></trkpt>
      <trkpt lat="41.460196" lon="-81.694533"><ele>207.02</ele><time>2026-07-13T13:18:24Z</time></trkpt>
      <trkpt lat="41.460511" lon="-81.694396"><ele>206.44</ele><time>2026-07-13T13:18:27Z</time></trkpt>
      <trkpt lat="41.460782" lon="-81.694296"><ele>205.94</ele><time>2026-07-13T13:18:29Z</time></trkpt>
      <trkpt lat="41.461501" lon="-81.694094"><ele>204.67</ele><time>2026-07-13T13:18:34Z</time></trkpt>
      <trkpt lat="41.462646" lon="-81.693802"><ele>202.65</ele><time>2026-07-13T13:18:40Z</time></trkpt>
      <trkpt lat="41.464641" lon="-81.693308"><ele>202.17</ele><time>2026-07-13T13:18:47Z</time></trkpt>
      <trkpt lat="41.465643" lon="-81.693046"><ele>202.14</ele><time>2026-07-13T13:18:52Z</time></trkpt>
      <trkpt lat="41.466198" lon="-81.692936"><ele>202.11</ele><time>2026-07-13T13:18:56Z</time></trkpt>
      <trkpt lat="41.467015" lon="-81.692804"><ele>202.08</ele><time>2026-07-13T13:19:01Z</time></trkpt>
      <trkpt lat="41.467487" lon="-81.692744"><ele>202.06</ele><time>2026-07-13T13:19:04Z</time></trkpt>
      <trkpt lat="41.468832" lon="-81.692642"><ele>202.01</ele><time>2026-07-13T13:19:11Z</time></trkpt>
      <trkpt lat="41.469211" lon="-81.692629"><ele>202</ele><time>2026-07-13T13:19:14Z</time></trkpt>
      <trkpt lat="41.46964" lon="-81.692641"><ele>202.36</ele><time>2026-07-13T13:19:18Z</time></trkpt>
      <trkpt lat="41.470648" lon="-81.692705"><ele>205</ele><time>2026-07-13T13:19:23Z</time></trkpt>
      <trkpt lat="41.473354" lon="-81.692903"><ele>214</ele><time>2026-07-13T13:19:33Z</time></trkpt>
      <trkpt lat="41.473598" lon="-81.692922"><ele>210.96</ele><time>2026-07-13T13:19:35Z</time></trkpt>
      <trkpt lat="41.474874" lon="-81.693012"><ele>213.3</ele><time>2026-07-13T13:19:41Z</time></trkpt>
      <trkpt lat="41.477081" lon="-81.693139"><ele>213.74</ele><time>2026-07-13T13:19:49Z</time></trkpt>
      <trkpt lat="41.477676" lon="-81.693146"><ele>213.43</ele><time>2026-07-13T13:19:53Z</time></trkpt>
      <trkpt lat="41.478013" lon="-81.693126"><ele>213.33</ele><time>2026-07-13T13:19:56Z</time></trkpt>
      <trkpt lat="41.479239" lon="-81.692941"><ele>213</ele><time>2026-07-13T13:20:02Z</time></trkpt>
      <trkpt lat="41.479952" lon="-81.692767"><ele>212.3</ele><time>2026-07-13T13:20:07Z</time></trkpt>
      <trkpt lat="41.481125" lon="-81.692494"><ele>212.06</ele><time>2026-07-13T13:20:13Z</time></trkpt>
      <trkpt lat="41.482142" lon="-81.69221"><ele>211.85</ele><time>2026-07-13T13:20:19Z</time></trkpt>
      <trkpt lat="41.482344" lon="-81.692155"><ele>211.04</ele><time>2026-07-13T13:20:21Z</time></trkpt>
      <trkpt lat="41.482973" lon="-81.691997"><ele>209.64</ele><time>2026-07-13T13:20:26Z</time></trkpt>
      <trkpt lat="41.483232" lon="-81.691923"><ele>209.69</ele><time>2026-07-13T13:20:28Z</time></trkpt>
      <trkpt lat="41.48348" lon="-81.691839"><ele>212.98</ele><time>2026-07-13T13:20:30Z</time></trkpt>
      <trkpt lat="41.483975" lon="-81.691672"><ele>212.95</ele><time>2026-07-13T13:20:33Z</time></trkpt>
      <trkpt lat="41.484223" lon="-81.691589"><ele>211.1</ele><time>2026-07-13T13:20:35Z</time></trkpt>
      <trkpt lat="41.485366" lon="-81.691147"><ele>210.78</ele><time>2026-07-13T13:20:41Z</time></trkpt>
      <trkpt lat="41.485798" lon="-81.690955"><ele>210.66</ele><time>2026-07-13T13:20:44Z</time></trkpt>
      <trkpt lat="41.48625" lon="-81.690696"><ele>210.53</ele><time>2026-07-13T13:20:48Z</time></trkpt>
      <trkpt lat="41.486813" lon="-81.690403"><ele>210.36</ele><time>2026-07-13T13:20:52Z</time></trkpt>
      <trkpt lat="41.488466" lon="-81.689475"><ele>209.96</ele><time>2026-07-13T13:20:59Z</time></trkpt>
      <trkpt lat="41.489723" lon="-81.688738"><ele>209.68</ele><time>2026-07-13T13:21:06Z</time></trkpt>
      <trkpt lat="41.490288" lon="-81.688362"><ele>209.55</ele><time>2026-07-13T13:21:11Z</time></trkpt>
      <trkpt lat="41.490862" lon="-81.687916"><ele>209.41</ele><time>2026-07-13T13:21:16Z</time></trkpt>
      <trkpt lat="41.491925" lon="-81.686946"><ele>209.35</ele><time>2026-07-13T13:21:22Z</time></trkpt>
      <trkpt lat="41.492142" lon="-81.686704"><ele>209.41</ele><time>2026-07-13T13:21:24Z</time></trkpt>
      <trkpt lat="41.492464" lon="-81.686283"><ele>209.5</ele><time>2026-07-13T13:21:28Z</time></trkpt>
      <trkpt lat="41.492855" lon="-81.685695"><ele>209.63</ele><time>2026-07-13T13:21:32Z</time></trkpt>
      <trkpt lat="41.493284" lon="-81.684996"><ele>209.77</ele><time>2026-07-13T13:21:37Z</time></trkpt>
      <trkpt lat="41.493485" lon="-81.68464"><ele>209.85</ele><time>2026-07-13T13:21:40Z</time></trkpt>
      <trkpt lat="41.493667" lon="-81.684279"><ele>209.5</ele><time>2026-07-13T13:21:43Z</time></trkpt>
      <trkpt lat="41.493835" lon="-81.683916"><ele>210.19</ele><time>2026-07-13T13:21:46Z</time></trkpt>
      <trkpt lat="41.493987" lon="-81.683542"><ele>210.88</ele><time>2026-07-13T13:21:49Z</time></trkpt>
      <trkpt lat="41.494155" lon="-81.683148"><ele>212.02</ele><time>2026-07-13T13:21:52Z</time></trkpt>
      <trkpt lat="41.494306" lon="-81.682759"><ele>212.36</ele><time>2026-07-13T13:21:55Z</time></trkpt>
      <trkpt lat="41.494442" lon="-81.682374"><ele>212.89</ele><time>2026-07-13T13:21:58Z</time></trkpt>
      <trkpt lat="41.494564" lon="-81.681999"><ele>211.2</ele><time>2026-07-13T13:22:01Z</time></trkpt>
      <trkpt lat="41.494724" lon="-81.681406"><ele>210.56</ele><time>2026-07-13T13:22:04Z</time></trkpt>
      <trkpt lat="41.494855" lon="-81.680957"><ele>211.38</ele><time>2026-07-13T13:22:07Z</time></trkpt>
      <trkpt lat="41.495023" lon="-81.680324"><ele>212.54</ele><time>2026-07-13T13:22:11Z</time></trkpt>
      <trkpt lat="41.495103" lon="-81.680075"><ele>213</ele><time>2026-07-13T13:22:13Z</time></trkpt>
      <trkpt lat="41.495301" lon="-81.679545"><ele>213.4</ele><time>2026-07-13T13:22:17Z</time></trkpt>
      <trkpt lat="41.495532" lon="-81.678983"><ele>213.82</ele><time>2026-07-13T13:22:21Z</time></trkpt>
      <trkpt lat="41.495869" lon="-81.678252"><ele>213.44</ele><time>2026-07-13T13:22:25Z</time></trkpt>
      <trkpt lat="41.496434" lon="-81.677148"><ele>208.05</ele><time>2026-07-13T13:22:31Z</time></trkpt>
      <trkpt lat="41.497416" lon="-81.675217"><ele>202.43</ele><time>2026-07-13T13:22:39Z</time></trkpt>
      <trkpt lat="41.497653" lon="-81.674718"><ele>201</ele><time>2026-07-13T13:22:42Z</time></trkpt>
      <trkpt lat="41.498504" lon="-81.673031"><ele>197.69</ele><time>2026-07-13T13:22:49Z</time></trkpt>
      <trkpt lat="41.498766" lon="-81.672534"><ele>196.04</ele><time>2026-07-13T13:22:53Z</time></trkpt>
      <trkpt lat="41.499031" lon="-81.672036"><ele>197.02</ele><time>2026-07-13T13:22:57Z</time></trkpt>
      <trkpt lat="41.499312" lon="-81.6716"><ele>197</ele><time>2026-07-13T13:23:00Z</time></trkpt>
      <trkpt lat="41.499648" lon="-81.671177"><ele>198.93</ele><time>2026-07-13T13:23:03Z</time></trkpt>
      <trkpt lat="41.499816" lon="-81.670988"><ele>198.03</ele><time>2026-07-13T13:23:05Z</time></trkpt>
      <trkpt lat="41.500182" lon="-81.67066"><ele>198.03</ele><time>2026-07-13T13:23:08Z</time></trkpt>
      <trkpt lat="41.500554" lon="-81.670382"><ele>198</ele><time>2026-07-13T13:23:11Z</time></trkpt>
      <trkpt lat="41.500969" lon="-81.670113"><ele>197.75</ele><time>2026-07-13T13:23:14Z</time></trkpt>
      <trkpt lat="41.501452" lon="-81.669906"><ele>196.54</ele><time>2026-07-13T13:23:18Z</time></trkpt>
      <trkpt lat="41.501727" lon="-81.669825"><ele>196.01</ele><time>2026-07-13T13:23:20Z</time></trkpt>
      <trkpt lat="41.502095" lon="-81.669743"><ele>195.48</ele><time>2026-07-13T13:23:23Z</time></trkpt>
      <trkpt lat="41.502491" lon="-81.669716"><ele>195</ele><time>2026-07-13T13:23:26Z</time></trkpt>
      <trkpt lat="41.502747" lon="-81.669712"><ele>194.75</ele><time>2026-07-13T13:23:28Z</time></trkpt>
      <trkpt lat="41.503109" lon="-81.669743"><ele>194</ele><time>2026-07-13T13:23:31Z</time></trkpt>
      <trkpt lat="41.503425" lon="-81.669803"><ele>194</ele><time>2026-07-13T13:23:34Z</time></trkpt>
      <trkpt lat="41.50448" lon="-81.670125"><ele>193</ele><time>2026-07-13T13:23:40Z</time></trkpt>
      <trkpt lat="41.506842" lon="-81.670934"><ele>190.7</ele><time>2026-07-13T13:23:49Z</time></trkpt>
      <trkpt lat="41.507334" lon="-81.67109"><ele>190</ele><time>2026-07-13T13:23:53Z</time></trkpt>
      <trkpt lat="41.511" lon="-81.672326"><ele>187</ele><time>2026-07-13T13:24:08Z</time></trkpt>
      <trkpt lat="41.511813" lon="-81.67261"><ele>187</ele><time>2026-07-13T13:24:13Z</time></trkpt>
      <trkpt lat="41.512591" lon="-81.672847"><ele>186</ele><time>2026-07-13T13:24:18Z</time></trkpt>
      <trkpt lat="41.513412" lon="-81.673125"><ele>186</ele><time>2026-07-13T13:24:23Z</time></trkpt>
      <trkpt lat="41.513877" lon="-81.67331"><ele>186.22</ele><time>2026-07-13T13:24:27Z</time></trkpt>
      <trkpt lat="41.51421" lon="-81.673481"><ele>185.75</ele><time>2026-07-13T13:24:30Z</time></trkpt>
      <trkpt lat="41.514887" lon="-81.673886"><ele>184</ele><time>2026-07-13T13:24:35Z</time></trkpt>
      <trkpt lat="41.515187" lon="-81.674084"><ele>182.76</ele><time>2026-07-13T13:24:37Z</time></trkpt>
      <trkpt lat="41.515743" lon="-81.674507"><ele>179.86</ele><time>2026-07-13T13:24:41Z</time></trkpt>
      <trkpt lat="41.516499" lon="-81.675196"><ele>177.61</ele><time>2026-07-13T13:24:46Z</time></trkpt>
      <trkpt lat="41.516587" lon="-81.675263"><ele>177.5</ele><time>2026-07-13T13:24:47Z</time></trkpt>
      <trkpt lat="41.516695" lon="-81.67533"><ele>177</ele><time>2026-07-13T13:24:48Z</time></trkpt>
      <trkpt lat="41.516793" lon="-81.675372"><ele>177.24</ele><time>2026-07-13T13:24:49Z</time></trkpt>
      <trkpt lat="41.5169" lon="-81.675413"><ele>177.48</ele><time>2026-07-13T13:24:50Z</time></trkpt>
      <trkpt lat="41.517008" lon="-81.67544"><ele>177.64</ele><time>2026-07-13T13:24:51Z</time></trkpt>
      <trkpt lat="41.517109" lon="-81.675451"><ele>177.7</ele><time>2026-07-13T13:24:52Z</time></trkpt>
      <trkpt lat="41.517219" lon="-81.675447"><ele>177.68</ele><time>2026-07-13T13:24:53Z</time></trkpt>
      <trkpt lat="41.51743" lon="-81.6754"><ele>177.11</ele><time>2026-07-13T13:24:55Z</time></trkpt>
      <trkpt lat="41.51753" lon="-81.675354"><ele>177</ele><time>2026-07-13T13:24:56Z</time></trkpt>
      <trkpt lat="41.517722" lon="-81.675224"><ele>177</ele><time>2026-07-13T13:24:58Z</time></trkpt>
      <trkpt lat="41.517807" lon="-81.675141"><ele>177</ele><time>2026-07-13T13:24:59Z</time></trkpt>
      <trkpt lat="41.517885" lon="-81.675047"><ele>177</ele><time>2026-07-13T13:25:00Z</time></trkpt>
      <trkpt lat="41.517953" lon="-81.674948"><ele>177</ele><time>2026-07-13T13:25:01Z</time></trkpt>
      <trkpt lat="41.518511" lon="-81.674029"><ele>177</ele><time>2026-07-13T13:25:06Z</time></trkpt>
      <trkpt lat="41.518923" lon="-81.673332"><ele>177</ele><time>2026-07-13T13:25:11Z</time></trkpt>
      <trkpt lat="41.519311" lon="-81.672618"><ele>177</ele><time>2026-07-13T13:25:15Z</time></trkpt>
      <trkpt lat="41.521384" lon="-81.668634"><ele>177</ele><time>2026-07-13T13:25:28Z</time></trkpt>
      <trkpt lat="41.522108" lon="-81.667198"><ele>177</ele><time>2026-07-13T13:25:35Z</time></trkpt>
      <trkpt lat="41.52429" lon="-81.663011"><ele>177</ele><time>2026-07-13T13:25:50Z</time></trkpt>
      <trkpt lat="41.525058" lon="-81.661538"><ele>178.99</ele><time>2026-07-13T13:25:56Z</time></trkpt>
      <trkpt lat="41.529006" lon="-81.653951"><ele>177</ele><time>2026-07-13T13:26:22Z</time></trkpt>
      <trkpt lat="41.530252" lon="-81.651524"><ele>178</ele><time>2026-07-13T13:26:30Z</time></trkpt>
      <trkpt lat="41.530852" lon="-81.650444"><ele>178.03</ele><time>2026-07-13T13:26:36Z</time></trkpt>
      <trkpt lat="41.531277" lon="-81.649767"><ele>179</ele><time>2026-07-13T13:26:40Z</time></trkpt>
      <trkpt lat="41.531543" lon="-81.64939"><ele>179.54</ele><time>2026-07-13T13:26:43Z</time></trkpt>
      <trkpt lat="41.531732" lon="-81.649138"><ele>179</ele><time>2026-07-13T13:26:45Z</time></trkpt>
      <trkpt lat="41.53225" lon="-81.648491"><ele>178.99</ele><time>2026-07-13T13:26:50Z</time></trkpt>
      <trkpt lat="41.533824" lon="-81.646788"><ele>178</ele><time>2026-07-13T13:26:58Z</time></trkpt>
      <trkpt lat="41.534313" lon="-81.646233"><ele>177.7</ele><time>2026-07-13T13:27:02Z</time></trkpt>
      <trkpt lat="41.534664" lon="-81.645788"><ele>177.24</ele><time>2026-07-13T13:27:05Z</time></trkpt>
      <trkpt lat="41.535046" lon="-81.645229"><ele>177</ele><time>2026-07-13T13:27:09Z</time></trkpt>
      <trkpt lat="41.535319" lon="-81.644793"><ele>177.85</ele><time>2026-07-13T13:27:12Z</time></trkpt>
      <trkpt lat="41.536448" lon="-81.642769"><ele>175</ele><time>2026-07-13T13:27:19Z</time></trkpt>
      <trkpt lat="41.536766" lon="-81.642206"><ele>175</ele><time>2026-07-13T13:27:23Z</time></trkpt>
      <trkpt lat="41.537123" lon="-81.641585"><ele>178</ele><time>2026-07-13T13:27:27Z</time></trkpt>
      <trkpt lat="41.537449" lon="-81.641036"><ele>179.13</ele><time>2026-07-13T13:27:31Z</time></trkpt>
      <trkpt lat="41.537758" lon="-81.640447"><ele>180.31</ele><time>2026-07-13T13:27:35Z</time></trkpt>
      <trkpt lat="41.538012" lon="-81.639907"><ele>181.37</ele><time>2026-07-13T13:27:38Z</time></trkpt>
      <trkpt lat="41.538237" lon="-81.639339"><ele>182.45</ele><time>2026-07-13T13:27:42Z</time></trkpt>
      <trkpt lat="41.538487" lon="-81.638587"><ele>183.85</ele><time>2026-07-13T13:27:46Z</time></trkpt>
      <trkpt lat="41.538612" lon="-81.638122"><ele>185.96</ele><time>2026-07-13T13:27:49Z</time></trkpt>
      <trkpt lat="41.538761" lon="-81.637536"><ele>185.87</ele><time>2026-07-13T13:27:52Z</time></trkpt>
      <trkpt lat="41.538859" lon="-81.637047"><ele>185.79</ele><time>2026-07-13T13:27:55Z</time></trkpt>
      <trkpt lat="41.538928" lon="-81.636615"><ele>185.72</ele><time>2026-07-13T13:27:58Z</time></trkpt>
      <trkpt lat="41.538971" lon="-81.636237"><ele>185.66</ele><time>2026-07-13T13:28:00Z</time></trkpt>
      <trkpt lat="41.539034" lon="-81.63529"><ele>185.52</ele><time>2026-07-13T13:28:05Z</time></trkpt>
      <trkpt lat="41.539037" lon="-81.635059"><ele>185.54</ele><time>2026-07-13T13:28:06Z</time></trkpt>
      <trkpt lat="41.539065" lon="-81.633686"><ele>186.09</ele><time>2026-07-13T13:28:12Z</time></trkpt>
      <trkpt lat="41.539069" lon="-81.631715"><ele>186.87</ele><time>2026-07-13T13:28:18Z</time></trkpt>
      <trkpt lat="41.539074" lon="-81.631252"><ele>187.99</ele><time>2026-07-13T13:28:21Z</time></trkpt>
      <trkpt lat="41.539079" lon="-81.63075"><ele>187.99</ele><time>2026-07-13T13:28:24Z</time></trkpt>
      <trkpt lat="41.539103" lon="-81.630295"><ele>187.99</ele><time>2026-07-13T13:28:27Z</time></trkpt>
      <trkpt lat="41.539142" lon="-81.629832"><ele>187.99</ele><time>2026-07-13T13:28:30Z</time></trkpt>
      <trkpt lat="41.539199" lon="-81.629384"><ele>187.99</ele><time>2026-07-13T13:28:33Z</time></trkpt>
      <trkpt lat="41.53927" lon="-81.628974"><ele>187.99</ele><time>2026-07-13T13:28:35Z</time></trkpt>
      <trkpt lat="41.539353" lon="-81.628587"><ele>187.99</ele><time>2026-07-13T13:28:37Z</time></trkpt>
      <trkpt lat="41.53945" lon="-81.628194"><ele>188</ele><time>2026-07-13T13:28:40Z</time></trkpt>
      <trkpt lat="41.539643" lon="-81.627541"><ele>188</ele><time>2026-07-13T13:28:44Z</time></trkpt>
      <trkpt lat="41.53987" lon="-81.626941"><ele>188</ele><time>2026-07-13T13:28:48Z</time></trkpt>
      <trkpt lat="41.539957" lon="-81.626734"><ele>188</ele><time>2026-07-13T13:28:50Z</time></trkpt>
      <trkpt lat="41.540263" lon="-81.626084"><ele>188</ele><time>2026-07-13T13:28:54Z</time></trkpt>
      <trkpt lat="41.541096" lon="-81.624437"><ele>188.3</ele><time>2026-07-13T13:29:00Z</time></trkpt>
      <trkpt lat="41.542979" lon="-81.620654"><ele>188.98</ele><time>2026-07-13T13:29:12Z</time></trkpt>
      <trkpt lat="41.543784" lon="-81.619015"><ele>189.28</ele><time>2026-07-13T13:29:18Z</time></trkpt>
      <trkpt lat="41.544554" lon="-81.61739"><ele>189.57</ele><time>2026-07-13T13:29:25Z</time></trkpt>
      <trkpt lat="41.5453" lon="-81.615746"><ele>189.86</ele><time>2026-07-13T13:29:32Z</time></trkpt>
      <trkpt lat="41.545481" lon="-81.615334"><ele>189.84</ele><time>2026-07-13T13:29:35Z</time></trkpt>
      <trkpt lat="41.546254" lon="-81.613613"><ele>188.66</ele><time>2026-07-13T13:29:42Z</time></trkpt>
      <trkpt lat="41.547216" lon="-81.611423"><ele>187.16</ele><time>2026-07-13T13:29:50Z</time></trkpt>
      <trkpt lat="41.548441" lon="-81.608742"><ele>185.32</ele><time>2026-07-13T13:29:59Z</time></trkpt>
      <trkpt lat="41.549892" lon="-81.605697"><ele>186</ele><time>2026-07-13T13:30:10Z</time></trkpt>
      <trkpt lat="41.5504" lon="-81.604656"><ele>186.34</ele><time>2026-07-13T13:30:16Z</time></trkpt>
      <trkpt lat="41.551403" lon="-81.602522"><ele>187.77</ele><time>2026-07-13T13:30:23Z</time></trkpt>
      <trkpt lat="41.551905" lon="-81.601494"><ele>186.28</ele><time>2026-07-13T13:30:28Z</time></trkpt>
      <trkpt lat="41.552691" lon="-81.599844"><ele>184</ele><time>2026-07-13T13:30:34Z</time></trkpt>
      <trkpt lat="41.55308" lon="-81.59902"><ele>184.25</ele><time>2026-07-13T13:30:39Z</time></trkpt>
      <trkpt lat="41.553414" lon="-81.598367"><ele>184.36</ele><time>2026-07-13T13:30:43Z</time></trkpt>
      <trkpt lat="41.553826" lon="-81.597674"><ele>185</ele><time>2026-07-13T13:30:47Z</time></trkpt>
      <trkpt lat="41.55426" lon="-81.597041"><ele>185.04</ele><time>2026-07-13T13:30:51Z</time></trkpt>
      <trkpt lat="41.554757" lon="-81.596409"><ele>185.9</ele><time>2026-07-13T13:30:56Z</time></trkpt>
      <trkpt lat="41.555225" lon="-81.595903"><ele>185.94</ele><time>2026-07-13T13:31:00Z</time></trkpt>
      <trkpt lat="41.555775" lon="-81.595391"><ele>185.87</ele><time>2026-07-13T13:31:05Z</time></trkpt>
      <trkpt lat="41.55631" lon="-81.594956"><ele>185.41</ele><time>2026-07-13T13:31:10Z</time></trkpt>
      <trkpt lat="41.557055" lon="-81.594459"><ele>185</ele><time>2026-07-13T13:31:15Z</time></trkpt>
      <trkpt lat="41.557419" lon="-81.594255"><ele>185</ele><time>2026-07-13T13:31:18Z</time></trkpt>
      <trkpt lat="41.557892" lon="-81.594029"><ele>184.69</ele><time>2026-07-13T13:31:22Z</time></trkpt>
      <trkpt lat="41.559357" lon="-81.5934"><ele>183.66</ele><time>2026-07-13T13:31:28Z</time></trkpt>
      <trkpt lat="41.560112" lon="-81.592979"><ele>183.2</ele><time>2026-07-13T13:31:33Z</time></trkpt>
      <trkpt lat="41.560555" lon="-81.592679"><ele>183</ele><time>2026-07-13T13:31:37Z</time></trkpt>
      <trkpt lat="41.56105" lon="-81.592291"><ele>182.65</ele><time>2026-07-13T13:31:41Z</time></trkpt>
      <trkpt lat="41.561313" lon="-81.592067"><ele>182.54</ele><time>2026-07-13T13:31:44Z</time></trkpt>
      <trkpt lat="41.561832" lon="-81.591551"><ele>182</ele><time>2026-07-13T13:31:48Z</time></trkpt>
      <trkpt lat="41.562357" lon="-81.590948"><ele>182</ele><time>2026-07-13T13:31:53Z</time></trkpt>
      <trkpt lat="41.562632" lon="-81.590598"><ele>181.9</ele><time>2026-07-13T13:31:56Z</time></trkpt>
      <trkpt lat="41.562961" lon="-81.59013"><ele>181.79</ele><time>2026-07-13T13:32:00Z</time></trkpt>
      <trkpt lat="41.563358" lon="-81.589485"><ele>182</ele><time>2026-07-13T13:32:04Z</time></trkpt>
      <trkpt lat="41.563552" lon="-81.589138"><ele>182.13</ele><time>2026-07-13T13:32:06Z</time></trkpt>
      <trkpt lat="41.563964" lon="-81.588289"><ele>183.28</ele><time>2026-07-13T13:32:11Z</time></trkpt>
      <trkpt lat="41.564254" lon="-81.58757"><ele>184.23</ele><time>2026-07-13T13:32:15Z</time></trkpt>
      <trkpt lat="41.564533" lon="-81.586741"><ele>185.3</ele><time>2026-07-13T13:32:19Z</time></trkpt>
      <trkpt lat="41.564865" lon="-81.585545"><ele>186.82</ele><time>2026-07-13T13:32:25Z</time></trkpt>
      <trkpt lat="41.565096" lon="-81.584701"><ele>186.93</ele><time>2026-07-13T13:32:29Z</time></trkpt>
      <trkpt lat="41.565414" lon="-81.58359"><ele>187.22</ele><time>2026-07-13T13:32:35Z</time></trkpt>
      <trkpt lat="41.565849" lon="-81.58199"><ele>187.63</ele><time>2026-07-13T13:32:42Z</time></trkpt>
      <trkpt lat="41.566151" lon="-81.580823"><ele>187.92</ele><time>2026-07-13T13:32:47Z</time></trkpt>
      <trkpt lat="41.566993" lon="-81.577811"><ele>188.7</ele><time>2026-07-13T13:32:56Z</time></trkpt>
      <trkpt lat="41.567312" lon="-81.576623"><ele>189</ele><time>2026-07-13T13:33:01Z</time></trkpt>
      <trkpt lat="41.567487" lon="-81.576027"><ele>188.95</ele><time>2026-07-13T13:33:05Z</time></trkpt>
      <trkpt lat="41.567756" lon="-81.575128"><ele>188.8</ele><time>2026-07-13T13:33:10Z</time></trkpt>
      <trkpt lat="41.56812" lon="-81.57403"><ele>187.68</ele><time>2026-07-13T13:33:16Z</time></trkpt>
      <trkpt lat="41.568587" lon="-81.572695"><ele>186.32</ele><time>2026-07-13T13:33:21Z</time></trkpt>
      <trkpt lat="41.568951" lon="-81.57169"><ele>185.29</ele><time>2026-07-13T13:33:26Z</time></trkpt>
      <trkpt lat="41.569464" lon="-81.570377"><ele>183.92</ele><time>2026-07-13T13:33:31Z</time></trkpt>
      <trkpt lat="41.569825" lon="-81.569491"><ele>183</ele><time>2026-07-13T13:33:36Z</time></trkpt>
      <trkpt lat="41.570346" lon="-81.56808"><ele>183.43</ele><time>2026-07-13T13:33:43Z</time></trkpt>
      <trkpt lat="41.570986" lon="-81.566189"><ele>184.01</ele><time>2026-07-13T13:33:50Z</time></trkpt>
      <trkpt lat="41.572678" lon="-81.56048"><ele>185.71</ele><time>2026-07-13T13:34:05Z</time></trkpt>
      <trkpt lat="41.572928" lon="-81.559683"><ele>185.95</ele><time>2026-07-13T13:34:09Z</time></trkpt>
      <trkpt lat="41.573177" lon="-81.558998"><ele>186.16</ele><time>2026-07-13T13:34:13Z</time></trkpt>
      <trkpt lat="41.573376" lon="-81.558514"><ele>186.31</ele><time>2026-07-13T13:34:16Z</time></trkpt>
      <trkpt lat="41.573636" lon="-81.557918"><ele>186.5</ele><time>2026-07-13T13:34:20Z</time></trkpt>
      <trkpt lat="41.573921" lon="-81.557344"><ele>186.68</ele><time>2026-07-13T13:34:24Z</time></trkpt>
      <trkpt lat="41.576576" lon="-81.552205"><ele>188.34</ele><time>2026-07-13T13:34:42Z</time></trkpt>
      <trkpt lat="41.57682" lon="-81.551705"><ele>188.5</ele><time>2026-07-13T13:34:45Z</time></trkpt>
      <trkpt lat="41.577035" lon="-81.551252"><ele>188.64</ele><time>2026-07-13T13:34:48Z</time></trkpt>
      <trkpt lat="41.577278" lon="-81.550647"><ele>188.83</ele><time>2026-07-13T13:34:52Z</time></trkpt>
      <trkpt lat="41.577439" lon="-81.550222"><ele>188.96</ele><time>2026-07-13T13:34:55Z</time></trkpt>
      <trkpt lat="41.577684" lon="-81.549482"><ele>189.42</ele><time>2026-07-13T13:34:59Z</time></trkpt>
      <trkpt lat="41.57821" lon="-81.547718"><ele>190.21</ele><time>2026-07-13T13:35:06Z</time></trkpt>
      <trkpt lat="41.578588" lon="-81.5463"><ele>190.84</ele><time>2026-07-13T13:35:12Z</time></trkpt>
      <trkpt lat="41.578715" lon="-81.54585"><ele>190.17</ele><time>2026-07-13T13:35:15Z</time></trkpt>
      <trkpt lat="41.578827" lon="-81.545479"><ele>189.63</ele><time>2026-07-13T13:35:17Z</time></trkpt>
      <trkpt lat="41.579141" lon="-81.544414"><ele>190.33</ele><time>2026-07-13T13:35:22Z</time></trkpt>
      <trkpt lat="41.579378" lon="-81.543727"><ele>190.78</ele><time>2026-07-13T13:35:26Z</time></trkpt>
      <trkpt lat="41.579654" lon="-81.543057"><ele>191.24</ele><time>2026-07-13T13:35:30Z</time></trkpt>
      <trkpt lat="41.579956" lon="-81.542397"><ele>191.7</ele><time>2026-07-13T13:35:34Z</time></trkpt>
      <trkpt lat="41.58047" lon="-81.541367"><ele>192.42</ele><time>2026-07-13T13:35:39Z</time></trkpt>
      <trkpt lat="41.580842" lon="-81.54068"><ele>192.92</ele><time>2026-07-13T13:35:43Z</time></trkpt>
      <trkpt lat="41.581149" lon="-81.540083"><ele>193.34</ele><time>2026-07-13T13:35:47Z</time></trkpt>
      <trkpt lat="41.581404" lon="-81.539573"><ele>193.56</ele><time>2026-07-13T13:35:50Z</time></trkpt>
      <trkpt lat="41.582319" lon="-81.537787"><ele>192.27</ele><time>2026-07-13T13:35:57Z</time></trkpt>
      <trkpt lat="41.582691" lon="-81.536989"><ele>192.53</ele><time>2026-07-13T13:36:01Z</time></trkpt>
      <trkpt lat="41.583423" lon="-81.535315"><ele>193.08</ele><time>2026-07-13T13:36:08Z</time></trkpt>
      <trkpt lat="41.583783" lon="-81.534457"><ele>193.36</ele><time>2026-07-13T13:36:13Z</time></trkpt>
      <trkpt lat="41.584117" lon="-81.533616"><ele>193.63</ele><time>2026-07-13T13:36:18Z</time></trkpt>
      <trkpt lat="41.584922" lon="-81.531706"><ele>194.25</ele><time>2026-07-13T13:36:26Z</time></trkpt>
      <trkpt lat="41.585601" lon="-81.530065"><ele>194.78</ele><time>2026-07-13T13:36:33Z</time></trkpt>
      <trkpt lat="41.585882" lon="-81.52935"><ele>195.01</ele><time>2026-07-13T13:36:37Z</time></trkpt>
      <trkpt lat="41.586235" lon="-81.528603"><ele>195.25</ele><time>2026-07-13T13:36:42Z</time></trkpt>
      <trkpt lat="41.587034" lon="-81.527089"><ele>195.77</ele><time>2026-07-13T13:36:48Z</time></trkpt>
      <trkpt lat="41.587431" lon="-81.526375"><ele>196.02</ele><time>2026-07-13T13:36:53Z</time></trkpt>
      <trkpt lat="41.588065" lon="-81.525145"><ele>195.44</ele><time>2026-07-13T13:36:59Z</time></trkpt>
      <trkpt lat="41.588884" lon="-81.523663"><ele>194.73</ele><time>2026-07-13T13:37:06Z</time></trkpt>
      <trkpt lat="41.589764" lon="-81.522152"><ele>194</ele><time>2026-07-13T13:37:12Z</time></trkpt>
      <trkpt lat="41.590213" lon="-81.521388"><ele>194</ele><time>2026-07-13T13:37:17Z</time></trkpt>
      <trkpt lat="41.59072" lon="-81.520547"><ele>194</ele><time>2026-07-13T13:37:22Z</time></trkpt>
      <trkpt lat="41.591542" lon="-81.51914"><ele>193.49</ele><time>2026-07-13T13:37:28Z</time></trkpt>
      <trkpt lat="41.592409" lon="-81.517738"><ele>194</ele><time>2026-07-13T13:37:35Z</time></trkpt>
      <trkpt lat="41.592966" lon="-81.516841"><ele>196</ele><time>2026-07-13T13:37:40Z</time></trkpt>
      <trkpt lat="41.593502" lon="-81.515918"><ele>198</ele><time>2026-07-13T13:37:46Z</time></trkpt>
      <trkpt lat="41.594131" lon="-81.514888"><ele>200</ele><time>2026-07-13T13:37:51Z</time></trkpt>
      <trkpt lat="41.59451" lon="-81.514224"><ele>201</ele><time>2026-07-13T13:37:55Z</time></trkpt>
      <trkpt lat="41.5947" lon="-81.513892"><ele>199.64</ele><time>2026-07-13T13:37:57Z</time></trkpt>
      <trkpt lat="41.595064" lon="-81.513273"><ele>199.9</ele><time>2026-07-13T13:38:01Z</time></trkpt>
      <trkpt lat="41.595248" lon="-81.512969"><ele>201</ele><time>2026-07-13T13:38:04Z</time></trkpt>
      <trkpt lat="41.5958" lon="-81.512055"><ele>199.71</ele><time>2026-07-13T13:38:09Z</time></trkpt>
      <trkpt lat="41.596294" lon="-81.511214"><ele>198</ele><time>2026-07-13T13:38:14Z</time></trkpt>
      <trkpt lat="41.596923" lon="-81.510167"><ele>195.9</ele><time>2026-07-13T13:38:20Z</time></trkpt>
      <trkpt lat="41.597612" lon="-81.509045"><ele>194</ele><time>2026-07-13T13:38:25Z</time></trkpt>
      <trkpt lat="41.599122" lon="-81.506601"><ele>195</ele><time>2026-07-13T13:38:34Z</time></trkpt>
      <trkpt lat="41.599799" lon="-81.505505"><ele>197</ele><time>2026-07-13T13:38:39Z</time></trkpt>
      <trkpt lat="41.601051" lon="-81.503327"><ele>199.89</ele><time>2026-07-13T13:38:48Z</time></trkpt>
      <trkpt lat="41.601488" lon="-81.502558"><ele>199.39</ele><time>2026-07-13T13:38:53Z</time></trkpt>
      <trkpt lat="41.601655" lon="-81.502261"><ele>201</ele><time>2026-07-13T13:38:55Z</time></trkpt>
      <trkpt lat="41.602157" lon="-81.501372"><ele>200</ele><time>2026-07-13T13:39:00Z</time></trkpt>
      <trkpt lat="41.602349" lon="-81.501035"><ele>200</ele><time>2026-07-13T13:39:02Z</time></trkpt>
      <trkpt lat="41.60249" lon="-81.500777"><ele>200</ele><time>2026-07-13T13:39:04Z</time></trkpt>
      <trkpt lat="41.602725" lon="-81.50029"><ele>200.38</ele><time>2026-07-13T13:39:07Z</time></trkpt>
      <trkpt lat="41.602994" lon="-81.499815"><ele>200.76</ele><time>2026-07-13T13:39:10Z</time></trkpt>
      <trkpt lat="41.60325" lon="-81.499338"><ele>201.13</ele><time>2026-07-13T13:39:13Z</time></trkpt>
      <trkpt lat="41.603577" lon="-81.498665"><ele>201.64</ele><time>2026-07-13T13:39:17Z</time></trkpt>
      <trkpt lat="41.603745" lon="-81.498302"><ele>201.92</ele><time>2026-07-13T13:39:20Z</time></trkpt>
      <trkpt lat="41.603983" lon="-81.497717"><ele>202.34</ele><time>2026-07-13T13:39:23Z</time></trkpt>
      <trkpt lat="41.604128" lon="-81.497312"><ele>202.62</ele><time>2026-07-13T13:39:26Z</time></trkpt>
      <trkpt lat="41.604308" lon="-81.496754"><ele>203.01</ele><time>2026-07-13T13:39:30Z</time></trkpt>
      <trkpt lat="41.604415" lon="-81.496338"><ele>203.29</ele><time>2026-07-13T13:39:33Z</time></trkpt>
      <trkpt lat="41.604445" lon="-81.496197"><ele>203.39</ele><time>2026-07-13T13:39:34Z</time></trkpt>
      <trkpt lat="41.60449" lon="-81.495901"><ele>203.58</ele><time>2026-07-13T13:39:36Z</time></trkpt>
      <trkpt lat="41.604515" lon="-81.495599"><ele>203.78</ele><time>2026-07-13T13:39:38Z</time></trkpt>
      <trkpt lat="41.604516" lon="-81.495163"><ele>204.07</ele><time>2026-07-13T13:39:41Z</time></trkpt>
      <trkpt lat="41.604497" lon="-81.494879"><ele>204.25</ele><time>2026-07-13T13:39:43Z</time></trkpt>
      <trkpt lat="41.604433" lon="-81.494455"><ele>204.54</ele><time>2026-07-13T13:39:46Z</time></trkpt>
      <trkpt lat="41.604405" lon="-81.494322"><ele>204.63</ele><time>2026-07-13T13:39:47Z</time></trkpt>
      <trkpt lat="41.604331" lon="-81.494042"><ele>204.83</ele><time>2026-07-13T13:39:49Z</time></trkpt>
      <trkpt lat="41.60424" lon="-81.493777"><ele>205.02</ele><time>2026-07-13T13:39:51Z</time></trkpt>
      <trkpt lat="41.60413" lon="-81.493512"><ele>205.22</ele><time>2026-07-13T13:39:53Z</time></trkpt>
      <trkpt lat="41.604065" lon="-81.493381"><ele>205.32</ele><time>2026-07-13T13:39:54Z</time></trkpt>
      <trkpt lat="41.60387" lon="-81.493034"><ele>206.57</ele><time>2026-07-13T13:39:57Z</time></trkpt>
      <trkpt lat="41.603593" lon="-81.492581"><ele>208.25</ele><time>2026-07-13T13:40:00Z</time></trkpt>
      <trkpt lat="41.603466" lon="-81.492403"><ele>208.94</ele><time>2026-07-13T13:40:02Z</time></trkpt>
      <trkpt lat="41.603159" lon="-81.49199"><ele>208.88</ele><time>2026-07-13T13:40:05Z</time></trkpt>
      <trkpt lat="41.602836" lon="-81.491593"><ele>208.83</ele><time>2026-07-13T13:40:09Z</time></trkpt>
      <trkpt lat="41.602503" lon="-81.491212"><ele>208.78</ele><time>2026-07-13T13:40:13Z</time></trkpt>
      <trkpt lat="41.602089" lon="-81.490774"><ele>208.71</ele><time>2026-07-13T13:40:17Z</time></trkpt>
      <trkpt lat="41.601634" lon="-81.490331"><ele>207.63</ele><time>2026-07-13T13:40:21Z</time></trkpt>
      <trkpt lat="41.601058" lon="-81.489831"><ele>207.76</ele><time>2026-07-13T13:40:26Z</time></trkpt>
      <trkpt lat="41.600878" lon="-81.489683"><ele>208</ele><time>2026-07-13T13:40:28Z</time></trkpt>
      <trkpt lat="41.60069" lon="-81.489547"><ele>208</ele><time>2026-07-13T13:40:30Z</time></trkpt>
      <trkpt lat="41.600302" lon="-81.489294"><ele>208.27</ele><time>2026-07-13T13:40:33Z</time></trkpt>
      <trkpt lat="41.599898" lon="-81.489061"><ele>208.48</ele><time>2026-07-13T13:40:37Z</time></trkpt>
      <trkpt lat="41.599488" lon="-81.488864"><ele>209.12</ele><time>2026-07-13T13:40:40Z</time></trkpt>
      <trkpt lat="41.599252" lon="-81.488763"><ele>209.71</ele><time>2026-07-13T13:40:42Z</time></trkpt>
      <trkpt lat="41.598837" lon="-81.488614"><ele>210.57</ele><time>2026-07-13T13:40:45Z</time></trkpt>
      <trkpt lat="41.598405" lon="-81.488491"><ele>211.29</ele><time>2026-07-13T13:40:48Z</time></trkpt>
      <trkpt lat="41.596666" lon="-81.488079"><ele>215.68</ele><time>2026-07-13T13:40:55Z</time></trkpt>
      <trkpt lat="41.596009" lon="-81.487931"><ele>215.71</ele><time>2026-07-13T13:40:59Z</time></trkpt>
      <trkpt lat="41.595602" lon="-81.487841"><ele>218.06</ele><time>2026-07-13T13:41:02Z</time></trkpt>
      <trkpt lat="41.59495" lon="-81.487678"><ele>220</ele><time>2026-07-13T13:41:06Z</time></trkpt>
      <trkpt lat="41.594742" lon="-81.487617"><ele>220.22</ele><time>2026-07-13T13:41:08Z</time></trkpt>
      <trkpt lat="41.594316" lon="-81.487475"><ele>221.98</ele><time>2026-07-13T13:41:11Z</time></trkpt>
      <trkpt lat="41.594106" lon="-81.487393"><ele>221.85</ele><time>2026-07-13T13:41:13Z</time></trkpt>
      <trkpt lat="41.593691" lon="-81.487206"><ele>223.15</ele><time>2026-07-13T13:41:16Z</time></trkpt>
      <trkpt lat="41.593293" lon="-81.486984"><ele>224.8</ele><time>2026-07-13T13:41:19Z</time></trkpt>
      <trkpt lat="41.592901" lon="-81.486717"><ele>225</ele><time>2026-07-13T13:41:22Z</time></trkpt>
      <trkpt lat="41.592706" lon="-81.486568"><ele>225.72</ele><time>2026-07-13T13:41:24Z</time></trkpt>
      <trkpt lat="41.592345" lon="-81.486265"><ele>226.82</ele><time>2026-07-13T13:41:27Z</time></trkpt>
      <trkpt lat="41.592168" lon="-81.486097"><ele>227.38</ele><time>2026-07-13T13:41:29Z</time></trkpt>
      <trkpt lat="41.59183" lon="-81.485745"><ele>228.21</ele><time>2026-07-13T13:41:33Z</time></trkpt>
      <trkpt lat="41.5915" lon="-81.485342"><ele>228.87</ele><time>2026-07-13T13:41:36Z</time></trkpt>
      <trkpt lat="41.591343" lon="-81.485133"><ele>230</ele><time>2026-07-13T13:41:38Z</time></trkpt>
      <trkpt lat="41.591197" lon="-81.484917"><ele>230.14</ele><time>2026-07-13T13:41:40Z</time></trkpt>
      <trkpt lat="41.590916" lon="-81.484471"><ele>231.32</ele><time>2026-07-13T13:41:43Z</time></trkpt>
      <trkpt lat="41.590657" lon="-81.483996"><ele>232.06</ele><time>2026-07-13T13:41:46Z</time></trkpt>
      <trkpt lat="41.590537" lon="-81.48375"><ele>232.38</ele><time>2026-07-13T13:41:48Z</time></trkpt>
      <trkpt lat="41.590323" lon="-81.48325"><ele>233.17</ele><time>2026-07-13T13:41:51Z</time></trkpt>
      <trkpt lat="41.590222" lon="-81.482991"><ele>233.72</ele><time>2026-07-13T13:41:53Z</time></trkpt>
      <trkpt lat="41.590132" lon="-81.482726"><ele>234.42</ele><time>2026-07-13T13:41:55Z</time></trkpt>
      <trkpt lat="41.589968" lon="-81.482191"><ele>234.69</ele><time>2026-07-13T13:41:58Z</time></trkpt>
      <trkpt lat="41.589829" lon="-81.481632"><ele>234.82</ele><time>2026-07-13T13:42:01Z</time></trkpt>
      <trkpt lat="41.589721" lon="-81.481071"><ele>235.61</ele><time>2026-07-13T13:42:04Z</time></trkpt>
      <trkpt lat="41.589645" lon="-81.480507"><ele>236.21</ele><time>2026-07-13T13:42:07Z</time></trkpt>
      <trkpt lat="41.589613" lon="-81.480214"><ele>236.45</ele><time>2026-07-13T13:42:09Z</time></trkpt>
      <trkpt lat="41.589575" lon="-81.479631"><ele>237</ele><time>2026-07-13T13:42:12Z</time></trkpt>
      <trkpt lat="41.589569" lon="-81.478741"><ele>237.77</ele><time>2026-07-13T13:42:16Z</time></trkpt>
      <trkpt lat="41.589602" lon="-81.477743"><ele>238.54</ele><time>2026-07-13T13:42:21Z</time></trkpt>
      <trkpt lat="41.589938" lon="-81.47008"><ele>250.93</ele><time>2026-07-13T13:42:43Z</time></trkpt>
      <trkpt lat="41.590223" lon="-81.463531"><ele>248</ele><time>2026-07-13T13:43:02Z</time></trkpt>
      <trkpt lat="41.590604" lon="-81.454652"><ele>253</ele><time>2026-07-13T13:43:26Z</time></trkpt>
      <trkpt lat="41.590652" lon="-81.45403"><ele>253.24</ele><time>2026-07-13T13:43:29Z</time></trkpt>
      <trkpt lat="41.590836" lon="-81.449704"><ele>255.94</ele><time>2026-07-13T13:43:42Z</time></trkpt>
      <trkpt lat="41.59086" lon="-81.449213"><ele>256.49</ele><time>2026-07-13T13:43:45Z</time></trkpt>
      <trkpt lat="41.590884" lon="-81.44891"><ele>256.57</ele><time>2026-07-13T13:43:47Z</time></trkpt>
      <trkpt lat="41.590928" lon="-81.448577"><ele>256.23</ele><time>2026-07-13T13:43:49Z</time></trkpt>
      <trkpt lat="41.590959" lon="-81.448411"><ele>255.35</ele><time>2026-07-13T13:43:50Z</time></trkpt>
      <trkpt lat="41.591038" lon="-81.448098"><ele>254.84</ele><time>2026-07-13T13:43:52Z</time></trkpt>
      <trkpt lat="41.591174" lon="-81.447715"><ele>254.21</ele><time>2026-07-13T13:43:54Z</time></trkpt>
      <trkpt lat="41.591288" lon="-81.44746"><ele>253.78</ele><time>2026-07-13T13:43:56Z</time></trkpt>
      <trkpt lat="41.591419" lon="-81.447226"><ele>253.37</ele><time>2026-07-13T13:43:58Z</time></trkpt>
      <trkpt lat="41.591572" lon="-81.446985"><ele>252.93</ele><time>2026-07-13T13:44:00Z</time></trkpt>
      <trkpt lat="41.591738" lon="-81.446775"><ele>252.51</ele><time>2026-07-13T13:44:02Z</time></trkpt>
      <trkpt lat="41.591949" lon="-81.446553"><ele>252.04</ele><time>2026-07-13T13:44:04Z</time></trkpt>
      <trkpt lat="41.592139" lon="-81.446394"><ele>250.86</ele><time>2026-07-13T13:44:06Z</time></trkpt>
      <trkpt lat="41.592333" lon="-81.446257"><ele>250.04</ele><time>2026-07-13T13:44:08Z</time></trkpt>
      <trkpt lat="41.592534" lon="-81.446142"><ele>248.62</ele><time>2026-07-13T13:44:10Z</time></trkpt>
      <trkpt lat="41.592838" lon="-81.446014"><ele>247.38</ele><time>2026-07-13T13:44:12Z</time></trkpt>
      <trkpt lat="41.593157" lon="-81.445933"><ele>244.97</ele><time>2026-07-13T13:44:14Z</time></trkpt>
      <trkpt lat="41.593788" lon="-81.445818"><ele>241.61</ele><time>2026-07-13T13:44:18Z</time></trkpt>
      <trkpt lat="41.59405" lon="-81.445761"><ele>241.27</ele><time>2026-07-13T13:44:20Z</time></trkpt>
      <trkpt lat="41.5943" lon="-81.445685"><ele>240.83</ele><time>2026-07-13T13:44:22Z</time></trkpt>
      <trkpt lat="41.594522" lon="-81.445594"><ele>240.31</ele><time>2026-07-13T13:44:24Z</time></trkpt>
      <trkpt lat="41.594783" lon="-81.445464"><ele>239.55</ele><time>2026-07-13T13:44:26Z</time></trkpt>
      <trkpt lat="41.595128" lon="-81.445276"><ele>239</ele><time>2026-07-13T13:44:29Z</time></trkpt>
      <trkpt lat="41.595823" lon="-81.444859"><ele>237.01</ele><time>2026-07-13T13:44:34Z</time></trkpt>
      <trkpt lat="41.596328" lon="-81.444587"><ele>236</ele><time>2026-07-13T13:44:38Z</time></trkpt>
      <trkpt lat="41.596576" lon="-81.444418"><ele>235.15</ele><time>2026-07-13T13:44:40Z</time></trkpt>
      <trkpt lat="41.597402" lon="-81.443798"><ele>233</ele><time>2026-07-13T13:44:46Z</time></trkpt>
      <trkpt lat="41.597963" lon="-81.443336"><ele>232</ele><time>2026-07-13T13:44:51Z</time></trkpt>
      <trkpt lat="41.598779" lon="-81.442589"><ele>229.8</ele><time>2026-07-13T13:44:56Z</time></trkpt>
      <trkpt lat="41.599313" lon="-81.442058"><ele>227.98</ele><time>2026-07-13T13:45:00Z</time></trkpt>
      <trkpt lat="41.599567" lon="-81.441793"><ele>227.01</ele><time>2026-07-13T13:45:03Z</time></trkpt>
      <trkpt lat="41.600085" lon="-81.441224"><ele>225.89</ele><time>2026-07-13T13:45:07Z</time></trkpt>
      <trkpt lat="41.600581" lon="-81.440642"><ele>224.09</ele><time>2026-07-13T13:45:11Z</time></trkpt>
      <trkpt lat="41.600825" lon="-81.440344"><ele>223.78</ele><time>2026-07-13T13:45:14Z</time></trkpt>
      <trkpt lat="41.601391" lon="-81.439616"><ele>222</ele><time>2026-07-13T13:45:19Z</time></trkpt>
      <trkpt lat="41.601615" lon="-81.439312"><ele>221.12</ele><time>2026-07-13T13:45:22Z</time></trkpt>
      <trkpt lat="41.602064" lon="-81.438668"><ele>221</ele><time>2026-07-13T13:45:26Z</time></trkpt>
      <trkpt lat="41.602282" lon="-81.43834"><ele>220</ele><time>2026-07-13T13:45:29Z</time></trkpt>
      <trkpt lat="41.602708" lon="-81.43767"><ele>220</ele><time>2026-07-13T13:45:34Z</time></trkpt>
      <trkpt lat="41.608139" lon="-81.428826"><ele>216</ele><time>2026-07-13T13:46:06Z</time></trkpt>
      <trkpt lat="41.608913" lon="-81.427573"><ele>216</ele><time>2026-07-13T13:46:13Z</time></trkpt>
      <trkpt lat="41.609417" lon="-81.426823"><ele>216.83</ele><time>2026-07-13T13:46:18Z</time></trkpt>
      <trkpt lat="41.61123" lon="-81.423871"><ele>218</ele><time>2026-07-13T13:46:28Z</time></trkpt>
      <trkpt lat="41.612309" lon="-81.422077"><ele>216</ele><time>2026-07-13T13:46:35Z</time></trkpt>
      <trkpt lat="41.613596" lon="-81.42"><ele>212</ele><time>2026-07-13T13:46:43Z</time></trkpt>
      <trkpt lat="41.617133" lon="-81.414232"><ele>199.44</ele><time>2026-07-13T13:47:04Z</time></trkpt>
      <trkpt lat="41.619552" lon="-81.410486"><ele>195.59</ele><time>2026-07-13T13:47:17Z</time></trkpt>
      <trkpt lat="41.619936" lon="-81.409892"><ele>194.62</ele><time>2026-07-13T13:47:21Z</time></trkpt>
      <trkpt lat="41.621672" lon="-81.407249"><ele>193.89</ele><time>2026-07-13T13:47:30Z</time></trkpt>
      <trkpt lat="41.623885" lon="-81.403794"><ele>192.95</ele><time>2026-07-13T13:47:43Z</time></trkpt>
      <trkpt lat="41.625444" lon="-81.401401"><ele>192.29</ele><time>2026-07-13T13:47:51Z</time></trkpt>
      <trkpt lat="41.626252" lon="-81.400132"><ele>191.94</ele><time>2026-07-13T13:47:57Z</time></trkpt>
      <trkpt lat="41.626512" lon="-81.399727"><ele>191.44</ele><time>2026-07-13T13:48:00Z</time></trkpt>
      <trkpt lat="41.626829" lon="-81.399247"><ele>191.37</ele><time>2026-07-13T13:48:03Z</time></trkpt>
      <trkpt lat="41.627393" lon="-81.398397"><ele>190.59</ele><time>2026-07-13T13:48:08Z</time></trkpt>
      <trkpt lat="41.62757" lon="-81.398123"><ele>193</ele><time>2026-07-13T13:48:10Z</time></trkpt>
      <trkpt lat="41.629359" lon="-81.395366"><ele>194</ele><time>2026-07-13T13:48:19Z</time></trkpt>
      <trkpt lat="41.630615" lon="-81.393428"><ele>196.85</ele><time>2026-07-13T13:48:26Z</time></trkpt>
      <trkpt lat="41.631087" lon="-81.392684"><ele>194.52</ele><time>2026-07-13T13:48:31Z</time></trkpt>
      <trkpt lat="41.631261" lon="-81.392406"><ele>199.97</ele><time>2026-07-13T13:48:33Z</time></trkpt>
      <trkpt lat="41.633026" lon="-81.389606"><ele>206.03</ele><time>2026-07-13T13:48:43Z</time></trkpt>
      <trkpt lat="41.633625" lon="-81.388542"><ele>208.4</ele><time>2026-07-13T13:48:49Z</time></trkpt>
      <trkpt lat="41.634437" lon="-81.386968"><ele>211.6</ele><time>2026-07-13T13:48:55Z</time></trkpt>
      <trkpt lat="41.635394" lon="-81.384969"><ele>214.15</ele><time>2026-07-13T13:49:03Z</time></trkpt>
      <trkpt lat="41.636002" lon="-81.383702"><ele>215</ele><time>2026-07-13T13:49:09Z</time></trkpt>
      <trkpt lat="41.63758" lon="-81.380302"><ele>217.52</ele><time>2026-07-13T13:49:20Z</time></trkpt>
      <trkpt lat="41.638677" lon="-81.377978"><ele>219</ele><time>2026-07-13T13:49:27Z</time></trkpt>
      <trkpt lat="41.639062" lon="-81.377069"><ele>220</ele><time>2026-07-13T13:49:32Z</time></trkpt>
      <trkpt lat="41.63983" lon="-81.375062"><ele>220.28</ele><time>2026-07-13T13:49:39Z</time></trkpt>
      <trkpt lat="41.639932" lon="-81.374762"><ele>220.93</ele><time>2026-07-13T13:49:41Z</time></trkpt>
      <trkpt lat="41.64037" lon="-81.373595"><ele>221.81</ele><time>2026-07-13T13:49:47Z</time></trkpt>
      <trkpt lat="41.640717" lon="-81.372526"><ele>222.5</ele><time>2026-07-13T13:49:52Z</time></trkpt>
      <trkpt lat="41.64146" lon="-81.369945"><ele>225</ele><time>2026-07-13T13:50:00Z</time></trkpt>
      <trkpt lat="41.641627" lon="-81.369266"><ele>226.02</ele><time>2026-07-13T13:50:04Z</time></trkpt>
      <trkpt lat="41.641873" lon="-81.368209"><ele>227.59</ele><time>2026-07-13T13:50:09Z</time></trkpt>
      <trkpt lat="41.642152" lon="-81.366846"><ele>229.6</ele><time>2026-07-13T13:50:15Z</time></trkpt>
      <trkpt lat="41.642226" lon="-81.36651"><ele>230</ele><time>2026-07-13T13:50:17Z</time></trkpt>
      <trkpt lat="41.642487" lon="-81.365105"><ele>232</ele><time>2026-07-13T13:50:23Z</time></trkpt>
      <trkpt lat="41.642716" lon="-81.363715"><ele>233.48</ele><time>2026-07-13T13:50:29Z</time></trkpt>
      <trkpt lat="41.642837" lon="-81.362866"><ele>234.39</ele><time>2026-07-13T13:50:33Z</time></trkpt>
      <trkpt lat="41.643193" lon="-81.36011"><ele>236.54</ele><time>2026-07-13T13:50:41Z</time></trkpt>
      <trkpt lat="41.644143" lon="-81.353118"><ele>234</ele><time>2026-07-13T13:50:59Z</time></trkpt>
      <trkpt lat="41.644529" lon="-81.350338"><ele>234</ele><time>2026-07-13T13:51:07Z</time></trkpt>
      <trkpt lat="41.644939" lon="-81.34725"><ele>233</ele><time>2026-07-13T13:51:16Z</time></trkpt>
      <trkpt lat="41.645065" lon="-81.346249"><ele>233</ele><time>2026-07-13T13:51:21Z</time></trkpt>
      <trkpt lat="41.645213" lon="-81.345358"><ele>233</ele><time>2026-07-13T13:51:26Z</time></trkpt>
      <trkpt lat="41.645414" lon="-81.343906"><ele>234</ele><time>2026-07-13T13:51:32Z</time></trkpt>
      <trkpt lat="41.645873" lon="-81.340437"><ele>238.09</ele><time>2026-07-13T13:51:43Z</time></trkpt>
      <trkpt lat="41.646125" lon="-81.338599"><ele>241</ele><time>2026-07-13T13:51:50Z</time></trkpt>
      <trkpt lat="41.646428" lon="-81.336394"><ele>241.95</ele><time>2026-07-13T13:51:57Z</time></trkpt>
      <trkpt lat="41.646576" lon="-81.335073"><ele>242</ele><time>2026-07-13T13:52:02Z</time></trkpt>
      <trkpt lat="41.647188" lon="-81.330805"><ele>236.97</ele><time>2026-07-13T13:52:13Z</time></trkpt>
      <trkpt lat="41.647389" lon="-81.328879"><ele>234</ele><time>2026-07-13T13:52:20Z</time></trkpt>
      <trkpt lat="41.647508" lon="-81.327313"><ele>232</ele><time>2026-07-13T13:52:26Z</time></trkpt>
      <trkpt lat="41.647577" lon="-81.326141"><ele>232.28</ele><time>2026-07-13T13:52:31Z</time></trkpt>
      <trkpt lat="41.647615" lon="-81.324756"><ele>232.16</ele><time>2026-07-13T13:52:36Z</time></trkpt>
      <trkpt lat="41.647613" lon="-81.323019"><ele>233.22</ele><time>2026-07-13T13:52:43Z</time></trkpt>
      <trkpt lat="41.647556" lon="-81.320859"><ele>235</ele><time>2026-07-13T13:52:50Z</time></trkpt>
      <trkpt lat="41.647474" lon="-81.318206"><ele>236.46</ele><time>2026-07-13T13:52:57Z</time></trkpt>
      <trkpt lat="41.647401" lon="-81.315373"><ele>238</ele><time>2026-07-13T13:53:05Z</time></trkpt>
      <trkpt lat="41.647287" lon="-81.311741"><ele>240</ele><time>2026-07-13T13:53:16Z</time></trkpt>
      <trkpt lat="41.647268" lon="-81.310353"><ele>241</ele><time>2026-07-13T13:53:22Z</time></trkpt>
      <trkpt lat="41.647271" lon="-81.309584"><ele>242</ele><time>2026-07-13T13:53:26Z</time></trkpt>
      <trkpt lat="41.647285" lon="-81.308821"><ele>242.93</ele><time>2026-07-13T13:53:30Z</time></trkpt>
      <trkpt lat="41.647341" lon="-81.307361"><ele>246</ele><time>2026-07-13T13:53:37Z</time></trkpt>
      <trkpt lat="41.6474" lon="-81.306306"><ele>247.52</ele><time>2026-07-13T13:53:42Z</time></trkpt>
      <trkpt lat="41.647457" lon="-81.305522"><ele>248.59</ele><time>2026-07-13T13:53:46Z</time></trkpt>
      <trkpt lat="41.647525" lon="-81.304731"><ele>250</ele><time>2026-07-13T13:53:50Z</time></trkpt>
      <trkpt lat="41.647611" lon="-81.303854"><ele>251.4</ele><time>2026-07-13T13:53:54Z</time></trkpt>
      <trkpt lat="41.647729" lon="-81.30286"><ele>253.27</ele><time>2026-07-13T13:53:59Z</time></trkpt>
      <trkpt lat="41.64798" lon="-81.301097"><ele>256</ele><time>2026-07-13T13:54:05Z</time></trkpt>
      <trkpt lat="41.648158" lon="-81.299998"><ele>258</ele><time>2026-07-13T13:54:10Z</time></trkpt>
      <trkpt lat="41.648323" lon="-81.299039"><ele>259.81</ele><time>2026-07-13T13:54:14Z</time></trkpt>
      <trkpt lat="41.648554" lon="-81.297903"><ele>262</ele><time>2026-07-13T13:54:19Z</time></trkpt>
      <trkpt lat="41.649121" lon="-81.295395"><ele>266</ele><time>2026-07-13T13:54:26Z</time></trkpt>
      <trkpt lat="41.649608" lon="-81.293681"><ele>269</ele><time>2026-07-13T13:54:32Z</time></trkpt>
      <trkpt lat="41.64985" lon="-81.292876"><ele>270</ele><time>2026-07-13T13:54:36Z</time></trkpt>
      <trkpt lat="41.650121" lon="-81.292039"><ele>271</ele><time>2026-07-13T13:54:40Z</time></trkpt>
      <trkpt lat="41.650473" lon="-81.291002"><ele>272.43</ele><time>2026-07-13T13:54:45Z</time></trkpt>
      <trkpt lat="41.650864" lon="-81.289911"><ele>274</ele><time>2026-07-13T13:54:50Z</time></trkpt>
      <trkpt lat="41.651194" lon="-81.289063"><ele>275</ele><time>2026-07-13T13:54:54Z</time></trkpt>
      <trkpt lat="41.65176" lon="-81.287696"><ele>276.64</ele><time>2026-07-13T13:55:00Z</time></trkpt>
      <trkpt lat="41.65306" lon="-81.284764"><ele>278.77</ele><time>2026-07-13T13:55:09Z</time></trkpt>
      <trkpt lat="41.654324" lon="-81.281968"><ele>277.84</ele><time>2026-07-13T13:55:17Z</time></trkpt>
      <trkpt lat="41.65601" lon="-81.278242"><ele>273.97</ele><time>2026-07-13T13:55:28Z</time></trkpt>
      <trkpt lat="41.657837" lon="-81.274189"><ele>267</ele><time>2026-07-13T13:55:40Z</time></trkpt>
      <trkpt lat="41.660072" lon="-81.269207"><ele>265</ele><time>2026-07-13T13:55:55Z</time></trkpt>
      <trkpt lat="41.662412" lon="-81.263994"><ele>258</ele><time>2026-07-13T13:56:12Z</time></trkpt>
      <trkpt lat="41.66255" lon="-81.263688"><ele>256.34</ele><time>2026-07-13T13:56:14Z</time></trkpt>
      <trkpt lat="41.663618" lon="-81.261318"><ele>256</ele><time>2026-07-13T13:56:22Z</time></trkpt>
      <trkpt lat="41.664281" lon="-81.259824"><ele>257</ele><time>2026-07-13T13:56:28Z</time></trkpt>
      <trkpt lat="41.664915" lon="-81.258438"><ele>259</ele><time>2026-07-13T13:56:34Z</time></trkpt>
      <trkpt lat="41.666579" lon="-81.254667"><ele>263</ele><time>2026-07-13T13:56:47Z</time></trkpt>
      <trkpt lat="41.667916" lon="-81.251904"><ele>264</ele><time>2026-07-13T13:56:55Z</time></trkpt>
      <trkpt lat="41.668997" lon="-81.24967"><ele>261</ele><time>2026-07-13T13:57:03Z</time></trkpt>
      <trkpt lat="41.669948" lon="-81.2475"><ele>258</ele><time>2026-07-13T13:57:11Z</time></trkpt>
      <trkpt lat="41.670728" lon="-81.245687"><ele>256.09</ele><time>2026-07-13T13:57:19Z</time></trkpt>
      <trkpt lat="41.671836" lon="-81.242857"><ele>252.93</ele><time>2026-07-13T13:57:28Z</time></trkpt>
      <trkpt lat="41.672219" lon="-81.241991"><ele>252.94</ele><time>2026-07-13T13:57:33Z</time></trkpt>
      <trkpt lat="41.672988" lon="-81.239972"><ele>254</ele><time>2026-07-13T13:57:40Z</time></trkpt>
      <trkpt lat="41.674221" lon="-81.236922"><ele>258</ele><time>2026-07-13T13:57:50Z</time></trkpt>
      <trkpt lat="41.675909" lon="-81.232742"><ele>251.96</ele><time>2026-07-13T13:58:03Z</time></trkpt>
      <trkpt lat="41.678713" lon="-81.225767"><ele>241.91</ele><time>2026-07-13T13:58:27Z</time></trkpt>
      <trkpt lat="41.679447" lon="-81.224176"><ele>239.57</ele><time>2026-07-13T13:58:34Z</time></trkpt>
      <trkpt lat="41.680244" lon="-81.222561"><ele>237.16</ele><time>2026-07-13T13:58:40Z</time></trkpt>
      <trkpt lat="41.68113" lon="-81.220893"><ele>234.64</ele><time>2026-07-13T13:58:47Z</time></trkpt>
      <trkpt lat="41.682229" lon="-81.219028"><ele>231.74</ele><time>2026-07-13T13:58:55Z</time></trkpt>
      <trkpt lat="41.682505" lon="-81.218579"><ele>231.03</ele><time>2026-07-13T13:58:58Z</time></trkpt>
      <trkpt lat="41.683182" lon="-81.217448"><ele>228.94</ele><time>2026-07-13T13:59:04Z</time></trkpt>
      <trkpt lat="41.683938" lon="-81.216245"><ele>230.52</ele><time>2026-07-13T13:59:11Z</time></trkpt>
      <trkpt lat="41.684785" lon="-81.214858"><ele>232.34</ele><time>2026-07-13T13:59:18Z</time></trkpt>
      <trkpt lat="41.685982" lon="-81.212832"><ele>234.96</ele><time>2026-07-13T13:59:25Z</time></trkpt>
      <trkpt lat="41.686467" lon="-81.212039"><ele>236</ele><time>2026-07-13T13:59:30Z</time></trkpt>
      <trkpt lat="41.688661" lon="-81.208344"><ele>244.32</ele><time>2026-07-13T13:59:44Z</time></trkpt>
      <trkpt lat="41.690088" lon="-81.206106"><ele>249.09</ele><time>2026-07-13T13:59:52Z</time></trkpt>
      <trkpt lat="41.690956" lon="-81.204636"><ele>252.06</ele><time>2026-07-13T13:59:59Z</time></trkpt>
      <trkpt lat="41.691379" lon="-81.203948"><ele>253.64</ele><time>2026-07-13T14:00:04Z</time></trkpt>
      <trkpt lat="41.692859" lon="-81.201417"><ele>258.07</ele><time>2026-07-13T14:00:13Z</time></trkpt>
      <trkpt lat="41.694023" lon="-81.199587"><ele>257.85</ele><time>2026-07-13T14:00:20Z</time></trkpt>
      <trkpt lat="41.6955" lon="-81.197128"><ele>256</ele><time>2026-07-13T14:00:29Z</time></trkpt>
      <trkpt lat="41.695827" lon="-81.196597"><ele>255.36</ele><time>2026-07-13T14:00:33Z</time></trkpt>
      <trkpt lat="41.701088" lon="-81.187902"><ele>259</ele><time>2026-07-13T14:01:02Z</time></trkpt>
      <trkpt lat="41.702784" lon="-81.185095"><ele>259</ele><time>2026-07-13T14:01:11Z</time></trkpt>
      <trkpt lat="41.70375" lon="-81.183512"><ele>257.63</ele><time>2026-07-13T14:01:18Z</time></trkpt>
      <trkpt lat="41.704249" lon="-81.182667"><ele>257</ele><time>2026-07-13T14:01:23Z</time></trkpt>
      <trkpt lat="41.70603" lon="-81.179707"><ele>251.85</ele><time>2026-07-13T14:01:34Z</time></trkpt>
      <trkpt lat="41.71004" lon="-81.172993"><ele>241.16</ele><time>2026-07-13T14:01:57Z</time></trkpt>
      <trkpt lat="41.711689" lon="-81.17037"><ele>234.64</ele><time>2026-07-13T14:02:07Z</time></trkpt>
      <trkpt lat="41.712281" lon="-81.16939"><ele>231.97</ele><time>2026-07-13T14:02:12Z</time></trkpt>
      <trkpt lat="41.712887" lon="-81.168319"><ele>228.25</ele><time>2026-07-13T14:02:17Z</time></trkpt>
      <trkpt lat="41.713264" lon="-81.167602"><ele>226.31</ele><time>2026-07-13T14:02:21Z</time></trkpt>
      <trkpt lat="41.713635" lon="-81.16687"><ele>224.34</ele><time>2026-07-13T14:02:26Z</time></trkpt>
      <trkpt lat="41.714423" lon="-81.165136"><ele>223.21</ele><time>2026-07-13T14:02:32Z</time></trkpt>
      <trkpt lat="41.714854" lon="-81.164062"><ele>225</ele><time>2026-07-13T14:02:37Z</time></trkpt>
      <trkpt lat="41.714998" lon="-81.163704"><ele>223.39</ele><time>2026-07-13T14:02:39Z</time></trkpt>
      <trkpt lat="41.715643" lon="-81.16189"><ele>230</ele><time>2026-07-13T14:02:47Z</time></trkpt>
      <trkpt lat="41.716409" lon="-81.159403"><ele>236</ele><time>2026-07-13T14:02:54Z</time></trkpt>
      <trkpt lat="41.716902" lon="-81.157326"><ele>240.71</ele><time>2026-07-13T14:03:01Z</time></trkpt>
      <trkpt lat="41.717223" lon="-81.155643"><ele>244.48</ele><time>2026-07-13T14:03:08Z</time></trkpt>
      <trkpt lat="41.717653" lon="-81.152654"><ele>250.88</ele><time>2026-07-13T14:03:16Z</time></trkpt>
      <trkpt lat="41.719343" lon="-81.139851"><ele>258</ele><time>2026-07-13T14:03:50Z</time></trkpt>
      <trkpt lat="41.71964" lon="-81.137688"><ele>259</ele><time>2026-07-13T14:03:57Z</time></trkpt>
      <trkpt lat="41.720093" lon="-81.134332"><ele>261</ele><time>2026-07-13T14:04:07Z</time></trkpt>
      <trkpt lat="41.720381" lon="-81.132744"><ele>261.88</ele><time>2026-07-13T14:04:13Z</time></trkpt>
      <trkpt lat="41.720765" lon="-81.130984"><ele>261.75</ele><time>2026-07-13T14:04:20Z</time></trkpt>
      <trkpt lat="41.721406" lon="-81.128555"><ele>260.87</ele><time>2026-07-13T14:04:27Z</time></trkpt>
      <trkpt lat="41.722008" lon="-81.126521"><ele>260.2</ele><time>2026-07-13T14:04:34Z</time></trkpt>
      <trkpt lat="41.722713" lon="-81.124547"><ele>260.79</ele><time>2026-07-13T14:04:41Z</time></trkpt>
      <trkpt lat="41.723469" lon="-81.122599"><ele>261.93</ele><time>2026-07-13T14:04:48Z</time></trkpt>
      <trkpt lat="41.724013" lon="-81.121311"><ele>262.09</ele><time>2026-07-13T14:04:54Z</time></trkpt>
      <trkpt lat="41.724724" lon="-81.119766"><ele>262.88</ele><time>2026-07-13T14:05:01Z</time></trkpt>
      <trkpt lat="41.725621" lon="-81.118032"><ele>262</ele><time>2026-07-13T14:05:08Z</time></trkpt>
      <trkpt lat="41.726505" lon="-81.116419"><ele>260</ele><time>2026-07-13T14:05:15Z</time></trkpt>
      <trkpt lat="41.727364" lon="-81.115046"><ele>258</ele><time>2026-07-13T14:05:22Z</time></trkpt>
      <trkpt lat="41.728568" lon="-81.113217"><ele>254.61</ele><time>2026-07-13T14:05:29Z</time></trkpt>
      <trkpt lat="41.729836" lon="-81.111501"><ele>252.55</ele><time>2026-07-13T14:05:37Z</time></trkpt>
      <trkpt lat="41.732456" lon="-81.107853"><ele>248.22</ele><time>2026-07-13T14:05:50Z</time></trkpt>
      <trkpt lat="41.733481" lon="-81.106411"><ele>246.51</ele><time>2026-07-13T14:05:57Z</time></trkpt>
      <trkpt lat="41.73435" lon="-81.10516"><ele>245.04</ele><time>2026-07-13T14:06:03Z</time></trkpt>
      <trkpt lat="41.736074" lon="-81.102636"><ele>243.88</ele><time>2026-07-13T14:06:12Z</time></trkpt>
      <trkpt lat="41.736984" lon="-81.101141"><ele>244.03</ele><time>2026-07-13T14:06:19Z</time></trkpt>
      <trkpt lat="41.737484" lon="-81.100283"><ele>244.11</ele><time>2026-07-13T14:06:24Z</time></trkpt>
      <trkpt lat="41.738086" lon="-81.099193"><ele>244.21</ele><time>2026-07-13T14:06:30Z</time></trkpt>
      <trkpt lat="41.738746" lon="-81.097922"><ele>244.33</ele><time>2026-07-13T14:06:36Z</time></trkpt>
      <trkpt lat="41.739546" lon="-81.096163"><ele>244.49</ele><time>2026-07-13T14:06:44Z</time></trkpt>
      <trkpt lat="41.740897" lon="-81.092875"><ele>244.79</ele><time>2026-07-13T14:06:55Z</time></trkpt>
      <trkpt lat="41.744927" lon="-81.082658"><ele>245.7</ele><time>2026-07-13T14:07:29Z</time></trkpt>
      <trkpt lat="41.751394" lon="-81.066342"><ele>247.15</ele><time>2026-07-13T14:08:18Z</time></trkpt>
      <trkpt lat="41.755265" lon="-81.05662"><ele>248.02</ele><time>2026-07-13T14:08:46Z</time></trkpt>
      <trkpt lat="41.756905" lon="-81.052504"><ele>246</ele><time>2026-07-13T14:08:59Z</time></trkpt>
      <trkpt lat="41.758193" lon="-81.049231"><ele>245.04</ele><time>2026-07-13T14:09:10Z</time></trkpt>
      <trkpt lat="41.758808" lon="-81.0476"><ele>244.47</ele><time>2026-07-13T14:09:16Z</time></trkpt>
      <trkpt lat="41.75941" lon="-81.045815"><ele>244</ele><time>2026-07-13T14:09:22Z</time></trkpt>
      <trkpt lat="41.760048" lon="-81.04378"><ele>243.8</ele><time>2026-07-13T14:09:29Z</time></trkpt>
      <trkpt lat="41.760485" lon="-81.042124"><ele>243.5</ele><time>2026-07-13T14:09:35Z</time></trkpt>
      <trkpt lat="41.760997" lon="-81.039789"><ele>243.97</ele><time>2026-07-13T14:09:43Z</time></trkpt>
      <trkpt lat="41.761465" lon="-81.037197"><ele>244</ele><time>2026-07-13T14:09:50Z</time></trkpt>
      <trkpt lat="41.761721" lon="-81.03518"><ele>243</ele><time>2026-07-13T14:09:58Z</time></trkpt>
      <trkpt lat="41.761932" lon="-81.033318"><ele>242</ele><time>2026-07-13T14:10:04Z</time></trkpt>
      <trkpt lat="41.762105" lon="-81.030949"><ele>241</ele><time>2026-07-13T14:10:12Z</time></trkpt>
      <trkpt lat="41.762188" lon="-81.029139"><ele>242.88</ele><time>2026-07-13T14:10:19Z</time></trkpt>
      <trkpt lat="41.762733" lon="-81.017199"><ele>246</ele><time>2026-07-13T14:10:52Z</time></trkpt>
      <trkpt lat="41.763194" lon="-81.007525"><ele>249</ele><time>2026-07-13T14:11:19Z</time></trkpt>
      <trkpt lat="41.763277" lon="-81.006109"><ele>249</ele><time>2026-07-13T14:11:25Z</time></trkpt>
      <trkpt lat="41.76351" lon="-81.003388"><ele>248</ele><time>2026-07-13T14:11:33Z</time></trkpt>
      <trkpt lat="41.763704" lon="-81.001899"><ele>247.55</ele><time>2026-07-13T14:11:39Z</time></trkpt>
      <trkpt lat="41.763819" lon="-81.001108"><ele>247.57</ele><time>2026-07-13T14:11:43Z</time></trkpt>
      <trkpt lat="41.763914" lon="-81.000533"><ele>247</ele><time>2026-07-13T14:11:46Z</time></trkpt>
      <trkpt lat="41.764146" lon="-80.99925"><ele>247</ele><time>2026-07-13T14:11:52Z</time></trkpt>
      <trkpt lat="41.764384" lon="-80.998089"><ele>247</ele><time>2026-07-13T14:11:57Z</time></trkpt>
      <trkpt lat="41.764644" lon="-80.996921"><ele>246.99</ele><time>2026-07-13T14:12:03Z</time></trkpt>
      <trkpt lat="41.764938" lon="-80.995729"><ele>246</ele><time>2026-07-13T14:12:08Z</time></trkpt>
      <trkpt lat="41.765219" lon="-80.994678"><ele>246</ele><time>2026-07-13T14:12:13Z</time></trkpt>
      <trkpt lat="41.76647" lon="-80.990117"><ele>244</ele><time>2026-07-13T14:12:25Z</time></trkpt>
      <trkpt lat="41.766593" lon="-80.989643"><ele>244</ele><time>2026-07-13T14:12:28Z</time></trkpt>
      <trkpt lat="41.766823" lon="-80.988693"><ele>244</ele><time>2026-07-13T14:12:32Z</time></trkpt>
      <trkpt lat="41.767044" lon="-80.987709"><ele>243.73</ele><time>2026-07-13T14:12:36Z</time></trkpt>
      <trkpt lat="41.767225" lon="-80.986837"><ele>243</ele><time>2026-07-13T14:12:41Z</time></trkpt>
      <trkpt lat="41.767398" lon="-80.985932"><ele>243.49</ele><time>2026-07-13T14:12:46Z</time></trkpt>
      <trkpt lat="41.767552" lon="-80.985055"><ele>244</ele><time>2026-07-13T14:12:50Z</time></trkpt>
      <trkpt lat="41.767809" lon="-80.983372"><ele>244</ele><time>2026-07-13T14:12:56Z</time></trkpt>
      <trkpt lat="41.767965" lon="-80.982115"><ele>244.91</ele><time>2026-07-13T14:13:02Z</time></trkpt>
      <trkpt lat="41.768119" lon="-80.980622"><ele>244</ele><time>2026-07-13T14:13:08Z</time></trkpt>
      <trkpt lat="41.768224" lon="-80.979265"><ele>244</ele><time>2026-07-13T14:13:13Z</time></trkpt>
      <trkpt lat="41.768272" lon="-80.978446"><ele>243.09</ele><time>2026-07-13T14:13:17Z</time></trkpt>
      <trkpt lat="41.768311" lon="-80.977564"><ele>243</ele><time>2026-07-13T14:13:21Z</time></trkpt>
      <trkpt lat="41.768357" lon="-80.976184"><ele>243</ele><time>2026-07-13T14:13:27Z</time></trkpt>
      <trkpt lat="41.768644" lon="-80.966686"><ele>248</ele><time>2026-07-13T14:13:55Z</time></trkpt>
      <trkpt lat="41.768879" lon="-80.958888"><ele>246.02</ele><time>2026-07-13T14:14:16Z</time></trkpt>
      <trkpt lat="41.76895" lon="-80.95657"><ele>247.94</ele><time>2026-07-13T14:14:24Z</time></trkpt>
      <trkpt lat="41.769206" lon="-80.948098"><ele>247.07</ele><time>2026-07-13T14:14:48Z</time></trkpt>
      <trkpt lat="41.769422" lon="-80.940885"><ele>251</ele><time>2026-07-13T14:15:09Z</time></trkpt>
      <trkpt lat="41.769586" lon="-80.935461"><ele>249.71</ele><time>2026-07-13T14:15:24Z</time></trkpt>
      <trkpt lat="41.769615" lon="-80.934516"><ele>250.58</ele><time>2026-07-13T14:15:28Z</time></trkpt>
      <trkpt lat="41.769716" lon="-80.932072"><ele>251.56</ele><time>2026-07-13T14:15:35Z</time></trkpt>
      <trkpt lat="41.770419" lon="-80.916933"><ele>256</ele><time>2026-07-13T14:16:20Z</time></trkpt>
      <trkpt lat="41.770967" lon="-80.905131"><ele>254</ele><time>2026-07-13T14:16:55Z</time></trkpt>
      <trkpt lat="41.771454" lon="-80.894621"><ele>259.07</ele><time>2026-07-13T14:17:22Z</time></trkpt>
      <trkpt lat="41.771543" lon="-80.89304"><ele>260</ele><time>2026-07-13T14:17:29Z</time></trkpt>
      <trkpt lat="41.771644" lon="-80.891754"><ele>260.41</ele><time>2026-07-13T14:17:35Z</time></trkpt>
      <trkpt lat="41.771762" lon="-80.890568"><ele>261</ele><time>2026-07-13T14:17:41Z</time></trkpt>
      <trkpt lat="41.771882" lon="-80.889557"><ele>260.55</ele><time>2026-07-13T14:17:46Z</time></trkpt>
      <trkpt lat="41.772015" lon="-80.888584"><ele>260</ele><time>2026-07-13T14:17:51Z</time></trkpt>
      <trkpt lat="41.772128" lon="-80.887834"><ele>259.64</ele><time>2026-07-13T14:17:55Z</time></trkpt>
      <trkpt lat="41.772372" lon="-80.886417"><ele>258</ele><time>2026-07-13T14:18:01Z</time></trkpt>
      <trkpt lat="41.772651" lon="-80.884989"><ele>257</ele><time>2026-07-13T14:18:07Z</time></trkpt>
      <trkpt lat="41.772831" lon="-80.884154"><ele>256.15</ele><time>2026-07-13T14:18:11Z</time></trkpt>
      <trkpt lat="41.773101" lon="-80.883023"><ele>256</ele><time>2026-07-13T14:18:16Z</time></trkpt>
      <trkpt lat="41.773304" lon="-80.882226"><ele>255.47</ele><time>2026-07-13T14:18:20Z</time></trkpt>
      <trkpt lat="41.773687" lon="-80.880836"><ele>254.48</ele><time>2026-07-13T14:18:26Z</time></trkpt>
      <trkpt lat="41.773884" lon="-80.880174"><ele>254</ele><time>2026-07-13T14:18:29Z</time></trkpt>
      <trkpt lat="41.774143" lon="-80.879345"><ele>253</ele><time>2026-07-13T14:18:33Z</time></trkpt>
      <trkpt lat="41.774603" lon="-80.877977"><ele>252</ele><time>2026-07-13T14:18:39Z</time></trkpt>
      <trkpt lat="41.774881" lon="-80.877204"><ele>252</ele><time>2026-07-13T14:18:44Z</time></trkpt>
      <trkpt lat="41.775174" lon="-80.87643"><ele>252</ele><time>2026-07-13T14:18:48Z</time></trkpt>
      <trkpt lat="41.77553" lon="-80.875532"><ele>252</ele><time>2026-07-13T14:18:53Z</time></trkpt>
      <trkpt lat="41.775916" lon="-80.874613"><ele>252.43</ele><time>2026-07-13T14:18:58Z</time></trkpt>
      <trkpt lat="41.776212" lon="-80.87394"><ele>252.94</ele><time>2026-07-13T14:19:02Z</time></trkpt>
      <trkpt lat="41.776684" lon="-80.872922"><ele>253</ele><time>2026-07-13T14:19:07Z</time></trkpt>
      <trkpt lat="41.777059" lon="-80.872149"><ele>253</ele><time>2026-07-13T14:19:11Z</time></trkpt>
      <trkpt lat="41.777878" lon="-80.870576"><ele>252.83</ele><time>2026-07-13T14:19:18Z</time></trkpt>
      <trkpt lat="41.778322" lon="-80.869782"><ele>252.35</ele><time>2026-07-13T14:19:23Z</time></trkpt>
      <trkpt lat="41.78306" lon="-80.861531"><ele>254</ele><time>2026-07-13T14:19:52Z</time></trkpt>
      <trkpt lat="41.783255" lon="-80.861179"><ele>254.45</ele><time>2026-07-13T14:19:55Z</time></trkpt>
      <trkpt lat="41.783971" lon="-80.859956"><ele>254.73</ele><time>2026-07-13T14:20:01Z</time></trkpt>
      <trkpt lat="41.787558" lon="-80.853724"><ele>257.9</ele><time>2026-07-13T14:20:23Z</time></trkpt>
      <trkpt lat="41.789671" lon="-80.850036"><ele>259</ele><time>2026-07-13T14:20:35Z</time></trkpt>
      <trkpt lat="41.797216" lon="-80.836907"><ele>266.97</ele><time>2026-07-13T14:21:18Z</time></trkpt>
      <trkpt lat="41.798421" lon="-80.8348"><ele>266</ele><time>2026-07-13T14:21:25Z</time></trkpt>
      <trkpt lat="41.798766" lon="-80.834207"><ele>266</ele><time>2026-07-13T14:21:29Z</time></trkpt>
      <trkpt lat="41.809223" lon="-80.815984"><ele>258.9</ele><time>2026-07-13T14:22:28Z</time></trkpt>
      <trkpt lat="41.81021" lon="-80.814353"><ele>257.92</ele><time>2026-07-13T14:22:35Z</time></trkpt>
      <trkpt lat="41.810774" lon="-80.813469"><ele>257.93</ele><time>2026-07-13T14:22:40Z</time></trkpt>
      <trkpt lat="41.811584" lon="-80.812257"><ele>258.9</ele><time>2026-07-13T14:22:47Z</time></trkpt>
      <trkpt lat="41.812491" lon="-80.810969"><ele>259.93</ele><time>2026-07-13T14:22:53Z</time></trkpt>
      <trkpt lat="41.816609" lon="-80.805331"><ele>265.65</ele><time>2026-07-13T14:23:13Z</time></trkpt>
      <trkpt lat="41.817594" lon="-80.803993"><ele>266.92</ele><time>2026-07-13T14:23:19Z</time></trkpt>
      <trkpt lat="41.823694" lon="-80.795656"><ele>260.72</ele><time>2026-07-13T14:23:54Z</time></trkpt>
      <trkpt lat="41.824689" lon="-80.794281"><ele>259.52</ele><time>2026-07-13T14:24:01Z</time></trkpt>
      <trkpt lat="41.824993" lon="-80.793839"><ele>259</ele><time>2026-07-13T14:24:04Z</time></trkpt>
      <trkpt lat="41.82527" lon="-80.793404"><ele>258.9</ele><time>2026-07-13T14:24:07Z</time></trkpt>
      <trkpt lat="41.825538" lon="-80.792942"><ele>258.98</ele><time>2026-07-13T14:24:10Z</time></trkpt>
      <trkpt lat="41.825804" lon="-80.792462"><ele>258.94</ele><time>2026-07-13T14:24:13Z</time></trkpt>
      <trkpt lat="41.826226" lon="-80.791584"><ele>258</ele><time>2026-07-13T14:24:18Z</time></trkpt>
      <trkpt lat="41.826384" lon="-80.791216"><ele>257.86</ele><time>2026-07-13T14:24:21Z</time></trkpt>
      <trkpt lat="41.826637" lon="-80.790585"><ele>257.97</ele><time>2026-07-13T14:24:25Z</time></trkpt>
      <trkpt lat="41.826836" lon="-80.790031"><ele>258</ele><time>2026-07-13T14:24:29Z</time></trkpt>
      <trkpt lat="41.826998" lon="-80.789525"><ele>258.03</ele><time>2026-07-13T14:24:32Z</time></trkpt>
      <trkpt lat="41.827235" lon="-80.78869"><ele>258.99</ele><time>2026-07-13T14:24:36Z</time></trkpt>
      <trkpt lat="41.827347" lon="-80.788238"><ele>259.4</ele><time>2026-07-13T14:24:39Z</time></trkpt>
      <trkpt lat="41.827492" lon="-80.787558"><ele>260</ele><time>2026-07-13T14:24:43Z</time></trkpt>
      <trkpt lat="41.827542" lon="-80.787289"><ele>260.06</ele><time>2026-07-13T14:24:45Z</time></trkpt>
      <trkpt lat="41.827623" lon="-80.786819"><ele>260.28</ele><time>2026-07-13T14:24:48Z</time></trkpt>
      <trkpt lat="41.827734" lon="-80.786026"><ele>261</ele><time>2026-07-13T14:24:52Z</time></trkpt>
      <trkpt lat="41.827782" lon="-80.785555"><ele>261.08</ele><time>2026-07-13T14:24:55Z</time></trkpt>
      <trkpt lat="41.827843" lon="-80.784739"><ele>262.11</ele><time>2026-07-13T14:25:00Z</time></trkpt>
      <trkpt lat="41.827867" lon="-80.784222"><ele>262</ele><time>2026-07-13T14:25:03Z</time></trkpt>
      <trkpt lat="41.827878" lon="-80.783799"><ele>262.9</ele><time>2026-07-13T14:25:05Z</time></trkpt>
      <trkpt lat="41.827872" lon="-80.778969"><ele>266.89</ele><time>2026-07-13T14:25:19Z</time></trkpt>
      <trkpt lat="41.827855" lon="-80.771875"><ele>268.98</ele><time>2026-07-13T14:25:40Z</time></trkpt>
      <trkpt lat="41.82785" lon="-80.770475"><ele>267.12</ele><time>2026-07-13T14:25:45Z</time></trkpt>
      <trkpt lat="41.827854" lon="-80.765854"><ele>262.26</ele><time>2026-07-13T14:25:57Z</time></trkpt>
      <trkpt lat="41.827848" lon="-80.762411"><ele>260</ele><time>2026-07-13T14:26:06Z</time></trkpt>
      <trkpt lat="41.827874" lon="-80.760071"><ele>259.86</ele><time>2026-07-13T14:26:14Z</time></trkpt>
      <trkpt lat="41.827929" lon="-80.758793"><ele>259</ele><time>2026-07-13T14:26:20Z</time></trkpt>
      <trkpt lat="41.828036" lon="-80.757195"><ele>259</ele><time>2026-07-13T14:26:27Z</time></trkpt>
      <trkpt lat="41.82822" lon="-80.755447"><ele>259</ele><time>2026-07-13T14:26:33Z</time></trkpt>
      <trkpt lat="41.82833" lon="-80.754398"><ele>260.69</ele><time>2026-07-13T14:26:38Z</time></trkpt>
      <trkpt lat="41.828538" lon="-80.752877"><ele>263.06</ele><time>2026-07-13T14:26:44Z</time></trkpt>
      <trkpt lat="41.828634" lon="-80.752252"><ele>263.77</ele><time>2026-07-13T14:26:47Z</time></trkpt>
      <trkpt lat="41.828821" lon="-80.751131"><ele>265.05</ele><time>2026-07-13T14:26:52Z</time></trkpt>
      <trkpt lat="41.829315" lon="-80.748766"><ele>267.77</ele><time>2026-07-13T14:26:59Z</time></trkpt>
      <trkpt lat="41.829516" lon="-80.747932"><ele>268.18</ele><time>2026-07-13T14:27:04Z</time></trkpt>
      <trkpt lat="41.829798" lon="-80.746845"><ele>266.68</ele><time>2026-07-13T14:27:09Z</time></trkpt>
      <trkpt lat="41.830125" lon="-80.745672"><ele>265.05</ele><time>2026-07-13T14:27:14Z</time></trkpt>
      <trkpt lat="41.830358" lon="-80.744904"><ele>263.98</ele><time>2026-07-13T14:27:18Z</time></trkpt>
      <trkpt lat="41.830751" lon="-80.743654"><ele>262.23</ele><time>2026-07-13T14:27:23Z</time></trkpt>
      <trkpt lat="41.831108" lon="-80.742619"><ele>260.77</ele><time>2026-07-13T14:27:28Z</time></trkpt>
      <trkpt lat="41.831651" lon="-80.741154"><ele>258.26</ele><time>2026-07-13T14:27:34Z</time></trkpt>
      <trkpt lat="41.832162" lon="-80.73989"><ele>256.72</ele><time>2026-07-13T14:27:40Z</time></trkpt>
      <trkpt lat="41.832424" lon="-80.739275"><ele>256</ele><time>2026-07-13T14:27:43Z</time></trkpt>
      <trkpt lat="41.83275" lon="-80.738541"><ele>256</ele><time>2026-07-13T14:27:47Z</time></trkpt>
      <trkpt lat="41.833147" lon="-80.737689"><ele>255.51</ele><time>2026-07-13T14:27:52Z</time></trkpt>
      <trkpt lat="41.833556" lon="-80.73685"><ele>255</ele><time>2026-07-13T14:27:57Z</time></trkpt>
      <trkpt lat="41.833969" lon="-80.73605"><ele>254.99</ele><time>2026-07-13T14:28:02Z</time></trkpt>
      <trkpt lat="41.834386" lon="-80.735263"><ele>254.04</ele><time>2026-07-13T14:28:07Z</time></trkpt>
      <trkpt lat="41.835047" lon="-80.7341"><ele>254.62</ele><time>2026-07-13T14:28:13Z</time></trkpt>
      <trkpt lat="41.835364" lon="-80.733562"><ele>254</ele><time>2026-07-13T14:28:17Z</time></trkpt>
      <trkpt lat="41.836135" lon="-80.73233"><ele>253.74</ele><time>2026-07-13T14:28:23Z</time></trkpt>
      <trkpt lat="41.836442" lon="-80.731863"><ele>253.64</ele><time>2026-07-13T14:28:27Z</time></trkpt>
      <trkpt lat="41.838514" lon="-80.728861"><ele>248.87</ele><time>2026-07-13T14:28:37Z</time></trkpt>
      <trkpt lat="41.838906" lon="-80.72826"><ele>248.1</ele><time>2026-07-13T14:28:41Z</time></trkpt>
      <trkpt lat="41.839376" lon="-80.727517"><ele>247.16</ele><time>2026-07-13T14:28:46Z</time></trkpt>
      <trkpt lat="41.839585" lon="-80.727159"><ele>246.72</ele><time>2026-07-13T14:28:49Z</time></trkpt>
      <trkpt lat="41.840299" lon="-80.72594"><ele>248.12</ele><time>2026-07-13T14:28:55Z</time></trkpt>
      <trkpt lat="41.840416" lon="-80.725745"><ele>248.47</ele><time>2026-07-13T14:28:57Z</time></trkpt>
      <trkpt lat="41.840736" lon="-80.725164"><ele>249.49</ele><time>2026-07-13T14:29:01Z</time></trkpt>
      <trkpt lat="41.841233" lon="-80.724216"><ele>251.15</ele><time>2026-07-13T14:29:06Z</time></trkpt>
      <trkpt lat="41.841738" lon="-80.723196"><ele>252.91</ele><time>2026-07-13T14:29:11Z</time></trkpt>
      <trkpt lat="41.842166" lon="-80.722286"><ele>254.46</ele><time>2026-07-13T14:29:16Z</time></trkpt>
      <trkpt lat="41.842591" lon="-80.721318"><ele>256.09</ele><time>2026-07-13T14:29:21Z</time></trkpt>
      <trkpt lat="41.843151" lon="-80.71996"><ele>258.36</ele><time>2026-07-13T14:29:27Z</time></trkpt>
      <trkpt lat="41.843487" lon="-80.719093"><ele>259.8</ele><time>2026-07-13T14:29:32Z</time></trkpt>
      <trkpt lat="41.843766" lon="-80.718325"><ele>261.06</ele><time>2026-07-13T14:29:37Z</time></trkpt>
      <trkpt lat="41.844452" lon="-80.716332"><ele>264.83</ele><time>2026-07-13T14:29:44Z</time></trkpt>
      <trkpt lat="41.845618" lon="-80.712848"><ele>270.37</ele><time>2026-07-13T14:29:54Z</time></trkpt>
      <trkpt lat="41.846135" lon="-80.711313"><ele>271.36</ele><time>2026-07-13T14:30:00Z</time></trkpt>
      <trkpt lat="41.846504" lon="-80.710259"><ele>271.5</ele><time>2026-07-13T14:30:05Z</time></trkpt>
      <trkpt lat="41.846853" lon="-80.709314"><ele>272</ele><time>2026-07-13T14:30:09Z</time></trkpt>
      <trkpt lat="41.847246" lon="-80.70831"><ele>271.7</ele><time>2026-07-13T14:30:14Z</time></trkpt>
      <trkpt lat="41.847724" lon="-80.707183"><ele>270.97</ele><time>2026-07-13T14:30:19Z</time></trkpt>
      <trkpt lat="41.848061" lon="-80.706415"><ele>270.23</ele><time>2026-07-13T14:30:23Z</time></trkpt>
      <trkpt lat="41.848573" lon="-80.705321"><ele>268.78</ele><time>2026-07-13T14:30:28Z</time></trkpt>
      <trkpt lat="41.849259" lon="-80.70396"><ele>266.99</ele><time>2026-07-13T14:30:35Z</time></trkpt>
      <trkpt lat="41.849492" lon="-80.703519"><ele>266.29</ele><time>2026-07-13T14:30:38Z</time></trkpt>
      <trkpt lat="41.849951" lon="-80.702686"><ele>265.58</ele><time>2026-07-13T14:30:43Z</time></trkpt>
      <trkpt lat="41.850532" lon="-80.701682"><ele>265</ele><time>2026-07-13T14:30:48Z</time></trkpt>
      <trkpt lat="41.851091" lon="-80.700773"><ele>265.72</ele><time>2026-07-13T14:30:53Z</time></trkpt>
      <trkpt lat="41.851714" lon="-80.69981"><ele>266.59</ele><time>2026-07-13T14:30:58Z</time></trkpt>
      <trkpt lat="41.852165" lon="-80.699147"><ele>267</ele><time>2026-07-13T14:31:02Z</time></trkpt>
      <trkpt lat="41.852615" lon="-80.698509"><ele>267.22</ele><time>2026-07-13T14:31:06Z</time></trkpt>
      <trkpt lat="41.853152" lon="-80.697773"><ele>268</ele><time>2026-07-13T14:31:10Z</time></trkpt>
      <trkpt lat="41.853703" lon="-80.697061"><ele>268</ele><time>2026-07-13T14:31:15Z</time></trkpt>
      <trkpt lat="41.854266" lon="-80.696355"><ele>268.74</ele><time>2026-07-13T14:31:20Z</time></trkpt>
      <trkpt lat="41.855321" lon="-80.695133"><ele>269</ele><time>2026-07-13T14:31:27Z</time></trkpt>
      <trkpt lat="41.856259" lon="-80.694123"><ele>268.27</ele><time>2026-07-13T14:31:33Z</time></trkpt>
      <trkpt lat="41.858226" lon="-80.692042"><ele>264.87</ele><time>2026-07-13T14:31:42Z</time></trkpt>
      <trkpt lat="41.863968" lon="-80.685984"><ele>251.25</ele><time>2026-07-13T14:32:10Z</time></trkpt>
      <trkpt lat="41.864573" lon="-80.685333"><ele>250.39</ele><time>2026-07-13T14:32:15Z</time></trkpt>
      <trkpt lat="41.86885" lon="-80.68082"><ele>248.83</ele><time>2026-07-13T14:32:34Z</time></trkpt>
      <trkpt lat="41.872536" lon="-80.676914"><ele>247</ele><time>2026-07-13T14:32:51Z</time></trkpt>
      <trkpt lat="41.873084" lon="-80.676309"><ele>246.65</ele><time>2026-07-13T14:32:55Z</time></trkpt>
      <trkpt lat="41.873948" lon="-80.675319"><ele>245.97</ele><time>2026-07-13T14:33:01Z</time></trkpt>
      <trkpt lat="41.874545" lon="-80.674619"><ele>245.89</ele><time>2026-07-13T14:33:06Z</time></trkpt>
      <trkpt lat="41.875172" lon="-80.673858"><ele>245.46</ele><time>2026-07-13T14:33:11Z</time></trkpt>
      <trkpt lat="41.875673" lon="-80.673233"><ele>244.81</ele><time>2026-07-13T14:33:16Z</time></trkpt>
      <trkpt lat="41.876489" lon="-80.672185"><ele>244.87</ele><time>2026-07-13T14:33:23Z</time></trkpt>
      <trkpt lat="41.877123" lon="-80.67135"><ele>243.91</ele><time>2026-07-13T14:33:28Z</time></trkpt>
      <trkpt lat="41.878066" lon="-80.67005"><ele>242.93</ele><time>2026-07-13T14:33:35Z</time></trkpt>
      <trkpt lat="41.87877" lon="-80.669042"><ele>241.24</ele><time>2026-07-13T14:33:41Z</time></trkpt>
      <trkpt lat="41.87937" lon="-80.668155"><ele>240.22</ele><time>2026-07-13T14:33:47Z</time></trkpt>
      <trkpt lat="41.879856" lon="-80.667419"><ele>239.01</ele><time>2026-07-13T14:33:52Z</time></trkpt>
      <trkpt lat="41.880544" lon="-80.666337"><ele>238</ele><time>2026-07-13T14:33:58Z</time></trkpt>
      <trkpt lat="41.881091" lon="-80.665449"><ele>237</ele><time>2026-07-13T14:34:04Z</time></trkpt>
      <trkpt lat="41.881759" lon="-80.66433"><ele>236</ele><time>2026-07-13T14:34:10Z</time></trkpt>
      <trkpt lat="41.88276" lon="-80.662566"><ele>233.89</ele><time>2026-07-13T14:34:17Z</time></trkpt>
      <trkpt lat="41.883399" lon="-80.661389"><ele>232.94</ele><time>2026-07-13T14:34:23Z</time></trkpt>
      <trkpt lat="41.883908" lon="-80.660406"><ele>231.52</ele><time>2026-07-13T14:34:29Z</time></trkpt>
      <trkpt lat="41.88462" lon="-80.658994"><ele>230</ele><time>2026-07-13T14:34:35Z</time></trkpt>
      <trkpt lat="41.885162" lon="-80.657864"><ele>229</ele><time>2026-07-13T14:34:41Z</time></trkpt>
      <trkpt lat="41.885704" lon="-80.65669"><ele>229.23</ele><time>2026-07-13T14:34:47Z</time></trkpt>
      <trkpt lat="41.885993" lon="-80.656046"><ele>230.06</ele><time>2026-07-13T14:34:51Z</time></trkpt>
      <trkpt lat="41.886723" lon="-80.654362"><ele>232.02</ele><time>2026-07-13T14:34:58Z</time></trkpt>
      <trkpt lat="41.887369" lon="-80.652781"><ele>235</ele><time>2026-07-13T14:35:05Z</time></trkpt>
      <trkpt lat="41.888424" lon="-80.650138"><ele>238</ele><time>2026-07-13T14:35:13Z</time></trkpt>
      <trkpt lat="41.88911" lon="-80.648418"><ele>237.92</ele><time>2026-07-13T14:35:20Z</time></trkpt>
      <trkpt lat="41.891469" lon="-80.642511"><ele>228</ele><time>2026-07-13T14:35:37Z</time></trkpt>
      <trkpt lat="41.892513" lon="-80.639889"><ele>226.98</ele><time>2026-07-13T14:35:45Z</time></trkpt>
      <trkpt lat="41.893163" lon="-80.638261"><ele>229.2</ele><time>2026-07-13T14:35:52Z</time></trkpt>
      <trkpt lat="41.893295" lon="-80.637934"><ele>231.6</ele><time>2026-07-13T14:35:54Z</time></trkpt>
      <trkpt lat="41.897388" lon="-80.627687"><ele>250.02</ele><time>2026-07-13T14:36:25Z</time></trkpt>
      <trkpt lat="41.899262" lon="-80.623"><ele>253</ele><time>2026-07-13T14:36:38Z</time></trkpt>
      <trkpt lat="41.899474" lon="-80.622461"><ele>252.4</ele><time>2026-07-13T14:36:41Z</time></trkpt>
      <trkpt lat="41.899706" lon="-80.62189"><ele>253.8</ele><time>2026-07-13T14:36:44Z</time></trkpt>
      <trkpt lat="41.90143" lon="-80.617561"><ele>252.97</ele><time>2026-07-13T14:36:57Z</time></trkpt>
      <trkpt lat="41.902953" lon="-80.613742"><ele>248.72</ele><time>2026-07-13T14:37:08Z</time></trkpt>
      <trkpt lat="41.90745" lon="-80.602472"><ele>227.59</ele><time>2026-07-13T14:37:44Z</time></trkpt>
      <trkpt lat="41.90787" lon="-80.601368"><ele>226.35</ele><time>2026-07-13T14:37:50Z</time></trkpt>
      <trkpt lat="41.90815" lon="-80.600589"><ele>226.64</ele><time>2026-07-13T14:37:54Z</time></trkpt>
      <trkpt lat="41.908499" lon="-80.599565"><ele>226</ele><time>2026-07-13T14:37:59Z</time></trkpt>
      <trkpt lat="41.908834" lon="-80.598507"><ele>225.84</ele><time>2026-07-13T14:38:04Z</time></trkpt>
      <trkpt lat="41.909156" lon="-80.597436"><ele>225.26</ele><time>2026-07-13T14:38:09Z</time></trkpt>
      <trkpt lat="41.91015" lon="-80.593719"><ele>224.49</ele><time>2026-07-13T14:38:20Z</time></trkpt>
      <trkpt lat="41.911037" lon="-80.590354"><ele>223</ele><time>2026-07-13T14:38:29Z</time></trkpt>
      <trkpt lat="41.911253" lon="-80.589488"><ele>223</ele><time>2026-07-13T14:38:33Z</time></trkpt>
      <trkpt lat="41.911787" lon="-80.587508"><ele>222.71</ele><time>2026-07-13T14:38:40Z</time></trkpt>
      <trkpt lat="41.915053" lon="-80.575173"><ele>218</ele><time>2026-07-13T14:39:19Z</time></trkpt>
      <trkpt lat="41.916138" lon="-80.57105"><ele>217</ele><time>2026-07-13T14:39:30Z</time></trkpt>
      <trkpt lat="41.916764" lon="-80.568724"><ele>216</ele><time>2026-07-13T14:39:38Z</time></trkpt>
      <trkpt lat="41.916834" lon="-80.568428"><ele>216</ele><time>2026-07-13T14:39:40Z</time></trkpt>
      <trkpt lat="41.918695" lon="-80.561404"><ele>214.73</ele><time>2026-07-13T14:40:01Z</time></trkpt>
      <trkpt lat="41.91907" lon="-80.559914"><ele>214.8</ele><time>2026-07-13T14:40:07Z</time></trkpt>
      <trkpt lat="41.919529" lon="-80.558237"><ele>214.86</ele><time>2026-07-13T14:40:14Z</time></trkpt>
      <trkpt lat="41.920247" lon="-80.555554"><ele>215</ele><time>2026-07-13T14:40:23Z</time></trkpt>
      <trkpt lat="41.920758" lon="-80.553839"><ele>215</ele><time>2026-07-13T14:40:30Z</time></trkpt>
      <trkpt lat="41.921205" lon="-80.552503"><ele>214.98</ele><time>2026-07-13T14:40:35Z</time></trkpt>
      <trkpt lat="41.921608" lon="-80.551382"><ele>214</ele><time>2026-07-13T14:40:40Z</time></trkpt>
      <trkpt lat="41.922115" lon="-80.55007"><ele>213.31</ele><time>2026-07-13T14:40:45Z</time></trkpt>
      <trkpt lat="41.922559" lon="-80.549011"><ele>213</ele><time>2026-07-13T14:40:50Z</time></trkpt>
      <trkpt lat="41.923269" lon="-80.547434"><ele>213</ele><time>2026-07-13T14:40:57Z</time></trkpt>
      <trkpt lat="41.92392" lon="-80.546092"><ele>212</ele><time>2026-07-13T14:41:03Z</time></trkpt>
      <trkpt lat="41.925609" lon="-80.542674"><ele>211</ele><time>2026-07-13T14:41:14Z</time></trkpt>
      <trkpt lat="41.926142" lon="-80.541574"><ele>211</ele><time>2026-07-13T14:41:20Z</time></trkpt>
      <trkpt lat="41.928751" lon="-80.536313"><ele>213.91</ele><time>2026-07-13T14:41:36Z</time></trkpt>
      <trkpt lat="41.929216" lon="-80.535374"><ele>212.41</ele><time>2026-07-13T14:41:41Z</time></trkpt>
      <trkpt lat="41.929386" lon="-80.53502"><ele>211.95</ele><time>2026-07-13T14:41:44Z</time></trkpt>
      <trkpt lat="41.930275" lon="-80.533184"><ele>212.59</ele><time>2026-07-13T14:41:51Z</time></trkpt>
      <trkpt lat="41.931019" lon="-80.531679"><ele>213.12</ele><time>2026-07-13T14:41:58Z</time></trkpt>
      <trkpt lat="41.932046" lon="-80.529526"><ele>213.87</ele><time>2026-07-13T14:42:06Z</time></trkpt>
      <trkpt lat="41.933581" lon="-80.526511"><ele>214.94</ele><time>2026-07-13T14:42:16Z</time></trkpt>
      <trkpt lat="41.934729" lon="-80.524175"><ele>215.76</ele><time>2026-07-13T14:42:24Z</time></trkpt>
      <trkpt lat="41.935063" lon="-80.523474"><ele>215.78</ele><time>2026-07-13T14:42:28Z</time></trkpt>
      <trkpt lat="41.936614" lon="-80.520413"><ele>210.7</ele><time>2026-07-13T14:42:37Z</time></trkpt>
      <trkpt lat="41.93692" lon="-80.519839"><ele>209.73</ele><time>2026-07-13T14:42:41Z</time></trkpt>
      <trkpt lat="41.937474" lon="-80.518706"><ele>208</ele><time>2026-07-13T14:42:47Z</time></trkpt>
      <trkpt lat="41.938685" lon="-80.516291"><ele>207.51</ele><time>2026-07-13T14:42:54Z</time></trkpt>
      <trkpt lat="41.940665" lon="-80.512231"><ele>207.28</ele><time>2026-07-13T14:43:07Z</time></trkpt>
      <trkpt lat="41.94175" lon="-80.510085"><ele>207.44</ele><time>2026-07-13T14:43:15Z</time></trkpt>
      <trkpt lat="41.942379" lon="-80.508648"><ele>207.55</ele><time>2026-07-13T14:43:21Z</time></trkpt>
      <trkpt lat="41.94277" lon="-80.507414"><ele>207.4</ele><time>2026-07-13T14:43:27Z</time></trkpt>
      <trkpt lat="41.942937" lon="-80.506621"><ele>207.67</ele><time>2026-07-13T14:43:31Z</time></trkpt>
      <trkpt lat="41.943049" lon="-80.505934"><ele>207.58</ele><time>2026-07-13T14:43:34Z</time></trkpt>
      <trkpt lat="41.943137" lon="-80.505065"><ele>208</ele><time>2026-07-13T14:43:38Z</time></trkpt>
      <trkpt lat="41.943153" lon="-80.504185"><ele>208</ele><time>2026-07-13T14:43:42Z</time></trkpt>
      <trkpt lat="41.943116" lon="-80.489605"><ele>212</ele><time>2026-07-13T14:44:18Z</time></trkpt>
      <trkpt lat="41.943121" lon="-80.479015"><ele>215.84</ele><time>2026-07-13T14:44:45Z</time></trkpt>
      <trkpt lat="41.943089" lon="-80.462493"><ele>221</ele><time>2026-07-13T14:45:31Z</time></trkpt>
      <trkpt lat="41.943111" lon="-80.458414"><ele>222.92</ele><time>2026-07-13T14:45:42Z</time></trkpt>
      <trkpt lat="41.943079" lon="-80.451097"><ele>227.17</ele><time>2026-07-13T14:46:01Z</time></trkpt>
      <trkpt lat="41.943071" lon="-80.435851"><ele>237</ele><time>2026-07-13T14:46:43Z</time></trkpt>
      <trkpt lat="41.943055" lon="-80.431967"><ele>238</ele><time>2026-07-13T14:46:53Z</time></trkpt>
      <trkpt lat="41.943071" lon="-80.431141"><ele>238.35</ele><time>2026-07-13T14:46:57Z</time></trkpt>
      <trkpt lat="41.943095" lon="-80.430455"><ele>238.89</ele><time>2026-07-13T14:47:01Z</time></trkpt>
      <trkpt lat="41.943337" lon="-80.42671"><ele>240.6</ele><time>2026-07-13T14:47:11Z</time></trkpt>
      <trkpt lat="41.944252" lon="-80.412752"><ele>246</ele><time>2026-07-13T14:47:52Z</time></trkpt>
      <trkpt lat="41.944747" lon="-80.405682"><ele>249</ele><time>2026-07-13T14:48:12Z</time></trkpt>
      <trkpt lat="41.945201" lon="-80.398279"><ele>251</ele><time>2026-07-13T14:48:32Z</time></trkpt>
      <trkpt lat="41.945808" lon="-80.389127"><ele>255.49</ele><time>2026-07-13T14:49:00Z</time></trkpt>
      <trkpt lat="41.945888" lon="-80.388441"><ele>255.91</ele><time>2026-07-13T14:49:04Z</time></trkpt>
      <trkpt lat="41.945983" lon="-80.387754"><ele>256.34</ele><time>2026-07-13T14:49:08Z</time></trkpt>
      <trkpt lat="41.946143" lon="-80.386756"><ele>256.96</ele><time>2026-07-13T14:49:12Z</time></trkpt>
      <trkpt lat="41.946287" lon="-80.386005"><ele>257.43</ele><time>2026-07-13T14:49:16Z</time></trkpt>
      <trkpt lat="41.946414" lon="-80.385436"><ele>257.79</ele><time>2026-07-13T14:49:19Z</time></trkpt>
      <trkpt lat="41.946638" lon="-80.384589"><ele>258.33</ele><time>2026-07-13T14:49:23Z</time></trkpt>
      <trkpt lat="41.946925" lon="-80.383559"><ele>258.98</ele><time>2026-07-13T14:49:28Z</time></trkpt>
      <trkpt lat="41.947236" lon="-80.382572"><ele>259.62</ele><time>2026-07-13T14:49:33Z</time></trkpt>
      <trkpt lat="41.947571" lon="-80.381649"><ele>260.22</ele><time>2026-07-13T14:49:38Z</time></trkpt>
      <trkpt lat="41.948465" lon="-80.379321"><ele>261.49</ele><time>2026-07-13T14:49:45Z</time></trkpt>
      <trkpt lat="41.949359" lon="-80.376853"><ele>259.94</ele><time>2026-07-13T14:49:53Z</time></trkpt>
      <trkpt lat="41.951641" lon="-80.37062"><ele>253.84</ele><time>2026-07-13T14:50:11Z</time></trkpt>
      <trkpt lat="41.95368" lon="-80.36504"><ele>250.9</ele><time>2026-07-13T14:50:28Z</time></trkpt>
      <trkpt lat="41.956079" lon="-80.358475"><ele>242.98</ele><time>2026-07-13T14:50:47Z</time></trkpt>
      <trkpt lat="41.957756" lon="-80.35389"><ele>253.91</ele><time>2026-07-13T14:51:01Z</time></trkpt>
      <trkpt lat="41.958814" lon="-80.351029"><ele>258.55</ele><time>2026-07-13T14:51:09Z</time></trkpt>
      <trkpt lat="41.961311" lon="-80.344238"><ele>261.63</ele><time>2026-07-13T14:51:29Z</time></trkpt>
      <trkpt lat="41.963765" lon="-80.337401"><ele>264.53</ele><time>2026-07-13T14:51:51Z</time></trkpt>
      <trkpt lat="41.964883" lon="-80.334433"><ele>266</ele><time>2026-07-13T14:52:01Z</time></trkpt>
      <trkpt lat="41.966548" lon="-80.330351"><ele>266.79</ele><time>2026-07-13T14:52:13Z</time></trkpt>
      <trkpt lat="41.971696" lon="-80.317854"><ele>252.93</ele><time>2026-07-13T14:52:54Z</time></trkpt>
      <trkpt lat="41.975008" lon="-80.309884"><ele>244.09</ele><time>2026-07-13T14:53:21Z</time></trkpt>
      <trkpt lat="41.97563" lon="-80.308339"><ele>244.46</ele><time>2026-07-13T14:53:28Z</time></trkpt>
      <trkpt lat="41.976978" lon="-80.305035"><ele>245.27</ele><time>2026-07-13T14:53:38Z</time></trkpt>
      <trkpt lat="41.977193" lon="-80.304498"><ele>244.77</ele><time>2026-07-13T14:53:41Z</time></trkpt>
      <trkpt lat="41.980011" lon="-80.297608"><ele>242</ele><time>2026-07-13T14:54:03Z</time></trkpt>
      <trkpt lat="41.981988" lon="-80.292907"><ele>234.97</ele><time>2026-07-13T14:54:17Z</time></trkpt>
      <trkpt lat="41.982252" lon="-80.29228"><ele>232.28</ele><time>2026-07-13T14:54:21Z</time></trkpt>
      <trkpt lat="41.983023" lon="-80.290497"><ele>230.08</ele><time>2026-07-13T14:54:29Z</time></trkpt>
      <trkpt lat="41.983581" lon="-80.289217"><ele>230</ele><time>2026-07-13T14:54:35Z</time></trkpt>
      <trkpt lat="41.98386" lon="-80.288577"><ele>231.65</ele><time>2026-07-13T14:54:39Z</time></trkpt>
      <trkpt lat="41.985695" lon="-80.284188"><ele>243.2</ele><time>2026-07-13T14:54:52Z</time></trkpt>
      <trkpt lat="41.986237" lon="-80.282855"><ele>247.64</ele><time>2026-07-13T14:54:58Z</time></trkpt>
      <trkpt lat="41.987052" lon="-80.280854"><ele>251.36</ele><time>2026-07-13T14:55:06Z</time></trkpt>
      <trkpt lat="41.989892" lon="-80.274185"><ele>263.04</ele><time>2026-07-13T14:55:25Z</time></trkpt>
      <trkpt lat="41.992596" lon="-80.267833"><ele>266</ele><time>2026-07-13T14:55:43Z</time></trkpt>
      <trkpt lat="41.999007" lon="-80.252616"><ele>273</ele><time>2026-07-13T14:56:34Z</time></trkpt>
      <trkpt lat="42.000141" lon="-80.249966"><ele>272.31</ele><time>2026-07-13T14:56:42Z</time></trkpt>
      <trkpt lat="42.000275" lon="-80.249647"><ele>274.88</ele><time>2026-07-13T14:56:44Z</time></trkpt>
      <trkpt lat="42.003638" lon="-80.241632"><ele>278.25</ele><time>2026-07-13T14:57:08Z</time></trkpt>
      <trkpt lat="42.004822" lon="-80.238825"><ele>281.18</ele><time>2026-07-13T14:57:17Z</time></trkpt>
      <trkpt lat="42.005094" lon="-80.238183"><ele>280.12</ele><time>2026-07-13T14:57:21Z</time></trkpt>
      <trkpt lat="42.006184" lon="-80.235614"><ele>281.19</ele><time>2026-07-13T14:57:29Z</time></trkpt>
      <trkpt lat="42.007278" lon="-80.232996"><ele>283.08</ele><time>2026-07-13T14:57:37Z</time></trkpt>
      <trkpt lat="42.010548" lon="-80.225238"><ele>285.54</ele><time>2026-07-13T14:58:00Z</time></trkpt>
      <trkpt lat="42.011401" lon="-80.22325"><ele>286.61</ele><time>2026-07-13T14:58:07Z</time></trkpt>
      <trkpt lat="42.011543" lon="-80.222919"><ele>288.39</ele><time>2026-07-13T14:58:09Z</time></trkpt>
      <trkpt lat="42.011685" lon="-80.222588"><ele>287.12</ele><time>2026-07-13T14:58:11Z</time></trkpt>
      <trkpt lat="42.01233" lon="-80.220831"><ele>288</ele><time>2026-07-13T14:58:18Z</time></trkpt>
      <trkpt lat="42.012857" lon="-80.219322"><ele>288.42</ele><time>2026-07-13T14:58:24Z</time></trkpt>
      <trkpt lat="42.013271" lon="-80.217988"><ele>289.34</ele><time>2026-07-13T14:58:30Z</time></trkpt>
      <trkpt lat="42.013701" lon="-80.216475"><ele>290</ele><time>2026-07-13T14:58:36Z</time></trkpt>
      <trkpt lat="42.014092" lon="-80.214898"><ele>291</ele><time>2026-07-13T14:58:42Z</time></trkpt>
      <trkpt lat="42.014416" lon="-80.213452"><ele>291.75</ele><time>2026-07-13T14:58:48Z</time></trkpt>
      <trkpt lat="42.014658" lon="-80.212192"><ele>291.73</ele><time>2026-07-13T14:58:54Z</time></trkpt>
      <trkpt lat="42.014945" lon="-80.210454"><ele>292.8</ele><time>2026-07-13T14:59:00Z</time></trkpt>
      <trkpt lat="42.017161" lon="-80.196288"><ele>300</ele><time>2026-07-13T14:59:42Z</time></trkpt>
      <trkpt lat="42.017933" lon="-80.191165"><ele>303</ele><time>2026-07-13T14:59:56Z</time></trkpt>
      <trkpt lat="42.018794" lon="-80.185736"><ele>302.43</ele><time>2026-07-13T15:00:10Z</time></trkpt>
      <trkpt lat="42.019495" lon="-80.181026"><ele>299</ele><time>2026-07-13T15:00:24Z</time></trkpt>
      <trkpt lat="42.019886" lon="-80.178526"><ele>298</ele><time>2026-07-13T15:00:32Z</time></trkpt>
      <trkpt lat="42.020037" lon="-80.177303"><ele>297</ele><time>2026-07-13T15:00:37Z</time></trkpt>
      <trkpt lat="42.020489" lon="-80.172997"><ele>293</ele><time>2026-07-13T15:00:48Z</time></trkpt>
      <trkpt lat="42.020714" lon="-80.170844"><ele>293</ele><time>2026-07-13T15:00:55Z</time></trkpt>
      <trkpt lat="42.021544" lon="-80.162474"><ele>306.54</ele><time>2026-07-13T15:01:19Z</time></trkpt>
      <trkpt lat="42.022332" lon="-80.154805"><ele>325.46</ele><time>2026-07-13T15:01:40Z</time></trkpt>
      <trkpt lat="42.022543" lon="-80.152652"><ele>329</ele><time>2026-07-13T15:01:47Z</time></trkpt>
      <trkpt lat="42.022858" lon="-80.149423"><ele>328.44</ele><time>2026-07-13T15:01:56Z</time></trkpt>
      <trkpt lat="42.023096" lon="-80.147163"><ele>326.68</ele><time>2026-07-13T15:02:04Z</time></trkpt>
      <trkpt lat="42.023236" lon="-80.146103"><ele>325.78</ele><time>2026-07-13T15:02:09Z</time></trkpt>
      <trkpt lat="42.023331" lon="-80.14545"><ele>325.52</ele><time>2026-07-13T15:02:13Z</time></trkpt>
      <trkpt lat="42.02345" lon="-80.144699"><ele>324.45</ele><time>2026-07-13T15:02:17Z</time></trkpt>
      <trkpt lat="42.023648" lon="-80.14356"><ele>324</ele><time>2026-07-13T15:02:23Z</time></trkpt>
      <trkpt lat="42.023752" lon="-80.14301"><ele>324.18</ele><time>2026-07-13T15:02:26Z</time></trkpt>
      <trkpt lat="42.023895" lon="-80.142314"><ele>325.16</ele><time>2026-07-13T15:02:30Z</time></trkpt>
      <trkpt lat="42.024207" lon="-80.140929"><ele>326</ele><time>2026-07-13T15:02:35Z</time></trkpt>
      <trkpt lat="42.02449" lon="-80.139797"><ele>327</ele><time>2026-07-13T15:02:40Z</time></trkpt>
      <trkpt lat="42.024786" lon="-80.138715"><ele>327.91</ele><time>2026-07-13T15:02:45Z</time></trkpt>
      <trkpt lat="42.024996" lon="-80.137994"><ele>328</ele><time>2026-07-13T15:02:49Z</time></trkpt>
      <trkpt lat="42.025367" lon="-80.136823"><ele>329</ele><time>2026-07-13T15:02:55Z</time></trkpt>
      <trkpt lat="42.025613" lon="-80.13609"><ele>329.52</ele><time>2026-07-13T15:02:59Z</time></trkpt>
      <trkpt lat="42.026035" lon="-80.134914"><ele>330</ele><time>2026-07-13T15:03:04Z</time></trkpt>
      <trkpt lat="42.026258" lon="-80.13433"><ele>330.43</ele><time>2026-07-13T15:03:08Z</time></trkpt>
      <trkpt lat="42.026603" lon="-80.133457"><ele>331</ele><time>2026-07-13T15:03:13Z</time></trkpt>
      <trkpt lat="42.027151" lon="-80.13218"><ele>331.43</ele><time>2026-07-13T15:03:19Z</time></trkpt>
      <trkpt lat="42.027491" lon="-80.131432"><ele>332.48</ele><time>2026-07-13T15:03:23Z</time></trkpt>
      <trkpt lat="42.027763" lon="-80.130859"><ele>331</ele><time>2026-07-13T15:03:27Z</time></trkpt>
      <trkpt lat="42.028814" lon="-80.128631"><ele>332</ele><time>2026-07-13T15:03:35Z</time></trkpt>
      <trkpt lat="42.03142" lon="-80.123055"><ele>329.83</ele><time>2026-07-13T15:03:53Z</time></trkpt>
      <trkpt lat="42.031753" lon="-80.122343"><ele>331.79</ele><time>2026-07-13T15:03:57Z</time></trkpt>
      <trkpt lat="42.032359" lon="-80.12106"><ele>332</ele><time>2026-07-13T15:04:03Z</time></trkpt>
      <trkpt lat="42.032734" lon="-80.120308"><ele>333</ele><time>2026-07-13T15:04:07Z</time></trkpt>
      <trkpt lat="42.036548" lon="-80.112197"><ele>339.12</ele><time>2026-07-13T15:04:32Z</time></trkpt>
      <trkpt lat="42.039683" lon="-80.105538"><ele>349</ele><time>2026-07-13T15:04:55Z</time></trkpt>
      <trkpt lat="42.042551" lon="-80.099439"><ele>354.3</ele><time>2026-07-13T15:05:15Z</time></trkpt>
      <trkpt lat="42.042962" lon="-80.098531"><ele>355.55</ele><time>2026-07-13T15:05:20Z</time></trkpt>
      <trkpt lat="42.043275" lon="-80.097809"><ele>356.28</ele><time>2026-07-13T15:05:24Z</time></trkpt>
      <trkpt lat="42.043585" lon="-80.097049"><ele>357</ele><time>2026-07-13T15:05:29Z</time></trkpt>
      <trkpt lat="42.043848" lon="-80.09638"><ele>358</ele><time>2026-07-13T15:05:33Z</time></trkpt>
      <trkpt lat="42.044131" lon="-80.095634"><ele>358.67</ele><time>2026-07-13T15:05:37Z</time></trkpt>
      <trkpt lat="42.044478" lon="-80.094632"><ele>360</ele><time>2026-07-13T15:05:42Z</time></trkpt>
      <trkpt lat="42.045547" lon="-80.091702"><ele>363</ele><time>2026-07-13T15:05:51Z</time></trkpt>
      <trkpt lat="42.046312" lon="-80.089583"><ele>365</ele><time>2026-07-13T15:05:58Z</time></trkpt>
      <trkpt lat="42.046464" lon="-80.08912"><ele>365.58</ele><time>2026-07-13T15:06:01Z</time></trkpt>
      <trkpt lat="42.047779" lon="-80.085517"><ele>370</ele><time>2026-07-13T15:06:11Z</time></trkpt>
      <trkpt lat="42.04813" lon="-80.084646"><ele>370.56</ele><time>2026-07-13T15:06:16Z</time></trkpt>
      <trkpt lat="42.049048" lon="-80.082118"><ele>375</ele><time>2026-07-13T15:06:24Z</time></trkpt>
      <trkpt lat="42.049159" lon="-80.081811"><ele>375</ele><time>2026-07-13T15:06:26Z</time></trkpt>
      <trkpt lat="42.049271" lon="-80.081503"><ele>371.08</ele><time>2026-07-13T15:06:28Z</time></trkpt>
      <trkpt lat="42.049467" lon="-80.080949"><ele>370.74</ele><time>2026-07-13T15:06:31Z</time></trkpt>
      <trkpt lat="42.049569" lon="-80.080675"><ele>374.97</ele><time>2026-07-13T15:06:33Z</time></trkpt>
      <trkpt lat="42.049773" lon="-80.080126"><ele>375</ele><time>2026-07-13T15:06:36Z</time></trkpt>
      <trkpt lat="42.051871" lon="-80.074354"><ele>365</ele><time>2026-07-13T15:06:52Z</time></trkpt>
      <trkpt lat="42.052833" lon="-80.071721"><ele>363.79</ele><time>2026-07-13T15:07:00Z</time></trkpt>
      <trkpt lat="42.053306" lon="-80.070513"><ele>363</ele><time>2026-07-13T15:07:06Z</time></trkpt>
      <trkpt lat="42.053681" lon="-80.069617"><ele>362.65</ele><time>2026-07-13T15:07:11Z</time></trkpt>
      <trkpt lat="42.054038" lon="-80.0688"><ele>362.1</ele><time>2026-07-13T15:07:16Z</time></trkpt>
      <trkpt lat="42.054359" lon="-80.068105"><ele>362</ele><time>2026-07-13T15:07:20Z</time></trkpt>
      <trkpt lat="42.055015" lon="-80.066776"><ele>361.18</ele><time>2026-07-13T15:07:26Z</time></trkpt>
      <trkpt lat="42.055381" lon="-80.066081"><ele>360.68</ele><time>2026-07-13T15:07:31Z</time></trkpt>
      <trkpt lat="42.057333" lon="-80.062555"><ele>355.38</ele><time>2026-07-13T15:07:43Z</time></trkpt>
      <trkpt lat="42.060739" lon="-80.056419"><ele>359.31</ele><time>2026-07-13T15:08:03Z</time></trkpt>
      <trkpt lat="42.061848" lon="-80.05442"><ele>355.94</ele><time>2026-07-13T15:08:10Z</time></trkpt>
      <trkpt lat="42.064483" lon="-80.049675"><ele>342.19</ele><time>2026-07-13T15:08:25Z</time></trkpt>
      <trkpt lat="42.064646" lon="-80.049369"><ele>341.03</ele><time>2026-07-13T15:08:27Z</time></trkpt>
      <trkpt lat="42.06481" lon="-80.049063"><ele>337.25</ele><time>2026-07-13T15:08:29Z</time></trkpt>
      <trkpt lat="42.065081" lon="-80.048578"><ele>338.99</ele><time>2026-07-13T15:08:32Z</time></trkpt>
      <trkpt lat="42.065545" lon="-80.047757"><ele>336</ele><time>2026-07-13T15:08:36Z</time></trkpt>
      <trkpt lat="42.066574" lon="-80.045902"><ele>331</ele><time>2026-07-13T15:08:43Z</time></trkpt>
      <trkpt lat="42.067511" lon="-80.044213"><ele>331.77</ele><time>2026-07-13T15:08:51Z</time></trkpt>
      <trkpt lat="42.069696" lon="-80.040242"><ele>335.92</ele><time>2026-07-13T15:09:06Z</time></trkpt>
      <trkpt lat="42.069975" lon="-80.03973"><ele>335.34</ele><time>2026-07-13T15:09:10Z</time></trkpt>
      <trkpt lat="42.071244" lon="-80.037542"><ele>334.58</ele><time>2026-07-13T15:09:18Z</time></trkpt>
      <trkpt lat="42.072317" lon="-80.035782"><ele>333.97</ele><time>2026-07-13T15:09:26Z</time></trkpt>
      <trkpt lat="42.073455" lon="-80.034005"><ele>338.71</ele><time>2026-07-13T15:09:34Z</time></trkpt>
      <trkpt lat="42.074468" lon="-80.032514"><ele>342.78</ele><time>2026-07-13T15:09:41Z</time></trkpt>
      <trkpt lat="42.074838" lon="-80.031981"><ele>342.01</ele><time>2026-07-13T15:09:44Z</time></trkpt>
      <trkpt lat="42.076012" lon="-80.030357"><ele>346.65</ele><time>2026-07-13T15:09:52Z</time></trkpt>
      <trkpt lat="42.077943" lon="-80.02774"><ele>354.45</ele><time>2026-07-13T15:10:02Z</time></trkpt>
      <trkpt lat="42.084109" lon="-80.019348"><ele>349</ele><time>2026-07-13T15:10:34Z</time></trkpt>
      <trkpt lat="42.087488" lon="-80.014749"><ele>352.07</ele><time>2026-07-13T15:10:53Z</time></trkpt>
      <trkpt lat="42.088273" lon="-80.013677"><ele>349.96</ele><time>2026-07-13T15:10:59Z</time></trkpt>
      <trkpt lat="42.089924" lon="-80.011438"><ele>342</ele><time>2026-07-13T15:11:08Z</time></trkpt>
      <trkpt lat="42.090566" lon="-80.010529"><ele>338.99</ele><time>2026-07-13T15:11:14Z</time></trkpt>
      <trkpt lat="42.091006" lon="-80.009875"><ele>337.53</ele><time>2026-07-13T15:11:18Z</time></trkpt>
      <trkpt lat="42.091377" lon="-80.009305"><ele>337</ele><time>2026-07-13T15:11:22Z</time></trkpt>
      <trkpt lat="42.091915" lon="-80.008431"><ele>337.49</ele><time>2026-07-13T15:11:28Z</time></trkpt>
      <trkpt lat="42.092476" lon="-80.007472"><ele>338</ele><time>2026-07-13T15:11:34Z</time></trkpt>
      <trkpt lat="42.092965" lon="-80.00659"><ele>338.63</ele><time>2026-07-13T15:11:39Z</time></trkpt>
      <trkpt lat="42.09314" lon="-80.006228"><ele>338.81</ele><time>2026-07-13T15:11:42Z</time></trkpt>
      <trkpt lat="42.093488" lon="-80.005562"><ele>339.17</ele><time>2026-07-13T15:11:46Z</time></trkpt>
      <trkpt lat="42.095476" lon="-80.001426"><ele>339</ele><time>2026-07-13T15:12:00Z</time></trkpt>
      <trkpt lat="42.095849" lon="-80.000693"><ele>338.77</ele><time>2026-07-13T15:12:05Z</time></trkpt>
      <trkpt lat="42.098351" lon="-79.995484"><ele>343</ele><time>2026-07-13T15:12:23Z</time></trkpt>
      <trkpt lat="42.099066" lon="-79.993994"><ele>341.78</ele><time>2026-07-13T15:12:30Z</time></trkpt>
      <trkpt lat="42.09978" lon="-79.992503"><ele>337.99</ele><time>2026-07-13T15:12:37Z</time></trkpt>
      <trkpt lat="42.100496" lon="-79.991146"><ele>334.17</ele><time>2026-07-13T15:12:43Z</time></trkpt>
      <trkpt lat="42.101164" lon="-79.989977"><ele>332</ele><time>2026-07-13T15:12:49Z</time></trkpt>
      <trkpt lat="42.101759" lon="-79.988993"><ele>333</ele><time>2026-07-13T15:12:55Z</time></trkpt>
      <trkpt lat="42.102168" lon="-79.98835"><ele>334.24</ele><time>2026-07-13T15:12:59Z</time></trkpt>
      <trkpt lat="42.102769" lon="-79.987444"><ele>338</ele><time>2026-07-13T15:13:05Z</time></trkpt>
      <trkpt lat="42.10468" lon="-79.984517"><ele>346.79</ele><time>2026-07-13T15:13:15Z</time></trkpt>
      <trkpt lat="42.10744" lon="-79.980301"><ele>354.75</ele><time>2026-07-13T15:13:31Z</time></trkpt>
      <trkpt lat="42.110709" lon="-79.975316"><ele>360.96</ele><time>2026-07-13T15:13:47Z</time></trkpt>
      <trkpt lat="42.1137" lon="-79.970741"><ele>357.71</ele><time>2026-07-13T15:14:04Z</time></trkpt>
      <trkpt lat="42.115888" lon="-79.967406"><ele>351</ele><time>2026-07-13T15:14:15Z</time></trkpt>
      <trkpt lat="42.116672" lon="-79.966213"><ele>350</ele><time>2026-07-13T15:14:21Z</time></trkpt>
      <trkpt lat="42.117204" lon="-79.965355"><ele>349</ele><time>2026-07-13T15:14:26Z</time></trkpt>
      <trkpt lat="42.118156" lon="-79.9639"><ele>347.85</ele><time>2026-07-13T15:14:33Z</time></trkpt>
      <trkpt lat="42.118534" lon="-79.963296"><ele>348</ele><time>2026-07-13T15:14:37Z</time></trkpt>
      <trkpt lat="42.119451" lon="-79.961884"><ele>350</ele><time>2026-07-13T15:14:44Z</time></trkpt>
      <trkpt lat="42.119987" lon="-79.961083"><ele>350.53</ele><time>2026-07-13T15:14:49Z</time></trkpt>
      <trkpt lat="42.120437" lon="-79.960379"><ele>350.98</ele><time>2026-07-13T15:14:53Z</time></trkpt>
      <trkpt lat="42.121664" lon="-79.958503"><ele>347.29</ele><time>2026-07-13T15:15:01Z</time></trkpt>
      <trkpt lat="42.12194" lon="-79.958097"><ele>345.96</ele><time>2026-07-13T15:15:04Z</time></trkpt>
      <trkpt lat="42.122314" lon="-79.957516"><ele>344.08</ele><time>2026-07-13T15:15:08Z</time></trkpt>
      <trkpt lat="42.123009" lon="-79.956382"><ele>340.03</ele><time>2026-07-13T15:15:14Z</time></trkpt>
      <trkpt lat="42.123358" lon="-79.955783"><ele>338.49</ele><time>2026-07-13T15:15:18Z</time></trkpt>
      <trkpt lat="42.123965" lon="-79.954684"><ele>335.02</ele><time>2026-07-13T15:15:24Z</time></trkpt>
      <trkpt lat="42.124425" lon="-79.953812"><ele>332.01</ele><time>2026-07-13T15:15:29Z</time></trkpt>
      <trkpt lat="42.125287" lon="-79.952123"><ele>327.17</ele><time>2026-07-13T15:15:37Z</time></trkpt>
      <trkpt lat="42.125797" lon="-79.951154"><ele>325.63</ele><time>2026-07-13T15:15:42Z</time></trkpt>
      <trkpt lat="42.126137" lon="-79.950508"><ele>322.22</ele><time>2026-07-13T15:15:46Z</time></trkpt>
      <trkpt lat="42.127397" lon="-79.948049"><ele>317.65</ele><time>2026-07-13T15:15:55Z</time></trkpt>
      <trkpt lat="42.127977" lon="-79.946884"><ele>317.15</ele><time>2026-07-13T15:16:01Z</time></trkpt>
      <trkpt lat="42.128558" lon="-79.945718"><ele>318.76</ele><time>2026-07-13T15:16:07Z</time></trkpt>
      <trkpt lat="42.131153" lon="-79.940618"><ele>333</ele><time>2026-07-13T15:16:25Z</time></trkpt>
      <trkpt lat="42.133454" lon="-79.936113"><ele>337</ele><time>2026-07-13T15:16:40Z</time></trkpt>
      <trkpt lat="42.134312" lon="-79.934433"><ele>335.53</ele><time>2026-07-13T15:16:47Z</time></trkpt>
      <trkpt lat="42.13484" lon="-79.933359"><ele>334.89</ele><time>2026-07-13T15:16:53Z</time></trkpt>
      <trkpt lat="42.135434" lon="-79.932077"><ele>332.88</ele><time>2026-07-13T15:16:59Z</time></trkpt>
      <trkpt lat="42.136818" lon="-79.929036"><ele>336</ele><time>2026-07-13T15:17:09Z</time></trkpt>
      <trkpt lat="42.137782" lon="-79.926892"><ele>338.96</ele><time>2026-07-13T15:17:17Z</time></trkpt>
      <trkpt lat="42.138301" lon="-79.925772"><ele>340</ele><time>2026-07-13T15:17:22Z</time></trkpt>
      <trkpt lat="42.139515" lon="-79.923092"><ele>342.18</ele><time>2026-07-13T15:17:30Z</time></trkpt>
      <trkpt lat="42.141081" lon="-79.919656"><ele>347.86</ele><time>2026-07-13T15:17:41Z</time></trkpt>
      <trkpt lat="42.146559" lon="-79.907613"><ele>362.78</ele><time>2026-07-13T15:18:17Z</time></trkpt>
      <trkpt lat="42.148231" lon="-79.903937"><ele>365</ele><time>2026-07-13T15:18:28Z</time></trkpt>
      <trkpt lat="42.148544" lon="-79.903215"><ele>365.07</ele><time>2026-07-13T15:18:32Z</time></trkpt>
      <trkpt lat="42.149618" lon="-79.900846"><ele>366.89</ele><time>2026-07-13T15:18:41Z</time></trkpt>
      <trkpt lat="42.14979" lon="-79.900451"><ele>365.5</ele><time>2026-07-13T15:18:44Z</time></trkpt>
      <trkpt lat="42.14993" lon="-79.900148"><ele>368</ele><time>2026-07-13T15:18:46Z</time></trkpt>
      <trkpt lat="42.151044" lon="-79.897719"><ele>372.94</ele><time>2026-07-13T15:18:55Z</time></trkpt>
      <trkpt lat="42.151474" lon="-79.896745"><ele>374</ele><time>2026-07-13T15:19:00Z</time></trkpt>
      <trkpt lat="42.151773" lon="-79.896153"><ele>375.22</ele><time>2026-07-13T15:19:04Z</time></trkpt>
      <trkpt lat="42.152626" lon="-79.894274"><ele>379</ele><time>2026-07-13T15:19:11Z</time></trkpt>
      <trkpt lat="42.153312" lon="-79.89276"><ele>379.95</ele><time>2026-07-13T15:19:18Z</time></trkpt>
      <trkpt lat="42.155792" lon="-79.887316"><ele>377</ele><time>2026-07-13T15:19:34Z</time></trkpt>
      <trkpt lat="42.157138" lon="-79.884341"><ele>379.12</ele><time>2026-07-13T15:19:43Z</time></trkpt>
      <trkpt lat="42.157737" lon="-79.883029"><ele>381.46</ele><time>2026-07-13T15:19:49Z</time></trkpt>
      <trkpt lat="42.158269" lon="-79.881841"><ele>382.39</ele><time>2026-07-13T15:19:54Z</time></trkpt>
      <trkpt lat="42.158867" lon="-79.880546"><ele>382.98</ele><time>2026-07-13T15:20:00Z</time></trkpt>
      <trkpt lat="42.159765" lon="-79.878544"><ele>381.68</ele><time>2026-07-13T15:20:07Z</time></trkpt>
      <trkpt lat="42.160178" lon="-79.877533"><ele>381</ele><time>2026-07-13T15:20:12Z</time></trkpt>
      <trkpt lat="42.160481" lon="-79.876754"><ele>380</ele><time>2026-07-13T15:20:16Z</time></trkpt>
      <trkpt lat="42.160734" lon="-79.876079"><ele>379.13</ele><time>2026-07-13T15:20:20Z</time></trkpt>
      <trkpt lat="42.16105" lon="-79.875176"><ele>380</ele><time>2026-07-13T15:20:25Z</time></trkpt>
      <trkpt lat="42.161412" lon="-79.874086"><ele>380.32</ele><time>2026-07-13T15:20:30Z</time></trkpt>
      <trkpt lat="42.161708" lon="-79.873149"><ele>380.99</ele><time>2026-07-13T15:20:35Z</time></trkpt>
      <trkpt lat="42.161904" lon="-79.872525"><ele>379.34</ele><time>2026-07-13T15:20:38Z</time></trkpt>
      <trkpt lat="42.162226" lon="-79.871497"><ele>382</ele><time>2026-07-13T15:20:43Z</time></trkpt>
      <trkpt lat="42.162975" lon="-79.869099"><ele>383.18</ele><time>2026-07-13T15:20:52Z</time></trkpt>
      <trkpt lat="42.163205" lon="-79.868377"><ele>381.65</ele><time>2026-07-13T15:20:56Z</time></trkpt>
      <trkpt lat="42.163434" lon="-79.867654"><ele>383.71</ele><time>2026-07-13T15:21:00Z</time></trkpt>
      <trkpt lat="42.165963" lon="-79.859569"><ele>381</ele><time>2026-07-13T15:21:23Z</time></trkpt>
      <trkpt lat="42.166806" lon="-79.856846"><ele>383</ele><time>2026-07-13T15:21:31Z</time></trkpt>
      <trkpt lat="42.167401" lon="-79.854979"><ele>378.79</ele><time>2026-07-13T15:21:38Z</time></trkpt>
      <trkpt lat="42.167606" lon="-79.854375"><ele>377.04</ele><time>2026-07-13T15:21:41Z</time></trkpt>
      <trkpt lat="42.167981" lon="-79.853374"><ele>375</ele><time>2026-07-13T15:21:46Z</time></trkpt>
      <trkpt lat="42.168332" lon="-79.852561"><ele>372.34</ele><time>2026-07-13T15:21:50Z</time></trkpt>
      <trkpt lat="42.168702" lon="-79.851768"><ele>371.32</ele><time>2026-07-13T15:21:54Z</time></trkpt>
      <trkpt lat="42.168979" lon="-79.851229"><ele>371.56</ele><time>2026-07-13T15:21:58Z</time></trkpt>
      <trkpt lat="42.169316" lon="-79.850619"><ele>372</ele><time>2026-07-13T15:22:02Z</time></trkpt>
      <trkpt lat="42.16972" lon="-79.849929"><ele>373</ele><time>2026-07-13T15:22:06Z</time></trkpt>
      <trkpt lat="42.170105" lon="-79.84934"><ele>373.65</ele><time>2026-07-13T15:22:10Z</time></trkpt>
      <trkpt lat="42.170482" lon="-79.848784"><ele>374.62</ele><time>2026-07-13T15:22:14Z</time></trkpt>
      <trkpt lat="42.170836" lon="-79.848304"><ele>375.41</ele><time>2026-07-13T15:22:18Z</time></trkpt>
      <trkpt lat="42.171229" lon="-79.847805"><ele>376</ele><time>2026-07-13T15:22:22Z</time></trkpt>
      <trkpt lat="42.171538" lon="-79.847447"><ele>376.51</ele><time>2026-07-13T15:22:25Z</time></trkpt>
      <trkpt lat="42.171949" lon="-79.846992"><ele>377.04</ele><time>2026-07-13T15:22:29Z</time></trkpt>
      <trkpt lat="42.172361" lon="-79.846559"><ele>378</ele><time>2026-07-13T15:22:33Z</time></trkpt>
      <trkpt lat="42.172751" lon="-79.846181"><ele>378.83</ele><time>2026-07-13T15:22:37Z</time></trkpt>
      <trkpt lat="42.174651" lon="-79.84442"><ele>377.76</ele><time>2026-07-13T15:22:46Z</time></trkpt>
      <trkpt lat="42.176869" lon="-79.842339"><ele>371.96</ele><time>2026-07-13T15:22:56Z</time></trkpt>
      <trkpt lat="42.178098" lon="-79.841211"><ele>368.72</ele><time>2026-07-13T15:23:03Z</time></trkpt>
      <trkpt lat="42.178815" lon="-79.840538"><ele>367</ele><time>2026-07-13T15:23:08Z</time></trkpt>
      <trkpt lat="42.18042" lon="-79.839055"><ele>361</ele><time>2026-07-13T15:23:15Z</time></trkpt>
      <trkpt lat="42.180866" lon="-79.838614"><ele>359.01</ele><time>2026-07-13T15:23:19Z</time></trkpt>
      <trkpt lat="42.181207" lon="-79.838259"><ele>358</ele><time>2026-07-13T15:23:22Z</time></trkpt>
      <trkpt lat="42.18156" lon="-79.837875"><ele>356</ele><time>2026-07-13T15:23:25Z</time></trkpt>
      <trkpt lat="42.182145" lon="-79.837202"><ele>353.97</ele><time>2026-07-13T15:23:30Z</time></trkpt>
      <trkpt lat="42.183055" lon="-79.836066"><ele>349</ele><time>2026-07-13T15:23:37Z</time></trkpt>
      <trkpt lat="42.18458" lon="-79.834116"><ele>342.88</ele><time>2026-07-13T15:23:45Z</time></trkpt>
      <trkpt lat="42.185387" lon="-79.833097"><ele>340</ele><time>2026-07-13T15:23:51Z</time></trkpt>
      <trkpt lat="42.186523" lon="-79.831628"><ele>335.76</ele><time>2026-07-13T15:23:58Z</time></trkpt>
      <trkpt lat="42.187083" lon="-79.830966"><ele>334</ele><time>2026-07-13T15:24:03Z</time></trkpt>
      <trkpt lat="42.188044" lon="-79.82973"><ele>328.77</ele><time>2026-07-13T15:24:10Z</time></trkpt>
      <trkpt lat="42.188388" lon="-79.829298"><ele>328.99</ele><time>2026-07-13T15:24:13Z</time></trkpt>
      <trkpt lat="42.189629" lon="-79.827696"><ele>324.2</ele><time>2026-07-13T15:24:20Z</time></trkpt>
      <trkpt lat="42.193151" lon="-79.823278"><ele>308.65</ele><time>2026-07-13T15:24:38Z</time></trkpt>
      <trkpt lat="42.193913" lon="-79.822338"><ele>305.39</ele><time>2026-07-13T15:24:43Z</time></trkpt>
      <trkpt lat="42.194455" lon="-79.82171"><ele>303.01</ele><time>2026-07-13T15:24:48Z</time></trkpt>
      <trkpt lat="42.195168" lon="-79.820937"><ele>300</ele><time>2026-07-13T15:24:53Z</time></trkpt>
      <trkpt lat="42.196109" lon="-79.819909"><ele>298.93</ele><time>2026-07-13T15:24:59Z</time></trkpt>
      <trkpt lat="42.197229" lon="-79.818647"><ele>297.63</ele><time>2026-07-13T15:25:05Z</time></trkpt>
      <trkpt lat="42.197999" lon="-79.817828"><ele>296.76</ele><time>2026-07-13T15:25:11Z</time></trkpt>
      <trkpt lat="42.199522" lon="-79.816257"><ele>295.08</ele><time>2026-07-13T15:25:19Z</time></trkpt>
      <trkpt lat="42.201045" lon="-79.814609"><ele>293.36</ele><time>2026-07-13T15:25:27Z</time></trkpt>
      <trkpt lat="42.201992" lon="-79.813493"><ele>292.23</ele><time>2026-07-13T15:25:34Z</time></trkpt>
      <trkpt lat="42.202806" lon="-79.812459"><ele>291.22</ele><time>2026-07-13T15:25:40Z</time></trkpt>
      <trkpt lat="42.204673" lon="-79.810027"><ele>287.84</ele><time>2026-07-13T15:25:50Z</time></trkpt>
      <trkpt lat="42.205648" lon="-79.808717"><ele>286.52</ele><time>2026-07-13T15:25:56Z</time></trkpt>
      <trkpt lat="42.206611" lon="-79.807483"><ele>285.24</ele><time>2026-07-13T15:26:02Z</time></trkpt>
      <trkpt lat="42.20962" lon="-79.803554"><ele>281.21</ele><time>2026-07-13T15:26:17Z</time></trkpt>
      <trkpt lat="42.211114" lon="-79.801591"><ele>278.64</ele><time>2026-07-13T15:26:26Z</time></trkpt>
      <trkpt lat="42.213249" lon="-79.798809"><ele>273</ele><time>2026-07-13T15:26:36Z</time></trkpt>
      <trkpt lat="42.215331" lon="-79.796089"><ele>272.05</ele><time>2026-07-13T15:26:46Z</time></trkpt>
      <trkpt lat="42.215983" lon="-79.795237"><ele>269.61</ele><time>2026-07-13T15:26:52Z</time></trkpt>
      <trkpt lat="42.217234" lon="-79.793593"><ele>269.29</ele><time>2026-07-13T15:26:59Z</time></trkpt>
      <trkpt lat="42.218382" lon="-79.792092"><ele>266.64</ele><time>2026-07-13T15:27:06Z</time></trkpt>
      <trkpt lat="42.219685" lon="-79.790391"><ele>266.43</ele><time>2026-07-13T15:27:14Z</time></trkpt>
      <trkpt lat="42.222283" lon="-79.786993"><ele>262.17</ele><time>2026-07-13T15:27:27Z</time></trkpt>
      <trkpt lat="42.222949" lon="-79.786141"><ele>261.53</ele><time>2026-07-13T15:27:32Z</time></trkpt>
      <trkpt lat="42.223176" lon="-79.785867"><ele>261.6</ele><time>2026-07-13T15:27:35Z</time></trkpt>
      <trkpt lat="42.22346" lon="-79.785545"><ele>262</ele><time>2026-07-13T15:27:38Z</time></trkpt>
      <trkpt lat="42.223794" lon="-79.785184"><ele>262.94</ele><time>2026-07-13T15:27:41Z</time></trkpt>
      <trkpt lat="42.224142" lon="-79.784822"><ele>261.18</ele><time>2026-07-13T15:27:44Z</time></trkpt>
      <trkpt lat="42.224413" lon="-79.784561"><ele>261</ele><time>2026-07-13T15:27:47Z</time></trkpt>
      <trkpt lat="42.224815" lon="-79.784194"><ele>261</ele><time>2026-07-13T15:27:50Z</time></trkpt>
      <trkpt lat="42.225462" lon="-79.783638"><ele>259.62</ele><time>2026-07-13T15:27:55Z</time></trkpt>
      <trkpt lat="42.225763" lon="-79.783404"><ele>259.53</ele><time>2026-07-13T15:27:58Z</time></trkpt>
      <trkpt lat="42.226146" lon="-79.783122"><ele>260</ele><time>2026-07-13T15:28:01Z</time></trkpt>
      <trkpt lat="42.226527" lon="-79.782859"><ele>260.77</ele><time>2026-07-13T15:28:04Z</time></trkpt>
      <trkpt lat="42.22689" lon="-79.782628"><ele>261.55</ele><time>2026-07-13T15:28:07Z</time></trkpt>
      <trkpt lat="42.227595" lon="-79.782207"><ele>261.82</ele><time>2026-07-13T15:28:12Z</time></trkpt>
      <trkpt lat="42.227994" lon="-79.781998"><ele>261.97</ele><time>2026-07-13T15:28:15Z</time></trkpt>
      <trkpt lat="42.228461" lon="-79.78177"><ele>262.14</ele><time>2026-07-13T15:28:19Z</time></trkpt>
      <trkpt lat="42.228961" lon="-79.781557"><ele>262.32</ele><time>2026-07-13T15:28:23Z</time></trkpt>
      <trkpt lat="42.229307" lon="-79.781424"><ele>261.02</ele><time>2026-07-13T15:28:26Z</time></trkpt>
      <trkpt lat="42.231869" lon="-79.780493"><ele>257.33</ele><time>2026-07-13T15:28:36Z</time></trkpt>
      <trkpt lat="42.23241" lon="-79.780298"><ele>253.87</ele><time>2026-07-13T15:28:40Z</time></trkpt>
      <trkpt lat="42.233264" lon="-79.779993"><ele>253.86</ele><time>2026-07-13T15:28:45Z</time></trkpt>
      <trkpt lat="42.233889" lon="-79.779767"><ele>248.75</ele><time>2026-07-13T15:28:49Z</time></trkpt>
      <trkpt lat="42.23521" lon="-79.779269"><ele>244.65</ele><time>2026-07-13T15:28:55Z</time></trkpt>
      <trkpt lat="42.235632" lon="-79.779095"><ele>243.34</ele><time>2026-07-13T15:28:58Z</time></trkpt>
      <trkpt lat="42.236546" lon="-79.778638"><ele>240.4</ele><time>2026-07-13T15:29:04Z</time></trkpt>
      <trkpt lat="42.236957" lon="-79.778402"><ele>239.04</ele><time>2026-07-13T15:29:07Z</time></trkpt>
      <trkpt lat="42.23734" lon="-79.778166"><ele>237.76</ele><time>2026-07-13T15:29:10Z</time></trkpt>
      <trkpt lat="42.237772" lon="-79.777884"><ele>236.28</ele><time>2026-07-13T15:29:14Z</time></trkpt>
      <trkpt lat="42.238139" lon="-79.777622"><ele>234.99</ele><time>2026-07-13T15:29:17Z</time></trkpt>
      <trkpt lat="42.238821" lon="-79.777087"><ele>232.5</ele><time>2026-07-13T15:29:22Z</time></trkpt>
      <trkpt lat="42.239433" lon="-79.776559"><ele>230.18</ele><time>2026-07-13T15:29:26Z</time></trkpt>
      <trkpt lat="42.240111" lon="-79.775901"><ele>227.46</ele><time>2026-07-13T15:29:31Z</time></trkpt>
      <trkpt lat="42.240664" lon="-79.775306"><ele>225.1</ele><time>2026-07-13T15:29:35Z</time></trkpt>
      <trkpt lat="42.240947" lon="-79.774987"><ele>223.86</ele><time>2026-07-13T15:29:38Z</time></trkpt>
      <trkpt lat="42.241443" lon="-79.774409"><ele>223.34</ele><time>2026-07-13T15:29:43Z</time></trkpt>
      <trkpt lat="42.241739" lon="-79.774088"><ele>223.04</ele><time>2026-07-13T15:29:46Z</time></trkpt>
      <trkpt lat="42.242999" lon="-79.772619"><ele>224.51</ele><time>2026-07-13T15:29:53Z</time></trkpt>
      <trkpt lat="42.245698" lon="-79.769508"><ele>227</ele><time>2026-07-13T15:30:05Z</time></trkpt>
      <trkpt lat="42.247118" lon="-79.767868"><ele>226.87</ele><time>2026-07-13T15:30:13Z</time></trkpt>
      <trkpt lat="42.247946" lon="-79.766909"><ele>225.72</ele><time>2026-07-13T15:30:19Z</time></trkpt>
      <trkpt lat="42.249933" lon="-79.764638"><ele>222.7</ele><time>2026-07-13T15:30:28Z</time></trkpt>
      <trkpt lat="42.250765" lon="-79.763633"><ele>221.09</ele><time>2026-07-13T15:30:34Z</time></trkpt>
      <trkpt lat="42.251505" lon="-79.762718"><ele>219.99</ele><time>2026-07-13T15:30:39Z</time></trkpt>
      <trkpt lat="42.252183" lon="-79.761912"><ele>218.9</ele><time>2026-07-13T15:30:44Z</time></trkpt>
      <trkpt lat="42.252754" lon="-79.761251"><ele>217</ele><time>2026-07-13T15:30:49Z</time></trkpt>
      <trkpt lat="42.253432" lon="-79.760427"><ele>215.22</ele><time>2026-07-13T15:30:55Z</time></trkpt>
      <trkpt lat="42.254754" lon="-79.758582"><ele>211.9</ele><time>2026-07-13T15:31:02Z</time></trkpt>
      <trkpt lat="42.255815" lon="-79.756882"><ele>209.6</ele><time>2026-07-13T15:31:09Z</time></trkpt>
      <trkpt lat="42.256685" lon="-79.755217"><ele>208.78</ele><time>2026-07-13T15:31:15Z</time></trkpt>
      <trkpt lat="42.257187" lon="-79.754161"><ele>207.96</ele><time>2026-07-13T15:31:20Z</time></trkpt>
      <trkpt lat="42.259646" lon="-79.748659"><ele>205.88</ele><time>2026-07-13T15:31:38Z</time></trkpt>
      <trkpt lat="42.260693" lon="-79.746334"><ele>205.92</ele><time>2026-07-13T15:31:46Z</time></trkpt>
      <trkpt lat="42.261506" lon="-79.744677"><ele>206.93</ele><time>2026-07-13T15:31:53Z</time></trkpt>
      <trkpt lat="42.26239" lon="-79.743032"><ele>206.97</ele><time>2026-07-13T15:31:59Z</time></trkpt>
      <trkpt lat="42.263482" lon="-79.741287"><ele>205.76</ele><time>2026-07-13T15:32:06Z</time></trkpt>
      <trkpt lat="42.264057" lon="-79.740401"><ele>204.97</ele><time>2026-07-13T15:32:12Z</time></trkpt>
      <trkpt lat="42.264638" lon="-79.739528"><ele>205</ele><time>2026-07-13T15:32:17Z</time></trkpt>
      <trkpt lat="42.264973" lon="-79.739036"><ele>204</ele><time>2026-07-13T15:32:21Z</time></trkpt>
      <trkpt lat="42.265875" lon="-79.737665"><ele>203.61</ele><time>2026-07-13T15:32:28Z</time></trkpt>
      <trkpt lat="42.266597" lon="-79.736508"><ele>202.95</ele><time>2026-07-13T15:32:34Z</time></trkpt>
      <trkpt lat="42.268148" lon="-79.733885"><ele>201.91</ele><time>2026-07-13T15:32:42Z</time></trkpt>
      <trkpt lat="42.268986" lon="-79.732377"><ele>202.35</ele><time>2026-07-13T15:32:48Z</time></trkpt>
      <trkpt lat="42.269703" lon="-79.730973"><ele>203</ele><time>2026-07-13T15:32:54Z</time></trkpt>
      <trkpt lat="42.27038" lon="-79.729507"><ele>203.79</ele><time>2026-07-13T15:33:00Z</time></trkpt>
      <trkpt lat="42.271028" lon="-79.728026"><ele>202.93</ele><time>2026-07-13T15:33:06Z</time></trkpt>
      <trkpt lat="42.271537" lon="-79.726779"><ele>202.87</ele><time>2026-07-13T15:33:12Z</time></trkpt>
      <trkpt lat="42.27201" lon="-79.725491"><ele>201.82</ele><time>2026-07-13T15:33:18Z</time></trkpt>
      <trkpt lat="42.272679" lon="-79.723526"><ele>201.89</ele><time>2026-07-13T15:33:25Z</time></trkpt>
      <trkpt lat="42.273301" lon="-79.721434"><ele>202.76</ele><time>2026-07-13T15:33:33Z</time></trkpt>
      <trkpt lat="42.273898" lon="-79.719031"><ele>203.99</ele><time>2026-07-13T15:33:40Z</time></trkpt>
      <trkpt lat="42.274436" lon="-79.716751"><ele>204.67</ele><time>2026-07-13T15:33:48Z</time></trkpt>
      <trkpt lat="42.275864" lon="-79.710511"><ele>207.79</ele><time>2026-07-13T15:34:05Z</time></trkpt>
      <trkpt lat="42.276826" lon="-79.706311"><ele>207</ele><time>2026-07-13T15:34:17Z</time></trkpt>
      <trkpt lat="42.277537" lon="-79.703719"><ele>207.05</ele><time>2026-07-13T15:34:25Z</time></trkpt>
      <trkpt lat="42.278255" lon="-79.701573"><ele>208.33</ele><time>2026-07-13T15:34:32Z</time></trkpt>
      <trkpt lat="42.278953" lon="-79.69983"><ele>208.58</ele><time>2026-07-13T15:34:39Z</time></trkpt>
      <trkpt lat="42.279906" lon="-79.697659"><ele>209.48</ele><time>2026-07-13T15:34:47Z</time></trkpt>
      <trkpt lat="42.281494" lon="-79.694638"><ele>208.28</ele><time>2026-07-13T15:34:56Z</time></trkpt>
      <trkpt lat="42.282414" lon="-79.693041"><ele>209.33</ele><time>2026-07-13T15:35:03Z</time></trkpt>
      <trkpt lat="42.286808" lon="-79.686244"><ele>205.42</ele><time>2026-07-13T15:35:28Z</time></trkpt>
      <trkpt lat="42.287697" lon="-79.684853"><ele>205</ele><time>2026-07-13T15:35:35Z</time></trkpt>
      <trkpt lat="42.288809" lon="-79.682896"><ele>205</ele><time>2026-07-13T15:35:42Z</time></trkpt>
      <trkpt lat="42.289647" lon="-79.681291"><ele>205.66</ele><time>2026-07-13T15:35:48Z</time></trkpt>
      <trkpt lat="42.290345" lon="-79.679789"><ele>206.58</ele><time>2026-07-13T15:35:54Z</time></trkpt>
      <trkpt lat="42.291018" lon="-79.678244"><ele>206.84</ele><time>2026-07-13T15:36:01Z</time></trkpt>
      <trkpt lat="42.292269" lon="-79.675111"><ele>206</ele><time>2026-07-13T15:36:11Z</time></trkpt>
      <trkpt lat="42.2939" lon="-79.670455"><ele>204</ele><time>2026-07-13T15:36:25Z</time></trkpt>
      <trkpt lat="42.29625" lon="-79.663782"><ele>208.1</ele><time>2026-07-13T15:36:45Z</time></trkpt>
      <trkpt lat="42.298106" lon="-79.658484"><ele>206</ele><time>2026-07-13T15:37:01Z</time></trkpt>
      <trkpt lat="42.298814" lon="-79.65646"><ele>206.95</ele><time>2026-07-13T15:37:09Z</time></trkpt>
      <trkpt lat="42.299838" lon="-79.653888"><ele>208.44</ele><time>2026-07-13T15:37:17Z</time></trkpt>
      <trkpt lat="42.300478" lon="-79.65228"><ele>207.69</ele><time>2026-07-13T15:37:24Z</time></trkpt>
      <trkpt lat="42.302141" lon="-79.648547"><ele>205.92</ele><time>2026-07-13T15:37:36Z</time></trkpt>
      <trkpt lat="42.303753" lon="-79.645268"><ele>204.79</ele><time>2026-07-13T15:37:46Z</time></trkpt>
      <trkpt lat="42.305036" lon="-79.642951"><ele>203.89</ele><time>2026-07-13T15:37:54Z</time></trkpt>
      <trkpt lat="42.306083" lon="-79.641019"><ele>204.83</ele><time>2026-07-13T15:38:02Z</time></trkpt>
      <trkpt lat="42.306845" lon="-79.639363"><ele>205.29</ele><time>2026-07-13T15:38:09Z</time></trkpt>
      <trkpt lat="42.307505" lon="-79.637672"><ele>204.44</ele><time>2026-07-13T15:38:15Z</time></trkpt>
      <trkpt lat="42.308116" lon="-79.635865"><ele>202.82</ele><time>2026-07-13T15:38:21Z</time></trkpt>
      <trkpt lat="42.308507" lon="-79.634646"><ele>202</ele><time>2026-07-13T15:38:26Z</time></trkpt>
      <trkpt lat="42.309039" lon="-79.632956"><ele>200.91</ele><time>2026-07-13T15:38:32Z</time></trkpt>
      <trkpt lat="42.309464" lon="-79.631604"><ele>203</ele><time>2026-07-13T15:38:38Z</time></trkpt>
      <trkpt lat="42.310634" lon="-79.627887"><ele>204</ele><time>2026-07-13T15:38:50Z</time></trkpt>
      <trkpt lat="42.311205" lon="-79.626145"><ele>203.98</ele><time>2026-07-13T15:38:57Z</time></trkpt>
      <trkpt lat="42.31165" lon="-79.624686"><ele>203.38</ele><time>2026-07-13T15:39:03Z</time></trkpt>
      <trkpt lat="42.31203" lon="-79.623596"><ele>203</ele><time>2026-07-13T15:39:09Z</time></trkpt>
      <trkpt lat="42.312614" lon="-79.622137"><ele>202.76</ele><time>2026-07-13T15:39:15Z</time></trkpt>
      <trkpt lat="42.31349" lon="-79.620274"><ele>203.58</ele><time>2026-07-13T15:39:23Z</time></trkpt>
      <trkpt lat="42.314474" lon="-79.618446"><ele>204.49</ele><time>2026-07-13T15:39:31Z</time></trkpt>
      <trkpt lat="42.315407" lon="-79.616987"><ele>204.41</ele><time>2026-07-13T15:39:38Z</time></trkpt>
      <trkpt lat="42.3166" lon="-79.615416"><ele>203.51</ele><time>2026-07-13T15:39:46Z</time></trkpt>
      <trkpt lat="42.318415" lon="-79.613208"><ele>200.91</ele><time>2026-07-13T15:39:54Z</time></trkpt>
      <trkpt lat="42.319019" lon="-79.612472"><ele>202.44</ele><time>2026-07-13T15:39:59Z</time></trkpt>
      <trkpt lat="42.321438" lon="-79.609527"><ele>203</ele><time>2026-07-13T15:40:12Z</time></trkpt>
      <trkpt lat="42.323454" lon="-79.607073"><ele>200.99</ele><time>2026-07-13T15:40:22Z</time></trkpt>
      <trkpt lat="42.324419" lon="-79.605863"><ele>199</ele><time>2026-07-13T15:40:28Z</time></trkpt>
      <trkpt lat="42.325472" lon="-79.604447"><ele>198</ele><time>2026-07-13T15:40:35Z</time></trkpt>
      <trkpt lat="42.3265" lon="-79.603005"><ele>197.97</ele><time>2026-07-13T15:40:42Z</time></trkpt>
      <trkpt lat="42.32834" lon="-79.600138"><ele>199.54</ele><time>2026-07-13T15:40:52Z</time></trkpt>
      <trkpt lat="42.330098" lon="-79.597289"><ele>197.96</ele><time>2026-07-13T15:41:03Z</time></trkpt>
      <trkpt lat="42.332405" lon="-79.593395"><ele>195.71</ele><time>2026-07-13T15:41:16Z</time></trkpt>
      <trkpt lat="42.332568" lon="-79.59312"><ele>193.09</ele><time>2026-07-13T15:41:18Z</time></trkpt>
      <trkpt lat="42.333345" lon="-79.591834"><ele>193.86</ele><time>2026-07-13T15:41:24Z</time></trkpt>
      <trkpt lat="42.334169" lon="-79.590486"><ele>196</ele><time>2026-07-13T15:41:31Z</time></trkpt>
      <trkpt lat="42.337225" lon="-79.585463"><ele>200</ele><time>2026-07-13T15:41:48Z</time></trkpt>
      <trkpt lat="42.338289" lon="-79.58371"><ele>199</ele><time>2026-07-13T15:41:55Z</time></trkpt>
      <trkpt lat="42.339983" lon="-79.580878"><ele>198</ele><time>2026-07-13T15:42:04Z</time></trkpt>
      <trkpt lat="42.340618" lon="-79.57965"><ele>199.61</ele><time>2026-07-13T15:42:10Z</time></trkpt>
      <trkpt lat="42.341652" lon="-79.577367"><ele>201.92</ele><time>2026-07-13T15:42:18Z</time></trkpt>
      <trkpt lat="42.342464" lon="-79.575136"><ele>201.69</ele><time>2026-07-13T15:42:26Z</time></trkpt>
      <trkpt lat="42.343111" lon="-79.573016"><ele>201</ele><time>2026-07-13T15:42:34Z</time></trkpt>
      <trkpt lat="42.343682" lon="-79.570724"><ele>200.94</ele><time>2026-07-13T15:42:42Z</time></trkpt>
      <trkpt lat="42.345065" lon="-79.564175"><ele>204.96</ele><time>2026-07-13T15:43:01Z</time></trkpt>
      <trkpt lat="42.345288" lon="-79.563197"><ele>204.39</ele><time>2026-07-13T15:43:06Z</time></trkpt>
      <trkpt lat="42.345585" lon="-79.561892"><ele>205.98</ele><time>2026-07-13T15:43:11Z</time></trkpt>
      <trkpt lat="42.346092" lon="-79.559901"><ele>206.81</ele><time>2026-07-13T15:43:17Z</time></trkpt>
      <trkpt lat="42.347069" lon="-79.556691"><ele>205.72</ele><time>2026-07-13T15:43:27Z</time></trkpt>
      <trkpt lat="42.347672" lon="-79.554802"><ele>205</ele><time>2026-07-13T15:43:34Z</time></trkpt>
      <trkpt lat="42.348414" lon="-79.552931"><ele>206</ele><time>2026-07-13T15:43:41Z</time></trkpt>
      <trkpt lat="42.34934" lon="-79.550545"><ele>207</ele><time>2026-07-13T15:43:49Z</time></trkpt>
      <trkpt lat="42.349617" lon="-79.549911"><ele>208.2</ele><time>2026-07-13T15:43:53Z</time></trkpt>
      <trkpt lat="42.350723" lon="-79.547372"><ele>207.98</ele><time>2026-07-13T15:44:01Z</time></trkpt>
      <trkpt lat="42.352382" lon="-79.543565"><ele>205.68</ele><time>2026-07-13T15:44:14Z</time></trkpt>
      <trkpt lat="42.354986" lon="-79.537585"><ele>209</ele><time>2026-07-13T15:44:32Z</time></trkpt>
      <trkpt lat="42.356482" lon="-79.534521"><ele>210.19</ele><time>2026-07-13T15:44:42Z</time></trkpt>
      <trkpt lat="42.357903" lon="-79.53186"><ele>210.47</ele><time>2026-07-13T15:44:51Z</time></trkpt>
      <trkpt lat="42.358578" lon="-79.530706"><ele>211.98</ele><time>2026-07-13T15:44:57Z</time></trkpt>
      <trkpt lat="42.360098" lon="-79.528109"><ele>210.97</ele><time>2026-07-13T15:45:05Z</time></trkpt>
      <trkpt lat="42.361791" lon="-79.525508"><ele>209</ele><time>2026-07-13T15:45:14Z</time></trkpt>
      <trkpt lat="42.365376" lon="-79.520264"><ele>211</ele><time>2026-07-13T15:45:33Z</time></trkpt>
      <trkpt lat="42.367594" lon="-79.51702"><ele>208.9</ele><time>2026-07-13T15:45:44Z</time></trkpt>
      <trkpt lat="42.370922" lon="-79.511628"><ele>209.89</ele><time>2026-07-13T15:46:04Z</time></trkpt>
      <trkpt lat="42.373199" lon="-79.507939"><ele>203.57</ele><time>2026-07-13T15:46:18Z</time></trkpt>
      <trkpt lat="42.374284" lon="-79.506111"><ele>201.81</ele><time>2026-07-13T15:46:25Z</time></trkpt>
      <trkpt lat="42.375913" lon="-79.503038"><ele>203</ele><time>2026-07-13T15:46:36Z</time></trkpt>
      <trkpt lat="42.377517" lon="-79.499588"><ele>204.92</ele><time>2026-07-13T15:46:46Z</time></trkpt>
      <trkpt lat="42.378766" lon="-79.496541"><ele>205.94</ele><time>2026-07-13T15:46:55Z</time></trkpt>
      <trkpt lat="42.379698" lon="-79.494077"><ele>207.01</ele><time>2026-07-13T15:47:03Z</time></trkpt>
      <trkpt lat="42.38032" lon="-79.492575"><ele>207.87</ele><time>2026-07-13T15:47:10Z</time></trkpt>
      <trkpt lat="42.380912" lon="-79.49127"><ele>207.76</ele><time>2026-07-13T15:47:16Z</time></trkpt>
      <trkpt lat="42.381207" lon="-79.490618"><ele>205.99</ele><time>2026-07-13T15:47:20Z</time></trkpt>
      <trkpt lat="42.382177" lon="-79.488747"><ele>203</ele><time>2026-07-13T15:47:28Z</time></trkpt>
      <trkpt lat="42.382837" lon="-79.487571"><ele>200.22</ele><time>2026-07-13T15:47:34Z</time></trkpt>
      <trkpt lat="42.383934" lon="-79.485743"><ele>201.07</ele><time>2026-07-13T15:47:41Z</time></trkpt>
      <trkpt lat="42.385468" lon="-79.483477"><ele>201.94</ele><time>2026-07-13T15:47:50Z</time></trkpt>
      <trkpt lat="42.387268" lon="-79.480762"><ele>203.66</ele><time>2026-07-13T15:47:59Z</time></trkpt>
      <trkpt lat="42.387978" lon="-79.479683"><ele>202.79</ele><time>2026-07-13T15:48:05Z</time></trkpt>
      <trkpt lat="42.388739" lon="-79.47843"><ele>202.6</ele><time>2026-07-13T15:48:11Z</time></trkpt>
      <trkpt lat="42.389671" lon="-79.476714"><ele>202</ele><time>2026-07-13T15:48:18Z</time></trkpt>
      <trkpt lat="42.3904" lon="-79.475255"><ele>201</ele><time>2026-07-13T15:48:24Z</time></trkpt>
      <trkpt lat="42.393018" lon="-79.469606"><ele>198</ele><time>2026-07-13T15:48:43Z</time></trkpt>
      <trkpt lat="42.395054" lon="-79.465213"><ele>198.9</ele><time>2026-07-13T15:48:56Z</time></trkpt>
      <trkpt lat="42.395908" lon="-79.462981"><ele>200.63</ele><time>2026-07-13T15:49:04Z</time></trkpt>
      <trkpt lat="42.396466" lon="-79.46123"><ele>203</ele><time>2026-07-13T15:49:11Z</time></trkpt>
      <trkpt lat="42.397024" lon="-79.45923"><ele>205.93</ele><time>2026-07-13T15:49:19Z</time></trkpt>
      <trkpt lat="42.397512" lon="-79.457282"><ele>207.58</ele><time>2026-07-13T15:49:26Z</time></trkpt>
      <trkpt lat="42.397975" lon="-79.455822"><ele>206.56</ele><time>2026-07-13T15:49:32Z</time></trkpt>
      <trkpt lat="42.398697" lon="-79.453865"><ele>205.99</ele><time>2026-07-13T15:49:39Z</time></trkpt>
      <trkpt lat="42.399477" lon="-79.452166"><ele>205</ele><time>2026-07-13T15:49:46Z</time></trkpt>
      <trkpt lat="42.399794" lon="-79.451565"><ele>204.98</ele><time>2026-07-13T15:49:50Z</time></trkpt>
      <trkpt lat="42.400269" lon="-79.450664"><ele>202.14</ele><time>2026-07-13T15:49:55Z</time></trkpt>
      <trkpt lat="42.401093" lon="-79.449308"><ele>204.02</ele><time>2026-07-13T15:50:01Z</time></trkpt>
      <trkpt lat="42.402234" lon="-79.447703"><ele>204.48</ele><time>2026-07-13T15:50:08Z</time></trkpt>
      <trkpt lat="42.403311" lon="-79.446441"><ele>204.9</ele><time>2026-07-13T15:50:14Z</time></trkpt>
      <trkpt lat="42.403922" lon="-79.445797"><ele>205.5</ele><time>2026-07-13T15:50:19Z</time></trkpt>
      <trkpt lat="42.404532" lon="-79.445154"><ele>203.52</ele><time>2026-07-13T15:50:24Z</time></trkpt>
      <trkpt lat="42.404939" lon="-79.444724"><ele>206.3</ele><time>2026-07-13T15:50:27Z</time></trkpt>
      <trkpt lat="42.405549" lon="-79.444081"><ele>207.04</ele><time>2026-07-13T15:50:32Z</time></trkpt>
      <trkpt lat="42.406297" lon="-79.443137"><ele>205.42</ele><time>2026-07-13T15:50:38Z</time></trkpt>
      <trkpt lat="42.407355" lon="-79.441643"><ele>204</ele><time>2026-07-13T15:50:45Z</time></trkpt>
      <trkpt lat="42.407513" lon="-79.44138"><ele>205.03</ele><time>2026-07-13T15:50:47Z</time></trkpt>
      <trkpt lat="42.40783" lon="-79.440854"><ele>203.04</ele><time>2026-07-13T15:50:50Z</time></trkpt>
      <trkpt lat="42.408306" lon="-79.440064"><ele>203.04</ele><time>2026-07-13T15:50:55Z</time></trkpt>
      <trkpt lat="42.409129" lon="-79.438467"><ele>204</ele><time>2026-07-13T15:51:02Z</time></trkpt>
      <trkpt lat="42.409839" lon="-79.436802"><ele>204.98</ele><time>2026-07-13T15:51:09Z</time></trkpt>
      <trkpt lat="42.410524" lon="-79.434931"><ele>205.3</ele><time>2026-07-13T15:51:17Z</time></trkpt>
      <trkpt lat="42.411031" lon="-79.433094"><ele>206.14</ele><time>2026-07-13T15:51:24Z</time></trkpt>
      <trkpt lat="42.411474" lon="-79.431138"><ele>207.86</ele><time>2026-07-13T15:51:31Z</time></trkpt>
      <trkpt lat="42.411823" lon="-79.428975"><ele>211.12</ele><time>2026-07-13T15:51:38Z</time></trkpt>
      <trkpt lat="42.411988" lon="-79.42767"><ele>213.36</ele><time>2026-07-13T15:51:43Z</time></trkpt>
      <trkpt lat="42.412045" lon="-79.42702"><ele>214.87</ele><time>2026-07-13T15:51:46Z</time></trkpt>
      <trkpt lat="42.412074" lon="-79.426695"><ele>213.04</ele><time>2026-07-13T15:51:48Z</time></trkpt>
      <trkpt lat="42.412166" lon="-79.424933"><ele>214.24</ele><time>2026-07-13T15:51:54Z</time></trkpt>
      <trkpt lat="42.412342" lon="-79.421533"><ele>213.49</ele><time>2026-07-13T15:52:04Z</time></trkpt>
      <trkpt lat="42.41245" lon="-79.419946"><ele>213.14</ele><time>2026-07-13T15:52:10Z</time></trkpt>
      <trkpt lat="42.412627" lon="-79.418426"><ele>212.81</ele><time>2026-07-13T15:52:16Z</time></trkpt>
      <trkpt lat="42.412893" lon="-79.416744"><ele>212.44</ele><time>2026-07-13T15:52:22Z</time></trkpt>
      <trkpt lat="42.413185" lon="-79.415251"><ele>212.11</ele><time>2026-07-13T15:52:28Z</time></trkpt>
      <trkpt lat="42.413628" lon="-79.413525"><ele>211.73</ele><time>2026-07-13T15:52:35Z</time></trkpt>
      <trkpt lat="42.414294" lon="-79.411405"><ele>211.25</ele><time>2026-07-13T15:52:42Z</time></trkpt>
      <trkpt lat="42.414991" lon="-79.409577"><ele>210.83</ele><time>2026-07-13T15:52:49Z</time></trkpt>
      <trkpt lat="42.415719" lon="-79.408058"><ele>210.47</ele><time>2026-07-13T15:52:56Z</time></trkpt>
      <trkpt lat="42.416588" lon="-79.406402"><ele>210.06</ele><time>2026-07-13T15:53:03Z</time></trkpt>
      <trkpt lat="42.417367" lon="-79.405166"><ele>209.74</ele><time>2026-07-13T15:53:09Z</time></trkpt>
      <trkpt lat="42.418273" lon="-79.403835"><ele>209.39</ele><time>2026-07-13T15:53:15Z</time></trkpt>
      <trkpt lat="42.419331" lon="-79.402462"><ele>208.84</ele><time>2026-07-13T15:53:21Z</time></trkpt>
      <trkpt lat="42.42032" lon="-79.401346"><ele>208.35</ele><time>2026-07-13T15:53:28Z</time></trkpt>
      <trkpt lat="42.424356" lon="-79.397587"><ele>206.55</ele><time>2026-07-13T15:53:44Z</time></trkpt>
      <trkpt lat="42.426383" lon="-79.395527"><ele>205.6</ele><time>2026-07-13T15:53:53Z</time></trkpt>
      <trkpt lat="42.431033" lon="-79.390343"><ele>203.31</ele><time>2026-07-13T15:54:14Z</time></trkpt>
      <trkpt lat="42.433884" lon="-79.387064"><ele>201.88</ele><time>2026-07-13T15:54:29Z</time></trkpt>
      <trkpt lat="42.435043" lon="-79.385802"><ele>201.32</ele><time>2026-07-13T15:54:36Z</time></trkpt>
      <trkpt lat="42.436228" lon="-79.384643"><ele>200.78</ele><time>2026-07-13T15:54:42Z</time></trkpt>
      <trkpt lat="42.438996" lon="-79.382069"><ele>199.54</ele><time>2026-07-13T15:54:55Z</time></trkpt>
      <trkpt lat="42.440662" lon="-79.380678"><ele>198.84</ele><time>2026-07-13T15:55:04Z</time></trkpt>
      <trkpt lat="42.443385" lon="-79.378661"><ele>197.75</ele><time>2026-07-13T15:55:15Z</time></trkpt>
      <trkpt lat="42.446191" lon="-79.37667"><ele>196.67</ele><time>2026-07-13T15:55:25Z</time></trkpt>
      <trkpt lat="42.447407" lon="-79.375683"><ele>196.18</ele><time>2026-07-13T15:55:31Z</time></trkpt>
      <trkpt lat="42.449193" lon="-79.373966"><ele>195.39</ele><time>2026-07-13T15:55:39Z</time></trkpt>
      <trkpt lat="42.450688" lon="-79.372284"><ele>194.67</ele><time>2026-07-13T15:55:46Z</time></trkpt>
      <trkpt lat="42.452106" lon="-79.370396"><ele>193.91</ele><time>2026-07-13T15:55:53Z</time></trkpt>
      <trkpt lat="42.453139" lon="-79.368851"><ele>193.31</ele><time>2026-07-13T15:56:00Z</time></trkpt>
      <trkpt lat="42.45445" lon="-79.366473"><ele>192.43</ele><time>2026-07-13T15:56:08Z</time></trkpt>
      <trkpt lat="42.455374" lon="-79.364473"><ele>191.72</ele><time>2026-07-13T15:56:16Z</time></trkpt>
      <trkpt lat="42.456242" lon="-79.362242"><ele>190.94</ele><time>2026-07-13T15:56:23Z</time></trkpt>
      <trkpt lat="42.456735" lon="-79.36081"><ele>190.86</ele><time>2026-07-13T15:56:29Z</time></trkpt>
      <trkpt lat="42.457413" lon="-79.358431"><ele>192.37</ele><time>2026-07-13T15:56:36Z</time></trkpt>
      <trkpt lat="42.457983" lon="-79.355856"><ele>193.99</ele><time>2026-07-13T15:56:44Z</time></trkpt>
      <trkpt lat="42.458363" lon="-79.353556"><ele>194.99</ele><time>2026-07-13T15:56:51Z</time></trkpt>
      <trkpt lat="42.458553" lon="-79.351693"><ele>195.5</ele><time>2026-07-13T15:56:58Z</time></trkpt>
      <trkpt lat="42.458699" lon="-79.350088"><ele>196.04</ele><time>2026-07-13T15:57:04Z</time></trkpt>
      <trkpt lat="42.458762" lon="-79.348389"><ele>197</ele><time>2026-07-13T15:57:10Z</time></trkpt>
      <trkpt lat="42.458746" lon="-79.340083"><ele>201.22</ele><time>2026-07-13T15:57:33Z</time></trkpt>
      <trkpt lat="42.458743" lon="-79.338278"><ele>204</ele><time>2026-07-13T15:57:40Z</time></trkpt>
      <trkpt lat="42.458758" lon="-79.335075"><ele>208.88</ele><time>2026-07-13T15:57:48Z</time></trkpt>
      <trkpt lat="42.458761" lon="-79.334364"><ele>209</ele><time>2026-07-13T15:57:51Z</time></trkpt>
      <trkpt lat="42.458763" lon="-79.334008"><ele>206.33</ele><time>2026-07-13T15:57:53Z</time></trkpt>
      <trkpt lat="42.458765" lon="-79.333739"><ele>206.34</ele><time>2026-07-13T15:57:55Z</time></trkpt>
      <trkpt lat="42.458743" lon="-79.331737"><ele>208.5</ele><time>2026-07-13T15:58:02Z</time></trkpt>
      <trkpt lat="42.458794" lon="-79.330484"><ele>209.85</ele><time>2026-07-13T15:58:07Z</time></trkpt>
      <trkpt lat="42.45892" lon="-79.329025"><ele>211.42</ele><time>2026-07-13T15:58:13Z</time></trkpt>
      <trkpt lat="42.459142" lon="-79.327309"><ele>213.28</ele><time>2026-07-13T15:58:19Z</time></trkpt>
      <trkpt lat="42.459603" lon="-79.32469"><ele>216.14</ele><time>2026-07-13T15:58:26Z</time></trkpt>
      <trkpt lat="42.459791" lon="-79.323729"><ele>215.99</ele><time>2026-07-13T15:58:31Z</time></trkpt>
      <trkpt lat="42.460079" lon="-79.322107"><ele>215.66</ele><time>2026-07-13T15:58:38Z</time></trkpt>
      <trkpt lat="42.460364" lon="-79.320579"><ele>215.34</ele><time>2026-07-13T15:58:44Z</time></trkpt>
      <trkpt lat="42.460776" lon="-79.318005"><ele>214.81</ele><time>2026-07-13T15:58:53Z</time></trkpt>
      <trkpt lat="42.460947" lon="-79.316563"><ele>214.51</ele><time>2026-07-13T15:58:58Z</time></trkpt>
      <trkpt lat="42.461327" lon="-79.312632"><ele>213.71</ele><time>2026-07-13T15:59:09Z</time></trkpt>
      <trkpt lat="42.461357" lon="-79.312106"><ele>213.6</ele><time>2026-07-13T15:59:12Z</time></trkpt>
      <trkpt lat="42.461546" lon="-79.309751"><ele>214.91</ele><time>2026-07-13T15:59:19Z</time></trkpt>
      <trkpt lat="42.461742" lon="-79.30677"><ele>216.91</ele><time>2026-07-13T15:59:27Z</time></trkpt>
      <trkpt lat="42.46183" lon="-79.305784"><ele>217</ele><time>2026-07-13T15:59:32Z</time></trkpt>
      <trkpt lat="42.462021" lon="-79.30419"><ele>218.77</ele><time>2026-07-13T15:59:38Z</time></trkpt>
      <trkpt lat="42.462332" lon="-79.302343"><ele>219.9</ele><time>2026-07-13T15:59:45Z</time></trkpt>
      <trkpt lat="42.462694" lon="-79.300478"><ele>221.93</ele><time>2026-07-13T15:59:51Z</time></trkpt>
      <trkpt lat="42.463099" lon="-79.298993"><ele>222.25</ele><time>2026-07-13T15:59:57Z</time></trkpt>
      <trkpt lat="42.463498" lon="-79.297731"><ele>220.99</ele><time>2026-07-13T16:00:03Z</time></trkpt>
      <trkpt lat="42.464094" lon="-79.296195"><ele>221.57</ele><time>2026-07-13T16:00:09Z</time></trkpt>
      <trkpt lat="42.464744" lon="-79.29479"><ele>221</ele><time>2026-07-13T16:00:16Z</time></trkpt>
      <trkpt lat="42.468552" lon="-79.286849"><ele>222</ele><time>2026-07-13T16:00:43Z</time></trkpt>
      <trkpt lat="42.470602" lon="-79.282574"><ele>220.69</ele><time>2026-07-13T16:00:57Z</time></trkpt>
      <trkpt lat="42.476101" lon="-79.271174"><ele>218.11</ele><time>2026-07-13T16:01:36Z</time></trkpt>
      <trkpt lat="42.478085" lon="-79.26709"><ele>217.17</ele><time>2026-07-13T16:01:48Z</time></trkpt>
      <trkpt lat="42.478512" lon="-79.266195"><ele>217.15</ele><time>2026-07-13T16:01:53Z</time></trkpt>
      <trkpt lat="42.478655" lon="-79.265897"><ele>218.65</ele><time>2026-07-13T16:01:55Z</time></trkpt>
      <trkpt lat="42.478797" lon="-79.265598"><ele>217</ele><time>2026-07-13T16:01:57Z</time></trkpt>
      <trkpt lat="42.479896" lon="-79.263313"><ele>217.47</ele><time>2026-07-13T16:02:05Z</time></trkpt>
      <trkpt lat="42.480383" lon="-79.262386"><ele>218</ele><time>2026-07-13T16:02:10Z</time></trkpt>
      <trkpt lat="42.480908" lon="-79.261485"><ele>218.62</ele><time>2026-07-13T16:02:15Z</time></trkpt>
      <trkpt lat="42.481586" lon="-79.260386"><ele>219.02</ele><time>2026-07-13T16:02:20Z</time></trkpt>
      <trkpt lat="42.482516" lon="-79.258996"><ele>220</ele><time>2026-07-13T16:02:27Z</time></trkpt>
      <trkpt lat="42.485018" lon="-79.255151"><ele>217.16</ele><time>2026-07-13T16:02:42Z</time></trkpt>
      <trkpt lat="42.489113" lon="-79.248857"><ele>220</ele><time>2026-07-13T16:03:07Z</time></trkpt>
      <trkpt lat="42.494763" lon="-79.240173"><ele>218.84</ele><time>2026-07-13T16:03:37Z</time></trkpt>
      <trkpt lat="42.495985" lon="-79.238139"><ele>218</ele><time>2026-07-13T16:03:44Z</time></trkpt>
      <trkpt lat="42.496776" lon="-79.23668"><ele>217</ele><time>2026-07-13T16:03:51Z</time></trkpt>
      <trkpt lat="42.497472" lon="-79.235324"><ele>217</ele><time>2026-07-13T16:03:57Z</time></trkpt>
      <trkpt lat="42.498168" lon="-79.233796"><ele>217.96</ele><time>2026-07-13T16:04:03Z</time></trkpt>
      <trkpt lat="42.498769" lon="-79.232363"><ele>218</ele><time>2026-07-13T16:04:09Z</time></trkpt>
      <trkpt lat="42.499511" lon="-79.230469"><ele>219</ele><time>2026-07-13T16:04:16Z</time></trkpt>
      <trkpt lat="42.501299" lon="-79.225952"><ele>218</ele><time>2026-07-13T16:04:31Z</time></trkpt>
      <trkpt lat="42.503088" lon="-79.221434"><ele>220.97</ele><time>2026-07-13T16:04:46Z</time></trkpt>
      <trkpt lat="42.505002" lon="-79.216597"><ele>218.94</ele><time>2026-07-13T16:05:00Z</time></trkpt>
      <trkpt lat="42.508924" lon="-79.206635"><ele>222.62</ele><time>2026-07-13T16:05:32Z</time></trkpt>
      <trkpt lat="42.510709" lon="-79.202082"><ele>222.83</ele><time>2026-07-13T16:05:47Z</time></trkpt>
      <trkpt lat="42.51114" lon="-79.20088"><ele>223</ele><time>2026-07-13T16:05:53Z</time></trkpt>
      <trkpt lat="42.511456" lon="-79.199807"><ele>223.47</ele><time>2026-07-13T16:05:58Z</time></trkpt>
      <trkpt lat="42.511722" lon="-79.198648"><ele>223.68</ele><time>2026-07-13T16:06:04Z</time></trkpt>
      <trkpt lat="42.511975" lon="-79.19743"><ele>223.8</ele><time>2026-07-13T16:06:10Z</time></trkpt>
      <trkpt lat="42.512152" lon="-79.196116"><ele>224</ele><time>2026-07-13T16:06:16Z</time></trkpt>
      <trkpt lat="42.512278" lon="-79.194975"><ele>225</ele><time>2026-07-13T16:06:21Z</time></trkpt>
      <trkpt lat="42.512373" lon="-79.193499"><ele>225</ele><time>2026-07-13T16:06:27Z</time></trkpt>
      <trkpt lat="42.512405" lon="-79.179877"><ele>232</ele><time>2026-07-13T16:07:05Z</time></trkpt>
      <trkpt lat="42.512437" lon="-79.178095"><ele>234</ele><time>2026-07-13T16:07:11Z</time></trkpt>
      <trkpt lat="42.512475" lon="-79.175957"><ele>234</ele><time>2026-07-13T16:07:17Z</time></trkpt>
      <trkpt lat="42.512507" lon="-79.174175"><ele>231.9</ele><time>2026-07-13T16:07:23Z</time></trkpt>
      <trkpt lat="42.512526" lon="-79.173106"><ele>228.65</ele><time>2026-07-13T16:07:28Z</time></trkpt>
      <trkpt lat="42.51253" lon="-79.172106"><ele>227.2</ele><time>2026-07-13T16:07:33Z</time></trkpt>
      <trkpt lat="42.512546" lon="-79.170844"><ele>230</ele><time>2026-07-13T16:07:38Z</time></trkpt>
      <trkpt lat="42.512606" lon="-79.169037"><ele>232.7</ele><time>2026-07-13T16:07:44Z</time></trkpt>
      <trkpt lat="42.512696" lon="-79.167295"><ele>235</ele><time>2026-07-13T16:07:51Z</time></trkpt>
      <trkpt lat="42.512885" lon="-79.165303"><ele>237</ele><time>2026-07-13T16:07:58Z</time></trkpt>
      <trkpt lat="42.513114" lon="-79.163698"><ele>237</ele><time>2026-07-13T16:08:04Z</time></trkpt>
      <trkpt lat="42.513481" lon="-79.162153"><ele>236.32</ele><time>2026-07-13T16:08:10Z</time></trkpt>
      <trkpt lat="42.51405" lon="-79.160325"><ele>236</ele><time>2026-07-13T16:08:18Z</time></trkpt>
      <trkpt lat="42.5146" lon="-79.158943"><ele>235</ele><time>2026-07-13T16:08:24Z</time></trkpt>
      <trkpt lat="42.515125" lon="-79.157827"><ele>235</ele><time>2026-07-13T16:08:29Z</time></trkpt>
      <trkpt lat="42.517418" lon="-79.153267"><ele>230.84</ele><time>2026-07-13T16:08:43Z</time></trkpt>
      <trkpt lat="42.517897" lon="-79.152342"><ele>230.55</ele><time>2026-07-13T16:08:49Z</time></trkpt>
      <trkpt lat="42.51805" lon="-79.152036"><ele>232.78</ele><time>2026-07-13T16:08:51Z</time></trkpt>
      <trkpt lat="42.518355" lon="-79.151424"><ele>233.9</ele><time>2026-07-13T16:08:55Z</time></trkpt>
      <trkpt lat="42.519269" lon="-79.149588"><ele>235</ele><time>2026-07-13T16:09:02Z</time></trkpt>
      <trkpt lat="42.519908" lon="-79.148463"><ele>235</ele><time>2026-07-13T16:09:08Z</time></trkpt>
      <trkpt lat="42.521509" lon="-79.145996"><ele>235.92</ele><time>2026-07-13T16:09:16Z</time></trkpt>
      <trkpt lat="42.523821" lon="-79.142431"><ele>233</ele><time>2026-07-13T16:09:30Z</time></trkpt>
      <trkpt lat="42.526133" lon="-79.138867"><ele>234</ele><time>2026-07-13T16:09:44Z</time></trkpt>
      <trkpt lat="42.527853" lon="-79.136335"><ele>234</ele><time>2026-07-13T16:09:54Z</time></trkpt>
      <trkpt lat="42.529276" lon="-79.13443"><ele>232.24</ele><time>2026-07-13T16:10:02Z</time></trkpt>
      <trkpt lat="42.529909" lon="-79.133666"><ele>230.85</ele><time>2026-07-13T16:10:08Z</time></trkpt>
      <trkpt lat="42.531968" lon="-79.131175"><ele>222</ele><time>2026-07-13T16:10:19Z</time></trkpt>
      <trkpt lat="42.534822" lon="-79.127721"><ele>219.01</ele><time>2026-07-13T16:10:34Z</time></trkpt>
      <trkpt lat="42.537676" lon="-79.124267"><ele>219</ele><time>2026-07-13T16:10:49Z</time></trkpt>
      <trkpt lat="42.54479" lon="-79.115461"><ele>212.08</ele><time>2026-07-13T16:11:21Z</time></trkpt>
      <trkpt lat="42.545576" lon="-79.114528"><ele>212</ele><time>2026-07-13T16:11:27Z</time></trkpt>
      <trkpt lat="42.547753" lon="-79.111817"><ele>212.98</ele><time>2026-07-13T16:11:37Z</time></trkpt>
      <trkpt lat="42.549365" lon="-79.109835"><ele>210</ele><time>2026-07-13T16:11:45Z</time></trkpt>
      <trkpt lat="42.552049" lon="-79.106535"><ele>197.96</ele><time>2026-07-13T16:11:59Z</time></trkpt>
      <trkpt lat="42.553949" lon="-79.104285"><ele>188.97</ele><time>2026-07-13T16:12:07Z</time></trkpt>
      <trkpt lat="42.554424" lon="-79.10373"><ele>187</ele><time>2026-07-13T16:12:12Z</time></trkpt>
      <trkpt lat="42.554933" lon="-79.103167"><ele>185</ele><time>2026-07-13T16:12:16Z</time></trkpt>
      <trkpt lat="42.555771" lon="-79.102195"><ele>183</ele><time>2026-07-13T16:12:23Z</time></trkpt>
      <trkpt lat="42.559541" lon="-79.097823"><ele>181.25</ele><time>2026-07-13T16:12:42Z</time></trkpt>
      <trkpt lat="42.56439" lon="-79.092222"><ele>185</ele><time>2026-07-13T16:13:05Z</time></trkpt>
      <trkpt lat="42.568771" lon="-79.087163"><ele>190.79</ele><time>2026-07-13T16:13:28Z</time></trkpt>
      <trkpt lat="42.570623" lon="-79.085026"><ele>197</ele><time>2026-07-13T16:13:36Z</time></trkpt>
      <trkpt lat="42.571552" lon="-79.08391"><ele>200</ele><time>2026-07-13T16:13:43Z</time></trkpt>
      <trkpt lat="42.572608" lon="-79.082502"><ele>202.97</ele><time>2026-07-13T16:13:49Z</time></trkpt>
      <trkpt lat="42.57283" lon="-79.082184"><ele>202.93</ele><time>2026-07-13T16:13:52Z</time></trkpt>
      <trkpt lat="42.574314" lon="-79.079867"><ele>206</ele><time>2026-07-13T16:14:00Z</time></trkpt>
      <trkpt lat="42.575673" lon="-79.07731"><ele>205.65</ele><time>2026-07-13T16:14:09Z</time></trkpt>
      <trkpt lat="42.57664" lon="-79.075138"><ele>202.01</ele><time>2026-07-13T16:14:17Z</time></trkpt>
      <trkpt lat="42.578422" lon="-79.070314"><ele>195.93</ele><time>2026-07-13T16:14:31Z</time></trkpt>
      <trkpt lat="42.57913" lon="-79.068512"><ele>196.64</ele><time>2026-07-13T16:14:38Z</time></trkpt>
      <trkpt lat="42.580066" lon="-79.066409"><ele>200.98</ele><time>2026-07-13T16:14:46Z</time></trkpt>
      <trkpt lat="42.580868" lon="-79.064881"><ele>203.1</ele><time>2026-07-13T16:14:52Z</time></trkpt>
      <trkpt lat="42.581709" lon="-79.063405"><ele>204.15</ele><time>2026-07-13T16:14:59Z</time></trkpt>
      <trkpt lat="42.582885" lon="-79.061645"><ele>203.94</ele><time>2026-07-13T16:15:07Z</time></trkpt>
      <trkpt lat="42.58387" lon="-79.060161"><ele>202.34</ele><time>2026-07-13T16:15:14Z</time></trkpt>
      <trkpt lat="42.585608" lon="-79.058041"><ele>201.77</ele><time>2026-07-13T16:15:23Z</time></trkpt>
      <trkpt lat="42.587026" lon="-79.056365"><ele>201.01</ele><time>2026-07-13T16:15:30Z</time></trkpt>
      <trkpt lat="42.589254" lon="-79.053732"><ele>202.96</ele><time>2026-07-13T16:15:41Z</time></trkpt>
      <trkpt lat="42.590448" lon="-79.052264"><ele>204</ele><time>2026-07-13T16:15:48Z</time></trkpt>
      <trkpt lat="42.591396" lon="-79.050917"><ele>205</ele><time>2026-07-13T16:15:55Z</time></trkpt>
      <trkpt lat="42.592281" lon="-79.049457"><ele>206.49</ele><time>2026-07-13T16:16:02Z</time></trkpt>
      <trkpt lat="42.593178" lon="-79.047767"><ele>207.67</ele><time>2026-07-13T16:16:10Z</time></trkpt>
      <trkpt lat="42.595402" lon="-79.042883"><ele>206</ele><time>2026-07-13T16:16:25Z</time></trkpt>
      <trkpt lat="42.596394" lon="-79.040763"><ele>206.96</ele><time>2026-07-13T16:16:32Z</time></trkpt>
      <trkpt lat="42.598043" lon="-79.037656"><ele>209</ele><time>2026-07-13T16:16:41Z</time></trkpt>
      <trkpt lat="42.600578" lon="-79.033227"><ele>211.68</ele><time>2026-07-13T16:16:56Z</time></trkpt>
      <trkpt lat="42.601423" lon="-79.031751"><ele>210</ele><time>2026-07-13T16:17:02Z</time></trkpt>
      <trkpt lat="42.602801" lon="-79.029304"><ele>208.05</ele><time>2026-07-13T16:17:11Z</time></trkpt>
      <trkpt lat="42.603887" lon="-79.027656"><ele>206.37</ele><time>2026-07-13T16:17:19Z</time></trkpt>
      <trkpt lat="42.604835" lon="-79.026352"><ele>209</ele><time>2026-07-13T16:17:26Z</time></trkpt>
      <trkpt lat="42.606339" lon="-79.024567"><ele>213</ele><time>2026-07-13T16:17:34Z</time></trkpt>
      <trkpt lat="42.60746" lon="-79.023467"><ele>214.97</ele><time>2026-07-13T16:17:40Z</time></trkpt>
      <trkpt lat="42.609927" lon="-79.021047"><ele>213.75</ele><time>2026-07-13T16:17:50Z</time></trkpt>
      <trkpt lat="42.61174" lon="-79.018953"><ele>211.63</ele><time>2026-07-13T16:17:58Z</time></trkpt>
      <trkpt lat="42.613066" lon="-79.017151"><ele>211.85</ele><time>2026-07-13T16:18:06Z</time></trkpt>
      <trkpt lat="42.615157" lon="-79.013769"><ele>219</ele><time>2026-07-13T16:18:18Z</time></trkpt>
      <trkpt lat="42.616565" lon="-79.011452"><ele>220.38</ele><time>2026-07-13T16:18:26Z</time></trkpt>
      <trkpt lat="42.617923" lon="-79.009495"><ele>222</ele><time>2026-07-13T16:18:34Z</time></trkpt>
      <trkpt lat="42.619427" lon="-79.007435"><ele>223.66</ele><time>2026-07-13T16:18:42Z</time></trkpt>
      <trkpt lat="42.621587" lon="-79.004843"><ele>222.99</ele><time>2026-07-13T16:18:52Z</time></trkpt>
      <trkpt lat="42.62309" lon="-79.003255"><ele>222</ele><time>2026-07-13T16:18:59Z</time></trkpt>
      <trkpt lat="42.624782" lon="-79.001538"><ele>220.76</ele><time>2026-07-13T16:19:07Z</time></trkpt>
      <trkpt lat="42.626008" lon="-79.000311"><ele>219.87</ele><time>2026-07-13T16:19:14Z</time></trkpt>
      <trkpt lat="42.62746" lon="-78.9988"><ele>218.79</ele><time>2026-07-13T16:19:21Z</time></trkpt>
      <trkpt lat="42.628628" lon="-78.99753"><ele>217.91</ele><time>2026-07-13T16:19:28Z</time></trkpt>
      <trkpt lat="42.629973" lon="-78.995985"><ele>216.86</ele><time>2026-07-13T16:19:35Z</time></trkpt>
      <trkpt lat="42.631173" lon="-78.994552"><ele>215.9</ele><time>2026-07-13T16:19:42Z</time></trkpt>
      <trkpt lat="42.63168" lon="-78.993899"><ele>217.69</ele><time>2026-07-13T16:19:46Z</time></trkpt>
      <trkpt lat="42.632355" lon="-78.99303"><ele>218</ele><time>2026-07-13T16:19:51Z</time></trkpt>
      <trkpt lat="42.633708" lon="-78.991178"><ele>220.6</ele><time>2026-07-13T16:19:59Z</time></trkpt>
      <trkpt lat="42.637014" lon="-78.986507"><ele>224</ele><time>2026-07-13T16:20:17Z</time></trkpt>
      <trkpt lat="42.637226" lon="-78.986196"><ele>224</ele><time>2026-07-13T16:20:19Z</time></trkpt>
      <trkpt lat="42.637842" lon="-78.985395"><ele>224.77</ele><time>2026-07-13T16:20:25Z</time></trkpt>
      <trkpt lat="42.6387" lon="-78.984329"><ele>225.44</ele><time>2026-07-13T16:20:31Z</time></trkpt>
      <trkpt lat="42.639496" lon="-78.983471"><ele>225.71</ele><time>2026-07-13T16:20:36Z</time></trkpt>
      <trkpt lat="42.641807" lon="-78.980862"><ele>229.17</ele><time>2026-07-13T16:20:48Z</time></trkpt>
      <trkpt lat="42.642981" lon="-78.97942"><ele>231.86</ele><time>2026-07-13T16:20:55Z</time></trkpt>
      <trkpt lat="42.643972" lon="-78.978089"><ele>232.9</ele><time>2026-07-13T16:21:01Z</time></trkpt>
      <trkpt lat="42.645064" lon="-78.976587"><ele>231.19</ele><time>2026-07-13T16:21:07Z</time></trkpt>
      <trkpt lat="42.646971" lon="-78.973755"><ele>227.89</ele><time>2026-07-13T16:21:17Z</time></trkpt>
      <trkpt lat="42.647766" lon="-78.972742"><ele>226.88</ele><time>2026-07-13T16:21:23Z</time></trkpt>
      <trkpt lat="42.649389" lon="-78.970965"><ele>227.91</ele><time>2026-07-13T16:21:31Z</time></trkpt>
      <trkpt lat="42.650967" lon="-78.96942"><ele>229.05</ele><time>2026-07-13T16:21:39Z</time></trkpt>
      <trkpt lat="42.652122" lon="-78.968262"><ele>229</ele><time>2026-07-13T16:21:46Z</time></trkpt>
      <trkpt lat="42.654041" lon="-78.966288"><ele>228</ele><time>2026-07-13T16:21:55Z</time></trkpt>
      <trkpt lat="42.656383" lon="-78.963653"><ele>226</ele><time>2026-07-13T16:22:05Z</time></trkpt>
      <trkpt lat="42.659451" lon="-78.960047"><ele>224.94</ele><time>2026-07-13T16:22:21Z</time></trkpt>
      <trkpt lat="42.660959" lon="-78.958443"><ele>226</ele><time>2026-07-13T16:22:28Z</time></trkpt>
      <trkpt lat="42.663654" lon="-78.955687"><ele>226.51</ele><time>2026-07-13T16:22:40Z</time></trkpt>
      <trkpt lat="42.664904" lon="-78.954486"><ele>225.93</ele><time>2026-07-13T16:22:47Z</time></trkpt>
      <trkpt lat="42.66823" lon="-78.951507"><ele>228</ele><time>2026-07-13T16:23:03Z</time></trkpt>
      <trkpt lat="42.671606" lon="-78.948692"><ele>229</ele><time>2026-07-13T16:23:18Z</time></trkpt>
      <trkpt lat="42.675551" lon="-78.945491"><ele>226.27</ele><time>2026-07-13T16:23:34Z</time></trkpt>
      <trkpt lat="42.679065" lon="-78.94289"><ele>224</ele><time>2026-07-13T16:23:48Z</time></trkpt>
      <trkpt lat="42.681974" lon="-78.940796"><ele>223.9</ele><time>2026-07-13T16:23:59Z</time></trkpt>
      <trkpt lat="42.685485" lon="-78.93843"><ele>225.46</ele><time>2026-07-13T16:24:14Z</time></trkpt>
      <trkpt lat="42.686262" lon="-78.937854"><ele>225</ele><time>2026-07-13T16:24:20Z</time></trkpt>
      <trkpt lat="42.686738" lon="-78.937485"><ele>225</ele><time>2026-07-13T16:24:24Z</time></trkpt>
      <trkpt lat="42.687653" lon="-78.936722"><ele>224.45</ele><time>2026-07-13T16:24:29Z</time></trkpt>
      <trkpt lat="42.689116" lon="-78.935363"><ele>223.36</ele><time>2026-07-13T16:24:36Z</time></trkpt>
      <trkpt lat="42.68981" lon="-78.934636"><ele>223</ele><time>2026-07-13T16:24:42Z</time></trkpt>
      <trkpt lat="42.690542" lon="-78.933818"><ele>222.27</ele><time>2026-07-13T16:24:47Z</time></trkpt>
      <trkpt lat="42.693388" lon="-78.930438"><ele>219.92</ele><time>2026-07-13T16:25:00Z</time></trkpt>
      <trkpt lat="42.69453" lon="-78.929036"><ele>220</ele><time>2026-07-13T16:25:07Z</time></trkpt>
      <trkpt lat="42.696568" lon="-78.926581"><ele>222</ele><time>2026-07-13T16:25:17Z</time></trkpt>
      <trkpt lat="42.697999" lon="-78.924771"><ele>223</ele><time>2026-07-13T16:25:24Z</time></trkpt>
      <trkpt lat="42.699941" lon="-78.922256"><ele>224.26</ele><time>2026-07-13T16:25:33Z</time></trkpt>
      <trkpt lat="42.702616" lon="-78.91872"><ele>226.62</ele><time>2026-07-13T16:25:47Z</time></trkpt>
      <trkpt lat="42.704596" lon="-78.915922"><ele>228</ele><time>2026-07-13T16:25:57Z</time></trkpt>
      <trkpt lat="42.707138" lon="-78.912257"><ele>229.63</ele><time>2026-07-13T16:26:10Z</time></trkpt>
      <trkpt lat="42.707528" lon="-78.911695"><ele>231.36</ele><time>2026-07-13T16:26:14Z</time></trkpt>
      <trkpt lat="42.708113" lon="-78.910851"><ele>230.3</ele><time>2026-07-13T16:26:19Z</time></trkpt>
      <trkpt lat="42.709131" lon="-78.909382"><ele>231.43</ele><time>2026-07-13T16:26:26Z</time></trkpt>
      <trkpt lat="42.710468" lon="-78.907408"><ele>232.8</ele><time>2026-07-13T16:26:34Z</time></trkpt>
      <trkpt lat="42.71148" lon="-78.905829"><ele>233.76</ele><time>2026-07-13T16:26:41Z</time></trkpt>
      <trkpt lat="42.711717" lon="-78.905459"><ele>233.43</ele><time>2026-07-13T16:26:44Z</time></trkpt>
      <trkpt lat="42.712852" lon="-78.903528"><ele>232.24</ele><time>2026-07-13T16:26:51Z</time></trkpt>
      <trkpt lat="42.713811" lon="-78.901812"><ele>231.71</ele><time>2026-07-13T16:26:59Z</time></trkpt>
      <trkpt lat="42.714914" lon="-78.899683"><ele>232.94</ele><time>2026-07-13T16:27:07Z</time></trkpt>
      <trkpt lat="42.717468" lon="-78.894447"><ele>235</ele><time>2026-07-13T16:27:22Z</time></trkpt>
      <trkpt lat="42.718209" lon="-78.89301"><ele>235.99</ele><time>2026-07-13T16:27:28Z</time></trkpt>
      <trkpt lat="42.71895" lon="-78.891572"><ele>234.98</ele><time>2026-07-13T16:27:34Z</time></trkpt>
      <trkpt lat="42.720262" lon="-78.889186"><ele>233.43</ele><time>2026-07-13T16:27:42Z</time></trkpt>
      <trkpt lat="42.721441" lon="-78.887177"><ele>232.82</ele><time>2026-07-13T16:27:50Z</time></trkpt>
      <trkpt lat="42.723869" lon="-78.883229"><ele>234.72</ele><time>2026-07-13T16:28:04Z</time></trkpt>
      <trkpt lat="42.724613" lon="-78.882002"><ele>235.53</ele><time>2026-07-13T16:28:11Z</time></trkpt>
      <trkpt lat="42.725464" lon="-78.880543"><ele>235.99</ele><time>2026-07-13T16:28:18Z</time></trkpt>
      <trkpt lat="42.726252" lon="-78.879152"><ele>236.63</ele><time>2026-07-13T16:28:24Z</time></trkpt>
      <trkpt lat="42.727545" lon="-78.876569"><ele>235.9</ele><time>2026-07-13T16:28:32Z</time></trkpt>
      <trkpt lat="42.728471" lon="-78.874595"><ele>236.54</ele><time>2026-07-13T16:28:39Z</time></trkpt>
      <trkpt lat="42.729367" lon="-78.872595"><ele>237.6</ele><time>2026-07-13T16:28:47Z</time></trkpt>
      <trkpt lat="42.729934" lon="-78.871204"><ele>238</ele><time>2026-07-13T16:28:53Z</time></trkpt>
      <trkpt lat="42.730678" lon="-78.869299"><ele>238.12</ele><time>2026-07-13T16:29:00Z</time></trkpt>
      <trkpt lat="42.731271" lon="-78.867685"><ele>237.14</ele><time>2026-07-13T16:29:07Z</time></trkpt>
      <trkpt lat="42.732317" lon="-78.864664"><ele>236</ele><time>2026-07-13T16:29:16Z</time></trkpt>
      <trkpt lat="42.733124" lon="-78.862604"><ele>234.64</ele><time>2026-07-13T16:29:24Z</time></trkpt>
      <trkpt lat="42.734146" lon="-78.860321"><ele>233</ele><time>2026-07-13T16:29:32Z</time></trkpt>
      <trkpt lat="42.736113" lon="-78.856381"><ele>230.71</ele><time>2026-07-13T16:29:45Z</time></trkpt>
      <trkpt lat="42.73714" lon="-78.854218"><ele>231.61</ele><time>2026-07-13T16:29:52Z</time></trkpt>
      <trkpt lat="42.737941" lon="-78.852433"><ele>232.08</ele><time>2026-07-13T16:29:59Z</time></trkpt>
      <trkpt lat="42.738672" lon="-78.850734"><ele>232</ele><time>2026-07-13T16:30:06Z</time></trkpt>
      <trkpt lat="42.740607" lon="-78.845987"><ele>230</ele><time>2026-07-13T16:30:20Z</time></trkpt>
      <trkpt lat="42.741559" lon="-78.843844"><ele>231.32</ele><time>2026-07-13T16:30:27Z</time></trkpt>
      <trkpt lat="42.74169" lon="-78.843567"><ele>231.86</ele><time>2026-07-13T16:30:29Z</time></trkpt>
      <trkpt lat="42.742063" lon="-78.842562"><ele>231.82</ele><time>2026-07-13T16:30:34Z</time></trkpt>
      <trkpt lat="42.74214" lon="-78.842107"><ele>232</ele><time>2026-07-13T16:30:37Z</time></trkpt>
      <trkpt lat="42.74218" lon="-78.8418"><ele>232</ele><time>2026-07-13T16:30:39Z</time></trkpt>
      <trkpt lat="42.742181" lon="-78.841467"><ele>232</ele><time>2026-07-13T16:30:41Z</time></trkpt>
      <trkpt lat="42.742166" lon="-78.841148"><ele>232</ele><time>2026-07-13T16:30:43Z</time></trkpt>
      <trkpt lat="42.741991" lon="-78.839627"><ele>232.98</ele><time>2026-07-13T16:30:49Z</time></trkpt>
      <trkpt lat="42.741994" lon="-78.839367"><ele>233.26</ele><time>2026-07-13T16:30:51Z</time></trkpt>
      <trkpt lat="42.742042" lon="-78.839111"><ele>233.5</ele><time>2026-07-13T16:30:53Z</time></trkpt>
      <trkpt lat="42.74212" lon="-78.838903"><ele>233.67</ele><time>2026-07-13T16:30:54Z</time></trkpt>
      <trkpt lat="42.742219" lon="-78.83872"><ele>233.82</ele><time>2026-07-13T16:30:55Z</time></trkpt>
      <trkpt lat="42.742356" lon="-78.838542"><ele>233.96</ele><time>2026-07-13T16:30:57Z</time></trkpt>
      <trkpt lat="42.74247" lon="-78.83845"><ele>234.05</ele><time>2026-07-13T16:30:58Z</time></trkpt>
      <trkpt lat="42.742679" lon="-78.838346"><ele>234.19</ele><time>2026-07-13T16:31:00Z</time></trkpt>
      <trkpt lat="42.742792" lon="-78.838331"><ele>234.25</ele><time>2026-07-13T16:31:01Z</time></trkpt>
      <trkpt lat="42.742968" lon="-78.838331"><ele>234.36</ele><time>2026-07-13T16:31:03Z</time></trkpt>
      <trkpt lat="42.743136" lon="-78.838378"><ele>234.47</ele><time>2026-07-13T16:31:05Z</time></trkpt>
      <trkpt lat="42.743302" lon="-78.838463"><ele>234.59</ele><time>2026-07-13T16:31:07Z</time></trkpt>
      <trkpt lat="42.743468" lon="-78.838636"><ele>234.76</ele><time>2026-07-13T16:31:09Z</time></trkpt>
      <trkpt lat="42.744737" lon="-78.840338"><ele>236.53</ele><time>2026-07-13T16:31:16Z</time></trkpt>
      <trkpt lat="42.745336" lon="-78.841139"><ele>233.03</ele><time>2026-07-13T16:31:21Z</time></trkpt>
      <trkpt lat="42.745649" lon="-78.841702"><ele>231.87</ele><time>2026-07-13T16:31:25Z</time></trkpt>
      <trkpt lat="42.745742" lon="-78.841941"><ele>231.94</ele><time>2026-07-13T16:31:27Z</time></trkpt>
      <trkpt lat="42.745777" lon="-78.842217"><ele>232</ele><time>2026-07-13T16:31:29Z</time></trkpt>
      <trkpt lat="42.745776" lon="-78.842418"><ele>231.93</ele><time>2026-07-13T16:31:30Z</time></trkpt>
      <trkpt lat="42.745759" lon="-78.842606"><ele>231.93</ele><time>2026-07-13T16:31:31Z</time></trkpt>
      <trkpt lat="42.745726" lon="-78.842739"><ele>231.66</ele><time>2026-07-13T16:31:32Z</time></trkpt>
      <trkpt lat="42.745626" lon="-78.843024"><ele>231</ele><time>2026-07-13T16:31:34Z</time></trkpt>
      <trkpt lat="42.745311" lon="-78.843622"><ele>231</ele><time>2026-07-13T16:31:38Z</time></trkpt>
      <trkpt lat="42.744864" lon="-78.844619"><ele>230.88</ele><time>2026-07-13T16:31:43Z</time></trkpt>
      <trkpt lat="42.744146" lon="-78.846092"><ele>230</ele><time>2026-07-13T16:31:50Z</time></trkpt>
      <trkpt lat="42.744083" lon="-78.84635"><ele>229.85</ele><time>2026-07-13T16:31:52Z</time></trkpt>
      <trkpt lat="42.743759" lon="-78.847107"><ele>228.86</ele><time>2026-07-13T16:31:57Z</time></trkpt>
      <trkpt lat="42.743262" lon="-78.848107"><ele>228.42</ele><time>2026-07-13T16:32:03Z</time></trkpt>
      <trkpt lat="42.743173" lon="-78.848303"><ele>228</ele><time>2026-07-13T16:32:05Z</time></trkpt>
      <trkpt lat="42.743135" lon="-78.848509"><ele>228</ele><time>2026-07-13T16:32:06Z</time></trkpt>
      <trkpt lat="42.743146" lon="-78.848701"><ele>228</ele><time>2026-07-13T16:32:07Z</time></trkpt>
      <trkpt lat="42.743191" lon="-78.848856"><ele>228</ele><time>2026-07-13T16:32:08Z</time></trkpt>
      <trkpt lat="42.743349" lon="-78.849097"><ele>228</ele><time>2026-07-13T16:32:10Z</time></trkpt>
      <trkpt lat="42.744703" lon="-78.85041"><ele>226</ele><time>2026-07-13T16:32:17Z</time></trkpt>
      <trkpt lat="42.744824" lon="-78.850568"><ele>226</ele><time>2026-07-13T16:32:19Z</time></trkpt>
      <trkpt lat="42.74569" lon="-78.851385"><ele>225</ele><time>2026-07-13T16:32:25Z</time></trkpt>
      <trkpt lat="42.746067" lon="-78.851702"><ele>224</ele><time>2026-07-13T16:32:28Z</time></trkpt>
      <trkpt lat="42.746699" lon="-78.8522"><ele>223</ele><time>2026-07-13T16:32:33Z</time></trkpt>
      <trkpt lat="42.747284" lon="-78.852692"><ele>221</ele><time>2026-07-13T16:32:38Z</time></trkpt>
      <trkpt lat="42.749545" lon="-78.854445"><ele>220</ele><time>2026-07-13T16:32:48Z</time></trkpt>
      <trkpt lat="42.750209" lon="-78.854946"><ele>220</ele><time>2026-07-13T16:32:53Z</time></trkpt>
      <trkpt lat="42.750639" lon="-78.855279"><ele>219</ele><time>2026-07-13T16:32:56Z</time></trkpt>
      <trkpt lat="42.752161" lon="-78.856448"><ele>213.08</ele><time>2026-07-13T16:33:03Z</time></trkpt>
      <trkpt lat="42.753927" lon="-78.857794"><ele>210</ele><time>2026-07-13T16:33:11Z</time></trkpt>
      <trkpt lat="42.755185" lon="-78.858742"><ele>206</ele><time>2026-07-13T16:33:18Z</time></trkpt>
      <trkpt lat="42.756884" lon="-78.860035"><ele>203.88</ele><time>2026-07-13T16:33:25Z</time></trkpt>
      <trkpt lat="42.758199" lon="-78.860904"><ele>201</ele><time>2026-07-13T16:33:32Z</time></trkpt>
      <trkpt lat="42.758601" lon="-78.861129"><ele>200</ele><time>2026-07-13T16:33:35Z</time></trkpt>
      <trkpt lat="42.759154" lon="-78.861391"><ele>199</ele><time>2026-07-13T16:33:39Z</time></trkpt>
      <trkpt lat="42.759759" lon="-78.861698"><ele>199</ele><time>2026-07-13T16:33:44Z</time></trkpt>
      <trkpt lat="42.761717" lon="-78.862624"><ele>197</ele><time>2026-07-13T16:33:51Z</time></trkpt>
      <trkpt lat="42.762788" lon="-78.863192"><ele>195</ele><time>2026-07-13T16:33:58Z</time></trkpt>
      <trkpt lat="42.763736" lon="-78.863693"><ele>189.61</ele><time>2026-07-13T16:34:04Z</time></trkpt>
      <trkpt lat="42.764271" lon="-78.864002"><ele>187.05</ele><time>2026-07-13T16:34:08Z</time></trkpt>
      <trkpt lat="42.764815" lon="-78.864341"><ele>186.24</ele><time>2026-07-13T16:34:12Z</time></trkpt>
      <trkpt lat="42.765021" lon="-78.864465"><ele>187.7</ele><time>2026-07-13T16:34:14Z</time></trkpt>
      <trkpt lat="42.765228" lon="-78.864589"><ele>185.81</ele><time>2026-07-13T16:34:16Z</time></trkpt>
      <trkpt lat="42.76642" lon="-78.86531"><ele>191.42</ele><time>2026-07-13T16:34:22Z</time></trkpt>
      <trkpt lat="42.766942" lon="-78.865431"><ele>192.12</ele><time>2026-07-13T16:34:26Z</time></trkpt>
      <trkpt lat="42.76721" lon="-78.865399"><ele>191.94</ele><time>2026-07-13T16:34:28Z</time></trkpt>
      <trkpt lat="42.767607" lon="-78.865153"><ele>191</ele><time>2026-07-13T16:34:31Z</time></trkpt>
      <trkpt lat="42.768251" lon="-78.864337"><ele>189</ele><time>2026-07-13T16:34:36Z</time></trkpt>
      <trkpt lat="42.768557" lon="-78.864021"><ele>188</ele><time>2026-07-13T16:34:39Z</time></trkpt>
      <trkpt lat="42.76891" lon="-78.86367"><ele>186.6</ele><time>2026-07-13T16:34:42Z</time></trkpt>
      <trkpt lat="42.769201" lon="-78.86341"><ele>185.29</ele><time>2026-07-13T16:34:45Z</time></trkpt>
      <trkpt lat="42.769458" lon="-78.863161"><ele>184.02</ele><time>2026-07-13T16:34:48Z</time></trkpt>
      <trkpt lat="42.770411" lon="-78.862389"><ele>181</ele><time>2026-07-13T16:34:54Z</time></trkpt>
      <trkpt lat="42.772867" lon="-78.860397"><ele>179.04</ele><time>2026-07-13T16:35:05Z</time></trkpt>
      <trkpt lat="42.773629" lon="-78.859794"><ele>179</ele><time>2026-07-13T16:35:10Z</time></trkpt>
      <trkpt lat="42.774199" lon="-78.859356"><ele>180</ele><time>2026-07-13T16:35:15Z</time></trkpt>
      <trkpt lat="42.774381" lon="-78.859107"><ele>179.98</ele><time>2026-07-13T16:35:17Z</time></trkpt>
      <trkpt lat="42.775782" lon="-78.85765"><ele>180</ele><time>2026-07-13T16:35:25Z</time></trkpt>
      <trkpt lat="42.776505" lon="-78.856849"><ele>180</ele><time>2026-07-13T16:35:31Z</time></trkpt>
      <trkpt lat="42.778055" lon="-78.854986"><ele>180.67</ele><time>2026-07-13T16:35:39Z</time></trkpt>
      <trkpt lat="42.779294" lon="-78.853704"><ele>181.04</ele><time>2026-07-13T16:35:46Z</time></trkpt>
      <trkpt lat="42.779683" lon="-78.853269"><ele>181.7</ele><time>2026-07-13T16:35:49Z</time></trkpt>
      <trkpt lat="42.780609" lon="-78.852264"><ele>182</ele><time>2026-07-13T16:35:55Z</time></trkpt>
      <trkpt lat="42.781048" lon="-78.851819"><ele>182.01</ele><time>2026-07-13T16:35:59Z</time></trkpt>
      <trkpt lat="42.782623" lon="-78.850119"><ele>182</ele><time>2026-07-13T16:36:06Z</time></trkpt>
      <trkpt lat="42.783583" lon="-78.849126"><ele>182</ele><time>2026-07-13T16:36:12Z</time></trkpt>
      <trkpt lat="42.783982" lon="-78.848734"><ele>181.22</ele><time>2026-07-13T16:36:16Z</time></trkpt>
      <trkpt lat="42.785075" lon="-78.847893"><ele>181</ele><time>2026-07-13T16:36:23Z</time></trkpt>
      <trkpt lat="42.78589" lon="-78.847467"><ele>180.03</ele><time>2026-07-13T16:36:28Z</time></trkpt>
      <trkpt lat="42.786563" lon="-78.847244"><ele>179.91</ele><time>2026-07-13T16:36:32Z</time></trkpt>
      <trkpt lat="42.787001" lon="-78.847172"><ele>179.71</ele><time>2026-07-13T16:36:35Z</time></trkpt>
      <trkpt lat="42.787701" lon="-78.847078"><ele>181</ele><time>2026-07-13T16:36:39Z</time></trkpt>
      <trkpt lat="42.788509" lon="-78.847042"><ele>183.93</ele><time>2026-07-13T16:36:44Z</time></trkpt>
      <trkpt lat="42.789254" lon="-78.846998"><ele>182.78</ele><time>2026-07-13T16:36:49Z</time></trkpt>
      <trkpt lat="42.790987" lon="-78.846908"><ele>184.23</ele><time>2026-07-13T16:36:56Z</time></trkpt>
      <trkpt lat="42.791449" lon="-78.846877"><ele>183.66</ele><time>2026-07-13T16:36:59Z</time></trkpt>
      <trkpt lat="42.793338" lon="-78.846716"><ele>181</ele><time>2026-07-13T16:37:07Z</time></trkpt>
      <trkpt lat="42.794072" lon="-78.846723"><ele>179.53</ele><time>2026-07-13T16:37:11Z</time></trkpt>
      <trkpt lat="42.794264" lon="-78.846821"><ele>179</ele><time>2026-07-13T16:37:13Z</time></trkpt>
      <trkpt lat="42.79499" lon="-78.846843"><ele>179</ele><time>2026-07-13T16:37:17Z</time></trkpt>
      <trkpt lat="42.797347" lon="-78.846849"><ele>181</ele><time>2026-07-13T16:37:26Z</time></trkpt>
      <trkpt lat="42.797786" lon="-78.84681"><ele>182</ele><time>2026-07-13T16:37:29Z</time></trkpt>
      <trkpt lat="42.798882" lon="-78.846709"><ele>180</ele><time>2026-07-13T16:37:35Z</time></trkpt>
      <trkpt lat="42.799606" lon="-78.846627"><ele>178.43</ele><time>2026-07-13T16:37:40Z</time></trkpt>
      <trkpt lat="42.801354" lon="-78.846482"><ele>177</ele><time>2026-07-13T16:37:47Z</time></trkpt>
      <trkpt lat="42.80397" lon="-78.846264"><ele>177.1</ele><time>2026-07-13T16:37:58Z</time></trkpt>
      <trkpt lat="42.804233" lon="-78.846242"><ele>178.27</ele><time>2026-07-13T16:38:00Z</time></trkpt>
      <trkpt lat="42.805272" lon="-78.84615"><ele>177.02</ele><time>2026-07-13T16:38:06Z</time></trkpt>
      <trkpt lat="42.806849" lon="-78.845967"><ele>178</ele><time>2026-07-13T16:38:13Z</time></trkpt>
      <trkpt lat="42.80975" lon="-78.845635"><ele>177.03</ele><time>2026-07-13T16:38:23Z</time></trkpt>
      <trkpt lat="42.811001" lon="-78.845515"><ele>177.33</ele><time>2026-07-13T16:38:29Z</time></trkpt>
      <trkpt lat="42.812374" lon="-78.845398"><ele>178</ele><time>2026-07-13T16:38:36Z</time></trkpt>
      <trkpt lat="42.81307" lon="-78.845371"><ele>178.43</ele><time>2026-07-13T16:38:41Z</time></trkpt>
      <trkpt lat="42.813899" lon="-78.845453"><ele>178</ele><time>2026-07-13T16:38:46Z</time></trkpt>
      <trkpt lat="42.815016" lon="-78.84569"><ele>177</ele><time>2026-07-13T16:38:52Z</time></trkpt>
      <trkpt lat="42.815858" lon="-78.846036"><ele>177</ele><time>2026-07-13T16:38:58Z</time></trkpt>
      <trkpt lat="42.816395" lon="-78.846321"><ele>177</ele><time>2026-07-13T16:39:02Z</time></trkpt>
      <trkpt lat="42.817669" lon="-78.846962"><ele>176</ele><time>2026-07-13T16:39:09Z</time></trkpt>
      <trkpt lat="42.818762" lon="-78.847461"><ele>176</ele><time>2026-07-13T16:39:15Z</time></trkpt>
      <trkpt lat="42.820194" lon="-78.84819"><ele>176.23</ele><time>2026-07-13T16:39:22Z</time></trkpt>
      <trkpt lat="42.820835" lon="-78.848527"><ele>176</ele><time>2026-07-13T16:39:26Z</time></trkpt>
      <trkpt lat="42.82109" lon="-78.848566"><ele>176.01</ele><time>2026-07-13T16:39:28Z</time></trkpt>
      <trkpt lat="42.822413" lon="-78.849174"><ele>176.41</ele><time>2026-07-13T16:39:35Z</time></trkpt>
      <trkpt lat="42.82326" lon="-78.849533"><ele>177.61</ele><time>2026-07-13T16:39:40Z</time></trkpt>
      <trkpt lat="42.823679" lon="-78.849674"><ele>178.19</ele><time>2026-07-13T16:39:43Z</time></trkpt>
      <trkpt lat="42.824032" lon="-78.849753"><ele>178.66</ele><time>2026-07-13T16:39:46Z</time></trkpt>
      <trkpt lat="42.824655" lon="-78.849835"><ele>179.47</ele><time>2026-07-13T16:39:50Z</time></trkpt>
      <trkpt lat="42.824985" lon="-78.849852"><ele>179.89</ele><time>2026-07-13T16:39:53Z</time></trkpt>
      <trkpt lat="42.825842" lon="-78.849935"><ele>181.01</ele><time>2026-07-13T16:39:59Z</time></trkpt>
      <trkpt lat="42.826089" lon="-78.849971"><ele>181.33</ele><time>2026-07-13T16:40:01Z</time></trkpt>
      <trkpt lat="42.826314" lon="-78.850017"><ele>181.63</ele><time>2026-07-13T16:40:03Z</time></trkpt>
      <trkpt lat="42.826532" lon="-78.850074"><ele>181.92</ele><time>2026-07-13T16:40:05Z</time></trkpt>
      <trkpt lat="42.826966" lon="-78.850223"><ele>182.52</ele><time>2026-07-13T16:40:08Z</time></trkpt>
      <trkpt lat="42.827387" lon="-78.85041"><ele>183.12</ele><time>2026-07-13T16:40:12Z</time></trkpt>
      <trkpt lat="42.827623" lon="-78.850527"><ele>183.46</ele><time>2026-07-13T16:40:14Z</time></trkpt>
      <trkpt lat="42.828011" lon="-78.850735"><ele>183.27</ele><time>2026-07-13T16:40:17Z</time></trkpt>
      <trkpt lat="42.829086" lon="-78.851327"><ele>181.62</ele><time>2026-07-13T16:40:23Z</time></trkpt>
      <trkpt lat="42.830165" lon="-78.851877"><ele>180</ele><time>2026-07-13T16:40:29Z</time></trkpt>
      <trkpt lat="42.831483" lon="-78.852575"><ele>178</ele><time>2026-07-13T16:40:35Z</time></trkpt>
      <trkpt lat="42.834336" lon="-78.854095"><ele>184.54</ele><time>2026-07-13T16:40:46Z</time></trkpt>
      <trkpt lat="42.836396" lon="-78.855173"><ele>183.38</ele><time>2026-07-13T16:40:54Z</time></trkpt>
      <trkpt lat="42.837993" lon="-78.856012"><ele>184.37</ele><time>2026-07-13T16:41:01Z</time></trkpt>
      <trkpt lat="42.839159" lon="-78.856639"><ele>185.1</ele><time>2026-07-13T16:41:08Z</time></trkpt>
      <trkpt lat="42.839806" lon="-78.857002"><ele>184.18</ele><time>2026-07-13T16:41:13Z</time></trkpt>
      <trkpt lat="42.840222" lon="-78.857268"><ele>183.51</ele><time>2026-07-13T16:41:16Z</time></trkpt>
      <trkpt lat="42.841286" lon="-78.857984"><ele>181.76</ele><time>2026-07-13T16:41:23Z</time></trkpt>
      <trkpt lat="42.841988" lon="-78.858404"><ele>180.64</ele><time>2026-07-13T16:41:28Z</time></trkpt>
      <trkpt lat="42.842395" lon="-78.858631"><ele>180</ele><time>2026-07-13T16:41:31Z</time></trkpt>
      <trkpt lat="42.843686" lon="-78.85931"><ele>179</ele><time>2026-07-13T16:41:37Z</time></trkpt>
      <trkpt lat="42.844305" lon="-78.859633"><ele>179.96</ele><time>2026-07-13T16:41:42Z</time></trkpt>
      <trkpt lat="42.844993" lon="-78.859945"><ele>181.08</ele><time>2026-07-13T16:41:47Z</time></trkpt>
      <trkpt lat="42.845727" lon="-78.86024"><ele>182.93</ele><time>2026-07-13T16:41:51Z</time></trkpt>
      <trkpt lat="42.845961" lon="-78.860331"><ele>180.01</ele><time>2026-07-13T16:41:53Z</time></trkpt>
      <trkpt lat="42.846123" lon="-78.860401"><ele>179.98</ele><time>2026-07-13T16:41:55Z</time></trkpt>
      <trkpt lat="42.846398" lon="-78.860517"><ele>183</ele><time>2026-07-13T16:41:57Z</time></trkpt>
      <trkpt lat="42.846949" lon="-78.860749"><ele>182.92</ele><time>2026-07-13T16:42:01Z</time></trkpt>
      <trkpt lat="42.848155" lon="-78.861353"><ele>179</ele><time>2026-07-13T16:42:07Z</time></trkpt>
      <trkpt lat="42.84912" lon="-78.861836"><ele>178.02</ele><time>2026-07-13T16:42:12Z</time></trkpt>
      <trkpt lat="42.849439" lon="-78.861927"><ele>178.75</ele><time>2026-07-13T16:42:15Z</time></trkpt>
      <trkpt lat="42.851079" lon="-78.862601"><ele>178.8</ele><time>2026-07-13T16:42:23Z</time></trkpt>
      <trkpt lat="42.851602" lon="-78.86283"><ele>179</ele><time>2026-07-13T16:42:27Z</time></trkpt>
      <trkpt lat="42.85263" lon="-78.863392"><ele>178.95</ele><time>2026-07-13T16:42:33Z</time></trkpt>
      <trkpt lat="42.852891" lon="-78.863547"><ele>178.52</ele><time>2026-07-13T16:42:35Z</time></trkpt>
      <trkpt lat="42.853075" lon="-78.863759"><ele>178.67</ele><time>2026-07-13T16:42:37Z</time></trkpt>
      <trkpt lat="42.85315" lon="-78.863859"><ele>178</ele><time>2026-07-13T16:42:38Z</time></trkpt>
      <trkpt lat="42.853263" lon="-78.863792"><ele>178.38</ele><time>2026-07-13T16:42:39Z</time></trkpt>
      <trkpt lat="42.853378" lon="-78.863757"><ele>178.94</ele><time>2026-07-13T16:42:40Z</time></trkpt>
      <trkpt lat="42.853492" lon="-78.863773"><ele>179.74</ele><time>2026-07-13T16:42:41Z</time></trkpt>
      <trkpt lat="42.85368" lon="-78.863834"><ele>180.16</ele><time>2026-07-13T16:42:43Z</time></trkpt>
      <trkpt lat="42.854896" lon="-78.864475"><ele>183.33</ele><time>2026-07-13T16:42:49Z</time></trkpt>
      <trkpt lat="42.855613" lon="-78.864902"><ele>181.58</ele><time>2026-07-13T16:42:54Z</time></trkpt>
      <trkpt lat="42.856201" lon="-78.865313"><ele>180.08</ele><time>2026-07-13T16:42:58Z</time></trkpt>
      <trkpt lat="42.85676" lon="-78.865784"><ele>179.13</ele><time>2026-07-13T16:43:02Z</time></trkpt>
      <trkpt lat="42.857445" lon="-78.866416"><ele>177.92</ele><time>2026-07-13T16:43:07Z</time></trkpt>
      <trkpt lat="42.858027" lon="-78.866874"><ele>177</ele><time>2026-07-13T16:43:11Z</time></trkpt>
      <trkpt lat="42.858308" lon="-78.867047"><ele>177</ele><time>2026-07-13T16:43:13Z</time></trkpt>
      <trkpt lat="42.859647" lon="-78.867757"><ele>177</ele><time>2026-07-13T16:43:20Z</time></trkpt>
      <trkpt lat="42.859835" lon="-78.867772"><ele>177</ele><time>2026-07-13T16:43:22Z</time></trkpt>
      <trkpt lat="42.860564" lon="-78.867567"><ele>177.84</ele><time>2026-07-13T16:43:27Z</time></trkpt>
      <trkpt lat="42.860827" lon="-78.867514"><ele>178</ele><time>2026-07-13T16:43:29Z</time></trkpt>
      <trkpt lat="42.861137" lon="-78.867431"><ele>178.19</ele><time>2026-07-13T16:43:31Z</time></trkpt>
      <trkpt lat="42.861361" lon="-78.867399"><ele>178.32</ele><time>2026-07-13T16:43:33Z</time></trkpt>
      <trkpt lat="42.86231" lon="-78.867409"><ele>177.98</ele><time>2026-07-13T16:43:39Z</time></trkpt>
      <trkpt lat="42.863075" lon="-78.867428"><ele>177.24</ele><time>2026-07-13T16:43:44Z</time></trkpt>
      <trkpt lat="42.863247" lon="-78.867301"><ele>177</ele><time>2026-07-13T16:43:46Z</time></trkpt>
      <trkpt lat="42.866488" lon="-78.866243"><ele>177</ele><time>2026-07-13T16:43:59Z</time></trkpt>
      <trkpt lat="42.866927" lon="-78.86611"><ele>177</ele><time>2026-07-13T16:44:02Z</time></trkpt>
      <trkpt lat="42.870287" lon="-78.86501"><ele>177</ele><time>2026-07-13T16:44:14Z</time></trkpt>
      <trkpt lat="42.871745" lon="-78.864553"><ele>177</ele><time>2026-07-13T16:44:21Z</time></trkpt>
      <trkpt lat="42.873711" lon="-78.863909"><ele>177</ele><time>2026-07-13T16:44:28Z</time></trkpt>
      <trkpt lat="42.874055" lon="-78.863803"><ele>177</ele><time>2026-07-13T16:44:31Z</time></trkpt>
      <trkpt lat="42.875115" lon="-78.863462"><ele>181.08</ele><time>2026-07-13T16:44:37Z</time></trkpt>
      <trkpt lat="42.875431" lon="-78.863361"><ele>179.67</ele><time>2026-07-13T16:44:40Z</time></trkpt>
      <trkpt lat="42.878239" lon="-78.862446"><ele>179</ele><time>2026-07-13T16:44:51Z</time></trkpt>
      <trkpt lat="42.877573" lon="-78.858592"><ele>178</ele><time>2026-07-13T16:45:01Z</time></trkpt>
      <trkpt lat="42.877052" lon="-78.858761"><ele>178</ele><time>2026-07-13T16:45:05Z</time></trkpt>
      <trkpt lat="42.87699" lon="-78.85868"><ele>178</ele><time>2026-07-13T16:45:06Z</time></trkpt>
      <trkpt lat="42.876967" lon="-78.858553"><ele>178.04</ele><time>2026-07-13T16:45:07Z</time></trkpt>
      <trkpt lat="42.876978" lon="-78.858485"><ele>178.01</ele><time>2026-07-13T16:45:08Z</time></trkpt>
      <trkpt lat="42.876828" lon="-78.857606"><ele>178.14</ele><time>2026-07-13T16:45:13Z</time></trkpt>
      <trkpt lat="42.876671" lon="-78.85766"><ele>178.42</ele><time>2026-07-13T16:45:14Z</time></trkpt>
    </trkseg>
  </trk>
</gpx>
