<?xml version="1.0" encoding="UTF-8"?>
<gpx version="1.1" creator="HoldMyTrack" xmlns="http://www.topografix.com/GPX/1/1" xmlns:gpxtpx="http://www.garmin.com/xmlschemas/TrackPointExtension/v1">
  <trk>
    <type>walking</type>
    <trkseg>
      <trkpt lat="41.391767179889435" lon="-81.74833130044206"><ele>232.2</ele><time>2026-09-19T21:27:43Z</time></trkpt>
      <trkpt lat="41.39176717988972" lon="-81.74833130044225"><ele>232.2</ele><time>2026-09-19T21:27:44Z</time></trkpt>
      <trkpt lat="41.39176780901654" lon="-81.74833171196664"><ele>232.2</ele><time>2026-09-19T21:27:45Z</time></trkpt>
      <trkpt lat="41.39176880718952" lon="-81.74833220439685"><ele>232.2</ele><time>2026-09-19T21:27:46Z</time></trkpt>
      <trkpt lat="41.391769522478505" lon="-81.74833200126851"><ele>232</ele><time>2026-09-19T21:27:47Z</time></trkpt>
      <trkpt lat="41.391769377332444" lon="-81.74832987769113"><ele>232</ele><time>2026-09-19T21:27:48Z</time></trkpt>
      <trkpt lat="41.39176851500941" lon="-81.7483256126628"><ele>232</ele><time>2026-09-19T21:27:49Z</time></trkpt>
      <trkpt lat="41.391767038104234" lon="-81.74831908734485"><ele>232</ele><time>2026-09-19T21:27:50Z</time></trkpt>
      <trkpt lat="41.391764820725115" lon="-81.74830941719647"><ele>232</ele><time>2026-09-19T21:27:51Z</time></trkpt>
      <trkpt lat="41.39176214186061" lon="-81.74829668468051"><ele>232</ele><time>2026-09-19T21:27:52Z</time></trkpt>
      <trkpt lat="41.391759581794595" lon="-81.74828312333469"><ele>232</ele><time>2026-09-19T21:27:53Z</time></trkpt>
      <trkpt lat="41.39175727967512" lon="-81.74826986295334"><ele>232</ele><time>2026-09-19T21:27:54Z</time></trkpt>
      <trkpt lat="41.391755104210276" lon="-81.74825588555132"><ele>232.2</ele><time>2026-09-19T21:27:55Z</time></trkpt>
      <trkpt lat="41.39175295027649" lon="-81.74824105805659"><ele>232.2</ele><time>2026-09-19T21:27:56Z</time></trkpt>
      <trkpt lat="41.39175140590395" lon="-81.74822610481598"><ele>232.2</ele><time>2026-09-19T21:27:57Z</time></trkpt>
      <trkpt lat="41.39175049636007" lon="-81.74821172419576"><ele>232.2</ele><time>2026-09-19T21:27:58Z</time></trkpt>
      <trkpt lat="41.39175037807514" lon="-81.74819632240386"><ele>232.2</ele><time>2026-09-19T21:27:59Z</time></trkpt>
      <trkpt lat="41.391751026610144" lon="-81.74818050513065"><ele>232.2</ele><time>2026-09-19T21:28:00Z</time></trkpt>
      <trkpt lat="41.39175188725468" lon="-81.74816410351805"><ele>232.2</ele><time>2026-09-19T21:28:01Z</time></trkpt>
      <trkpt lat="41.39175127277206" lon="-81.74815154043982"><ele>232.799</ele><time>2026-09-19T21:28:02Z</time></trkpt>
      <trkpt lat="41.39174899350716" lon="-81.74814099601585"><ele>232.799</ele><time>2026-09-19T21:28:03Z</time></trkpt>
      <trkpt lat="41.39174436795599" lon="-81.74813084066056"><ele>232.799</ele><time>2026-09-19T21:28:04Z</time></trkpt>
      <trkpt lat="41.39173814607794" lon="-81.74812242650474"><ele>232.799</ele><time>2026-09-19T21:28:05Z</time></trkpt>
      <trkpt lat="41.391730070277845" lon="-81.74811643885361"><ele>232.799</ele><time>2026-09-19T21:28:06Z</time></trkpt>
      <trkpt lat="41.39172210428686" lon="-81.74811269941121"><ele>232.799</ele><time>2026-09-19T21:28:07Z</time></trkpt>
      <trkpt lat="41.391714822077425" lon="-81.74811057363213"><ele>232.799</ele><time>2026-09-19T21:28:08Z</time></trkpt>
      <trkpt lat="41.39170704563861" lon="-81.74811004127558"><ele>232.8</ele><time>2026-09-19T21:28:09Z</time></trkpt>
      <trkpt lat="41.39169569227" lon="-81.7481096235734"><ele>233</ele><time>2026-09-19T21:28:10Z</time></trkpt>
      <trkpt lat="41.39168626187357" lon="-81.7481127898713"><ele>233</ele><time>2026-09-19T21:28:11Z</time></trkpt>
      <trkpt lat="41.391680336681496" lon="-81.74811444655239"><ele>233</ele><time>2026-09-19T21:28:12Z</time></trkpt>
      <trkpt lat="41.39167071708616" lon="-81.74811456587894"><ele>233</ele><time>2026-09-19T21:28:13Z</time></trkpt>
      <trkpt lat="41.391663089396786" lon="-81.74811347931359"><ele>233</ele><time>2026-09-19T21:28:14Z</time></trkpt>
      <trkpt lat="41.391654784105874" lon="-81.7481127982489"><ele>233</ele><time>2026-09-19T21:28:15Z</time></trkpt>
      <trkpt lat="41.391650508738664" lon="-81.74811526046813"><ele>233</ele><time>2026-09-19T21:28:16Z</time></trkpt>
      <trkpt lat="41.39164301690475" lon="-81.74811844620986"><ele>233</ele><time>2026-09-19T21:28:17Z</time></trkpt>
      <trkpt lat="41.391634646102524" lon="-81.74812194549743"><ele>233</ele><time>2026-09-19T21:28:18Z</time></trkpt>
      <trkpt lat="41.391629921881346" lon="-81.74812621931488"><ele>233</ele><time>2026-09-19T21:28:19Z</time></trkpt>
      <trkpt lat="41.39162498066387" lon="-81.74812925048845"><ele>233</ele><time>2026-09-19T21:28:20Z</time></trkpt>
      <trkpt lat="41.39161998573488" lon="-81.74813019968539"><ele>233</ele><time>2026-09-19T21:28:21Z</time></trkpt>
      <trkpt lat="41.39161495118051" lon="-81.74813170356394"><ele>233</ele><time>2026-09-19T21:28:22Z</time></trkpt>
      <trkpt lat="41.391605151386756" lon="-81.74813330993487"><ele>233</ele><time>2026-09-19T21:28:23Z</time></trkpt>
      <trkpt lat="41.39159577211172" lon="-81.74813485131001"><ele>233</ele><time>2026-09-19T21:28:24Z</time></trkpt>
      <trkpt lat="41.39158853759143" lon="-81.74813597965735"><ele>233</ele><time>2026-09-19T21:28:25Z</time></trkpt>
      <trkpt lat="41.39157724082505" lon="-81.74813519964542"><ele>232.6</ele><time>2026-09-19T21:28:26Z</time></trkpt>
      <trkpt lat="41.39156753894301" lon="-81.74813497420399"><ele>232.6</ele><time>2026-09-19T21:28:27Z</time></trkpt>
      <trkpt lat="41.39156026005073" lon="-81.74813467710693"><ele>232.6</ele><time>2026-09-19T21:28:28Z</time></trkpt>
      <trkpt lat="41.39155370352156" lon="-81.74813348308464"><ele>232.6</ele><time>2026-09-19T21:28:29Z</time></trkpt>
      <trkpt lat="41.39154354566333" lon="-81.74813270503816"><ele>232.6</ele><time>2026-09-19T21:28:30Z</time></trkpt>
      <trkpt lat="41.3915339776106" lon="-81.74813481135685"><ele>232.6</ele><time>2026-09-19T21:28:31Z</time></trkpt>
      <trkpt lat="41.39152281207439" lon="-81.74813922708728"><ele>232.6</ele><time>2026-09-19T21:28:32Z</time></trkpt>
      <trkpt lat="41.3915134362377" lon="-81.74814503930823"><ele>233</ele><time>2026-09-19T21:28:33Z</time></trkpt>
      <trkpt lat="41.39150682535573" lon="-81.74815091294826"><ele>233</ele><time>2026-09-19T21:28:34Z</time></trkpt>
      <trkpt lat="41.391500462425356" lon="-81.74815821306994"><ele>233</ele><time>2026-09-19T21:28:35Z</time></trkpt>
      <trkpt lat="41.3914922178679" lon="-81.74816792944671"><ele>233</ele><time>2026-09-19T21:28:36Z</time></trkpt>
      <trkpt lat="41.39148483456232" lon="-81.74817961891726"><ele>233</ele><time>2026-09-19T21:28:37Z</time></trkpt>
      <trkpt lat="41.39147719276033" lon="-81.74819331711271"><ele>233</ele><time>2026-09-19T21:28:38Z</time></trkpt>
      <trkpt lat="41.39147037297962" lon="-81.7482069899634"><ele>233</ele><time>2026-09-19T21:28:39Z</time></trkpt>
      <trkpt lat="41.391464589253324" lon="-81.74821693123094"><ele>233</ele><time>2026-09-19T21:28:40Z</time></trkpt>
      <trkpt lat="41.39145766456396" lon="-81.74822760739922"><ele>232.8</ele><time>2026-09-19T21:28:41Z</time></trkpt>
      <trkpt lat="41.391453511811434" lon="-81.74823626708381"><ele>232.8</ele><time>2026-09-19T21:28:42Z</time></trkpt>
      <trkpt lat="41.39144985483132" lon="-81.74824381681597"><ele>232.8</ele><time>2026-09-19T21:28:43Z</time></trkpt>
      <trkpt lat="41.39144579460479" lon="-81.74825270955543"><ele>232.8</ele><time>2026-09-19T21:28:44Z</time></trkpt>
      <trkpt lat="41.39143931198408" lon="-81.7482691288377"><ele>232.8</ele><time>2026-09-19T21:28:45Z</time></trkpt>
      <trkpt lat="41.39143554783757" lon="-81.7482784985951"><ele>232.8</ele><time>2026-09-19T21:28:46Z</time></trkpt>
      <trkpt lat="41.39143330546199" lon="-81.74828832741296"><ele>232.8</ele><time>2026-09-19T21:28:47Z</time></trkpt>
      <trkpt lat="41.39143098566593" lon="-81.74829813978533"><ele>232.8</ele><time>2026-09-19T21:28:48Z</time></trkpt>
      <trkpt lat="41.39142677420103" lon="-81.74831204415403"><ele>232.5</ele><time>2026-09-19T21:28:49Z</time></trkpt>
      <trkpt lat="41.3914228614426" lon="-81.74832236746911"><ele>232.5</ele><time>2026-09-19T21:28:50Z</time></trkpt>
      <trkpt lat="41.39141763787647" lon="-81.74833000782802"><ele>232.5</ele><time>2026-09-19T21:28:51Z</time></trkpt>
      <trkpt lat="41.39141048248563" lon="-81.7483376699314"><ele>232.5</ele><time>2026-09-19T21:28:52Z</time></trkpt>
      <trkpt lat="41.39140466733255" lon="-81.74834348925165"><ele>232.5</ele><time>2026-09-19T21:28:53Z</time></trkpt>
      <trkpt lat="41.39139792810314" lon="-81.74834974167833"><ele>232.5</ele><time>2026-09-19T21:28:54Z</time></trkpt>
      <trkpt lat="41.3913900632342" lon="-81.7483552765448"><ele>232.5</ele><time>2026-09-19T21:28:55Z</time></trkpt>
      <trkpt lat="41.39138237401569" lon="-81.74835694996167"><ele>232.5</ele><time>2026-09-19T21:28:56Z</time></trkpt>
      <trkpt lat="41.39137664965549" lon="-81.74835941030913"><ele>232.2</ele><time>2026-09-19T21:28:57Z</time></trkpt>
      <trkpt lat="41.391366248412275" lon="-81.7483602326264"><ele>232.2</ele><time>2026-09-19T21:28:58Z</time></trkpt>
      <trkpt lat="41.39135468535119" lon="-81.74836170112808"><ele>232.2</ele><time>2026-09-19T21:28:59Z</time></trkpt>
      <trkpt lat="41.391346877895124" lon="-81.74836326535588"><ele>232.2</ele><time>2026-09-19T21:29:00Z</time></trkpt>
      <trkpt lat="41.391339657184666" lon="-81.74836464075744"><ele>232.2</ele><time>2026-09-19T21:29:01Z</time></trkpt>
      <trkpt lat="41.391326854579624" lon="-81.748365018263"><ele>232.2</ele><time>2026-09-19T21:29:02Z</time></trkpt>
      <trkpt lat="41.39131920358453" lon="-81.74836544649914"><ele>232.2</ele><time>2026-09-19T21:29:03Z</time></trkpt>
      <trkpt lat="41.3913093403241" lon="-81.74836711501061"><ele>232.799</ele><time>2026-09-19T21:29:04Z</time></trkpt>
      <trkpt lat="41.39130227426013" lon="-81.74837002892191"><ele>232.8</ele><time>2026-09-19T21:29:05Z</time></trkpt>
      <trkpt lat="41.39129689595563" lon="-81.74837302317185"><ele>232.8</ele><time>2026-09-19T21:29:06Z</time></trkpt>
      <trkpt lat="41.39129215456478" lon="-81.74837515586216"><ele>232.8</ele><time>2026-09-19T21:29:07Z</time></trkpt>
      <trkpt lat="41.3912841388167" lon="-81.74837772150295"><ele>232.8</ele><time>2026-09-19T21:29:08Z</time></trkpt>
      <trkpt lat="41.39127836052229" lon="-81.7483785876149"><ele>232.8</ele><time>2026-09-19T21:29:09Z</time></trkpt>
      <trkpt lat="41.39126802812301" lon="-81.74838016006451"><ele>232.8</ele><time>2026-09-19T21:29:10Z</time></trkpt>
      <trkpt lat="41.39125684791712" lon="-81.74838217713777"><ele>232.8</ele><time>2026-09-19T21:29:11Z</time></trkpt>
      <trkpt lat="41.39124617118458" lon="-81.74838561218638"><ele>232.8</ele><time>2026-09-19T21:29:12Z</time></trkpt>
      <trkpt lat="41.39122948848312" lon="-81.74839074775272"><ele>232.8</ele><time>2026-09-19T21:29:13Z</time></trkpt>
      <trkpt lat="41.39122064416053" lon="-81.74839333078037"><ele>232.8</ele><time>2026-09-19T21:29:14Z</time></trkpt>
      <trkpt lat="41.391208959543" lon="-81.74839590671645"><ele>232.8</ele><time>2026-09-19T21:29:15Z</time></trkpt>
      <trkpt lat="41.391199014396605" lon="-81.74839637167976"><ele>232.8</ele><time>2026-09-19T21:29:16Z</time></trkpt>
      <trkpt lat="41.39119096109247" lon="-81.74839601723504"><ele>232.8</ele><time>2026-09-19T21:29:17Z</time></trkpt>
      <trkpt lat="41.39118557748948" lon="-81.74839385881359"><ele>232.8</ele><time>2026-09-19T21:29:18Z</time></trkpt>
      <trkpt lat="41.39118179802378" lon="-81.74839316005948"><ele>232.8</ele><time>2026-09-19T21:29:19Z</time></trkpt>
      <trkpt lat="41.39117838343878" lon="-81.74839197998911"><ele>232.5</ele><time>2026-09-19T21:29:20Z</time></trkpt>
      <trkpt lat="41.39117047840579" lon="-81.74839167025885"><ele>232.5</ele><time>2026-09-19T21:29:21Z</time></trkpt>
      <trkpt lat="41.391163902277604" lon="-81.74839137050694"><ele>232.5</ele><time>2026-09-19T21:29:22Z</time></trkpt>
      <trkpt lat="41.39115427692036" lon="-81.74839487771878"><ele>232.5</ele><time>2026-09-19T21:29:23Z</time></trkpt>
      <trkpt lat="41.3911426430084" lon="-81.74840267489016"><ele>232.5</ele><time>2026-09-19T21:29:24Z</time></trkpt>
      <trkpt lat="41.39113372115664" lon="-81.74841327268238"><ele>232.5</ele><time>2026-09-19T21:29:25Z</time></trkpt>
      <trkpt lat="41.39112587659168" lon="-81.74842833162943"><ele>232.5</ele><time>2026-09-19T21:29:26Z</time></trkpt>
      <trkpt lat="41.39112046700341" lon="-81.74843875621377"><ele>232.5</ele><time>2026-09-19T21:29:27Z</time></trkpt>
      <trkpt lat="41.39111635464667" lon="-81.74845035546599"><ele>231.7</ele><time>2026-09-19T21:29:28Z</time></trkpt>
      <trkpt lat="41.39111137556752" lon="-81.74845831249418"><ele>231.7</ele><time>2026-09-19T21:29:29Z</time></trkpt>
      <trkpt lat="41.39110558787943" lon="-81.74847084126546"><ele>231.7</ele><time>2026-09-19T21:29:30Z</time></trkpt>
      <trkpt lat="41.391101433189576" lon="-81.74848107725565"><ele>231.7</ele><time>2026-09-19T21:29:31Z</time></trkpt>
      <trkpt lat="41.39109662995206" lon="-81.7484943056227"><ele>231.7</ele><time>2026-09-19T21:29:32Z</time></trkpt>
      <trkpt lat="41.39109176934785" lon="-81.74850644902521"><ele>231.7</ele><time>2026-09-19T21:29:33Z</time></trkpt>
      <trkpt lat="41.39108706918289" lon="-81.74851564819633"><ele>231.7</ele><time>2026-09-19T21:29:34Z</time></trkpt>
      <trkpt lat="41.39108299794942" lon="-81.74852325600757"><ele>231.7</ele><time>2026-09-19T21:29:35Z</time></trkpt>
      <trkpt lat="41.391078402678474" lon="-81.74853334716403"><ele>233</ele><time>2026-09-19T21:29:36Z</time></trkpt>
      <trkpt lat="41.3910738767526" lon="-81.74854345215121"><ele>233</ele><time>2026-09-19T21:29:37Z</time></trkpt>
      <trkpt lat="41.391068227579254" lon="-81.74855534262294"><ele>233</ele><time>2026-09-19T21:29:38Z</time></trkpt>
      <trkpt lat="41.391062472651754" lon="-81.74856757571764"><ele>233</ele><time>2026-09-19T21:29:39Z</time></trkpt>
      <trkpt lat="41.39105585704261" lon="-81.74857738453"><ele>233</ele><time>2026-09-19T21:29:40Z</time></trkpt>
      <trkpt lat="41.39104676514266" lon="-81.74858791120572"><ele>233</ele><time>2026-09-19T21:29:41Z</time></trkpt>
      <trkpt lat="41.39103889903618" lon="-81.74859582992245"><ele>233</ele><time>2026-09-19T21:29:42Z</time></trkpt>
      <trkpt lat="41.391030268371445" lon="-81.74860316756684"><ele>232.8</ele><time>2026-09-19T21:29:43Z</time></trkpt>
      <trkpt lat="41.391021824075715" lon="-81.74860923268822"><ele>232.8</ele><time>2026-09-19T21:29:44Z</time></trkpt>
      <trkpt lat="41.39101233168436" lon="-81.74861476495421"><ele>232.8</ele><time>2026-09-19T21:29:45Z</time></trkpt>
      <trkpt lat="41.39100330111079" lon="-81.7486189765866"><ele>232.8</ele><time>2026-09-19T21:29:46Z</time></trkpt>
      <trkpt lat="41.39099309075299" lon="-81.74862247751524"><ele>232.8</ele><time>2026-09-19T21:29:47Z</time></trkpt>
      <trkpt lat="41.39098271193658" lon="-81.74862538412577"><ele>232.8</ele><time>2026-09-19T21:29:48Z</time></trkpt>
      <trkpt lat="41.390974216409404" lon="-81.74862740008294"><ele>232.8</ele><time>2026-09-19T21:29:49Z</time></trkpt>
      <trkpt lat="41.39096749153685" lon="-81.74862876794957"><ele>232.8</ele><time>2026-09-19T21:29:50Z</time></trkpt>
      <trkpt lat="41.39096133949076" lon="-81.74863043763304"><ele>232.8</ele><time>2026-09-19T21:29:51Z</time></trkpt>
      <trkpt lat="41.39095496023912" lon="-81.7486335686358"><ele>232.5</ele><time>2026-09-19T21:29:52Z</time></trkpt>
      <trkpt lat="41.390946238560886" lon="-81.74863454822824"><ele>232.5</ele><time>2026-09-19T21:29:53Z</time></trkpt>
      <trkpt lat="41.39093837699432" lon="-81.74863405668289"><ele>232.5</ele><time>2026-09-19T21:29:54Z</time></trkpt>
      <trkpt lat="41.39092938834042" lon="-81.74863291005626"><ele>232.5</ele><time>2026-09-19T21:29:55Z</time></trkpt>
      <trkpt lat="41.39091997492286" lon="-81.74863146948722"><ele>232.5</ele><time>2026-09-19T21:29:56Z</time></trkpt>
      <trkpt lat="41.39091170149796" lon="-81.74862989198803"><ele>232.5</ele><time>2026-09-19T21:29:57Z</time></trkpt>
      <trkpt lat="41.39090345226141" lon="-81.74862939688796"><ele>232.5</ele><time>2026-09-19T21:29:58Z</time></trkpt>
      <trkpt lat="41.39089644302116" lon="-81.74863311258974"><ele>232.8</ele><time>2026-09-19T21:29:59Z</time></trkpt>
      <trkpt lat="41.39088812106406" lon="-81.7486378324048"><ele>232.8</ele><time>2026-09-19T21:30:00Z</time></trkpt>
      <trkpt lat="41.39087849429027" lon="-81.74864104694542"><ele>232.8</ele><time>2026-09-19T21:30:01Z</time></trkpt>
      <trkpt lat="41.390870136699476" lon="-81.74864267371667"><ele>232.8</ele><time>2026-09-19T21:30:02Z</time></trkpt>
      <trkpt lat="41.3908607166314" lon="-81.74864384242083"><ele>232.8</ele><time>2026-09-19T21:30:03Z</time></trkpt>
      <trkpt lat="41.390852951631366" lon="-81.74864420725058"><ele>232.8</ele><time>2026-09-19T21:30:04Z</time></trkpt>
      <trkpt lat="41.390843764153054" lon="-81.74864402155993"><ele>232.8</ele><time>2026-09-19T21:30:05Z</time></trkpt>
      <trkpt lat="41.390834875855035" lon="-81.74864315639704"><ele>232.8</ele><time>2026-09-19T21:30:06Z</time></trkpt>
      <trkpt lat="41.39082474393776" lon="-81.74864216836173"><ele>232.3</ele><time>2026-09-19T21:30:07Z</time></trkpt>
      <trkpt lat="41.39081443419942" lon="-81.74864037131839"><ele>232.3</ele><time>2026-09-19T21:30:08Z</time></trkpt>
      <trkpt lat="41.39080488895136" lon="-81.74863767472765"><ele>232.3</ele><time>2026-09-19T21:30:09Z</time></trkpt>
      <trkpt lat="41.3907941091787" lon="-81.74863452077187"><ele>232.3</ele><time>2026-09-19T21:30:10Z</time></trkpt>
      <trkpt lat="41.39078386818748" lon="-81.74863219142621"><ele>232.3</ele><time>2026-09-19T21:30:11Z</time></trkpt>
      <trkpt lat="41.39077168380786" lon="-81.74863022649693"><ele>232.3</ele><time>2026-09-19T21:30:12Z</time></trkpt>
      <trkpt lat="41.390761826146594" lon="-81.74862957626459"><ele>232.3</ele><time>2026-09-19T21:30:13Z</time></trkpt>
      <trkpt lat="41.39075323664262" lon="-81.748629789179"><ele>232.3</ele><time>2026-09-19T21:30:14Z</time></trkpt>
      <trkpt lat="41.39074226517743" lon="-81.74863101309737"><ele>232.3</ele><time>2026-09-19T21:30:15Z</time></trkpt>
      <trkpt lat="41.390731892222895" lon="-81.74863158344647"><ele>232.3</ele><time>2026-09-19T21:30:16Z</time></trkpt>
      <trkpt lat="41.390720078157834" lon="-81.74863207057538"><ele>232.3</ele><time>2026-09-19T21:30:17Z</time></trkpt>
      <trkpt lat="41.3907083422505" lon="-81.74863296161304"><ele>232.3</ele><time>2026-09-19T21:30:18Z</time></trkpt>
      <trkpt lat="41.39069922444273" lon="-81.74863327183778"><ele>232.3</ele><time>2026-09-19T21:30:19Z</time></trkpt>
      <trkpt lat="41.39068889482654" lon="-81.74863348597577"><ele>232.3</ele><time>2026-09-19T21:30:20Z</time></trkpt>
      <trkpt lat="41.39068012491341" lon="-81.74863412412067"><ele>232.3</ele><time>2026-09-19T21:30:21Z</time></trkpt>
      <trkpt lat="41.390667072352024" lon="-81.74863695889712"><ele>232.3</ele><time>2026-09-19T21:30:22Z</time></trkpt>
      <trkpt lat="41.390655146694094" lon="-81.74864060542495"><ele>232.7</ele><time>2026-09-19T21:30:23Z</time></trkpt>
      <trkpt lat="41.39064825814909" lon="-81.7486413040592"><ele>232.7</ele><time>2026-09-19T21:30:24Z</time></trkpt>
      <trkpt lat="41.39063653112903" lon="-81.74864099545057"><ele>232.7</ele><time>2026-09-19T21:30:25Z</time></trkpt>
      <trkpt lat="41.39062442761524" lon="-81.74863882235287"><ele>232.7</ele><time>2026-09-19T21:30:26Z</time></trkpt>
      <trkpt lat="41.39061536377312" lon="-81.74863800764284"><ele>232.7</ele><time>2026-09-19T21:30:27Z</time></trkpt>
      <trkpt lat="41.390604264159656" lon="-81.74863668404147"><ele>232.7</ele><time>2026-09-19T21:30:28Z</time></trkpt>
      <trkpt lat="41.39059461896213" lon="-81.74863538758828"><ele>232.7</ele><time>2026-09-19T21:30:29Z</time></trkpt>
      <trkpt lat="41.39058698255943" lon="-81.74863469674183"><ele>232.7</ele><time>2026-09-19T21:30:30Z</time></trkpt>
      <trkpt lat="41.3905779953827" lon="-81.74863536930391"><ele>232.5</ele><time>2026-09-19T21:30:31Z</time></trkpt>
      <trkpt lat="41.39056700358856" lon="-81.7486330778366"><ele>232.5</ele><time>2026-09-19T21:30:32Z</time></trkpt>
      <trkpt lat="41.39055634871619" lon="-81.74862719753926"><ele>232.5</ele><time>2026-09-19T21:30:33Z</time></trkpt>
      <trkpt lat="41.39054704255988" lon="-81.74862018144789"><ele>232.5</ele><time>2026-09-19T21:30:34Z</time></trkpt>
      <trkpt lat="41.39053915484784" lon="-81.7486144487694"><ele>232.5</ele><time>2026-09-19T21:30:35Z</time></trkpt>
      <trkpt lat="41.3905306802245" lon="-81.74860833329191"><ele>232.5</ele><time>2026-09-19T21:30:36Z</time></trkpt>
      <trkpt lat="41.390522677979206" lon="-81.7486033751931"><ele>232.5</ele><time>2026-09-19T21:30:37Z</time></trkpt>
      <trkpt lat="41.39051306321938" lon="-81.748599603571"><ele>232.8</ele><time>2026-09-19T21:30:38Z</time></trkpt>
      <trkpt lat="41.39050094606552" lon="-81.74859671405838"><ele>232.8</ele><time>2026-09-19T21:30:39Z</time></trkpt>
      <trkpt lat="41.39049064330894" lon="-81.74858922782707"><ele>232.8</ele><time>2026-09-19T21:30:40Z</time></trkpt>
      <trkpt lat="41.390483102109386" lon="-81.74858120536459"><ele>232.8</ele><time>2026-09-19T21:30:41Z</time></trkpt>
      <trkpt lat="41.39047540033756" lon="-81.74857054773862"><ele>232.8</ele><time>2026-09-19T21:30:42Z</time></trkpt>
      <trkpt lat="41.39046681917043" lon="-81.74855795567191"><ele>232.8</ele><time>2026-09-19T21:30:43Z</time></trkpt>
      <trkpt lat="41.390457186501195" lon="-81.74854510134034"><ele>232.8</ele><time>2026-09-19T21:30:44Z</time></trkpt>
      <trkpt lat="41.390447914828066" lon="-81.74853347479142"><ele>232.8</ele><time>2026-09-19T21:30:45Z</time></trkpt>
      <trkpt lat="41.39043950993359" lon="-81.7485242612921"><ele>232.8</ele><time>2026-09-19T21:30:46Z</time></trkpt>
      <trkpt lat="41.39043192212254" lon="-81.74851684961604"><ele>232.8</ele><time>2026-09-19T21:30:47Z</time></trkpt>
      <trkpt lat="41.3904233543039" lon="-81.74851072239555"><ele>232.8</ele><time>2026-09-19T21:30:48Z</time></trkpt>
      <trkpt lat="41.39041364364064" lon="-81.74850509683866"><ele>232.8</ele><time>2026-09-19T21:30:49Z</time></trkpt>
      <trkpt lat="41.39040414846848" lon="-81.74850185334567"><ele>232.8</ele><time>2026-09-19T21:30:50Z</time></trkpt>
      <trkpt lat="41.390396376769694" lon="-81.7485010543057"><ele>232.7</ele><time>2026-09-19T21:30:51Z</time></trkpt>
      <trkpt lat="41.39038724634607" lon="-81.74850098742247"><ele>232.7</ele><time>2026-09-19T21:30:52Z</time></trkpt>
      <trkpt lat="41.390378518477505" lon="-81.74850160624932"><ele>232.7</ele><time>2026-09-19T21:30:53Z</time></trkpt>
      <trkpt lat="41.39036876177377" lon="-81.74850334052708"><ele>232.7</ele><time>2026-09-19T21:30:54Z</time></trkpt>
      <trkpt lat="41.39035930259803" lon="-81.74850623720792"><ele>232.7</ele><time>2026-09-19T21:30:55Z</time></trkpt>
      <trkpt lat="41.39035051652267" lon="-81.74850883565354"><ele>232.7</ele><time>2026-09-19T21:30:56Z</time></trkpt>
      <trkpt lat="41.3903397743287" lon="-81.74851178293262"><ele>232.7</ele><time>2026-09-19T21:30:57Z</time></trkpt>
      <trkpt lat="41.390330032825865" lon="-81.74851365354456"><ele>232.7</ele><time>2026-09-19T21:30:58Z</time></trkpt>
      <trkpt lat="41.39031915671126" lon="-81.74851458911803"><ele>232.799</ele><time>2026-09-19T21:30:59Z</time></trkpt>
      <trkpt lat="41.39030885238678" lon="-81.74851523935682"><ele>232.799</ele><time>2026-09-19T21:31:00Z</time></trkpt>
      <trkpt lat="41.39030006592339" lon="-81.74851605581564"><ele>232.799</ele><time>2026-09-19T21:31:01Z</time></trkpt>
      <trkpt lat="41.39029248264744" lon="-81.74851644807237"><ele>232.799</ele><time>2026-09-19T21:31:02Z</time></trkpt>
      <trkpt lat="41.39028430861729" lon="-81.74851668852752"><ele>232.799</ele><time>2026-09-19T21:31:03Z</time></trkpt>
      <trkpt lat="41.390276811867565" lon="-81.74851694416382"><ele>232.8</ele><time>2026-09-19T21:31:04Z</time></trkpt>
      <trkpt lat="41.390268258544275" lon="-81.74851739250651"><ele>232.8</ele><time>2026-09-19T21:31:05Z</time></trkpt>
      <trkpt lat="41.39025965328405" lon="-81.74851834490467"><ele>232.5</ele><time>2026-09-19T21:31:06Z</time></trkpt>
      <trkpt lat="41.39025196465615" lon="-81.74851930533848"><ele>232.5</ele><time>2026-09-19T21:31:07Z</time></trkpt>
      <trkpt lat="41.39024332555788" lon="-81.74852094077586"><ele>232.5</ele><time>2026-09-19T21:31:08Z</time></trkpt>
      <trkpt lat="41.39023468105989" lon="-81.74852207212244"><ele>232.5</ele><time>2026-09-19T21:31:09Z</time></trkpt>
      <trkpt lat="41.39022465766819" lon="-81.74852348503553"><ele>232.5</ele><time>2026-09-19T21:31:10Z</time></trkpt>
      <trkpt lat="41.39021429194454" lon="-81.74852504965085"><ele>232.5</ele><time>2026-09-19T21:31:11Z</time></trkpt>
      <trkpt lat="41.39020321816527" lon="-81.74852666391703"><ele>232.5</ele><time>2026-09-19T21:31:12Z</time></trkpt>
      <trkpt lat="41.39019369588444" lon="-81.74852827543361"><ele>232.5</ele><time>2026-09-19T21:31:13Z</time></trkpt>
      <trkpt lat="41.3901828694879" lon="-81.7485298290505"><ele>232.5</ele><time>2026-09-19T21:31:14Z</time></trkpt>
      <trkpt lat="41.390171579245774" lon="-81.74853121171789"><ele>232.7</ele><time>2026-09-19T21:31:15Z</time></trkpt>
      <trkpt lat="41.390161868249265" lon="-81.74853213943653"><ele>232.7</ele><time>2026-09-19T21:31:16Z</time></trkpt>
      <trkpt lat="41.39015069216852" lon="-81.74853353992508"><ele>232.7</ele><time>2026-09-19T21:31:17Z</time></trkpt>
      <trkpt lat="41.39014020825614" lon="-81.74853514700538"><ele>232.7</ele><time>2026-09-19T21:31:18Z</time></trkpt>
      <trkpt lat="41.390131599266404" lon="-81.7485369010911"><ele>232.7</ele><time>2026-09-19T21:31:19Z</time></trkpt>
      <trkpt lat="41.39012125620958" lon="-81.74853888960128"><ele>232.7</ele><time>2026-09-19T21:31:20Z</time></trkpt>
      <trkpt lat="41.3901117855204" lon="-81.74854242181604"><ele>232.7</ele><time>2026-09-19T21:31:21Z</time></trkpt>
      <trkpt lat="41.39010239736842" lon="-81.74854763584753"><ele>233.2</ele><time>2026-09-19T21:31:22Z</time></trkpt>
      <trkpt lat="41.39009207325137" lon="-81.74855215239323"><ele>233.2</ele><time>2026-09-19T21:31:23Z</time></trkpt>
      <trkpt lat="41.390080489052174" lon="-81.74855548799886"><ele>233.2</ele><time>2026-09-19T21:31:24Z</time></trkpt>
      <trkpt lat="41.39007106057166" lon="-81.74855597827002"><ele>233.2</ele><time>2026-09-19T21:31:25Z</time></trkpt>
      <trkpt lat="41.390060685067425" lon="-81.74855539292143"><ele>233.2</ele><time>2026-09-19T21:31:26Z</time></trkpt>
      <trkpt lat="41.39005137998079" lon="-81.74855542151262"><ele>233.2</ele><time>2026-09-19T21:31:27Z</time></trkpt>
      <trkpt lat="41.39004127854403" lon="-81.74855662097231"><ele>233.2</ele><time>2026-09-19T21:31:28Z</time></trkpt>
      <trkpt lat="41.39003009898835" lon="-81.74855769350324"><ele>233.2</ele><time>2026-09-19T21:31:29Z</time></trkpt>
      <trkpt lat="41.390023824029434" lon="-81.74855698872841"><ele>232.5</ele><time>2026-09-19T21:31:30Z</time></trkpt>
      <trkpt lat="41.39001428248515" lon="-81.74855717856958"><ele>232.5</ele><time>2026-09-19T21:31:31Z</time></trkpt>
      <trkpt lat="41.390007377473175" lon="-81.74855879036333"><ele>232.5</ele><time>2026-09-19T21:31:32Z</time></trkpt>
      <trkpt lat="41.38999781729359" lon="-81.74856167168495"><ele>232.5</ele><time>2026-09-19T21:31:33Z</time></trkpt>
      <trkpt lat="41.389986823669794" lon="-81.74856456694633"><ele>232.5</ele><time>2026-09-19T21:31:34Z</time></trkpt>
      <trkpt lat="41.389976266165306" lon="-81.74856625928092"><ele>232.5</ele><time>2026-09-19T21:31:35Z</time></trkpt>
      <trkpt lat="41.389969225786174" lon="-81.7485668199885"><ele>232.5</ele><time>2026-09-19T21:31:36Z</time></trkpt>
      <trkpt lat="41.389960034812596" lon="-81.7485678065901"><ele>232.5</ele><time>2026-09-19T21:31:37Z</time></trkpt>
      <trkpt lat="41.389950940540146" lon="-81.74857195964579"><ele>232.7</ele><time>2026-09-19T21:31:38Z</time></trkpt>
      <trkpt lat="41.38993982924909" lon="-81.74857692653242"><ele>232.7</ele><time>2026-09-19T21:31:39Z</time></trkpt>
      <trkpt lat="41.389928243649415" lon="-81.74858261526845"><ele>232.7</ele><time>2026-09-19T21:31:40Z</time></trkpt>
      <trkpt lat="41.389921038556864" lon="-81.74858630937985"><ele>232.7</ele><time>2026-09-19T21:31:41Z</time></trkpt>
      <trkpt lat="41.389912852042464" lon="-81.74859204939732"><ele>232.7</ele><time>2026-09-19T21:31:42Z</time></trkpt>
      <trkpt lat="41.38990651767746" lon="-81.74859838743144"><ele>232.7</ele><time>2026-09-19T21:31:43Z</time></trkpt>
      <trkpt lat="41.389899950516515" lon="-81.74860741416057"><ele>232.7</ele><time>2026-09-19T21:31:44Z</time></trkpt>
      <trkpt lat="41.389895910204004" lon="-81.74862021301566"><ele>232.7</ele><time>2026-09-19T21:31:45Z</time></trkpt>
      <trkpt lat="41.389894446761986" lon="-81.74863489155307"><ele>232.799</ele><time>2026-09-19T21:31:46Z</time></trkpt>
      <trkpt lat="41.38989409674843" lon="-81.7486527949769"><ele>232.799</ele><time>2026-09-19T21:31:47Z</time></trkpt>
      <trkpt lat="41.38989451014977" lon="-81.74866849337766"><ele>232.8</ele><time>2026-09-19T21:31:48Z</time></trkpt>
      <trkpt lat="41.389896100367366" lon="-81.74868101848948"><ele>232.8</ele><time>2026-09-19T21:31:49Z</time></trkpt>
      <trkpt lat="41.38989879095213" lon="-81.7486945620908"><ele>232.8</ele><time>2026-09-19T21:31:50Z</time></trkpt>
      <trkpt lat="41.389901799327596" lon="-81.74870664418114"><ele>232.8</ele><time>2026-09-19T21:31:51Z</time></trkpt>
      <trkpt lat="41.389904899828586" lon="-81.74872102547135"><ele>232.8</ele><time>2026-09-19T21:31:52Z</time></trkpt>
      <trkpt lat="41.38990908817337" lon="-81.74873611889448"><ele>232.8</ele><time>2026-09-19T21:31:53Z</time></trkpt>
      <trkpt lat="41.38991495811989" lon="-81.74875661895732"><ele>232.5</ele><time>2026-09-19T21:31:54Z</time></trkpt>
      <trkpt lat="41.389919119519455" lon="-81.74877373797752"><ele>232.5</ele><time>2026-09-19T21:31:55Z</time></trkpt>
      <trkpt lat="41.38992073377162" lon="-81.74878626164194"><ele>232.5</ele><time>2026-09-19T21:31:56Z</time></trkpt>
      <trkpt lat="41.38991974846188" lon="-81.74880004694833"><ele>232.5</ele><time>2026-09-19T21:31:57Z</time></trkpt>
      <trkpt lat="41.38991517828049" lon="-81.74881054586979"><ele>232.5</ele><time>2026-09-19T21:31:58Z</time></trkpt>
      <trkpt lat="41.389905786379416" lon="-81.7488199239944"><ele>232.5</ele><time>2026-09-19T21:31:59Z</time></trkpt>
      <trkpt lat="41.38989809798244" lon="-81.74882577711519"><ele>232.5</ele><time>2026-09-19T21:32:00Z</time></trkpt>
      <trkpt lat="41.38989140355461" lon="-81.7488286976771"><ele>232.5</ele><time>2026-09-19T21:32:01Z</time></trkpt>
      <trkpt lat="41.38988684122476" lon="-81.74882839903331"><ele>232.7</ele><time>2026-09-19T21:32:02Z</time></trkpt>
      <trkpt lat="41.38988702974531" lon="-81.74882814601455"><ele>232.7</ele><time>2026-09-19T21:32:03Z</time></trkpt>
      <trkpt lat="41.389885914677656" lon="-81.7488260390104"><ele>232.7</ele><time>2026-09-19T21:32:04Z</time></trkpt>
      <trkpt lat="41.38988238095415" lon="-81.74882497101667"><ele>232.7</ele><time>2026-09-19T21:32:05Z</time></trkpt>
      <trkpt lat="41.38987622818459" lon="-81.74882387403967"><ele>232.7</ele><time>2026-09-19T21:32:06Z</time></trkpt>
      <trkpt lat="41.38986797026609" lon="-81.74882498443574"><ele>232.7</ele><time>2026-09-19T21:32:07Z</time></trkpt>
      <trkpt lat="41.389859349280165" lon="-81.74882774593426"><ele>232.7</ele><time>2026-09-19T21:32:08Z</time></trkpt>
      <trkpt lat="41.38985341090755" lon="-81.74882992003377"><ele>232.7</ele><time>2026-09-19T21:32:09Z</time></trkpt>
      <trkpt lat="41.389847550108954" lon="-81.74883368083374"><ele>232.7</ele><time>2026-09-19T21:32:10Z</time></trkpt>
      <trkpt lat="41.38984423941911" lon="-81.74884278913419"><ele>233.2</ele><time>2026-09-19T21:32:11Z</time></trkpt>
      <trkpt lat="41.389836834814865" lon="-81.74884968656886"><ele>233.2</ele><time>2026-09-19T21:32:12Z</time></trkpt>
      <trkpt lat="41.389828389572656" lon="-81.7488517367134"><ele>233.2</ele><time>2026-09-19T21:32:13Z</time></trkpt>
      <trkpt lat="41.38981882597799" lon="-81.74885152068676"><ele>233.2</ele><time>2026-09-19T21:32:14Z</time></trkpt>
      <trkpt lat="41.38980960449753" lon="-81.7488500458778"><ele>233.2</ele><time>2026-09-19T21:32:15Z</time></trkpt>
      <trkpt lat="41.38979895095503" lon="-81.74884860292846"><ele>233.2</ele><time>2026-09-19T21:32:16Z</time></trkpt>
      <trkpt lat="41.38978756890894" lon="-81.748847347198"><ele>233.2</ele><time>2026-09-19T21:32:17Z</time></trkpt>
      <trkpt lat="41.38977681341986" lon="-81.74884772146619"><ele>233.2</ele><time>2026-09-19T21:32:18Z</time></trkpt>
      <trkpt lat="41.38976731724998" lon="-81.7488511430489"><ele>233.1</ele><time>2026-09-19T21:32:19Z</time></trkpt>
      <trkpt lat="41.38975595805911" lon="-81.74885304360077"><ele>233.1</ele><time>2026-09-19T21:32:20Z</time></trkpt>
      <trkpt lat="41.38974410677953" lon="-81.74885358554211"><ele>233.1</ele><time>2026-09-19T21:32:21Z</time></trkpt>
      <trkpt lat="41.38973395002263" lon="-81.74885430262846"><ele>233.1</ele><time>2026-09-19T21:32:22Z</time></trkpt>
      <trkpt lat="41.38972190670723" lon="-81.74885569283647"><ele>233.1</ele><time>2026-09-19T21:32:23Z</time></trkpt>
      <trkpt lat="41.38971003008653" lon="-81.74885756418095"><ele>233.1</ele><time>2026-09-19T21:32:24Z</time></trkpt>
      <trkpt lat="41.38969933176652" lon="-81.7488600587993"><ele>233.1</ele><time>2026-09-19T21:32:25Z</time></trkpt>
      <trkpt lat="41.38968816939534" lon="-81.74886375165791"><ele>233.2</ele><time>2026-09-19T21:32:26Z</time></trkpt>
      <trkpt lat="41.38967689317819" lon="-81.74886773501974"><ele>233.2</ele><time>2026-09-19T21:32:27Z</time></trkpt>
      <trkpt lat="41.389665843472365" lon="-81.74887112006805"><ele>233.2</ele><time>2026-09-19T21:32:28Z</time></trkpt>
      <trkpt lat="41.38965730390535" lon="-81.74887395851776"><ele>233.2</ele><time>2026-09-19T21:32:29Z</time></trkpt>
      <trkpt lat="41.38964773491015" lon="-81.74887742215196"><ele>233.2</ele><time>2026-09-19T21:32:30Z</time></trkpt>
      <trkpt lat="41.38963923415821" lon="-81.74887997460485"><ele>233.2</ele><time>2026-09-19T21:32:31Z</time></trkpt>
      <trkpt lat="41.38962996756428" lon="-81.74888250166262"><ele>233.2</ele><time>2026-09-19T21:32:32Z</time></trkpt>
      <trkpt lat="41.38962066853441" lon="-81.7488858637164"><ele>233.2</ele><time>2026-09-19T21:32:33Z</time></trkpt>
      <trkpt lat="41.389611833764405" lon="-81.74888866816588"><ele>233.2</ele><time>2026-09-19T21:32:34Z</time></trkpt>
      <trkpt lat="41.389601957626944" lon="-81.74889170513799"><ele>233.2</ele><time>2026-09-19T21:32:35Z</time></trkpt>
      <trkpt lat="41.38959112613767" lon="-81.74889476882636"><ele>233.2</ele><time>2026-09-19T21:32:36Z</time></trkpt>
      <trkpt lat="41.38958107668828" lon="-81.74889767197749"><ele>233.2</ele><time>2026-09-19T21:32:37Z</time></trkpt>
      <trkpt lat="41.38956946012412" lon="-81.74890011585379"><ele>233.2</ele><time>2026-09-19T21:32:38Z</time></trkpt>
      <trkpt lat="41.38955746864601" lon="-81.74890148277673"><ele>235</ele><time>2026-09-19T21:32:39Z</time></trkpt>
      <trkpt lat="41.38954834891266" lon="-81.74890156459097"><ele>235</ele><time>2026-09-19T21:32:40Z</time></trkpt>
      <trkpt lat="41.38954039740554" lon="-81.74889926070452"><ele>233.2</ele><time>2026-09-19T21:32:41Z</time></trkpt>
      <trkpt lat="41.38953272187433" lon="-81.74889412860367"><ele>233.2</ele><time>2026-09-19T21:32:42Z</time></trkpt>
      <trkpt lat="41.38952462171866" lon="-81.7488895487739"><ele>233.2</ele><time>2026-09-19T21:32:43Z</time></trkpt>
      <trkpt lat="41.38951447661476" lon="-81.74888618438479"><ele>233.2</ele><time>2026-09-19T21:32:44Z</time></trkpt>
      <trkpt lat="41.38950214145872" lon="-81.7488840043805"><ele>233.2</ele><time>2026-09-19T21:32:45Z</time></trkpt>
      <trkpt lat="41.38949028109452" lon="-81.74888249542342"><ele>233.2</ele><time>2026-09-19T21:32:46Z</time></trkpt>
      <trkpt lat="41.38948146410681" lon="-81.74888228139886"><ele>233.2</ele><time>2026-09-19T21:32:47Z</time></trkpt>
      <trkpt lat="41.3894697264523" lon="-81.74888302789344"><ele>233.2</ele><time>2026-09-19T21:32:48Z</time></trkpt>
      <trkpt lat="41.38945756137913" lon="-81.74888590130496"><ele>233.6</ele><time>2026-09-19T21:32:49Z</time></trkpt>
      <trkpt lat="41.38944419012718" lon="-81.74889018300556"><ele>233.6</ele><time>2026-09-19T21:32:50Z</time></trkpt>
      <trkpt lat="41.38943319885748" lon="-81.74889497305507"><ele>233.6</ele><time>2026-09-19T21:32:51Z</time></trkpt>
      <trkpt lat="41.3894218340431" lon="-81.74889968825768"><ele>233.6</ele><time>2026-09-19T21:32:52Z</time></trkpt>
      <trkpt lat="41.38941556379221" lon="-81.74890353750956"><ele>233.6</ele><time>2026-09-19T21:32:53Z</time></trkpt>
      <trkpt lat="41.38940623000053" lon="-81.74890795391778"><ele>233.6</ele><time>2026-09-19T21:32:54Z</time></trkpt>
      <trkpt lat="41.38939568324671" lon="-81.74891131639406"><ele>233.6</ele><time>2026-09-19T21:32:55Z</time></trkpt>
      <trkpt lat="41.389387034399746" lon="-81.748913705891"><ele>233.6</ele><time>2026-09-19T21:32:56Z</time></trkpt>
      <trkpt lat="41.38937477740326" lon="-81.74891713027051"><ele>234.6</ele><time>2026-09-19T21:32:57Z</time></trkpt>
      <trkpt lat="41.389361902081845" lon="-81.74892184243863"><ele>234.6</ele><time>2026-09-19T21:32:58Z</time></trkpt>
      <trkpt lat="41.389354310320435" lon="-81.74892704286242"><ele>234.6</ele><time>2026-09-19T21:32:59Z</time></trkpt>
      <trkpt lat="41.38934480278177" lon="-81.74893328827459"><ele>234.6</ele><time>2026-09-19T21:33:00Z</time></trkpt>
      <trkpt lat="41.38933474741404" lon="-81.74893940852375"><ele>234.6</ele><time>2026-09-19T21:33:01Z</time></trkpt>
      <trkpt lat="41.38932862004758" lon="-81.74894388578353"><ele>234.6</ele><time>2026-09-19T21:33:02Z</time></trkpt>
      <trkpt lat="41.38931865947928" lon="-81.74894989762736"><ele>234.6</ele><time>2026-09-19T21:33:03Z</time></trkpt>
      <trkpt lat="41.38930960487124" lon="-81.74895562510291"><ele>234.6</ele><time>2026-09-19T21:33:04Z</time></trkpt>
      <trkpt lat="41.38930408231226" lon="-81.74895845934599"><ele>235</ele><time>2026-09-19T21:33:05Z</time></trkpt>
      <trkpt lat="41.389296010619965" lon="-81.74896164362434"><ele>235</ele><time>2026-09-19T21:33:06Z</time></trkpt>
      <trkpt lat="41.38928611657505" lon="-81.74896476389644"><ele>234.6</ele><time>2026-09-19T21:33:07Z</time></trkpt>
      <trkpt lat="41.38927932412682" lon="-81.74896722832545"><ele>234.6</ele><time>2026-09-19T21:33:08Z</time></trkpt>
      <trkpt lat="41.38927065425237" lon="-81.74897125291795"><ele>235</ele><time>2026-09-19T21:33:09Z</time></trkpt>
      <trkpt lat="41.389263801744924" lon="-81.74897412820866"><ele>235</ele><time>2026-09-19T21:33:10Z</time></trkpt>
      <trkpt lat="41.389260285296864" lon="-81.7489756413255"><ele>235</ele><time>2026-09-19T21:33:11Z</time></trkpt>
      <trkpt lat="41.38925293170975" lon="-81.74897893590227"><ele>235</ele><time>2026-09-19T21:33:12Z</time></trkpt>
      <trkpt lat="41.38924446250084" lon="-81.74898390428183"><ele>234.1</ele><time>2026-09-19T21:33:13Z</time></trkpt>
      <trkpt lat="41.38923912986766" lon="-81.74899045862962"><ele>234.1</ele><time>2026-09-19T21:33:14Z</time></trkpt>
      <trkpt lat="41.38923138019951" lon="-81.74899828694872"><ele>234.1</ele><time>2026-09-19T21:33:15Z</time></trkpt>
      <trkpt lat="41.38922283478855" lon="-81.74900598642188"><ele>234.1</ele><time>2026-09-19T21:33:16Z</time></trkpt>
      <trkpt lat="41.389217534159876" lon="-81.74901179632634"><ele>234.1</ele><time>2026-09-19T21:33:17Z</time></trkpt>
      <trkpt lat="41.38921001360425" lon="-81.7490179663968"><ele>234.1</ele><time>2026-09-19T21:33:18Z</time></trkpt>
      <trkpt lat="41.38920253083748" lon="-81.7490231171993"><ele>234.1</ele><time>2026-09-19T21:33:19Z</time></trkpt>
      <trkpt lat="41.38919281891485" lon="-81.74902766762968"><ele>234.1</ele><time>2026-09-19T21:33:20Z</time></trkpt>
      <trkpt lat="41.38918167805128" lon="-81.74903036888342"><ele>234.7</ele><time>2026-09-19T21:33:21Z</time></trkpt>
      <trkpt lat="41.38917519844054" lon="-81.74903409481355"><ele>234.7</ele><time>2026-09-19T21:33:22Z</time></trkpt>
      <trkpt lat="41.38916464042318" lon="-81.7490399359667"><ele>234.7</ele><time>2026-09-19T21:33:23Z</time></trkpt>
      <trkpt lat="41.389153083580624" lon="-81.74904559924985"><ele>234.7</ele><time>2026-09-19T21:33:24Z</time></trkpt>
      <trkpt lat="41.38914374066571" lon="-81.74904959469431"><ele>234.7</ele><time>2026-09-19T21:33:25Z</time></trkpt>
      <trkpt lat="41.38913243004057" lon="-81.74905556101541"><ele>234.7</ele><time>2026-09-19T21:33:26Z</time></trkpt>
      <trkpt lat="41.38912231218674" lon="-81.74905979975655"><ele>234.7</ele><time>2026-09-19T21:33:27Z</time></trkpt>
      <trkpt lat="41.38911580712429" lon="-81.74906112145075"><ele>235</ele><time>2026-09-19T21:33:28Z</time></trkpt>
      <trkpt lat="41.389110109185864" lon="-81.74905856459576"><ele>235</ele><time>2026-09-19T21:33:29Z</time></trkpt>
      <trkpt lat="41.38910785376637" lon="-81.74905123900326"><ele>235</ele><time>2026-09-19T21:33:30Z</time></trkpt>
      <trkpt lat="41.3891117854463" lon="-81.74904348574745"><ele>235</ele><time>2026-09-19T21:33:31Z</time></trkpt>
      <trkpt lat="41.38912083590562" lon="-81.74903755157247"><ele>235</ele><time>2026-09-19T21:33:32Z</time></trkpt>
      <trkpt lat="41.389130722270295" lon="-81.74903416897003"><ele>235</ele><time>2026-09-19T21:33:33Z</time></trkpt>
      <trkpt lat="41.38914299757166" lon="-81.74902995533766"><ele>235</ele><time>2026-09-19T21:33:34Z</time></trkpt>
      <trkpt lat="41.389154937111094" lon="-81.74902736370971"><ele>235</ele><time>2026-09-19T21:33:35Z</time></trkpt>
      <trkpt lat="41.389164174219545" lon="-81.74902325704497"><ele>234.3</ele><time>2026-09-19T21:33:36Z</time></trkpt>
      <trkpt lat="41.38917212104563" lon="-81.74901903117977"><ele>234.3</ele><time>2026-09-19T21:33:37Z</time></trkpt>
      <trkpt lat="41.38918338200512" lon="-81.74901329153309"><ele>234.3</ele><time>2026-09-19T21:33:38Z</time></trkpt>
      <trkpt lat="41.389194719013865" lon="-81.74900748657363"><ele>234.3</ele><time>2026-09-19T21:33:39Z</time></trkpt>
      <trkpt lat="41.389203012814704" lon="-81.7490029627189"><ele>234.3</ele><time>2026-09-19T21:33:40Z</time></trkpt>
      <trkpt lat="41.38921080580478" lon="-81.74900046394588"><ele>234.3</ele><time>2026-09-19T21:33:41Z</time></trkpt>
      <trkpt lat="41.389219857864425" lon="-81.7489960859217"><ele>234.3</ele><time>2026-09-19T21:33:42Z</time></trkpt>
      <trkpt lat="41.38922868783685" lon="-81.74899080048364"><ele>234.3</ele><time>2026-09-19T21:33:43Z</time></trkpt>
      <trkpt lat="41.389235467553945" lon="-81.74898676580135"><ele>233</ele><time>2026-09-19T21:33:44Z</time></trkpt>
      <trkpt lat="41.38924438149139" lon="-81.74898116358715"><ele>233</ele><time>2026-09-19T21:33:45Z</time></trkpt>
      <trkpt lat="41.38925267691997" lon="-81.74897672496014"><ele>233</ele><time>2026-09-19T21:33:46Z</time></trkpt>
      <trkpt lat="41.38926198260162" lon="-81.74897234462671"><ele>233</ele><time>2026-09-19T21:33:47Z</time></trkpt>
      <trkpt lat="41.3892749375513" lon="-81.74896697558668"><ele>234.3</ele><time>2026-09-19T21:33:48Z</time></trkpt>
      <trkpt lat="41.3892844967187" lon="-81.74896358213343"><ele>234.3</ele><time>2026-09-19T21:33:49Z</time></trkpt>
      <trkpt lat="41.389293706385025" lon="-81.74895920405064"><ele>234.3</ele><time>2026-09-19T21:33:50Z</time></trkpt>
      <trkpt lat="41.38930086030005" lon="-81.74895311581788"><ele>234.3</ele><time>2026-09-19T21:33:51Z</time></trkpt>
      <trkpt lat="41.38930745423807" lon="-81.7489399320883"><ele>235.1</ele><time>2026-09-19T21:33:52Z</time></trkpt>
      <trkpt lat="41.38931575250792" lon="-81.74893480304974"><ele>235.1</ele><time>2026-09-19T21:33:53Z</time></trkpt>
      <trkpt lat="41.38932573075994" lon="-81.7489330094624"><ele>235.1</ele><time>2026-09-19T21:33:54Z</time></trkpt>
      <trkpt lat="41.38933621648398" lon="-81.74893214837218"><ele>235.1</ele><time>2026-09-19T21:33:55Z</time></trkpt>
      <trkpt lat="41.3893475469884" lon="-81.74893162179968"><ele>235.1</ele><time>2026-09-19T21:33:56Z</time></trkpt>
      <trkpt lat="41.38935833141977" lon="-81.74893106406962"><ele>235.1</ele><time>2026-09-19T21:33:57Z</time></trkpt>
      <trkpt lat="41.3893679571147" lon="-81.74893124527685"><ele>235.1</ele><time>2026-09-19T21:33:58Z</time></trkpt>
      <trkpt lat="41.38937732154653" lon="-81.7489311338523"><ele>233.2</ele><time>2026-09-19T21:33:59Z</time></trkpt>
      <trkpt lat="41.389385983348475" lon="-81.7489306524178"><ele>233.2</ele><time>2026-09-19T21:34:00Z</time></trkpt>
      <trkpt lat="41.38939532803114" lon="-81.74892946664384"><ele>233.2</ele><time>2026-09-19T21:34:01Z</time></trkpt>
      <trkpt lat="41.38940605792046" lon="-81.74892791048372"><ele>233.2</ele><time>2026-09-19T21:34:02Z</time></trkpt>
      <trkpt lat="41.38941784573001" lon="-81.74892593147403"><ele>233.2</ele><time>2026-09-19T21:34:03Z</time></trkpt>
      <trkpt lat="41.38942914593599" lon="-81.74892321727178"><ele>233.2</ele><time>2026-09-19T21:34:04Z</time></trkpt>
      <trkpt lat="41.389437925411066" lon="-81.7489220536747"><ele>233.2</ele><time>2026-09-19T21:34:05Z</time></trkpt>
      <trkpt lat="41.38944796363031" lon="-81.74892127708573"><ele>233.2</ele><time>2026-09-19T21:34:06Z</time></trkpt>
      <trkpt lat="41.38945596547963" lon="-81.74892177758254"><ele>233.2</ele><time>2026-09-19T21:34:07Z</time></trkpt>
      <trkpt lat="41.389464932808345" lon="-81.74892072232862"><ele>233.7</ele><time>2026-09-19T21:34:08Z</time></trkpt>
      <trkpt lat="41.38947383294517" lon="-81.7489187227367"><ele>233.7</ele><time>2026-09-19T21:34:09Z</time></trkpt>
      <trkpt lat="41.38948323269361" lon="-81.74891544588156"><ele>233.7</ele><time>2026-09-19T21:34:10Z</time></trkpt>
      <trkpt lat="41.389489871025454" lon="-81.74891286571645"><ele>233.7</ele><time>2026-09-19T21:34:11Z</time></trkpt>
      <trkpt lat="41.389498912000874" lon="-81.74890955490004"><ele>233.7</ele><time>2026-09-19T21:34:12Z</time></trkpt>
      <trkpt lat="41.389508857143966" lon="-81.74890815278171"><ele>233.7</ele><time>2026-09-19T21:34:13Z</time></trkpt>
      <trkpt lat="41.389515627686315" lon="-81.74890624913127"><ele>233.7</ele><time>2026-09-19T21:34:14Z</time></trkpt>
      <trkpt lat="41.38952414180115" lon="-81.74890318566041"><ele>233.5</ele><time>2026-09-19T21:34:15Z</time></trkpt>
      <trkpt lat="41.38953490165926" lon="-81.74889971198712"><ele>233.5</ele><time>2026-09-19T21:34:16Z</time></trkpt>
      <trkpt lat="41.38954538834803" lon="-81.74889543827823"><ele>233.5</ele><time>2026-09-19T21:34:17Z</time></trkpt>
      <trkpt lat="41.3895523241511" lon="-81.748892382009"><ele>233.5</ele><time>2026-09-19T21:34:18Z</time></trkpt>
      <trkpt lat="41.389561086299175" lon="-81.74888668317233"><ele>233.5</ele><time>2026-09-19T21:34:19Z</time></trkpt>
      <trkpt lat="41.38956823631471" lon="-81.74888103018492"><ele>233.5</ele><time>2026-09-19T21:34:20Z</time></trkpt>
      <trkpt lat="41.38957974646307" lon="-81.7488736091928"><ele>233.5</ele><time>2026-09-19T21:34:21Z</time></trkpt>
      <trkpt lat="41.389590552341566" lon="-81.74886695447712"><ele>233.5</ele><time>2026-09-19T21:34:22Z</time></trkpt>
      <trkpt lat="41.38960289250159" lon="-81.74886109923507"><ele>233.5</ele><time>2026-09-19T21:34:23Z</time></trkpt>
      <trkpt lat="41.38961400812841" lon="-81.74885829742394"><ele>233.5</ele><time>2026-09-19T21:34:24Z</time></trkpt>
      <trkpt lat="41.38962236855577" lon="-81.74885539586465"><ele>233.5</ele><time>2026-09-19T21:34:25Z</time></trkpt>
      <trkpt lat="41.389632678674495" lon="-81.74885359392951"><ele>233.5</ele><time>2026-09-19T21:34:26Z</time></trkpt>
      <trkpt lat="41.38964117029584" lon="-81.74885251587277"><ele>233.5</ele><time>2026-09-19T21:34:27Z</time></trkpt>
      <trkpt lat="41.389652912738356" lon="-81.74884916709243"><ele>233.5</ele><time>2026-09-19T21:34:28Z</time></trkpt>
      <trkpt lat="41.38966811649053" lon="-81.74884350468008"><ele>233.5</ele><time>2026-09-19T21:34:29Z</time></trkpt>
      <trkpt lat="41.389678088271374" lon="-81.74883831823108"><ele>233.2</ele><time>2026-09-19T21:34:30Z</time></trkpt>
      <trkpt lat="41.38968737932397" lon="-81.74883308983149"><ele>233.2</ele><time>2026-09-19T21:34:31Z</time></trkpt>
      <trkpt lat="41.38969864997961" lon="-81.74882718503802"><ele>233.2</ele><time>2026-09-19T21:34:32Z</time></trkpt>
      <trkpt lat="41.38970617057803" lon="-81.7488227201651"><ele>233.2</ele><time>2026-09-19T21:34:33Z</time></trkpt>
      <trkpt lat="41.38971694278151" lon="-81.74881655204716"><ele>233.2</ele><time>2026-09-19T21:34:34Z</time></trkpt>
      <trkpt lat="41.389728481970096" lon="-81.74881006554187"><ele>233.2</ele><time>2026-09-19T21:34:35Z</time></trkpt>
      <trkpt lat="41.38974043403803" lon="-81.74880376109745"><ele>233.2</ele><time>2026-09-19T21:34:36Z</time></trkpt>
      <trkpt lat="41.38974896213697" lon="-81.7487986448868"><ele>233.2</ele><time>2026-09-19T21:34:37Z</time></trkpt>
      <trkpt lat="41.38975460728249" lon="-81.74879439410262"><ele>233.5</ele><time>2026-09-19T21:34:38Z</time></trkpt>
      <trkpt lat="41.38976379117512" lon="-81.74878846027023"><ele>232.5</ele><time>2026-09-19T21:34:39Z</time></trkpt>
      <trkpt lat="41.38977424684994" lon="-81.74878287904046"><ele>232.5</ele><time>2026-09-19T21:34:40Z</time></trkpt>
      <trkpt lat="41.3897826104407" lon="-81.74878066551578"><ele>233.2</ele><time>2026-09-19T21:34:41Z</time></trkpt>
      <trkpt lat="41.38979359562544" lon="-81.74877567101655"><ele>233.2</ele><time>2026-09-19T21:34:42Z</time></trkpt>
      <trkpt lat="41.38980530939883" lon="-81.7487725404523"><ele>233.2</ele><time>2026-09-19T21:34:43Z</time></trkpt>
      <trkpt lat="41.389813252983245" lon="-81.74877183707042"><ele>232.5</ele><time>2026-09-19T21:34:44Z</time></trkpt>
      <trkpt lat="41.389825603002045" lon="-81.74877160703242"><ele>232.7</ele><time>2026-09-19T21:34:45Z</time></trkpt>
      <trkpt lat="41.38983499839638" lon="-81.74877121134388"><ele>232.7</ele><time>2026-09-19T21:34:46Z</time></trkpt>
      <trkpt lat="41.38984438933567" lon="-81.74876955086995"><ele>232.7</ele><time>2026-09-19T21:34:47Z</time></trkpt>
      <trkpt lat="41.38985671361426" lon="-81.74876664281268"><ele>232.7</ele><time>2026-09-19T21:34:48Z</time></trkpt>
      <trkpt lat="41.3898691683023" lon="-81.74876366849448"><ele>232.7</ele><time>2026-09-19T21:34:49Z</time></trkpt>
      <trkpt lat="41.3898793127184" lon="-81.74876162517955"><ele>232.7</ele><time>2026-09-19T21:34:50Z</time></trkpt>
      <trkpt lat="41.389887548018436" lon="-81.74875946662279"><ele>232.7</ele><time>2026-09-19T21:34:51Z</time></trkpt>
      <trkpt lat="41.38989455626366" lon="-81.74875387049751"><ele>232.7</ele><time>2026-09-19T21:34:52Z</time></trkpt>
      <trkpt lat="41.38990087117055" lon="-81.74874130119133"><ele>232.7</ele><time>2026-09-19T21:34:53Z</time></trkpt>
      <trkpt lat="41.38990333894781" lon="-81.74872034832998"><ele>233.2</ele><time>2026-09-19T21:34:54Z</time></trkpt>
      <trkpt lat="41.389903211330726" lon="-81.74870514806766"><ele>233.2</ele><time>2026-09-19T21:34:55Z</time></trkpt>
      <trkpt lat="41.389902893084276" lon="-81.74869278332775"><ele>233.2</ele><time>2026-09-19T21:34:56Z</time></trkpt>
      <trkpt lat="41.38990188694839" lon="-81.74868216337084"><ele>233.2</ele><time>2026-09-19T21:34:57Z</time></trkpt>
      <trkpt lat="41.38990122500239" lon="-81.74866971534757"><ele>233.2</ele><time>2026-09-19T21:34:58Z</time></trkpt>
      <trkpt lat="41.38990012139193" lon="-81.74865531600527"><ele>233.2</ele><time>2026-09-19T21:34:59Z</time></trkpt>
      <trkpt lat="41.389899139173224" lon="-81.7486395660016"><ele>233.2</ele><time>2026-09-19T21:35:00Z</time></trkpt>
      <trkpt lat="41.38989896279422" lon="-81.74862338199958"><ele>233.2</ele><time>2026-09-19T21:35:01Z</time></trkpt>
      <trkpt lat="41.38989941587592" lon="-81.7486039133305"><ele>233.2</ele><time>2026-09-19T21:35:02Z</time></trkpt>
      <trkpt lat="41.38990095150001" lon="-81.74859169132527"><ele>233.2</ele><time>2026-09-19T21:35:03Z</time></trkpt>
      <trkpt lat="41.38990510529059" lon="-81.74857949397868"><ele>233.2</ele><time>2026-09-19T21:35:04Z</time></trkpt>
      <trkpt lat="41.38991103103823" lon="-81.74856845727747"><ele>233.2</ele><time>2026-09-19T21:35:05Z</time></trkpt>
      <trkpt lat="41.38991965449059" lon="-81.74855587785376"><ele>233.2</ele><time>2026-09-19T21:35:06Z</time></trkpt>
      <trkpt lat="41.389927932433366" lon="-81.7485458429505"><ele>233.2</ele><time>2026-09-19T21:35:07Z</time></trkpt>
      <trkpt lat="41.38993708938066" lon="-81.74853639342956"><ele>233.2</ele><time>2026-09-19T21:35:08Z</time></trkpt>
      <trkpt lat="41.3899442250644" lon="-81.74852675416064"><ele>233.5</ele><time>2026-09-19T21:35:09Z</time></trkpt>
      <trkpt lat="41.38994850778347" lon="-81.74852064787365"><ele>233.5</ele><time>2026-09-19T21:35:10Z</time></trkpt>
      <trkpt lat="41.38995175424094" lon="-81.74851614890633"><ele>233.5</ele><time>2026-09-19T21:35:11Z</time></trkpt>
      <trkpt lat="41.38995175493917" lon="-81.74851446551206"><ele>232.7</ele><time>2026-09-19T21:35:12Z</time></trkpt>
      <trkpt lat="41.38995184390972" lon="-81.74851558096316"><ele>231.5</ele><time>2026-09-19T21:35:13Z</time></trkpt>
      <trkpt lat="41.38995377678982" lon="-81.74851894404412"><ele>231.6</ele><time>2026-09-19T21:35:14Z</time></trkpt>
      <trkpt lat="41.389956153126214" lon="-81.74851958450256"><ele>231.4</ele><time>2026-09-19T21:35:15Z</time></trkpt>
      <trkpt lat="41.38995933024457" lon="-81.74851762160631"><ele>231.4</ele><time>2026-09-19T21:35:16Z</time></trkpt>
      <trkpt lat="41.38996319966228" lon="-81.74851169223297"><ele>231.5</ele><time>2026-09-19T21:35:17Z</time></trkpt>
      <trkpt lat="41.38997160588237" lon="-81.74850693802142"><ele>233.2</ele><time>2026-09-19T21:35:18Z</time></trkpt>
      <trkpt lat="41.38998459952066" lon="-81.7485058444729"><ele>231.5</ele><time>2026-09-19T21:35:19Z</time></trkpt>
      <trkpt lat="41.389999629862984" lon="-81.74850880958613"><ele>233.2</ele><time>2026-09-19T21:35:20Z</time></trkpt>
      <trkpt lat="41.39001324575818" lon="-81.74851210543048"><ele>233.6</ele><time>2026-09-19T21:35:21Z</time></trkpt>
      <trkpt lat="41.39002448602236" lon="-81.74851454856453"><ele>233.6</ele><time>2026-09-19T21:35:22Z</time></trkpt>
      <trkpt lat="41.39003652676492" lon="-81.74851667820172"><ele>233.6</ele><time>2026-09-19T21:35:23Z</time></trkpt>
      <trkpt lat="41.390046155538556" lon="-81.74851650103459"><ele>233.6</ele><time>2026-09-19T21:35:24Z</time></trkpt>
      <trkpt lat="41.39005311454718" lon="-81.74851157921553"><ele>233.5</ele><time>2026-09-19T21:35:25Z</time></trkpt>
      <trkpt lat="41.39006223643567" lon="-81.74851122629619"><ele>233.5</ele><time>2026-09-19T21:35:26Z</time></trkpt>
      <trkpt lat="41.39007291140436" lon="-81.74851403978623"><ele>233.5</ele><time>2026-09-19T21:35:27Z</time></trkpt>
      <trkpt lat="41.39008329336671" lon="-81.74851734386856"><ele>233.5</ele><time>2026-09-19T21:35:28Z</time></trkpt>
      <trkpt lat="41.390095962389154" lon="-81.74852227563741"><ele>233.5</ele><time>2026-09-19T21:35:29Z</time></trkpt>
      <trkpt lat="41.39010929973728" lon="-81.74852647289522"><ele>233.5</ele><time>2026-09-19T21:35:30Z</time></trkpt>
      <trkpt lat="41.39012215079175" lon="-81.74852937818214"><ele>233.5</ele><time>2026-09-19T21:35:31Z</time></trkpt>
      <trkpt lat="41.39013381930445" lon="-81.74852999498455"><ele>233.5</ele><time>2026-09-19T21:35:32Z</time></trkpt>
      <trkpt lat="41.39014597378812" lon="-81.74852727343819"><ele>233.2</ele><time>2026-09-19T21:35:33Z</time></trkpt>
      <trkpt lat="41.39015910205975" lon="-81.74852515866338"><ele>233.2</ele><time>2026-09-19T21:35:34Z</time></trkpt>
      <trkpt lat="41.390171332390956" lon="-81.74852486921864"><ele>233.2</ele><time>2026-09-19T21:35:35Z</time></trkpt>
      <trkpt lat="41.39018156177962" lon="-81.74852611565922"><ele>233.2</ele><time>2026-09-19T21:35:36Z</time></trkpt>
      <trkpt lat="41.390190019614415" lon="-81.74852681109238"><ele>233.2</ele><time>2026-09-19T21:35:37Z</time></trkpt>
      <trkpt lat="41.390200163730135" lon="-81.74852598428458"><ele>233.2</ele><time>2026-09-19T21:35:38Z</time></trkpt>
      <trkpt lat="41.39020880490916" lon="-81.74852280842806"><ele>233.2</ele><time>2026-09-19T21:35:39Z</time></trkpt>
      <trkpt lat="41.390217917663854" lon="-81.74851577433294"><ele>233.5</ele><time>2026-09-19T21:35:40Z</time></trkpt>
      <trkpt lat="41.390228281415574" lon="-81.7485095145708"><ele>233.5</ele><time>2026-09-19T21:35:41Z</time></trkpt>
      <trkpt lat="41.3902397665206" lon="-81.74850638992729"><ele>233.5</ele><time>2026-09-19T21:35:42Z</time></trkpt>
      <trkpt lat="41.39025108948705" lon="-81.74850538791847"><ele>233.5</ele><time>2026-09-19T21:35:43Z</time></trkpt>
      <trkpt lat="41.39026085422681" lon="-81.7485046552975"><ele>233.5</ele><time>2026-09-19T21:35:44Z</time></trkpt>
      <trkpt lat="41.39027236958694" lon="-81.7485036832998"><ele>233.5</ele><time>2026-09-19T21:35:45Z</time></trkpt>
      <trkpt lat="41.390282058271225" lon="-81.74850295433438"><ele>233.5</ele><time>2026-09-19T21:35:46Z</time></trkpt>
      <trkpt lat="41.390293805226584" lon="-81.74850184637003"><ele>233.5</ele><time>2026-09-19T21:35:47Z</time></trkpt>
      <trkpt lat="41.390306024075045" lon="-81.7484992514424"><ele>233</ele><time>2026-09-19T21:35:48Z</time></trkpt>
      <trkpt lat="41.39031593366508" lon="-81.74849757462384"><ele>233</ele><time>2026-09-19T21:35:49Z</time></trkpt>
      <trkpt lat="41.390326776920055" lon="-81.7484968057625"><ele>233</ele><time>2026-09-19T21:35:50Z</time></trkpt>
      <trkpt lat="41.390336063761595" lon="-81.74849617599698"><ele>233</ele><time>2026-09-19T21:35:51Z</time></trkpt>
      <trkpt lat="41.390346414364586" lon="-81.7484950555618"><ele>233</ele><time>2026-09-19T21:35:52Z</time></trkpt>
      <trkpt lat="41.390356512665356" lon="-81.74849399068843"><ele>233</ele><time>2026-09-19T21:35:53Z</time></trkpt>
      <trkpt lat="41.39036812363134" lon="-81.7484919165035"><ele>233</ele><time>2026-09-19T21:35:54Z</time></trkpt>
      <trkpt lat="41.39037958897084" lon="-81.74848885840899"><ele>233</ele><time>2026-09-19T21:35:55Z</time></trkpt>
      <trkpt lat="41.39038961146591" lon="-81.74848500754294"><ele>232.7</ele><time>2026-09-19T21:35:56Z</time></trkpt>
      <trkpt lat="41.39040167896037" lon="-81.74848347672987"><ele>232.7</ele><time>2026-09-19T21:35:57Z</time></trkpt>
      <trkpt lat="41.39041375499204" lon="-81.74848320290516"><ele>232.7</ele><time>2026-09-19T21:35:58Z</time></trkpt>
      <trkpt lat="41.390422919348936" lon="-81.74848446531895"><ele>232.7</ele><time>2026-09-19T21:35:59Z</time></trkpt>
      <trkpt lat="41.390431669721295" lon="-81.74848685971837"><ele>232.7</ele><time>2026-09-19T21:36:00Z</time></trkpt>
      <trkpt lat="41.39044208981482" lon="-81.74849111383618"><ele>232.7</ele><time>2026-09-19T21:36:01Z</time></trkpt>
      <trkpt lat="41.390451266389704" lon="-81.74849648179017"><ele>232.7</ele><time>2026-09-19T21:36:02Z</time></trkpt>
      <trkpt lat="41.39046170935416" lon="-81.74850333153432"><ele>232.5</ele><time>2026-09-19T21:36:03Z</time></trkpt>
      <trkpt lat="41.39047219500599" lon="-81.74851184614617"><ele>232.5</ele><time>2026-09-19T21:36:04Z</time></trkpt>
      <trkpt lat="41.39047987566368" lon="-81.74852054023754"><ele>232.5</ele><time>2026-09-19T21:36:05Z</time></trkpt>
      <trkpt lat="41.390487431984916" lon="-81.7485314412331"><ele>232.5</ele><time>2026-09-19T21:36:06Z</time></trkpt>
      <trkpt lat="41.39049408695761" lon="-81.74854211679514"><ele>232.5</ele><time>2026-09-19T21:36:07Z</time></trkpt>
      <trkpt lat="41.390501495554446" lon="-81.74855490915232"><ele>232.5</ele><time>2026-09-19T21:36:08Z</time></trkpt>
      <trkpt lat="41.39050873303894" lon="-81.74856927732849"><ele>232.5</ele><time>2026-09-19T21:36:09Z</time></trkpt>
      <trkpt lat="41.39051470356226" lon="-81.74858458949984"><ele>232.5</ele><time>2026-09-19T21:36:10Z</time></trkpt>
      <trkpt lat="41.39051871098104" lon="-81.74859949117106"><ele>232.8</ele><time>2026-09-19T21:36:11Z</time></trkpt>
      <trkpt lat="41.390524762714065" lon="-81.74861388401338"><ele>232.8</ele><time>2026-09-19T21:36:12Z</time></trkpt>
      <trkpt lat="41.39053304785428" lon="-81.74862653312667"><ele>232.8</ele><time>2026-09-19T21:36:13Z</time></trkpt>
      <trkpt lat="41.39054088693329" lon="-81.74863636941707"><ele>232.8</ele><time>2026-09-19T21:36:14Z</time></trkpt>
      <trkpt lat="41.39055011184536" lon="-81.74864574125502"><ele>232.8</ele><time>2026-09-19T21:36:15Z</time></trkpt>
      <trkpt lat="41.39055964743863" lon="-81.74865254250513"><ele>232.8</ele><time>2026-09-19T21:36:16Z</time></trkpt>
      <trkpt lat="41.39056820369443" lon="-81.74865714701029"><ele>232.8</ele><time>2026-09-19T21:36:17Z</time></trkpt>
      <trkpt lat="41.39057177021221" lon="-81.74865845617377"><ele>232.8</ele><time>2026-09-19T21:36:18Z</time></trkpt>
      <trkpt lat="41.39057562435617" lon="-81.74866010656079"><ele>232.3</ele><time>2026-09-19T21:36:19Z</time></trkpt>
      <trkpt lat="41.3905812128225" lon="-81.74866205295007"><ele>232.3</ele><time>2026-09-19T21:36:20Z</time></trkpt>
      <trkpt lat="41.39059017023988" lon="-81.7486650723489"><ele>232.3</ele><time>2026-09-19T21:36:21Z</time></trkpt>
      <trkpt lat="41.3905996005455" lon="-81.74866829271696"><ele>232.3</ele><time>2026-09-19T21:36:22Z</time></trkpt>
      <trkpt lat="41.390607921254954" lon="-81.74867140026187"><ele>232.3</ele><time>2026-09-19T21:36:23Z</time></trkpt>
      <trkpt lat="41.39061509730192" lon="-81.74867376779358"><ele>232.3</ele><time>2026-09-19T21:36:24Z</time></trkpt>
      <trkpt lat="41.3906271732613" lon="-81.74867734215941"><ele>232.3</ele><time>2026-09-19T21:36:25Z</time></trkpt>
      <trkpt lat="41.390636026798056" lon="-81.74867816326442"><ele>232.3</ele><time>2026-09-19T21:36:26Z</time></trkpt>
      <trkpt lat="41.3906477325513" lon="-81.74867851195587"><ele>232.1</ele><time>2026-09-19T21:36:27Z</time></trkpt>
      <trkpt lat="41.39065776946526" lon="-81.74867935682119"><ele>232.1</ele><time>2026-09-19T21:36:28Z</time></trkpt>
      <trkpt lat="41.390670869708316" lon="-81.74867841507877"><ele>232.8</ele><time>2026-09-19T21:36:29Z</time></trkpt>
      <trkpt lat="41.39068175617786" lon="-81.74867770040714"><ele>232.8</ele><time>2026-09-19T21:36:30Z</time></trkpt>
      <trkpt lat="41.39069289128933" lon="-81.7486752276073"><ele>232.1</ele><time>2026-09-19T21:36:31Z</time></trkpt>
      <trkpt lat="41.39070279850052" lon="-81.74867338705"><ele>232.1</ele><time>2026-09-19T21:36:32Z</time></trkpt>
      <trkpt lat="41.390711220064716" lon="-81.7486716957058"><ele>232.1</ele><time>2026-09-19T21:36:33Z</time></trkpt>
      <trkpt lat="41.39072303069728" lon="-81.74867008502594"><ele>232.1</ele><time>2026-09-19T21:36:34Z</time></trkpt>
      <trkpt lat="41.39073400067385" lon="-81.74866871052933"><ele>232</ele><time>2026-09-19T21:36:35Z</time></trkpt>
      <trkpt lat="41.39074682437383" lon="-81.7486683837995"><ele>232.8</ele><time>2026-09-19T21:36:36Z</time></trkpt>
      <trkpt lat="41.39076008614896" lon="-81.74866819725358"><ele>232</ele><time>2026-09-19T21:36:37Z</time></trkpt>
      <trkpt lat="41.390773587226455" lon="-81.74866763270848"><ele>232</ele><time>2026-09-19T21:36:38Z</time></trkpt>
      <trkpt lat="41.39078779356235" lon="-81.74866512198332"><ele>232</ele><time>2026-09-19T21:36:39Z</time></trkpt>
      <trkpt lat="41.39080050053416" lon="-81.74866295010078"><ele>232</ele><time>2026-09-19T21:36:40Z</time></trkpt>
      <trkpt lat="41.390809968248725" lon="-81.74865971368347"><ele>232</ele><time>2026-09-19T21:36:41Z</time></trkpt>
      <trkpt lat="41.39082397739466" lon="-81.74865568194252"><ele>232</ele><time>2026-09-19T21:36:42Z</time></trkpt>
      <trkpt lat="41.390835145969945" lon="-81.74865354448649"><ele>232.3</ele><time>2026-09-19T21:36:43Z</time></trkpt>
      <trkpt lat="41.39084672001704" lon="-81.74865199356707"><ele>232.3</ele><time>2026-09-19T21:36:44Z</time></trkpt>
      <trkpt lat="41.39085844225934" lon="-81.74865135070439"><ele>232.3</ele><time>2026-09-19T21:36:45Z</time></trkpt>
      <trkpt lat="41.39087046707366" lon="-81.74864983016886"><ele>232.3</ele><time>2026-09-19T21:36:46Z</time></trkpt>
      <trkpt lat="41.39087915968493" lon="-81.74864783788026"><ele>232.3</ele><time>2026-09-19T21:36:47Z</time></trkpt>
      <trkpt lat="41.39089014771705" lon="-81.74864446933316"><ele>232.3</ele><time>2026-09-19T21:36:48Z</time></trkpt>
      <trkpt lat="41.39089228681483" lon="-81.7486396267116"><ele>232.3</ele><time>2026-09-19T21:36:49Z</time></trkpt>
      <trkpt lat="41.39089151891653" lon="-81.74863837680752"><ele>232.3</ele><time>2026-09-19T21:36:50Z</time></trkpt>
      <trkpt lat="41.39089034060094" lon="-81.7486418772948"><ele>232.3</ele><time>2026-09-19T21:36:51Z</time></trkpt>
      <trkpt lat="41.39089010839882" lon="-81.74864596286028"><ele>232.3</ele><time>2026-09-19T21:36:52Z</time></trkpt>
      <trkpt lat="41.39089017730429" lon="-81.74864809340808"><ele>232.3</ele><time>2026-09-19T21:36:53Z</time></trkpt>
      <trkpt lat="41.39089073872144" lon="-81.74864955749693"><ele>232.3</ele><time>2026-09-19T21:36:54Z</time></trkpt>
      <trkpt lat="41.39089335214234" lon="-81.74864979241072"><ele>232.3</ele><time>2026-09-19T21:36:55Z</time></trkpt>
      <trkpt lat="41.39089601781026" lon="-81.74864945068771"><ele>232.3</ele><time>2026-09-19T21:36:56Z</time></trkpt>
      <trkpt lat="41.39090151072867" lon="-81.74864758309732"><ele>232.3</ele><time>2026-09-19T21:36:57Z</time></trkpt>
      <trkpt lat="41.39091120011533" lon="-81.74864363151809"><ele>232</ele><time>2026-09-19T21:36:58Z</time></trkpt>
      <trkpt lat="41.390919593525844" lon="-81.74864050822997"><ele>232</ele><time>2026-09-19T21:36:59Z</time></trkpt>
      <trkpt lat="41.39092222821161" lon="-81.74863879669186"><ele>232</ele><time>2026-09-19T21:37:00Z</time></trkpt>
      <trkpt lat="41.39092179311458" lon="-81.74863837226087"><ele>232</ele><time>2026-09-19T21:37:01Z</time></trkpt>
      <trkpt lat="41.39092170926153" lon="-81.74863805596199"><ele>232</ele><time>2026-09-19T21:37:02Z</time></trkpt>
      <trkpt lat="41.3909217437273" lon="-81.74863696918723"><ele>232</ele><time>2026-09-19T21:37:03Z</time></trkpt>
      <trkpt lat="41.39092199225015" lon="-81.74863672274748"><ele>232</ele><time>2026-09-19T21:37:04Z</time></trkpt>
      <trkpt lat="41.39092314517135" lon="-81.7486366320878"><ele>232</ele><time>2026-09-19T21:37:05Z</time></trkpt>
      <trkpt lat="41.390923775420134" lon="-81.7486364453758"><ele>232</ele><time>2026-09-19T21:37:06Z</time></trkpt>
      <trkpt lat="41.390925633687566" lon="-81.74863564396698"><ele>232</ele><time>2026-09-19T21:37:07Z</time></trkpt>
      <trkpt lat="41.390929252198" lon="-81.74863663135541"><ele>232</ele><time>2026-09-19T21:37:08Z</time></trkpt>
      <trkpt lat="41.39093542311005" lon="-81.74863752065711"><ele>232</ele><time>2026-09-19T21:37:09Z</time></trkpt>
      <trkpt lat="41.390947398957195" lon="-81.74864078215457"><ele>232</ele><time>2026-09-19T21:37:10Z</time></trkpt>
      <trkpt lat="41.390966038574085" lon="-81.74864621630373"><ele>232</ele><time>2026-09-19T21:37:11Z</time></trkpt>
      <trkpt lat="41.39098293348915" lon="-81.74865039944476"><ele>232</ele><time>2026-09-19T21:37:12Z</time></trkpt>
      <trkpt lat="41.390994088096065" lon="-81.74865106252504"><ele>232</ele><time>2026-09-19T21:37:13Z</time></trkpt>
      <trkpt lat="41.391002709636275" lon="-81.74865004743425"><ele>232.3</ele><time>2026-09-19T21:37:14Z</time></trkpt>
      <trkpt lat="41.391009598684455" lon="-81.74864916410534"><ele>232.3</ele><time>2026-09-19T21:37:15Z</time></trkpt>
      <trkpt lat="41.39102000259665" lon="-81.74864595884694"><ele>232.3</ele><time>2026-09-19T21:37:16Z</time></trkpt>
      <trkpt lat="41.39103504335115" lon="-81.74864078742266"><ele>232.3</ele><time>2026-09-19T21:37:17Z</time></trkpt>
      <trkpt lat="41.391045574895706" lon="-81.74863317365396"><ele>232.3</ele><time>2026-09-19T21:37:18Z</time></trkpt>
      <trkpt lat="41.39105770337258" lon="-81.74862048670194"><ele>232.3</ele><time>2026-09-19T21:37:19Z</time></trkpt>
      <trkpt lat="41.39106808195828" lon="-81.74860452207022"><ele>232.3</ele><time>2026-09-19T21:37:20Z</time></trkpt>
      <trkpt lat="41.39107776227976" lon="-81.7485872298559"><ele>232.3</ele><time>2026-09-19T21:37:21Z</time></trkpt>
      <trkpt lat="41.3910858563411" lon="-81.74857150205617"><ele>232.3</ele><time>2026-09-19T21:37:22Z</time></trkpt>
      <trkpt lat="41.391091699497906" lon="-81.74855531700508"><ele>232.3</ele><time>2026-09-19T21:37:23Z</time></trkpt>
      <trkpt lat="41.39109763385241" lon="-81.74854001252378"><ele>232.3</ele><time>2026-09-19T21:37:24Z</time></trkpt>
      <trkpt lat="41.391101625204186" lon="-81.74852474283078"><ele>232.3</ele><time>2026-09-19T21:37:25Z</time></trkpt>
      <trkpt lat="41.391105501382214" lon="-81.7485133884085"><ele>232.3</ele><time>2026-09-19T21:37:26Z</time></trkpt>
      <trkpt lat="41.39111016096984" lon="-81.74849691170785"><ele>232.3</ele><time>2026-09-19T21:37:27Z</time></trkpt>
      <trkpt lat="41.39111507207273" lon="-81.74847821371742"><ele>232.3</ele><time>2026-09-19T21:37:28Z</time></trkpt>
      <trkpt lat="41.391120095789155" lon="-81.74845672466047"><ele>231.8</ele><time>2026-09-19T21:37:29Z</time></trkpt>
      <trkpt lat="41.391125269176044" lon="-81.74844313871886"><ele>231.8</ele><time>2026-09-19T21:37:30Z</time></trkpt>
      <trkpt lat="41.39113071173891" lon="-81.74843269149609"><ele>231.8</ele><time>2026-09-19T21:37:31Z</time></trkpt>
      <trkpt lat="41.391138532707295" lon="-81.7484216024361"><ele>231.8</ele><time>2026-09-19T21:37:32Z</time></trkpt>
      <trkpt lat="41.391148219716236" lon="-81.74841044914552"><ele>231.8</ele><time>2026-09-19T21:37:33Z</time></trkpt>
      <trkpt lat="41.3911594597747" lon="-81.74840141166715"><ele>231.8</ele><time>2026-09-19T21:37:34Z</time></trkpt>
      <trkpt lat="41.39117015960779" lon="-81.74839545252259"><ele>231.8</ele><time>2026-09-19T21:37:35Z</time></trkpt>
      <trkpt lat="41.39118101904861" lon="-81.74839161256727"><ele>231.8</ele><time>2026-09-19T21:37:36Z</time></trkpt>
      <trkpt lat="41.391189564204645" lon="-81.74838771851259"><ele>231.8</ele><time>2026-09-19T21:37:37Z</time></trkpt>
      <trkpt lat="41.39119934023194" lon="-81.74838154297049"><ele>231.7</ele><time>2026-09-19T21:37:38Z</time></trkpt>
      <trkpt lat="41.391211789824446" lon="-81.74837857706557"><ele>231.7</ele><time>2026-09-19T21:37:39Z</time></trkpt>
      <trkpt lat="41.39122602924135" lon="-81.74837752155952"><ele>231.7</ele><time>2026-09-19T21:37:40Z</time></trkpt>
      <trkpt lat="41.39123796456622" lon="-81.74837565427968"><ele>231.7</ele><time>2026-09-19T21:37:41Z</time></trkpt>
      <trkpt lat="41.39124953112393" lon="-81.74837444127952"><ele>231.7</ele><time>2026-09-19T21:37:42Z</time></trkpt>
      <trkpt lat="41.391262295472195" lon="-81.74837266955889"><ele>231.7</ele><time>2026-09-19T21:37:43Z</time></trkpt>
      <trkpt lat="41.39127568862593" lon="-81.74837023406383"><ele>231.7</ele><time>2026-09-19T21:37:44Z</time></trkpt>
      <trkpt lat="41.39128810373889" lon="-81.74836803263258"><ele>232.1</ele><time>2026-09-19T21:37:45Z</time></trkpt>
      <trkpt lat="41.39129862259069" lon="-81.74836719716725"><ele>232.1</ele><time>2026-09-19T21:37:46Z</time></trkpt>
      <trkpt lat="41.39130776403314" lon="-81.74836689220253"><ele>232.1</ele><time>2026-09-19T21:37:47Z</time></trkpt>
      <trkpt lat="41.391317667535596" lon="-81.74836674385992"><ele>232.1</ele><time>2026-09-19T21:37:48Z</time></trkpt>
      <trkpt lat="41.39132710867849" lon="-81.74836664912372"><ele>232.1</ele><time>2026-09-19T21:37:49Z</time></trkpt>
      <trkpt lat="41.391338014181414" lon="-81.74836538479754"><ele>232.1</ele><time>2026-09-19T21:37:50Z</time></trkpt>
      <trkpt lat="41.39134985545844" lon="-81.74836323028445"><ele>232.1</ele><time>2026-09-19T21:37:51Z</time></trkpt>
      <trkpt lat="41.39136159635934" lon="-81.74835984680223"><ele>232.1</ele><time>2026-09-19T21:37:52Z</time></trkpt>
      <trkpt lat="41.3913716002862" lon="-81.74835464345557"><ele>231.8</ele><time>2026-09-19T21:37:53Z</time></trkpt>
      <trkpt lat="41.391381537832565" lon="-81.74835075023117"><ele>231.8</ele><time>2026-09-19T21:37:54Z</time></trkpt>
      <trkpt lat="41.39138967987813" lon="-81.74834760723795"><ele>231.8</ele><time>2026-09-19T21:37:55Z</time></trkpt>
      <trkpt lat="41.39139916846845" lon="-81.74834207148267"><ele>231.8</ele><time>2026-09-19T21:37:56Z</time></trkpt>
      <trkpt lat="41.391407825527196" lon="-81.7483352738767"><ele>231.8</ele><time>2026-09-19T21:37:57Z</time></trkpt>
      <trkpt lat="41.391417641446424" lon="-81.74832541681413"><ele>231.8</ele><time>2026-09-19T21:37:58Z</time></trkpt>
      <trkpt lat="41.39142509881204" lon="-81.74831597656568"><ele>231.8</ele><time>2026-09-19T21:37:59Z</time></trkpt>
      <trkpt lat="41.39143262479711" lon="-81.74830489967303"><ele>231.8</ele><time>2026-09-19T21:38:00Z</time></trkpt>
      <trkpt lat="41.39143965874312" lon="-81.74829259570146"><ele>232.1</ele><time>2026-09-19T21:38:01Z</time></trkpt>
      <trkpt lat="41.39144645570514" lon="-81.74827862207813"><ele>232.1</ele><time>2026-09-19T21:38:02Z</time></trkpt>
      <trkpt lat="41.3914531061661" lon="-81.74826484897203"><ele>232.1</ele><time>2026-09-19T21:38:03Z</time></trkpt>
      <trkpt lat="41.39146075627941" lon="-81.74825097098537"><ele>232.1</ele><time>2026-09-19T21:38:04Z</time></trkpt>
      <trkpt lat="41.39146893158672" lon="-81.7482377672941"><ele>232.1</ele><time>2026-09-19T21:38:05Z</time></trkpt>
      <trkpt lat="41.39147636494035" lon="-81.74822648533485"><ele>232.1</ele><time>2026-09-19T21:38:06Z</time></trkpt>
      <trkpt lat="41.3914824313544" lon="-81.74821739226553"><ele>232.1</ele><time>2026-09-19T21:38:07Z</time></trkpt>
      <trkpt lat="41.39148902880157" lon="-81.74820880308432"><ele>232.3</ele><time>2026-09-19T21:38:08Z</time></trkpt>
      <trkpt lat="41.391496109212774" lon="-81.74820054011906"><ele>232.3</ele><time>2026-09-19T21:38:09Z</time></trkpt>
      <trkpt lat="41.39150511731801" lon="-81.74819265223647"><ele>232.3</ele><time>2026-09-19T21:38:10Z</time></trkpt>
      <trkpt lat="41.39151536430148" lon="-81.74818544877733"><ele>232.3</ele><time>2026-09-19T21:38:11Z</time></trkpt>
      <trkpt lat="41.39152702167948" lon="-81.74817971437653"><ele>232.3</ele><time>2026-09-19T21:38:12Z</time></trkpt>
      <trkpt lat="41.39153892559414" lon="-81.7481760964409"><ele>232.3</ele><time>2026-09-19T21:38:13Z</time></trkpt>
      <trkpt lat="41.3915500833936" lon="-81.74817439732998"><ele>232.3</ele><time>2026-09-19T21:38:14Z</time></trkpt>
      <trkpt lat="41.39155898429045" lon="-81.748174594513"><ele>232.3</ele><time>2026-09-19T21:38:15Z</time></trkpt>
      <trkpt lat="41.391568337240834" lon="-81.74817682492264"><ele>232.1</ele><time>2026-09-19T21:38:16Z</time></trkpt>
      <trkpt lat="41.39157936076536" lon="-81.74817921358824"><ele>232.1</ele><time>2026-09-19T21:38:17Z</time></trkpt>
      <trkpt lat="41.39158974505524" lon="-81.74818081584206"><ele>232.1</ele><time>2026-09-19T21:38:18Z</time></trkpt>
      <trkpt lat="41.391602335160584" lon="-81.7481810886824"><ele>232.1</ele><time>2026-09-19T21:38:19Z</time></trkpt>
      <trkpt lat="41.39161076145432" lon="-81.7481804584223"><ele>232.1</ele><time>2026-09-19T21:38:20Z</time></trkpt>
      <trkpt lat="41.391621302898876" lon="-81.74817647192782"><ele>232.1</ele><time>2026-09-19T21:38:21Z</time></trkpt>
      <trkpt lat="41.39163083387732" lon="-81.74817194449207"><ele>232.1</ele><time>2026-09-19T21:38:22Z</time></trkpt>
      <trkpt lat="41.39163805155198" lon="-81.7481681887935"><ele>232.1</ele><time>2026-09-19T21:38:23Z</time></trkpt>
      <trkpt lat="41.39164911613026" lon="-81.74816403159534"><ele>232.299</ele><time>2026-09-19T21:38:24Z</time></trkpt>
      <trkpt lat="41.3916623551444" lon="-81.74816181401381"><ele>232.3</ele><time>2026-09-19T21:38:25Z</time></trkpt>
      <trkpt lat="41.39167287696703" lon="-81.74816000572991"><ele>232.3</ele><time>2026-09-19T21:38:26Z</time></trkpt>
      <trkpt lat="41.39168213110546" lon="-81.74815821336237"><ele>232.3</ele><time>2026-09-19T21:38:27Z</time></trkpt>
      <trkpt lat="41.39169267535164" lon="-81.7481560877421"><ele>232.3</ele><time>2026-09-19T21:38:28Z</time></trkpt>
      <trkpt lat="41.391706021500504" lon="-81.748152353998"><ele>232.3</ele><time>2026-09-19T21:38:29Z</time></trkpt>
      <trkpt lat="41.39171835957723" lon="-81.74814969420903"><ele>232.3</ele><time>2026-09-19T21:38:30Z</time></trkpt>
      <trkpt lat="41.39172813449337" lon="-81.74814916078834"><ele>232.3</ele><time>2026-09-19T21:38:31Z</time></trkpt>
      <trkpt lat="41.391740202888734" lon="-81.74814992026609"><ele>232.8</ele><time>2026-09-19T21:38:32Z</time></trkpt>
      <trkpt lat="41.39175080750616" lon="-81.74815226667657"><ele>232.8</ele><time>2026-09-19T21:38:33Z</time></trkpt>
      <trkpt lat="41.391762219629754" lon="-81.74815687976361"><ele>232.8</ele><time>2026-09-19T21:38:34Z</time></trkpt>
      <trkpt lat="41.39177251804978" lon="-81.74816337261426"><ele>232.8</ele><time>2026-09-19T21:38:35Z</time></trkpt>
      <trkpt lat="41.39178033451957" lon="-81.74816990474581"><ele>232.8</ele><time>2026-09-19T21:38:36Z</time></trkpt>
      <trkpt lat="41.391788485508926" lon="-81.74817967495649"><ele>232.8</ele><time>2026-09-19T21:38:37Z</time></trkpt>
      <trkpt lat="41.39179512200721" lon="-81.74819078679032"><ele>232.8</ele><time>2026-09-19T21:38:38Z</time></trkpt>
      <trkpt lat="41.391801880512716" lon="-81.7482060187478"><ele>232.8</ele><time>2026-09-19T21:38:39Z</time></trkpt>
      <trkpt lat="41.391805519530934" lon="-81.74822726945303"><ele>233</ele><time>2026-09-19T21:38:40Z</time></trkpt>
      <trkpt lat="41.39180967808009" lon="-81.74824245627796"><ele>233</ele><time>2026-09-19T21:38:41Z</time></trkpt>
      <trkpt lat="41.391815181376" lon="-81.74825843271418"><ele>233</ele><time>2026-09-19T21:38:42Z</time></trkpt>
      <trkpt lat="41.39182086604793" lon="-81.74827284186458"><ele>233</ele><time>2026-09-19T21:38:43Z</time></trkpt>
      <trkpt lat="41.39182529975308" lon="-81.74828387892836"><ele>233</ele><time>2026-09-19T21:38:44Z</time></trkpt>
      <trkpt lat="41.391830201822444" lon="-81.74829576848437"><ele>233</ele><time>2026-09-19T21:38:45Z</time></trkpt>
      <trkpt lat="41.39183530571426" lon="-81.74830842652473"><ele>233</ele><time>2026-09-19T21:38:46Z</time></trkpt>
      <trkpt lat="41.391839048653665" lon="-81.74831951108982"><ele>233</ele><time>2026-09-19T21:38:47Z</time></trkpt>
      <trkpt lat="41.39184350691341" lon="-81.7483351067447"><ele>233</ele><time>2026-09-19T21:38:48Z</time></trkpt>
      <trkpt lat="41.39184647208656" lon="-81.74834914247766"><ele>233</ele><time>2026-09-19T21:38:49Z</time></trkpt>
      <trkpt lat="41.391847576012964" lon="-81.74836398735492"><ele>233</ele><time>2026-09-19T21:38:50Z</time></trkpt>
      <trkpt lat="41.39184792261899" lon="-81.74837781958712"><ele>233</ele><time>2026-09-19T21:38:51Z</time></trkpt>
      <trkpt lat="41.39184798400673" lon="-81.74839013764371"><ele>233</ele><time>2026-09-19T21:38:52Z</time></trkpt>
      <trkpt lat="41.39184780280656" lon="-81.74840602350842"><ele>233</ele><time>2026-09-19T21:38:53Z</time></trkpt>
      <trkpt lat="41.39184725318502" lon="-81.74842030532807"><ele>233</ele><time>2026-09-19T21:38:54Z</time></trkpt>
      <trkpt lat="41.3918471108679" lon="-81.74843827140334"><ele>233</ele><time>2026-09-19T21:38:55Z</time></trkpt>
      <trkpt lat="41.39184959183868" lon="-81.74845503706426"><ele>233</ele><time>2026-09-19T21:38:56Z</time></trkpt>
      <trkpt lat="41.39185294677151" lon="-81.74846835624204"><ele>233</ele><time>2026-09-19T21:38:57Z</time></trkpt>
      <trkpt lat="41.39185758180918" lon="-81.7484800316619"><ele>233</ele><time>2026-09-19T21:38:58Z</time></trkpt>
      <trkpt lat="41.39186313198937" lon="-81.74848673874365"><ele>233</ele><time>2026-09-19T21:38:59Z</time></trkpt>
      <trkpt lat="41.39187014749226" lon="-81.74849018456906"><ele>233</ele><time>2026-09-19T21:39:00Z</time></trkpt>
      <trkpt lat="41.391877310487445" lon="-81.74849048163024"><ele>233</ele><time>2026-09-19T21:39:01Z</time></trkpt>
      <trkpt lat="41.39188678397007" lon="-81.74848792698836"><ele>233</ele><time>2026-09-19T21:39:02Z</time></trkpt>
      <trkpt lat="41.39189470808945" lon="-81.74848663266818"><ele>233</ele><time>2026-09-19T21:39:03Z</time></trkpt>
      <trkpt lat="41.39190400696496" lon="-81.74848697101616"><ele>233</ele><time>2026-09-19T21:39:04Z</time></trkpt>
      <trkpt lat="41.391910646138776" lon="-81.74848761371369"><ele>233</ele><time>2026-09-19T21:39:05Z</time></trkpt>
      <trkpt lat="41.391916264784726" lon="-81.74848920345823"><ele>233</ele><time>2026-09-19T21:39:06Z</time></trkpt>
      <trkpt lat="41.39192148154875" lon="-81.74849166332771"><ele>233</ele><time>2026-09-19T21:39:07Z</time></trkpt>
      <trkpt lat="41.39192651319486" lon="-81.74849578652493"><ele>233</ele><time>2026-09-19T21:39:08Z</time></trkpt>
      <trkpt lat="41.391931391369184" lon="-81.74850069624709"><ele>232.1</ele><time>2026-09-19T21:39:09Z</time></trkpt>
      <trkpt lat="41.3919376609127" lon="-81.748507968883"><ele>232.1</ele><time>2026-09-19T21:39:10Z</time></trkpt>
      <trkpt lat="41.391944924702265" lon="-81.74851654373529"><ele>232.1</ele><time>2026-09-19T21:39:11Z</time></trkpt>
      <trkpt lat="41.39195377986079" lon="-81.74852832898955"><ele>233</ele><time>2026-09-19T21:39:12Z</time></trkpt>
      <trkpt lat="41.39195974821346" lon="-81.74853677656672"><ele>233</ele><time>2026-09-19T21:39:13Z</time></trkpt>
      <trkpt lat="41.39196546477961" lon="-81.74854533404398"><ele>233</ele><time>2026-09-19T21:39:14Z</time></trkpt>
      <trkpt lat="41.391969979458715" lon="-81.74855255889857"><ele>233</ele><time>2026-09-19T21:39:15Z</time></trkpt>
      <trkpt lat="41.391976140263225" lon="-81.74856067598506"><ele>233</ele><time>2026-09-19T21:39:16Z</time></trkpt>
      <trkpt lat="41.391981774664316" lon="-81.74856780238999"><ele>233</ele><time>2026-09-19T21:39:17Z</time></trkpt>
      <trkpt lat="41.39198751706307" lon="-81.7485743978516"><ele>233</ele><time>2026-09-19T21:39:18Z</time></trkpt>
      <trkpt lat="41.39199410985826" lon="-81.74858205783147"><ele>233</ele><time>2026-09-19T21:39:19Z</time></trkpt>
      <trkpt lat="41.39200314584507" lon="-81.74859177564284"><ele>233.3</ele><time>2026-09-19T21:39:20Z</time></trkpt>
      <trkpt lat="41.392010327676964" lon="-81.74859826909707"><ele>233.3</ele><time>2026-09-19T21:39:21Z</time></trkpt>
      <trkpt lat="41.39201617051917" lon="-81.7486030316484"><ele>233.3</ele><time>2026-09-19T21:39:22Z</time></trkpt>
      <trkpt lat="41.392023183880575" lon="-81.74860749251484"><ele>233.3</ele><time>2026-09-19T21:39:23Z</time></trkpt>
      <trkpt lat="41.392031714455925" lon="-81.74861111256278"><ele>233.3</ele><time>2026-09-19T21:39:24Z</time></trkpt>
      <trkpt lat="41.392038626153884" lon="-81.74861251184024"><ele>233.3</ele><time>2026-09-19T21:39:25Z</time></trkpt>
      <trkpt lat="41.392047497339085" lon="-81.74861142295792"><ele>233.3</ele><time>2026-09-19T21:39:26Z</time></trkpt>
      <trkpt lat="41.39205463056535" lon="-81.74860900742604"><ele>232.5</ele><time>2026-09-19T21:39:27Z</time></trkpt>
      <trkpt lat="41.39206034983237" lon="-81.7486047451993"><ele>232.5</ele><time>2026-09-19T21:39:28Z</time></trkpt>
      <trkpt lat="41.39206515463116" lon="-81.74859799121283"><ele>232.5</ele><time>2026-09-19T21:39:29Z</time></trkpt>
      <trkpt lat="41.39207006681273" lon="-81.7485886848279"><ele>232.5</ele><time>2026-09-19T21:39:30Z</time></trkpt>
      <trkpt lat="41.39207502539204" lon="-81.74857730772159"><ele>232.5</ele><time>2026-09-19T21:39:31Z</time></trkpt>
      <trkpt lat="41.39208000160473" lon="-81.74856521838494"><ele>232.5</ele><time>2026-09-19T21:39:32Z</time></trkpt>
      <trkpt lat="41.392083821524444" lon="-81.74855443811192"><ele>232.5</ele><time>2026-09-19T21:39:33Z</time></trkpt>
      <trkpt lat="41.392086823058364" lon="-81.74854326763887"><ele>232.5</ele><time>2026-09-19T21:39:34Z</time></trkpt>
      <trkpt lat="41.39208993319766" lon="-81.74852973672985"><ele>232.8</ele><time>2026-09-19T21:39:35Z</time></trkpt>
      <trkpt lat="41.39209299694645" lon="-81.74851602299437"><ele>232.8</ele><time>2026-09-19T21:39:36Z</time></trkpt>
      <trkpt lat="41.39209698450068" lon="-81.74850070485682"><ele>232.8</ele><time>2026-09-19T21:39:37Z</time></trkpt>
      <trkpt lat="41.392101192773005" lon="-81.7484858762032"><ele>232.8</ele><time>2026-09-19T21:39:38Z</time></trkpt>
      <trkpt lat="41.39210507195252" lon="-81.74847512824627"><ele>232.8</ele><time>2026-09-19T21:39:39Z</time></trkpt>
      <trkpt lat="41.392109001099094" lon="-81.74846562675665"><ele>232.8</ele><time>2026-09-19T21:39:40Z</time></trkpt>
      <trkpt lat="41.392114551379315" lon="-81.74845540310731"><ele>232.8</ele><time>2026-09-19T21:39:41Z</time></trkpt>
      <trkpt lat="41.39211979011743" lon="-81.74844661680102"><ele>232.8</ele><time>2026-09-19T21:39:42Z</time></trkpt>
      <trkpt lat="41.39212604051119" lon="-81.74843663845841"><ele>232.1</ele><time>2026-09-19T21:39:43Z</time></trkpt>
      <trkpt lat="41.39213069866737" lon="-81.74842779793417"><ele>232.1</ele><time>2026-09-19T21:39:44Z</time></trkpt>
      <trkpt lat="41.392132722157626" lon="-81.74842008867745"><ele>232.1</ele><time>2026-09-19T21:39:45Z</time></trkpt>
      <trkpt lat="41.39213246780554" lon="-81.74841080143152"><ele>232.1</ele><time>2026-09-19T21:39:46Z</time></trkpt>
      <trkpt lat="41.39213086106633" lon="-81.74840276642233"><ele>232.1</ele><time>2026-09-19T21:39:47Z</time></trkpt>
      <trkpt lat="41.3921270165485" lon="-81.74839778629"><ele>232.1</ele><time>2026-09-19T21:39:48Z</time></trkpt>
      <trkpt lat="41.39211951429512" lon="-81.74839128659292"><ele>232.1</ele><time>2026-09-19T21:39:49Z</time></trkpt>
      <trkpt lat="41.3921106628616" lon="-81.74838373113545"><ele>233.2</ele><time>2026-09-19T21:39:50Z</time></trkpt>
      <trkpt lat="41.39210365271038" lon="-81.74837728068384"><ele>233.2</ele><time>2026-09-19T21:39:51Z</time></trkpt>
      <trkpt lat="41.392097529717745" lon="-81.7483725358355"><ele>233.2</ele><time>2026-09-19T21:39:52Z</time></trkpt>
      <trkpt lat="41.392089174459656" lon="-81.7483655757154"><ele>233.2</ele><time>2026-09-19T21:39:53Z</time></trkpt>
      <trkpt lat="41.39208315566366" lon="-81.7483602148047"><ele>233.2</ele><time>2026-09-19T21:39:54Z</time></trkpt>
      <trkpt lat="41.39207664334091" lon="-81.74835082094414"><ele>233.2</ele><time>2026-09-19T21:39:55Z</time></trkpt>
      <trkpt lat="41.39207469585409" lon="-81.74833907785433"><ele>233.2</ele><time>2026-09-19T21:39:56Z</time></trkpt>
      <trkpt lat="41.39207653314724" lon="-81.74832940287838"><ele>233.2</ele><time>2026-09-19T21:39:57Z</time></trkpt>
      <trkpt lat="41.39208262918281" lon="-81.7483180692313"><ele>232.799</ele><time>2026-09-19T21:39:58Z</time></trkpt>
      <trkpt lat="41.39209139887439" lon="-81.74830600196745"><ele>232.799</ele><time>2026-09-19T21:39:59Z</time></trkpt>
      <trkpt lat="41.39210405432827" lon="-81.74829208831686"><ele>232.799</ele><time>2026-09-19T21:40:00Z</time></trkpt>
      <trkpt lat="41.392114082916336" lon="-81.74827934591684"><ele>232.799</ele><time>2026-09-19T21:40:01Z</time></trkpt>
      <trkpt lat="41.39212156404988" lon="-81.74826478661917"><ele>232.799</ele><time>2026-09-19T21:40:02Z</time></trkpt>
      <trkpt lat="41.39212413050728" lon="-81.74825426422665"><ele>232.8</ele><time>2026-09-19T21:40:03Z</time></trkpt>
      <trkpt lat="41.3921242817072" lon="-81.7482416980192"><ele>232.8</ele><time>2026-09-19T21:40:04Z</time></trkpt>
      <trkpt lat="41.39212243764945" lon="-81.74823384853171"><ele>232.8</ele><time>2026-09-19T21:40:05Z</time></trkpt>
      <trkpt lat="41.392118105581005" lon="-81.74822743015082"><ele>232.8</ele><time>2026-09-19T21:40:06Z</time></trkpt>
      <trkpt lat="41.39211314086729" lon="-81.74821850292959"><ele>231.8</ele><time>2026-09-19T21:40:07Z</time></trkpt>
      <trkpt lat="41.39210764152577" lon="-81.74821004680908"><ele>231.8</ele><time>2026-09-19T21:40:08Z</time></trkpt>
      <trkpt lat="41.39210022049665" lon="-81.74819709108412"><ele>231.8</ele><time>2026-09-19T21:40:09Z</time></trkpt>
      <trkpt lat="41.39209341195833" lon="-81.74818994392616"><ele>231.8</ele><time>2026-09-19T21:40:10Z</time></trkpt>
      <trkpt lat="41.39208682182286" lon="-81.7481826410075"><ele>231.8</ele><time>2026-09-19T21:40:11Z</time></trkpt>
      <trkpt lat="41.3920806626769" lon="-81.74817804459113"><ele>231.8</ele><time>2026-09-19T21:40:12Z</time></trkpt>
      <trkpt lat="41.39207293479697" lon="-81.74817299701506"><ele>231.8</ele><time>2026-09-19T21:40:13Z</time></trkpt>
      <trkpt lat="41.39206458420403" lon="-81.74816742394168"><ele>231.8</ele><time>2026-09-19T21:40:14Z</time></trkpt>
      <trkpt lat="41.392058188096584" lon="-81.7481630341105"><ele>231.8</ele><time>2026-09-19T21:40:15Z</time></trkpt>
      <trkpt lat="41.392051565056775" lon="-81.74815817674362"><ele>231.8</ele><time>2026-09-19T21:40:16Z</time></trkpt>
      <trkpt lat="41.39204478325155" lon="-81.74815047053862"><ele>231.8</ele><time>2026-09-19T21:40:17Z</time></trkpt>
      <trkpt lat="41.3920376627769" lon="-81.74814349955018"><ele>231.8</ele><time>2026-09-19T21:40:18Z</time></trkpt>
      <trkpt lat="41.39202949455788" lon="-81.74813418410886"><ele>231.8</ele><time>2026-09-19T21:40:19Z</time></trkpt>
      <trkpt lat="41.39202248756344" lon="-81.74812738610973"><ele>231.8</ele><time>2026-09-19T21:40:20Z</time></trkpt>
      <trkpt lat="41.39201630146578" lon="-81.74812297422031"><ele>231.8</ele><time>2026-09-19T21:40:21Z</time></trkpt>
      <trkpt lat="41.39200975016727" lon="-81.74811986988452"><ele>232.7</ele><time>2026-09-19T21:40:22Z</time></trkpt>
      <trkpt lat="41.39200541267182" lon="-81.7481191664099"><ele>232.7</ele><time>2026-09-19T21:40:23Z</time></trkpt>
      <trkpt lat="41.39200171997612" lon="-81.74811976461737"><ele>232.7</ele><time>2026-09-19T21:40:24Z</time></trkpt>
      <trkpt lat="41.39199550640983" lon="-81.74811999503945"><ele>232.7</ele><time>2026-09-19T21:40:25Z</time></trkpt>
      <trkpt lat="41.39199069953755" lon="-81.74812021168212"><ele>232.7</ele><time>2026-09-19T21:40:26Z</time></trkpt>
      <trkpt lat="41.391987835825205" lon="-81.74812101633061"><ele>232.7</ele><time>2026-09-19T21:40:27Z</time></trkpt>
      <trkpt lat="41.39198359014592" lon="-81.74812464411961"><ele>232.7</ele><time>2026-09-19T21:40:28Z</time></trkpt>
      <trkpt lat="41.39198005783497" lon="-81.74812728335196"><ele>232.8</ele><time>2026-09-19T21:40:29Z</time></trkpt>
      <trkpt lat="41.3919766861768" lon="-81.74813163559895"><ele>232.8</ele><time>2026-09-19T21:40:30Z</time></trkpt>
      <trkpt lat="41.391973368713494" lon="-81.7481359015467"><ele>232.8</ele><time>2026-09-19T21:40:31Z</time></trkpt>
      <trkpt lat="41.391970149528476" lon="-81.7481426717908"><ele>232.8</ele><time>2026-09-19T21:40:32Z</time></trkpt>
      <trkpt lat="41.391967345700394" lon="-81.7481476044167"><ele>232.8</ele><time>2026-09-19T21:40:33Z</time></trkpt>
      <trkpt lat="41.39196642807715" lon="-81.74815051227417"><ele>232.8</ele><time>2026-09-19T21:40:34Z</time></trkpt>
      <trkpt lat="41.391964847705275" lon="-81.74815484311534"><ele>232.8</ele><time>2026-09-19T21:40:35Z</time></trkpt>
      <trkpt lat="41.39196284429255" lon="-81.7481587381658"><ele>232.8</ele><time>2026-09-19T21:40:36Z</time></trkpt>
      <trkpt lat="41.39195948243325" lon="-81.74816375775085"><ele>232</ele><time>2026-09-19T21:40:37Z</time></trkpt>
      <trkpt lat="41.391954682888596" lon="-81.74816995627333"><ele>232</ele><time>2026-09-19T21:40:38Z</time></trkpt>
      <trkpt lat="41.39194900247899" lon="-81.74817603333281"><ele>232</ele><time>2026-09-19T21:40:39Z</time></trkpt>
      <trkpt lat="41.391945180807355" lon="-81.74818035113155"><ele>232</ele><time>2026-09-19T21:40:40Z</time></trkpt>
      <trkpt lat="41.39194186137843" lon="-81.74818564429567"><ele>232</ele><time>2026-09-19T21:40:41Z</time></trkpt>
      <trkpt lat="41.39193908281555" lon="-81.74819272716992"><ele>232</ele><time>2026-09-19T21:40:42Z</time></trkpt>
      <trkpt lat="41.391933756518135" lon="-81.74820275588652"><ele>232</ele><time>2026-09-19T21:40:43Z</time></trkpt>
      <trkpt lat="41.3919296057341" lon="-81.74821118058418"><ele>232</ele><time>2026-09-19T21:40:44Z</time></trkpt>
      <trkpt lat="41.39192435976703" lon="-81.74821825505266"><ele>232</ele><time>2026-09-19T21:40:45Z</time></trkpt>
      <trkpt lat="41.39191733537511" lon="-81.74822974170444"><ele>232.2</ele><time>2026-09-19T21:40:46Z</time></trkpt>
      <trkpt lat="41.39191216850668" lon="-81.74824051086847"><ele>232.2</ele><time>2026-09-19T21:40:47Z</time></trkpt>
      <trkpt lat="41.39190839563833" lon="-81.7482480694819"><ele>232.2</ele><time>2026-09-19T21:40:48Z</time></trkpt>
      <trkpt lat="41.391904795839466" lon="-81.7482548951747"><ele>232.2</ele><time>2026-09-19T21:40:49Z</time></trkpt>
      <trkpt lat="41.391900628928035" lon="-81.74826142968604"><ele>232.2</ele><time>2026-09-19T21:40:50Z</time></trkpt>
      <trkpt lat="41.39189820903896" lon="-81.74826730591782"><ele>232.2</ele><time>2026-09-19T21:40:51Z</time></trkpt>
      <trkpt lat="41.39189544388779" lon="-81.74827495784727"><ele>232.2</ele><time>2026-09-19T21:40:52Z</time></trkpt>
      <trkpt lat="41.3918939117583" lon="-81.7482871223154"><ele>232.299</ele><time>2026-09-19T21:40:53Z</time></trkpt>
      <trkpt lat="41.39189398636488" lon="-81.74829592284486"><ele>232.299</ele><time>2026-09-19T21:40:54Z</time></trkpt>
      <trkpt lat="41.39189587494799" lon="-81.74830265720261"><ele>232.299</ele><time>2026-09-19T21:40:55Z</time></trkpt>
      <trkpt lat="41.39190019394223" lon="-81.74831214304913"><ele>232.299</ele><time>2026-09-19T21:40:56Z</time></trkpt>
      <trkpt lat="41.39190505166492" lon="-81.74831832255067"><ele>232.299</ele><time>2026-09-19T21:40:57Z</time></trkpt>
      <trkpt lat="41.39191005290132" lon="-81.74832447210039"><ele>232.3</ele><time>2026-09-19T21:40:58Z</time></trkpt>
      <trkpt lat="41.391915201085865" lon="-81.74832915526235"><ele>232.3</ele><time>2026-09-19T21:40:59Z</time></trkpt>
      <trkpt lat="41.39192090784231" lon="-81.74833612156047"><ele>232.3</ele><time>2026-09-19T21:41:00Z</time></trkpt>
      <trkpt lat="41.391924506753355" lon="-81.74834157367475"><ele>233</ele><time>2026-09-19T21:41:01Z</time></trkpt>
      <trkpt lat="41.391926735534874" lon="-81.74834676747818"><ele>233</ele><time>2026-09-19T21:41:02Z</time></trkpt>
      <trkpt lat="41.39192915561699" lon="-81.74835224131363"><ele>233</ele><time>2026-09-19T21:41:03Z</time></trkpt>
      <trkpt lat="41.391929230190804" lon="-81.74835468176103"><ele>233</ele><time>2026-09-19T21:41:04Z</time></trkpt>
      <trkpt lat="41.391927166405765" lon="-81.74835623821127"><ele>233</ele><time>2026-09-19T21:41:05Z</time></trkpt>
      <trkpt lat="41.39192649078491" lon="-81.74835660450763"><ele>233</ele><time>2026-09-19T21:41:06Z</time></trkpt>
      <trkpt lat="41.391925326603655" lon="-81.74835679814005"><ele>233</ele><time>2026-09-19T21:41:07Z</time></trkpt>
      <trkpt lat="41.39192506965482" lon="-81.74835735697631"><ele>233.3</ele><time>2026-09-19T21:41:08Z</time></trkpt>
      <trkpt lat="41.39192500619163" lon="-81.74835983333936"><ele>233.3</ele><time>2026-09-19T21:41:09Z</time></trkpt>
      <trkpt lat="41.39192495992743" lon="-81.74836184675621"><ele>233.3</ele><time>2026-09-19T21:41:10Z</time></trkpt>
      <trkpt lat="41.39192480235059" lon="-81.74836436042179"><ele>233.3</ele><time>2026-09-19T21:41:11Z</time></trkpt>
      <trkpt lat="41.391924095747655" lon="-81.74836972711088"><ele>233.3</ele><time>2026-09-19T21:41:12Z</time></trkpt>
      <trkpt lat="41.391920877332694" lon="-81.74837896540427"><ele>233.3</ele><time>2026-09-19T21:41:13Z</time></trkpt>
      <trkpt lat="41.39191546632339" lon="-81.74839458907991"><ele>233.3</ele><time>2026-09-19T21:41:14Z</time></trkpt>
      <trkpt lat="41.39191135065688" lon="-81.74840444168126"><ele>233.3</ele><time>2026-09-19T21:41:15Z</time></trkpt>
      <trkpt lat="41.391906357185455" lon="-81.74841737302688"><ele>233.3</ele><time>2026-09-19T21:41:16Z</time></trkpt>
      <trkpt lat="41.391903484316316" lon="-81.74843401222702"><ele>233.3</ele><time>2026-09-19T21:41:17Z</time></trkpt>
      <trkpt lat="41.39190084735812" lon="-81.74844650386524"><ele>233.3</ele><time>2026-09-19T21:41:18Z</time></trkpt>
      <trkpt lat="41.39189953439702" lon="-81.74845613695956"><ele>233.3</ele><time>2026-09-19T21:41:19Z</time></trkpt>
      <trkpt lat="41.39190009809794" lon="-81.74846494238658"><ele>233.3</ele><time>2026-09-19T21:41:20Z</time></trkpt>
      <trkpt lat="41.39190341924358" lon="-81.74847626195928"><ele>233.3</ele><time>2026-09-19T21:41:21Z</time></trkpt>
      <trkpt lat="41.39190849296617" lon="-81.74848717682464"><ele>233.3</ele><time>2026-09-19T21:41:22Z</time></trkpt>
      <trkpt lat="41.39191372632158" lon="-81.74849693518132"><ele>233.3</ele><time>2026-09-19T21:41:23Z</time></trkpt>
      <trkpt lat="41.39191935266527" lon="-81.74850696205269"><ele>233.5</ele><time>2026-09-19T21:41:24Z</time></trkpt>
      <trkpt lat="41.39192599834091" lon="-81.74851561764342"><ele>233.5</ele><time>2026-09-19T21:41:25Z</time></trkpt>
      <trkpt lat="41.39193364235747" lon="-81.74852322421093"><ele>233.5</ele><time>2026-09-19T21:41:26Z</time></trkpt>
      <trkpt lat="41.39193992873152" lon="-81.74852905498939"><ele>233.5</ele><time>2026-09-19T21:41:27Z</time></trkpt>
      <trkpt lat="41.39194614383711" lon="-81.74853560742392"><ele>233.5</ele><time>2026-09-19T21:41:28Z</time></trkpt>
      <trkpt lat="41.391950169446496" lon="-81.74854110061572"><ele>233.5</ele><time>2026-09-19T21:41:29Z</time></trkpt>
      <trkpt lat="41.391954364502396" lon="-81.74854769442325"><ele>233.5</ele><time>2026-09-19T21:41:30Z</time></trkpt>
      <trkpt lat="41.39195792406072" lon="-81.74855364932074"><ele>233.5</ele><time>2026-09-19T21:41:31Z</time></trkpt>
      <trkpt lat="41.39196107434643" lon="-81.74855992020565"><ele>233.3</ele><time>2026-09-19T21:41:32Z</time></trkpt>
      <trkpt lat="41.39196196564527" lon="-81.7485644446296"><ele>233.3</ele><time>2026-09-19T21:41:33Z</time></trkpt>
      <trkpt lat="41.39196148925606" lon="-81.7485650803498"><ele>233.3</ele><time>2026-09-19T21:41:34Z</time></trkpt>
      <trkpt lat="41.391960835456274" lon="-81.74856412975318"><ele>233.3</ele><time>2026-09-19T21:41:35Z</time></trkpt>
      <trkpt lat="41.39195935044611" lon="-81.74856230890977"><ele>233.3</ele><time>2026-09-19T21:41:36Z</time></trkpt>
      <trkpt lat="41.39195721588208" lon="-81.7485594636428"><ele>233.3</ele><time>2026-09-19T21:41:37Z</time></trkpt>
      <trkpt lat="41.391953963866804" lon="-81.74855608201868"><ele>233.3</ele><time>2026-09-19T21:41:38Z</time></trkpt>
      <trkpt lat="41.39194909289344" lon="-81.74854918271545"><ele>233.3</ele><time>2026-09-19T21:41:39Z</time></trkpt>
      <trkpt lat="41.39194020039943" lon="-81.7485357980718"><ele>231.8</ele><time>2026-09-19T21:41:40Z</time></trkpt>
      <trkpt lat="41.39193162102957" lon="-81.74852366041536"><ele>231.8</ele><time>2026-09-19T21:41:41Z</time></trkpt>
      <trkpt lat="41.39192036618511" lon="-81.74850942965797"><ele>231.8</ele><time>2026-09-19T21:41:42Z</time></trkpt>
      <trkpt lat="41.39191228767156" lon="-81.74849951607449"><ele>231.8</ele><time>2026-09-19T21:41:43Z</time></trkpt>
      <trkpt lat="41.39190257531152" lon="-81.74848884635743"><ele>231.8</ele><time>2026-09-19T21:41:44Z</time></trkpt>
      <trkpt lat="41.39189377159634" lon="-81.7484786896645"><ele>231.8</ele><time>2026-09-19T21:41:45Z</time></trkpt>
      <trkpt lat="41.391887072810846" lon="-81.74847055596939"><ele>233.5</ele><time>2026-09-19T21:41:46Z</time></trkpt>
      <trkpt lat="41.3918824468362" lon="-81.7484629782437"><ele>233.5</ele><time>2026-09-19T21:41:47Z</time></trkpt>
      <trkpt lat="41.3918786010311" lon="-81.74845671209505"><ele>232.1</ele><time>2026-09-19T21:41:48Z</time></trkpt>
      <trkpt lat="41.391873356257115" lon="-81.74845049137478"><ele>232.1</ele><time>2026-09-19T21:41:49Z</time></trkpt>
      <trkpt lat="41.39186646774026" lon="-81.748446428696"><ele>232.1</ele><time>2026-09-19T21:41:50Z</time></trkpt>
      <trkpt lat="41.39185604696367" lon="-81.74844379471322"><ele>232.1</ele><time>2026-09-19T21:41:51Z</time></trkpt>
      <trkpt lat="41.39184333981742" lon="-81.74843995544367"><ele>232.1</ele><time>2026-09-19T21:41:52Z</time></trkpt>
      <trkpt lat="41.391833972488605" lon="-81.74843440495114"><ele>232.1</ele><time>2026-09-19T21:41:53Z</time></trkpt>
      <trkpt lat="41.39182524431506" lon="-81.7484265927431"><ele>233.299</ele><time>2026-09-19T21:41:54Z</time></trkpt>
      <trkpt lat="41.39181676045659" lon="-81.74841703994484"><ele>233.299</ele><time>2026-09-19T21:41:55Z</time></trkpt>
      <trkpt lat="41.39180837038805" lon="-81.74840619375809"><ele>233.299</ele><time>2026-09-19T21:41:56Z</time></trkpt>
      <trkpt lat="41.39180168404089" lon="-81.74839654132943"><ele>233.299</ele><time>2026-09-19T21:41:57Z</time></trkpt>
      <trkpt lat="41.39180001506798" lon="-81.74838843023018"><ele>232.1</ele><time>2026-09-19T21:41:58Z</time></trkpt>
      <trkpt lat="41.391803361163035" lon="-81.74838374936114"><ele>232.1</ele><time>2026-09-19T21:41:59Z</time></trkpt>
      <trkpt lat="41.39180788399168" lon="-81.74838282962251"><ele>232.1</ele><time>2026-09-19T21:42:00Z</time></trkpt>
      <trkpt lat="41.391810290812025" lon="-81.74838473950642"><ele>232.1</ele><time>2026-09-19T21:42:01Z</time></trkpt>
      <trkpt lat="41.39181132177772" lon="-81.74838805556341"><ele>232.1</ele><time>2026-09-19T21:42:02Z</time></trkpt>
      <trkpt lat="41.391812007854476" lon="-81.74838942718382"><ele>232.1</ele><time>2026-09-19T21:42:03Z</time></trkpt>
      <trkpt lat="41.39181303511904" lon="-81.74838855932141"><ele>232.1</ele><time>2026-09-19T21:42:04Z</time></trkpt>
      <trkpt lat="41.391813596423795" lon="-81.74838804456537"><ele>232.1</ele><time>2026-09-19T21:42:05Z</time></trkpt>
      <trkpt lat="41.391814568807405" lon="-81.74838707860941"><ele>232.1</ele><time>2026-09-19T21:42:06Z</time></trkpt>
      <trkpt lat="41.39181486745259" lon="-81.748386756314"><ele>232.1</ele><time>2026-09-19T21:42:07Z</time></trkpt>
      <trkpt lat="41.39181495899244" lon="-81.74838657409259"><ele>232.1</ele><time>2026-09-19T21:42:08Z</time></trkpt>
      <trkpt lat="41.39181498645799" lon="-81.7483862472242"><ele>232.1</ele><time>2026-09-19T21:42:09Z</time></trkpt>
      <trkpt lat="41.39181499276414" lon="-81.748385264977"><ele>232.1</ele><time>2026-09-19T21:42:10Z</time></trkpt>
      <trkpt lat="41.39181498776427" lon="-81.74838469675636"><ele>232.1</ele><time>2026-09-19T21:42:11Z</time></trkpt>
      <trkpt lat="41.39181496364608" lon="-81.74838365471757"><ele>232.1</ele><time>2026-09-19T21:42:12Z</time></trkpt>
      <trkpt lat="41.39181488272488" lon="-81.74838311484163"><ele>232.1</ele><time>2026-09-19T21:42:13Z</time></trkpt>
      <trkpt lat="41.391814618561305" lon="-81.74838223357243"><ele>232.1</ele><time>2026-09-19T21:42:14Z</time></trkpt>
      <trkpt lat="41.391813758399785" lon="-81.74838223809351"><ele>232.1</ele><time>2026-09-19T21:42:15Z</time></trkpt>
      <trkpt lat="41.39181356240461" lon="-81.74838313546904"><ele>232.1</ele><time>2026-09-19T21:42:16Z</time></trkpt>
      <trkpt lat="41.391813724333296" lon="-81.74838372368163"><ele>232.1</ele><time>2026-09-19T21:42:17Z</time></trkpt>
      <trkpt lat="41.39181189303276" lon="-81.74838492181344"><ele>232.1</ele><time>2026-09-19T21:42:18Z</time></trkpt>
      <trkpt lat="41.39181041542924" lon="-81.74838599777877"><ele>232</ele><time>2026-09-19T21:42:19Z</time></trkpt>
      <trkpt lat="41.39181009179587" lon="-81.74838521572218"><ele>232</ele><time>2026-09-19T21:42:20Z</time></trkpt>
      <trkpt lat="41.39181002315102" lon="-81.7483850328939"><ele>232</ele><time>2026-09-19T21:42:21Z</time></trkpt>
      <trkpt lat="41.391810018814546" lon="-81.74838494143762"><ele>232</ele><time>2026-09-19T21:42:22Z</time></trkpt>
      <trkpt lat="41.391810066740724" lon="-81.74838468730809"><ele>232</ele><time>2026-09-19T21:42:23Z</time></trkpt>
      <trkpt lat="41.39181030005783" lon="-81.74838356458994"><ele>232</ele><time>2026-09-19T21:42:24Z</time></trkpt>
      <trkpt lat="41.391811366868914" lon="-81.74838308425127"><ele>232</ele><time>2026-09-19T21:42:25Z</time></trkpt>
      <trkpt lat="41.39181160090847" lon="-81.74838191201799"><ele>232.1</ele><time>2026-09-19T21:42:26Z</time></trkpt>
      <trkpt lat="41.39181165228638" lon="-81.7483814213162"><ele>232.1</ele><time>2026-09-19T21:42:27Z</time></trkpt>
      <trkpt lat="41.39181166371905" lon="-81.74838024908536"><ele>232.1</ele><time>2026-09-19T21:42:28Z</time></trkpt>
      <trkpt lat="41.39181166696389" lon="-81.74837976875834"><ele>232.1</ele><time>2026-09-19T21:42:29Z</time></trkpt>
      <trkpt lat="41.39181167103437" lon="-81.74837864609337"><ele>232.1</ele><time>2026-09-19T21:42:30Z</time></trkpt>
      <trkpt lat="41.39181168723735" lon="-81.74837839220632"><ele>232.1</ele><time>2026-09-19T21:42:31Z</time></trkpt>
      <trkpt lat="41.391811760581135" lon="-81.74837830185535"><ele>232.1</ele><time>2026-09-19T21:42:32Z</time></trkpt>
      <trkpt lat="41.39181209479845" lon="-81.7483781240656"><ele>232.1</ele><time>2026-09-19T21:42:33Z</time></trkpt>
      <trkpt lat="41.391813618270746" lon="-81.74837736497656"><ele>232</ele><time>2026-09-19T21:42:34Z</time></trkpt>
      <trkpt lat="41.39181593323587" lon="-81.74837854563724"><ele>232</ele><time>2026-09-19T21:42:35Z</time></trkpt>
      <trkpt lat="41.39181621089324" lon="-81.748380316031"><ele>232</ele><time>2026-09-19T21:42:36Z</time></trkpt>
      <trkpt lat="41.39181522251332" lon="-81.74838296428868"><ele>232</ele><time>2026-09-19T21:42:37Z</time></trkpt>
      <trkpt lat="41.391814852225984" lon="-81.74838458742232"><ele>232</ele><time>2026-09-19T21:42:38Z</time></trkpt>
      <trkpt lat="41.39181407145528" lon="-81.74838969413648"><ele>232</ele><time>2026-09-19T21:42:39Z</time></trkpt>
      <trkpt lat="41.391815341023346" lon="-81.74839395122973"><ele>232</ele><time>2026-09-19T21:42:40Z</time></trkpt>
      <trkpt lat="41.391817557878475" lon="-81.74839992470186"><ele>232</ele><time>2026-09-19T21:42:41Z</time></trkpt>
      <trkpt lat="41.391817620692365" lon="-81.74841494827179"><ele>232.3</ele><time>2026-09-19T21:42:42Z</time></trkpt>
      <trkpt lat="41.39182033357766" lon="-81.74842519852258"><ele>232.3</ele><time>2026-09-19T21:42:43Z</time></trkpt>
      <trkpt lat="41.39182356767805" lon="-81.74843575896493"><ele>232.3</ele><time>2026-09-19T21:42:44Z</time></trkpt>
      <trkpt lat="41.39182977210875" lon="-81.74844750528999"><ele>232.3</ele><time>2026-09-19T21:42:45Z</time></trkpt>
      <trkpt lat="41.39183741531487" lon="-81.74845842357173"><ele>232.3</ele><time>2026-09-19T21:42:46Z</time></trkpt>
      <trkpt lat="41.39184580716919" lon="-81.74846609875854"><ele>232.3</ele><time>2026-09-19T21:42:47Z</time></trkpt>
      <trkpt lat="41.391854759557674" lon="-81.7484699073425"><ele>232.3</ele><time>2026-09-19T21:42:48Z</time></trkpt>
      <trkpt lat="41.39186238756492" lon="-81.74846902195134"><ele>232.3</ele><time>2026-09-19T21:42:49Z</time></trkpt>
      <trkpt lat="41.39186704397374" lon="-81.74846629995234"><ele>231.3</ele><time>2026-09-19T21:42:50Z</time></trkpt>
      <trkpt lat="41.39186964758656" lon="-81.74846563810543"><ele>231.3</ele><time>2026-09-19T21:42:51Z</time></trkpt>
      <trkpt lat="41.39187084906042" lon="-81.74846773420212"><ele>231.3</ele><time>2026-09-19T21:42:52Z</time></trkpt>
      <trkpt lat="41.39187148275217" lon="-81.74847057164288"><ele>231.3</ele><time>2026-09-19T21:42:53Z</time></trkpt>
      <trkpt lat="41.39187193252944" lon="-81.74847398072653"><ele>231.3</ele><time>2026-09-19T21:42:54Z</time></trkpt>
      <trkpt lat="41.391872648169496" lon="-81.7484780372034"><ele>232.7</ele><time>2026-09-19T21:42:55Z</time></trkpt>
      <trkpt lat="41.39187267864572" lon="-81.74848013088366"><ele>232.7</ele><time>2026-09-19T21:42:56Z</time></trkpt>
      <trkpt lat="41.39187205443434" lon="-81.74848068878096"><ele>232.7</ele><time>2026-09-19T21:42:57Z</time></trkpt>
      <trkpt lat="41.391871817990626" lon="-81.74848026879256"><ele>232.7</ele><time>2026-09-19T21:42:58Z</time></trkpt>
    </trkseg>
  </trk>
</gpx>
