<?xml version="1.0" encoding="UTF-8"?>
<gpx version="1.1" creator="HoldMyTrack" xmlns="http://www.topografix.com/GPX/1/1" xmlns:gpxtpx="http://www.garmin.com/xmlschemas/TrackPointExtension/v1">
  <trk>
    <type>Walk</type>
    <trkseg>
      <trkpt lat="41.392563" lon="-81.748673"><ele>231.6</ele><time>2026-09-05T14:06:46Z</time></trkpt>
      <trkpt lat="41.392572" lon="-81.748671"><ele>231.6</ele><time>2026-09-05T14:06:47Z</time></trkpt>
      <trkpt lat="41.392582" lon="-81.74867"><ele>231.6</ele><time>2026-09-05T14:06:48Z</time></trkpt>
      <trkpt lat="41.39259" lon="-81.74867"><ele>231.6</ele><time>2026-09-05T14:06:49Z</time></trkpt>
      <trkpt lat="41.392599" lon="-81.748671"><ele>231.6</ele><time>2026-09-05T14:06:50Z</time></trkpt>
      <trkpt lat="41.392607" lon="-81.748673"><ele>231.6</ele><time>2026-09-05T14:06:51Z</time></trkpt>
      <trkpt lat="41.392615" lon="-81.748674"><ele>231.6</ele><time>2026-09-05T14:06:52Z</time></trkpt>
      <trkpt lat="41.392621" lon="-81.748675"><ele>231.6</ele><time>2026-09-05T14:06:53Z</time></trkpt>
      <trkpt lat="41.392631" lon="-81.748677"><ele>231.5</ele><time>2026-09-05T14:06:54Z</time></trkpt>
      <trkpt lat="41.392639" lon="-81.748679"><ele>231.5</ele><time>2026-09-05T14:06:55Z</time></trkpt>
      <trkpt lat="41.392649" lon="-81.748681"><ele>231.5</ele><time>2026-09-05T14:06:56Z</time></trkpt>
      <trkpt lat="41.392658" lon="-81.748683"><ele>231.5</ele><time>2026-09-05T14:06:57Z</time></trkpt>
      <trkpt lat="41.392665" lon="-81.748685"><ele>231.5</ele><time>2026-09-05T14:06:58Z</time></trkpt>
      <trkpt lat="41.392673" lon="-81.748688"><ele>231.5</ele><time>2026-09-05T14:06:59Z</time></trkpt>
      <trkpt lat="41.392682" lon="-81.74869"><ele>231.5</ele><time>2026-09-05T14:07:00Z</time></trkpt>
      <trkpt lat="41.392692" lon="-81.74869"><ele>231.5</ele><time>2026-09-05T14:07:01Z</time></trkpt>
      <trkpt lat="41.392702" lon="-81.748689"><ele>232.3</ele><time>2026-09-05T14:07:02Z</time></trkpt>
      <trkpt lat="41.392711" lon="-81.748689"><ele>232.3</ele><time>2026-09-05T14:07:03Z</time></trkpt>
      <trkpt lat="41.392722" lon="-81.74869"><ele>232.3</ele><time>2026-09-05T14:07:04Z</time></trkpt>
      <trkpt lat="41.392733" lon="-81.748689"><ele>232.3</ele><time>2026-09-05T14:07:05Z</time></trkpt>
      <trkpt lat="41.392743" lon="-81.748688"><ele>232.3</ele><time>2026-09-05T14:07:06Z</time></trkpt>
      <trkpt lat="41.392754" lon="-81.748686"><ele>232.3</ele><time>2026-09-05T14:07:07Z</time></trkpt>
      <trkpt lat="41.392763" lon="-81.748684"><ele>232.3</ele><time>2026-09-05T14:07:08Z</time></trkpt>
      <trkpt lat="41.392771" lon="-81.748681"><ele>232.3</ele><time>2026-09-05T14:07:09Z</time></trkpt>
      <trkpt lat="41.39278" lon="-81.748677"><ele>231.5</ele><time>2026-09-05T14:07:10Z</time></trkpt>
      <trkpt lat="41.392788" lon="-81.748675"><ele>231.5</ele><time>2026-09-05T14:07:11Z</time></trkpt>
      <trkpt lat="41.392797" lon="-81.748673"><ele>231.5</ele><time>2026-09-05T14:07:12Z</time></trkpt>
      <trkpt lat="41.392804" lon="-81.748674"><ele>231.5</ele><time>2026-09-05T14:07:13Z</time></trkpt>
      <trkpt lat="41.392809" lon="-81.748674"><ele>231.5</ele><time>2026-09-05T14:07:14Z</time></trkpt>
      <trkpt lat="41.392812" lon="-81.748674"><ele>231.5</ele><time>2026-09-05T14:07:15Z</time></trkpt>
      <trkpt lat="41.392817" lon="-81.748674"><ele>231.5</ele><time>2026-09-05T14:07:16Z</time></trkpt>
      <trkpt lat="41.392822" lon="-81.748673"><ele>231.6</ele><time>2026-09-05T14:07:17Z</time></trkpt>
      <trkpt lat="41.39283" lon="-81.748674"><ele>231.6</ele><time>2026-09-05T14:07:18Z</time></trkpt>
      <trkpt lat="41.392837" lon="-81.748675"><ele>231.6</ele><time>2026-09-05T14:07:19Z</time></trkpt>
      <trkpt lat="41.392847" lon="-81.748676"><ele>231.6</ele><time>2026-09-05T14:07:20Z</time></trkpt>
      <trkpt lat="41.392858" lon="-81.748677"><ele>231.6</ele><time>2026-09-05T14:07:21Z</time></trkpt>
      <trkpt lat="41.392868" lon="-81.748678"><ele>231.6</ele><time>2026-09-05T14:07:22Z</time></trkpt>
      <trkpt lat="41.392879" lon="-81.748679"><ele>231.6</ele><time>2026-09-05T14:07:23Z</time></trkpt>
      <trkpt lat="41.392888" lon="-81.748679"><ele>231.6</ele><time>2026-09-05T14:07:24Z</time></trkpt>
      <trkpt lat="41.392898" lon="-81.748678"><ele>231.5</ele><time>2026-09-05T14:07:25Z</time></trkpt>
      <trkpt lat="41.392905" lon="-81.748676"><ele>231.5</ele><time>2026-09-05T14:07:26Z</time></trkpt>
      <trkpt lat="41.392911" lon="-81.748674"><ele>231.5</ele><time>2026-09-05T14:07:27Z</time></trkpt>
      <trkpt lat="41.392915" lon="-81.748673"><ele>231.5</ele><time>2026-09-05T14:07:28Z</time></trkpt>
      <trkpt lat="41.39292" lon="-81.748673"><ele>231.5</ele><time>2026-09-05T14:07:29Z</time></trkpt>
      <trkpt lat="41.392926" lon="-81.748672"><ele>231.5</ele><time>2026-09-05T14:07:30Z</time></trkpt>
      <trkpt lat="41.392935" lon="-81.748671"><ele>231.5</ele><time>2026-09-05T14:07:31Z</time></trkpt>
      <trkpt lat="41.392945" lon="-81.748671"><ele>231.5</ele><time>2026-09-05T14:07:32Z</time></trkpt>
      <trkpt lat="41.392956" lon="-81.748672"><ele>231.6</ele><time>2026-09-05T14:07:33Z</time></trkpt>
      <trkpt lat="41.392964" lon="-81.748673"><ele>231.6</ele><time>2026-09-05T14:07:34Z</time></trkpt>
      <trkpt lat="41.392973" lon="-81.748673"><ele>231.6</ele><time>2026-09-05T14:07:35Z</time></trkpt>
      <trkpt lat="41.392984" lon="-81.748674"><ele>231.6</ele><time>2026-09-05T14:07:36Z</time></trkpt>
      <trkpt lat="41.392993" lon="-81.748674"><ele>231.6</ele><time>2026-09-05T14:07:37Z</time></trkpt>
      <trkpt lat="41.393001" lon="-81.748674"><ele>231.6</ele><time>2026-09-05T14:07:38Z</time></trkpt>
      <trkpt lat="41.39301" lon="-81.748673"><ele>231.6</ele><time>2026-09-05T14:07:39Z</time></trkpt>
      <trkpt lat="41.393018" lon="-81.748672"><ele>231.6</ele><time>2026-09-05T14:07:40Z</time></trkpt>
      <trkpt lat="41.393025" lon="-81.748666"><ele>231.6</ele><time>2026-09-05T14:07:41Z</time></trkpt>
      <trkpt lat="41.39303" lon="-81.748662"><ele>231.6</ele><time>2026-09-05T14:07:42Z</time></trkpt>
      <trkpt lat="41.393034" lon="-81.748659"><ele>231.6</ele><time>2026-09-05T14:07:43Z</time></trkpt>
      <trkpt lat="41.39304" lon="-81.748657"><ele>231.6</ele><time>2026-09-05T14:07:44Z</time></trkpt>
      <trkpt lat="41.393047" lon="-81.748655"><ele>231.6</ele><time>2026-09-05T14:07:45Z</time></trkpt>
      <trkpt lat="41.393053" lon="-81.748653"><ele>231.6</ele><time>2026-09-05T14:07:46Z</time></trkpt>
      <trkpt lat="41.393062" lon="-81.74865"><ele>231.6</ele><time>2026-09-05T14:07:47Z</time></trkpt>
      <trkpt lat="41.39307" lon="-81.748647"><ele>231.5</ele><time>2026-09-05T14:07:48Z</time></trkpt>
      <trkpt lat="41.393079" lon="-81.748644"><ele>231.5</ele><time>2026-09-05T14:07:49Z</time></trkpt>
      <trkpt lat="41.393089" lon="-81.748644"><ele>231.5</ele><time>2026-09-05T14:07:50Z</time></trkpt>
      <trkpt lat="41.393099" lon="-81.748646"><ele>231.5</ele><time>2026-09-05T14:07:51Z</time></trkpt>
      <trkpt lat="41.393107" lon="-81.748647"><ele>231.5</ele><time>2026-09-05T14:07:52Z</time></trkpt>
      <trkpt lat="41.393117" lon="-81.74865"><ele>231.5</ele><time>2026-09-05T14:07:53Z</time></trkpt>
      <trkpt lat="41.393125" lon="-81.748652"><ele>231.5</ele><time>2026-09-05T14:07:54Z</time></trkpt>
      <trkpt lat="41.393136" lon="-81.748654"><ele>231.5</ele><time>2026-09-05T14:07:55Z</time></trkpt>
      <trkpt lat="41.393147" lon="-81.748653"><ele>231.5</ele><time>2026-09-05T14:07:56Z</time></trkpt>
      <trkpt lat="41.393157" lon="-81.748652"><ele>231.5</ele><time>2026-09-05T14:07:57Z</time></trkpt>
      <trkpt lat="41.393168" lon="-81.748652"><ele>231.5</ele><time>2026-09-05T14:07:58Z</time></trkpt>
      <trkpt lat="41.393178" lon="-81.748654"><ele>231.5</ele><time>2026-09-05T14:07:59Z</time></trkpt>
      <trkpt lat="41.393188" lon="-81.748657"><ele>231.5</ele><time>2026-09-05T14:08:00Z</time></trkpt>
      <trkpt lat="41.393197" lon="-81.74866"><ele>231.5</ele><time>2026-09-05T14:08:01Z</time></trkpt>
      <trkpt lat="41.393205" lon="-81.748661"><ele>231.5</ele><time>2026-09-05T14:08:02Z</time></trkpt>
      <trkpt lat="41.393212" lon="-81.748661"><ele>231.5</ele><time>2026-09-05T14:08:03Z</time></trkpt>
      <trkpt lat="41.39322" lon="-81.748657"><ele>231.8</ele><time>2026-09-05T14:08:04Z</time></trkpt>
      <trkpt lat="41.393228" lon="-81.748654"><ele>231.8</ele><time>2026-09-05T14:08:05Z</time></trkpt>
      <trkpt lat="41.393236" lon="-81.748656"><ele>231.8</ele><time>2026-09-05T14:08:06Z</time></trkpt>
      <trkpt lat="41.393244" lon="-81.748659"><ele>231.8</ele><time>2026-09-05T14:08:07Z</time></trkpt>
      <trkpt lat="41.393252" lon="-81.748662"><ele>231.8</ele><time>2026-09-05T14:08:08Z</time></trkpt>
      <trkpt lat="41.393261" lon="-81.748664"><ele>231.8</ele><time>2026-09-05T14:08:09Z</time></trkpt>
      <trkpt lat="41.393271" lon="-81.748666"><ele>231.8</ele><time>2026-09-05T14:08:10Z</time></trkpt>
      <trkpt lat="41.393279" lon="-81.748668"><ele>231.8</ele><time>2026-09-05T14:08:11Z</time></trkpt>
      <trkpt lat="41.393288" lon="-81.748672"><ele>231.8</ele><time>2026-09-05T14:08:12Z</time></trkpt>
      <trkpt lat="41.393297" lon="-81.748676"><ele>231.8</ele><time>2026-09-05T14:08:13Z</time></trkpt>
      <trkpt lat="41.393309" lon="-81.748679"><ele>231.8</ele><time>2026-09-05T14:08:14Z</time></trkpt>
      <trkpt lat="41.393317" lon="-81.748683"><ele>231.8</ele><time>2026-09-05T14:08:15Z</time></trkpt>
      <trkpt lat="41.393324" lon="-81.748685"><ele>231.8</ele><time>2026-09-05T14:08:16Z</time></trkpt>
      <trkpt lat="41.393332" lon="-81.748687"><ele>231.8</ele><time>2026-09-05T14:08:17Z</time></trkpt>
      <trkpt lat="41.393339" lon="-81.748687"><ele>231.8</ele><time>2026-09-05T14:08:18Z</time></trkpt>
      <trkpt lat="41.393344" lon="-81.748685"><ele>231.6</ele><time>2026-09-05T14:08:19Z</time></trkpt>
      <trkpt lat="41.393345" lon="-81.748676"><ele>231.6</ele><time>2026-09-05T14:08:20Z</time></trkpt>
      <trkpt lat="41.39335" lon="-81.74867"><ele>231.6</ele><time>2026-09-05T14:08:21Z</time></trkpt>
      <trkpt lat="41.393357" lon="-81.748669"><ele>231.6</ele><time>2026-09-05T14:08:22Z</time></trkpt>
      <trkpt lat="41.393364" lon="-81.748669"><ele>231.6</ele><time>2026-09-05T14:08:23Z</time></trkpt>
      <trkpt lat="41.393372" lon="-81.74867"><ele>231.6</ele><time>2026-09-05T14:08:24Z</time></trkpt>
      <trkpt lat="41.393384" lon="-81.748671"><ele>231.6</ele><time>2026-09-05T14:08:25Z</time></trkpt>
      <trkpt lat="41.393398" lon="-81.748672"><ele>231.6</ele><time>2026-09-05T14:08:26Z</time></trkpt>
      <trkpt lat="41.393409" lon="-81.748671"><ele>232</ele><time>2026-09-05T14:08:27Z</time></trkpt>
      <trkpt lat="41.393418" lon="-81.74867"><ele>232</ele><time>2026-09-05T14:08:28Z</time></trkpt>
      <trkpt lat="41.393427" lon="-81.74867"><ele>232</ele><time>2026-09-05T14:08:29Z</time></trkpt>
      <trkpt lat="41.393435" lon="-81.74867"><ele>232</ele><time>2026-09-05T14:08:30Z</time></trkpt>
      <trkpt lat="41.393442" lon="-81.748672"><ele>232</ele><time>2026-09-05T14:08:31Z</time></trkpt>
      <trkpt lat="41.39345" lon="-81.748673"><ele>232</ele><time>2026-09-05T14:08:32Z</time></trkpt>
      <trkpt lat="41.393458" lon="-81.748673"><ele>232</ele><time>2026-09-05T14:08:33Z</time></trkpt>
      <trkpt lat="41.393466" lon="-81.748671"><ele>232</ele><time>2026-09-05T14:08:34Z</time></trkpt>
      <trkpt lat="41.393474" lon="-81.748667"><ele>232</ele><time>2026-09-05T14:08:35Z</time></trkpt>
      <trkpt lat="41.393483" lon="-81.748662"><ele>232</ele><time>2026-09-05T14:08:36Z</time></trkpt>
      <trkpt lat="41.393492" lon="-81.748658"><ele>232</ele><time>2026-09-05T14:08:37Z</time></trkpt>
      <trkpt lat="41.393504" lon="-81.748655"><ele>232</ele><time>2026-09-05T14:08:38Z</time></trkpt>
      <trkpt lat="41.393512" lon="-81.748654"><ele>232</ele><time>2026-09-05T14:08:39Z</time></trkpt>
      <trkpt lat="41.39352" lon="-81.748653"><ele>232</ele><time>2026-09-05T14:08:40Z</time></trkpt>
      <trkpt lat="41.393528" lon="-81.748653"><ele>232</ele><time>2026-09-05T14:08:41Z</time></trkpt>
      <trkpt lat="41.393535" lon="-81.748651"><ele>232</ele><time>2026-09-05T14:08:42Z</time></trkpt>
      <trkpt lat="41.393541" lon="-81.748649"><ele>231.8</ele><time>2026-09-05T14:08:43Z</time></trkpt>
      <trkpt lat="41.393549" lon="-81.748648"><ele>231.8</ele><time>2026-09-05T14:08:44Z</time></trkpt>
      <trkpt lat="41.393557" lon="-81.748649"><ele>231.8</ele><time>2026-09-05T14:08:45Z</time></trkpt>
      <trkpt lat="41.393564" lon="-81.74865"><ele>231.8</ele><time>2026-09-05T14:08:46Z</time></trkpt>
      <trkpt lat="41.393573" lon="-81.748652"><ele>231.8</ele><time>2026-09-05T14:08:47Z</time></trkpt>
      <trkpt lat="41.393584" lon="-81.748654"><ele>231.8</ele><time>2026-09-05T14:08:48Z</time></trkpt>
      <trkpt lat="41.393595" lon="-81.748655"><ele>231.8</ele><time>2026-09-05T14:08:49Z</time></trkpt>
      <trkpt lat="41.393605" lon="-81.748655"><ele>231.8</ele><time>2026-09-05T14:08:50Z</time></trkpt>
      <trkpt lat="41.393615" lon="-81.748655"><ele>232</ele><time>2026-09-05T14:08:51Z</time></trkpt>
      <trkpt lat="41.393624" lon="-81.748654"><ele>232</ele><time>2026-09-05T14:08:52Z</time></trkpt>
      <trkpt lat="41.393633" lon="-81.748654"><ele>232</ele><time>2026-09-05T14:08:53Z</time></trkpt>
      <trkpt lat="41.393642" lon="-81.748654"><ele>232</ele><time>2026-09-05T14:08:54Z</time></trkpt>
      <trkpt lat="41.393649" lon="-81.748655"><ele>232</ele><time>2026-09-05T14:08:55Z</time></trkpt>
      <trkpt lat="41.393659" lon="-81.748657"><ele>232</ele><time>2026-09-05T14:08:56Z</time></trkpt>
      <trkpt lat="41.393666" lon="-81.748658"><ele>232</ele><time>2026-09-05T14:08:57Z</time></trkpt>
      <trkpt lat="41.393673" lon="-81.748659"><ele>232</ele><time>2026-09-05T14:08:58Z</time></trkpt>
      <trkpt lat="41.393682" lon="-81.748658"><ele>232.1</ele><time>2026-09-05T14:08:59Z</time></trkpt>
      <trkpt lat="41.39369" lon="-81.748659"><ele>232.1</ele><time>2026-09-05T14:09:00Z</time></trkpt>
      <trkpt lat="41.393701" lon="-81.748661"><ele>232.1</ele><time>2026-09-05T14:09:01Z</time></trkpt>
      <trkpt lat="41.393711" lon="-81.748663"><ele>232.1</ele><time>2026-09-05T14:09:02Z</time></trkpt>
      <trkpt lat="41.393721" lon="-81.748664"><ele>232.1</ele><time>2026-09-05T14:09:03Z</time></trkpt>
      <trkpt lat="41.393731" lon="-81.748665"><ele>232.1</ele><time>2026-09-05T14:09:04Z</time></trkpt>
      <trkpt lat="41.393741" lon="-81.748666"><ele>232.1</ele><time>2026-09-05T14:09:05Z</time></trkpt>
      <trkpt lat="41.393751" lon="-81.748666"><ele>232.1</ele><time>2026-09-05T14:09:06Z</time></trkpt>
      <trkpt lat="41.393764" lon="-81.748666"><ele>232</ele><time>2026-09-05T14:09:07Z</time></trkpt>
      <trkpt lat="41.393774" lon="-81.748667"><ele>232</ele><time>2026-09-05T14:09:08Z</time></trkpt>
      <trkpt lat="41.393783" lon="-81.748669"><ele>232</ele><time>2026-09-05T14:09:09Z</time></trkpt>
      <trkpt lat="41.393793" lon="-81.748672"><ele>232</ele><time>2026-09-05T14:09:10Z</time></trkpt>
      <trkpt lat="41.393803" lon="-81.748675"><ele>232</ele><time>2026-09-05T14:09:11Z</time></trkpt>
      <trkpt lat="41.393812" lon="-81.748678"><ele>232</ele><time>2026-09-05T14:09:12Z</time></trkpt>
      <trkpt lat="41.393823" lon="-81.748679"><ele>232</ele><time>2026-09-05T14:09:13Z</time></trkpt>
      <trkpt lat="41.393834" lon="-81.748678"><ele>231.5</ele><time>2026-09-05T14:09:14Z</time></trkpt>
      <trkpt lat="41.393844" lon="-81.748675"><ele>231.5</ele><time>2026-09-05T14:09:15Z</time></trkpt>
      <trkpt lat="41.393854" lon="-81.748674"><ele>231.5</ele><time>2026-09-05T14:09:16Z</time></trkpt>
      <trkpt lat="41.393863" lon="-81.748673"><ele>231.5</ele><time>2026-09-05T14:09:17Z</time></trkpt>
      <trkpt lat="41.393873" lon="-81.748671"><ele>231.5</ele><time>2026-09-05T14:09:18Z</time></trkpt>
      <trkpt lat="41.393882" lon="-81.74867"><ele>231.5</ele><time>2026-09-05T14:09:19Z</time></trkpt>
      <trkpt lat="41.39389" lon="-81.748669"><ele>231.5</ele><time>2026-09-05T14:09:20Z</time></trkpt>
      <trkpt lat="41.393898" lon="-81.748668"><ele>231.5</ele><time>2026-09-05T14:09:21Z</time></trkpt>
      <trkpt lat="41.393906" lon="-81.748666"><ele>231.5</ele><time>2026-09-05T14:09:22Z</time></trkpt>
      <trkpt lat="41.393916" lon="-81.748665"><ele>231.5</ele><time>2026-09-05T14:09:23Z</time></trkpt>
      <trkpt lat="41.393924" lon="-81.748663"><ele>231.5</ele><time>2026-09-05T14:09:24Z</time></trkpt>
      <trkpt lat="41.393932" lon="-81.748661"><ele>231.5</ele><time>2026-09-05T14:09:25Z</time></trkpt>
      <trkpt lat="41.39394" lon="-81.74866"><ele>231.5</ele><time>2026-09-05T14:09:26Z</time></trkpt>
      <trkpt lat="41.393947" lon="-81.748658"><ele>231.5</ele><time>2026-09-05T14:09:27Z</time></trkpt>
      <trkpt lat="41.393954" lon="-81.748655"><ele>231.5</ele><time>2026-09-05T14:09:28Z</time></trkpt>
      <trkpt lat="41.39396" lon="-81.748647"><ele>231.2</ele><time>2026-09-05T14:09:29Z</time></trkpt>
      <trkpt lat="41.393963" lon="-81.748635"><ele>231.2</ele><time>2026-09-05T14:09:30Z</time></trkpt>
      <trkpt lat="41.393965" lon="-81.748621"><ele>231.2</ele><time>2026-09-05T14:09:31Z</time></trkpt>
      <trkpt lat="41.393965" lon="-81.748607"><ele>231.2</ele><time>2026-09-05T14:09:32Z</time></trkpt>
      <trkpt lat="41.393965" lon="-81.748595"><ele>231.2</ele><time>2026-09-05T14:09:33Z</time></trkpt>
      <trkpt lat="41.393966" lon="-81.748582"><ele>231.2</ele><time>2026-09-05T14:09:34Z</time></trkpt>
      <trkpt lat="41.393967" lon="-81.74857"><ele>231.2</ele><time>2026-09-05T14:09:35Z</time></trkpt>
      <trkpt lat="41.39397" lon="-81.748559"><ele>231.2</ele><time>2026-09-05T14:09:36Z</time></trkpt>
      <trkpt lat="41.393973" lon="-81.748547"><ele>231.5</ele><time>2026-09-05T14:09:37Z</time></trkpt>
      <trkpt lat="41.393977" lon="-81.748536"><ele>231.5</ele><time>2026-09-05T14:09:38Z</time></trkpt>
      <trkpt lat="41.393981" lon="-81.748524"><ele>231.5</ele><time>2026-09-05T14:09:39Z</time></trkpt>
      <trkpt lat="41.393985" lon="-81.748514"><ele>231.5</ele><time>2026-09-05T14:09:40Z</time></trkpt>
      <trkpt lat="41.393989" lon="-81.748505"><ele>231.5</ele><time>2026-09-05T14:09:41Z</time></trkpt>
      <trkpt lat="41.393993" lon="-81.748493"><ele>231.5</ele><time>2026-09-05T14:09:42Z</time></trkpt>
      <trkpt lat="41.393997" lon="-81.748484"><ele>231.5</ele><time>2026-09-05T14:09:43Z</time></trkpt>
      <trkpt lat="41.394002" lon="-81.748474"><ele>231.5</ele><time>2026-09-05T14:09:44Z</time></trkpt>
      <trkpt lat="41.39401" lon="-81.748464"><ele>231.5</ele><time>2026-09-05T14:09:45Z</time></trkpt>
      <trkpt lat="41.394018" lon="-81.748453"><ele>231.5</ele><time>2026-09-05T14:09:46Z</time></trkpt>
      <trkpt lat="41.394027" lon="-81.748444"><ele>231.5</ele><time>2026-09-05T14:09:47Z</time></trkpt>
      <trkpt lat="41.394038" lon="-81.748434"><ele>231.5</ele><time>2026-09-05T14:09:48Z</time></trkpt>
      <trkpt lat="41.394045" lon="-81.748429"><ele>231.5</ele><time>2026-09-05T14:09:49Z</time></trkpt>
      <trkpt lat="41.394052" lon="-81.748423"><ele>231.5</ele><time>2026-09-05T14:09:50Z</time></trkpt>
      <trkpt lat="41.394061" lon="-81.748417"><ele>231.5</ele><time>2026-09-05T14:09:51Z</time></trkpt>
      <trkpt lat="41.394071" lon="-81.748413"><ele>231.5</ele><time>2026-09-05T14:09:52Z</time></trkpt>
      <trkpt lat="41.39408" lon="-81.748407"><ele>231.5</ele><time>2026-09-05T14:09:53Z</time></trkpt>
      <trkpt lat="41.39409" lon="-81.748402"><ele>231.5</ele><time>2026-09-05T14:09:54Z</time></trkpt>
      <trkpt lat="41.394099" lon="-81.7484"><ele>231.5</ele><time>2026-09-05T14:09:55Z</time></trkpt>
      <trkpt lat="41.394108" lon="-81.748399"><ele>231.5</ele><time>2026-09-05T14:09:56Z</time></trkpt>
      <trkpt lat="41.394117" lon="-81.748398"><ele>231.5</ele><time>2026-09-05T14:09:57Z</time></trkpt>
      <trkpt lat="41.394128" lon="-81.748398"><ele>231.5</ele><time>2026-09-05T14:09:58Z</time></trkpt>
      <trkpt lat="41.394137" lon="-81.748399"><ele>231.5</ele><time>2026-09-05T14:09:59Z</time></trkpt>
      <trkpt lat="41.394146" lon="-81.748401"><ele>231.5</ele><time>2026-09-05T14:10:00Z</time></trkpt>
      <trkpt lat="41.394154" lon="-81.748405"><ele>231</ele><time>2026-09-05T14:10:01Z</time></trkpt>
      <trkpt lat="41.394161" lon="-81.748408"><ele>231</ele><time>2026-09-05T14:10:02Z</time></trkpt>
      <trkpt lat="41.394167" lon="-81.74841"><ele>231</ele><time>2026-09-05T14:10:03Z</time></trkpt>
      <trkpt lat="41.394173" lon="-81.748412"><ele>231</ele><time>2026-09-05T14:10:04Z</time></trkpt>
      <trkpt lat="41.394179" lon="-81.748414"><ele>231</ele><time>2026-09-05T14:10:05Z</time></trkpt>
      <trkpt lat="41.394186" lon="-81.748418"><ele>231</ele><time>2026-09-05T14:10:06Z</time></trkpt>
      <trkpt lat="41.394194" lon="-81.748422"><ele>231</ele><time>2026-09-05T14:10:07Z</time></trkpt>
      <trkpt lat="41.394202" lon="-81.748425"><ele>231</ele><time>2026-09-05T14:10:08Z</time></trkpt>
      <trkpt lat="41.394211" lon="-81.748429"><ele>231</ele><time>2026-09-05T14:10:09Z</time></trkpt>
      <trkpt lat="41.39422" lon="-81.748434"><ele>231</ele><time>2026-09-05T14:10:10Z</time></trkpt>
      <trkpt lat="41.394228" lon="-81.748439"><ele>231</ele><time>2026-09-05T14:10:11Z</time></trkpt>
      <trkpt lat="41.394238" lon="-81.748446"><ele>231</ele><time>2026-09-05T14:10:12Z</time></trkpt>
      <trkpt lat="41.394247" lon="-81.748455"><ele>231</ele><time>2026-09-05T14:10:13Z</time></trkpt>
      <trkpt lat="41.394256" lon="-81.748465"><ele>231</ele><time>2026-09-05T14:10:14Z</time></trkpt>
      <trkpt lat="41.394268" lon="-81.748477"><ele>230.8</ele><time>2026-09-05T14:10:15Z</time></trkpt>
      <trkpt lat="41.39428" lon="-81.748486"><ele>230.8</ele><time>2026-09-05T14:10:16Z</time></trkpt>
      <trkpt lat="41.39429" lon="-81.748495"><ele>230.8</ele><time>2026-09-05T14:10:17Z</time></trkpt>
      <trkpt lat="41.394299" lon="-81.748506"><ele>230.8</ele><time>2026-09-05T14:10:18Z</time></trkpt>
      <trkpt lat="41.394302" lon="-81.748516"><ele>230.8</ele><time>2026-09-05T14:10:19Z</time></trkpt>
      <trkpt lat="41.394305" lon="-81.748526"><ele>230.8</ele><time>2026-09-05T14:10:20Z</time></trkpt>
      <trkpt lat="41.394307" lon="-81.748538"><ele>230.8</ele><time>2026-09-05T14:10:21Z</time></trkpt>
      <trkpt lat="41.394309" lon="-81.748549"><ele>230.8</ele><time>2026-09-05T14:10:22Z</time></trkpt>
      <trkpt lat="41.394312" lon="-81.74856"><ele>230.8</ele><time>2026-09-05T14:10:23Z</time></trkpt>
      <trkpt lat="41.394316" lon="-81.748568"><ele>231</ele><time>2026-09-05T14:10:24Z</time></trkpt>
      <trkpt lat="41.39432" lon="-81.748577"><ele>231</ele><time>2026-09-05T14:10:25Z</time></trkpt>
      <trkpt lat="41.394321" lon="-81.748587"><ele>231</ele><time>2026-09-05T14:10:26Z</time></trkpt>
      <trkpt lat="41.394321" lon="-81.748597"><ele>231</ele><time>2026-09-05T14:10:27Z</time></trkpt>
      <trkpt lat="41.39432" lon="-81.748608"><ele>231</ele><time>2026-09-05T14:10:28Z</time></trkpt>
      <trkpt lat="41.394319" lon="-81.748619"><ele>231</ele><time>2026-09-05T14:10:29Z</time></trkpt>
      <trkpt lat="41.394319" lon="-81.74863"><ele>231</ele><time>2026-09-05T14:10:30Z</time></trkpt>
      <trkpt lat="41.394319" lon="-81.748642"><ele>231</ele><time>2026-09-05T14:10:31Z</time></trkpt>
      <trkpt lat="41.39432" lon="-81.748656"><ele>231.1</ele><time>2026-09-05T14:10:32Z</time></trkpt>
      <trkpt lat="41.39432" lon="-81.748672"><ele>231.1</ele><time>2026-09-05T14:10:33Z</time></trkpt>
      <trkpt lat="41.39432" lon="-81.748684"><ele>231.1</ele><time>2026-09-05T14:10:34Z</time></trkpt>
      <trkpt lat="41.39432" lon="-81.748694"><ele>231.1</ele><time>2026-09-05T14:10:35Z</time></trkpt>
      <trkpt lat="41.394321" lon="-81.748705"><ele>231.1</ele><time>2026-09-05T14:10:36Z</time></trkpt>
      <trkpt lat="41.394321" lon="-81.748715"><ele>231.1</ele><time>2026-09-05T14:10:37Z</time></trkpt>
      <trkpt lat="41.394322" lon="-81.748729"><ele>231.1</ele><time>2026-09-05T14:10:38Z</time></trkpt>
      <trkpt lat="41.394323" lon="-81.748739"><ele>231</ele><time>2026-09-05T14:10:39Z</time></trkpt>
      <trkpt lat="41.394323" lon="-81.748748"><ele>231</ele><time>2026-09-05T14:10:40Z</time></trkpt>
      <trkpt lat="41.394323" lon="-81.74876"><ele>231</ele><time>2026-09-05T14:10:41Z</time></trkpt>
      <trkpt lat="41.394323" lon="-81.74877"><ele>231</ele><time>2026-09-05T14:10:42Z</time></trkpt>
      <trkpt lat="41.394323" lon="-81.748783"><ele>231</ele><time>2026-09-05T14:10:43Z</time></trkpt>
      <trkpt lat="41.394323" lon="-81.748794"><ele>231</ele><time>2026-09-05T14:10:44Z</time></trkpt>
      <trkpt lat="41.394324" lon="-81.748804"><ele>231</ele><time>2026-09-05T14:10:45Z</time></trkpt>
      <trkpt lat="41.394326" lon="-81.748814"><ele>231</ele><time>2026-09-05T14:10:46Z</time></trkpt>
      <trkpt lat="41.394328" lon="-81.748822"><ele>231</ele><time>2026-09-05T14:10:47Z</time></trkpt>
      <trkpt lat="41.39433" lon="-81.748834"><ele>231</ele><time>2026-09-05T14:10:48Z</time></trkpt>
      <trkpt lat="41.394331" lon="-81.748845"><ele>231</ele><time>2026-09-05T14:10:49Z</time></trkpt>
      <trkpt lat="41.394331" lon="-81.748859"><ele>231</ele><time>2026-09-05T14:10:50Z</time></trkpt>
      <trkpt lat="41.394331" lon="-81.74887"><ele>231</ele><time>2026-09-05T14:10:51Z</time></trkpt>
      <trkpt lat="41.39433" lon="-81.748885"><ele>231</ele><time>2026-09-05T14:10:52Z</time></trkpt>
      <trkpt lat="41.39433" lon="-81.748898"><ele>231</ele><time>2026-09-05T14:10:53Z</time></trkpt>
      <trkpt lat="41.394331" lon="-81.74891"><ele>231</ele><time>2026-09-05T14:10:54Z</time></trkpt>
      <trkpt lat="41.39433" lon="-81.748923"><ele>231.2</ele><time>2026-09-05T14:10:55Z</time></trkpt>
      <trkpt lat="41.39433" lon="-81.748936"><ele>231.2</ele><time>2026-09-05T14:10:56Z</time></trkpt>
      <trkpt lat="41.394332" lon="-81.748951"><ele>231.2</ele><time>2026-09-05T14:10:57Z</time></trkpt>
      <trkpt lat="41.394333" lon="-81.748965"><ele>231.2</ele><time>2026-09-05T14:10:58Z</time></trkpt>
      <trkpt lat="41.394333" lon="-81.748977"><ele>231.2</ele><time>2026-09-05T14:10:59Z</time></trkpt>
      <trkpt lat="41.394333" lon="-81.74899"><ele>231.2</ele><time>2026-09-05T14:11:00Z</time></trkpt>
      <trkpt lat="41.394333" lon="-81.749003"><ele>231.2</ele><time>2026-09-05T14:11:01Z</time></trkpt>
      <trkpt lat="41.394332" lon="-81.749014"><ele>231.2</ele><time>2026-09-05T14:11:02Z</time></trkpt>
      <trkpt lat="41.394333" lon="-81.749023"><ele>231.5</ele><time>2026-09-05T14:11:03Z</time></trkpt>
      <trkpt lat="41.394334" lon="-81.749035"><ele>231.5</ele><time>2026-09-05T14:11:04Z</time></trkpt>
      <trkpt lat="41.394335" lon="-81.749045"><ele>231.5</ele><time>2026-09-05T14:11:05Z</time></trkpt>
      <trkpt lat="41.394338" lon="-81.749056"><ele>231.5</ele><time>2026-09-05T14:11:06Z</time></trkpt>
      <trkpt lat="41.39434" lon="-81.749065"><ele>231.5</ele><time>2026-09-05T14:11:07Z</time></trkpt>
      <trkpt lat="41.394341" lon="-81.749074"><ele>231.5</ele><time>2026-09-05T14:11:08Z</time></trkpt>
      <trkpt lat="41.394341" lon="-81.749083"><ele>231.5</ele><time>2026-09-05T14:11:09Z</time></trkpt>
      <trkpt lat="41.394341" lon="-81.749092"><ele>231.5</ele><time>2026-09-05T14:11:10Z</time></trkpt>
      <trkpt lat="41.39434" lon="-81.749105"><ele>231.5</ele><time>2026-09-05T14:11:11Z</time></trkpt>
      <trkpt lat="41.394338" lon="-81.749116"><ele>231.5</ele><time>2026-09-05T14:11:12Z</time></trkpt>
      <trkpt lat="41.394337" lon="-81.74913"><ele>231.5</ele><time>2026-09-05T14:11:13Z</time></trkpt>
      <trkpt lat="41.394335" lon="-81.749143"><ele>231.5</ele><time>2026-09-05T14:11:14Z</time></trkpt>
      <trkpt lat="41.394334" lon="-81.749155"><ele>231.5</ele><time>2026-09-05T14:11:15Z</time></trkpt>
      <trkpt lat="41.394332" lon="-81.74917"><ele>231.5</ele><time>2026-09-05T14:11:16Z</time></trkpt>
      <trkpt lat="41.39433" lon="-81.749186"><ele>231.5</ele><time>2026-09-05T14:11:17Z</time></trkpt>
      <trkpt lat="41.39433" lon="-81.749206"><ele>232</ele><time>2026-09-05T14:11:18Z</time></trkpt>
      <trkpt lat="41.394329" lon="-81.749219"><ele>232</ele><time>2026-09-05T14:11:19Z</time></trkpt>
      <trkpt lat="41.394328" lon="-81.749232"><ele>232</ele><time>2026-09-05T14:11:20Z</time></trkpt>
      <trkpt lat="41.394327" lon="-81.749245"><ele>232</ele><time>2026-09-05T14:11:21Z</time></trkpt>
      <trkpt lat="41.394327" lon="-81.749258"><ele>232</ele><time>2026-09-05T14:11:22Z</time></trkpt>
      <trkpt lat="41.394328" lon="-81.749273"><ele>232</ele><time>2026-09-05T14:11:23Z</time></trkpt>
      <trkpt lat="41.394328" lon="-81.749288"><ele>232</ele><time>2026-09-05T14:11:24Z</time></trkpt>
      <trkpt lat="41.39433" lon="-81.749302"><ele>232</ele><time>2026-09-05T14:11:25Z</time></trkpt>
      <trkpt lat="41.394335" lon="-81.749319"><ele>232.1</ele><time>2026-09-05T14:11:26Z</time></trkpt>
      <trkpt lat="41.394339" lon="-81.749335"><ele>232.1</ele><time>2026-09-05T14:11:27Z</time></trkpt>
      <trkpt lat="41.394341" lon="-81.74935"><ele>232.1</ele><time>2026-09-05T14:11:28Z</time></trkpt>
      <trkpt lat="41.394341" lon="-81.749364"><ele>232.1</ele><time>2026-09-05T14:11:29Z</time></trkpt>
      <trkpt lat="41.394341" lon="-81.749375"><ele>232.1</ele><time>2026-09-05T14:11:30Z</time></trkpt>
      <trkpt lat="41.394341" lon="-81.749385"><ele>232.1</ele><time>2026-09-05T14:11:31Z</time></trkpt>
      <trkpt lat="41.394341" lon="-81.749396"><ele>232.1</ele><time>2026-09-05T14:11:32Z</time></trkpt>
      <trkpt lat="41.394343" lon="-81.749409"><ele>232.1</ele><time>2026-09-05T14:11:33Z</time></trkpt>
      <trkpt lat="41.394345" lon="-81.749423"><ele>232.1</ele><time>2026-09-05T14:11:34Z</time></trkpt>
      <trkpt lat="41.394346" lon="-81.749434"><ele>232.1</ele><time>2026-09-05T14:11:35Z</time></trkpt>
      <trkpt lat="41.394346" lon="-81.749445"><ele>232.1</ele><time>2026-09-05T14:11:36Z</time></trkpt>
      <trkpt lat="41.394344" lon="-81.749456"><ele>232.1</ele><time>2026-09-05T14:11:37Z</time></trkpt>
      <trkpt lat="41.394343" lon="-81.749469"><ele>232.1</ele><time>2026-09-05T14:11:38Z</time></trkpt>
      <trkpt lat="41.394342" lon="-81.74948"><ele>232.1</ele><time>2026-09-05T14:11:39Z</time></trkpt>
      <trkpt lat="41.394341" lon="-81.749491"><ele>232.1</ele><time>2026-09-05T14:11:40Z</time></trkpt>
      <trkpt lat="41.394341" lon="-81.749503"><ele>232.1</ele><time>2026-09-05T14:11:41Z</time></trkpt>
      <trkpt lat="41.394341" lon="-81.749513"><ele>232.1</ele><time>2026-09-05T14:11:42Z</time></trkpt>
      <trkpt lat="41.394341" lon="-81.749524"><ele>232.1</ele><time>2026-09-05T14:11:43Z</time></trkpt>
      <trkpt lat="41.39434" lon="-81.749537"><ele>232.1</ele><time>2026-09-05T14:11:44Z</time></trkpt>
      <trkpt lat="41.394339" lon="-81.749548"><ele>232.1</ele><time>2026-09-05T14:11:45Z</time></trkpt>
      <trkpt lat="41.394338" lon="-81.74956"><ele>232.1</ele><time>2026-09-05T14:11:46Z</time></trkpt>
      <trkpt lat="41.394337" lon="-81.749571"><ele>232.1</ele><time>2026-09-05T14:11:47Z</time></trkpt>
      <trkpt lat="41.394337" lon="-81.749581"><ele>232.1</ele><time>2026-09-05T14:11:48Z</time></trkpt>
      <trkpt lat="41.394337" lon="-81.74959"><ele>232</ele><time>2026-09-05T14:11:49Z</time></trkpt>
      <trkpt lat="41.394338" lon="-81.749598"><ele>232</ele><time>2026-09-05T14:11:50Z</time></trkpt>
      <trkpt lat="41.394338" lon="-81.749609"><ele>232</ele><time>2026-09-05T14:11:51Z</time></trkpt>
      <trkpt lat="41.394336" lon="-81.74962"><ele>232</ele><time>2026-09-05T14:11:52Z</time></trkpt>
      <trkpt lat="41.394334" lon="-81.749631"><ele>232</ele><time>2026-09-05T14:11:53Z</time></trkpt>
      <trkpt lat="41.394333" lon="-81.749642"><ele>232</ele><time>2026-09-05T14:11:54Z</time></trkpt>
      <trkpt lat="41.394333" lon="-81.749651"><ele>232</ele><time>2026-09-05T14:11:55Z</time></trkpt>
      <trkpt lat="41.394333" lon="-81.749659"><ele>232</ele><time>2026-09-05T14:11:56Z</time></trkpt>
      <trkpt lat="41.394336" lon="-81.749666"><ele>232</ele><time>2026-09-05T14:11:57Z</time></trkpt>
      <trkpt lat="41.394342" lon="-81.749669"><ele>232</ele><time>2026-09-05T14:11:58Z</time></trkpt>
      <trkpt lat="41.394344" lon="-81.749678"><ele>232</ele><time>2026-09-05T14:11:59Z</time></trkpt>
      <trkpt lat="41.394345" lon="-81.749689"><ele>232</ele><time>2026-09-05T14:12:00Z</time></trkpt>
      <trkpt lat="41.394345" lon="-81.749703"><ele>232</ele><time>2026-09-05T14:12:01Z</time></trkpt>
      <trkpt lat="41.394345" lon="-81.749717"><ele>232</ele><time>2026-09-05T14:12:02Z</time></trkpt>
      <trkpt lat="41.394345" lon="-81.749729"><ele>232</ele><time>2026-09-05T14:12:03Z</time></trkpt>
      <trkpt lat="41.394345" lon="-81.74974"><ele>232</ele><time>2026-09-05T14:12:04Z</time></trkpt>
      <trkpt lat="41.394347" lon="-81.749752"><ele>232.1</ele><time>2026-09-05T14:12:05Z</time></trkpt>
      <trkpt lat="41.39435" lon="-81.749763"><ele>232.1</ele><time>2026-09-05T14:12:06Z</time></trkpt>
      <trkpt lat="41.394352" lon="-81.749773"><ele>232.1</ele><time>2026-09-05T14:12:07Z</time></trkpt>
      <trkpt lat="41.394353" lon="-81.749783"><ele>232.1</ele><time>2026-09-05T14:12:08Z</time></trkpt>
      <trkpt lat="41.394353" lon="-81.749792"><ele>232.1</ele><time>2026-09-05T14:12:09Z</time></trkpt>
      <trkpt lat="41.394353" lon="-81.7498"><ele>232.1</ele><time>2026-09-05T14:12:10Z</time></trkpt>
      <trkpt lat="41.394353" lon="-81.749806"><ele>232.1</ele><time>2026-09-05T14:12:11Z</time></trkpt>
      <trkpt lat="41.394354" lon="-81.749812"><ele>232.1</ele><time>2026-09-05T14:12:12Z</time></trkpt>
      <trkpt lat="41.394356" lon="-81.749817"><ele>232</ele><time>2026-09-05T14:12:13Z</time></trkpt>
      <trkpt lat="41.394358" lon="-81.749826"><ele>232</ele><time>2026-09-05T14:12:14Z</time></trkpt>
      <trkpt lat="41.394357" lon="-81.749838"><ele>232</ele><time>2026-09-05T14:12:15Z</time></trkpt>
      <trkpt lat="41.394356" lon="-81.749851"><ele>232</ele><time>2026-09-05T14:12:16Z</time></trkpt>
      <trkpt lat="41.394355" lon="-81.749867"><ele>232</ele><time>2026-09-05T14:12:17Z</time></trkpt>
      <trkpt lat="41.394355" lon="-81.749882"><ele>232</ele><time>2026-09-05T14:12:18Z</time></trkpt>
      <trkpt lat="41.394354" lon="-81.749899"><ele>232</ele><time>2026-09-05T14:12:19Z</time></trkpt>
      <trkpt lat="41.394354" lon="-81.749913"><ele>232.1</ele><time>2026-09-05T14:12:20Z</time></trkpt>
      <trkpt lat="41.394356" lon="-81.749924"><ele>232.1</ele><time>2026-09-05T14:12:21Z</time></trkpt>
      <trkpt lat="41.394356" lon="-81.749936"><ele>232.1</ele><time>2026-09-05T14:12:22Z</time></trkpt>
      <trkpt lat="41.394356" lon="-81.749948"><ele>232.1</ele><time>2026-09-05T14:12:23Z</time></trkpt>
      <trkpt lat="41.394355" lon="-81.749957"><ele>232.1</ele><time>2026-09-05T14:12:24Z</time></trkpt>
      <trkpt lat="41.394354" lon="-81.749966"><ele>232.1</ele><time>2026-09-05T14:12:25Z</time></trkpt>
      <trkpt lat="41.394353" lon="-81.749975"><ele>232.1</ele><time>2026-09-05T14:12:26Z</time></trkpt>
      <trkpt lat="41.394353" lon="-81.749985"><ele>232.1</ele><time>2026-09-05T14:12:27Z</time></trkpt>
      <trkpt lat="41.394354" lon="-81.749994"><ele>232.1</ele><time>2026-09-05T14:12:28Z</time></trkpt>
      <trkpt lat="41.394357" lon="-81.750004"><ele>232.1</ele><time>2026-09-05T14:12:29Z</time></trkpt>
      <trkpt lat="41.394356" lon="-81.750014"><ele>232.1</ele><time>2026-09-05T14:12:30Z</time></trkpt>
      <trkpt lat="41.394355" lon="-81.750021"><ele>232.1</ele><time>2026-09-05T14:12:31Z</time></trkpt>
      <trkpt lat="41.394353" lon="-81.750027"><ele>232.1</ele><time>2026-09-05T14:12:32Z</time></trkpt>
      <trkpt lat="41.394352" lon="-81.75003"><ele>232.1</ele><time>2026-09-05T14:12:33Z</time></trkpt>
      <trkpt lat="41.394352" lon="-81.750034"><ele>232.1</ele><time>2026-09-05T14:12:34Z</time></trkpt>
      <trkpt lat="41.394352" lon="-81.750038"><ele>232.1</ele><time>2026-09-05T14:12:35Z</time></trkpt>
      <trkpt lat="41.394352" lon="-81.750044"><ele>232.5</ele><time>2026-09-05T14:12:36Z</time></trkpt>
      <trkpt lat="41.394351" lon="-81.750053"><ele>232.5</ele><time>2026-09-05T14:12:37Z</time></trkpt>
      <trkpt lat="41.39435" lon="-81.750064"><ele>232.5</ele><time>2026-09-05T14:12:38Z</time></trkpt>
      <trkpt lat="41.39435" lon="-81.750078"><ele>232.5</ele><time>2026-09-05T14:12:39Z</time></trkpt>
      <trkpt lat="41.39435" lon="-81.750089"><ele>232.5</ele><time>2026-09-05T14:12:40Z</time></trkpt>
      <trkpt lat="41.394349" lon="-81.7501"><ele>232.5</ele><time>2026-09-05T14:12:41Z</time></trkpt>
      <trkpt lat="41.394349" lon="-81.750114"><ele>232.5</ele><time>2026-09-05T14:12:42Z</time></trkpt>
      <trkpt lat="41.39435" lon="-81.750128"><ele>232.5</ele><time>2026-09-05T14:12:43Z</time></trkpt>
      <trkpt lat="41.394352" lon="-81.750144"><ele>232.5</ele><time>2026-09-05T14:12:44Z</time></trkpt>
      <trkpt lat="41.394353" lon="-81.75016"><ele>232.5</ele><time>2026-09-05T14:12:45Z</time></trkpt>
      <trkpt lat="41.394355" lon="-81.750173"><ele>232.5</ele><time>2026-09-05T14:12:46Z</time></trkpt>
      <trkpt lat="41.394356" lon="-81.750186"><ele>232.5</ele><time>2026-09-05T14:12:47Z</time></trkpt>
      <trkpt lat="41.394357" lon="-81.7502"><ele>232.5</ele><time>2026-09-05T14:12:48Z</time></trkpt>
      <trkpt lat="41.394359" lon="-81.750212"><ele>232.5</ele><time>2026-09-05T14:12:49Z</time></trkpt>
      <trkpt lat="41.39436" lon="-81.750228"><ele>232.5</ele><time>2026-09-05T14:12:50Z</time></trkpt>
      <trkpt lat="41.394361" lon="-81.75024"><ele>232.5</ele><time>2026-09-05T14:12:51Z</time></trkpt>
      <trkpt lat="41.39436" lon="-81.750252"><ele>232.5</ele><time>2026-09-05T14:12:52Z</time></trkpt>
      <trkpt lat="41.39436" lon="-81.750265"><ele>232.5</ele><time>2026-09-05T14:12:53Z</time></trkpt>
      <trkpt lat="41.39436" lon="-81.750278"><ele>232.5</ele><time>2026-09-05T14:12:54Z</time></trkpt>
      <trkpt lat="41.394359" lon="-81.750289"><ele>232.5</ele><time>2026-09-05T14:12:55Z</time></trkpt>
      <trkpt lat="41.394358" lon="-81.750301"><ele>232.5</ele><time>2026-09-05T14:12:56Z</time></trkpt>
      <trkpt lat="41.394357" lon="-81.750313"><ele>232.5</ele><time>2026-09-05T14:12:57Z</time></trkpt>
      <trkpt lat="41.394356" lon="-81.750327"><ele>232.5</ele><time>2026-09-05T14:12:58Z</time></trkpt>
      <trkpt lat="41.394356" lon="-81.750341"><ele>232.5</ele><time>2026-09-05T14:12:59Z</time></trkpt>
      <trkpt lat="41.394356" lon="-81.750354"><ele>232.5</ele><time>2026-09-05T14:13:00Z</time></trkpt>
      <trkpt lat="41.394356" lon="-81.750366"><ele>232.5</ele><time>2026-09-05T14:13:01Z</time></trkpt>
      <trkpt lat="41.394356" lon="-81.750379"><ele>232.5</ele><time>2026-09-05T14:13:02Z</time></trkpt>
      <trkpt lat="41.394355" lon="-81.750391"><ele>232.5</ele><time>2026-09-05T14:13:03Z</time></trkpt>
      <trkpt lat="41.394354" lon="-81.750402"><ele>232.5</ele><time>2026-09-05T14:13:04Z</time></trkpt>
      <trkpt lat="41.394352" lon="-81.750414"><ele>232.5</ele><time>2026-09-05T14:13:05Z</time></trkpt>
      <trkpt lat="41.394351" lon="-81.750426"><ele>232.5</ele><time>2026-09-05T14:13:06Z</time></trkpt>
      <trkpt lat="41.394351" lon="-81.75044"><ele>232.8</ele><time>2026-09-05T14:13:07Z</time></trkpt>
      <trkpt lat="41.394351" lon="-81.750451"><ele>232.8</ele><time>2026-09-05T14:13:08Z</time></trkpt>
      <trkpt lat="41.394351" lon="-81.75046"><ele>232.8</ele><time>2026-09-05T14:13:09Z</time></trkpt>
      <trkpt lat="41.39435" lon="-81.75047"><ele>232.8</ele><time>2026-09-05T14:13:10Z</time></trkpt>
      <trkpt lat="41.394348" lon="-81.750479"><ele>232.8</ele><time>2026-09-05T14:13:11Z</time></trkpt>
      <trkpt lat="41.394347" lon="-81.75049"><ele>232.8</ele><time>2026-09-05T14:13:12Z</time></trkpt>
      <trkpt lat="41.394347" lon="-81.750502"><ele>232.8</ele><time>2026-09-05T14:13:13Z</time></trkpt>
      <trkpt lat="41.394347" lon="-81.750512"><ele>232.8</ele><time>2026-09-05T14:13:14Z</time></trkpt>
      <trkpt lat="41.394349" lon="-81.750522"><ele>232.5</ele><time>2026-09-05T14:13:15Z</time></trkpt>
      <trkpt lat="41.394351" lon="-81.750535"><ele>232.5</ele><time>2026-09-05T14:13:16Z</time></trkpt>
      <trkpt lat="41.394351" lon="-81.750547"><ele>232.5</ele><time>2026-09-05T14:13:17Z</time></trkpt>
      <trkpt lat="41.39435" lon="-81.750558"><ele>232.5</ele><time>2026-09-05T14:13:18Z</time></trkpt>
      <trkpt lat="41.394349" lon="-81.75057"><ele>232.5</ele><time>2026-09-05T14:13:19Z</time></trkpt>
      <trkpt lat="41.394348" lon="-81.750581"><ele>232.5</ele><time>2026-09-05T14:13:20Z</time></trkpt>
      <trkpt lat="41.394346" lon="-81.750593"><ele>232.5</ele><time>2026-09-05T14:13:21Z</time></trkpt>
      <trkpt lat="41.394345" lon="-81.750603"><ele>232.5</ele><time>2026-09-05T14:13:22Z</time></trkpt>
      <trkpt lat="41.394343" lon="-81.750615"><ele>232.8</ele><time>2026-09-05T14:13:23Z</time></trkpt>
      <trkpt lat="41.394342" lon="-81.750626"><ele>232.8</ele><time>2026-09-05T14:13:24Z</time></trkpt>
      <trkpt lat="41.394341" lon="-81.750638"><ele>232.8</ele><time>2026-09-05T14:13:25Z</time></trkpt>
      <trkpt lat="41.394341" lon="-81.75065"><ele>232.8</ele><time>2026-09-05T14:13:26Z</time></trkpt>
      <trkpt lat="41.394341" lon="-81.750661"><ele>232.8</ele><time>2026-09-05T14:13:27Z</time></trkpt>
      <trkpt lat="41.394342" lon="-81.750673"><ele>232.8</ele><time>2026-09-05T14:13:28Z</time></trkpt>
      <trkpt lat="41.394342" lon="-81.750682"><ele>232.8</ele><time>2026-09-05T14:13:29Z</time></trkpt>
      <trkpt lat="41.394342" lon="-81.750691"><ele>232.5</ele><time>2026-09-05T14:13:30Z</time></trkpt>
      <trkpt lat="41.394342" lon="-81.750702"><ele>232.5</ele><time>2026-09-05T14:13:31Z</time></trkpt>
      <trkpt lat="41.394343" lon="-81.750712"><ele>232.5</ele><time>2026-09-05T14:13:32Z</time></trkpt>
      <trkpt lat="41.394345" lon="-81.750721"><ele>232.5</ele><time>2026-09-05T14:13:33Z</time></trkpt>
      <trkpt lat="41.394347" lon="-81.75073"><ele>232.5</ele><time>2026-09-05T14:13:34Z</time></trkpt>
      <trkpt lat="41.39435" lon="-81.750739"><ele>232.5</ele><time>2026-09-05T14:13:35Z</time></trkpt>
      <trkpt lat="41.394352" lon="-81.750749"><ele>232.5</ele><time>2026-09-05T14:13:36Z</time></trkpt>
      <trkpt lat="41.394353" lon="-81.750759"><ele>232.5</ele><time>2026-09-05T14:13:37Z</time></trkpt>
      <trkpt lat="41.394355" lon="-81.750769"><ele>232.5</ele><time>2026-09-05T14:13:38Z</time></trkpt>
      <trkpt lat="41.394356" lon="-81.75078"><ele>232.5</ele><time>2026-09-05T14:13:39Z</time></trkpt>
      <trkpt lat="41.394356" lon="-81.750792"><ele>232.5</ele><time>2026-09-05T14:13:40Z</time></trkpt>
      <trkpt lat="41.394356" lon="-81.750805"><ele>232.5</ele><time>2026-09-05T14:13:41Z</time></trkpt>
      <trkpt lat="41.394356" lon="-81.750818"><ele>232.5</ele><time>2026-09-05T14:13:42Z</time></trkpt>
      <trkpt lat="41.394355" lon="-81.750831"><ele>232.5</ele><time>2026-09-05T14:13:43Z</time></trkpt>
      <trkpt lat="41.394355" lon="-81.750841"><ele>232.5</ele><time>2026-09-05T14:13:44Z</time></trkpt>
      <trkpt lat="41.394355" lon="-81.750853"><ele>232.5</ele><time>2026-09-05T14:13:45Z</time></trkpt>
      <trkpt lat="41.394355" lon="-81.750869"><ele>232.5</ele><time>2026-09-05T14:13:46Z</time></trkpt>
      <trkpt lat="41.394355" lon="-81.750882"><ele>232.5</ele><time>2026-09-05T14:13:47Z</time></trkpt>
      <trkpt lat="41.394354" lon="-81.750893"><ele>232.5</ele><time>2026-09-05T14:13:48Z</time></trkpt>
      <trkpt lat="41.394353" lon="-81.750905"><ele>232.5</ele><time>2026-09-05T14:13:49Z</time></trkpt>
      <trkpt lat="41.394352" lon="-81.750915"><ele>232.5</ele><time>2026-09-05T14:13:50Z</time></trkpt>
      <trkpt lat="41.394351" lon="-81.750924"><ele>232.5</ele><time>2026-09-05T14:13:51Z</time></trkpt>
      <trkpt lat="41.39435" lon="-81.750932"><ele>232.5</ele><time>2026-09-05T14:13:52Z</time></trkpt>
      <trkpt lat="41.39435" lon="-81.750939"><ele>232.5</ele><time>2026-09-05T14:13:53Z</time></trkpt>
      <trkpt lat="41.394351" lon="-81.750948"><ele>232.5</ele><time>2026-09-05T14:13:54Z</time></trkpt>
      <trkpt lat="41.394351" lon="-81.750956"><ele>232.5</ele><time>2026-09-05T14:13:55Z</time></trkpt>
      <trkpt lat="41.394349" lon="-81.750964"><ele>232.5</ele><time>2026-09-05T14:13:56Z</time></trkpt>
      <trkpt lat="41.394347" lon="-81.75097"><ele>232.5</ele><time>2026-09-05T14:13:57Z</time></trkpt>
      <trkpt lat="41.394346" lon="-81.750977"><ele>232.5</ele><time>2026-09-05T14:13:58Z</time></trkpt>
      <trkpt lat="41.394345" lon="-81.75098"><ele>232.5</ele><time>2026-09-05T14:13:59Z</time></trkpt>
      <trkpt lat="41.394343" lon="-81.750982"><ele>232.5</ele><time>2026-09-05T14:14:00Z</time></trkpt>
      <trkpt lat="41.394342" lon="-81.750986"><ele>232.5</ele><time>2026-09-05T14:14:01Z</time></trkpt>
      <trkpt lat="41.394342" lon="-81.750991"><ele>232.5</ele><time>2026-09-05T14:14:02Z</time></trkpt>
      <trkpt lat="41.394341" lon="-81.750996"><ele>232.5</ele><time>2026-09-05T14:14:03Z</time></trkpt>
      <trkpt lat="41.39434" lon="-81.751003"><ele>232.5</ele><time>2026-09-05T14:14:04Z</time></trkpt>
      <trkpt lat="41.394338" lon="-81.751013"><ele>232.5</ele><time>2026-09-05T14:14:05Z</time></trkpt>
      <trkpt lat="41.394337" lon="-81.751024"><ele>232.5</ele><time>2026-09-05T14:14:06Z</time></trkpt>
      <trkpt lat="41.394335" lon="-81.751036"><ele>232.5</ele><time>2026-09-05T14:14:07Z</time></trkpt>
      <trkpt lat="41.394334" lon="-81.751048"><ele>232.5</ele><time>2026-09-05T14:14:08Z</time></trkpt>
      <trkpt lat="41.394334" lon="-81.751058"><ele>232.5</ele><time>2026-09-05T14:14:09Z</time></trkpt>
      <trkpt lat="41.394335" lon="-81.75107"><ele>232.5</ele><time>2026-09-05T14:14:10Z</time></trkpt>
      <trkpt lat="41.394333" lon="-81.75108"><ele>232.5</ele><time>2026-09-05T14:14:11Z</time></trkpt>
      <trkpt lat="41.394329" lon="-81.75109"><ele>232.5</ele><time>2026-09-05T14:14:12Z</time></trkpt>
      <trkpt lat="41.394327" lon="-81.7511"><ele>232.5</ele><time>2026-09-05T14:14:13Z</time></trkpt>
      <trkpt lat="41.394325" lon="-81.751113"><ele>232.5</ele><time>2026-09-05T14:14:14Z</time></trkpt>
      <trkpt lat="41.394324" lon="-81.751122"><ele>232.5</ele><time>2026-09-05T14:14:15Z</time></trkpt>
      <trkpt lat="41.394323" lon="-81.75113"><ele>232.5</ele><time>2026-09-05T14:14:16Z</time></trkpt>
      <trkpt lat="41.394324" lon="-81.751138"><ele>232.5</ele><time>2026-09-05T14:14:17Z</time></trkpt>
      <trkpt lat="41.394325" lon="-81.751148"><ele>232.5</ele><time>2026-09-05T14:14:18Z</time></trkpt>
      <trkpt lat="41.394323" lon="-81.751161"><ele>232.5</ele><time>2026-09-05T14:14:19Z</time></trkpt>
      <trkpt lat="41.39432" lon="-81.751174"><ele>232.5</ele><time>2026-09-05T14:14:20Z</time></trkpt>
      <trkpt lat="41.394318" lon="-81.751186"><ele>232.5</ele><time>2026-09-05T14:14:21Z</time></trkpt>
      <trkpt lat="41.394316" lon="-81.751198"><ele>232.5</ele><time>2026-09-05T14:14:22Z</time></trkpt>
      <trkpt lat="41.394315" lon="-81.75121"><ele>232.5</ele><time>2026-09-05T14:14:23Z</time></trkpt>
      <trkpt lat="41.394315" lon="-81.751223"><ele>232.5</ele><time>2026-09-05T14:14:24Z</time></trkpt>
      <trkpt lat="41.394316" lon="-81.751233"><ele>232.5</ele><time>2026-09-05T14:14:25Z</time></trkpt>
      <trkpt lat="41.394316" lon="-81.751242"><ele>232.5</ele><time>2026-09-05T14:14:26Z</time></trkpt>
      <trkpt lat="41.394315" lon="-81.751252"><ele>232.5</ele><time>2026-09-05T14:14:27Z</time></trkpt>
      <trkpt lat="41.394313" lon="-81.751263"><ele>232.5</ele><time>2026-09-05T14:14:28Z</time></trkpt>
      <trkpt lat="41.394312" lon="-81.751277"><ele>232.5</ele><time>2026-09-05T14:14:29Z</time></trkpt>
      <trkpt lat="41.39431" lon="-81.75129"><ele>232.5</ele><time>2026-09-05T14:14:30Z</time></trkpt>
      <trkpt lat="41.394308" lon="-81.751302"><ele>232.5</ele><time>2026-09-05T14:14:31Z</time></trkpt>
      <trkpt lat="41.394307" lon="-81.751311"><ele>232.5</ele><time>2026-09-05T14:14:32Z</time></trkpt>
      <trkpt lat="41.394305" lon="-81.751317"><ele>232.5</ele><time>2026-09-05T14:14:33Z</time></trkpt>
      <trkpt lat="41.394304" lon="-81.751327"><ele>232.5</ele><time>2026-09-05T14:14:34Z</time></trkpt>
      <trkpt lat="41.394302" lon="-81.751339"><ele>232.5</ele><time>2026-09-05T14:14:35Z</time></trkpt>
      <trkpt lat="41.394302" lon="-81.751352"><ele>232.5</ele><time>2026-09-05T14:14:36Z</time></trkpt>
      <trkpt lat="41.394302" lon="-81.751363"><ele>232.5</ele><time>2026-09-05T14:14:37Z</time></trkpt>
      <trkpt lat="41.394301" lon="-81.751377"><ele>232.5</ele><time>2026-09-05T14:14:38Z</time></trkpt>
      <trkpt lat="41.3943" lon="-81.751388"><ele>232.5</ele><time>2026-09-05T14:14:39Z</time></trkpt>
      <trkpt lat="41.3943" lon="-81.751399"><ele>232.5</ele><time>2026-09-05T14:14:40Z</time></trkpt>
      <trkpt lat="41.394298" lon="-81.751409"><ele>232.5</ele><time>2026-09-05T14:14:41Z</time></trkpt>
      <trkpt lat="41.394299" lon="-81.751421"><ele>232.5</ele><time>2026-09-05T14:14:42Z</time></trkpt>
      <trkpt lat="41.3943" lon="-81.751434"><ele>232.5</ele><time>2026-09-05T14:14:43Z</time></trkpt>
      <trkpt lat="41.3943" lon="-81.751448"><ele>232.5</ele><time>2026-09-05T14:14:44Z</time></trkpt>
      <trkpt lat="41.394301" lon="-81.751461"><ele>232.5</ele><time>2026-09-05T14:14:45Z</time></trkpt>
      <trkpt lat="41.394302" lon="-81.751473"><ele>232.5</ele><time>2026-09-05T14:14:46Z</time></trkpt>
      <trkpt lat="41.394303" lon="-81.751483"><ele>232.5</ele><time>2026-09-05T14:14:47Z</time></trkpt>
      <trkpt lat="41.394304" lon="-81.751488"><ele>232.5</ele><time>2026-09-05T14:14:48Z</time></trkpt>
      <trkpt lat="41.394306" lon="-81.751495"><ele>232.5</ele><time>2026-09-05T14:14:49Z</time></trkpt>
      <trkpt lat="41.39431" lon="-81.751508"><ele>232.5</ele><time>2026-09-05T14:14:50Z</time></trkpt>
      <trkpt lat="41.394314" lon="-81.751522"><ele>232.5</ele><time>2026-09-05T14:14:51Z</time></trkpt>
      <trkpt lat="41.394318" lon="-81.751534"><ele>232.5</ele><time>2026-09-05T14:14:52Z</time></trkpt>
      <trkpt lat="41.394323" lon="-81.751547"><ele>232.5</ele><time>2026-09-05T14:14:53Z</time></trkpt>
      <trkpt lat="41.394328" lon="-81.751562"><ele>232.5</ele><time>2026-09-05T14:14:54Z</time></trkpt>
      <trkpt lat="41.394333" lon="-81.751576"><ele>232.5</ele><time>2026-09-05T14:14:55Z</time></trkpt>
      <trkpt lat="41.394338" lon="-81.751594"><ele>231.7</ele><time>2026-09-05T14:14:56Z</time></trkpt>
      <trkpt lat="41.394342" lon="-81.751609"><ele>231.7</ele><time>2026-09-05T14:14:57Z</time></trkpt>
      <trkpt lat="41.394344" lon="-81.751622"><ele>231.7</ele><time>2026-09-05T14:14:58Z</time></trkpt>
      <trkpt lat="41.394344" lon="-81.751637"><ele>231.7</ele><time>2026-09-05T14:14:59Z</time></trkpt>
      <trkpt lat="41.394343" lon="-81.75165"><ele>231.7</ele><time>2026-09-05T14:15:00Z</time></trkpt>
      <trkpt lat="41.394342" lon="-81.751666"><ele>231.7</ele><time>2026-09-05T14:15:01Z</time></trkpt>
      <trkpt lat="41.394342" lon="-81.751683"><ele>231.7</ele><time>2026-09-05T14:15:02Z</time></trkpt>
      <trkpt lat="41.394341" lon="-81.751697"><ele>231.799</ele><time>2026-09-05T14:15:03Z</time></trkpt>
      <trkpt lat="41.394342" lon="-81.75171"><ele>231.799</ele><time>2026-09-05T14:15:04Z</time></trkpt>
      <trkpt lat="41.394342" lon="-81.751723"><ele>231.799</ele><time>2026-09-05T14:15:05Z</time></trkpt>
      <trkpt lat="41.394342" lon="-81.751735"><ele>231.8</ele><time>2026-09-05T14:15:06Z</time></trkpt>
      <trkpt lat="41.39434" lon="-81.751747"><ele>231.8</ele><time>2026-09-05T14:15:07Z</time></trkpt>
      <trkpt lat="41.39434" lon="-81.75176"><ele>231.8</ele><time>2026-09-05T14:15:08Z</time></trkpt>
      <trkpt lat="41.394339" lon="-81.751773"><ele>231.8</ele><time>2026-09-05T14:15:09Z</time></trkpt>
      <trkpt lat="41.39434" lon="-81.751784"><ele>231.8</ele><time>2026-09-05T14:15:10Z</time></trkpt>
      <trkpt lat="41.394341" lon="-81.751797"><ele>231.6</ele><time>2026-09-05T14:15:11Z</time></trkpt>
      <trkpt lat="41.394343" lon="-81.751809"><ele>231.6</ele><time>2026-09-05T14:15:12Z</time></trkpt>
      <trkpt lat="41.394343" lon="-81.751822"><ele>231.6</ele><time>2026-09-05T14:15:13Z</time></trkpt>
      <trkpt lat="41.394344" lon="-81.751834"><ele>231.6</ele><time>2026-09-05T14:15:14Z</time></trkpt>
      <trkpt lat="41.394345" lon="-81.751843"><ele>231.6</ele><time>2026-09-05T14:15:15Z</time></trkpt>
      <trkpt lat="41.394348" lon="-81.751854"><ele>231.6</ele><time>2026-09-05T14:15:16Z</time></trkpt>
      <trkpt lat="41.394351" lon="-81.751864"><ele>231.6</ele><time>2026-09-05T14:15:17Z</time></trkpt>
      <trkpt lat="41.394356" lon="-81.751875"><ele>231.6</ele><time>2026-09-05T14:15:18Z</time></trkpt>
      <trkpt lat="41.394363" lon="-81.751884"><ele>231.6</ele><time>2026-09-05T14:15:19Z</time></trkpt>
      <trkpt lat="41.39437" lon="-81.751889"><ele>231.6</ele><time>2026-09-05T14:15:20Z</time></trkpt>
      <trkpt lat="41.394376" lon="-81.751893"><ele>231.6</ele><time>2026-09-05T14:15:21Z</time></trkpt>
      <trkpt lat="41.394384" lon="-81.751894"><ele>231.6</ele><time>2026-09-05T14:15:22Z</time></trkpt>
      <trkpt lat="41.394393" lon="-81.751894"><ele>231.6</ele><time>2026-09-05T14:15:23Z</time></trkpt>
      <trkpt lat="41.394403" lon="-81.751892"><ele>231.6</ele><time>2026-09-05T14:15:24Z</time></trkpt>
      <trkpt lat="41.394411" lon="-81.75189"><ele>231.6</ele><time>2026-09-05T14:15:25Z</time></trkpt>
      <trkpt lat="41.39442" lon="-81.751887"><ele>231.6</ele><time>2026-09-05T14:15:26Z</time></trkpt>
      <trkpt lat="41.39443" lon="-81.751883"><ele>231.6</ele><time>2026-09-05T14:15:27Z</time></trkpt>
      <trkpt lat="41.394439" lon="-81.75188"><ele>231.6</ele><time>2026-09-05T14:15:28Z</time></trkpt>
      <trkpt lat="41.394451" lon="-81.751878"><ele>231.6</ele><time>2026-09-05T14:15:29Z</time></trkpt>
      <trkpt lat="41.394461" lon="-81.751874"><ele>231.6</ele><time>2026-09-05T14:15:30Z</time></trkpt>
      <trkpt lat="41.394471" lon="-81.751872"><ele>231.6</ele><time>2026-09-05T14:15:31Z</time></trkpt>
      <trkpt lat="41.394482" lon="-81.751869"><ele>231.6</ele><time>2026-09-05T14:15:32Z</time></trkpt>
      <trkpt lat="41.394492" lon="-81.751867"><ele>231.6</ele><time>2026-09-05T14:15:33Z</time></trkpt>
      <trkpt lat="41.394501" lon="-81.751866"><ele>231.6</ele><time>2026-09-05T14:15:34Z</time></trkpt>
      <trkpt lat="41.39451" lon="-81.751864"><ele>231.6</ele><time>2026-09-05T14:15:35Z</time></trkpt>
      <trkpt lat="41.394518" lon="-81.751862"><ele>231.6</ele><time>2026-09-05T14:15:36Z</time></trkpt>
      <trkpt lat="41.394528" lon="-81.75186"><ele>231.6</ele><time>2026-09-05T14:15:37Z</time></trkpt>
      <trkpt lat="41.394536" lon="-81.751859"><ele>231.6</ele><time>2026-09-05T14:15:38Z</time></trkpt>
      <trkpt lat="41.394546" lon="-81.751858"><ele>231.6</ele><time>2026-09-05T14:15:39Z</time></trkpt>
      <trkpt lat="41.394554" lon="-81.751858"><ele>231.6</ele><time>2026-09-05T14:15:40Z</time></trkpt>
      <trkpt lat="41.394562" lon="-81.751858"><ele>231.6</ele><time>2026-09-05T14:15:41Z</time></trkpt>
      <trkpt lat="41.394571" lon="-81.75186"><ele>231.6</ele><time>2026-09-05T14:15:42Z</time></trkpt>
      <trkpt lat="41.394583" lon="-81.751866"><ele>231</ele><time>2026-09-05T14:15:43Z</time></trkpt>
      <trkpt lat="41.394594" lon="-81.751868"><ele>231</ele><time>2026-09-05T14:15:44Z</time></trkpt>
      <trkpt lat="41.394602" lon="-81.751868"><ele>231</ele><time>2026-09-05T14:15:45Z</time></trkpt>
      <trkpt lat="41.39461" lon="-81.751868"><ele>231</ele><time>2026-09-05T14:15:46Z</time></trkpt>
      <trkpt lat="41.394618" lon="-81.751868"><ele>231</ele><time>2026-09-05T14:15:47Z</time></trkpt>
      <trkpt lat="41.394626" lon="-81.751867"><ele>231</ele><time>2026-09-05T14:15:48Z</time></trkpt>
      <trkpt lat="41.394634" lon="-81.751867"><ele>231</ele><time>2026-09-05T14:15:49Z</time></trkpt>
      <trkpt lat="41.394644" lon="-81.75187"><ele>231</ele><time>2026-09-05T14:15:50Z</time></trkpt>
      <trkpt lat="41.394655" lon="-81.751877"><ele>231</ele><time>2026-09-05T14:15:51Z</time></trkpt>
      <trkpt lat="41.394664" lon="-81.75188"><ele>231</ele><time>2026-09-05T14:15:52Z</time></trkpt>
      <trkpt lat="41.394673" lon="-81.751882"><ele>231</ele><time>2026-09-05T14:15:53Z</time></trkpt>
      <trkpt lat="41.394683" lon="-81.751881"><ele>231</ele><time>2026-09-05T14:15:54Z</time></trkpt>
      <trkpt lat="41.394695" lon="-81.75188"><ele>231</ele><time>2026-09-05T14:15:55Z</time></trkpt>
      <trkpt lat="41.394705" lon="-81.75188"><ele>231</ele><time>2026-09-05T14:15:56Z</time></trkpt>
      <trkpt lat="41.394716" lon="-81.751881"><ele>231</ele><time>2026-09-05T14:15:57Z</time></trkpt>
      <trkpt lat="41.394727" lon="-81.751886"><ele>231</ele><time>2026-09-05T14:15:58Z</time></trkpt>
      <trkpt lat="41.394737" lon="-81.751888"><ele>231</ele><time>2026-09-05T14:15:59Z</time></trkpt>
      <trkpt lat="41.394747" lon="-81.751887"><ele>231</ele><time>2026-09-05T14:16:00Z</time></trkpt>
      <trkpt lat="41.394756" lon="-81.751885"><ele>231</ele><time>2026-09-05T14:16:01Z</time></trkpt>
      <trkpt lat="41.394767" lon="-81.751882"><ele>231</ele><time>2026-09-05T14:16:02Z</time></trkpt>
      <trkpt lat="41.394777" lon="-81.751878"><ele>231</ele><time>2026-09-05T14:16:03Z</time></trkpt>
      <trkpt lat="41.394785" lon="-81.751877"><ele>231</ele><time>2026-09-05T14:16:04Z</time></trkpt>
      <trkpt lat="41.394795" lon="-81.751877"><ele>231</ele><time>2026-09-05T14:16:05Z</time></trkpt>
      <trkpt lat="41.394802" lon="-81.751883"><ele>231</ele><time>2026-09-05T14:16:06Z</time></trkpt>
      <trkpt lat="41.39481" lon="-81.751887"><ele>231</ele><time>2026-09-05T14:16:07Z</time></trkpt>
      <trkpt lat="41.394819" lon="-81.751887"><ele>231</ele><time>2026-09-05T14:16:08Z</time></trkpt>
      <trkpt lat="41.394827" lon="-81.751884"><ele>231</ele><time>2026-09-05T14:16:09Z</time></trkpt>
      <trkpt lat="41.394834" lon="-81.751881"><ele>231</ele><time>2026-09-05T14:16:10Z</time></trkpt>
      <trkpt lat="41.394842" lon="-81.751877"><ele>231</ele><time>2026-09-05T14:16:11Z</time></trkpt>
      <trkpt lat="41.39485" lon="-81.751874"><ele>231</ele><time>2026-09-05T14:16:12Z</time></trkpt>
      <trkpt lat="41.394855" lon="-81.751876"><ele>231</ele><time>2026-09-05T14:16:13Z</time></trkpt>
      <trkpt lat="41.394859" lon="-81.751886"><ele>231</ele><time>2026-09-05T14:16:14Z</time></trkpt>
      <trkpt lat="41.394863" lon="-81.751891"><ele>231</ele><time>2026-09-05T14:16:15Z</time></trkpt>
      <trkpt lat="41.394869" lon="-81.751892"><ele>231</ele><time>2026-09-05T14:16:16Z</time></trkpt>
      <trkpt lat="41.394875" lon="-81.75189"><ele>231</ele><time>2026-09-05T14:16:17Z</time></trkpt>
      <trkpt lat="41.39488" lon="-81.751888"><ele>231</ele><time>2026-09-05T14:16:18Z</time></trkpt>
      <trkpt lat="41.394887" lon="-81.751886"><ele>231</ele><time>2026-09-05T14:16:19Z</time></trkpt>
      <trkpt lat="41.394895" lon="-81.751886"><ele>231</ele><time>2026-09-05T14:16:20Z</time></trkpt>
      <trkpt lat="41.394902" lon="-81.751893"><ele>231</ele><time>2026-09-05T14:16:21Z</time></trkpt>
      <trkpt lat="41.394909" lon="-81.7519"><ele>231</ele><time>2026-09-05T14:16:22Z</time></trkpt>
      <trkpt lat="41.394917" lon="-81.751903"><ele>231</ele><time>2026-09-05T14:16:23Z</time></trkpt>
      <trkpt lat="41.394924" lon="-81.751901"><ele>231</ele><time>2026-09-05T14:16:24Z</time></trkpt>
      <trkpt lat="41.394932" lon="-81.751898"><ele>231</ele><time>2026-09-05T14:16:25Z</time></trkpt>
      <trkpt lat="41.394938" lon="-81.751895"><ele>231</ele><time>2026-09-05T14:16:26Z</time></trkpt>
      <trkpt lat="41.394944" lon="-81.751892"><ele>231</ele><time>2026-09-05T14:16:27Z</time></trkpt>
      <trkpt lat="41.394952" lon="-81.751889"><ele>231</ele><time>2026-09-05T14:16:28Z</time></trkpt>
      <trkpt lat="41.39496" lon="-81.751889"><ele>231</ele><time>2026-09-05T14:16:29Z</time></trkpt>
      <trkpt lat="41.39497" lon="-81.751895"><ele>231</ele><time>2026-09-05T14:16:30Z</time></trkpt>
      <trkpt lat="41.394982" lon="-81.751897"><ele>231</ele><time>2026-09-05T14:16:31Z</time></trkpt>
      <trkpt lat="41.394993" lon="-81.751894"><ele>231</ele><time>2026-09-05T14:16:32Z</time></trkpt>
      <trkpt lat="41.395003" lon="-81.751892"><ele>231</ele><time>2026-09-05T14:16:33Z</time></trkpt>
      <trkpt lat="41.395014" lon="-81.751889"><ele>231</ele><time>2026-09-05T14:16:34Z</time></trkpt>
      <trkpt lat="41.395024" lon="-81.751886"><ele>231</ele><time>2026-09-05T14:16:35Z</time></trkpt>
      <trkpt lat="41.395033" lon="-81.751885"><ele>231</ele><time>2026-09-05T14:16:36Z</time></trkpt>
      <trkpt lat="41.395043" lon="-81.751887"><ele>231</ele><time>2026-09-05T14:16:37Z</time></trkpt>
      <trkpt lat="41.395052" lon="-81.751888"><ele>231</ele><time>2026-09-05T14:16:38Z</time></trkpt>
      <trkpt lat="41.395061" lon="-81.751886"><ele>231</ele><time>2026-09-05T14:16:39Z</time></trkpt>
      <trkpt lat="41.39507" lon="-81.751882"><ele>231</ele><time>2026-09-05T14:16:40Z</time></trkpt>
      <trkpt lat="41.39508" lon="-81.751878"><ele>231</ele><time>2026-09-05T14:16:41Z</time></trkpt>
      <trkpt lat="41.395091" lon="-81.751875"><ele>231</ele><time>2026-09-05T14:16:42Z</time></trkpt>
      <trkpt lat="41.395101" lon="-81.751873"><ele>231</ele><time>2026-09-05T14:16:43Z</time></trkpt>
      <trkpt lat="41.395111" lon="-81.751871"><ele>231</ele><time>2026-09-05T14:16:44Z</time></trkpt>
      <trkpt lat="41.395121" lon="-81.751869"><ele>231</ele><time>2026-09-05T14:16:45Z</time></trkpt>
      <trkpt lat="41.395129" lon="-81.751867"><ele>231</ele><time>2026-09-05T14:16:46Z</time></trkpt>
      <trkpt lat="41.395139" lon="-81.751865"><ele>231</ele><time>2026-09-05T14:16:47Z</time></trkpt>
      <trkpt lat="41.395149" lon="-81.751862"><ele>231</ele><time>2026-09-05T14:16:48Z</time></trkpt>
      <trkpt lat="41.395159" lon="-81.751861"><ele>231</ele><time>2026-09-05T14:16:49Z</time></trkpt>
      <trkpt lat="41.395167" lon="-81.75186"><ele>231</ele><time>2026-09-05T14:16:50Z</time></trkpt>
      <trkpt lat="41.395176" lon="-81.751858"><ele>231</ele><time>2026-09-05T14:16:51Z</time></trkpt>
      <trkpt lat="41.395184" lon="-81.751857"><ele>231</ele><time>2026-09-05T14:16:52Z</time></trkpt>
      <trkpt lat="41.395194" lon="-81.751856"><ele>231</ele><time>2026-09-05T14:16:53Z</time></trkpt>
      <trkpt lat="41.395203" lon="-81.751854"><ele>231</ele><time>2026-09-05T14:16:54Z</time></trkpt>
      <trkpt lat="41.39521" lon="-81.751854"><ele>231</ele><time>2026-09-05T14:16:55Z</time></trkpt>
      <trkpt lat="41.395218" lon="-81.751853"><ele>231</ele><time>2026-09-05T14:16:56Z</time></trkpt>
      <trkpt lat="41.395226" lon="-81.751853"><ele>231</ele><time>2026-09-05T14:16:57Z</time></trkpt>
      <trkpt lat="41.395233" lon="-81.751852"><ele>231</ele><time>2026-09-05T14:16:58Z</time></trkpt>
      <trkpt lat="41.395242" lon="-81.751852"><ele>231</ele><time>2026-09-05T14:16:59Z</time></trkpt>
      <trkpt lat="41.395251" lon="-81.751853"><ele>231</ele><time>2026-09-05T14:17:00Z</time></trkpt>
      <trkpt lat="41.395259" lon="-81.751854"><ele>231</ele><time>2026-09-05T14:17:01Z</time></trkpt>
      <trkpt lat="41.395268" lon="-81.751855"><ele>231</ele><time>2026-09-05T14:17:02Z</time></trkpt>
      <trkpt lat="41.395276" lon="-81.751857"><ele>231</ele><time>2026-09-05T14:17:03Z</time></trkpt>
      <trkpt lat="41.395285" lon="-81.751858"><ele>231</ele><time>2026-09-05T14:17:04Z</time></trkpt>
      <trkpt lat="41.395294" lon="-81.751859"><ele>231</ele><time>2026-09-05T14:17:05Z</time></trkpt>
      <trkpt lat="41.395303" lon="-81.75186"><ele>231</ele><time>2026-09-05T14:17:06Z</time></trkpt>
      <trkpt lat="41.395312" lon="-81.751861"><ele>231</ele><time>2026-09-05T14:17:07Z</time></trkpt>
      <trkpt lat="41.39532" lon="-81.751862"><ele>230.8</ele><time>2026-09-05T14:17:08Z</time></trkpt>
      <trkpt lat="41.395328" lon="-81.751863"><ele>230.8</ele><time>2026-09-05T14:17:09Z</time></trkpt>
      <trkpt lat="41.395337" lon="-81.751865"><ele>230.8</ele><time>2026-09-05T14:17:10Z</time></trkpt>
      <trkpt lat="41.395345" lon="-81.751867"><ele>230.8</ele><time>2026-09-05T14:17:11Z</time></trkpt>
      <trkpt lat="41.395353" lon="-81.751868"><ele>230.8</ele><time>2026-09-05T14:17:12Z</time></trkpt>
      <trkpt lat="41.39536" lon="-81.75187"><ele>230.8</ele><time>2026-09-05T14:17:13Z</time></trkpt>
      <trkpt lat="41.395368" lon="-81.751871"><ele>230.8</ele><time>2026-09-05T14:17:14Z</time></trkpt>
      <trkpt lat="41.395374" lon="-81.751872"><ele>230.8</ele><time>2026-09-05T14:17:15Z</time></trkpt>
      <trkpt lat="41.395379" lon="-81.751876"><ele>230.8</ele><time>2026-09-05T14:17:16Z</time></trkpt>
      <trkpt lat="41.395382" lon="-81.751885"><ele>230.8</ele><time>2026-09-05T14:17:17Z</time></trkpt>
      <trkpt lat="41.395383" lon="-81.751892"><ele>230.8</ele><time>2026-09-05T14:17:18Z</time></trkpt>
      <trkpt lat="41.395386" lon="-81.751895"><ele>230.8</ele><time>2026-09-05T14:17:19Z</time></trkpt>
      <trkpt lat="41.395391" lon="-81.751896"><ele>230.8</ele><time>2026-09-05T14:17:20Z</time></trkpt>
      <trkpt lat="41.3954" lon="-81.751895"><ele>230.8</ele><time>2026-09-05T14:17:21Z</time></trkpt>
      <trkpt lat="41.395409" lon="-81.751892"><ele>230.8</ele><time>2026-09-05T14:17:22Z</time></trkpt>
      <trkpt lat="41.39542" lon="-81.751887"><ele>230.8</ele><time>2026-09-05T14:17:23Z</time></trkpt>
      <trkpt lat="41.395433" lon="-81.751881"><ele>230.8</ele><time>2026-09-05T14:17:24Z</time></trkpt>
      <trkpt lat="41.395443" lon="-81.751877"><ele>230.8</ele><time>2026-09-05T14:17:25Z</time></trkpt>
      <trkpt lat="41.395452" lon="-81.751875"><ele>230.8</ele><time>2026-09-05T14:17:26Z</time></trkpt>
      <trkpt lat="41.395463" lon="-81.751873"><ele>230.8</ele><time>2026-09-05T14:17:27Z</time></trkpt>
      <trkpt lat="41.395472" lon="-81.751871"><ele>230.8</ele><time>2026-09-05T14:17:28Z</time></trkpt>
      <trkpt lat="41.395482" lon="-81.751869"><ele>230.8</ele><time>2026-09-05T14:17:29Z</time></trkpt>
      <trkpt lat="41.395492" lon="-81.751864"><ele>230.8</ele><time>2026-09-05T14:17:30Z</time></trkpt>
      <trkpt lat="41.395502" lon="-81.751856"><ele>230.8</ele><time>2026-09-05T14:17:31Z</time></trkpt>
      <trkpt lat="41.395512" lon="-81.751847"><ele>230.8</ele><time>2026-09-05T14:17:32Z</time></trkpt>
      <trkpt lat="41.395521" lon="-81.751841"><ele>230.8</ele><time>2026-09-05T14:17:33Z</time></trkpt>
      <trkpt lat="41.395531" lon="-81.751836"><ele>230.8</ele><time>2026-09-05T14:17:34Z</time></trkpt>
      <trkpt lat="41.39554" lon="-81.751834"><ele>230.8</ele><time>2026-09-05T14:17:35Z</time></trkpt>
      <trkpt lat="41.395549" lon="-81.751835"><ele>230.8</ele><time>2026-09-05T14:17:36Z</time></trkpt>
      <trkpt lat="41.395557" lon="-81.751835"><ele>230.8</ele><time>2026-09-05T14:17:37Z</time></trkpt>
      <trkpt lat="41.395568" lon="-81.751834"><ele>230.8</ele><time>2026-09-05T14:17:38Z</time></trkpt>
      <trkpt lat="41.395577" lon="-81.751828"><ele>230.8</ele><time>2026-09-05T14:17:39Z</time></trkpt>
      <trkpt lat="41.395585" lon="-81.751823"><ele>230.8</ele><time>2026-09-05T14:17:40Z</time></trkpt>
      <trkpt lat="41.395595" lon="-81.751822"><ele>230.8</ele><time>2026-09-05T14:17:41Z</time></trkpt>
      <trkpt lat="41.395604" lon="-81.751826"><ele>230.8</ele><time>2026-09-05T14:17:42Z</time></trkpt>
      <trkpt lat="41.395613" lon="-81.751828"><ele>230.8</ele><time>2026-09-05T14:17:43Z</time></trkpt>
      <trkpt lat="41.395624" lon="-81.751831"><ele>230.8</ele><time>2026-09-05T14:17:44Z</time></trkpt>
      <trkpt lat="41.395636" lon="-81.751834"><ele>230.8</ele><time>2026-09-05T14:17:45Z</time></trkpt>
      <trkpt lat="41.395646" lon="-81.751836"><ele>230.8</ele><time>2026-09-05T14:17:46Z</time></trkpt>
      <trkpt lat="41.395658" lon="-81.751838"><ele>230.2</ele><time>2026-09-05T14:17:47Z</time></trkpt>
      <trkpt lat="41.395667" lon="-81.75184"><ele>230.2</ele><time>2026-09-05T14:17:48Z</time></trkpt>
      <trkpt lat="41.395674" lon="-81.751841"><ele>230.2</ele><time>2026-09-05T14:17:49Z</time></trkpt>
      <trkpt lat="41.395684" lon="-81.751842"><ele>230.2</ele><time>2026-09-05T14:17:50Z</time></trkpt>
      <trkpt lat="41.395694" lon="-81.751844"><ele>230.2</ele><time>2026-09-05T14:17:51Z</time></trkpt>
      <trkpt lat="41.395705" lon="-81.751848"><ele>230.2</ele><time>2026-09-05T14:17:52Z</time></trkpt>
      <trkpt lat="41.395716" lon="-81.751852"><ele>230.2</ele><time>2026-09-05T14:17:53Z</time></trkpt>
      <trkpt lat="41.395722" lon="-81.751854"><ele>230.2</ele><time>2026-09-05T14:17:54Z</time></trkpt>
      <trkpt lat="41.395728" lon="-81.751855"><ele>230.2</ele><time>2026-09-05T14:17:55Z</time></trkpt>
      <trkpt lat="41.395737" lon="-81.751856"><ele>230.2</ele><time>2026-09-05T14:17:56Z</time></trkpt>
      <trkpt lat="41.395747" lon="-81.751857"><ele>230.2</ele><time>2026-09-05T14:17:57Z</time></trkpt>
      <trkpt lat="41.395757" lon="-81.75186"><ele>230.2</ele><time>2026-09-05T14:17:58Z</time></trkpt>
      <trkpt lat="41.395768" lon="-81.751864"><ele>230.2</ele><time>2026-09-05T14:17:59Z</time></trkpt>
      <trkpt lat="41.395777" lon="-81.751867"><ele>230.2</ele><time>2026-09-05T14:18:00Z</time></trkpt>
      <trkpt lat="41.395783" lon="-81.751869"><ele>230.2</ele><time>2026-09-05T14:18:01Z</time></trkpt>
      <trkpt lat="41.39579" lon="-81.75187"><ele>230.2</ele><time>2026-09-05T14:18:02Z</time></trkpt>
      <trkpt lat="41.395796" lon="-81.751872"><ele>230.2</ele><time>2026-09-05T14:18:03Z</time></trkpt>
      <trkpt lat="41.395806" lon="-81.751874"><ele>230.2</ele><time>2026-09-05T14:18:04Z</time></trkpt>
      <trkpt lat="41.395816" lon="-81.751876"><ele>230.2</ele><time>2026-09-05T14:18:05Z</time></trkpt>
      <trkpt lat="41.395825" lon="-81.751877"><ele>230.2</ele><time>2026-09-05T14:18:06Z</time></trkpt>
      <trkpt lat="41.395837" lon="-81.751877"><ele>230.2</ele><time>2026-09-05T14:18:07Z</time></trkpt>
      <trkpt lat="41.395847" lon="-81.751878"><ele>230.2</ele><time>2026-09-05T14:18:08Z</time></trkpt>
      <trkpt lat="41.39586" lon="-81.75188"><ele>230.2</ele><time>2026-09-05T14:18:09Z</time></trkpt>
      <trkpt lat="41.395873" lon="-81.751879"><ele>230.2</ele><time>2026-09-05T14:18:10Z</time></trkpt>
      <trkpt lat="41.395883" lon="-81.751879"><ele>230.2</ele><time>2026-09-05T14:18:11Z</time></trkpt>
      <trkpt lat="41.395893" lon="-81.75188"><ele>230.2</ele><time>2026-09-05T14:18:12Z</time></trkpt>
      <trkpt lat="41.395905" lon="-81.751882"><ele>230.2</ele><time>2026-09-05T14:18:13Z</time></trkpt>
      <trkpt lat="41.395914" lon="-81.751883"><ele>230.2</ele><time>2026-09-05T14:18:14Z</time></trkpt>
      <trkpt lat="41.395924" lon="-81.751885"><ele>230.2</ele><time>2026-09-05T14:18:15Z</time></trkpt>
      <trkpt lat="41.395934" lon="-81.751884"><ele>230.2</ele><time>2026-09-05T14:18:16Z</time></trkpt>
      <trkpt lat="41.395943" lon="-81.751884"><ele>230.2</ele><time>2026-09-05T14:18:17Z</time></trkpt>
      <trkpt lat="41.395954" lon="-81.751881"><ele>230.1</ele><time>2026-09-05T14:18:18Z</time></trkpt>
      <trkpt lat="41.395965" lon="-81.751879"><ele>230.1</ele><time>2026-09-05T14:18:19Z</time></trkpt>
      <trkpt lat="41.395975" lon="-81.751877"><ele>230.1</ele><time>2026-09-05T14:18:20Z</time></trkpt>
      <trkpt lat="41.395987" lon="-81.751875"><ele>230.1</ele><time>2026-09-05T14:18:21Z</time></trkpt>
      <trkpt lat="41.395996" lon="-81.751873"><ele>230.1</ele><time>2026-09-05T14:18:22Z</time></trkpt>
      <trkpt lat="41.396003" lon="-81.751873"><ele>230.1</ele><time>2026-09-05T14:18:23Z</time></trkpt>
      <trkpt lat="41.396012" lon="-81.751873"><ele>230.1</ele><time>2026-09-05T14:18:24Z</time></trkpt>
      <trkpt lat="41.396021" lon="-81.751874"><ele>230.1</ele><time>2026-09-05T14:18:25Z</time></trkpt>
      <trkpt lat="41.396028" lon="-81.751874"><ele>229.7</ele><time>2026-09-05T14:18:26Z</time></trkpt>
      <trkpt lat="41.396036" lon="-81.751876"><ele>229.7</ele><time>2026-09-05T14:18:27Z</time></trkpt>
      <trkpt lat="41.396043" lon="-81.751878"><ele>229.7</ele><time>2026-09-05T14:18:28Z</time></trkpt>
      <trkpt lat="41.39605" lon="-81.751878"><ele>229.7</ele><time>2026-09-05T14:18:29Z</time></trkpt>
      <trkpt lat="41.39606" lon="-81.751878"><ele>229.7</ele><time>2026-09-05T14:18:30Z</time></trkpt>
      <trkpt lat="41.39607" lon="-81.751877"><ele>229.7</ele><time>2026-09-05T14:18:31Z</time></trkpt>
      <trkpt lat="41.396081" lon="-81.751875"><ele>229.7</ele><time>2026-09-05T14:18:32Z</time></trkpt>
      <trkpt lat="41.396095" lon="-81.751872"><ele>229.5</ele><time>2026-09-05T14:18:33Z</time></trkpt>
      <trkpt lat="41.396102" lon="-81.751871"><ele>229.5</ele><time>2026-09-05T14:18:34Z</time></trkpt>
      <trkpt lat="41.396113" lon="-81.75187"><ele>229.5</ele><time>2026-09-05T14:18:35Z</time></trkpt>
      <trkpt lat="41.396121" lon="-81.751869"><ele>229.5</ele><time>2026-09-05T14:18:36Z</time></trkpt>
      <trkpt lat="41.396132" lon="-81.751868"><ele>229.5</ele><time>2026-09-05T14:18:37Z</time></trkpt>
      <trkpt lat="41.396142" lon="-81.751867"><ele>229.5</ele><time>2026-09-05T14:18:38Z</time></trkpt>
      <trkpt lat="41.396153" lon="-81.751868"><ele>229.5</ele><time>2026-09-05T14:18:39Z</time></trkpt>
      <trkpt lat="41.396165" lon="-81.751868"><ele>229.5</ele><time>2026-09-05T14:18:40Z</time></trkpt>
      <trkpt lat="41.396176" lon="-81.751869"><ele>229.5</ele><time>2026-09-05T14:18:41Z</time></trkpt>
      <trkpt lat="41.396186" lon="-81.751869"><ele>229.5</ele><time>2026-09-05T14:18:42Z</time></trkpt>
      <trkpt lat="41.396197" lon="-81.751869"><ele>229.5</ele><time>2026-09-05T14:18:43Z</time></trkpt>
      <trkpt lat="41.396207" lon="-81.751869"><ele>229.5</ele><time>2026-09-05T14:18:44Z</time></trkpt>
      <trkpt lat="41.396215" lon="-81.751869"><ele>229.5</ele><time>2026-09-05T14:18:45Z</time></trkpt>
      <trkpt lat="41.396222" lon="-81.75187"><ele>229.5</ele><time>2026-09-05T14:18:46Z</time></trkpt>
      <trkpt lat="41.396231" lon="-81.751871"><ele>229.5</ele><time>2026-09-05T14:18:47Z</time></trkpt>
      <trkpt lat="41.396238" lon="-81.751872"><ele>229.5</ele><time>2026-09-05T14:18:48Z</time></trkpt>
      <trkpt lat="41.396246" lon="-81.751874"><ele>229.5</ele><time>2026-09-05T14:18:49Z</time></trkpt>
      <trkpt lat="41.396254" lon="-81.751874"><ele>229.5</ele><time>2026-09-05T14:18:50Z</time></trkpt>
      <trkpt lat="41.396264" lon="-81.751875"><ele>229.5</ele><time>2026-09-05T14:18:51Z</time></trkpt>
      <trkpt lat="41.396273" lon="-81.751874"><ele>229.5</ele><time>2026-09-05T14:18:52Z</time></trkpt>
      <trkpt lat="41.396283" lon="-81.751874"><ele>229.5</ele><time>2026-09-05T14:18:53Z</time></trkpt>
      <trkpt lat="41.396292" lon="-81.751873"><ele>229.5</ele><time>2026-09-05T14:18:54Z</time></trkpt>
      <trkpt lat="41.396302" lon="-81.751873"><ele>229.5</ele><time>2026-09-05T14:18:55Z</time></trkpt>
      <trkpt lat="41.396311" lon="-81.751873"><ele>229.5</ele><time>2026-09-05T14:18:56Z</time></trkpt>
      <trkpt lat="41.396321" lon="-81.751872"><ele>229.5</ele><time>2026-09-05T14:18:57Z</time></trkpt>
      <trkpt lat="41.396331" lon="-81.751872"><ele>229.5</ele><time>2026-09-05T14:18:58Z</time></trkpt>
      <trkpt lat="41.39634" lon="-81.751874"><ele>229.5</ele><time>2026-09-05T14:18:59Z</time></trkpt>
      <trkpt lat="41.39635" lon="-81.751876"><ele>229.5</ele><time>2026-09-05T14:19:00Z</time></trkpt>
      <trkpt lat="41.396358" lon="-81.751876"><ele>229.5</ele><time>2026-09-05T14:19:01Z</time></trkpt>
      <trkpt lat="41.396367" lon="-81.751877"><ele>229.5</ele><time>2026-09-05T14:19:02Z</time></trkpt>
      <trkpt lat="41.396378" lon="-81.751878"><ele>229.5</ele><time>2026-09-05T14:19:03Z</time></trkpt>
      <trkpt lat="41.396393" lon="-81.751884"><ele>229.5</ele><time>2026-09-05T14:19:04Z</time></trkpt>
      <trkpt lat="41.396407" lon="-81.751889"><ele>229.5</ele><time>2026-09-05T14:19:05Z</time></trkpt>
      <trkpt lat="41.396416" lon="-81.751892"><ele>229.5</ele><time>2026-09-05T14:19:06Z</time></trkpt>
      <trkpt lat="41.396424" lon="-81.751894"><ele>229.5</ele><time>2026-09-05T14:19:07Z</time></trkpt>
      <trkpt lat="41.396431" lon="-81.751894"><ele>229.5</ele><time>2026-09-05T14:19:08Z</time></trkpt>
      <trkpt lat="41.396439" lon="-81.751892"><ele>229.5</ele><time>2026-09-05T14:19:09Z</time></trkpt>
      <trkpt lat="41.396446" lon="-81.751892"><ele>229.5</ele><time>2026-09-05T14:19:10Z</time></trkpt>
      <trkpt lat="41.396454" lon="-81.751892"><ele>229.5</ele><time>2026-09-05T14:19:11Z</time></trkpt>
      <trkpt lat="41.396462" lon="-81.751893"><ele>229.5</ele><time>2026-09-05T14:19:12Z</time></trkpt>
      <trkpt lat="41.396473" lon="-81.751897"><ele>229.2</ele><time>2026-09-05T14:19:13Z</time></trkpt>
      <trkpt lat="41.396482" lon="-81.7519"><ele>229.2</ele><time>2026-09-05T14:19:14Z</time></trkpt>
      <trkpt lat="41.396489" lon="-81.751903"><ele>229.2</ele><time>2026-09-05T14:19:15Z</time></trkpt>
      <trkpt lat="41.396497" lon="-81.751903"><ele>229.2</ele><time>2026-09-05T14:19:16Z</time></trkpt>
      <trkpt lat="41.396507" lon="-81.751902"><ele>229.2</ele><time>2026-09-05T14:19:17Z</time></trkpt>
      <trkpt lat="41.396514" lon="-81.751901"><ele>229.2</ele><time>2026-09-05T14:19:18Z</time></trkpt>
      <trkpt lat="41.396522" lon="-81.751898"><ele>229.2</ele><time>2026-09-05T14:19:19Z</time></trkpt>
      <trkpt lat="41.396532" lon="-81.751896"><ele>229.2</ele><time>2026-09-05T14:19:20Z</time></trkpt>
      <trkpt lat="41.396543" lon="-81.751896"><ele>229.5</ele><time>2026-09-05T14:19:21Z</time></trkpt>
      <trkpt lat="41.396553" lon="-81.751894"><ele>229.5</ele><time>2026-09-05T14:19:22Z</time></trkpt>
      <trkpt lat="41.396561" lon="-81.751892"><ele>229.5</ele><time>2026-09-05T14:19:23Z</time></trkpt>
      <trkpt lat="41.396568" lon="-81.751891"><ele>229.5</ele><time>2026-09-05T14:19:24Z</time></trkpt>
      <trkpt lat="41.396576" lon="-81.75189"><ele>229.5</ele><time>2026-09-05T14:19:25Z</time></trkpt>
      <trkpt lat="41.396584" lon="-81.751889"><ele>229.5</ele><time>2026-09-05T14:19:26Z</time></trkpt>
      <trkpt lat="41.396592" lon="-81.751888"><ele>229.5</ele><time>2026-09-05T14:19:27Z</time></trkpt>
      <trkpt lat="41.396599" lon="-81.751889"><ele>229.5</ele><time>2026-09-05T14:19:28Z</time></trkpt>
      <trkpt lat="41.396609" lon="-81.751891"><ele>229.3</ele><time>2026-09-05T14:19:29Z</time></trkpt>
      <trkpt lat="41.396617" lon="-81.751893"><ele>229.3</ele><time>2026-09-05T14:19:30Z</time></trkpt>
      <trkpt lat="41.396628" lon="-81.751894"><ele>229.3</ele><time>2026-09-05T14:19:31Z</time></trkpt>
      <trkpt lat="41.396638" lon="-81.751894"><ele>229.3</ele><time>2026-09-05T14:19:32Z</time></trkpt>
      <trkpt lat="41.396646" lon="-81.751893"><ele>229.3</ele><time>2026-09-05T14:19:33Z</time></trkpt>
      <trkpt lat="41.396653" lon="-81.751892"><ele>229.3</ele><time>2026-09-05T14:19:34Z</time></trkpt>
      <trkpt lat="41.396662" lon="-81.751893"><ele>229.3</ele><time>2026-09-05T14:19:35Z</time></trkpt>
      <trkpt lat="41.396671" lon="-81.751894"><ele>229.3</ele><time>2026-09-05T14:19:36Z</time></trkpt>
      <trkpt lat="41.396681" lon="-81.751897"><ele>229.5</ele><time>2026-09-05T14:19:37Z</time></trkpt>
      <trkpt lat="41.396692" lon="-81.751898"><ele>229.5</ele><time>2026-09-05T14:19:38Z</time></trkpt>
      <trkpt lat="41.396702" lon="-81.751896"><ele>229.5</ele><time>2026-09-05T14:19:39Z</time></trkpt>
      <trkpt lat="41.396713" lon="-81.751893"><ele>229.5</ele><time>2026-09-05T14:19:40Z</time></trkpt>
      <trkpt lat="41.396723" lon="-81.751891"><ele>229.5</ele><time>2026-09-05T14:19:41Z</time></trkpt>
      <trkpt lat="41.396731" lon="-81.751891"><ele>229.5</ele><time>2026-09-05T14:19:42Z</time></trkpt>
      <trkpt lat="41.39674" lon="-81.751893"><ele>229.5</ele><time>2026-09-05T14:19:43Z</time></trkpt>
      <trkpt lat="41.39675" lon="-81.751899"><ele>228.8</ele><time>2026-09-05T14:19:44Z</time></trkpt>
      <trkpt lat="41.396759" lon="-81.751904"><ele>228.8</ele><time>2026-09-05T14:19:45Z</time></trkpt>
      <trkpt lat="41.396768" lon="-81.751907"><ele>228.8</ele><time>2026-09-05T14:19:46Z</time></trkpt>
      <trkpt lat="41.396777" lon="-81.75191"><ele>228.8</ele><time>2026-09-05T14:19:47Z</time></trkpt>
      <trkpt lat="41.396787" lon="-81.751913"><ele>228.8</ele><time>2026-09-05T14:19:48Z</time></trkpt>
      <trkpt lat="41.396796" lon="-81.751914"><ele>228.8</ele><time>2026-09-05T14:19:49Z</time></trkpt>
      <trkpt lat="41.396804" lon="-81.751914"><ele>228.8</ele><time>2026-09-05T14:19:50Z</time></trkpt>
      <trkpt lat="41.396813" lon="-81.751914"><ele>228.8</ele><time>2026-09-05T14:19:51Z</time></trkpt>
      <trkpt lat="41.396823" lon="-81.751914"><ele>229</ele><time>2026-09-05T14:19:52Z</time></trkpt>
      <trkpt lat="41.396832" lon="-81.751912"><ele>229</ele><time>2026-09-05T14:19:53Z</time></trkpt>
      <trkpt lat="41.39684" lon="-81.751911"><ele>229</ele><time>2026-09-05T14:19:54Z</time></trkpt>
      <trkpt lat="41.396848" lon="-81.75191"><ele>229</ele><time>2026-09-05T14:19:55Z</time></trkpt>
      <trkpt lat="41.396857" lon="-81.751908"><ele>229</ele><time>2026-09-05T14:19:56Z</time></trkpt>
      <trkpt lat="41.396866" lon="-81.751907"><ele>229</ele><time>2026-09-05T14:19:57Z</time></trkpt>
      <trkpt lat="41.396873" lon="-81.751905"><ele>229</ele><time>2026-09-05T14:19:58Z</time></trkpt>
      <trkpt lat="41.396883" lon="-81.751903"><ele>229</ele><time>2026-09-05T14:19:59Z</time></trkpt>
      <trkpt lat="41.396891" lon="-81.751902"><ele>228.7</ele><time>2026-09-05T14:20:00Z</time></trkpt>
      <trkpt lat="41.396897" lon="-81.751901"><ele>228.7</ele><time>2026-09-05T14:20:01Z</time></trkpt>
      <trkpt lat="41.396903" lon="-81.751901"><ele>228.7</ele><time>2026-09-05T14:20:02Z</time></trkpt>
      <trkpt lat="41.39691" lon="-81.751901"><ele>228.7</ele><time>2026-09-05T14:20:03Z</time></trkpt>
      <trkpt lat="41.396916" lon="-81.751902"><ele>228.7</ele><time>2026-09-05T14:20:04Z</time></trkpt>
      <trkpt lat="41.396924" lon="-81.751906"><ele>228.7</ele><time>2026-09-05T14:20:05Z</time></trkpt>
      <trkpt lat="41.396933" lon="-81.751912"><ele>228.7</ele><time>2026-09-05T14:20:06Z</time></trkpt>
      <trkpt lat="41.396942" lon="-81.751919"><ele>229</ele><time>2026-09-05T14:20:07Z</time></trkpt>
      <trkpt lat="41.39695" lon="-81.751928"><ele>229</ele><time>2026-09-05T14:20:08Z</time></trkpt>
      <trkpt lat="41.396957" lon="-81.751938"><ele>229</ele><time>2026-09-05T14:20:09Z</time></trkpt>
      <trkpt lat="41.396962" lon="-81.751951"><ele>229</ele><time>2026-09-05T14:20:10Z</time></trkpt>
      <trkpt lat="41.396964" lon="-81.751965"><ele>229</ele><time>2026-09-05T14:20:11Z</time></trkpt>
      <trkpt lat="41.396963" lon="-81.751982"><ele>229</ele><time>2026-09-05T14:20:12Z</time></trkpt>
      <trkpt lat="41.396961" lon="-81.751997"><ele>229</ele><time>2026-09-05T14:20:13Z</time></trkpt>
      <trkpt lat="41.396959" lon="-81.752008"><ele>229</ele><time>2026-09-05T14:20:14Z</time></trkpt>
      <trkpt lat="41.396956" lon="-81.752021"><ele>227.5</ele><time>2026-09-05T14:20:15Z</time></trkpt>
      <trkpt lat="41.396956" lon="-81.752032"><ele>227.5</ele><time>2026-09-05T14:20:16Z</time></trkpt>
      <trkpt lat="41.396957" lon="-81.752047"><ele>227.5</ele><time>2026-09-05T14:20:17Z</time></trkpt>
      <trkpt lat="41.39696" lon="-81.752061"><ele>227.5</ele><time>2026-09-05T14:20:18Z</time></trkpt>
      <trkpt lat="41.396963" lon="-81.752074"><ele>227.5</ele><time>2026-09-05T14:20:19Z</time></trkpt>
      <trkpt lat="41.396966" lon="-81.752085"><ele>227.5</ele><time>2026-09-05T14:20:20Z</time></trkpt>
      <trkpt lat="41.39697" lon="-81.7521"><ele>227.5</ele><time>2026-09-05T14:20:21Z</time></trkpt>
      <trkpt lat="41.396974" lon="-81.752114"><ele>227.5</ele><time>2026-09-05T14:20:22Z</time></trkpt>
      <trkpt lat="41.396978" lon="-81.752127"><ele>227.3</ele><time>2026-09-05T14:20:23Z</time></trkpt>
      <trkpt lat="41.396983" lon="-81.752141"><ele>227.3</ele><time>2026-09-05T14:20:24Z</time></trkpt>
      <trkpt lat="41.396989" lon="-81.752153"><ele>227.3</ele><time>2026-09-05T14:20:25Z</time></trkpt>
      <trkpt lat="41.396996" lon="-81.752166"><ele>227.3</ele><time>2026-09-05T14:20:26Z</time></trkpt>
      <trkpt lat="41.397003" lon="-81.752177"><ele>227.3</ele><time>2026-09-05T14:20:27Z</time></trkpt>
      <trkpt lat="41.39701" lon="-81.752188"><ele>227.3</ele><time>2026-09-05T14:20:28Z</time></trkpt>
      <trkpt lat="41.397017" lon="-81.752196"><ele>227.3</ele><time>2026-09-05T14:20:29Z</time></trkpt>
      <trkpt lat="41.397023" lon="-81.752203"><ele>227.3</ele><time>2026-09-05T14:20:30Z</time></trkpt>
      <trkpt lat="41.397027" lon="-81.75221"><ele>227.5</ele><time>2026-09-05T14:20:31Z</time></trkpt>
      <trkpt lat="41.397033" lon="-81.752216"><ele>227.5</ele><time>2026-09-05T14:20:32Z</time></trkpt>
      <trkpt lat="41.397038" lon="-81.752222"><ele>227.5</ele><time>2026-09-05T14:20:33Z</time></trkpt>
      <trkpt lat="41.397045" lon="-81.752227"><ele>227.5</ele><time>2026-09-05T14:20:34Z</time></trkpt>
      <trkpt lat="41.397053" lon="-81.75223"><ele>227.5</ele><time>2026-09-05T14:20:35Z</time></trkpt>
      <trkpt lat="41.397063" lon="-81.752232"><ele>227.5</ele><time>2026-09-05T14:20:36Z</time></trkpt>
      <trkpt lat="41.397075" lon="-81.75223"><ele>227.5</ele><time>2026-09-05T14:20:37Z</time></trkpt>
      <trkpt lat="41.397086" lon="-81.752226"><ele>227.5</ele><time>2026-09-05T14:20:38Z</time></trkpt>
      <trkpt lat="41.397095" lon="-81.752221"><ele>227.5</ele><time>2026-09-05T14:20:39Z</time></trkpt>
      <trkpt lat="41.397107" lon="-81.752215"><ele>227.5</ele><time>2026-09-05T14:20:40Z</time></trkpt>
      <trkpt lat="41.397118" lon="-81.752211"><ele>227.5</ele><time>2026-09-05T14:20:41Z</time></trkpt>
      <trkpt lat="41.397128" lon="-81.752209"><ele>227.5</ele><time>2026-09-05T14:20:42Z</time></trkpt>
      <trkpt lat="41.397139" lon="-81.752207"><ele>227.5</ele><time>2026-09-05T14:20:43Z</time></trkpt>
      <trkpt lat="41.397151" lon="-81.752205"><ele>227.5</ele><time>2026-09-05T14:20:44Z</time></trkpt>
      <trkpt lat="41.397164" lon="-81.752203"><ele>227.5</ele><time>2026-09-05T14:20:45Z</time></trkpt>
      <trkpt lat="41.397178" lon="-81.752198"><ele>226.8</ele><time>2026-09-05T14:20:46Z</time></trkpt>
      <trkpt lat="41.397188" lon="-81.752196"><ele>226.8</ele><time>2026-09-05T14:20:47Z</time></trkpt>
      <trkpt lat="41.397197" lon="-81.752195"><ele>226.8</ele><time>2026-09-05T14:20:48Z</time></trkpt>
      <trkpt lat="41.397207" lon="-81.752195"><ele>226.8</ele><time>2026-09-05T14:20:49Z</time></trkpt>
      <trkpt lat="41.397215" lon="-81.752195"><ele>226.8</ele><time>2026-09-05T14:20:50Z</time></trkpt>
      <trkpt lat="41.397226" lon="-81.752195"><ele>226.8</ele><time>2026-09-05T14:20:51Z</time></trkpt>
      <trkpt lat="41.397236" lon="-81.752196"><ele>226.8</ele><time>2026-09-05T14:20:52Z</time></trkpt>
      <trkpt lat="41.397246" lon="-81.752196"><ele>226.8</ele><time>2026-09-05T14:20:53Z</time></trkpt>
      <trkpt lat="41.397257" lon="-81.752194"><ele>226.8</ele><time>2026-09-05T14:20:54Z</time></trkpt>
      <trkpt lat="41.397271" lon="-81.752189"><ele>226.8</ele><time>2026-09-05T14:20:55Z</time></trkpt>
      <trkpt lat="41.397284" lon="-81.752187"><ele>226.8</ele><time>2026-09-05T14:20:56Z</time></trkpt>
      <trkpt lat="41.397297" lon="-81.752188"><ele>226.8</ele><time>2026-09-05T14:20:57Z</time></trkpt>
      <trkpt lat="41.397312" lon="-81.752192"><ele>226.8</ele><time>2026-09-05T14:20:58Z</time></trkpt>
      <trkpt lat="41.397324" lon="-81.752197"><ele>226.8</ele><time>2026-09-05T14:20:59Z</time></trkpt>
      <trkpt lat="41.397338" lon="-81.752203"><ele>226.8</ele><time>2026-09-05T14:21:00Z</time></trkpt>
      <trkpt lat="41.397352" lon="-81.752206"><ele>226.8</ele><time>2026-09-05T14:21:01Z</time></trkpt>
      <trkpt lat="41.397365" lon="-81.752204"><ele>226.8</ele><time>2026-09-05T14:21:02Z</time></trkpt>
      <trkpt lat="41.397377" lon="-81.752203"><ele>226.8</ele><time>2026-09-05T14:21:03Z</time></trkpt>
      <trkpt lat="41.397391" lon="-81.752206"><ele>226.8</ele><time>2026-09-05T14:21:04Z</time></trkpt>
      <trkpt lat="41.397403" lon="-81.752212"><ele>226.8</ele><time>2026-09-05T14:21:05Z</time></trkpt>
      <trkpt lat="41.397415" lon="-81.752221"><ele>226.8</ele><time>2026-09-05T14:21:06Z</time></trkpt>
      <trkpt lat="41.397427" lon="-81.752229"><ele>226.8</ele><time>2026-09-05T14:21:07Z</time></trkpt>
      <trkpt lat="41.397437" lon="-81.752234"><ele>226.8</ele><time>2026-09-05T14:21:08Z</time></trkpt>
      <trkpt lat="41.397446" lon="-81.752238"><ele>226.8</ele><time>2026-09-05T14:21:09Z</time></trkpt>
      <trkpt lat="41.397456" lon="-81.75224"><ele>226.8</ele><time>2026-09-05T14:21:10Z</time></trkpt>
      <trkpt lat="41.397466" lon="-81.75224"><ele>226.8</ele><time>2026-09-05T14:21:11Z</time></trkpt>
      <trkpt lat="41.397477" lon="-81.752241"><ele>226.8</ele><time>2026-09-05T14:21:12Z</time></trkpt>
      <trkpt lat="41.397489" lon="-81.752243"><ele>226.8</ele><time>2026-09-05T14:21:13Z</time></trkpt>
      <trkpt lat="41.3975" lon="-81.752246"><ele>226.8</ele><time>2026-09-05T14:21:14Z</time></trkpt>
      <trkpt lat="41.397511" lon="-81.752248"><ele>226.8</ele><time>2026-09-05T14:21:15Z</time></trkpt>
      <trkpt lat="41.39752" lon="-81.752252"><ele>226.8</ele><time>2026-09-05T14:21:16Z</time></trkpt>
      <trkpt lat="41.397527" lon="-81.752254"><ele>226.8</ele><time>2026-09-05T14:21:17Z</time></trkpt>
      <trkpt lat="41.397535" lon="-81.752255"><ele>226.8</ele><time>2026-09-05T14:21:18Z</time></trkpt>
      <trkpt lat="41.397544" lon="-81.752256"><ele>226.8</ele><time>2026-09-05T14:21:19Z</time></trkpt>
      <trkpt lat="41.397554" lon="-81.752259"><ele>226.8</ele><time>2026-09-05T14:21:20Z</time></trkpt>
      <trkpt lat="41.397565" lon="-81.752263"><ele>226.8</ele><time>2026-09-05T14:21:21Z</time></trkpt>
      <trkpt lat="41.397577" lon="-81.752268"><ele>226.8</ele><time>2026-09-05T14:21:22Z</time></trkpt>
      <trkpt lat="41.397589" lon="-81.752271"><ele>226.8</ele><time>2026-09-05T14:21:23Z</time></trkpt>
      <trkpt lat="41.397602" lon="-81.752274"><ele>226.8</ele><time>2026-09-05T14:21:24Z</time></trkpt>
      <trkpt lat="41.397614" lon="-81.752274"><ele>226.6</ele><time>2026-09-05T14:21:25Z</time></trkpt>
      <trkpt lat="41.397625" lon="-81.752272"><ele>226.6</ele><time>2026-09-05T14:21:26Z</time></trkpt>
      <trkpt lat="41.397635" lon="-81.752271"><ele>226.6</ele><time>2026-09-05T14:21:27Z</time></trkpt>
      <trkpt lat="41.397648" lon="-81.75227"><ele>226.6</ele><time>2026-09-05T14:21:28Z</time></trkpt>
      <trkpt lat="41.397658" lon="-81.75227"><ele>226.6</ele><time>2026-09-05T14:21:29Z</time></trkpt>
      <trkpt lat="41.397668" lon="-81.752269"><ele>226.6</ele><time>2026-09-05T14:21:30Z</time></trkpt>
      <trkpt lat="41.397678" lon="-81.752269"><ele>226.6</ele><time>2026-09-05T14:21:31Z</time></trkpt>
      <trkpt lat="41.397688" lon="-81.75227"><ele>226.6</ele><time>2026-09-05T14:21:32Z</time></trkpt>
      <trkpt lat="41.397699" lon="-81.75227"><ele>225</ele><time>2026-09-05T14:21:33Z</time></trkpt>
      <trkpt lat="41.397711" lon="-81.752269"><ele>225</ele><time>2026-09-05T14:21:34Z</time></trkpt>
      <trkpt lat="41.397722" lon="-81.752272"><ele>225</ele><time>2026-09-05T14:21:35Z</time></trkpt>
      <trkpt lat="41.397733" lon="-81.752276"><ele>225</ele><time>2026-09-05T14:21:36Z</time></trkpt>
      <trkpt lat="41.397743" lon="-81.752281"><ele>225</ele><time>2026-09-05T14:21:37Z</time></trkpt>
      <trkpt lat="41.397754" lon="-81.752287"><ele>225</ele><time>2026-09-05T14:21:38Z</time></trkpt>
      <trkpt lat="41.397764" lon="-81.752291"><ele>225</ele><time>2026-09-05T14:21:39Z</time></trkpt>
      <trkpt lat="41.397774" lon="-81.752294"><ele>225</ele><time>2026-09-05T14:21:40Z</time></trkpt>
      <trkpt lat="41.397782" lon="-81.752295"><ele>225</ele><time>2026-09-05T14:21:41Z</time></trkpt>
      <trkpt lat="41.397792" lon="-81.752293"><ele>225</ele><time>2026-09-05T14:21:42Z</time></trkpt>
      <trkpt lat="41.397802" lon="-81.752287"><ele>225</ele><time>2026-09-05T14:21:43Z</time></trkpt>
      <trkpt lat="41.397812" lon="-81.752283"><ele>225</ele><time>2026-09-05T14:21:44Z</time></trkpt>
      <trkpt lat="41.397821" lon="-81.752282"><ele>225</ele><time>2026-09-05T14:21:45Z</time></trkpt>
      <trkpt lat="41.39783" lon="-81.752285"><ele>225</ele><time>2026-09-05T14:21:46Z</time></trkpt>
      <trkpt lat="41.397839" lon="-81.752288"><ele>225</ele><time>2026-09-05T14:21:47Z</time></trkpt>
      <trkpt lat="41.397847" lon="-81.752291"><ele>225</ele><time>2026-09-05T14:21:48Z</time></trkpt>
      <trkpt lat="41.397855" lon="-81.752295"><ele>225</ele><time>2026-09-05T14:21:49Z</time></trkpt>
      <trkpt lat="41.397863" lon="-81.7523"><ele>225</ele><time>2026-09-05T14:21:50Z</time></trkpt>
      <trkpt lat="41.397872" lon="-81.752305"><ele>224.7</ele><time>2026-09-05T14:21:51Z</time></trkpt>
      <trkpt lat="41.397881" lon="-81.75231"><ele>224.7</ele><time>2026-09-05T14:21:52Z</time></trkpt>
      <trkpt lat="41.39789" lon="-81.752317"><ele>224.7</ele><time>2026-09-05T14:21:53Z</time></trkpt>
      <trkpt lat="41.397899" lon="-81.752325"><ele>224.7</ele><time>2026-09-05T14:21:54Z</time></trkpt>
      <trkpt lat="41.397907" lon="-81.752333"><ele>224.7</ele><time>2026-09-05T14:21:55Z</time></trkpt>
      <trkpt lat="41.397916" lon="-81.752343"><ele>224.7</ele><time>2026-09-05T14:21:56Z</time></trkpt>
      <trkpt lat="41.397926" lon="-81.752353"><ele>224.7</ele><time>2026-09-05T14:21:57Z</time></trkpt>
      <trkpt lat="41.397935" lon="-81.75236"><ele>224.7</ele><time>2026-09-05T14:21:58Z</time></trkpt>
      <trkpt lat="41.397945" lon="-81.752365"><ele>224.7</ele><time>2026-09-05T14:21:59Z</time></trkpt>
      <trkpt lat="41.397954" lon="-81.752372"><ele>224.7</ele><time>2026-09-05T14:22:00Z</time></trkpt>
      <trkpt lat="41.397962" lon="-81.752381"><ele>224.7</ele><time>2026-09-05T14:22:01Z</time></trkpt>
      <trkpt lat="41.397969" lon="-81.752392"><ele>224.7</ele><time>2026-09-05T14:22:02Z</time></trkpt>
      <trkpt lat="41.397976" lon="-81.752402"><ele>224.7</ele><time>2026-09-05T14:22:03Z</time></trkpt>
      <trkpt lat="41.397981" lon="-81.752412"><ele>224.7</ele><time>2026-09-05T14:22:04Z</time></trkpt>
      <trkpt lat="41.397986" lon="-81.752419"><ele>224.7</ele><time>2026-09-05T14:22:05Z</time></trkpt>
      <trkpt lat="41.39799" lon="-81.752424"><ele>224.7</ele><time>2026-09-05T14:22:06Z</time></trkpt>
      <trkpt lat="41.397993" lon="-81.752429"><ele>224.7</ele><time>2026-09-05T14:22:07Z</time></trkpt>
      <trkpt lat="41.397995" lon="-81.752436"><ele>224.7</ele><time>2026-09-05T14:22:08Z</time></trkpt>
      <trkpt lat="41.397995" lon="-81.752444"><ele>224.7</ele><time>2026-09-05T14:22:09Z</time></trkpt>
      <trkpt lat="41.397993" lon="-81.752453"><ele>223</ele><time>2026-09-05T14:22:10Z</time></trkpt>
      <trkpt lat="41.397991" lon="-81.75246"><ele>223</ele><time>2026-09-05T14:22:11Z</time></trkpt>
      <trkpt lat="41.397988" lon="-81.752468"><ele>224.7</ele><time>2026-09-05T14:22:12Z</time></trkpt>
      <trkpt lat="41.397986" lon="-81.752476"><ele>224.7</ele><time>2026-09-05T14:22:13Z</time></trkpt>
      <trkpt lat="41.397984" lon="-81.752488"><ele>224.7</ele><time>2026-09-05T14:22:14Z</time></trkpt>
      <trkpt lat="41.39798" lon="-81.752499"><ele>224.7</ele><time>2026-09-05T14:22:15Z</time></trkpt>
      <trkpt lat="41.397973" lon="-81.752511"><ele>224.7</ele><time>2026-09-05T14:22:16Z</time></trkpt>
      <trkpt lat="41.397966" lon="-81.752521"><ele>224.7</ele><time>2026-09-05T14:22:17Z</time></trkpt>
      <trkpt lat="41.397956" lon="-81.752534"><ele>224.7</ele><time>2026-09-05T14:22:18Z</time></trkpt>
      <trkpt lat="41.397949" lon="-81.752542"><ele>224.7</ele><time>2026-09-05T14:22:19Z</time></trkpt>
      <trkpt lat="41.397942" lon="-81.752551"><ele>224.7</ele><time>2026-09-05T14:22:20Z</time></trkpt>
      <trkpt lat="41.397936" lon="-81.75256"><ele>224.7</ele><time>2026-09-05T14:22:21Z</time></trkpt>
      <trkpt lat="41.397929" lon="-81.752571"><ele>225.5</ele><time>2026-09-05T14:22:22Z</time></trkpt>
      <trkpt lat="41.397924" lon="-81.752581"><ele>225.5</ele><time>2026-09-05T14:22:23Z</time></trkpt>
      <trkpt lat="41.397919" lon="-81.752594"><ele>225.5</ele><time>2026-09-05T14:22:24Z</time></trkpt>
      <trkpt lat="41.397914" lon="-81.752602"><ele>225.5</ele><time>2026-09-05T14:22:25Z</time></trkpt>
      <trkpt lat="41.397909" lon="-81.752612"><ele>225.5</ele><time>2026-09-05T14:22:26Z</time></trkpt>
      <trkpt lat="41.397902" lon="-81.752625"><ele>225.5</ele><time>2026-09-05T14:22:27Z</time></trkpt>
      <trkpt lat="41.397895" lon="-81.752641"><ele>225.5</ele><time>2026-09-05T14:22:28Z</time></trkpt>
      <trkpt lat="41.397888" lon="-81.752654"><ele>225.5</ele><time>2026-09-05T14:22:29Z</time></trkpt>
      <trkpt lat="41.397881" lon="-81.75267"><ele>225.5</ele><time>2026-09-05T14:22:30Z</time></trkpt>
      <trkpt lat="41.397877" lon="-81.752678"><ele>225.5</ele><time>2026-09-05T14:22:31Z</time></trkpt>
      <trkpt lat="41.397873" lon="-81.752685"><ele>225.5</ele><time>2026-09-05T14:22:32Z</time></trkpt>
      <trkpt lat="41.397867" lon="-81.752696"><ele>225.5</ele><time>2026-09-05T14:22:33Z</time></trkpt>
      <trkpt lat="41.39786" lon="-81.752706"><ele>225.5</ele><time>2026-09-05T14:22:34Z</time></trkpt>
      <trkpt lat="41.397854" lon="-81.752716"><ele>225.5</ele><time>2026-09-05T14:22:35Z</time></trkpt>
      <trkpt lat="41.397845" lon="-81.752728"><ele>225.5</ele><time>2026-09-05T14:22:36Z</time></trkpt>
      <trkpt lat="41.39784" lon="-81.752738"><ele>225.5</ele><time>2026-09-05T14:22:37Z</time></trkpt>
      <trkpt lat="41.397834" lon="-81.752748"><ele>225.5</ele><time>2026-09-05T14:22:38Z</time></trkpt>
      <trkpt lat="41.397825" lon="-81.752761"><ele>225.5</ele><time>2026-09-05T14:22:39Z</time></trkpt>
      <trkpt lat="41.397815" lon="-81.752772"><ele>225.5</ele><time>2026-09-05T14:22:40Z</time></trkpt>
      <trkpt lat="41.397805" lon="-81.752781"><ele>225.5</ele><time>2026-09-05T14:22:41Z</time></trkpt>
      <trkpt lat="41.397793" lon="-81.752791"><ele>225.5</ele><time>2026-09-05T14:22:42Z</time></trkpt>
      <trkpt lat="41.397785" lon="-81.752797"><ele>225.5</ele><time>2026-09-05T14:22:43Z</time></trkpt>
      <trkpt lat="41.397778" lon="-81.752804"><ele>225.5</ele><time>2026-09-05T14:22:44Z</time></trkpt>
      <trkpt lat="41.397771" lon="-81.752811"><ele>226.6</ele><time>2026-09-05T14:22:45Z</time></trkpt>
      <trkpt lat="41.397766" lon="-81.752818"><ele>226.6</ele><time>2026-09-05T14:22:46Z</time></trkpt>
      <trkpt lat="41.397764" lon="-81.752827"><ele>226.6</ele><time>2026-09-05T14:22:47Z</time></trkpt>
      <trkpt lat="41.397764" lon="-81.752835"><ele>226.6</ele><time>2026-09-05T14:22:48Z</time></trkpt>
      <trkpt lat="41.397767" lon="-81.752843"><ele>226.6</ele><time>2026-09-05T14:22:49Z</time></trkpt>
      <trkpt lat="41.397771" lon="-81.752848"><ele>226.6</ele><time>2026-09-05T14:22:50Z</time></trkpt>
      <trkpt lat="41.397774" lon="-81.752853"><ele>226.6</ele><time>2026-09-05T14:22:51Z</time></trkpt>
      <trkpt lat="41.397776" lon="-81.752858"><ele>226.6</ele><time>2026-09-05T14:22:52Z</time></trkpt>
      <trkpt lat="41.397778" lon="-81.75286"><ele>226.5</ele><time>2026-09-05T14:22:53Z</time></trkpt>
      <trkpt lat="41.397779" lon="-81.752859"><ele>226.5</ele><time>2026-09-05T14:22:54Z</time></trkpt>
      <trkpt lat="41.397779" lon="-81.752855"><ele>226.5</ele><time>2026-09-05T14:22:55Z</time></trkpt>
      <trkpt lat="41.397777" lon="-81.752852"><ele>226.5</ele><time>2026-09-05T14:22:56Z</time></trkpt>
      <trkpt lat="41.397777" lon="-81.752849"><ele>226.5</ele><time>2026-09-05T14:22:57Z</time></trkpt>
      <trkpt lat="41.397777" lon="-81.752847"><ele>226.5</ele><time>2026-09-05T14:22:58Z</time></trkpt>
      <trkpt lat="41.397777" lon="-81.752845"><ele>226.5</ele><time>2026-09-05T14:22:59Z</time></trkpt>
      <trkpt lat="41.397776" lon="-81.752844"><ele>226.5</ele><time>2026-09-05T14:23:00Z</time></trkpt>
      <trkpt lat="41.397778" lon="-81.752845"><ele>226.6</ele><time>2026-09-05T14:23:01Z</time></trkpt>
      <trkpt lat="41.397778" lon="-81.752845"><ele>226.6</ele><time>2026-09-05T14:23:02Z</time></trkpt>
      <trkpt lat="41.397777" lon="-81.752844"><ele>226.6</ele><time>2026-09-05T14:23:03Z</time></trkpt>
      <trkpt lat="41.397777" lon="-81.752843"><ele>226.6</ele><time>2026-09-05T14:23:04Z</time></trkpt>
      <trkpt lat="41.397777" lon="-81.752842"><ele>226.6</ele><time>2026-09-05T14:23:05Z</time></trkpt>
      <trkpt lat="41.397776" lon="-81.752841"><ele>226.6</ele><time>2026-09-05T14:23:06Z</time></trkpt>
      <trkpt lat="41.397777" lon="-81.752841"><ele>226.6</ele><time>2026-09-05T14:23:07Z</time></trkpt>
      <trkpt lat="41.39778" lon="-81.752846"><ele>226.6</ele><time>2026-09-05T14:23:08Z</time></trkpt>
      <trkpt lat="41.397788" lon="-81.752859"><ele>227</ele><time>2026-09-05T14:23:09Z</time></trkpt>
      <trkpt lat="41.397795" lon="-81.752872"><ele>227</ele><time>2026-09-05T14:23:10Z</time></trkpt>
      <trkpt lat="41.397803" lon="-81.752886"><ele>227</ele><time>2026-09-05T14:23:11Z</time></trkpt>
      <trkpt lat="41.397809" lon="-81.752899"><ele>227</ele><time>2026-09-05T14:23:12Z</time></trkpt>
      <trkpt lat="41.397818" lon="-81.752913"><ele>227</ele><time>2026-09-05T14:23:13Z</time></trkpt>
      <trkpt lat="41.397826" lon="-81.752926"><ele>227</ele><time>2026-09-05T14:23:14Z</time></trkpt>
      <trkpt lat="41.39783" lon="-81.752935"><ele>227</ele><time>2026-09-05T14:23:15Z</time></trkpt>
      <trkpt lat="41.397835" lon="-81.75294"><ele>227</ele><time>2026-09-05T14:23:16Z</time></trkpt>
      <trkpt lat="41.397844" lon="-81.752954"><ele>226.6</ele><time>2026-09-05T14:23:17Z</time></trkpt>
      <trkpt lat="41.397851" lon="-81.752964"><ele>226.6</ele><time>2026-09-05T14:23:18Z</time></trkpt>
      <trkpt lat="41.397858" lon="-81.752975"><ele>226.6</ele><time>2026-09-05T14:23:19Z</time></trkpt>
      <trkpt lat="41.397864" lon="-81.752985"><ele>226.6</ele><time>2026-09-05T14:23:20Z</time></trkpt>
      <trkpt lat="41.397872" lon="-81.752997"><ele>226.6</ele><time>2026-09-05T14:23:21Z</time></trkpt>
      <trkpt lat="41.397879" lon="-81.753009"><ele>226.6</ele><time>2026-09-05T14:23:22Z</time></trkpt>
      <trkpt lat="41.397888" lon="-81.753019"><ele>226.6</ele><time>2026-09-05T14:23:23Z</time></trkpt>
      <trkpt lat="41.397896" lon="-81.753027"><ele>226.5</ele><time>2026-09-05T14:23:24Z</time></trkpt>
      <trkpt lat="41.397904" lon="-81.753038"><ele>225.5</ele><time>2026-09-05T14:23:25Z</time></trkpt>
      <trkpt lat="41.397911" lon="-81.753045"><ele>225.5</ele><time>2026-09-05T14:23:26Z</time></trkpt>
      <trkpt lat="41.397919" lon="-81.75305"><ele>225.5</ele><time>2026-09-05T14:23:27Z</time></trkpt>
      <trkpt lat="41.397927" lon="-81.753049"><ele>225.5</ele><time>2026-09-05T14:23:28Z</time></trkpt>
      <trkpt lat="41.397934" lon="-81.753042"><ele>225.5</ele><time>2026-09-05T14:23:29Z</time></trkpt>
      <trkpt lat="41.397941" lon="-81.753032"><ele>225.5</ele><time>2026-09-05T14:23:30Z</time></trkpt>
      <trkpt lat="41.397946" lon="-81.753018"><ele>225.5</ele><time>2026-09-05T14:23:31Z</time></trkpt>
      <trkpt lat="41.397951" lon="-81.753003"><ele>226.6</ele><time>2026-09-05T14:23:32Z</time></trkpt>
      <trkpt lat="41.397955" lon="-81.752989"><ele>226.6</ele><time>2026-09-05T14:23:33Z</time></trkpt>
      <trkpt lat="41.39796" lon="-81.752977"><ele>226.6</ele><time>2026-09-05T14:23:34Z</time></trkpt>
      <trkpt lat="41.397967" lon="-81.752963"><ele>226.6</ele><time>2026-09-05T14:23:35Z</time></trkpt>
      <trkpt lat="41.397975" lon="-81.752949"><ele>226.6</ele><time>2026-09-05T14:23:36Z</time></trkpt>
      <trkpt lat="41.39798" lon="-81.752939"><ele>226.6</ele><time>2026-09-05T14:23:37Z</time></trkpt>
      <trkpt lat="41.397988" lon="-81.752929"><ele>226.6</ele><time>2026-09-05T14:23:38Z</time></trkpt>
      <trkpt lat="41.397998" lon="-81.752918"><ele>226.6</ele><time>2026-09-05T14:23:39Z</time></trkpt>
      <trkpt lat="41.398006" lon="-81.752906"><ele>226.7</ele><time>2026-09-05T14:23:40Z</time></trkpt>
      <trkpt lat="41.398016" lon="-81.752896"><ele>226.7</ele><time>2026-09-05T14:23:41Z</time></trkpt>
      <trkpt lat="41.398026" lon="-81.752888"><ele>226.7</ele><time>2026-09-05T14:23:42Z</time></trkpt>
      <trkpt lat="41.398035" lon="-81.75288"><ele>226.7</ele><time>2026-09-05T14:23:43Z</time></trkpt>
      <trkpt lat="41.398045" lon="-81.752872"><ele>226.7</ele><time>2026-09-05T14:23:44Z</time></trkpt>
      <trkpt lat="41.398054" lon="-81.752864"><ele>226.7</ele><time>2026-09-05T14:23:45Z</time></trkpt>
      <trkpt lat="41.398062" lon="-81.752856"><ele>226.7</ele><time>2026-09-05T14:23:46Z</time></trkpt>
      <trkpt lat="41.398068" lon="-81.752849"><ele>226.7</ele><time>2026-09-05T14:23:47Z</time></trkpt>
      <trkpt lat="41.398074" lon="-81.752841"><ele>226.6</ele><time>2026-09-05T14:23:48Z</time></trkpt>
      <trkpt lat="41.398082" lon="-81.752832"><ele>226.6</ele><time>2026-09-05T14:23:49Z</time></trkpt>
      <trkpt lat="41.398092" lon="-81.752822"><ele>226.6</ele><time>2026-09-05T14:23:50Z</time></trkpt>
      <trkpt lat="41.398103" lon="-81.752814"><ele>226.6</ele><time>2026-09-05T14:23:51Z</time></trkpt>
      <trkpt lat="41.398114" lon="-81.752806"><ele>226.6</ele><time>2026-09-05T14:23:52Z</time></trkpt>
      <trkpt lat="41.398123" lon="-81.752799"><ele>226.6</ele><time>2026-09-05T14:23:53Z</time></trkpt>
      <trkpt lat="41.398131" lon="-81.752792"><ele>226.6</ele><time>2026-09-05T14:23:54Z</time></trkpt>
      <trkpt lat="41.39814" lon="-81.752783"><ele>224.7</ele><time>2026-09-05T14:23:55Z</time></trkpt>
      <trkpt lat="41.398148" lon="-81.752775"><ele>224.7</ele><time>2026-09-05T14:23:56Z</time></trkpt>
      <trkpt lat="41.398156" lon="-81.752767"><ele>224.7</ele><time>2026-09-05T14:23:57Z</time></trkpt>
      <trkpt lat="41.398163" lon="-81.752759"><ele>224.7</ele><time>2026-09-05T14:23:58Z</time></trkpt>
      <trkpt lat="41.398172" lon="-81.75275"><ele>224.7</ele><time>2026-09-05T14:23:59Z</time></trkpt>
      <trkpt lat="41.39818" lon="-81.752739"><ele>224.7</ele><time>2026-09-05T14:24:00Z</time></trkpt>
      <trkpt lat="41.398187" lon="-81.752728"><ele>224.7</ele><time>2026-09-05T14:24:01Z</time></trkpt>
      <trkpt lat="41.398194" lon="-81.75272"><ele>224.7</ele><time>2026-09-05T14:24:02Z</time></trkpt>
      <trkpt lat="41.398199" lon="-81.75271"><ele>225</ele><time>2026-09-05T14:24:03Z</time></trkpt>
      <trkpt lat="41.398204" lon="-81.752699"><ele>225</ele><time>2026-09-05T14:24:04Z</time></trkpt>
      <trkpt lat="41.398211" lon="-81.752688"><ele>225</ele><time>2026-09-05T14:24:05Z</time></trkpt>
      <trkpt lat="41.398219" lon="-81.752676"><ele>225</ele><time>2026-09-05T14:24:06Z</time></trkpt>
      <trkpt lat="41.398227" lon="-81.752667"><ele>225</ele><time>2026-09-05T14:24:07Z</time></trkpt>
      <trkpt lat="41.398236" lon="-81.752657"><ele>225</ele><time>2026-09-05T14:24:08Z</time></trkpt>
      <trkpt lat="41.398243" lon="-81.752648"><ele>225</ele><time>2026-09-05T14:24:09Z</time></trkpt>
      <trkpt lat="41.398251" lon="-81.752638"><ele>225</ele><time>2026-09-05T14:24:10Z</time></trkpt>
      <trkpt lat="41.398257" lon="-81.752626"><ele>225.5</ele><time>2026-09-05T14:24:11Z</time></trkpt>
      <trkpt lat="41.398265" lon="-81.752616"><ele>225.5</ele><time>2026-09-05T14:24:12Z</time></trkpt>
      <trkpt lat="41.398273" lon="-81.752608"><ele>225.5</ele><time>2026-09-05T14:24:13Z</time></trkpt>
      <trkpt lat="41.398283" lon="-81.7526"><ele>225.5</ele><time>2026-09-05T14:24:14Z</time></trkpt>
      <trkpt lat="41.398293" lon="-81.752594"><ele>225.5</ele><time>2026-09-05T14:24:15Z</time></trkpt>
      <trkpt lat="41.398305" lon="-81.752585"><ele>225.5</ele><time>2026-09-05T14:24:16Z</time></trkpt>
      <trkpt lat="41.398315" lon="-81.752576"><ele>225.5</ele><time>2026-09-05T14:24:17Z</time></trkpt>
      <trkpt lat="41.398324" lon="-81.752567"><ele>225.5</ele><time>2026-09-05T14:24:18Z</time></trkpt>
      <trkpt lat="41.398332" lon="-81.752559"><ele>225</ele><time>2026-09-05T14:24:19Z</time></trkpt>
      <trkpt lat="41.39834" lon="-81.75255"><ele>225</ele><time>2026-09-05T14:24:20Z</time></trkpt>
      <trkpt lat="41.39835" lon="-81.752541"><ele>225</ele><time>2026-09-05T14:24:21Z</time></trkpt>
      <trkpt lat="41.398359" lon="-81.752532"><ele>225</ele><time>2026-09-05T14:24:22Z</time></trkpt>
      <trkpt lat="41.398368" lon="-81.752524"><ele>225</ele><time>2026-09-05T14:24:23Z</time></trkpt>
      <trkpt lat="41.398377" lon="-81.752515"><ele>225</ele><time>2026-09-05T14:24:24Z</time></trkpt>
      <trkpt lat="41.398386" lon="-81.752506"><ele>225</ele><time>2026-09-05T14:24:25Z</time></trkpt>
      <trkpt lat="41.398398" lon="-81.752495"><ele>225.5</ele><time>2026-09-05T14:24:26Z</time></trkpt>
      <trkpt lat="41.398409" lon="-81.752486"><ele>225.5</ele><time>2026-09-05T14:24:27Z</time></trkpt>
      <trkpt lat="41.398418" lon="-81.752477"><ele>225.5</ele><time>2026-09-05T14:24:28Z</time></trkpt>
      <trkpt lat="41.398425" lon="-81.752469"><ele>225.5</ele><time>2026-09-05T14:24:29Z</time></trkpt>
      <trkpt lat="41.398433" lon="-81.752459"><ele>225.5</ele><time>2026-09-05T14:24:30Z</time></trkpt>
      <trkpt lat="41.398441" lon="-81.752449"><ele>225.5</ele><time>2026-09-05T14:24:31Z</time></trkpt>
      <trkpt lat="41.398449" lon="-81.752438"><ele>225.5</ele><time>2026-09-05T14:24:32Z</time></trkpt>
      <trkpt lat="41.398457" lon="-81.752427"><ele>225.5</ele><time>2026-09-05T14:24:33Z</time></trkpt>
      <trkpt lat="41.398464" lon="-81.75242"><ele>224.8</ele><time>2026-09-05T14:24:34Z</time></trkpt>
      <trkpt lat="41.398471" lon="-81.752413"><ele>224.8</ele><time>2026-09-05T14:24:35Z</time></trkpt>
      <trkpt lat="41.398479" lon="-81.752404"><ele>224.8</ele><time>2026-09-05T14:24:36Z</time></trkpt>
      <trkpt lat="41.398486" lon="-81.752396"><ele>224.8</ele><time>2026-09-05T14:24:37Z</time></trkpt>
      <trkpt lat="41.398495" lon="-81.752386"><ele>224.8</ele><time>2026-09-05T14:24:38Z</time></trkpt>
      <trkpt lat="41.398503" lon="-81.752376"><ele>224.8</ele><time>2026-09-05T14:24:39Z</time></trkpt>
      <trkpt lat="41.398511" lon="-81.752364"><ele>224.8</ele><time>2026-09-05T14:24:40Z</time></trkpt>
      <trkpt lat="41.398518" lon="-81.752353"><ele>224.8</ele><time>2026-09-05T14:24:41Z</time></trkpt>
      <trkpt lat="41.398525" lon="-81.752343"><ele>225</ele><time>2026-09-05T14:24:42Z</time></trkpt>
      <trkpt lat="41.398532" lon="-81.752331"><ele>225</ele><time>2026-09-05T14:24:43Z</time></trkpt>
      <trkpt lat="41.398539" lon="-81.75232"><ele>225</ele><time>2026-09-05T14:24:44Z</time></trkpt>
      <trkpt lat="41.398547" lon="-81.752309"><ele>225</ele><time>2026-09-05T14:24:45Z</time></trkpt>
      <trkpt lat="41.398556" lon="-81.752297"><ele>225</ele><time>2026-09-05T14:24:46Z</time></trkpt>
      <trkpt lat="41.398563" lon="-81.752287"><ele>225</ele><time>2026-09-05T14:24:47Z</time></trkpt>
      <trkpt lat="41.39857" lon="-81.752277"><ele>225</ele><time>2026-09-05T14:24:48Z</time></trkpt>
      <trkpt lat="41.398578" lon="-81.752267"><ele>225</ele><time>2026-09-05T14:24:49Z</time></trkpt>
      <trkpt lat="41.398583" lon="-81.752256"><ele>224.7</ele><time>2026-09-05T14:24:50Z</time></trkpt>
      <trkpt lat="41.398587" lon="-81.752247"><ele>224.7</ele><time>2026-09-05T14:24:51Z</time></trkpt>
      <trkpt lat="41.398593" lon="-81.752238"><ele>224.7</ele><time>2026-09-05T14:24:52Z</time></trkpt>
      <trkpt lat="41.3986" lon="-81.752229"><ele>224.7</ele><time>2026-09-05T14:24:53Z</time></trkpt>
      <trkpt lat="41.398606" lon="-81.752221"><ele>224.7</ele><time>2026-09-05T14:24:54Z</time></trkpt>
      <trkpt lat="41.398613" lon="-81.752213"><ele>224.7</ele><time>2026-09-05T14:24:55Z</time></trkpt>
      <trkpt lat="41.398621" lon="-81.752205"><ele>224.7</ele><time>2026-09-05T14:24:56Z</time></trkpt>
      <trkpt lat="41.398629" lon="-81.752196"><ele>224.7</ele><time>2026-09-05T14:24:57Z</time></trkpt>
      <trkpt lat="41.398638" lon="-81.752188"><ele>225.5</ele><time>2026-09-05T14:24:58Z</time></trkpt>
      <trkpt lat="41.398646" lon="-81.75218"><ele>225.5</ele><time>2026-09-05T14:24:59Z</time></trkpt>
      <trkpt lat="41.398654" lon="-81.752171"><ele>225.5</ele><time>2026-09-05T14:25:00Z</time></trkpt>
      <trkpt lat="41.39866" lon="-81.752163"><ele>225.5</ele><time>2026-09-05T14:25:01Z</time></trkpt>
      <trkpt lat="41.398666" lon="-81.752155"><ele>225.5</ele><time>2026-09-05T14:25:02Z</time></trkpt>
      <trkpt lat="41.398672" lon="-81.752146"><ele>225.5</ele><time>2026-09-05T14:25:03Z</time></trkpt>
      <trkpt lat="41.398679" lon="-81.752137"><ele>224.8</ele><time>2026-09-05T14:25:04Z</time></trkpt>
      <trkpt lat="41.398686" lon="-81.752127"><ele>224.8</ele><time>2026-09-05T14:25:05Z</time></trkpt>
      <trkpt lat="41.398692" lon="-81.752119"><ele>224.8</ele><time>2026-09-05T14:25:06Z</time></trkpt>
      <trkpt lat="41.398699" lon="-81.752109"><ele>224.8</ele><time>2026-09-05T14:25:07Z</time></trkpt>
      <trkpt lat="41.398706" lon="-81.752099"><ele>224.8</ele><time>2026-09-05T14:25:08Z</time></trkpt>
      <trkpt lat="41.398713" lon="-81.752091"><ele>224.8</ele><time>2026-09-05T14:25:09Z</time></trkpt>
      <trkpt lat="41.398721" lon="-81.75208"><ele>224.8</ele><time>2026-09-05T14:25:10Z</time></trkpt>
      <trkpt lat="41.398729" lon="-81.752071"><ele>224.8</ele><time>2026-09-05T14:25:11Z</time></trkpt>
      <trkpt lat="41.398737" lon="-81.752064"><ele>225</ele><time>2026-09-05T14:25:12Z</time></trkpt>
      <trkpt lat="41.398747" lon="-81.752059"><ele>225</ele><time>2026-09-05T14:25:13Z</time></trkpt>
      <trkpt lat="41.398756" lon="-81.752057"><ele>225</ele><time>2026-09-05T14:25:14Z</time></trkpt>
      <trkpt lat="41.398765" lon="-81.752058"><ele>225</ele><time>2026-09-05T14:25:15Z</time></trkpt>
      <trkpt lat="41.398775" lon="-81.752061"><ele>225</ele><time>2026-09-05T14:25:16Z</time></trkpt>
      <trkpt lat="41.398786" lon="-81.752065"><ele>225</ele><time>2026-09-05T14:25:17Z</time></trkpt>
      <trkpt lat="41.398795" lon="-81.752073"><ele>225</ele><time>2026-09-05T14:25:18Z</time></trkpt>
      <trkpt lat="41.398803" lon="-81.752082"><ele>225</ele><time>2026-09-05T14:25:19Z</time></trkpt>
      <trkpt lat="41.398813" lon="-81.752094"><ele>224.7</ele><time>2026-09-05T14:25:20Z</time></trkpt>
      <trkpt lat="41.398821" lon="-81.752108"><ele>224.7</ele><time>2026-09-05T14:25:21Z</time></trkpt>
      <trkpt lat="41.398829" lon="-81.752123"><ele>224.7</ele><time>2026-09-05T14:25:22Z</time></trkpt>
      <trkpt lat="41.398837" lon="-81.75214"><ele>224.7</ele><time>2026-09-05T14:25:23Z</time></trkpt>
      <trkpt lat="41.398845" lon="-81.752158"><ele>224.7</ele><time>2026-09-05T14:25:24Z</time></trkpt>
      <trkpt lat="41.398852" lon="-81.752171"><ele>224.7</ele><time>2026-09-05T14:25:25Z</time></trkpt>
      <trkpt lat="41.398859" lon="-81.752183"><ele>224.7</ele><time>2026-09-05T14:25:26Z</time></trkpt>
      <trkpt lat="41.398865" lon="-81.752194"><ele>224.7</ele><time>2026-09-05T14:25:27Z</time></trkpt>
      <trkpt lat="41.398872" lon="-81.752206"><ele>225.5</ele><time>2026-09-05T14:25:28Z</time></trkpt>
      <trkpt lat="41.398881" lon="-81.752217"><ele>225.5</ele><time>2026-09-05T14:25:29Z</time></trkpt>
      <trkpt lat="41.398888" lon="-81.752228"><ele>225.5</ele><time>2026-09-05T14:25:30Z</time></trkpt>
      <trkpt lat="41.398894" lon="-81.752241"><ele>225.5</ele><time>2026-09-05T14:25:31Z</time></trkpt>
      <trkpt lat="41.398899" lon="-81.752255"><ele>225.5</ele><time>2026-09-05T14:25:32Z</time></trkpt>
      <trkpt lat="41.398904" lon="-81.752268"><ele>225.5</ele><time>2026-09-05T14:25:33Z</time></trkpt>
      <trkpt lat="41.39891" lon="-81.75228"><ele>225.5</ele><time>2026-09-05T14:25:34Z</time></trkpt>
      <trkpt lat="41.398917" lon="-81.752291"><ele>225.5</ele><time>2026-09-05T14:25:35Z</time></trkpt>
      <trkpt lat="41.398926" lon="-81.7523"><ele>225.5</ele><time>2026-09-05T14:25:36Z</time></trkpt>
      <trkpt lat="41.398938" lon="-81.752307"><ele>225</ele><time>2026-09-05T14:25:37Z</time></trkpt>
      <trkpt lat="41.398947" lon="-81.752313"><ele>225</ele><time>2026-09-05T14:25:38Z</time></trkpt>
      <trkpt lat="41.398955" lon="-81.752321"><ele>225</ele><time>2026-09-05T14:25:39Z</time></trkpt>
      <trkpt lat="41.398959" lon="-81.75233"><ele>225</ele><time>2026-09-05T14:25:40Z</time></trkpt>
      <trkpt lat="41.398963" lon="-81.752341"><ele>225</ele><time>2026-09-05T14:25:41Z</time></trkpt>
      <trkpt lat="41.398967" lon="-81.752351"><ele>225</ele><time>2026-09-05T14:25:42Z</time></trkpt>
      <trkpt lat="41.398972" lon="-81.752362"><ele>225</ele><time>2026-09-05T14:25:43Z</time></trkpt>
      <trkpt lat="41.398977" lon="-81.752371"><ele>225</ele><time>2026-09-05T14:25:44Z</time></trkpt>
      <trkpt lat="41.398985" lon="-81.752379"><ele>224.5</ele><time>2026-09-05T14:25:45Z</time></trkpt>
      <trkpt lat="41.398992" lon="-81.752389"><ele>224.5</ele><time>2026-09-05T14:25:46Z</time></trkpt>
      <trkpt lat="41.398999" lon="-81.752399"><ele>224.5</ele><time>2026-09-05T14:25:47Z</time></trkpt>
      <trkpt lat="41.399006" lon="-81.752409"><ele>224.5</ele><time>2026-09-05T14:25:48Z</time></trkpt>
      <trkpt lat="41.399013" lon="-81.752419"><ele>224.5</ele><time>2026-09-05T14:25:49Z</time></trkpt>
      <trkpt lat="41.39902" lon="-81.75243"><ele>224.5</ele><time>2026-09-05T14:25:50Z</time></trkpt>
      <trkpt lat="41.399027" lon="-81.752442"><ele>224.5</ele><time>2026-09-05T14:25:51Z</time></trkpt>
      <trkpt lat="41.399034" lon="-81.752452"><ele>224.5</ele><time>2026-09-05T14:25:52Z</time></trkpt>
      <trkpt lat="41.39904" lon="-81.752462"><ele>224.5</ele><time>2026-09-05T14:25:53Z</time></trkpt>
      <trkpt lat="41.399047" lon="-81.752471"><ele>224.5</ele><time>2026-09-05T14:25:54Z</time></trkpt>
      <trkpt lat="41.399056" lon="-81.752481"><ele>224.5</ele><time>2026-09-05T14:25:55Z</time></trkpt>
      <trkpt lat="41.399065" lon="-81.752492"><ele>224.5</ele><time>2026-09-05T14:25:56Z</time></trkpt>
      <trkpt lat="41.399073" lon="-81.752501"><ele>224.5</ele><time>2026-09-05T14:25:57Z</time></trkpt>
      <trkpt lat="41.399084" lon="-81.752511"><ele>224.5</ele><time>2026-09-05T14:25:58Z</time></trkpt>
      <trkpt lat="41.399097" lon="-81.75252"><ele>224.5</ele><time>2026-09-05T14:25:59Z</time></trkpt>
      <trkpt lat="41.399112" lon="-81.752527"><ele>224.8</ele><time>2026-09-05T14:26:00Z</time></trkpt>
      <trkpt lat="41.399125" lon="-81.752534"><ele>224.8</ele><time>2026-09-05T14:26:01Z</time></trkpt>
      <trkpt lat="41.399136" lon="-81.752542"><ele>224.8</ele><time>2026-09-05T14:26:02Z</time></trkpt>
      <trkpt lat="41.399145" lon="-81.752552"><ele>224.8</ele><time>2026-09-05T14:26:03Z</time></trkpt>
      <trkpt lat="41.399153" lon="-81.752562"><ele>224.8</ele><time>2026-09-05T14:26:04Z</time></trkpt>
      <trkpt lat="41.39916" lon="-81.752572"><ele>224.8</ele><time>2026-09-05T14:26:05Z</time></trkpt>
      <trkpt lat="41.399167" lon="-81.75258"><ele>224.8</ele><time>2026-09-05T14:26:06Z</time></trkpt>
      <trkpt lat="41.399176" lon="-81.752591"><ele>224.8</ele><time>2026-09-05T14:26:07Z</time></trkpt>
      <trkpt lat="41.399187" lon="-81.752601"><ele>223.6</ele><time>2026-09-05T14:26:08Z</time></trkpt>
      <trkpt lat="41.399197" lon="-81.752611"><ele>223.6</ele><time>2026-09-05T14:26:09Z</time></trkpt>
      <trkpt lat="41.399205" lon="-81.752621"><ele>223.6</ele><time>2026-09-05T14:26:10Z</time></trkpt>
      <trkpt lat="41.399211" lon="-81.75263"><ele>223.6</ele><time>2026-09-05T14:26:11Z</time></trkpt>
      <trkpt lat="41.399217" lon="-81.752637"><ele>223.6</ele><time>2026-09-05T14:26:12Z</time></trkpt>
      <trkpt lat="41.399223" lon="-81.752645"><ele>223.6</ele><time>2026-09-05T14:26:13Z</time></trkpt>
      <trkpt lat="41.399229" lon="-81.752652"><ele>223.6</ele><time>2026-09-05T14:26:14Z</time></trkpt>
      <trkpt lat="41.399237" lon="-81.752658"><ele>223.6</ele><time>2026-09-05T14:26:15Z</time></trkpt>
      <trkpt lat="41.399248" lon="-81.752661"><ele>223.6</ele><time>2026-09-05T14:26:16Z</time></trkpt>
      <trkpt lat="41.399259" lon="-81.752666"><ele>223.6</ele><time>2026-09-05T14:26:17Z</time></trkpt>
      <trkpt lat="41.399267" lon="-81.752674"><ele>223.6</ele><time>2026-09-05T14:26:18Z</time></trkpt>
      <trkpt lat="41.399273" lon="-81.752683"><ele>223.6</ele><time>2026-09-05T14:26:19Z</time></trkpt>
      <trkpt lat="41.399277" lon="-81.752691"><ele>223.6</ele><time>2026-09-05T14:26:20Z</time></trkpt>
      <trkpt lat="41.399282" lon="-81.752699"><ele>223.6</ele><time>2026-09-05T14:26:21Z</time></trkpt>
      <trkpt lat="41.399287" lon="-81.752708"><ele>223.6</ele><time>2026-09-05T14:26:22Z</time></trkpt>
      <trkpt lat="41.399293" lon="-81.752718"><ele>223.6</ele><time>2026-09-05T14:26:23Z</time></trkpt>
      <trkpt lat="41.399302" lon="-81.752723"><ele>223.6</ele><time>2026-09-05T14:26:24Z</time></trkpt>
      <trkpt lat="41.39931" lon="-81.752732"><ele>223.6</ele><time>2026-09-05T14:26:25Z</time></trkpt>
      <trkpt lat="41.399316" lon="-81.752744"><ele>223.6</ele><time>2026-09-05T14:26:26Z</time></trkpt>
      <trkpt lat="41.39932" lon="-81.752758"><ele>223.6</ele><time>2026-09-05T14:26:27Z</time></trkpt>
      <trkpt lat="41.399323" lon="-81.752774"><ele>223.6</ele><time>2026-09-05T14:26:28Z</time></trkpt>
      <trkpt lat="41.399325" lon="-81.75279"><ele>223.6</ele><time>2026-09-05T14:26:29Z</time></trkpt>
      <trkpt lat="41.399327" lon="-81.752806"><ele>223.6</ele><time>2026-09-05T14:26:30Z</time></trkpt>
      <trkpt lat="41.39933" lon="-81.752819"><ele>222.799</ele><time>2026-09-05T14:26:31Z</time></trkpt>
      <trkpt lat="41.399335" lon="-81.752834"><ele>222.799</ele><time>2026-09-05T14:26:32Z</time></trkpt>
      <trkpt lat="41.399337" lon="-81.752848"><ele>222.799</ele><time>2026-09-05T14:26:33Z</time></trkpt>
      <trkpt lat="41.39934" lon="-81.752863"><ele>222.799</ele><time>2026-09-05T14:26:34Z</time></trkpt>
      <trkpt lat="41.399341" lon="-81.752876"><ele>222.799</ele><time>2026-09-05T14:26:35Z</time></trkpt>
      <trkpt lat="41.399341" lon="-81.752886"><ele>222.8</ele><time>2026-09-05T14:26:36Z</time></trkpt>
      <trkpt lat="41.399341" lon="-81.752894"><ele>222.8</ele><time>2026-09-05T14:26:37Z</time></trkpt>
      <trkpt lat="41.399343" lon="-81.752901"><ele>222.8</ele><time>2026-09-05T14:26:38Z</time></trkpt>
      <trkpt lat="41.399345" lon="-81.752908"><ele>222.8</ele><time>2026-09-05T14:26:39Z</time></trkpt>
      <trkpt lat="41.399346" lon="-81.752915"><ele>222.8</ele><time>2026-09-05T14:26:40Z</time></trkpt>
      <trkpt lat="41.399347" lon="-81.75292"><ele>222.8</ele><time>2026-09-05T14:26:41Z</time></trkpt>
      <trkpt lat="41.39935" lon="-81.752927"><ele>222.8</ele><time>2026-09-05T14:26:42Z</time></trkpt>
      <trkpt lat="41.399351" lon="-81.752933"><ele>222.8</ele><time>2026-09-05T14:26:43Z</time></trkpt>
      <trkpt lat="41.399353" lon="-81.752938"><ele>222.8</ele><time>2026-09-05T14:26:44Z</time></trkpt>
      <trkpt lat="41.399356" lon="-81.752945"><ele>222.8</ele><time>2026-09-05T14:26:45Z</time></trkpt>
      <trkpt lat="41.39936" lon="-81.752953"><ele>222.8</ele><time>2026-09-05T14:26:46Z</time></trkpt>
      <trkpt lat="41.399369" lon="-81.752963"><ele>222</ele><time>2026-09-05T14:26:47Z</time></trkpt>
      <trkpt lat="41.399377" lon="-81.752973"><ele>222</ele><time>2026-09-05T14:26:48Z</time></trkpt>
      <trkpt lat="41.399384" lon="-81.752981"><ele>222</ele><time>2026-09-05T14:26:49Z</time></trkpt>
      <trkpt lat="41.39939" lon="-81.752989"><ele>222</ele><time>2026-09-05T14:26:50Z</time></trkpt>
      <trkpt lat="41.399397" lon="-81.752998"><ele>222</ele><time>2026-09-05T14:26:51Z</time></trkpt>
      <trkpt lat="41.399402" lon="-81.753008"><ele>222</ele><time>2026-09-05T14:26:52Z</time></trkpt>
      <trkpt lat="41.399408" lon="-81.75302"><ele>222</ele><time>2026-09-05T14:26:53Z</time></trkpt>
      <trkpt lat="41.399414" lon="-81.753034"><ele>222.1</ele><time>2026-09-05T14:26:54Z</time></trkpt>
      <trkpt lat="41.399419" lon="-81.753045"><ele>222.1</ele><time>2026-09-05T14:26:55Z</time></trkpt>
      <trkpt lat="41.399424" lon="-81.753055"><ele>222.1</ele><time>2026-09-05T14:26:56Z</time></trkpt>
      <trkpt lat="41.399431" lon="-81.753065"><ele>222.1</ele><time>2026-09-05T14:26:57Z</time></trkpt>
      <trkpt lat="41.399438" lon="-81.753075"><ele>222.1</ele><time>2026-09-05T14:26:58Z</time></trkpt>
      <trkpt lat="41.399444" lon="-81.753087"><ele>222.1</ele><time>2026-09-05T14:26:59Z</time></trkpt>
      <trkpt lat="41.399451" lon="-81.753099"><ele>222.1</ele><time>2026-09-05T14:27:00Z</time></trkpt>
      <trkpt lat="41.399459" lon="-81.753107"><ele>222.1</ele><time>2026-09-05T14:27:01Z</time></trkpt>
      <trkpt lat="41.399469" lon="-81.753114"><ele>222</ele><time>2026-09-05T14:27:02Z</time></trkpt>
      <trkpt lat="41.399479" lon="-81.75312"><ele>222</ele><time>2026-09-05T14:27:03Z</time></trkpt>
      <trkpt lat="41.399488" lon="-81.753126"><ele>222</ele><time>2026-09-05T14:27:04Z</time></trkpt>
      <trkpt lat="41.399499" lon="-81.753134"><ele>222</ele><time>2026-09-05T14:27:05Z</time></trkpt>
      <trkpt lat="41.39951" lon="-81.753143"><ele>222</ele><time>2026-09-05T14:27:06Z</time></trkpt>
      <trkpt lat="41.399521" lon="-81.753151"><ele>222</ele><time>2026-09-05T14:27:07Z</time></trkpt>
      <trkpt lat="41.399531" lon="-81.753158"><ele>222</ele><time>2026-09-05T14:27:08Z</time></trkpt>
      <trkpt lat="41.39954" lon="-81.753162"><ele>222</ele><time>2026-09-05T14:27:09Z</time></trkpt>
      <trkpt lat="41.399551" lon="-81.753166"><ele>222.1</ele><time>2026-09-05T14:27:10Z</time></trkpt>
      <trkpt lat="41.399561" lon="-81.753171"><ele>222.1</ele><time>2026-09-05T14:27:11Z</time></trkpt>
      <trkpt lat="41.399569" lon="-81.753176"><ele>222.1</ele><time>2026-09-05T14:27:12Z</time></trkpt>
      <trkpt lat="41.399578" lon="-81.753183"><ele>222.1</ele><time>2026-09-05T14:27:13Z</time></trkpt>
      <trkpt lat="41.399586" lon="-81.75319"><ele>222.1</ele><time>2026-09-05T14:27:14Z</time></trkpt>
      <trkpt lat="41.399592" lon="-81.753194"><ele>222.1</ele><time>2026-09-05T14:27:15Z</time></trkpt>
      <trkpt lat="41.3996" lon="-81.753198"><ele>222.1</ele><time>2026-09-05T14:27:16Z</time></trkpt>
      <trkpt lat="41.39961" lon="-81.753202"><ele>222.1</ele><time>2026-09-05T14:27:17Z</time></trkpt>
      <trkpt lat="41.399623" lon="-81.753204"><ele>222.1</ele><time>2026-09-05T14:27:18Z</time></trkpt>
      <trkpt lat="41.399633" lon="-81.753207"><ele>222.1</ele><time>2026-09-05T14:27:19Z</time></trkpt>
      <trkpt lat="41.399643" lon="-81.753211"><ele>222.1</ele><time>2026-09-05T14:27:20Z</time></trkpt>
      <trkpt lat="41.399654" lon="-81.753217"><ele>222.1</ele><time>2026-09-05T14:27:21Z</time></trkpt>
      <trkpt lat="41.399664" lon="-81.753225"><ele>222.1</ele><time>2026-09-05T14:27:22Z</time></trkpt>
      <trkpt lat="41.399673" lon="-81.753234"><ele>222.1</ele><time>2026-09-05T14:27:23Z</time></trkpt>
      <trkpt lat="41.399682" lon="-81.753243"><ele>222.1</ele><time>2026-09-05T14:27:24Z</time></trkpt>
      <trkpt lat="41.39969" lon="-81.753249"><ele>222</ele><time>2026-09-05T14:27:25Z</time></trkpt>
      <trkpt lat="41.399697" lon="-81.753254"><ele>222</ele><time>2026-09-05T14:27:26Z</time></trkpt>
      <trkpt lat="41.399706" lon="-81.753258"><ele>222</ele><time>2026-09-05T14:27:27Z</time></trkpt>
      <trkpt lat="41.399716" lon="-81.753262"><ele>222</ele><time>2026-09-05T14:27:28Z</time></trkpt>
      <trkpt lat="41.399727" lon="-81.753266"><ele>222</ele><time>2026-09-05T14:27:29Z</time></trkpt>
      <trkpt lat="41.399736" lon="-81.753266"><ele>222</ele><time>2026-09-05T14:27:30Z</time></trkpt>
      <trkpt lat="41.399746" lon="-81.753267"><ele>222</ele><time>2026-09-05T14:27:31Z</time></trkpt>
      <trkpt lat="41.399755" lon="-81.753266"><ele>222</ele><time>2026-09-05T14:27:32Z</time></trkpt>
      <trkpt lat="41.399765" lon="-81.753262"><ele>222</ele><time>2026-09-05T14:27:33Z</time></trkpt>
      <trkpt lat="41.399774" lon="-81.753261"><ele>222</ele><time>2026-09-05T14:27:34Z</time></trkpt>
      <trkpt lat="41.399785" lon="-81.753262"><ele>222</ele><time>2026-09-05T14:27:35Z</time></trkpt>
      <trkpt lat="41.399795" lon="-81.753265"><ele>222</ele><time>2026-09-05T14:27:36Z</time></trkpt>
      <trkpt lat="41.399805" lon="-81.753269"><ele>222</ele><time>2026-09-05T14:27:37Z</time></trkpt>
      <trkpt lat="41.399815" lon="-81.753273"><ele>222</ele><time>2026-09-05T14:27:38Z</time></trkpt>
      <trkpt lat="41.399825" lon="-81.753277"><ele>222</ele><time>2026-09-05T14:27:39Z</time></trkpt>
      <trkpt lat="41.399835" lon="-81.753279"><ele>222</ele><time>2026-09-05T14:27:40Z</time></trkpt>
      <trkpt lat="41.399844" lon="-81.75328"><ele>222</ele><time>2026-09-05T14:27:41Z</time></trkpt>
      <trkpt lat="41.399855" lon="-81.753284"><ele>222</ele><time>2026-09-05T14:27:42Z</time></trkpt>
      <trkpt lat="41.399864" lon="-81.753289"><ele>222</ele><time>2026-09-05T14:27:43Z</time></trkpt>
      <trkpt lat="41.399872" lon="-81.753294"><ele>222</ele><time>2026-09-05T14:27:44Z</time></trkpt>
      <trkpt lat="41.399874" lon="-81.753292"><ele>222</ele><time>2026-09-05T14:27:45Z</time></trkpt>
      <trkpt lat="41.399873" lon="-81.753288"><ele>222</ele><time>2026-09-05T14:27:46Z</time></trkpt>
      <trkpt lat="41.399872" lon="-81.753285"><ele>222</ele><time>2026-09-05T14:27:47Z</time></trkpt>
      <trkpt lat="41.39987" lon="-81.753285"><ele>221.7</ele><time>2026-09-05T14:27:48Z</time></trkpt>
      <trkpt lat="41.399869" lon="-81.753286"><ele>221.7</ele><time>2026-09-05T14:27:49Z</time></trkpt>
      <trkpt lat="41.399869" lon="-81.753287"><ele>221.7</ele><time>2026-09-05T14:27:50Z</time></trkpt>
      <trkpt lat="41.39987" lon="-81.75329"><ele>221.7</ele><time>2026-09-05T14:27:51Z</time></trkpt>
      <trkpt lat="41.399875" lon="-81.753294"><ele>221.7</ele><time>2026-09-05T14:27:52Z</time></trkpt>
      <trkpt lat="41.399885" lon="-81.753303"><ele>221.7</ele><time>2026-09-05T14:27:53Z</time></trkpt>
      <trkpt lat="41.399894" lon="-81.753311"><ele>221.7</ele><time>2026-09-05T14:27:54Z</time></trkpt>
      <trkpt lat="41.399901" lon="-81.753318"><ele>221.7</ele><time>2026-09-05T14:27:55Z</time></trkpt>
      <trkpt lat="41.39991" lon="-81.753328"><ele>221.2</ele><time>2026-09-05T14:27:56Z</time></trkpt>
      <trkpt lat="41.399918" lon="-81.753335"><ele>221.2</ele><time>2026-09-05T14:27:57Z</time></trkpt>
      <trkpt lat="41.399928" lon="-81.753341"><ele>221.2</ele><time>2026-09-05T14:27:58Z</time></trkpt>
      <trkpt lat="41.399937" lon="-81.753346"><ele>221.2</ele><time>2026-09-05T14:27:59Z</time></trkpt>
      <trkpt lat="41.399947" lon="-81.753351"><ele>221.2</ele><time>2026-09-05T14:28:00Z</time></trkpt>
      <trkpt lat="41.399957" lon="-81.753354"><ele>221.2</ele><time>2026-09-05T14:28:01Z</time></trkpt>
      <trkpt lat="41.399967" lon="-81.753355"><ele>221.2</ele><time>2026-09-05T14:28:02Z</time></trkpt>
      <trkpt lat="41.399973" lon="-81.753353"><ele>221.2</ele><time>2026-09-05T14:28:03Z</time></trkpt>
      <trkpt lat="41.399978" lon="-81.753352"><ele>221.2</ele><time>2026-09-05T14:28:04Z</time></trkpt>
      <trkpt lat="41.399985" lon="-81.753348"><ele>221.2</ele><time>2026-09-05T14:28:05Z</time></trkpt>
      <trkpt lat="41.399993" lon="-81.753344"><ele>221.2</ele><time>2026-09-05T14:28:06Z</time></trkpt>
      <trkpt lat="41.400001" lon="-81.753342"><ele>221.2</ele><time>2026-09-05T14:28:07Z</time></trkpt>
      <trkpt lat="41.400009" lon="-81.75334"><ele>221.2</ele><time>2026-09-05T14:28:08Z</time></trkpt>
      <trkpt lat="41.400017" lon="-81.753339"><ele>221.2</ele><time>2026-09-05T14:28:09Z</time></trkpt>
      <trkpt lat="41.400025" lon="-81.753339"><ele>221.2</ele><time>2026-09-05T14:28:10Z</time></trkpt>
      <trkpt lat="41.400031" lon="-81.753339"><ele>221.2</ele><time>2026-09-05T14:28:11Z</time></trkpt>
      <trkpt lat="41.400037" lon="-81.753337"><ele>221.2</ele><time>2026-09-05T14:28:12Z</time></trkpt>
      <trkpt lat="41.400045" lon="-81.753335"><ele>221.2</ele><time>2026-09-05T14:28:13Z</time></trkpt>
      <trkpt lat="41.400053" lon="-81.753332"><ele>221.2</ele><time>2026-09-05T14:28:14Z</time></trkpt>
      <trkpt lat="41.400061" lon="-81.753329"><ele>221.2</ele><time>2026-09-05T14:28:15Z</time></trkpt>
      <trkpt lat="41.400069" lon="-81.753327"><ele>221.2</ele><time>2026-09-05T14:28:16Z</time></trkpt>
      <trkpt lat="41.400078" lon="-81.753323"><ele>221.2</ele><time>2026-09-05T14:28:17Z</time></trkpt>
      <trkpt lat="41.400088" lon="-81.753319"><ele>221.2</ele><time>2026-09-05T14:28:18Z</time></trkpt>
      <trkpt lat="41.400097" lon="-81.753315"><ele>221.2</ele><time>2026-09-05T14:28:19Z</time></trkpt>
      <trkpt lat="41.400106" lon="-81.753313"><ele>221.2</ele><time>2026-09-05T14:28:20Z</time></trkpt>
      <trkpt lat="41.400119" lon="-81.753314"><ele>221.2</ele><time>2026-09-05T14:28:21Z</time></trkpt>
      <trkpt lat="41.40013" lon="-81.753313"><ele>221.2</ele><time>2026-09-05T14:28:22Z</time></trkpt>
      <trkpt lat="41.400141" lon="-81.753313"><ele>221.2</ele><time>2026-09-05T14:28:23Z</time></trkpt>
      <trkpt lat="41.400154" lon="-81.753312"><ele>221.2</ele><time>2026-09-05T14:28:24Z</time></trkpt>
      <trkpt lat="41.400166" lon="-81.75331"><ele>221.2</ele><time>2026-09-05T14:28:25Z</time></trkpt>
      <trkpt lat="41.400177" lon="-81.753309"><ele>221.2</ele><time>2026-09-05T14:28:26Z</time></trkpt>
      <trkpt lat="41.400186" lon="-81.753307"><ele>221</ele><time>2026-09-05T14:28:27Z</time></trkpt>
      <trkpt lat="41.400195" lon="-81.753306"><ele>221</ele><time>2026-09-05T14:28:28Z</time></trkpt>
      <trkpt lat="41.400207" lon="-81.753307"><ele>221</ele><time>2026-09-05T14:28:29Z</time></trkpt>
      <trkpt lat="41.400219" lon="-81.753308"><ele>221</ele><time>2026-09-05T14:28:30Z</time></trkpt>
      <trkpt lat="41.400229" lon="-81.75331"><ele>221</ele><time>2026-09-05T14:28:31Z</time></trkpt>
      <trkpt lat="41.400239" lon="-81.753312"><ele>221</ele><time>2026-09-05T14:28:32Z</time></trkpt>
      <trkpt lat="41.400248" lon="-81.753313"><ele>221</ele><time>2026-09-05T14:28:33Z</time></trkpt>
      <trkpt lat="41.400255" lon="-81.753313"><ele>221</ele><time>2026-09-05T14:28:34Z</time></trkpt>
      <trkpt lat="41.400261" lon="-81.753314"><ele>221</ele><time>2026-09-05T14:28:35Z</time></trkpt>
      <trkpt lat="41.400267" lon="-81.753314"><ele>221</ele><time>2026-09-05T14:28:36Z</time></trkpt>
      <trkpt lat="41.400276" lon="-81.753312"><ele>221</ele><time>2026-09-05T14:28:37Z</time></trkpt>
      <trkpt lat="41.400285" lon="-81.753311"><ele>221</ele><time>2026-09-05T14:28:38Z</time></trkpt>
      <trkpt lat="41.400296" lon="-81.753311"><ele>221</ele><time>2026-09-05T14:28:39Z</time></trkpt>
      <trkpt lat="41.400307" lon="-81.753311"><ele>221</ele><time>2026-09-05T14:28:40Z</time></trkpt>
      <trkpt lat="41.400318" lon="-81.753309"><ele>221</ele><time>2026-09-05T14:28:41Z</time></trkpt>
      <trkpt lat="41.400326" lon="-81.753308"><ele>221.1</ele><time>2026-09-05T14:28:42Z</time></trkpt>
      <trkpt lat="41.400334" lon="-81.753307"><ele>221.1</ele><time>2026-09-05T14:28:43Z</time></trkpt>
      <trkpt lat="41.400345" lon="-81.753307"><ele>221.1</ele><time>2026-09-05T14:28:44Z</time></trkpt>
      <trkpt lat="41.400355" lon="-81.753307"><ele>221.1</ele><time>2026-09-05T14:28:45Z</time></trkpt>
      <trkpt lat="41.400365" lon="-81.753307"><ele>221.1</ele><time>2026-09-05T14:28:46Z</time></trkpt>
      <trkpt lat="41.400376" lon="-81.753307"><ele>221.1</ele><time>2026-09-05T14:28:47Z</time></trkpt>
      <trkpt lat="41.400387" lon="-81.753307"><ele>221.1</ele><time>2026-09-05T14:28:48Z</time></trkpt>
      <trkpt lat="41.400396" lon="-81.753307"><ele>221.1</ele><time>2026-09-05T14:28:49Z</time></trkpt>
      <trkpt lat="41.400404" lon="-81.753307"><ele>221</ele><time>2026-09-05T14:28:50Z</time></trkpt>
      <trkpt lat="41.400414" lon="-81.753309"><ele>221</ele><time>2026-09-05T14:28:51Z</time></trkpt>
      <trkpt lat="41.400422" lon="-81.75331"><ele>221</ele><time>2026-09-05T14:28:52Z</time></trkpt>
      <trkpt lat="41.400432" lon="-81.753313"><ele>221</ele><time>2026-09-05T14:28:53Z</time></trkpt>
      <trkpt lat="41.400444" lon="-81.753316"><ele>221</ele><time>2026-09-05T14:28:54Z</time></trkpt>
      <trkpt lat="41.400455" lon="-81.75332"><ele>221</ele><time>2026-09-05T14:28:55Z</time></trkpt>
      <trkpt lat="41.400467" lon="-81.753323"><ele>221</ele><time>2026-09-05T14:28:56Z</time></trkpt>
      <trkpt lat="41.400478" lon="-81.753327"><ele>221</ele><time>2026-09-05T14:28:57Z</time></trkpt>
      <trkpt lat="41.400488" lon="-81.753328"><ele>221</ele><time>2026-09-05T14:28:58Z</time></trkpt>
      <trkpt lat="41.400504" lon="-81.753329"><ele>221</ele><time>2026-09-05T14:28:59Z</time></trkpt>
      <trkpt lat="41.400517" lon="-81.753329"><ele>221</ele><time>2026-09-05T14:29:00Z</time></trkpt>
      <trkpt lat="41.400527" lon="-81.753328"><ele>221</ele><time>2026-09-05T14:29:01Z</time></trkpt>
      <trkpt lat="41.400534" lon="-81.753323"><ele>221</ele><time>2026-09-05T14:29:02Z</time></trkpt>
      <trkpt lat="41.400539" lon="-81.753319"><ele>220.7</ele><time>2026-09-05T14:29:03Z</time></trkpt>
      <trkpt lat="41.400546" lon="-81.753318"><ele>220.7</ele><time>2026-09-05T14:29:04Z</time></trkpt>
      <trkpt lat="41.400554" lon="-81.75332"><ele>220.7</ele><time>2026-09-05T14:29:05Z</time></trkpt>
      <trkpt lat="41.400564" lon="-81.753325"><ele>220.7</ele><time>2026-09-05T14:29:06Z</time></trkpt>
      <trkpt lat="41.400573" lon="-81.753331"><ele>220.7</ele><time>2026-09-05T14:29:07Z</time></trkpt>
      <trkpt lat="41.400583" lon="-81.753337"><ele>220.7</ele><time>2026-09-05T14:29:08Z</time></trkpt>
      <trkpt lat="41.400594" lon="-81.753344"><ele>220.7</ele><time>2026-09-05T14:29:09Z</time></trkpt>
      <trkpt lat="41.400604" lon="-81.75335"><ele>220.7</ele><time>2026-09-05T14:29:10Z</time></trkpt>
      <trkpt lat="41.400612" lon="-81.753353"><ele>220.7</ele><time>2026-09-05T14:29:11Z</time></trkpt>
      <trkpt lat="41.40062" lon="-81.753356"><ele>220.7</ele><time>2026-09-05T14:29:12Z</time></trkpt>
      <trkpt lat="41.400629" lon="-81.753359"><ele>220.7</ele><time>2026-09-05T14:29:13Z</time></trkpt>
      <trkpt lat="41.40064" lon="-81.753362"><ele>220.7</ele><time>2026-09-05T14:29:14Z</time></trkpt>
      <trkpt lat="41.40065" lon="-81.753363"><ele>220.7</ele><time>2026-09-05T14:29:15Z</time></trkpt>
      <trkpt lat="41.400664" lon="-81.75336"><ele>220.7</ele><time>2026-09-05T14:29:16Z</time></trkpt>
      <trkpt lat="41.400672" lon="-81.753361"><ele>220.7</ele><time>2026-09-05T14:29:17Z</time></trkpt>
      <trkpt lat="41.40068" lon="-81.753362"><ele>220.7</ele><time>2026-09-05T14:29:18Z</time></trkpt>
      <trkpt lat="41.400687" lon="-81.753362"><ele>220.7</ele><time>2026-09-05T14:29:19Z</time></trkpt>
      <trkpt lat="41.400696" lon="-81.753363"><ele>220.7</ele><time>2026-09-05T14:29:20Z</time></trkpt>
      <trkpt lat="41.400705" lon="-81.753364"><ele>220.7</ele><time>2026-09-05T14:29:21Z</time></trkpt>
      <trkpt lat="41.400714" lon="-81.753362"><ele>220.7</ele><time>2026-09-05T14:29:22Z</time></trkpt>
      <trkpt lat="41.400721" lon="-81.753357"><ele>220.5</ele><time>2026-09-05T14:29:23Z</time></trkpt>
      <trkpt lat="41.40073" lon="-81.753351"><ele>220.5</ele><time>2026-09-05T14:29:24Z</time></trkpt>
      <trkpt lat="41.400739" lon="-81.753346"><ele>220.5</ele><time>2026-09-05T14:29:25Z</time></trkpt>
      <trkpt lat="41.400748" lon="-81.753339"><ele>220.5</ele><time>2026-09-05T14:29:26Z</time></trkpt>
      <trkpt lat="41.400756" lon="-81.753332"><ele>220.5</ele><time>2026-09-05T14:29:27Z</time></trkpt>
      <trkpt lat="41.400764" lon="-81.753323"><ele>220.5</ele><time>2026-09-05T14:29:28Z</time></trkpt>
      <trkpt lat="41.400771" lon="-81.753318"><ele>220.5</ele><time>2026-09-05T14:29:29Z</time></trkpt>
      <trkpt lat="41.400778" lon="-81.753315"><ele>220.5</ele><time>2026-09-05T14:29:30Z</time></trkpt>
      <trkpt lat="41.400788" lon="-81.753313"><ele>220.5</ele><time>2026-09-05T14:29:31Z</time></trkpt>
      <trkpt lat="41.400798" lon="-81.753312"><ele>220.5</ele><time>2026-09-05T14:29:32Z</time></trkpt>
      <trkpt lat="41.400808" lon="-81.75331"><ele>220.5</ele><time>2026-09-05T14:29:33Z</time></trkpt>
      <trkpt lat="41.400816" lon="-81.753307"><ele>220.5</ele><time>2026-09-05T14:29:34Z</time></trkpt>
      <trkpt lat="41.400822" lon="-81.753304"><ele>220.5</ele><time>2026-09-05T14:29:35Z</time></trkpt>
      <trkpt lat="41.40083" lon="-81.7533"><ele>220.7</ele><time>2026-09-05T14:29:36Z</time></trkpt>
      <trkpt lat="41.400835" lon="-81.7533"><ele>220.7</ele><time>2026-09-05T14:29:37Z</time></trkpt>
      <trkpt lat="41.40084" lon="-81.753304"><ele>220.7</ele><time>2026-09-05T14:29:38Z</time></trkpt>
      <trkpt lat="41.400846" lon="-81.753313"><ele>220.7</ele><time>2026-09-05T14:29:39Z</time></trkpt>
      <trkpt lat="41.400853" lon="-81.75332"><ele>220.7</ele><time>2026-09-05T14:29:40Z</time></trkpt>
      <trkpt lat="41.40086" lon="-81.753327"><ele>220.7</ele><time>2026-09-05T14:29:41Z</time></trkpt>
      <trkpt lat="41.400868" lon="-81.753334"><ele>220.7</ele><time>2026-09-05T14:29:42Z</time></trkpt>
      <trkpt lat="41.400879" lon="-81.75334"><ele>220.7</ele><time>2026-09-05T14:29:43Z</time></trkpt>
      <trkpt lat="41.40089" lon="-81.753344"><ele>221.1</ele><time>2026-09-05T14:29:44Z</time></trkpt>
      <trkpt lat="41.400902" lon="-81.753347"><ele>218.9</ele><time>2026-09-05T14:29:45Z</time></trkpt>
      <trkpt lat="41.400912" lon="-81.753351"><ele>218.9</ele><time>2026-09-05T14:29:46Z</time></trkpt>
      <trkpt lat="41.400924" lon="-81.753353"><ele>220.7</ele><time>2026-09-05T14:29:47Z</time></trkpt>
      <trkpt lat="41.400937" lon="-81.753354"><ele>221.1</ele><time>2026-09-05T14:29:48Z</time></trkpt>
      <trkpt lat="41.400949" lon="-81.753354"><ele>221.1</ele><time>2026-09-05T14:29:49Z</time></trkpt>
      <trkpt lat="41.400961" lon="-81.753352"><ele>221.1</ele><time>2026-09-05T14:29:50Z</time></trkpt>
      <trkpt lat="41.400971" lon="-81.753351"><ele>221.1</ele><time>2026-09-05T14:29:51Z</time></trkpt>
      <trkpt lat="41.400982" lon="-81.753348"><ele>220.7</ele><time>2026-09-05T14:29:52Z</time></trkpt>
      <trkpt lat="41.400996" lon="-81.753346"><ele>220.7</ele><time>2026-09-05T14:29:53Z</time></trkpt>
      <trkpt lat="41.401008" lon="-81.753345"><ele>220.7</ele><time>2026-09-05T14:29:54Z</time></trkpt>
      <trkpt lat="41.401019" lon="-81.753343"><ele>220.7</ele><time>2026-09-05T14:29:55Z</time></trkpt>
      <trkpt lat="41.401032" lon="-81.753341"><ele>220.7</ele><time>2026-09-05T14:29:56Z</time></trkpt>
      <trkpt lat="41.401045" lon="-81.753337"><ele>220.7</ele><time>2026-09-05T14:29:57Z</time></trkpt>
      <trkpt lat="41.401057" lon="-81.753332"><ele>220.7</ele><time>2026-09-05T14:29:58Z</time></trkpt>
      <trkpt lat="41.401069" lon="-81.753325"><ele>220.7</ele><time>2026-09-05T14:29:59Z</time></trkpt>
      <trkpt lat="41.401079" lon="-81.753318"><ele>220.7</ele><time>2026-09-05T14:30:00Z</time></trkpt>
      <trkpt lat="41.401089" lon="-81.753315"><ele>220.7</ele><time>2026-09-05T14:30:01Z</time></trkpt>
      <trkpt lat="41.4011" lon="-81.753315"><ele>220.7</ele><time>2026-09-05T14:30:02Z</time></trkpt>
      <trkpt lat="41.401111" lon="-81.753318"><ele>220.7</ele><time>2026-09-05T14:30:03Z</time></trkpt>
      <trkpt lat="41.401122" lon="-81.753323"><ele>220.7</ele><time>2026-09-05T14:30:04Z</time></trkpt>
      <trkpt lat="41.401131" lon="-81.753331"><ele>220.7</ele><time>2026-09-05T14:30:05Z</time></trkpt>
      <trkpt lat="41.401139" lon="-81.75334"><ele>220.7</ele><time>2026-09-05T14:30:06Z</time></trkpt>
      <trkpt lat="41.401147" lon="-81.753353"><ele>221</ele><time>2026-09-05T14:30:07Z</time></trkpt>
      <trkpt lat="41.401153" lon="-81.753368"><ele>221</ele><time>2026-09-05T14:30:08Z</time></trkpt>
      <trkpt lat="41.401157" lon="-81.753385"><ele>221</ele><time>2026-09-05T14:30:09Z</time></trkpt>
      <trkpt lat="41.401159" lon="-81.753405"><ele>221</ele><time>2026-09-05T14:30:10Z</time></trkpt>
      <trkpt lat="41.401158" lon="-81.753425"><ele>221</ele><time>2026-09-05T14:30:11Z</time></trkpt>
      <trkpt lat="41.401156" lon="-81.753444"><ele>221</ele><time>2026-09-05T14:30:12Z</time></trkpt>
      <trkpt lat="41.401153" lon="-81.753459"><ele>221</ele><time>2026-09-05T14:30:13Z</time></trkpt>
      <trkpt lat="41.401149" lon="-81.753469"><ele>221</ele><time>2026-09-05T14:30:14Z</time></trkpt>
      <trkpt lat="41.401144" lon="-81.753489"><ele>219.6</ele><time>2026-09-05T14:30:15Z</time></trkpt>
      <trkpt lat="41.40114" lon="-81.753509"><ele>219.6</ele><time>2026-09-05T14:30:16Z</time></trkpt>
      <trkpt lat="41.401137" lon="-81.753526"><ele>219.6</ele><time>2026-09-05T14:30:17Z</time></trkpt>
      <trkpt lat="41.401134" lon="-81.75354"><ele>219.6</ele><time>2026-09-05T14:30:18Z</time></trkpt>
      <trkpt lat="41.401129" lon="-81.753556"><ele>219.6</ele><time>2026-09-05T14:30:19Z</time></trkpt>
      <trkpt lat="41.401126" lon="-81.753567"><ele>219.6</ele><time>2026-09-05T14:30:20Z</time></trkpt>
      <trkpt lat="41.401122" lon="-81.753579"><ele>219.6</ele><time>2026-09-05T14:30:21Z</time></trkpt>
      <trkpt lat="41.40112" lon="-81.75359"><ele>219.6</ele><time>2026-09-05T14:30:22Z</time></trkpt>
      <trkpt lat="41.401118" lon="-81.753603"><ele>219.6</ele><time>2026-09-05T14:30:23Z</time></trkpt>
      <trkpt lat="41.401116" lon="-81.753618"><ele>219.6</ele><time>2026-09-05T14:30:24Z</time></trkpt>
      <trkpt lat="41.401114" lon="-81.75363"><ele>219.6</ele><time>2026-09-05T14:30:25Z</time></trkpt>
      <trkpt lat="41.401112" lon="-81.753644"><ele>219.6</ele><time>2026-09-05T14:30:26Z</time></trkpt>
      <trkpt lat="41.401112" lon="-81.75366"><ele>219.6</ele><time>2026-09-05T14:30:27Z</time></trkpt>
      <trkpt lat="41.401112" lon="-81.753674"><ele>219.6</ele><time>2026-09-05T14:30:28Z</time></trkpt>
      <trkpt lat="41.401111" lon="-81.753687"><ele>219.6</ele><time>2026-09-05T14:30:29Z</time></trkpt>
      <trkpt lat="41.40111" lon="-81.753698"><ele>219.6</ele><time>2026-09-05T14:30:30Z</time></trkpt>
      <trkpt lat="41.401107" lon="-81.753712"><ele>219.6</ele><time>2026-09-05T14:30:31Z</time></trkpt>
      <trkpt lat="41.401107" lon="-81.753726"><ele>219.6</ele><time>2026-09-05T14:30:32Z</time></trkpt>
      <trkpt lat="41.401107" lon="-81.753739"><ele>219.6</ele><time>2026-09-05T14:30:33Z</time></trkpt>
      <trkpt lat="41.401107" lon="-81.753753"><ele>219.6</ele><time>2026-09-05T14:30:34Z</time></trkpt>
      <trkpt lat="41.401106" lon="-81.753764"><ele>219.6</ele><time>2026-09-05T14:30:35Z</time></trkpt>
      <trkpt lat="41.401105" lon="-81.753779"><ele>219.6</ele><time>2026-09-05T14:30:36Z</time></trkpt>
      <trkpt lat="41.401103" lon="-81.753794"><ele>219.6</ele><time>2026-09-05T14:30:37Z</time></trkpt>
      <trkpt lat="41.4011" lon="-81.753809"><ele>217.3</ele><time>2026-09-05T14:30:38Z</time></trkpt>
      <trkpt lat="41.401097" lon="-81.753828"><ele>220.7</ele><time>2026-09-05T14:30:39Z</time></trkpt>
      <trkpt lat="41.401097" lon="-81.753846"><ele>217.3</ele><time>2026-09-05T14:30:40Z</time></trkpt>
      <trkpt lat="41.401097" lon="-81.753861"><ele>217.3</ele><time>2026-09-05T14:30:41Z</time></trkpt>
      <trkpt lat="41.401097" lon="-81.753876"><ele>217.3</ele><time>2026-09-05T14:30:42Z</time></trkpt>
      <trkpt lat="41.401096" lon="-81.753888"><ele>217.3</ele><time>2026-09-05T14:30:43Z</time></trkpt>
      <trkpt lat="41.401095" lon="-81.753904"><ele>217.3</ele><time>2026-09-05T14:30:44Z</time></trkpt>
      <trkpt lat="41.401094" lon="-81.753916"><ele>217.3</ele><time>2026-09-05T14:30:45Z</time></trkpt>
      <trkpt lat="41.401093" lon="-81.753931"><ele>217.5</ele><time>2026-09-05T14:30:46Z</time></trkpt>
      <trkpt lat="41.401093" lon="-81.753943"><ele>217.5</ele><time>2026-09-05T14:30:47Z</time></trkpt>
      <trkpt lat="41.401093" lon="-81.753958"><ele>217.5</ele><time>2026-09-05T14:30:48Z</time></trkpt>
      <trkpt lat="41.401092" lon="-81.753975"><ele>217.5</ele><time>2026-09-05T14:30:49Z</time></trkpt>
      <trkpt lat="41.401092" lon="-81.753994"><ele>217.5</ele><time>2026-09-05T14:30:50Z</time></trkpt>
      <trkpt lat="41.401094" lon="-81.754008"><ele>217.5</ele><time>2026-09-05T14:30:51Z</time></trkpt>
      <trkpt lat="41.401096" lon="-81.75402"><ele>217.5</ele><time>2026-09-05T14:30:52Z</time></trkpt>
      <trkpt lat="41.4011" lon="-81.754031"><ele>217.5</ele><time>2026-09-05T14:30:53Z</time></trkpt>
      <trkpt lat="41.401103" lon="-81.754038"><ele>217.3</ele><time>2026-09-05T14:30:54Z</time></trkpt>
      <trkpt lat="41.401106" lon="-81.754041"><ele>217.3</ele><time>2026-09-05T14:30:55Z</time></trkpt>
      <trkpt lat="41.401106" lon="-81.754039"><ele>217.3</ele><time>2026-09-05T14:30:56Z</time></trkpt>
      <trkpt lat="41.401107" lon="-81.754034"><ele>217.3</ele><time>2026-09-05T14:30:57Z</time></trkpt>
      <trkpt lat="41.401107" lon="-81.754032"><ele>217.3</ele><time>2026-09-05T14:30:58Z</time></trkpt>
      <trkpt lat="41.401108" lon="-81.754031"><ele>217.3</ele><time>2026-09-05T14:30:59Z</time></trkpt>
      <trkpt lat="41.40111" lon="-81.754036"><ele>217.3</ele><time>2026-09-05T14:31:00Z</time></trkpt>
      <trkpt lat="41.401115" lon="-81.754046"><ele>217.3</ele><time>2026-09-05T14:31:01Z</time></trkpt>
      <trkpt lat="41.401122" lon="-81.75406"><ele>216</ele><time>2026-09-05T14:31:02Z</time></trkpt>
      <trkpt lat="41.401133" lon="-81.754078"><ele>215.9</ele><time>2026-09-05T14:31:03Z</time></trkpt>
      <trkpt lat="41.401146" lon="-81.754094"><ele>216</ele><time>2026-09-05T14:31:04Z</time></trkpt>
      <trkpt lat="41.401158" lon="-81.754104"><ele>215.8</ele><time>2026-09-05T14:31:05Z</time></trkpt>
      <trkpt lat="41.401167" lon="-81.754109"><ele>215.8</ele><time>2026-09-05T14:31:06Z</time></trkpt>
      <trkpt lat="41.401176" lon="-81.754111"><ele>217.3</ele><time>2026-09-05T14:31:07Z</time></trkpt>
      <trkpt lat="41.401183" lon="-81.754112"><ele>217.3</ele><time>2026-09-05T14:31:08Z</time></trkpt>
      <trkpt lat="41.401189" lon="-81.754114"><ele>217.3</ele><time>2026-09-05T14:31:09Z</time></trkpt>
      <trkpt lat="41.401197" lon="-81.754115"><ele>217.3</ele><time>2026-09-05T14:31:10Z</time></trkpt>
      <trkpt lat="41.401205" lon="-81.754118"><ele>217.3</ele><time>2026-09-05T14:31:11Z</time></trkpt>
      <trkpt lat="41.401217" lon="-81.754122"><ele>217.3</ele><time>2026-09-05T14:31:12Z</time></trkpt>
      <trkpt lat="41.401229" lon="-81.75413"><ele>217.3</ele><time>2026-09-05T14:31:13Z</time></trkpt>
      <trkpt lat="41.401241" lon="-81.754141"><ele>218.8</ele><time>2026-09-05T14:31:14Z</time></trkpt>
      <trkpt lat="41.401252" lon="-81.754154"><ele>218.8</ele><time>2026-09-05T14:31:15Z</time></trkpt>
      <trkpt lat="41.401261" lon="-81.75417"><ele>218.8</ele><time>2026-09-05T14:31:16Z</time></trkpt>
      <trkpt lat="41.401267" lon="-81.754187"><ele>217.5</ele><time>2026-09-05T14:31:17Z</time></trkpt>
      <trkpt lat="41.401273" lon="-81.754209"><ele>217.5</ele><time>2026-09-05T14:31:18Z</time></trkpt>
      <trkpt lat="41.401277" lon="-81.754229"><ele>217.5</ele><time>2026-09-05T14:31:19Z</time></trkpt>
      <trkpt lat="41.40128" lon="-81.754247"><ele>217.5</ele><time>2026-09-05T14:31:20Z</time></trkpt>
      <trkpt lat="41.401284" lon="-81.754263"><ele>217.5</ele><time>2026-09-05T14:31:21Z</time></trkpt>
      <trkpt lat="41.401287" lon="-81.754281"><ele>217.5</ele><time>2026-09-05T14:31:22Z</time></trkpt>
      <trkpt lat="41.401291" lon="-81.754297"><ele>217.5</ele><time>2026-09-05T14:31:23Z</time></trkpt>
      <trkpt lat="41.401295" lon="-81.754313"><ele>217.3</ele><time>2026-09-05T14:31:24Z</time></trkpt>
      <trkpt lat="41.401297" lon="-81.754327"><ele>217.2</ele><time>2026-09-05T14:31:25Z</time></trkpt>
      <trkpt lat="41.4013" lon="-81.754341"><ele>217.2</ele><time>2026-09-05T14:31:26Z</time></trkpt>
      <trkpt lat="41.401304" lon="-81.754357"><ele>217.2</ele><time>2026-09-05T14:31:27Z</time></trkpt>
      <trkpt lat="41.401308" lon="-81.754373"><ele>217.2</ele><time>2026-09-05T14:31:28Z</time></trkpt>
      <trkpt lat="41.401311" lon="-81.754389"><ele>217.2</ele><time>2026-09-05T14:31:29Z</time></trkpt>
      <trkpt lat="41.401313" lon="-81.754405"><ele>217.2</ele><time>2026-09-05T14:31:30Z</time></trkpt>
      <trkpt lat="41.401316" lon="-81.754423"><ele>217.2</ele><time>2026-09-05T14:31:31Z</time></trkpt>
      <trkpt lat="41.401318" lon="-81.754438"><ele>217.2</ele><time>2026-09-05T14:31:32Z</time></trkpt>
      <trkpt lat="41.401318" lon="-81.754454"><ele>217.2</ele><time>2026-09-05T14:31:33Z</time></trkpt>
      <trkpt lat="41.401319" lon="-81.754468"><ele>217.2</ele><time>2026-09-05T14:31:34Z</time></trkpt>
      <trkpt lat="41.40132" lon="-81.754482"><ele>217.2</ele><time>2026-09-05T14:31:35Z</time></trkpt>
      <trkpt lat="41.401322" lon="-81.754498"><ele>217.2</ele><time>2026-09-05T14:31:36Z</time></trkpt>
      <trkpt lat="41.401325" lon="-81.754513"><ele>217.2</ele><time>2026-09-05T14:31:37Z</time></trkpt>
      <trkpt lat="41.401329" lon="-81.754526"><ele>217.2</ele><time>2026-09-05T14:31:38Z</time></trkpt>
      <trkpt lat="41.401335" lon="-81.754538"><ele>217.2</ele><time>2026-09-05T14:31:39Z</time></trkpt>
      <trkpt lat="41.401341" lon="-81.754551"><ele>217.2</ele><time>2026-09-05T14:31:40Z</time></trkpt>
      <trkpt lat="41.401349" lon="-81.754562"><ele>217.2</ele><time>2026-09-05T14:31:41Z</time></trkpt>
      <trkpt lat="41.401356" lon="-81.754573"><ele>217.2</ele><time>2026-09-05T14:31:42Z</time></trkpt>
      <trkpt lat="41.401364" lon="-81.754582"><ele>217.2</ele><time>2026-09-05T14:31:43Z</time></trkpt>
      <trkpt lat="41.401372" lon="-81.754591"><ele>217.2</ele><time>2026-09-05T14:31:44Z</time></trkpt>
      <trkpt lat="41.401379" lon="-81.754599"><ele>217.2</ele><time>2026-09-05T14:31:45Z</time></trkpt>
      <trkpt lat="41.401389" lon="-81.754607"><ele>217.2</ele><time>2026-09-05T14:31:46Z</time></trkpt>
      <trkpt lat="41.401399" lon="-81.754613"><ele>217.2</ele><time>2026-09-05T14:31:47Z</time></trkpt>
      <trkpt lat="41.401411" lon="-81.754619"><ele>217</ele><time>2026-09-05T14:31:48Z</time></trkpt>
      <trkpt lat="41.401423" lon="-81.754623"><ele>217</ele><time>2026-09-05T14:31:49Z</time></trkpt>
      <trkpt lat="41.401437" lon="-81.754625"><ele>217</ele><time>2026-09-05T14:31:50Z</time></trkpt>
      <trkpt lat="41.401452" lon="-81.754625"><ele>217</ele><time>2026-09-05T14:31:51Z</time></trkpt>
      <trkpt lat="41.401466" lon="-81.754623"><ele>217</ele><time>2026-09-05T14:31:52Z</time></trkpt>
      <trkpt lat="41.401479" lon="-81.75462"><ele>217</ele><time>2026-09-05T14:31:53Z</time></trkpt>
      <trkpt lat="41.401493" lon="-81.754616"><ele>217</ele><time>2026-09-05T14:31:54Z</time></trkpt>
      <trkpt lat="41.401502" lon="-81.754612"><ele>217</ele><time>2026-09-05T14:31:55Z</time></trkpt>
      <trkpt lat="41.40151" lon="-81.754607"><ele>217</ele><time>2026-09-05T14:31:56Z</time></trkpt>
      <trkpt lat="41.401517" lon="-81.754601"><ele>217</ele><time>2026-09-05T14:31:57Z</time></trkpt>
      <trkpt lat="41.401524" lon="-81.754595"><ele>217</ele><time>2026-09-05T14:31:58Z</time></trkpt>
      <trkpt lat="41.40153" lon="-81.75459"><ele>217</ele><time>2026-09-05T14:31:59Z</time></trkpt>
      <trkpt lat="41.401535" lon="-81.754587"><ele>217</ele><time>2026-09-05T14:32:00Z</time></trkpt>
      <trkpt lat="41.40154" lon="-81.754584"><ele>217</ele><time>2026-09-05T14:32:01Z</time></trkpt>
      <trkpt lat="41.401546" lon="-81.754583"><ele>217</ele><time>2026-09-05T14:32:02Z</time></trkpt>
      <trkpt lat="41.401554" lon="-81.754582"><ele>217</ele><time>2026-09-05T14:32:03Z</time></trkpt>
      <trkpt lat="41.401559" lon="-81.754582"><ele>216.2</ele><time>2026-09-05T14:32:04Z</time></trkpt>
      <trkpt lat="41.401568" lon="-81.754582"><ele>217.2</ele><time>2026-09-05T14:32:05Z</time></trkpt>
      <trkpt lat="41.401574" lon="-81.754583"><ele>216.2</ele><time>2026-09-05T14:32:06Z</time></trkpt>
      <trkpt lat="41.40158" lon="-81.754583"><ele>216.2</ele><time>2026-09-05T14:32:07Z</time></trkpt>
      <trkpt lat="41.401588" lon="-81.754582"><ele>216.2</ele><time>2026-09-05T14:32:08Z</time></trkpt>
      <trkpt lat="41.4016" lon="-81.754583"><ele>216.2</ele><time>2026-09-05T14:32:09Z</time></trkpt>
      <trkpt lat="41.40161" lon="-81.754585"><ele>216.2</ele><time>2026-09-05T14:32:10Z</time></trkpt>
      <trkpt lat="41.40162" lon="-81.754594"><ele>216.2</ele><time>2026-09-05T14:32:11Z</time></trkpt>
      <trkpt lat="41.40163" lon="-81.754604"><ele>216</ele><time>2026-09-05T14:32:12Z</time></trkpt>
      <trkpt lat="41.401638" lon="-81.75461"><ele>216</ele><time>2026-09-05T14:32:13Z</time></trkpt>
      <trkpt lat="41.401647" lon="-81.754614"><ele>216</ele><time>2026-09-05T14:32:14Z</time></trkpt>
      <trkpt lat="41.401654" lon="-81.754621"><ele>216</ele><time>2026-09-05T14:32:15Z</time></trkpt>
      <trkpt lat="41.401662" lon="-81.754634"><ele>216</ele><time>2026-09-05T14:32:16Z</time></trkpt>
      <trkpt lat="41.401669" lon="-81.75465"><ele>216</ele><time>2026-09-05T14:32:17Z</time></trkpt>
      <trkpt lat="41.401674" lon="-81.754661"><ele>216</ele><time>2026-09-05T14:32:18Z</time></trkpt>
      <trkpt lat="41.401681" lon="-81.754678"><ele>216</ele><time>2026-09-05T14:32:19Z</time></trkpt>
      <trkpt lat="41.401686" lon="-81.754691"><ele>214.5</ele><time>2026-09-05T14:32:20Z</time></trkpt>
      <trkpt lat="41.401693" lon="-81.754709"><ele>213.7</ele><time>2026-09-05T14:32:21Z</time></trkpt>
      <trkpt lat="41.401701" lon="-81.754729"><ele>213.5</ele><time>2026-09-05T14:32:22Z</time></trkpt>
      <trkpt lat="41.401708" lon="-81.754748"><ele>213.1</ele><time>2026-09-05T14:32:23Z</time></trkpt>
      <trkpt lat="41.401712" lon="-81.754765"><ele>212.799</ele><time>2026-09-05T14:32:24Z</time></trkpt>
      <trkpt lat="41.401718" lon="-81.754781"><ele>212.499</ele><time>2026-09-05T14:32:25Z</time></trkpt>
      <trkpt lat="41.40172" lon="-81.754797"><ele>212.3</ele><time>2026-09-05T14:32:26Z</time></trkpt>
      <trkpt lat="41.401718" lon="-81.754811"><ele>212.3</ele><time>2026-09-05T14:32:27Z</time></trkpt>
      <trkpt lat="41.401717" lon="-81.754823"><ele>212.1</ele><time>2026-09-05T14:32:28Z</time></trkpt>
      <trkpt lat="41.401716" lon="-81.75484"><ele>212.4</ele><time>2026-09-05T14:32:29Z</time></trkpt>
      <trkpt lat="41.401715" lon="-81.754854"><ele>212.4</ele><time>2026-09-05T14:32:30Z</time></trkpt>
      <trkpt lat="41.401708" lon="-81.754872"><ele>213</ele><time>2026-09-05T14:32:31Z</time></trkpt>
      <trkpt lat="41.401694" lon="-81.754888"><ele>214.3</ele><time>2026-09-05T14:32:32Z</time></trkpt>
      <trkpt lat="41.401684" lon="-81.754893"><ele>217.2</ele><time>2026-09-05T14:32:33Z</time></trkpt>
      <trkpt lat="41.401676" lon="-81.754892"><ele>217.2</ele><time>2026-09-05T14:32:34Z</time></trkpt>
      <trkpt lat="41.401671" lon="-81.754891"><ele>217.2</ele><time>2026-09-05T14:32:35Z</time></trkpt>
      <trkpt lat="41.401667" lon="-81.754894"><ele>216.2</ele><time>2026-09-05T14:32:36Z</time></trkpt>
      <trkpt lat="41.401667" lon="-81.754899"><ele>216.2</ele><time>2026-09-05T14:32:37Z</time></trkpt>
      <trkpt lat="41.40167" lon="-81.754902"><ele>216.2</ele><time>2026-09-05T14:32:38Z</time></trkpt>
      <trkpt lat="41.401673" lon="-81.754904"><ele>216.2</ele><time>2026-09-05T14:32:39Z</time></trkpt>
      <trkpt lat="41.401675" lon="-81.754905"><ele>216.2</ele><time>2026-09-05T14:32:40Z</time></trkpt>
      <trkpt lat="41.401677" lon="-81.754905"><ele>216</ele><time>2026-09-05T14:32:41Z</time></trkpt>
      <trkpt lat="41.401678" lon="-81.754905"><ele>216</ele><time>2026-09-05T14:32:42Z</time></trkpt>
      <trkpt lat="41.40168" lon="-81.754903"><ele>216</ele><time>2026-09-05T14:32:43Z</time></trkpt>
      <trkpt lat="41.401683" lon="-81.754902"><ele>216</ele><time>2026-09-05T14:32:44Z</time></trkpt>
      <trkpt lat="41.401685" lon="-81.7549"><ele>216</ele><time>2026-09-05T14:32:45Z</time></trkpt>
      <trkpt lat="41.401685" lon="-81.754899"><ele>216</ele><time>2026-09-05T14:32:46Z</time></trkpt>
      <trkpt lat="41.401686" lon="-81.754898"><ele>216</ele><time>2026-09-05T14:32:47Z</time></trkpt>
      <trkpt lat="41.401688" lon="-81.754896"><ele>216</ele><time>2026-09-05T14:32:48Z</time></trkpt>
      <trkpt lat="41.401689" lon="-81.754895"><ele>216</ele><time>2026-09-05T14:32:49Z</time></trkpt>
      <trkpt lat="41.401691" lon="-81.754895"><ele>216</ele><time>2026-09-05T14:32:50Z</time></trkpt>
      <trkpt lat="41.401693" lon="-81.754895"><ele>216.2</ele><time>2026-09-05T14:32:51Z</time></trkpt>
      <trkpt lat="41.401693" lon="-81.754893"><ele>216.2</ele><time>2026-09-05T14:32:52Z</time></trkpt>
      <trkpt lat="41.401693" lon="-81.754892"><ele>216.2</ele><time>2026-09-05T14:32:53Z</time></trkpt>
      <trkpt lat="41.401693" lon="-81.754892"><ele>216.2</ele><time>2026-09-05T14:32:54Z</time></trkpt>
      <trkpt lat="41.401692" lon="-81.754891"><ele>216.2</ele><time>2026-09-05T14:32:55Z</time></trkpt>
      <trkpt lat="41.401691" lon="-81.75489"><ele>216.2</ele><time>2026-09-05T14:32:56Z</time></trkpt>
      <trkpt lat="41.40169" lon="-81.754889"><ele>216.2</ele><time>2026-09-05T14:32:57Z</time></trkpt>
      <trkpt lat="41.401688" lon="-81.754888"><ele>216.2</ele><time>2026-09-05T14:32:58Z</time></trkpt>
      <trkpt lat="41.401687" lon="-81.754888"><ele>216</ele><time>2026-09-05T14:32:59Z</time></trkpt>
      <trkpt lat="41.401685" lon="-81.754887"><ele>216</ele><time>2026-09-05T14:33:00Z</time></trkpt>
      <trkpt lat="41.401682" lon="-81.754886"><ele>216</ele><time>2026-09-05T14:33:01Z</time></trkpt>
      <trkpt lat="41.40168" lon="-81.754884"><ele>216</ele><time>2026-09-05T14:33:02Z</time></trkpt>
      <trkpt lat="41.40168" lon="-81.754881"><ele>216</ele><time>2026-09-05T14:33:03Z</time></trkpt>
      <trkpt lat="41.401682" lon="-81.754874"><ele>216</ele><time>2026-09-05T14:33:04Z</time></trkpt>
      <trkpt lat="41.401687" lon="-81.754871"><ele>216</ele><time>2026-09-05T14:33:05Z</time></trkpt>
      <trkpt lat="41.401698" lon="-81.754859"><ele>216</ele><time>2026-09-05T14:33:06Z</time></trkpt>
      <trkpt lat="41.401708" lon="-81.754846"><ele>217.5</ele><time>2026-09-05T14:33:07Z</time></trkpt>
      <trkpt lat="41.401713" lon="-81.754834"><ele>217.5</ele><time>2026-09-05T14:33:08Z</time></trkpt>
      <trkpt lat="41.401717" lon="-81.754818"><ele>217.5</ele><time>2026-09-05T14:33:09Z</time></trkpt>
      <trkpt lat="41.401718" lon="-81.754808"><ele>217.5</ele><time>2026-09-05T14:33:10Z</time></trkpt>
      <trkpt lat="41.401721" lon="-81.754797"><ele>217.5</ele><time>2026-09-05T14:33:11Z</time></trkpt>
      <trkpt lat="41.401725" lon="-81.754789"><ele>217.5</ele><time>2026-09-05T14:33:12Z</time></trkpt>
      <trkpt lat="41.401733" lon="-81.754778"><ele>217.5</ele><time>2026-09-05T14:33:13Z</time></trkpt>
      <trkpt lat="41.401742" lon="-81.754766"><ele>217.5</ele><time>2026-09-05T14:33:14Z</time></trkpt>
      <trkpt lat="41.401748" lon="-81.754754"><ele>217.2</ele><time>2026-09-05T14:33:15Z</time></trkpt>
      <trkpt lat="41.401754" lon="-81.754739"><ele>216</ele><time>2026-09-05T14:33:16Z</time></trkpt>
      <trkpt lat="41.401759" lon="-81.754726"><ele>216</ele><time>2026-09-05T14:33:17Z</time></trkpt>
      <trkpt lat="41.401765" lon="-81.754714"><ele>214.3</ele><time>2026-09-05T14:33:18Z</time></trkpt>
      <trkpt lat="41.40177" lon="-81.754704"><ele>214.3</ele><time>2026-09-05T14:33:19Z</time></trkpt>
      <trkpt lat="41.401776" lon="-81.754693"><ele>213.3</ele><time>2026-09-05T14:33:20Z</time></trkpt>
      <trkpt lat="41.401783" lon="-81.754684"><ele>213.5</ele><time>2026-09-05T14:33:21Z</time></trkpt>
      <trkpt lat="41.401792" lon="-81.754677"><ele>213.3</ele><time>2026-09-05T14:33:22Z</time></trkpt>
      <trkpt lat="41.401803" lon="-81.754671"><ele>216.2</ele><time>2026-09-05T14:33:23Z</time></trkpt>
      <trkpt lat="41.401815" lon="-81.754668"><ele>216.2</ele><time>2026-09-05T14:33:24Z</time></trkpt>
      <trkpt lat="41.401824" lon="-81.754668"><ele>216.2</ele><time>2026-09-05T14:33:25Z</time></trkpt>
      <trkpt lat="41.401833" lon="-81.754668"><ele>216.2</ele><time>2026-09-05T14:33:26Z</time></trkpt>
      <trkpt lat="41.401844" lon="-81.754666"><ele>216.2</ele><time>2026-09-05T14:33:27Z</time></trkpt>
      <trkpt lat="41.401855" lon="-81.754665"><ele>216.2</ele><time>2026-09-05T14:33:28Z</time></trkpt>
      <trkpt lat="41.401868" lon="-81.754664"><ele>216.2</ele><time>2026-09-05T14:33:29Z</time></trkpt>
      <trkpt lat="41.40188" lon="-81.754665"><ele>217.299</ele><time>2026-09-05T14:33:30Z</time></trkpt>
      <trkpt lat="41.401893" lon="-81.754665"><ele>217.299</ele><time>2026-09-05T14:33:31Z</time></trkpt>
      <trkpt lat="41.401905" lon="-81.754666"><ele>217.299</ele><time>2026-09-05T14:33:32Z</time></trkpt>
      <trkpt lat="41.401916" lon="-81.754665"><ele>217.299</ele><time>2026-09-05T14:33:33Z</time></trkpt>
      <trkpt lat="41.401929" lon="-81.754664"><ele>217.299</ele><time>2026-09-05T14:33:34Z</time></trkpt>
      <trkpt lat="41.401944" lon="-81.754662"><ele>217.3</ele><time>2026-09-05T14:33:35Z</time></trkpt>
      <trkpt lat="41.401956" lon="-81.754656"><ele>217.5</ele><time>2026-09-05T14:33:36Z</time></trkpt>
      <trkpt lat="41.401961" lon="-81.754647"><ele>217.5</ele><time>2026-09-05T14:33:37Z</time></trkpt>
      <trkpt lat="41.401969" lon="-81.754642"><ele>217.3</ele><time>2026-09-05T14:33:38Z</time></trkpt>
      <trkpt lat="41.401985" lon="-81.754649"><ele>217.3</ele><time>2026-09-05T14:33:39Z</time></trkpt>
      <trkpt lat="41.402005" lon="-81.754662"><ele>217.3</ele><time>2026-09-05T14:33:40Z</time></trkpt>
      <trkpt lat="41.402025" lon="-81.754674"><ele>217.3</ele><time>2026-09-05T14:33:41Z</time></trkpt>
      <trkpt lat="41.402043" lon="-81.754686"><ele>217.3</ele><time>2026-09-05T14:33:42Z</time></trkpt>
      <trkpt lat="41.402062" lon="-81.754695"><ele>217.3</ele><time>2026-09-05T14:33:43Z</time></trkpt>
      <trkpt lat="41.402072" lon="-81.7547"><ele>217.3</ele><time>2026-09-05T14:33:44Z</time></trkpt>
      <trkpt lat="41.402089" lon="-81.754705"><ele>217.2</ele><time>2026-09-05T14:33:45Z</time></trkpt>
      <trkpt lat="41.402103" lon="-81.754708"><ele>216</ele><time>2026-09-05T14:33:46Z</time></trkpt>
      <trkpt lat="41.402115" lon="-81.75471"><ele>216</ele><time>2026-09-05T14:33:47Z</time></trkpt>
      <trkpt lat="41.402126" lon="-81.754714"><ele>216</ele><time>2026-09-05T14:33:48Z</time></trkpt>
      <trkpt lat="41.402141" lon="-81.754719"><ele>216.2</ele><time>2026-09-05T14:33:49Z</time></trkpt>
      <trkpt lat="41.402149" lon="-81.754723"><ele>216.2</ele><time>2026-09-05T14:33:50Z</time></trkpt>
      <trkpt lat="41.402159" lon="-81.754727"><ele>216.2</ele><time>2026-09-05T14:33:51Z</time></trkpt>
      <trkpt lat="41.402167" lon="-81.75473"><ele>216.2</ele><time>2026-09-05T14:33:52Z</time></trkpt>
      <trkpt lat="41.402176" lon="-81.754735"><ele>216.2</ele><time>2026-09-05T14:33:53Z</time></trkpt>
      <trkpt lat="41.402185" lon="-81.754741"><ele>216.2</ele><time>2026-09-05T14:33:54Z</time></trkpt>
      <trkpt lat="41.402192" lon="-81.754748"><ele>216.2</ele><time>2026-09-05T14:33:55Z</time></trkpt>
      <trkpt lat="41.402202" lon="-81.754756"><ele>216.2</ele><time>2026-09-05T14:33:56Z</time></trkpt>
      <trkpt lat="41.402213" lon="-81.754763"><ele>216.2</ele><time>2026-09-05T14:33:57Z</time></trkpt>
      <trkpt lat="41.402221" lon="-81.754768"><ele>216.2</ele><time>2026-09-05T14:33:58Z</time></trkpt>
      <trkpt lat="41.402229" lon="-81.754773"><ele>216</ele><time>2026-09-05T14:33:59Z</time></trkpt>
      <trkpt lat="41.402238" lon="-81.754777"><ele>216</ele><time>2026-09-05T14:34:00Z</time></trkpt>
      <trkpt lat="41.402249" lon="-81.754783"><ele>216</ele><time>2026-09-05T14:34:01Z</time></trkpt>
      <trkpt lat="41.402258" lon="-81.754787"><ele>216</ele><time>2026-09-05T14:34:02Z</time></trkpt>
      <trkpt lat="41.402269" lon="-81.754793"><ele>216</ele><time>2026-09-05T14:34:03Z</time></trkpt>
      <trkpt lat="41.402281" lon="-81.7548"><ele>215.6</ele><time>2026-09-05T14:34:04Z</time></trkpt>
      <trkpt lat="41.402291" lon="-81.754805"><ele>215.6</ele><time>2026-09-05T14:34:05Z</time></trkpt>
      <trkpt lat="41.402299" lon="-81.754811"><ele>215.6</ele><time>2026-09-05T14:34:06Z</time></trkpt>
      <trkpt lat="41.402307" lon="-81.754817"><ele>215.6</ele><time>2026-09-05T14:34:07Z</time></trkpt>
      <trkpt lat="41.402315" lon="-81.754822"><ele>215.6</ele><time>2026-09-05T14:34:08Z</time></trkpt>
      <trkpt lat="41.402329" lon="-81.754827"><ele>217.299</ele><time>2026-09-05T14:34:09Z</time></trkpt>
      <trkpt lat="41.402345" lon="-81.754832"><ele>217.299</ele><time>2026-09-05T14:34:10Z</time></trkpt>
      <trkpt lat="41.402364" lon="-81.754837"><ele>217.299</ele><time>2026-09-05T14:34:11Z</time></trkpt>
      <trkpt lat="41.402378" lon="-81.754838"><ele>217.299</ele><time>2026-09-05T14:34:12Z</time></trkpt>
      <trkpt lat="41.402393" lon="-81.754845"><ele>217.3</ele><time>2026-09-05T14:34:13Z</time></trkpt>
      <trkpt lat="41.402403" lon="-81.754852"><ele>217.3</ele><time>2026-09-05T14:34:14Z</time></trkpt>
      <trkpt lat="41.402415" lon="-81.754863"><ele>217.3</ele><time>2026-09-05T14:34:15Z</time></trkpt>
      <trkpt lat="41.40243" lon="-81.754865"><ele>217.3</ele><time>2026-09-05T14:34:16Z</time></trkpt>
      <trkpt lat="41.402445" lon="-81.754866"><ele>217.3</ele><time>2026-09-05T14:34:17Z</time></trkpt>
      <trkpt lat="41.402461" lon="-81.754864"><ele>217.3</ele><time>2026-09-05T14:34:18Z</time></trkpt>
      <trkpt lat="41.402474" lon="-81.754865"><ele>217.3</ele><time>2026-09-05T14:34:19Z</time></trkpt>
      <trkpt lat="41.402483" lon="-81.75487"><ele>217.3</ele><time>2026-09-05T14:34:20Z</time></trkpt>
      <trkpt lat="41.402498" lon="-81.754881"><ele>216.2</ele><time>2026-09-05T14:34:21Z</time></trkpt>
      <trkpt lat="41.402508" lon="-81.75489"><ele>216.2</ele><time>2026-09-05T14:34:22Z</time></trkpt>
      <trkpt lat="41.402521" lon="-81.754902"><ele>216.2</ele><time>2026-09-05T14:34:23Z</time></trkpt>
      <trkpt lat="41.402532" lon="-81.754913"><ele>216.2</ele><time>2026-09-05T14:34:24Z</time></trkpt>
      <trkpt lat="41.402544" lon="-81.754924"><ele>216.2</ele><time>2026-09-05T14:34:25Z</time></trkpt>
      <trkpt lat="41.402555" lon="-81.754934"><ele>216.2</ele><time>2026-09-05T14:34:26Z</time></trkpt>
      <trkpt lat="41.402565" lon="-81.754942"><ele>216.2</ele><time>2026-09-05T14:34:27Z</time></trkpt>
      <trkpt lat="41.402576" lon="-81.754952"><ele>216.2</ele><time>2026-09-05T14:34:28Z</time></trkpt>
      <trkpt lat="41.402586" lon="-81.754961"><ele>217.299</ele><time>2026-09-05T14:34:29Z</time></trkpt>
      <trkpt lat="41.402596" lon="-81.754971"><ele>217.299</ele><time>2026-09-05T14:34:30Z</time></trkpt>
      <trkpt lat="41.402606" lon="-81.754981"><ele>217.299</ele><time>2026-09-05T14:34:31Z</time></trkpt>
      <trkpt lat="41.402615" lon="-81.754991"><ele>217.299</ele><time>2026-09-05T14:34:32Z</time></trkpt>
      <trkpt lat="41.402624" lon="-81.755002"><ele>217.3</ele><time>2026-09-05T14:34:33Z</time></trkpt>
      <trkpt lat="41.402632" lon="-81.755014"><ele>217.3</ele><time>2026-09-05T14:34:34Z</time></trkpt>
      <trkpt lat="41.402636" lon="-81.755025"><ele>217.3</ele><time>2026-09-05T14:34:35Z</time></trkpt>
      <trkpt lat="41.402642" lon="-81.755035"><ele>217.3</ele><time>2026-09-05T14:34:36Z</time></trkpt>
      <trkpt lat="41.40265" lon="-81.755044"><ele>217.3</ele><time>2026-09-05T14:34:37Z</time></trkpt>
      <trkpt lat="41.402661" lon="-81.755054"><ele>217.3</ele><time>2026-09-05T14:34:38Z</time></trkpt>
      <trkpt lat="41.402675" lon="-81.755065"><ele>217.3</ele><time>2026-09-05T14:34:39Z</time></trkpt>
      <trkpt lat="41.402683" lon="-81.755073"><ele>217.3</ele><time>2026-09-05T14:34:40Z</time></trkpt>
      <trkpt lat="41.402689" lon="-81.755082"><ele>217.3</ele><time>2026-09-05T14:34:41Z</time></trkpt>
      <trkpt lat="41.402699" lon="-81.755094"><ele>217.3</ele><time>2026-09-05T14:34:42Z</time></trkpt>
      <trkpt lat="41.402708" lon="-81.755108"><ele>217.3</ele><time>2026-09-05T14:34:43Z</time></trkpt>
      <trkpt lat="41.402719" lon="-81.755122"><ele>217.3</ele><time>2026-09-05T14:34:44Z</time></trkpt>
      <trkpt lat="41.402725" lon="-81.755135"><ele>217.3</ele><time>2026-09-05T14:34:45Z</time></trkpt>
      <trkpt lat="41.40273" lon="-81.755149"><ele>217.3</ele><time>2026-09-05T14:34:46Z</time></trkpt>
      <trkpt lat="41.402737" lon="-81.755161"><ele>217.3</ele><time>2026-09-05T14:34:47Z</time></trkpt>
      <trkpt lat="41.402745" lon="-81.755173"><ele>217.3</ele><time>2026-09-05T14:34:48Z</time></trkpt>
      <trkpt lat="41.402754" lon="-81.755186"><ele>217.3</ele><time>2026-09-05T14:34:49Z</time></trkpt>
      <trkpt lat="41.402761" lon="-81.755194"><ele>216.5</ele><time>2026-09-05T14:34:50Z</time></trkpt>
      <trkpt lat="41.402767" lon="-81.755196"><ele>216.4</ele><time>2026-09-05T14:34:51Z</time></trkpt>
      <trkpt lat="41.402774" lon="-81.755212"><ele>216.4</ele><time>2026-09-05T14:34:52Z</time></trkpt>
      <trkpt lat="41.402786" lon="-81.755234"><ele>216.2</ele><time>2026-09-05T14:34:53Z</time></trkpt>
      <trkpt lat="41.402797" lon="-81.755251"><ele>216.2</ele><time>2026-09-05T14:34:54Z</time></trkpt>
      <trkpt lat="41.402806" lon="-81.755266"><ele>216.2</ele><time>2026-09-05T14:34:55Z</time></trkpt>
      <trkpt lat="41.402812" lon="-81.755279"><ele>216.5</ele><time>2026-09-05T14:34:56Z</time></trkpt>
      <trkpt lat="41.402817" lon="-81.755295"><ele>216.5</ele><time>2026-09-05T14:34:57Z</time></trkpt>
      <trkpt lat="41.402822" lon="-81.755312"><ele>216.2</ele><time>2026-09-05T14:34:58Z</time></trkpt>
      <trkpt lat="41.402826" lon="-81.755328"><ele>216.1</ele><time>2026-09-05T14:34:59Z</time></trkpt>
      <trkpt lat="41.402829" lon="-81.755339"><ele>216.1</ele><time>2026-09-05T14:35:00Z</time></trkpt>
      <trkpt lat="41.402836" lon="-81.755353"><ele>217.299</ele><time>2026-09-05T14:35:01Z</time></trkpt>
      <trkpt lat="41.402839" lon="-81.755362"><ele>217.299</ele><time>2026-09-05T14:35:02Z</time></trkpt>
      <trkpt lat="41.402842" lon="-81.755372"><ele>217.299</ele><time>2026-09-05T14:35:03Z</time></trkpt>
      <trkpt lat="41.402844" lon="-81.755386"><ele>217.299</ele><time>2026-09-05T14:35:04Z</time></trkpt>
      <trkpt lat="41.402845" lon="-81.7554"><ele>217.299</ele><time>2026-09-05T14:35:05Z</time></trkpt>
      <trkpt lat="41.402845" lon="-81.755414"><ele>217.3</ele><time>2026-09-05T14:35:06Z</time></trkpt>
      <trkpt lat="41.402845" lon="-81.755425"><ele>217.3</ele><time>2026-09-05T14:35:07Z</time></trkpt>
      <trkpt lat="41.402845" lon="-81.755436"><ele>217.3</ele><time>2026-09-05T14:35:08Z</time></trkpt>
      <trkpt lat="41.402845" lon="-81.755444"><ele>217.3</ele><time>2026-09-05T14:35:09Z</time></trkpt>
      <trkpt lat="41.402845" lon="-81.755459"><ele>217.3</ele><time>2026-09-05T14:35:10Z</time></trkpt>
      <trkpt lat="41.402845" lon="-81.755471"><ele>217.3</ele><time>2026-09-05T14:35:11Z</time></trkpt>
      <trkpt lat="41.402845" lon="-81.755481"><ele>217.3</ele><time>2026-09-05T14:35:12Z</time></trkpt>
      <trkpt lat="41.402847" lon="-81.755491"><ele>217.3</ele><time>2026-09-05T14:35:13Z</time></trkpt>
      <trkpt lat="41.402848" lon="-81.755503"><ele>217.3</ele><time>2026-09-05T14:35:14Z</time></trkpt>
      <trkpt lat="41.40285" lon="-81.755516"><ele>217.3</ele><time>2026-09-05T14:35:15Z</time></trkpt>
      <trkpt lat="41.40285" lon="-81.75553"><ele>217.3</ele><time>2026-09-05T14:35:16Z</time></trkpt>
      <trkpt lat="41.402849" lon="-81.755544"><ele>217.3</ele><time>2026-09-05T14:35:17Z</time></trkpt>
      <trkpt lat="41.402847" lon="-81.755558"><ele>217.3</ele><time>2026-09-05T14:35:18Z</time></trkpt>
      <trkpt lat="41.402845" lon="-81.755571"><ele>217.3</ele><time>2026-09-05T14:35:19Z</time></trkpt>
      <trkpt lat="41.40284" lon="-81.755589"><ele>217.1</ele><time>2026-09-05T14:35:20Z</time></trkpt>
      <trkpt lat="41.402835" lon="-81.755602"><ele>217.1</ele><time>2026-09-05T14:35:21Z</time></trkpt>
      <trkpt lat="41.40283" lon="-81.755616"><ele>217.1</ele><time>2026-09-05T14:35:22Z</time></trkpt>
      <trkpt lat="41.402826" lon="-81.755633"><ele>216.799</ele><time>2026-09-05T14:35:23Z</time></trkpt>
      <trkpt lat="41.402821" lon="-81.755647"><ele>216.799</ele><time>2026-09-05T14:35:24Z</time></trkpt>
      <trkpt lat="41.402815" lon="-81.755663"><ele>216.7</ele><time>2026-09-05T14:35:25Z</time></trkpt>
      <trkpt lat="41.402809" lon="-81.755674"><ele>216.6</ele><time>2026-09-05T14:35:26Z</time></trkpt>
      <trkpt lat="41.402804" lon="-81.755683"><ele>216.6</ele><time>2026-09-05T14:35:27Z</time></trkpt>
      <trkpt lat="41.402796" lon="-81.755694"><ele>216.799</ele><time>2026-09-05T14:35:28Z</time></trkpt>
      <trkpt lat="41.40279" lon="-81.755703"><ele>216.799</ele><time>2026-09-05T14:35:29Z</time></trkpt>
      <trkpt lat="41.402784" lon="-81.755712"><ele>216.799</ele><time>2026-09-05T14:35:30Z</time></trkpt>
      <trkpt lat="41.402778" lon="-81.755722"><ele>216.799</ele><time>2026-09-05T14:35:31Z</time></trkpt>
      <trkpt lat="41.402768" lon="-81.755733"><ele>216.799</ele><time>2026-09-05T14:35:32Z</time></trkpt>
      <trkpt lat="41.402759" lon="-81.755745"><ele>217</ele><time>2026-09-05T14:35:33Z</time></trkpt>
      <trkpt lat="41.40275" lon="-81.755757"><ele>216.6</ele><time>2026-09-05T14:35:34Z</time></trkpt>
      <trkpt lat="41.402744" lon="-81.755765"><ele>216.7</ele><time>2026-09-05T14:35:35Z</time></trkpt>
      <trkpt lat="41.402737" lon="-81.755776"><ele>216.5</ele><time>2026-09-05T14:35:36Z</time></trkpt>
      <trkpt lat="41.402728" lon="-81.755789"><ele>216.5</ele><time>2026-09-05T14:35:37Z</time></trkpt>
      <trkpt lat="41.402722" lon="-81.755797"><ele>216.5</ele><time>2026-09-05T14:35:38Z</time></trkpt>
      <trkpt lat="41.402716" lon="-81.755804"><ele>216.5</ele><time>2026-09-05T14:35:39Z</time></trkpt>
      <trkpt lat="41.402709" lon="-81.75581"><ele>216.5</ele><time>2026-09-05T14:35:40Z</time></trkpt>
      <trkpt lat="41.402702" lon="-81.755818"><ele>216.5</ele><time>2026-09-05T14:35:41Z</time></trkpt>
      <trkpt lat="41.402695" lon="-81.755826"><ele>217.3</ele><time>2026-09-05T14:35:42Z</time></trkpt>
      <trkpt lat="41.402687" lon="-81.755833"><ele>217.3</ele><time>2026-09-05T14:35:43Z</time></trkpt>
      <trkpt lat="41.402678" lon="-81.755841"><ele>217.3</ele><time>2026-09-05T14:35:44Z</time></trkpt>
      <trkpt lat="41.402666" lon="-81.755851"><ele>217.3</ele><time>2026-09-05T14:35:45Z</time></trkpt>
      <trkpt lat="41.402655" lon="-81.755858"><ele>217.3</ele><time>2026-09-05T14:35:46Z</time></trkpt>
      <trkpt lat="41.402646" lon="-81.755864"><ele>217.3</ele><time>2026-09-05T14:35:47Z</time></trkpt>
      <trkpt lat="41.402634" lon="-81.755874"><ele>217.3</ele><time>2026-09-05T14:35:48Z</time></trkpt>
      <trkpt lat="41.402622" lon="-81.755884"><ele>217.3</ele><time>2026-09-05T14:35:49Z</time></trkpt>
      <trkpt lat="41.402612" lon="-81.755896"><ele>217.3</ele><time>2026-09-05T14:35:50Z</time></trkpt>
      <trkpt lat="41.402602" lon="-81.755906"><ele>216.4</ele><time>2026-09-05T14:35:51Z</time></trkpt>
      <trkpt lat="41.402591" lon="-81.755916"><ele>216.5</ele><time>2026-09-05T14:35:52Z</time></trkpt>
      <trkpt lat="41.402578" lon="-81.755927"><ele>216.5</ele><time>2026-09-05T14:35:53Z</time></trkpt>
      <trkpt lat="41.40257" lon="-81.755935"><ele>216.6</ele><time>2026-09-05T14:35:54Z</time></trkpt>
      <trkpt lat="41.402563" lon="-81.755944"><ele>216.6</ele><time>2026-09-05T14:35:55Z</time></trkpt>
      <trkpt lat="41.402554" lon="-81.755954"><ele>216.6</ele><time>2026-09-05T14:35:56Z</time></trkpt>
      <trkpt lat="41.402545" lon="-81.755965"><ele>216.6</ele><time>2026-09-05T14:35:57Z</time></trkpt>
      <trkpt lat="41.402533" lon="-81.755978"><ele>216.7</ele><time>2026-09-05T14:35:58Z</time></trkpt>
      <trkpt lat="41.402522" lon="-81.755989"><ele>216.799</ele><time>2026-09-05T14:35:59Z</time></trkpt>
      <trkpt lat="41.402511" lon="-81.755999"><ele>216.499</ele><time>2026-09-05T14:36:00Z</time></trkpt>
      <trkpt lat="41.402502" lon="-81.756007"><ele>216.5</ele><time>2026-09-05T14:36:01Z</time></trkpt>
      <trkpt lat="41.402498" lon="-81.756011"><ele>216.5</ele><time>2026-09-05T14:36:02Z</time></trkpt>
      <trkpt lat="41.402491" lon="-81.756015"><ele>216.5</ele><time>2026-09-05T14:36:03Z</time></trkpt>
      <trkpt lat="41.402483" lon="-81.756019"><ele>216.5</ele><time>2026-09-05T14:36:04Z</time></trkpt>
      <trkpt lat="41.402474" lon="-81.756024"><ele>216.5</ele><time>2026-09-05T14:36:05Z</time></trkpt>
      <trkpt lat="41.402468" lon="-81.756027"><ele>216.5</ele><time>2026-09-05T14:36:06Z</time></trkpt>
      <trkpt lat="41.402459" lon="-81.756029"><ele>216.5</ele><time>2026-09-05T14:36:07Z</time></trkpt>
      <trkpt lat="41.402454" lon="-81.756033"><ele>216.5</ele><time>2026-09-05T14:36:08Z</time></trkpt>
      <trkpt lat="41.402452" lon="-81.756036"><ele>216.5</ele><time>2026-09-05T14:36:09Z</time></trkpt>
      <trkpt lat="41.402453" lon="-81.756038"><ele>216.5</ele><time>2026-09-05T14:36:10Z</time></trkpt>
      <trkpt lat="41.402455" lon="-81.756038"><ele>214.7</ele><time>2026-09-05T14:36:11Z</time></trkpt>
      <trkpt lat="41.402458" lon="-81.756036"><ele>214.7</ele><time>2026-09-05T14:36:12Z</time></trkpt>
      <trkpt lat="41.402461" lon="-81.756035"><ele>214.6</ele><time>2026-09-05T14:36:13Z</time></trkpt>
      <trkpt lat="41.402463" lon="-81.756035"><ele>214.6</ele><time>2026-09-05T14:36:14Z</time></trkpt>
      <trkpt lat="41.402463" lon="-81.756034"><ele>214.6</ele><time>2026-09-05T14:36:15Z</time></trkpt>
      <trkpt lat="41.402463" lon="-81.756033"><ele>214.5</ele><time>2026-09-05T14:36:16Z</time></trkpt>
      <trkpt lat="41.402463" lon="-81.75603"><ele>214.6</ele><time>2026-09-05T14:36:17Z</time></trkpt>
      <trkpt lat="41.402463" lon="-81.756029"><ele>214.6</ele><time>2026-09-05T14:36:18Z</time></trkpt>
      <trkpt lat="41.402462" lon="-81.756027"><ele>214.6</ele><time>2026-09-05T14:36:19Z</time></trkpt>
      <trkpt lat="41.402462" lon="-81.756026"><ele>216.5</ele><time>2026-09-05T14:36:20Z</time></trkpt>
      <trkpt lat="41.402462" lon="-81.756027"><ele>216.5</ele><time>2026-09-05T14:36:21Z</time></trkpt>
      <trkpt lat="41.402462" lon="-81.75603"><ele>216.5</ele><time>2026-09-05T14:36:22Z</time></trkpt>
      <trkpt lat="41.402461" lon="-81.756032"><ele>216.5</ele><time>2026-09-05T14:36:23Z</time></trkpt>
      <trkpt lat="41.402459" lon="-81.756035"><ele>216.5</ele><time>2026-09-05T14:36:24Z</time></trkpt>
      <trkpt lat="41.402457" lon="-81.756039"><ele>216.5</ele><time>2026-09-05T14:36:25Z</time></trkpt>
      <trkpt lat="41.402453" lon="-81.756044"><ele>216.5</ele><time>2026-09-05T14:36:26Z</time></trkpt>
      <trkpt lat="41.402442" lon="-81.756056"><ele>215.8</ele><time>2026-09-05T14:36:27Z</time></trkpt>
      <trkpt lat="41.402428" lon="-81.756071"><ele>215.5</ele><time>2026-09-05T14:36:28Z</time></trkpt>
      <trkpt lat="41.402414" lon="-81.756083"><ele>216.5</ele><time>2026-09-05T14:36:29Z</time></trkpt>
      <trkpt lat="41.402403" lon="-81.756094"><ele>216.5</ele><time>2026-09-05T14:36:30Z</time></trkpt>
      <trkpt lat="41.402394" lon="-81.756101"><ele>216.5</ele><time>2026-09-05T14:36:31Z</time></trkpt>
      <trkpt lat="41.402381" lon="-81.756112"><ele>216.5</ele><time>2026-09-05T14:36:32Z</time></trkpt>
      <trkpt lat="41.402371" lon="-81.75612"><ele>216.5</ele><time>2026-09-05T14:36:33Z</time></trkpt>
      <trkpt lat="41.402358" lon="-81.756128"><ele>216.5</ele><time>2026-09-05T14:36:34Z</time></trkpt>
      <trkpt lat="41.402349" lon="-81.756136"><ele>216.5</ele><time>2026-09-05T14:36:35Z</time></trkpt>
      <trkpt lat="41.402337" lon="-81.756146"><ele>216.5</ele><time>2026-09-05T14:36:36Z</time></trkpt>
      <trkpt lat="41.402325" lon="-81.756158"><ele>216.5</ele><time>2026-09-05T14:36:37Z</time></trkpt>
      <trkpt lat="41.402312" lon="-81.756171"><ele>216.5</ele><time>2026-09-05T14:36:38Z</time></trkpt>
      <trkpt lat="41.402301" lon="-81.756181"><ele>216.5</ele><time>2026-09-05T14:36:39Z</time></trkpt>
      <trkpt lat="41.402292" lon="-81.756189"><ele>216.5</ele><time>2026-09-05T14:36:40Z</time></trkpt>
      <trkpt lat="41.402285" lon="-81.756195"><ele>216.5</ele><time>2026-09-05T14:36:41Z</time></trkpt>
      <trkpt lat="41.402274" lon="-81.756202"><ele>216.5</ele><time>2026-09-05T14:36:42Z</time></trkpt>
      <trkpt lat="41.402259" lon="-81.756209"><ele>216.5</ele><time>2026-09-05T14:36:43Z</time></trkpt>
      <trkpt lat="41.402251" lon="-81.756212"><ele>216.5</ele><time>2026-09-05T14:36:44Z</time></trkpt>
      <trkpt lat="41.402242" lon="-81.756215"><ele>216.5</ele><time>2026-09-05T14:36:45Z</time></trkpt>
      <trkpt lat="41.402235" lon="-81.756219"><ele>216.5</ele><time>2026-09-05T14:36:46Z</time></trkpt>
      <trkpt lat="41.402223" lon="-81.756224"><ele>216.5</ele><time>2026-09-05T14:36:47Z</time></trkpt>
      <trkpt lat="41.40221" lon="-81.756231"><ele>216.5</ele><time>2026-09-05T14:36:48Z</time></trkpt>
      <trkpt lat="41.402198" lon="-81.756237"><ele>216.5</ele><time>2026-09-05T14:36:49Z</time></trkpt>
      <trkpt lat="41.402185" lon="-81.756244"><ele>216.5</ele><time>2026-09-05T14:36:50Z</time></trkpt>
      <trkpt lat="41.402178" lon="-81.756248"><ele>216.5</ele><time>2026-09-05T14:36:51Z</time></trkpt>
      <trkpt lat="41.402171" lon="-81.756253"><ele>216.5</ele><time>2026-09-05T14:36:52Z</time></trkpt>
      <trkpt lat="41.402161" lon="-81.75626"><ele>216.5</ele><time>2026-09-05T14:36:53Z</time></trkpt>
      <trkpt lat="41.402149" lon="-81.756267"><ele>216.5</ele><time>2026-09-05T14:36:54Z</time></trkpt>
      <trkpt lat="41.402141" lon="-81.756273"><ele>216.5</ele><time>2026-09-05T14:36:55Z</time></trkpt>
      <trkpt lat="41.40213" lon="-81.75628"><ele>217.7</ele><time>2026-09-05T14:36:56Z</time></trkpt>
      <trkpt lat="41.40212" lon="-81.756287"><ele>217.7</ele><time>2026-09-05T14:36:57Z</time></trkpt>
      <trkpt lat="41.40211" lon="-81.756291"><ele>217.7</ele><time>2026-09-05T14:36:58Z</time></trkpt>
      <trkpt lat="41.4021" lon="-81.756291"><ele>216.5</ele><time>2026-09-05T14:36:59Z</time></trkpt>
      <trkpt lat="41.40209" lon="-81.756289"><ele>216.5</ele><time>2026-09-05T14:37:00Z</time></trkpt>
      <trkpt lat="41.402079" lon="-81.756287"><ele>216.5</ele><time>2026-09-05T14:37:01Z</time></trkpt>
      <trkpt lat="41.40207" lon="-81.756285"><ele>216.5</ele><time>2026-09-05T14:37:02Z</time></trkpt>
      <trkpt lat="41.402057" lon="-81.756285"><ele>216.5</ele><time>2026-09-05T14:37:03Z</time></trkpt>
      <trkpt lat="41.402046" lon="-81.756285"><ele>216.5</ele><time>2026-09-05T14:37:04Z</time></trkpt>
      <trkpt lat="41.402031" lon="-81.756284"><ele>216.5</ele><time>2026-09-05T14:37:05Z</time></trkpt>
      <trkpt lat="41.402019" lon="-81.756285"><ele>216.5</ele><time>2026-09-05T14:37:06Z</time></trkpt>
      <trkpt lat="41.40201" lon="-81.756285"><ele>216.5</ele><time>2026-09-05T14:37:07Z</time></trkpt>
      <trkpt lat="41.402" lon="-81.756284"><ele>216.5</ele><time>2026-09-05T14:37:08Z</time></trkpt>
      <trkpt lat="41.401991" lon="-81.75628"><ele>216.5</ele><time>2026-09-05T14:37:09Z</time></trkpt>
      <trkpt lat="41.401981" lon="-81.756276"><ele>216.5</ele><time>2026-09-05T14:37:10Z</time></trkpt>
      <trkpt lat="41.401974" lon="-81.756273"><ele>216.5</ele><time>2026-09-05T14:37:11Z</time></trkpt>
      <trkpt lat="41.401965" lon="-81.75627"><ele>216.5</ele><time>2026-09-05T14:37:12Z</time></trkpt>
      <trkpt lat="41.401957" lon="-81.756267"><ele>216.5</ele><time>2026-09-05T14:37:13Z</time></trkpt>
      <trkpt lat="41.401946" lon="-81.756267"><ele>216.5</ele><time>2026-09-05T14:37:14Z</time></trkpt>
      <trkpt lat="41.401936" lon="-81.756266"><ele>216.5</ele><time>2026-09-05T14:37:15Z</time></trkpt>
      <trkpt lat="41.401924" lon="-81.756267"><ele>216.5</ele><time>2026-09-05T14:37:16Z</time></trkpt>
      <trkpt lat="41.401914" lon="-81.756267"><ele>216.5</ele><time>2026-09-05T14:37:17Z</time></trkpt>
      <trkpt lat="41.401899" lon="-81.75627"><ele>216.5</ele><time>2026-09-05T14:37:18Z</time></trkpt>
      <trkpt lat="41.401882" lon="-81.756272"><ele>216.5</ele><time>2026-09-05T14:37:19Z</time></trkpt>
      <trkpt lat="41.401866" lon="-81.756273"><ele>216.5</ele><time>2026-09-05T14:37:20Z</time></trkpt>
      <trkpt lat="41.401852" lon="-81.756274"><ele>216.5</ele><time>2026-09-05T14:37:21Z</time></trkpt>
      <trkpt lat="41.401843" lon="-81.756272"><ele>216.5</ele><time>2026-09-05T14:37:22Z</time></trkpt>
      <trkpt lat="41.401832" lon="-81.756268"><ele>216.5</ele><time>2026-09-05T14:37:23Z</time></trkpt>
      <trkpt lat="41.401822" lon="-81.756258"><ele>216.5</ele><time>2026-09-05T14:37:24Z</time></trkpt>
      <trkpt lat="41.401814" lon="-81.756248"><ele>216.5</ele><time>2026-09-05T14:37:25Z</time></trkpt>
      <trkpt lat="41.401807" lon="-81.756233"><ele>216.5</ele><time>2026-09-05T14:37:26Z</time></trkpt>
      <trkpt lat="41.401801" lon="-81.756221"><ele>216.5</ele><time>2026-09-05T14:37:27Z</time></trkpt>
      <trkpt lat="41.401793" lon="-81.756207"><ele>216.5</ele><time>2026-09-05T14:37:28Z</time></trkpt>
      <trkpt lat="41.401785" lon="-81.756192"><ele>216.5</ele><time>2026-09-05T14:37:29Z</time></trkpt>
      <trkpt lat="41.401777" lon="-81.756178"><ele>216.5</ele><time>2026-09-05T14:37:30Z</time></trkpt>
      <trkpt lat="41.401769" lon="-81.756167"><ele>216.5</ele><time>2026-09-05T14:37:31Z</time></trkpt>
      <trkpt lat="41.401763" lon="-81.756162"><ele>216.5</ele><time>2026-09-05T14:37:32Z</time></trkpt>
      <trkpt lat="41.401757" lon="-81.75616"><ele>216.5</ele><time>2026-09-05T14:37:33Z</time></trkpt>
      <trkpt lat="41.401752" lon="-81.756163"><ele>216.5</ele><time>2026-09-05T14:37:34Z</time></trkpt>
      <trkpt lat="41.401745" lon="-81.756168"><ele>216.1</ele><time>2026-09-05T14:37:35Z</time></trkpt>
      <trkpt lat="41.401738" lon="-81.756174"><ele>216.1</ele><time>2026-09-05T14:37:36Z</time></trkpt>
      <trkpt lat="41.401731" lon="-81.756182"><ele>216.4</ele><time>2026-09-05T14:37:37Z</time></trkpt>
      <trkpt lat="41.401724" lon="-81.756188"><ele>216.5</ele><time>2026-09-05T14:37:38Z</time></trkpt>
      <trkpt lat="41.401716" lon="-81.756195"><ele>216.6</ele><time>2026-09-05T14:37:39Z</time></trkpt>
      <trkpt lat="41.401708" lon="-81.756199"><ele>216.6</ele><time>2026-09-05T14:37:40Z</time></trkpt>
      <trkpt lat="41.401702" lon="-81.756202"><ele>216.5</ele><time>2026-09-05T14:37:41Z</time></trkpt>
      <trkpt lat="41.401696" lon="-81.756205"><ele>216.5</ele><time>2026-09-05T14:37:42Z</time></trkpt>
      <trkpt lat="41.40169" lon="-81.75621"><ele>216.5</ele><time>2026-09-05T14:37:43Z</time></trkpt>
      <trkpt lat="41.401685" lon="-81.756215"><ele>217</ele><time>2026-09-05T14:37:44Z</time></trkpt>
      <trkpt lat="41.401678" lon="-81.756221"><ele>217</ele><time>2026-09-05T14:37:45Z</time></trkpt>
      <trkpt lat="41.401671" lon="-81.756228"><ele>217</ele><time>2026-09-05T14:37:46Z</time></trkpt>
      <trkpt lat="41.401668" lon="-81.756232"><ele>216.5</ele><time>2026-09-05T14:37:47Z</time></trkpt>
      <trkpt lat="41.401665" lon="-81.756236"><ele>216.5</ele><time>2026-09-05T14:37:48Z</time></trkpt>
      <trkpt lat="41.40166" lon="-81.756245"><ele>216.5</ele><time>2026-09-05T14:37:49Z</time></trkpt>
      <trkpt lat="41.401659" lon="-81.756258"><ele>216.5</ele><time>2026-09-05T14:37:50Z</time></trkpt>
      <trkpt lat="41.401663" lon="-81.756272"><ele>216.5</ele><time>2026-09-05T14:37:51Z</time></trkpt>
      <trkpt lat="41.401671" lon="-81.756288"><ele>216.5</ele><time>2026-09-05T14:37:52Z</time></trkpt>
      <trkpt lat="41.401678" lon="-81.756297"><ele>216.7</ele><time>2026-09-05T14:37:53Z</time></trkpt>
      <trkpt lat="41.401686" lon="-81.756303"><ele>216.399</ele><time>2026-09-05T14:37:54Z</time></trkpt>
      <trkpt lat="41.401694" lon="-81.756303"><ele>216.299</ele><time>2026-09-05T14:37:55Z</time></trkpt>
      <trkpt lat="41.401697" lon="-81.756302"><ele>216.299</ele><time>2026-09-05T14:37:56Z</time></trkpt>
      <trkpt lat="41.401698" lon="-81.756301"><ele>216.299</ele><time>2026-09-05T14:37:57Z</time></trkpt>
      <trkpt lat="41.401692" lon="-81.756307"><ele>216.499</ele><time>2026-09-05T14:37:58Z</time></trkpt>
      <trkpt lat="41.401686" lon="-81.756313"><ele>216.499</ele><time>2026-09-05T14:37:59Z</time></trkpt>
      <trkpt lat="41.401681" lon="-81.756316"><ele>216.5</ele><time>2026-09-05T14:38:00Z</time></trkpt>
      <trkpt lat="41.401679" lon="-81.756319"><ele>216.5</ele><time>2026-09-05T14:38:01Z</time></trkpt>
      <trkpt lat="41.401678" lon="-81.75632"><ele>216.5</ele><time>2026-09-05T14:38:02Z</time></trkpt>
      <trkpt lat="41.401678" lon="-81.756322"><ele>216.5</ele><time>2026-09-05T14:38:03Z</time></trkpt>
      <trkpt lat="41.401677" lon="-81.756324"><ele>216.5</ele><time>2026-09-05T14:38:04Z</time></trkpt>
      <trkpt lat="41.401675" lon="-81.756325"><ele>216.5</ele><time>2026-09-05T14:38:05Z</time></trkpt>
      <trkpt lat="41.401675" lon="-81.756326"><ele>216.5</ele><time>2026-09-05T14:38:06Z</time></trkpt>
      <trkpt lat="41.401675" lon="-81.756326"><ele>216.5</ele><time>2026-09-05T14:38:07Z</time></trkpt>
      <trkpt lat="41.401675" lon="-81.756325"><ele>216.5</ele><time>2026-09-05T14:38:08Z</time></trkpt>
      <trkpt lat="41.401677" lon="-81.756324"><ele>216.5</ele><time>2026-09-05T14:38:09Z</time></trkpt>
      <trkpt lat="41.401679" lon="-81.756324"><ele>216.5</ele><time>2026-09-05T14:38:10Z</time></trkpt>
      <trkpt lat="41.401682" lon="-81.756325"><ele>216.5</ele><time>2026-09-05T14:38:11Z</time></trkpt>
      <trkpt lat="41.401685" lon="-81.756327"><ele>216.5</ele><time>2026-09-05T14:38:12Z</time></trkpt>
      <trkpt lat="41.401686" lon="-81.756328"><ele>216.5</ele><time>2026-09-05T14:38:13Z</time></trkpt>
      <trkpt lat="41.401688" lon="-81.75633"><ele>216.5</ele><time>2026-09-05T14:38:14Z</time></trkpt>
      <trkpt lat="41.401688" lon="-81.75633"><ele>216.5</ele><time>2026-09-05T14:38:15Z</time></trkpt>
      <trkpt lat="41.401688" lon="-81.75633"><ele>216.5</ele><time>2026-09-05T14:38:16Z</time></trkpt>
      <trkpt lat="41.401687" lon="-81.756328"><ele>216.5</ele><time>2026-09-05T14:38:17Z</time></trkpt>
      <trkpt lat="41.401687" lon="-81.756327"><ele>216.5</ele><time>2026-09-05T14:38:18Z</time></trkpt>
      <trkpt lat="41.401686" lon="-81.756326"><ele>216.5</ele><time>2026-09-05T14:38:19Z</time></trkpt>
      <trkpt lat="41.401687" lon="-81.756325"><ele>216.5</ele><time>2026-09-05T14:38:20Z</time></trkpt>
      <trkpt lat="41.401687" lon="-81.756324"><ele>216.5</ele><time>2026-09-05T14:38:21Z</time></trkpt>
      <trkpt lat="41.401686" lon="-81.756322"><ele>216.5</ele><time>2026-09-05T14:38:22Z</time></trkpt>
      <trkpt lat="41.401685" lon="-81.75632"><ele>216.5</ele><time>2026-09-05T14:38:23Z</time></trkpt>
      <trkpt lat="41.401685" lon="-81.756316"><ele>216.5</ele><time>2026-09-05T14:38:24Z</time></trkpt>
      <trkpt lat="41.401684" lon="-81.756312"><ele>216.5</ele><time>2026-09-05T14:38:25Z</time></trkpt>
      <trkpt lat="41.401683" lon="-81.756309"><ele>216.5</ele><time>2026-09-05T14:38:26Z</time></trkpt>
      <trkpt lat="41.401683" lon="-81.756307"><ele>216.5</ele><time>2026-09-05T14:38:27Z</time></trkpt>
      <trkpt lat="41.401683" lon="-81.756304"><ele>216.5</ele><time>2026-09-05T14:38:28Z</time></trkpt>
      <trkpt lat="41.401684" lon="-81.756303"><ele>216.5</ele><time>2026-09-05T14:38:29Z</time></trkpt>
      <trkpt lat="41.401685" lon="-81.756304"><ele>216.5</ele><time>2026-09-05T14:38:30Z</time></trkpt>
      <trkpt lat="41.401687" lon="-81.756306"><ele>216.5</ele><time>2026-09-05T14:38:31Z</time></trkpt>
      <trkpt lat="41.401688" lon="-81.756309"><ele>216.5</ele><time>2026-09-05T14:38:32Z</time></trkpt>
      <trkpt lat="41.40169" lon="-81.756312"><ele>216.5</ele><time>2026-09-05T14:38:33Z</time></trkpt>
      <trkpt lat="41.401691" lon="-81.756315"><ele>216.5</ele><time>2026-09-05T14:38:34Z</time></trkpt>
      <trkpt lat="41.401691" lon="-81.756317"><ele>216.5</ele><time>2026-09-05T14:38:35Z</time></trkpt>
      <trkpt lat="41.40169" lon="-81.756318"><ele>216.5</ele><time>2026-09-05T14:38:36Z</time></trkpt>
      <trkpt lat="41.40169" lon="-81.75632"><ele>216.5</ele><time>2026-09-05T14:38:37Z</time></trkpt>
      <trkpt lat="41.40169" lon="-81.756321"><ele>216.5</ele><time>2026-09-05T14:38:38Z</time></trkpt>
      <trkpt lat="41.401688" lon="-81.756322"><ele>216.5</ele><time>2026-09-05T14:38:39Z</time></trkpt>
      <trkpt lat="41.401687" lon="-81.756322"><ele>216.5</ele><time>2026-09-05T14:38:40Z</time></trkpt>
      <trkpt lat="41.401685" lon="-81.756322"><ele>216.5</ele><time>2026-09-05T14:38:41Z</time></trkpt>
      <trkpt lat="41.401685" lon="-81.756322"><ele>216.5</ele><time>2026-09-05T14:38:42Z</time></trkpt>
      <trkpt lat="41.401685" lon="-81.756323"><ele>216.5</ele><time>2026-09-05T14:38:43Z</time></trkpt>
      <trkpt lat="41.401685" lon="-81.756325"><ele>216.5</ele><time>2026-09-05T14:38:44Z</time></trkpt>
      <trkpt lat="41.401685" lon="-81.756326"><ele>216.5</ele><time>2026-09-05T14:38:45Z</time></trkpt>
      <trkpt lat="41.401684" lon="-81.756327"><ele>216.5</ele><time>2026-09-05T14:38:46Z</time></trkpt>
      <trkpt lat="41.401683" lon="-81.756327"><ele>216.5</ele><time>2026-09-05T14:38:47Z</time></trkpt>
      <trkpt lat="41.401682" lon="-81.756328"><ele>216.5</ele><time>2026-09-05T14:38:48Z</time></trkpt>
      <trkpt lat="41.40168" lon="-81.756327"><ele>216.5</ele><time>2026-09-05T14:38:49Z</time></trkpt>
      <trkpt lat="41.40168" lon="-81.756327"><ele>216.5</ele><time>2026-09-05T14:38:50Z</time></trkpt>
      <trkpt lat="41.401678" lon="-81.756326"><ele>216.5</ele><time>2026-09-05T14:38:51Z</time></trkpt>
      <trkpt lat="41.401677" lon="-81.756325"><ele>216.5</ele><time>2026-09-05T14:38:52Z</time></trkpt>
      <trkpt lat="41.401675" lon="-81.756325"><ele>216.5</ele><time>2026-09-05T14:38:53Z</time></trkpt>
      <trkpt lat="41.401675" lon="-81.756325"><ele>216.5</ele><time>2026-09-05T14:38:54Z</time></trkpt>
      <trkpt lat="41.401673" lon="-81.756324"><ele>216.5</ele><time>2026-09-05T14:38:55Z</time></trkpt>
      <trkpt lat="41.401672" lon="-81.756324"><ele>216.5</ele><time>2026-09-05T14:38:56Z</time></trkpt>
      <trkpt lat="41.40167" lon="-81.756323"><ele>216.5</ele><time>2026-09-05T14:38:57Z</time></trkpt>
      <trkpt lat="41.401667" lon="-81.75632"><ele>218</ele><time>2026-09-05T14:38:58Z</time></trkpt>
      <trkpt lat="41.401665" lon="-81.756317"><ele>218</ele><time>2026-09-05T14:38:59Z</time></trkpt>
      <trkpt lat="41.401662" lon="-81.756314"><ele>218</ele><time>2026-09-05T14:39:00Z</time></trkpt>
      <trkpt lat="41.40166" lon="-81.756311"><ele>218</ele><time>2026-09-05T14:39:01Z</time></trkpt>
      <trkpt lat="41.401658" lon="-81.756309"><ele>218</ele><time>2026-09-05T14:39:02Z</time></trkpt>
      <trkpt lat="41.401657" lon="-81.756307"><ele>218</ele><time>2026-09-05T14:39:03Z</time></trkpt>
      <trkpt lat="41.401656" lon="-81.756304"><ele>218</ele><time>2026-09-05T14:39:04Z</time></trkpt>
      <trkpt lat="41.401655" lon="-81.756302"><ele>218</ele><time>2026-09-05T14:39:05Z</time></trkpt>
      <trkpt lat="41.401652" lon="-81.756299"><ele>216.5</ele><time>2026-09-05T14:39:06Z</time></trkpt>
      <trkpt lat="41.401652" lon="-81.756299"><ele>216.5</ele><time>2026-09-05T14:39:07Z</time></trkpt>
      <trkpt lat="41.40165" lon="-81.756298"><ele>216.5</ele><time>2026-09-05T14:39:08Z</time></trkpt>
      <trkpt lat="41.40165" lon="-81.756298"><ele>216.5</ele><time>2026-09-05T14:39:09Z</time></trkpt>
      <trkpt lat="41.40165" lon="-81.756297"><ele>216.5</ele><time>2026-09-05T14:39:10Z</time></trkpt>
      <trkpt lat="41.401649" lon="-81.756296"><ele>216.5</ele><time>2026-09-05T14:39:11Z</time></trkpt>
      <trkpt lat="41.401648" lon="-81.756296"><ele>216.5</ele><time>2026-09-05T14:39:12Z</time></trkpt>
      <trkpt lat="41.401644" lon="-81.756293"><ele>218.6</ele><time>2026-09-05T14:39:13Z</time></trkpt>
      <trkpt lat="41.401643" lon="-81.756292"><ele>218.6</ele><time>2026-09-05T14:39:14Z</time></trkpt>
      <trkpt lat="41.401642" lon="-81.756292"><ele>218.6</ele><time>2026-09-05T14:39:15Z</time></trkpt>
      <trkpt lat="41.401641" lon="-81.756292"><ele>218.6</ele><time>2026-09-05T14:39:16Z</time></trkpt>
      <trkpt lat="41.40164" lon="-81.756292"><ele>218.6</ele><time>2026-09-05T14:39:17Z</time></trkpt>
      <trkpt lat="41.401639" lon="-81.756292"><ele>218.6</ele><time>2026-09-05T14:39:18Z</time></trkpt>
      <trkpt lat="41.401639" lon="-81.756291"><ele>218.6</ele><time>2026-09-05T14:39:19Z</time></trkpt>
      <trkpt lat="41.401639" lon="-81.75629"><ele>218.6</ele><time>2026-09-05T14:39:20Z</time></trkpt>
      <trkpt lat="41.401638" lon="-81.756289"><ele>218</ele><time>2026-09-05T14:39:21Z</time></trkpt>
      <trkpt lat="41.401638" lon="-81.756289"><ele>218</ele><time>2026-09-05T14:39:22Z</time></trkpt>
      <trkpt lat="41.401638" lon="-81.756289"><ele>218</ele><time>2026-09-05T14:39:23Z</time></trkpt>
      <trkpt lat="41.401638" lon="-81.75629"><ele>218</ele><time>2026-09-05T14:39:24Z</time></trkpt>
      <trkpt lat="41.401639" lon="-81.756291"><ele>218</ele><time>2026-09-05T14:39:25Z</time></trkpt>
      <trkpt lat="41.401639" lon="-81.756292"><ele>218</ele><time>2026-09-05T14:39:26Z</time></trkpt>
      <trkpt lat="41.401639" lon="-81.756294"><ele>218</ele><time>2026-09-05T14:39:27Z</time></trkpt>
      <trkpt lat="41.40164" lon="-81.756297"><ele>218</ele><time>2026-09-05T14:39:28Z</time></trkpt>
      <trkpt lat="41.401641" lon="-81.756299"><ele>218</ele><time>2026-09-05T14:39:29Z</time></trkpt>
      <trkpt lat="41.401642" lon="-81.756301"><ele>218</ele><time>2026-09-05T14:39:30Z</time></trkpt>
      <trkpt lat="41.401643" lon="-81.756302"><ele>218</ele><time>2026-09-05T14:39:31Z</time></trkpt>
      <trkpt lat="41.401643" lon="-81.756303"><ele>218</ele><time>2026-09-05T14:39:32Z</time></trkpt>
      <trkpt lat="41.401643" lon="-81.756303"><ele>218</ele><time>2026-09-05T14:39:33Z</time></trkpt>
      <trkpt lat="41.401643" lon="-81.756302"><ele>218</ele><time>2026-09-05T14:39:34Z</time></trkpt>
      <trkpt lat="41.401643" lon="-81.756301"><ele>218</ele><time>2026-09-05T14:39:35Z</time></trkpt>
      <trkpt lat="41.401644" lon="-81.756299"><ele>218</ele><time>2026-09-05T14:39:36Z</time></trkpt>
      <trkpt lat="41.401644" lon="-81.7563"><ele>216.5</ele><time>2026-09-05T14:39:37Z</time></trkpt>
      <trkpt lat="41.401645" lon="-81.756302"><ele>216.5</ele><time>2026-09-05T14:39:38Z</time></trkpt>
      <trkpt lat="41.401647" lon="-81.756305"><ele>216.5</ele><time>2026-09-05T14:39:39Z</time></trkpt>
      <trkpt lat="41.401649" lon="-81.756308"><ele>216.5</ele><time>2026-09-05T14:39:40Z</time></trkpt>
      <trkpt lat="41.401652" lon="-81.756311"><ele>216.5</ele><time>2026-09-05T14:39:41Z</time></trkpt>
      <trkpt lat="41.401655" lon="-81.756313"><ele>218.6</ele><time>2026-09-05T14:39:42Z</time></trkpt>
      <trkpt lat="41.401657" lon="-81.756316"><ele>218.6</ele><time>2026-09-05T14:39:43Z</time></trkpt>
      <trkpt lat="41.401661" lon="-81.756319"><ele>218.6</ele><time>2026-09-05T14:39:44Z</time></trkpt>
      <trkpt lat="41.401664" lon="-81.756321"><ele>218.6</ele><time>2026-09-05T14:39:45Z</time></trkpt>
      <trkpt lat="41.401666" lon="-81.756322"><ele>218.6</ele><time>2026-09-05T14:39:46Z</time></trkpt>
      <trkpt lat="41.401666" lon="-81.756322"><ele>218.6</ele><time>2026-09-05T14:39:47Z</time></trkpt>
      <trkpt lat="41.401666" lon="-81.756323"><ele>218.6</ele><time>2026-09-05T14:39:48Z</time></trkpt>
      <trkpt lat="41.401665" lon="-81.756323"><ele>218.6</ele><time>2026-09-05T14:39:49Z</time></trkpt>
      <trkpt lat="41.401663" lon="-81.756323"><ele>218</ele><time>2026-09-05T14:39:50Z</time></trkpt>
      <trkpt lat="41.401662" lon="-81.756322"><ele>218</ele><time>2026-09-05T14:39:51Z</time></trkpt>
      <trkpt lat="41.40166" lon="-81.75632"><ele>218</ele><time>2026-09-05T14:39:52Z</time></trkpt>
      <trkpt lat="41.40166" lon="-81.756317"><ele>218</ele><time>2026-09-05T14:39:53Z</time></trkpt>
      <trkpt lat="41.40166" lon="-81.756317"><ele>218</ele><time>2026-09-05T14:39:54Z</time></trkpt>
      <trkpt lat="41.401661" lon="-81.756316"><ele>218</ele><time>2026-09-05T14:39:55Z</time></trkpt>
      <trkpt lat="41.401661" lon="-81.756316"><ele>218</ele><time>2026-09-05T14:39:56Z</time></trkpt>
      <trkpt lat="41.401662" lon="-81.756316"><ele>218</ele><time>2026-09-05T14:39:57Z</time></trkpt>
      <trkpt lat="41.401664" lon="-81.756314"><ele>218</ele><time>2026-09-05T14:39:58Z</time></trkpt>
      <trkpt lat="41.401667" lon="-81.756312"><ele>218</ele><time>2026-09-05T14:39:59Z</time></trkpt>
      <trkpt lat="41.40167" lon="-81.75631"><ele>218</ele><time>2026-09-05T14:40:00Z</time></trkpt>
      <trkpt lat="41.401672" lon="-81.756309"><ele>218</ele><time>2026-09-05T14:40:01Z</time></trkpt>
      <trkpt lat="41.401674" lon="-81.756307"><ele>218</ele><time>2026-09-05T14:40:02Z</time></trkpt>
      <trkpt lat="41.401675" lon="-81.756306"><ele>218</ele><time>2026-09-05T14:40:03Z</time></trkpt>
      <trkpt lat="41.401676" lon="-81.756305"><ele>218</ele><time>2026-09-05T14:40:04Z</time></trkpt>
      <trkpt lat="41.401676" lon="-81.756303"><ele>218</ele><time>2026-09-05T14:40:05Z</time></trkpt>
      <trkpt lat="41.401677" lon="-81.756302"><ele>217.7</ele><time>2026-09-05T14:40:06Z</time></trkpt>
      <trkpt lat="41.401678" lon="-81.7563"><ele>217.799</ele><time>2026-09-05T14:40:07Z</time></trkpt>
      <trkpt lat="41.40168" lon="-81.756298"><ele>218.7</ele><time>2026-09-05T14:40:08Z</time></trkpt>
      <trkpt lat="41.40168" lon="-81.756296"><ele>218.399</ele><time>2026-09-05T14:40:09Z</time></trkpt>
      <trkpt lat="41.401682" lon="-81.756294"><ele>217.999</ele><time>2026-09-05T14:40:10Z</time></trkpt>
      <trkpt lat="41.401683" lon="-81.756292"><ele>217.999</ele><time>2026-09-05T14:40:11Z</time></trkpt>
      <trkpt lat="41.401683" lon="-81.756288"><ele>218.6</ele><time>2026-09-05T14:40:12Z</time></trkpt>
      <trkpt lat="41.401683" lon="-81.756284"><ele>218.6</ele><time>2026-09-05T14:40:13Z</time></trkpt>
      <trkpt lat="41.401683" lon="-81.756283"><ele>218.6</ele><time>2026-09-05T14:40:14Z</time></trkpt>
      <trkpt lat="41.401683" lon="-81.75628"><ele>218.6</ele><time>2026-09-05T14:40:15Z</time></trkpt>
      <trkpt lat="41.401684" lon="-81.756277"><ele>218.6</ele><time>2026-09-05T14:40:16Z</time></trkpt>
      <trkpt lat="41.401685" lon="-81.756275"><ele>218.6</ele><time>2026-09-05T14:40:17Z</time></trkpt>
      <trkpt lat="41.401685" lon="-81.756275"><ele>218.6</ele><time>2026-09-05T14:40:18Z</time></trkpt>
      <trkpt lat="41.401685" lon="-81.756273"><ele>218.6</ele><time>2026-09-05T14:40:19Z</time></trkpt>
      <trkpt lat="41.401684" lon="-81.756272"><ele>218.6</ele><time>2026-09-05T14:40:20Z</time></trkpt>
      <trkpt lat="41.401683" lon="-81.75627"><ele>218</ele><time>2026-09-05T14:40:21Z</time></trkpt>
      <trkpt lat="41.401683" lon="-81.75627"><ele>218</ele><time>2026-09-05T14:40:22Z</time></trkpt>
      <trkpt lat="41.401681" lon="-81.75627"><ele>218</ele><time>2026-09-05T14:40:23Z</time></trkpt>
      <trkpt lat="41.40168" lon="-81.756271"><ele>218</ele><time>2026-09-05T14:40:24Z</time></trkpt>
      <trkpt lat="41.401678" lon="-81.756273"><ele>218</ele><time>2026-09-05T14:40:25Z</time></trkpt>
      <trkpt lat="41.401675" lon="-81.756275"><ele>218</ele><time>2026-09-05T14:40:26Z</time></trkpt>
      <trkpt lat="41.401674" lon="-81.756278"><ele>218</ele><time>2026-09-05T14:40:27Z</time></trkpt>
      <trkpt lat="41.40167" lon="-81.756283"><ele>218</ele><time>2026-09-05T14:40:28Z</time></trkpt>
      <trkpt lat="41.401667" lon="-81.756288"><ele>218</ele><time>2026-09-05T14:40:29Z</time></trkpt>
      <trkpt lat="41.401665" lon="-81.756293"><ele>218</ele><time>2026-09-05T14:40:30Z</time></trkpt>
      <trkpt lat="41.401665" lon="-81.756295"><ele>218</ele><time>2026-09-05T14:40:31Z</time></trkpt>
      <trkpt lat="41.401665" lon="-81.756296"><ele>218</ele><time>2026-09-05T14:40:32Z</time></trkpt>
      <trkpt lat="41.401666" lon="-81.756298"><ele>218</ele><time>2026-09-05T14:40:33Z</time></trkpt>
      <trkpt lat="41.401665" lon="-81.756301"><ele>218</ele><time>2026-09-05T14:40:34Z</time></trkpt>
      <trkpt lat="41.401664" lon="-81.756303"><ele>218</ele><time>2026-09-05T14:40:35Z</time></trkpt>
      <trkpt lat="41.401663" lon="-81.756305"><ele>218</ele><time>2026-09-05T14:40:36Z</time></trkpt>
      <trkpt lat="41.401662" lon="-81.756305"><ele>217.8</ele><time>2026-09-05T14:40:37Z</time></trkpt>
      <trkpt lat="41.401662" lon="-81.756306"><ele>218.1</ele><time>2026-09-05T14:40:38Z</time></trkpt>
      <trkpt lat="41.401663" lon="-81.756305"><ele>218.5</ele><time>2026-09-05T14:40:39Z</time></trkpt>
      <trkpt lat="41.401665" lon="-81.756304"><ele>219</ele><time>2026-09-05T14:40:40Z</time></trkpt>
      <trkpt lat="41.401667" lon="-81.756303"><ele>218.3</ele><time>2026-09-05T14:40:41Z</time></trkpt>
      <trkpt lat="41.40167" lon="-81.756302"><ele>218.6</ele><time>2026-09-05T14:40:42Z</time></trkpt>
      <trkpt lat="41.401673" lon="-81.756301"><ele>218.5</ele><time>2026-09-05T14:40:43Z</time></trkpt>
      <trkpt lat="41.401674" lon="-81.7563"><ele>218.5</ele><time>2026-09-05T14:40:44Z</time></trkpt>
      <trkpt lat="41.401676" lon="-81.756301"><ele>218.1</ele><time>2026-09-05T14:40:45Z</time></trkpt>
      <trkpt lat="41.401676" lon="-81.756303"><ele>218.1</ele><time>2026-09-05T14:40:46Z</time></trkpt>
      <trkpt lat="41.401677" lon="-81.756307"><ele>218.6</ele><time>2026-09-05T14:40:47Z</time></trkpt>
      <trkpt lat="41.401678" lon="-81.756314"><ele>218.6</ele><time>2026-09-05T14:40:48Z</time></trkpt>
      <trkpt lat="41.401669" lon="-81.756328"><ele>218.6</ele><time>2026-09-05T14:40:49Z</time></trkpt>
      <trkpt lat="41.401659" lon="-81.756338"><ele>218.6</ele><time>2026-09-05T14:40:50Z</time></trkpt>
      <trkpt lat="41.401646" lon="-81.756344"><ele>218.7</ele><time>2026-09-05T14:40:51Z</time></trkpt>
      <trkpt lat="41.401634" lon="-81.756344"><ele>218.9</ele><time>2026-09-05T14:40:52Z</time></trkpt>
      <trkpt lat="41.401627" lon="-81.756344"><ele>218.9</ele><time>2026-09-05T14:40:53Z</time></trkpt>
      <trkpt lat="41.401622" lon="-81.756345"><ele>218.9</ele><time>2026-09-05T14:40:54Z</time></trkpt>
      <trkpt lat="41.401621" lon="-81.756347"><ele>218.8</ele><time>2026-09-05T14:40:55Z</time></trkpt>
      <trkpt lat="41.401622" lon="-81.756348"><ele>218.6</ele><time>2026-09-05T14:40:56Z</time></trkpt>
      <trkpt lat="41.401626" lon="-81.756347"><ele>218.4</ele><time>2026-09-05T14:40:57Z</time></trkpt>
      <trkpt lat="41.40163" lon="-81.756342"><ele>218.4</ele><time>2026-09-05T14:40:58Z</time></trkpt>
      <trkpt lat="41.401631" lon="-81.75634"><ele>218.4</ele><time>2026-09-05T14:40:59Z</time></trkpt>
      <trkpt lat="41.401628" lon="-81.756338"><ele>218.3</ele><time>2026-09-05T14:41:00Z</time></trkpt>
      <trkpt lat="41.401626" lon="-81.756335"><ele>218.3</ele><time>2026-09-05T14:41:01Z</time></trkpt>
      <trkpt lat="41.401625" lon="-81.756333"><ele>218.3</ele><time>2026-09-05T14:41:02Z</time></trkpt>
      <trkpt lat="41.401624" lon="-81.756332"><ele>218.2</ele><time>2026-09-05T14:41:03Z</time></trkpt>
      <trkpt lat="41.401623" lon="-81.75633"><ele>218.2</ele><time>2026-09-05T14:41:04Z</time></trkpt>
      <trkpt lat="41.401623" lon="-81.756329"><ele>218.2</ele><time>2026-09-05T14:41:05Z</time></trkpt>
      <trkpt lat="41.401623" lon="-81.75633"><ele>218.3</ele><time>2026-09-05T14:41:06Z</time></trkpt>
      <trkpt lat="41.401622" lon="-81.75633"><ele>218.3</ele><time>2026-09-05T14:41:07Z</time></trkpt>
      <trkpt lat="41.401623" lon="-81.75633"><ele>218.3</ele><time>2026-09-05T14:41:08Z</time></trkpt>
      <trkpt lat="41.401623" lon="-81.75633"><ele>218.3</ele><time>2026-09-05T14:41:09Z</time></trkpt>
      <trkpt lat="41.401623" lon="-81.75633"><ele>218.3</ele><time>2026-09-05T14:41:10Z</time></trkpt>
      <trkpt lat="41.401623" lon="-81.75633"><ele>218.3</ele><time>2026-09-05T14:41:11Z</time></trkpt>
      <trkpt lat="41.401623" lon="-81.756332"><ele>218.3</ele><time>2026-09-05T14:41:12Z</time></trkpt>
      <trkpt lat="41.40162" lon="-81.756335"><ele>218.3</ele><time>2026-09-05T14:41:13Z</time></trkpt>
      <trkpt lat="41.401619" lon="-81.756339"><ele>218.3</ele><time>2026-09-05T14:41:14Z</time></trkpt>
      <trkpt lat="41.401618" lon="-81.756342"><ele>218.3</ele><time>2026-09-05T14:41:15Z</time></trkpt>
      <trkpt lat="41.401616" lon="-81.756337"><ele>218.4</ele><time>2026-09-05T14:41:16Z</time></trkpt>
      <trkpt lat="41.401615" lon="-81.756331"><ele>218.4</ele><time>2026-09-05T14:41:17Z</time></trkpt>
      <trkpt lat="41.401614" lon="-81.756327"><ele>218.5</ele><time>2026-09-05T14:41:18Z</time></trkpt>
      <trkpt lat="41.401613" lon="-81.756323"><ele>218.5</ele><time>2026-09-05T14:41:19Z</time></trkpt>
      <trkpt lat="41.401613" lon="-81.75632"><ele>218.5</ele><time>2026-09-05T14:41:20Z</time></trkpt>
      <trkpt lat="41.401613" lon="-81.756316"><ele>218.5</ele><time>2026-09-05T14:41:21Z</time></trkpt>
      <trkpt lat="41.40161" lon="-81.75631"><ele>218.5</ele><time>2026-09-05T14:41:22Z</time></trkpt>
      <trkpt lat="41.401606" lon="-81.756302"><ele>218.3</ele><time>2026-09-05T14:41:23Z</time></trkpt>
      <trkpt lat="41.401606" lon="-81.756293"><ele>218</ele><time>2026-09-05T14:41:24Z</time></trkpt>
      <trkpt lat="41.401606" lon="-81.756286"><ele>218</ele><time>2026-09-05T14:41:25Z</time></trkpt>
      <trkpt lat="41.401607" lon="-81.756282"><ele>218</ele><time>2026-09-05T14:41:26Z</time></trkpt>
      <trkpt lat="41.401609" lon="-81.756281"><ele>218</ele><time>2026-09-05T14:41:27Z</time></trkpt>
      <trkpt lat="41.40161" lon="-81.75628"><ele>218</ele><time>2026-09-05T14:41:28Z</time></trkpt>
      <trkpt lat="41.40161" lon="-81.75628"><ele>218</ele><time>2026-09-05T14:41:29Z</time></trkpt>
      <trkpt lat="41.40161" lon="-81.75628"><ele>218</ele><time>2026-09-05T14:41:30Z</time></trkpt>
      <trkpt lat="41.40161" lon="-81.756282"><ele>218</ele><time>2026-09-05T14:41:31Z</time></trkpt>
      <trkpt lat="41.401612" lon="-81.756283"><ele>218</ele><time>2026-09-05T14:41:32Z</time></trkpt>
      <trkpt lat="41.401614" lon="-81.756286"><ele>218</ele><time>2026-09-05T14:41:33Z</time></trkpt>
      <trkpt lat="41.401614" lon="-81.756285"><ele>218</ele><time>2026-09-05T14:41:34Z</time></trkpt>
      <trkpt lat="41.401615" lon="-81.756284"><ele>218</ele><time>2026-09-05T14:41:35Z</time></trkpt>
      <trkpt lat="41.401615" lon="-81.75628"><ele>218</ele><time>2026-09-05T14:41:36Z</time></trkpt>
      <trkpt lat="41.401614" lon="-81.756276"><ele>218</ele><time>2026-09-05T14:41:37Z</time></trkpt>
      <trkpt lat="41.401615" lon="-81.756272"><ele>218</ele><time>2026-09-05T14:41:38Z</time></trkpt>
      <trkpt lat="41.401615" lon="-81.75627"><ele>218</ele><time>2026-09-05T14:41:39Z</time></trkpt>
      <trkpt lat="41.401614" lon="-81.756264"><ele>218</ele><time>2026-09-05T14:41:40Z</time></trkpt>
      <trkpt lat="41.401613" lon="-81.756259"><ele>218</ele><time>2026-09-05T14:41:41Z</time></trkpt>
      <trkpt lat="41.401613" lon="-81.756255"><ele>218</ele><time>2026-09-05T14:41:42Z</time></trkpt>
      <trkpt lat="41.401613" lon="-81.756252"><ele>218</ele><time>2026-09-05T14:41:43Z</time></trkpt>
      <trkpt lat="41.401614" lon="-81.756251"><ele>218</ele><time>2026-09-05T14:41:44Z</time></trkpt>
      <trkpt lat="41.401616" lon="-81.756251"><ele>218</ele><time>2026-09-05T14:41:45Z</time></trkpt>
      <trkpt lat="41.401618" lon="-81.756252"><ele>218</ele><time>2026-09-05T14:41:46Z</time></trkpt>
      <trkpt lat="41.401619" lon="-81.756253"><ele>218</ele><time>2026-09-05T14:41:47Z</time></trkpt>
      <trkpt lat="41.40162" lon="-81.756257"><ele>218</ele><time>2026-09-05T14:41:48Z</time></trkpt>
      <trkpt lat="41.401622" lon="-81.75626"><ele>218</ele><time>2026-09-05T14:41:49Z</time></trkpt>
      <trkpt lat="41.401624" lon="-81.756263"><ele>218</ele><time>2026-09-05T14:41:50Z</time></trkpt>
      <trkpt lat="41.401626" lon="-81.756267"><ele>218</ele><time>2026-09-05T14:41:51Z</time></trkpt>
      <trkpt lat="41.401629" lon="-81.756271"><ele>218</ele><time>2026-09-05T14:41:52Z</time></trkpt>
      <trkpt lat="41.401631" lon="-81.756275"><ele>218</ele><time>2026-09-05T14:41:53Z</time></trkpt>
      <trkpt lat="41.401634" lon="-81.756279"><ele>216.5</ele><time>2026-09-05T14:41:54Z</time></trkpt>
      <trkpt lat="41.401635" lon="-81.756281"><ele>216.5</ele><time>2026-09-05T14:41:55Z</time></trkpt>
      <trkpt lat="41.401637" lon="-81.756281"><ele>216.5</ele><time>2026-09-05T14:41:56Z</time></trkpt>
      <trkpt lat="41.401638" lon="-81.756281"><ele>216.5</ele><time>2026-09-05T14:41:57Z</time></trkpt>
      <trkpt lat="41.40164" lon="-81.756282"><ele>216.5</ele><time>2026-09-05T14:41:58Z</time></trkpt>
      <trkpt lat="41.401641" lon="-81.756284"><ele>216.5</ele><time>2026-09-05T14:41:59Z</time></trkpt>
      <trkpt lat="41.401642" lon="-81.756286"><ele>218</ele><time>2026-09-05T14:42:00Z</time></trkpt>
      <trkpt lat="41.401642" lon="-81.756288"><ele>218</ele><time>2026-09-05T14:42:01Z</time></trkpt>
      <trkpt lat="41.401644" lon="-81.75629"><ele>218</ele><time>2026-09-05T14:42:02Z</time></trkpt>
      <trkpt lat="41.401647" lon="-81.75629"><ele>218</ele><time>2026-09-05T14:42:03Z</time></trkpt>
      <trkpt lat="41.40165" lon="-81.756287"><ele>218</ele><time>2026-09-05T14:42:04Z</time></trkpt>
      <trkpt lat="41.401651" lon="-81.756283"><ele>218</ele><time>2026-09-05T14:42:05Z</time></trkpt>
      <trkpt lat="41.401651" lon="-81.756276"><ele>218</ele><time>2026-09-05T14:42:06Z</time></trkpt>
      <trkpt lat="41.401644" lon="-81.756259"><ele>218</ele><time>2026-09-05T14:42:07Z</time></trkpt>
      <trkpt lat="41.401632" lon="-81.756235"><ele>218</ele><time>2026-09-05T14:42:08Z</time></trkpt>
      <trkpt lat="41.401627" lon="-81.756226"><ele>218</ele><time>2026-09-05T14:42:09Z</time></trkpt>
      <trkpt lat="41.401624" lon="-81.756225"><ele>218</ele><time>2026-09-05T14:42:10Z</time></trkpt>
      <trkpt lat="41.401624" lon="-81.756226"><ele>218</ele><time>2026-09-05T14:42:11Z</time></trkpt>
      <trkpt lat="41.401626" lon="-81.756228"><ele>218</ele><time>2026-09-05T14:42:12Z</time></trkpt>
      <trkpt lat="41.401628" lon="-81.756231"><ele>218</ele><time>2026-09-05T14:42:13Z</time></trkpt>
      <trkpt lat="41.40163" lon="-81.756232"><ele>218</ele><time>2026-09-05T14:42:14Z</time></trkpt>
      <trkpt lat="41.401631" lon="-81.756233"><ele>218</ele><time>2026-09-05T14:42:15Z</time></trkpt>
      <trkpt lat="41.401632" lon="-81.756235"><ele>218</ele><time>2026-09-05T14:42:16Z</time></trkpt>
      <trkpt lat="41.401632" lon="-81.756237"><ele>218</ele><time>2026-09-05T14:42:17Z</time></trkpt>
      <trkpt lat="41.401631" lon="-81.756241"><ele>218</ele><time>2026-09-05T14:42:18Z</time></trkpt>
      <trkpt lat="41.401631" lon="-81.756248"><ele>218</ele><time>2026-09-05T14:42:19Z</time></trkpt>
      <trkpt lat="41.401628" lon="-81.756257"><ele>218</ele><time>2026-09-05T14:42:20Z</time></trkpt>
      <trkpt lat="41.401625" lon="-81.756269"><ele>218</ele><time>2026-09-05T14:42:21Z</time></trkpt>
      <trkpt lat="41.40162" lon="-81.75628"><ele>218</ele><time>2026-09-05T14:42:22Z</time></trkpt>
      <trkpt lat="41.401614" lon="-81.756289"><ele>218</ele><time>2026-09-05T14:42:23Z</time></trkpt>
      <trkpt lat="41.401612" lon="-81.756297"><ele>218</ele><time>2026-09-05T14:42:24Z</time></trkpt>
      <trkpt lat="41.401611" lon="-81.756306"><ele>218</ele><time>2026-09-05T14:42:25Z</time></trkpt>
      <trkpt lat="41.401615" lon="-81.75632"><ele>218</ele><time>2026-09-05T14:42:26Z</time></trkpt>
      <trkpt lat="41.40162" lon="-81.756333"><ele>218</ele><time>2026-09-05T14:42:27Z</time></trkpt>
      <trkpt lat="41.401624" lon="-81.756343"><ele>218</ele><time>2026-09-05T14:42:28Z</time></trkpt>
      <trkpt lat="41.401629" lon="-81.75635"><ele>218</ele><time>2026-09-05T14:42:29Z</time></trkpt>
      <trkpt lat="41.401636" lon="-81.756353"><ele>218</ele><time>2026-09-05T14:42:30Z</time></trkpt>
      <trkpt lat="41.401641" lon="-81.756354"><ele>218</ele><time>2026-09-05T14:42:31Z</time></trkpt>
      <trkpt lat="41.401643" lon="-81.756352"><ele>218</ele><time>2026-09-05T14:42:32Z</time></trkpt>
      <trkpt lat="41.401646" lon="-81.756351"><ele>218</ele><time>2026-09-05T14:42:33Z</time></trkpt>
      <trkpt lat="41.401647" lon="-81.756347"><ele>218</ele><time>2026-09-05T14:42:34Z</time></trkpt>
      <trkpt lat="41.401647" lon="-81.756343"><ele>218</ele><time>2026-09-05T14:42:35Z</time></trkpt>
      <trkpt lat="41.401647" lon="-81.756339"><ele>218</ele><time>2026-09-05T14:42:36Z</time></trkpt>
      <trkpt lat="41.401647" lon="-81.756338"><ele>218</ele><time>2026-09-05T14:42:37Z</time></trkpt>
      <trkpt lat="41.401648" lon="-81.756334"><ele>218</ele><time>2026-09-05T14:42:38Z</time></trkpt>
      <trkpt lat="41.40165" lon="-81.756333"><ele>218.6</ele><time>2026-09-05T14:42:39Z</time></trkpt>
      <trkpt lat="41.401652" lon="-81.756331"><ele>218.6</ele><time>2026-09-05T14:42:40Z</time></trkpt>
      <trkpt lat="41.401653" lon="-81.756328"><ele>218.6</ele><time>2026-09-05T14:42:41Z</time></trkpt>
      <trkpt lat="41.401655" lon="-81.756325"><ele>218.6</ele><time>2026-09-05T14:42:42Z</time></trkpt>
      <trkpt lat="41.401655" lon="-81.75632"><ele>218.6</ele><time>2026-09-05T14:42:43Z</time></trkpt>
      <trkpt lat="41.401656" lon="-81.756315"><ele>218.6</ele><time>2026-09-05T14:42:44Z</time></trkpt>
      <trkpt lat="41.401657" lon="-81.75631"><ele>218.6</ele><time>2026-09-05T14:42:45Z</time></trkpt>
      <trkpt lat="41.401657" lon="-81.756307"><ele>218.6</ele><time>2026-09-05T14:42:46Z</time></trkpt>
      <trkpt lat="41.401657" lon="-81.756306"><ele>216.5</ele><time>2026-09-05T14:42:47Z</time></trkpt>
      <trkpt lat="41.401657" lon="-81.756301"><ele>216.5</ele><time>2026-09-05T14:42:48Z</time></trkpt>
      <trkpt lat="41.401657" lon="-81.756297"><ele>216.5</ele><time>2026-09-05T14:42:49Z</time></trkpt>
      <trkpt lat="41.401657" lon="-81.756296"><ele>216.5</ele><time>2026-09-05T14:42:50Z</time></trkpt>
      <trkpt lat="41.401657" lon="-81.756297"><ele>216.5</ele><time>2026-09-05T14:42:51Z</time></trkpt>
      <trkpt lat="41.401657" lon="-81.7563"><ele>218</ele><time>2026-09-05T14:42:52Z</time></trkpt>
      <trkpt lat="41.401657" lon="-81.756304"><ele>218</ele><time>2026-09-05T14:42:53Z</time></trkpt>
      <trkpt lat="41.401659" lon="-81.756309"><ele>218</ele><time>2026-09-05T14:42:54Z</time></trkpt>
      <trkpt lat="41.40166" lon="-81.756314"><ele>216.5</ele><time>2026-09-05T14:42:55Z</time></trkpt>
      <trkpt lat="41.40166" lon="-81.756317"><ele>216.5</ele><time>2026-09-05T14:42:56Z</time></trkpt>
      <trkpt lat="41.401659" lon="-81.75632"><ele>216.5</ele><time>2026-09-05T14:42:57Z</time></trkpt>
      <trkpt lat="41.401657" lon="-81.756321"><ele>216.5</ele><time>2026-09-05T14:42:58Z</time></trkpt>
      <trkpt lat="41.401657" lon="-81.756322"><ele>217.3</ele><time>2026-09-05T14:42:59Z</time></trkpt>
      <trkpt lat="41.401656" lon="-81.756323"><ele>217.3</ele><time>2026-09-05T14:43:00Z</time></trkpt>
      <trkpt lat="41.401656" lon="-81.756324"><ele>217.3</ele><time>2026-09-05T14:43:01Z</time></trkpt>
      <trkpt lat="41.401657" lon="-81.756325"><ele>217.1</ele><time>2026-09-05T14:43:02Z</time></trkpt>
      <trkpt lat="41.401657" lon="-81.756325"><ele>217.2</ele><time>2026-09-05T14:43:03Z</time></trkpt>
      <trkpt lat="41.401657" lon="-81.756326"><ele>217.2</ele><time>2026-09-05T14:43:04Z</time></trkpt>
      <trkpt lat="41.401657" lon="-81.756327"><ele>217</ele><time>2026-09-05T14:43:05Z</time></trkpt>
      <trkpt lat="41.401657" lon="-81.756328"><ele>217</ele><time>2026-09-05T14:43:06Z</time></trkpt>
      <trkpt lat="41.401657" lon="-81.756328"><ele>217</ele><time>2026-09-05T14:43:07Z</time></trkpt>
      <trkpt lat="41.401657" lon="-81.756327"><ele>217</ele><time>2026-09-05T14:43:08Z</time></trkpt>
      <trkpt lat="41.401657" lon="-81.756327"><ele>217</ele><time>2026-09-05T14:43:09Z</time></trkpt>
      <trkpt lat="41.401659" lon="-81.756327"><ele>218.6</ele><time>2026-09-05T14:43:10Z</time></trkpt>
      <trkpt lat="41.40166" lon="-81.756327"><ele>218.6</ele><time>2026-09-05T14:43:11Z</time></trkpt>
      <trkpt lat="41.40166" lon="-81.756327"><ele>218.6</ele><time>2026-09-05T14:43:12Z</time></trkpt>
      <trkpt lat="41.40166" lon="-81.756328"><ele>218.6</ele><time>2026-09-05T14:43:13Z</time></trkpt>
      <trkpt lat="41.401658" lon="-81.75633"><ele>218.6</ele><time>2026-09-05T14:43:14Z</time></trkpt>
      <trkpt lat="41.401657" lon="-81.756333"><ele>218.6</ele><time>2026-09-05T14:43:15Z</time></trkpt>
      <trkpt lat="41.401657" lon="-81.756335"><ele>218.6</ele><time>2026-09-05T14:43:16Z</time></trkpt>
      <trkpt lat="41.401657" lon="-81.756335"><ele>218.6</ele><time>2026-09-05T14:43:17Z</time></trkpt>
      <trkpt lat="41.401657" lon="-81.756336"><ele>216.5</ele><time>2026-09-05T14:43:18Z</time></trkpt>
      <trkpt lat="41.401657" lon="-81.756337"><ele>216.5</ele><time>2026-09-05T14:43:19Z</time></trkpt>
      <trkpt lat="41.401657" lon="-81.756337"><ele>216.5</ele><time>2026-09-05T14:43:20Z</time></trkpt>
      <trkpt lat="41.401657" lon="-81.756337"><ele>216.5</ele><time>2026-09-05T14:43:21Z</time></trkpt>
      <trkpt lat="41.401657" lon="-81.756337"><ele>216.5</ele><time>2026-09-05T14:43:22Z</time></trkpt>
      <trkpt lat="41.401657" lon="-81.756338"><ele>217.6</ele><time>2026-09-05T14:43:23Z</time></trkpt>
      <trkpt lat="41.401656" lon="-81.756339"><ele>217.6</ele><time>2026-09-05T14:43:24Z</time></trkpt>
      <trkpt lat="41.401655" lon="-81.75634"><ele>217.6</ele><time>2026-09-05T14:43:25Z</time></trkpt>
      <trkpt lat="41.401655" lon="-81.75634"><ele>217.6</ele><time>2026-09-05T14:43:26Z</time></trkpt>
      <trkpt lat="41.401655" lon="-81.75634"><ele>217.6</ele><time>2026-09-05T14:43:27Z</time></trkpt>
      <trkpt lat="41.401654" lon="-81.75634"><ele>217.5</ele><time>2026-09-05T14:43:28Z</time></trkpt>
      <trkpt lat="41.401652" lon="-81.75634"><ele>217.5</ele><time>2026-09-05T14:43:29Z</time></trkpt>
      <trkpt lat="41.40165" lon="-81.756341"><ele>217.5</ele><time>2026-09-05T14:43:30Z</time></trkpt>
      <trkpt lat="41.401649" lon="-81.75634"><ele>217.5</ele><time>2026-09-05T14:43:31Z</time></trkpt>
      <trkpt lat="41.401648" lon="-81.75634"><ele>217.5</ele><time>2026-09-05T14:43:32Z</time></trkpt>
      <trkpt lat="41.401649" lon="-81.756341"><ele>217.5</ele><time>2026-09-05T14:43:33Z</time></trkpt>
      <trkpt lat="41.40165" lon="-81.756342"><ele>217.5</ele><time>2026-09-05T14:43:34Z</time></trkpt>
      <trkpt lat="41.401651" lon="-81.756342"><ele>217.5</ele><time>2026-09-05T14:43:35Z</time></trkpt>
      <trkpt lat="41.401653" lon="-81.756342"><ele>217.5</ele><time>2026-09-05T14:43:36Z</time></trkpt>
      <trkpt lat="41.401652" lon="-81.756343"><ele>217.5</ele><time>2026-09-05T14:43:37Z</time></trkpt>
      <trkpt lat="41.401653" lon="-81.756343"><ele>217.5</ele><time>2026-09-05T14:43:38Z</time></trkpt>
      <trkpt lat="41.401653" lon="-81.756342"><ele>217.3</ele><time>2026-09-05T14:43:39Z</time></trkpt>
      <trkpt lat="41.401654" lon="-81.756339"><ele>218.6</ele><time>2026-09-05T14:43:40Z</time></trkpt>
      <trkpt lat="41.401653" lon="-81.756336"><ele>218.6</ele><time>2026-09-05T14:43:41Z</time></trkpt>
      <trkpt lat="41.401654" lon="-81.756332"><ele>218.6</ele><time>2026-09-05T14:43:42Z</time></trkpt>
      <trkpt lat="41.401655" lon="-81.756328"><ele>218.6</ele><time>2026-09-05T14:43:43Z</time></trkpt>
      <trkpt lat="41.401655" lon="-81.756325"><ele>218.6</ele><time>2026-09-05T14:43:44Z</time></trkpt>
      <trkpt lat="41.401656" lon="-81.756323"><ele>218.6</ele><time>2026-09-05T14:43:45Z</time></trkpt>
      <trkpt lat="41.401658" lon="-81.756321"><ele>218.6</ele><time>2026-09-05T14:43:46Z</time></trkpt>
      <trkpt lat="41.401659" lon="-81.756321"><ele>218.6</ele><time>2026-09-05T14:43:47Z</time></trkpt>
      <trkpt lat="41.401659" lon="-81.756321"><ele>218.6</ele><time>2026-09-05T14:43:48Z</time></trkpt>
      <trkpt lat="41.401659" lon="-81.756322"><ele>216.5</ele><time>2026-09-05T14:43:49Z</time></trkpt>
      <trkpt lat="41.401658" lon="-81.756322"><ele>216.5</ele><time>2026-09-05T14:43:50Z</time></trkpt>
      <trkpt lat="41.401657" lon="-81.756323"><ele>216.5</ele><time>2026-09-05T14:43:51Z</time></trkpt>
      <trkpt lat="41.401657" lon="-81.756323"><ele>216.5</ele><time>2026-09-05T14:43:52Z</time></trkpt>
      <trkpt lat="41.401656" lon="-81.756324"><ele>216.5</ele><time>2026-09-05T14:43:53Z</time></trkpt>
      <trkpt lat="41.401654" lon="-81.756325"><ele>217.6</ele><time>2026-09-05T14:43:54Z</time></trkpt>
      <trkpt lat="41.401653" lon="-81.756325"><ele>217.6</ele><time>2026-09-05T14:43:55Z</time></trkpt>
      <trkpt lat="41.401652" lon="-81.756325"><ele>217.5</ele><time>2026-09-05T14:43:56Z</time></trkpt>
      <trkpt lat="41.401651" lon="-81.756325"><ele>217.5</ele><time>2026-09-05T14:43:57Z</time></trkpt>
      <trkpt lat="41.401649" lon="-81.756326"><ele>216.5</ele><time>2026-09-05T14:43:58Z</time></trkpt>
      <trkpt lat="41.401646" lon="-81.756329"><ele>216.5</ele><time>2026-09-05T14:43:59Z</time></trkpt>
      <trkpt lat="41.401643" lon="-81.756332"><ele>216.5</ele><time>2026-09-05T14:44:00Z</time></trkpt>
      <trkpt lat="41.401642" lon="-81.756334"><ele>216.5</ele><time>2026-09-05T14:44:01Z</time></trkpt>
      <trkpt lat="41.401641" lon="-81.756335"><ele>216.5</ele><time>2026-09-05T14:44:02Z</time></trkpt>
      <trkpt lat="41.401641" lon="-81.756334"><ele>217.6</ele><time>2026-09-05T14:44:03Z</time></trkpt>
      <trkpt lat="41.401642" lon="-81.756334"><ele>217.8</ele><time>2026-09-05T14:44:04Z</time></trkpt>
      <trkpt lat="41.401641" lon="-81.756333"><ele>217.8</ele><time>2026-09-05T14:44:05Z</time></trkpt>
      <trkpt lat="41.401641" lon="-81.756332"><ele>218</ele><time>2026-09-05T14:44:06Z</time></trkpt>
      <trkpt lat="41.40164" lon="-81.756331"><ele>218</ele><time>2026-09-05T14:44:07Z</time></trkpt>
      <trkpt lat="41.401636" lon="-81.756331"><ele>217.9</ele><time>2026-09-05T14:44:08Z</time></trkpt>
      <trkpt lat="41.401631" lon="-81.75633"><ele>217.9</ele><time>2026-09-05T14:44:09Z</time></trkpt>
      <trkpt lat="41.401627" lon="-81.756329"><ele>217.8</ele><time>2026-09-05T14:44:10Z</time></trkpt>
      <trkpt lat="41.401621" lon="-81.756326"><ele>217.9</ele><time>2026-09-05T14:44:11Z</time></trkpt>
      <trkpt lat="41.401618" lon="-81.756325"><ele>217.9</ele><time>2026-09-05T14:44:12Z</time></trkpt>
      <trkpt lat="41.401614" lon="-81.756322"><ele>218</ele><time>2026-09-05T14:44:13Z</time></trkpt>
      <trkpt lat="41.401611" lon="-81.756322"><ele>218</ele><time>2026-09-05T14:44:14Z</time></trkpt>
      <trkpt lat="41.401609" lon="-81.756321"><ele>218.1</ele><time>2026-09-05T14:44:15Z</time></trkpt>
      <trkpt lat="41.401609" lon="-81.756318"><ele>218.1</ele><time>2026-09-05T14:44:16Z</time></trkpt>
      <trkpt lat="41.401608" lon="-81.756317"><ele>218.1</ele><time>2026-09-05T14:44:17Z</time></trkpt>
      <trkpt lat="41.401608" lon="-81.756317"><ele>218.1</ele><time>2026-09-05T14:44:18Z</time></trkpt>
      <trkpt lat="41.401608" lon="-81.756317"><ele>218</ele><time>2026-09-05T14:44:19Z</time></trkpt>
      <trkpt lat="41.401608" lon="-81.756317"><ele>218</ele><time>2026-09-05T14:44:20Z</time></trkpt>
      <trkpt lat="41.401607" lon="-81.756317"><ele>218</ele><time>2026-09-05T14:44:21Z</time></trkpt>
      <trkpt lat="41.401608" lon="-81.756317"><ele>218.1</ele><time>2026-09-05T14:44:22Z</time></trkpt>
      <trkpt lat="41.401609" lon="-81.756317"><ele>218.1</ele><time>2026-09-05T14:44:23Z</time></trkpt>
      <trkpt lat="41.401613" lon="-81.756318"><ele>218</ele><time>2026-09-05T14:44:24Z</time></trkpt>
      <trkpt lat="41.401615" lon="-81.756317"><ele>218</ele><time>2026-09-05T14:44:25Z</time></trkpt>
      <trkpt lat="41.401618" lon="-81.756314"><ele>216.5</ele><time>2026-09-05T14:44:26Z</time></trkpt>
      <trkpt lat="41.401622" lon="-81.756308"><ele>216.5</ele><time>2026-09-05T14:44:27Z</time></trkpt>
      <trkpt lat="41.401626" lon="-81.756303"><ele>216.5</ele><time>2026-09-05T14:44:28Z</time></trkpt>
      <trkpt lat="41.40163" lon="-81.756296"><ele>216.5</ele><time>2026-09-05T14:44:29Z</time></trkpt>
      <trkpt lat="41.401635" lon="-81.756289"><ele>216.5</ele><time>2026-09-05T14:44:30Z</time></trkpt>
      <trkpt lat="41.401641" lon="-81.756282"><ele>216.5</ele><time>2026-09-05T14:44:31Z</time></trkpt>
      <trkpt lat="41.401644" lon="-81.756279"><ele>216.2</ele><time>2026-09-05T14:44:32Z</time></trkpt>
      <trkpt lat="41.401647" lon="-81.756278"><ele>216.2</ele><time>2026-09-05T14:44:33Z</time></trkpt>
      <trkpt lat="41.401649" lon="-81.756277"><ele>217.5</ele><time>2026-09-05T14:44:34Z</time></trkpt>
      <trkpt lat="41.401651" lon="-81.756275"><ele>217.5</ele><time>2026-09-05T14:44:35Z</time></trkpt>
      <trkpt lat="41.401653" lon="-81.756274"><ele>217.5</ele><time>2026-09-05T14:44:36Z</time></trkpt>
      <trkpt lat="41.401655" lon="-81.756274"><ele>216.2</ele><time>2026-09-05T14:44:37Z</time></trkpt>
      <trkpt lat="41.401656" lon="-81.756275"><ele>217.399</ele><time>2026-09-05T14:44:38Z</time></trkpt>
      <trkpt lat="41.401655" lon="-81.756278"><ele>217.399</ele><time>2026-09-05T14:44:39Z</time></trkpt>
      <trkpt lat="41.401656" lon="-81.75628"><ele>217.4</ele><time>2026-09-05T14:44:40Z</time></trkpt>
      <trkpt lat="41.401655" lon="-81.756283"><ele>217.4</ele><time>2026-09-05T14:44:41Z</time></trkpt>
      <trkpt lat="41.401655" lon="-81.756283"><ele>217.6</ele><time>2026-09-05T14:44:42Z</time></trkpt>
      <trkpt lat="41.401654" lon="-81.756283"><ele>217.6</ele><time>2026-09-05T14:44:43Z</time></trkpt>
      <trkpt lat="41.401652" lon="-81.756284"><ele>217.5</ele><time>2026-09-05T14:44:44Z</time></trkpt>
      <trkpt lat="41.40165" lon="-81.756285"><ele>217.5</ele><time>2026-09-05T14:44:45Z</time></trkpt>
      <trkpt lat="41.401649" lon="-81.756286"><ele>217.5</ele><time>2026-09-05T14:44:46Z</time></trkpt>
      <trkpt lat="41.401648" lon="-81.756288"><ele>216.5</ele><time>2026-09-05T14:44:47Z</time></trkpt>
      <trkpt lat="41.401648" lon="-81.756291"><ele>216.5</ele><time>2026-09-05T14:44:48Z</time></trkpt>
      <trkpt lat="41.401647" lon="-81.756294"><ele>216.5</ele><time>2026-09-05T14:44:49Z</time></trkpt>
      <trkpt lat="41.401646" lon="-81.756297"><ele>216.5</ele><time>2026-09-05T14:44:50Z</time></trkpt>
      <trkpt lat="41.401645" lon="-81.7563"><ele>216.5</ele><time>2026-09-05T14:44:51Z</time></trkpt>
      <trkpt lat="41.401645" lon="-81.756303"><ele>216.5</ele><time>2026-09-05T14:44:52Z</time></trkpt>
      <trkpt lat="41.401644" lon="-81.756305"><ele>216.5</ele><time>2026-09-05T14:44:53Z</time></trkpt>
      <trkpt lat="41.401643" lon="-81.756305"><ele>217.1</ele><time>2026-09-05T14:44:54Z</time></trkpt>
      <trkpt lat="41.401643" lon="-81.756305"><ele>217.1</ele><time>2026-09-05T14:44:55Z</time></trkpt>
      <trkpt lat="41.401643" lon="-81.756303"><ele>216.5</ele><time>2026-09-05T14:44:56Z</time></trkpt>
      <trkpt lat="41.401643" lon="-81.7563"><ele>216.5</ele><time>2026-09-05T14:44:57Z</time></trkpt>
      <trkpt lat="41.401643" lon="-81.756297"><ele>216.5</ele><time>2026-09-05T14:44:58Z</time></trkpt>
      <trkpt lat="41.401642" lon="-81.756294"><ele>216.5</ele><time>2026-09-05T14:44:59Z</time></trkpt>
      <trkpt lat="41.401641" lon="-81.756292"><ele>216.5</ele><time>2026-09-05T14:45:00Z</time></trkpt>
      <trkpt lat="41.40164" lon="-81.756289"><ele>216.5</ele><time>2026-09-05T14:45:01Z</time></trkpt>
      <trkpt lat="41.40164" lon="-81.756286"><ele>216.2</ele><time>2026-09-05T14:45:02Z</time></trkpt>
      <trkpt lat="41.40164" lon="-81.756283"><ele>216.2</ele><time>2026-09-05T14:45:03Z</time></trkpt>
      <trkpt lat="41.40164" lon="-81.75628"><ele>216.899</ele><time>2026-09-05T14:45:04Z</time></trkpt>
      <trkpt lat="41.401641" lon="-81.756278"><ele>216.999</ele><time>2026-09-05T14:45:05Z</time></trkpt>
      <trkpt lat="41.40164" lon="-81.756275"><ele>216.999</ele><time>2026-09-05T14:45:06Z</time></trkpt>
      <trkpt lat="41.401641" lon="-81.756271"><ele>216.2</ele><time>2026-09-05T14:45:07Z</time></trkpt>
      <trkpt lat="41.40164" lon="-81.756267"><ele>216.899</ele><time>2026-09-05T14:45:08Z</time></trkpt>
      <trkpt lat="41.401639" lon="-81.756262"><ele>216.799</ele><time>2026-09-05T14:45:09Z</time></trkpt>
      <trkpt lat="41.40164" lon="-81.756259"><ele>216.899</ele><time>2026-09-05T14:45:10Z</time></trkpt>
      <trkpt lat="41.401642" lon="-81.756257"><ele>216.899</ele><time>2026-09-05T14:45:11Z</time></trkpt>
      <trkpt lat="41.401643" lon="-81.756257"><ele>216.899</ele><time>2026-09-05T14:45:12Z</time></trkpt>
      <trkpt lat="41.401645" lon="-81.756257"><ele>216.999</ele><time>2026-09-05T14:45:13Z</time></trkpt>
      <trkpt lat="41.401648" lon="-81.756257"><ele>216.999</ele><time>2026-09-05T14:45:14Z</time></trkpt>
      <trkpt lat="41.40165" lon="-81.756257"><ele>216.999</ele><time>2026-09-05T14:45:15Z</time></trkpt>
      <trkpt lat="41.401653" lon="-81.75626"><ele>217</ele><time>2026-09-05T14:45:16Z</time></trkpt>
      <trkpt lat="41.401653" lon="-81.756263"><ele>216.5</ele><time>2026-09-05T14:45:17Z</time></trkpt>
      <trkpt lat="41.401652" lon="-81.756267"><ele>216.5</ele><time>2026-09-05T14:45:18Z</time></trkpt>
      <trkpt lat="41.401651" lon="-81.75627"><ele>216.5</ele><time>2026-09-05T14:45:19Z</time></trkpt>
      <trkpt lat="41.40165" lon="-81.756273"><ele>216.5</ele><time>2026-09-05T14:45:20Z</time></trkpt>
      <trkpt lat="41.401648" lon="-81.756277"><ele>216.5</ele><time>2026-09-05T14:45:21Z</time></trkpt>
      <trkpt lat="41.401647" lon="-81.756282"><ele>216.5</ele><time>2026-09-05T14:45:22Z</time></trkpt>
      <trkpt lat="41.401645" lon="-81.756288"><ele>216.5</ele><time>2026-09-05T14:45:23Z</time></trkpt>
      <trkpt lat="41.401644" lon="-81.756293"><ele>216.5</ele><time>2026-09-05T14:45:24Z</time></trkpt>
      <trkpt lat="41.401644" lon="-81.756295"><ele>216.6</ele><time>2026-09-05T14:45:25Z</time></trkpt>
      <trkpt lat="41.401646" lon="-81.756298"><ele>216.5</ele><time>2026-09-05T14:45:26Z</time></trkpt>
      <trkpt lat="41.401647" lon="-81.756301"><ele>216.3</ele><time>2026-09-05T14:45:27Z</time></trkpt>
      <trkpt lat="41.401648" lon="-81.756303"><ele>216.4</ele><time>2026-09-05T14:45:28Z</time></trkpt>
      <trkpt lat="41.401648" lon="-81.756305"><ele>216.3</ele><time>2026-09-05T14:45:29Z</time></trkpt>
      <trkpt lat="41.401647" lon="-81.756305"><ele>216.3</ele><time>2026-09-05T14:45:30Z</time></trkpt>
      <trkpt lat="41.401646" lon="-81.756306"><ele>216.3</ele><time>2026-09-05T14:45:31Z</time></trkpt>
      <trkpt lat="41.401645" lon="-81.756305"><ele>216.5</ele><time>2026-09-05T14:45:32Z</time></trkpt>
      <trkpt lat="41.401644" lon="-81.756305"><ele>216.5</ele><time>2026-09-05T14:45:33Z</time></trkpt>
      <trkpt lat="41.401643" lon="-81.756303"><ele>216.5</ele><time>2026-09-05T14:45:34Z</time></trkpt>
      <trkpt lat="41.401642" lon="-81.756302"><ele>216.5</ele><time>2026-09-05T14:45:35Z</time></trkpt>
      <trkpt lat="41.401641" lon="-81.7563"><ele>216.6</ele><time>2026-09-05T14:45:36Z</time></trkpt>
      <trkpt lat="41.40164" lon="-81.756299"><ele>216.6</ele><time>2026-09-05T14:45:37Z</time></trkpt>
      <trkpt lat="41.401638" lon="-81.756298"><ele>216.6</ele><time>2026-09-05T14:45:38Z</time></trkpt>
      <trkpt lat="41.401637" lon="-81.756298"><ele>216.6</ele><time>2026-09-05T14:45:39Z</time></trkpt>
      <trkpt lat="41.401638" lon="-81.756299"><ele>216.6</ele><time>2026-09-05T14:45:40Z</time></trkpt>
      <trkpt lat="41.401641" lon="-81.756296"><ele>216.6</ele><time>2026-09-05T14:45:41Z</time></trkpt>
      <trkpt lat="41.401643" lon="-81.756291"><ele>216.6</ele><time>2026-09-05T14:45:42Z</time></trkpt>
      <trkpt lat="41.401643" lon="-81.756285"><ele>216.799</ele><time>2026-09-05T14:45:43Z</time></trkpt>
      <trkpt lat="41.401643" lon="-81.756281"><ele>216.899</ele><time>2026-09-05T14:45:44Z</time></trkpt>
      <trkpt lat="41.401642" lon="-81.756279"><ele>216.799</ele><time>2026-09-05T14:45:45Z</time></trkpt>
      <trkpt lat="41.401642" lon="-81.756277"><ele>216.7</ele><time>2026-09-05T14:45:46Z</time></trkpt>
      <trkpt lat="41.401642" lon="-81.756276"><ele>216.5</ele><time>2026-09-05T14:45:47Z</time></trkpt>
      <trkpt lat="41.401642" lon="-81.756277"><ele>216.5</ele><time>2026-09-05T14:45:48Z</time></trkpt>
      <trkpt lat="41.401643" lon="-81.756278"><ele>216.5</ele><time>2026-09-05T14:45:49Z</time></trkpt>
      <trkpt lat="41.401644" lon="-81.75628"><ele>216.5</ele><time>2026-09-05T14:45:50Z</time></trkpt>
      <trkpt lat="41.401646" lon="-81.756283"><ele>216.5</ele><time>2026-09-05T14:45:51Z</time></trkpt>
      <trkpt lat="41.401647" lon="-81.756283"><ele>216.5</ele><time>2026-09-05T14:45:52Z</time></trkpt>
      <trkpt lat="41.401647" lon="-81.756284"><ele>216.5</ele><time>2026-09-05T14:45:53Z</time></trkpt>
      <trkpt lat="41.401647" lon="-81.756283"><ele>216.5</ele><time>2026-09-05T14:45:54Z</time></trkpt>
      <trkpt lat="41.401647" lon="-81.756281"><ele>216.7</ele><time>2026-09-05T14:45:55Z</time></trkpt>
      <trkpt lat="41.401647" lon="-81.756278"><ele>216.6</ele><time>2026-09-05T14:45:56Z</time></trkpt>
      <trkpt lat="41.401647" lon="-81.756275"><ele>216.6</ele><time>2026-09-05T14:45:57Z</time></trkpt>
      <trkpt lat="41.401647" lon="-81.75627"><ele>216.5</ele><time>2026-09-05T14:45:58Z</time></trkpt>
      <trkpt lat="41.401647" lon="-81.756267"><ele>216.6</ele><time>2026-09-05T14:45:59Z</time></trkpt>
      <trkpt lat="41.401647" lon="-81.756263"><ele>216.3</ele><time>2026-09-05T14:46:00Z</time></trkpt>
      <trkpt lat="41.401646" lon="-81.75626"><ele>216.5</ele><time>2026-09-05T14:46:01Z</time></trkpt>
      <trkpt lat="41.401645" lon="-81.756258"><ele>216.5</ele><time>2026-09-05T14:46:02Z</time></trkpt>
      <trkpt lat="41.401644" lon="-81.756257"><ele>216.5</ele><time>2026-09-05T14:46:03Z</time></trkpt>
      <trkpt lat="41.401644" lon="-81.756256"><ele>216.5</ele><time>2026-09-05T14:46:04Z</time></trkpt>
      <trkpt lat="41.401642" lon="-81.756255"><ele>216.5</ele><time>2026-09-05T14:46:05Z</time></trkpt>
      <trkpt lat="41.401639" lon="-81.756254"><ele>216.5</ele><time>2026-09-05T14:46:06Z</time></trkpt>
      <trkpt lat="41.401638" lon="-81.756254"><ele>216.5</ele><time>2026-09-05T14:46:07Z</time></trkpt>
      <trkpt lat="41.401638" lon="-81.756254"><ele>216.5</ele><time>2026-09-05T14:46:08Z</time></trkpt>
      <trkpt lat="41.401636" lon="-81.756255"><ele>216.6</ele><time>2026-09-05T14:46:09Z</time></trkpt>
      <trkpt lat="41.401634" lon="-81.756255"><ele>216.5</ele><time>2026-09-05T14:46:10Z</time></trkpt>
      <trkpt lat="41.401632" lon="-81.756255"><ele>216.5</ele><time>2026-09-05T14:46:11Z</time></trkpt>
      <trkpt lat="41.401629" lon="-81.756257"><ele>216.6</ele><time>2026-09-05T14:46:12Z</time></trkpt>
      <trkpt lat="41.401626" lon="-81.756262"><ele>216.6</ele><time>2026-09-05T14:46:13Z</time></trkpt>
      <trkpt lat="41.401625" lon="-81.756272"><ele>216.5</ele><time>2026-09-05T14:46:14Z</time></trkpt>
      <trkpt lat="41.401625" lon="-81.756281"><ele>216.5</ele><time>2026-09-05T14:46:15Z</time></trkpt>
      <trkpt lat="41.401627" lon="-81.756287"><ele>216.5</ele><time>2026-09-05T14:46:16Z</time></trkpt>
      <trkpt lat="41.401631" lon="-81.756295"><ele>216.5</ele><time>2026-09-05T14:46:17Z</time></trkpt>
      <trkpt lat="41.401634" lon="-81.756301"><ele>216.5</ele><time>2026-09-05T14:46:18Z</time></trkpt>
      <trkpt lat="41.401638" lon="-81.756306"><ele>216.5</ele><time>2026-09-05T14:46:19Z</time></trkpt>
      <trkpt lat="41.401641" lon="-81.75631"><ele>216.5</ele><time>2026-09-05T14:46:20Z</time></trkpt>
      <trkpt lat="41.401643" lon="-81.756314"><ele>216.5</ele><time>2026-09-05T14:46:21Z</time></trkpt>
      <trkpt lat="41.401645" lon="-81.756322"><ele>216.5</ele><time>2026-09-05T14:46:22Z</time></trkpt>
      <trkpt lat="41.401645" lon="-81.756329"><ele>216.5</ele><time>2026-09-05T14:46:23Z</time></trkpt>
      <trkpt lat="41.401644" lon="-81.756336"><ele>216.5</ele><time>2026-09-05T14:46:24Z</time></trkpt>
      <trkpt lat="41.401642" lon="-81.756338"><ele>216.5</ele><time>2026-09-05T14:46:25Z</time></trkpt>
      <trkpt lat="41.401636" lon="-81.756341"><ele>216.5</ele><time>2026-09-05T14:46:26Z</time></trkpt>
      <trkpt lat="41.401633" lon="-81.756341"><ele>216.5</ele><time>2026-09-05T14:46:27Z</time></trkpt>
      <trkpt lat="41.40163" lon="-81.756342"><ele>216.3</ele><time>2026-09-05T14:46:28Z</time></trkpt>
      <trkpt lat="41.401628" lon="-81.756343"><ele>216.5</ele><time>2026-09-05T14:46:29Z</time></trkpt>
      <trkpt lat="41.401627" lon="-81.756344"><ele>216.5</ele><time>2026-09-05T14:46:30Z</time></trkpt>
      <trkpt lat="41.401625" lon="-81.756347"><ele>216.5</ele><time>2026-09-05T14:46:31Z</time></trkpt>
      <trkpt lat="41.401624" lon="-81.75635"><ele>216.5</ele><time>2026-09-05T14:46:32Z</time></trkpt>
      <trkpt lat="41.401623" lon="-81.756353"><ele>216.5</ele><time>2026-09-05T14:46:33Z</time></trkpt>
      <trkpt lat="41.401621" lon="-81.756356"><ele>216.5</ele><time>2026-09-05T14:46:34Z</time></trkpt>
      <trkpt lat="41.401617" lon="-81.756356"><ele>216.5</ele><time>2026-09-05T14:46:35Z</time></trkpt>
      <trkpt lat="41.401615" lon="-81.756355"><ele>216.5</ele><time>2026-09-05T14:46:36Z</time></trkpt>
      <trkpt lat="41.401613" lon="-81.756355"><ele>216.5</ele><time>2026-09-05T14:46:37Z</time></trkpt>
      <trkpt lat="41.40161" lon="-81.756357"><ele>216.6</ele><time>2026-09-05T14:46:38Z</time></trkpt>
      <trkpt lat="41.401607" lon="-81.756358"><ele>216.6</ele><time>2026-09-05T14:46:39Z</time></trkpt>
      <trkpt lat="41.401603" lon="-81.756357"><ele>216.6</ele><time>2026-09-05T14:46:40Z</time></trkpt>
      <trkpt lat="41.4016" lon="-81.756355"><ele>216.5</ele><time>2026-09-05T14:46:41Z</time></trkpt>
      <trkpt lat="41.401597" lon="-81.756351"><ele>216.5</ele><time>2026-09-05T14:46:42Z</time></trkpt>
      <trkpt lat="41.401595" lon="-81.756344"><ele>216.5</ele><time>2026-09-05T14:46:43Z</time></trkpt>
      <trkpt lat="41.401594" lon="-81.756337"><ele>216.5</ele><time>2026-09-05T14:46:44Z</time></trkpt>
      <trkpt lat="41.401593" lon="-81.756327"><ele>216.5</ele><time>2026-09-05T14:46:45Z</time></trkpt>
      <trkpt lat="41.401595" lon="-81.756319"><ele>216.5</ele><time>2026-09-05T14:46:46Z</time></trkpt>
      <trkpt lat="41.4016" lon="-81.756311"><ele>216.5</ele><time>2026-09-05T14:46:47Z</time></trkpt>
      <trkpt lat="41.401604" lon="-81.756304"><ele>216.5</ele><time>2026-09-05T14:46:48Z</time></trkpt>
      <trkpt lat="41.401612" lon="-81.756297"><ele>216.5</ele><time>2026-09-05T14:46:49Z</time></trkpt>
      <trkpt lat="41.401617" lon="-81.756289"><ele>216.5</ele><time>2026-09-05T14:46:50Z</time></trkpt>
      <trkpt lat="41.401616" lon="-81.756284"><ele>216.5</ele><time>2026-09-05T14:46:51Z</time></trkpt>
      <trkpt lat="41.401617" lon="-81.756282"><ele>216.5</ele><time>2026-09-05T14:46:52Z</time></trkpt>
      <trkpt lat="41.401618" lon="-81.756282"><ele>216.5</ele><time>2026-09-05T14:46:53Z</time></trkpt>
      <trkpt lat="41.401618" lon="-81.756283"><ele>216.5</ele><time>2026-09-05T14:46:54Z</time></trkpt>
      <trkpt lat="41.401618" lon="-81.756285"><ele>216.5</ele><time>2026-09-05T14:46:55Z</time></trkpt>
      <trkpt lat="41.401619" lon="-81.756286"><ele>216.5</ele><time>2026-09-05T14:46:56Z</time></trkpt>
      <trkpt lat="41.40162" lon="-81.75629"><ele>216.1</ele><time>2026-09-05T14:46:57Z</time></trkpt>
      <trkpt lat="41.401622" lon="-81.756293"><ele>216.5</ele><time>2026-09-05T14:46:58Z</time></trkpt>
      <trkpt lat="41.401623" lon="-81.756295"><ele>216.5</ele><time>2026-09-05T14:46:59Z</time></trkpt>
      <trkpt lat="41.401625" lon="-81.756297"><ele>216.5</ele><time>2026-09-05T14:47:00Z</time></trkpt>
      <trkpt lat="41.401625" lon="-81.756298"><ele>216.5</ele><time>2026-09-05T14:47:01Z</time></trkpt>
      <trkpt lat="41.401626" lon="-81.756299"><ele>216.5</ele><time>2026-09-05T14:47:02Z</time></trkpt>
      <trkpt lat="41.401629" lon="-81.7563"><ele>216.5</ele><time>2026-09-05T14:47:03Z</time></trkpt>
      <trkpt lat="41.401631" lon="-81.756301"><ele>216.2</ele><time>2026-09-05T14:47:04Z</time></trkpt>
      <trkpt lat="41.401634" lon="-81.7563"><ele>216.1</ele><time>2026-09-05T14:47:05Z</time></trkpt>
      <trkpt lat="41.40164" lon="-81.756299"><ele>216.1</ele><time>2026-09-05T14:47:06Z</time></trkpt>
      <trkpt lat="41.401651" lon="-81.7563"><ele>216</ele><time>2026-09-05T14:47:07Z</time></trkpt>
      <trkpt lat="41.401658" lon="-81.756302"><ele>216.1</ele><time>2026-09-05T14:47:08Z</time></trkpt>
      <trkpt lat="41.401661" lon="-81.756305"><ele>216.299</ele><time>2026-09-05T14:47:09Z</time></trkpt>
      <trkpt lat="41.401661" lon="-81.75631"><ele>216.5</ele><time>2026-09-05T14:47:10Z</time></trkpt>
      <trkpt lat="41.401658" lon="-81.756314"><ele>216.5</ele><time>2026-09-05T14:47:11Z</time></trkpt>
      <trkpt lat="41.401652" lon="-81.756316"><ele>216.5</ele><time>2026-09-05T14:47:12Z</time></trkpt>
      <trkpt lat="41.401649" lon="-81.756317"><ele>216.5</ele><time>2026-09-05T14:47:13Z</time></trkpt>
      <trkpt lat="41.401647" lon="-81.75632"><ele>216.5</ele><time>2026-09-05T14:47:14Z</time></trkpt>
      <trkpt lat="41.401646" lon="-81.756321"><ele>216.5</ele><time>2026-09-05T14:47:15Z</time></trkpt>
      <trkpt lat="41.401644" lon="-81.756325"><ele>216.5</ele><time>2026-09-05T14:47:16Z</time></trkpt>
      <trkpt lat="41.401642" lon="-81.756328"><ele>216.5</ele><time>2026-09-05T14:47:17Z</time></trkpt>
      <trkpt lat="41.401641" lon="-81.756329"><ele>216.5</ele><time>2026-09-05T14:47:18Z</time></trkpt>
      <trkpt lat="41.401638" lon="-81.756328"><ele>216.5</ele><time>2026-09-05T14:47:19Z</time></trkpt>
      <trkpt lat="41.401636" lon="-81.756328"><ele>216.5</ele><time>2026-09-05T14:47:20Z</time></trkpt>
      <trkpt lat="41.401633" lon="-81.756327"><ele>216.5</ele><time>2026-09-05T14:47:21Z</time></trkpt>
      <trkpt lat="41.401622" lon="-81.756322"><ele>216.5</ele><time>2026-09-05T14:47:22Z</time></trkpt>
      <trkpt lat="41.401614" lon="-81.75632"><ele>216.5</ele><time>2026-09-05T14:47:23Z</time></trkpt>
      <trkpt lat="41.401612" lon="-81.756325"><ele>216.5</ele><time>2026-09-05T14:47:24Z</time></trkpt>
      <trkpt lat="41.401614" lon="-81.756331"><ele>216.5</ele><time>2026-09-05T14:47:25Z</time></trkpt>
      <trkpt lat="41.401618" lon="-81.756339"><ele>216.5</ele><time>2026-09-05T14:47:26Z</time></trkpt>
      <trkpt lat="41.401622" lon="-81.756347"><ele>216.5</ele><time>2026-09-05T14:47:27Z</time></trkpt>
      <trkpt lat="41.401624" lon="-81.756352"><ele>216.5</ele><time>2026-09-05T14:47:28Z</time></trkpt>
      <trkpt lat="41.401625" lon="-81.756357"><ele>216.5</ele><time>2026-09-05T14:47:29Z</time></trkpt>
      <trkpt lat="41.401626" lon="-81.75636"><ele>216.5</ele><time>2026-09-05T14:47:30Z</time></trkpt>
      <trkpt lat="41.401627" lon="-81.756361"><ele>216.5</ele><time>2026-09-05T14:47:31Z</time></trkpt>
      <trkpt lat="41.401628" lon="-81.756361"><ele>216.5</ele><time>2026-09-05T14:47:32Z</time></trkpt>
      <trkpt lat="41.401631" lon="-81.756359"><ele>216.5</ele><time>2026-09-05T14:47:33Z</time></trkpt>
      <trkpt lat="41.401633" lon="-81.756357"><ele>216.5</ele><time>2026-09-05T14:47:34Z</time></trkpt>
      <trkpt lat="41.401634" lon="-81.756354"><ele>216.4</ele><time>2026-09-05T14:47:35Z</time></trkpt>
      <trkpt lat="41.401635" lon="-81.756353"><ele>216.4</ele><time>2026-09-05T14:47:36Z</time></trkpt>
      <trkpt lat="41.401636" lon="-81.756352"><ele>216.3</ele><time>2026-09-05T14:47:37Z</time></trkpt>
      <trkpt lat="41.401636" lon="-81.756351"><ele>216.5</ele><time>2026-09-05T14:47:38Z</time></trkpt>
      <trkpt lat="41.401636" lon="-81.756348"><ele>216.4</ele><time>2026-09-05T14:47:39Z</time></trkpt>
      <trkpt lat="41.401637" lon="-81.756345"><ele>216.4</ele><time>2026-09-05T14:47:40Z</time></trkpt>
      <trkpt lat="41.401637" lon="-81.756342"><ele>216.4</ele><time>2026-09-05T14:47:41Z</time></trkpt>
      <trkpt lat="41.401638" lon="-81.756338"><ele>216.5</ele><time>2026-09-05T14:47:42Z</time></trkpt>
      <trkpt lat="41.401639" lon="-81.756335"><ele>216.5</ele><time>2026-09-05T14:47:43Z</time></trkpt>
      <trkpt lat="41.40164" lon="-81.756333"><ele>216.5</ele><time>2026-09-05T14:47:44Z</time></trkpt>
      <trkpt lat="41.401641" lon="-81.756328"><ele>216.5</ele><time>2026-09-05T14:47:45Z</time></trkpt>
      <trkpt lat="41.401642" lon="-81.756326"><ele>216.5</ele><time>2026-09-05T14:47:46Z</time></trkpt>
      <trkpt lat="41.401642" lon="-81.756323"><ele>216.5</ele><time>2026-09-05T14:47:47Z</time></trkpt>
      <trkpt lat="41.401643" lon="-81.756321"><ele>216.5</ele><time>2026-09-05T14:47:48Z</time></trkpt>
      <trkpt lat="41.401643" lon="-81.756318"><ele>216.5</ele><time>2026-09-05T14:47:49Z</time></trkpt>
      <trkpt lat="41.401644" lon="-81.756315"><ele>216.5</ele><time>2026-09-05T14:47:50Z</time></trkpt>
      <trkpt lat="41.401646" lon="-81.756313"><ele>216.5</ele><time>2026-09-05T14:47:51Z</time></trkpt>
      <trkpt lat="41.401648" lon="-81.756312"><ele>216.5</ele><time>2026-09-05T14:47:52Z</time></trkpt>
      <trkpt lat="41.401649" lon="-81.756311"><ele>216.5</ele><time>2026-09-05T14:47:53Z</time></trkpt>
      <trkpt lat="41.40165" lon="-81.75631"><ele>216.5</ele><time>2026-09-05T14:47:54Z</time></trkpt>
      <trkpt lat="41.40165" lon="-81.756309"><ele>216.5</ele><time>2026-09-05T14:47:55Z</time></trkpt>
      <trkpt lat="41.401649" lon="-81.756309"><ele>216.5</ele><time>2026-09-05T14:47:56Z</time></trkpt>
      <trkpt lat="41.401649" lon="-81.756311"><ele>216.5</ele><time>2026-09-05T14:47:57Z</time></trkpt>
      <trkpt lat="41.401649" lon="-81.756312"><ele>216.5</ele><time>2026-09-05T14:47:58Z</time></trkpt>
      <trkpt lat="41.401648" lon="-81.756315"><ele>216.8</ele><time>2026-09-05T14:47:59Z</time></trkpt>
      <trkpt lat="41.401647" lon="-81.756317"><ele>216.5</ele><time>2026-09-05T14:48:00Z</time></trkpt>
      <trkpt lat="41.401644" lon="-81.75632"><ele>216.5</ele><time>2026-09-05T14:48:01Z</time></trkpt>
      <trkpt lat="41.401641" lon="-81.756323"><ele>216.5</ele><time>2026-09-05T14:48:02Z</time></trkpt>
      <trkpt lat="41.401638" lon="-81.756327"><ele>216.5</ele><time>2026-09-05T14:48:03Z</time></trkpt>
      <trkpt lat="41.401633" lon="-81.756332"><ele>216.5</ele><time>2026-09-05T14:48:04Z</time></trkpt>
      <trkpt lat="41.401629" lon="-81.756336"><ele>217.2</ele><time>2026-09-05T14:48:05Z</time></trkpt>
      <trkpt lat="41.401624" lon="-81.756342"><ele>217.2</ele><time>2026-09-05T14:48:06Z</time></trkpt>
      <trkpt lat="41.40162" lon="-81.756347"><ele>217.1</ele><time>2026-09-05T14:48:07Z</time></trkpt>
      <trkpt lat="41.401617" lon="-81.756352"><ele>217.1</ele><time>2026-09-05T14:48:08Z</time></trkpt>
      <trkpt lat="41.401613" lon="-81.756356"><ele>217.1</ele><time>2026-09-05T14:48:09Z</time></trkpt>
      <trkpt lat="41.401608" lon="-81.756361"><ele>217.1</ele><time>2026-09-05T14:48:10Z</time></trkpt>
      <trkpt lat="41.401606" lon="-81.756364"><ele>217</ele><time>2026-09-05T14:48:11Z</time></trkpt>
      <trkpt lat="41.401602" lon="-81.756368"><ele>217</ele><time>2026-09-05T14:48:12Z</time></trkpt>
      <trkpt lat="41.401598" lon="-81.756371"><ele>216.8</ele><time>2026-09-05T14:48:13Z</time></trkpt>
      <trkpt lat="41.401596" lon="-81.756374"><ele>216.9</ele><time>2026-09-05T14:48:14Z</time></trkpt>
      <trkpt lat="41.401595" lon="-81.756376"><ele>216.8</ele><time>2026-09-05T14:48:15Z</time></trkpt>
      <trkpt lat="41.401594" lon="-81.756378"><ele>216.7</ele><time>2026-09-05T14:48:16Z</time></trkpt>
      <trkpt lat="41.401593" lon="-81.75638"><ele>216.8</ele><time>2026-09-05T14:48:17Z</time></trkpt>
      <trkpt lat="41.401592" lon="-81.756382"><ele>216.5</ele><time>2026-09-05T14:48:18Z</time></trkpt>
      <trkpt lat="41.40159" lon="-81.756385"><ele>216.5</ele><time>2026-09-05T14:48:19Z</time></trkpt>
      <trkpt lat="41.401589" lon="-81.756386"><ele>216.5</ele><time>2026-09-05T14:48:20Z</time></trkpt>
      <trkpt lat="41.401588" lon="-81.756388"><ele>216.5</ele><time>2026-09-05T14:48:21Z</time></trkpt>
      <trkpt lat="41.401587" lon="-81.756389"><ele>216.5</ele><time>2026-09-05T14:48:22Z</time></trkpt>
      <trkpt lat="41.401587" lon="-81.75639"><ele>216.5</ele><time>2026-09-05T14:48:23Z</time></trkpt>
      <trkpt lat="41.401587" lon="-81.75639"><ele>216.5</ele><time>2026-09-05T14:48:24Z</time></trkpt>
      <trkpt lat="41.401589" lon="-81.75639"><ele>216.5</ele><time>2026-09-05T14:48:25Z</time></trkpt>
      <trkpt lat="41.40159" lon="-81.75639"><ele>216.5</ele><time>2026-09-05T14:48:26Z</time></trkpt>
      <trkpt lat="41.401592" lon="-81.756389"><ele>216.5</ele><time>2026-09-05T14:48:27Z</time></trkpt>
      <trkpt lat="41.401596" lon="-81.756388"><ele>216.5</ele><time>2026-09-05T14:48:28Z</time></trkpt>
      <trkpt lat="41.4016" lon="-81.756385"><ele>216.5</ele><time>2026-09-05T14:48:29Z</time></trkpt>
      <trkpt lat="41.401603" lon="-81.756382"><ele>216.8</ele><time>2026-09-05T14:48:30Z</time></trkpt>
      <trkpt lat="41.401613" lon="-81.756374"><ele>216.8</ele><time>2026-09-05T14:48:31Z</time></trkpt>
      <trkpt lat="41.401621" lon="-81.756366"><ele>216.7</ele><time>2026-09-05T14:48:32Z</time></trkpt>
      <trkpt lat="41.401627" lon="-81.756359"><ele>216.7</ele><time>2026-09-05T14:48:33Z</time></trkpt>
      <trkpt lat="41.401631" lon="-81.756354"><ele>216.7</ele><time>2026-09-05T14:48:34Z</time></trkpt>
      <trkpt lat="41.401636" lon="-81.756349"><ele>216.7</ele><time>2026-09-05T14:48:35Z</time></trkpt>
      <trkpt lat="41.401638" lon="-81.756346"><ele>216.7</ele><time>2026-09-05T14:48:36Z</time></trkpt>
      <trkpt lat="41.401642" lon="-81.756342"><ele>216.799</ele><time>2026-09-05T14:48:37Z</time></trkpt>
      <trkpt lat="41.401647" lon="-81.756339"><ele>216.799</ele><time>2026-09-05T14:48:38Z</time></trkpt>
      <trkpt lat="41.401653" lon="-81.756336"><ele>216.7</ele><time>2026-09-05T14:48:39Z</time></trkpt>
      <trkpt lat="41.401657" lon="-81.756333"><ele>216.6</ele><time>2026-09-05T14:48:40Z</time></trkpt>
      <trkpt lat="41.401661" lon="-81.75633"><ele>216.4</ele><time>2026-09-05T14:48:41Z</time></trkpt>
      <trkpt lat="41.401664" lon="-81.756328"><ele>216.2</ele><time>2026-09-05T14:48:42Z</time></trkpt>
      <trkpt lat="41.401667" lon="-81.756326"><ele>216.1</ele><time>2026-09-05T14:48:43Z</time></trkpt>
      <trkpt lat="41.40167" lon="-81.756324"><ele>216</ele><time>2026-09-05T14:48:44Z</time></trkpt>
      <trkpt lat="41.401672" lon="-81.756322"><ele>216</ele><time>2026-09-05T14:48:45Z</time></trkpt>
      <trkpt lat="41.401673" lon="-81.75632"><ele>216</ele><time>2026-09-05T14:48:46Z</time></trkpt>
      <trkpt lat="41.401675" lon="-81.756318"><ele>216.5</ele><time>2026-09-05T14:48:47Z</time></trkpt>
      <trkpt lat="41.401677" lon="-81.756317"><ele>216.5</ele><time>2026-09-05T14:48:48Z</time></trkpt>
      <trkpt lat="41.401678" lon="-81.756315"><ele>216.5</ele><time>2026-09-05T14:48:49Z</time></trkpt>
      <trkpt lat="41.40168" lon="-81.756313"><ele>216.5</ele><time>2026-09-05T14:48:50Z</time></trkpt>
      <trkpt lat="41.401681" lon="-81.756312"><ele>216.5</ele><time>2026-09-05T14:48:51Z</time></trkpt>
      <trkpt lat="41.401682" lon="-81.756311"><ele>216.5</ele><time>2026-09-05T14:48:52Z</time></trkpt>
      <trkpt lat="41.401683" lon="-81.75631"><ele>216.5</ele><time>2026-09-05T14:48:53Z</time></trkpt>
      <trkpt lat="41.401685" lon="-81.75631"><ele>216.5</ele><time>2026-09-05T14:48:54Z</time></trkpt>
      <trkpt lat="41.401685" lon="-81.75631"><ele>216.5</ele><time>2026-09-05T14:48:55Z</time></trkpt>
      <trkpt lat="41.401685" lon="-81.75631"><ele>216.5</ele><time>2026-09-05T14:48:56Z</time></trkpt>
      <trkpt lat="41.401686" lon="-81.756309"><ele>216.5</ele><time>2026-09-05T14:48:57Z</time></trkpt>
      <trkpt lat="41.401687" lon="-81.756308"><ele>216.5</ele><time>2026-09-05T14:48:58Z</time></trkpt>
      <trkpt lat="41.401687" lon="-81.756308"><ele>216.5</ele><time>2026-09-05T14:48:59Z</time></trkpt>
      <trkpt lat="41.401687" lon="-81.756308"><ele>216.5</ele><time>2026-09-05T14:49:00Z</time></trkpt>
      <trkpt lat="41.401688" lon="-81.756309"><ele>216.3</ele><time>2026-09-05T14:49:01Z</time></trkpt>
      <trkpt lat="41.401688" lon="-81.75631"><ele>216.5</ele><time>2026-09-05T14:49:02Z</time></trkpt>
      <trkpt lat="41.401688" lon="-81.75631"><ele>216.3</ele><time>2026-09-05T14:49:03Z</time></trkpt>
      <trkpt lat="41.401688" lon="-81.75631"><ele>216.3</ele><time>2026-09-05T14:49:04Z</time></trkpt>
      <trkpt lat="41.401688" lon="-81.75631"><ele>216.5</ele><time>2026-09-05T14:49:05Z</time></trkpt>
      <trkpt lat="41.401688" lon="-81.75631"><ele>216.5</ele><time>2026-09-05T14:49:06Z</time></trkpt>
      <trkpt lat="41.401689" lon="-81.75631"><ele>216.6</ele><time>2026-09-05T14:49:07Z</time></trkpt>
      <trkpt lat="41.40169" lon="-81.756309"><ele>216.6</ele><time>2026-09-05T14:49:08Z</time></trkpt>
      <trkpt lat="41.40169" lon="-81.756308"><ele>216.6</ele><time>2026-09-05T14:49:09Z</time></trkpt>
      <trkpt lat="41.40169" lon="-81.756308"><ele>216.5</ele><time>2026-09-05T14:49:10Z</time></trkpt>
      <trkpt lat="41.401691" lon="-81.756307"><ele>216.3</ele><time>2026-09-05T14:49:11Z</time></trkpt>
      <trkpt lat="41.401692" lon="-81.756308"><ele>216.3</ele><time>2026-09-05T14:49:12Z</time></trkpt>
      <trkpt lat="41.401692" lon="-81.756307"><ele>216.3</ele><time>2026-09-05T14:49:13Z</time></trkpt>
      <trkpt lat="41.401692" lon="-81.756307"><ele>216.3</ele><time>2026-09-05T14:49:14Z</time></trkpt>
      <trkpt lat="41.401692" lon="-81.756306"><ele>216.3</ele><time>2026-09-05T14:49:15Z</time></trkpt>
      <trkpt lat="41.401692" lon="-81.756305"><ele>216.3</ele><time>2026-09-05T14:49:16Z</time></trkpt>
      <trkpt lat="41.401692" lon="-81.756305"><ele>216.3</ele><time>2026-09-05T14:49:17Z</time></trkpt>
      <trkpt lat="41.401693" lon="-81.756305"><ele>216.3</ele><time>2026-09-05T14:49:18Z</time></trkpt>
      <trkpt lat="41.401692" lon="-81.756305"><ele>216.5</ele><time>2026-09-05T14:49:19Z</time></trkpt>
      <trkpt lat="41.401692" lon="-81.756304"><ele>216.5</ele><time>2026-09-05T14:49:20Z</time></trkpt>
      <trkpt lat="41.401692" lon="-81.756303"><ele>216.5</ele><time>2026-09-05T14:49:21Z</time></trkpt>
      <trkpt lat="41.401692" lon="-81.756303"><ele>216.5</ele><time>2026-09-05T14:49:22Z</time></trkpt>
      <trkpt lat="41.401692" lon="-81.756303"><ele>216.5</ele><time>2026-09-05T14:49:23Z</time></trkpt>
      <trkpt lat="41.401692" lon="-81.756303"><ele>216.5</ele><time>2026-09-05T14:49:24Z</time></trkpt>
      <trkpt lat="41.401692" lon="-81.756303"><ele>216.5</ele><time>2026-09-05T14:49:25Z</time></trkpt>
      <trkpt lat="41.401692" lon="-81.756303"><ele>216.5</ele><time>2026-09-05T14:49:26Z</time></trkpt>
      <trkpt lat="41.401692" lon="-81.756303"><ele>216.5</ele><time>2026-09-05T14:49:27Z</time></trkpt>
      <trkpt lat="41.401691" lon="-81.756303"><ele>216.5</ele><time>2026-09-05T14:49:28Z</time></trkpt>
      <trkpt lat="41.40169" lon="-81.756304"><ele>216.5</ele><time>2026-09-05T14:49:29Z</time></trkpt>
      <trkpt lat="41.401689" lon="-81.756305"><ele>216.5</ele><time>2026-09-05T14:49:30Z</time></trkpt>
      <trkpt lat="41.401688" lon="-81.756305"><ele>216.5</ele><time>2026-09-05T14:49:31Z</time></trkpt>
      <trkpt lat="41.401688" lon="-81.756305"><ele>216.5</ele><time>2026-09-05T14:49:32Z</time></trkpt>
      <trkpt lat="41.401688" lon="-81.756306"><ele>216.5</ele><time>2026-09-05T14:49:33Z</time></trkpt>
      <trkpt lat="41.401687" lon="-81.756307"><ele>216.5</ele><time>2026-09-05T14:49:34Z</time></trkpt>
      <trkpt lat="41.401686" lon="-81.756307"><ele>216.6</ele><time>2026-09-05T14:49:35Z</time></trkpt>
      <trkpt lat="41.401685" lon="-81.756307"><ele>216.5</ele><time>2026-09-05T14:49:36Z</time></trkpt>
      <trkpt lat="41.401685" lon="-81.756307"><ele>216.7</ele><time>2026-09-05T14:49:37Z</time></trkpt>
      <trkpt lat="41.401685" lon="-81.756309"><ele>216.7</ele><time>2026-09-05T14:49:38Z</time></trkpt>
      <trkpt lat="41.401684" lon="-81.75631"><ele>216.5</ele><time>2026-09-05T14:49:39Z</time></trkpt>
      <trkpt lat="41.401684" lon="-81.756311"><ele>216.5</ele><time>2026-09-05T14:49:40Z</time></trkpt>
      <trkpt lat="41.401683" lon="-81.756312"><ele>216.5</ele><time>2026-09-05T14:49:41Z</time></trkpt>
      <trkpt lat="41.401683" lon="-81.756313"><ele>216.3</ele><time>2026-09-05T14:49:42Z</time></trkpt>
      <trkpt lat="41.401683" lon="-81.756314"><ele>216.5</ele><time>2026-09-05T14:49:43Z</time></trkpt>
      <trkpt lat="41.401683" lon="-81.756315"><ele>216.3</ele><time>2026-09-05T14:49:44Z</time></trkpt>
      <trkpt lat="41.401683" lon="-81.756315"><ele>216.3</ele><time>2026-09-05T14:49:45Z</time></trkpt>
      <trkpt lat="41.401683" lon="-81.756316"><ele>216.3</ele><time>2026-09-05T14:49:46Z</time></trkpt>
      <trkpt lat="41.401683" lon="-81.756316"><ele>216.3</ele><time>2026-09-05T14:49:47Z</time></trkpt>
      <trkpt lat="41.401683" lon="-81.756317"><ele>216.5</ele><time>2026-09-05T14:49:48Z</time></trkpt>
      <trkpt lat="41.401683" lon="-81.756317"><ele>216.5</ele><time>2026-09-05T14:49:49Z</time></trkpt>
      <trkpt lat="41.401682" lon="-81.756317"><ele>216.5</ele><time>2026-09-05T14:49:50Z</time></trkpt>
      <trkpt lat="41.401682" lon="-81.756317"><ele>216.4</ele><time>2026-09-05T14:49:51Z</time></trkpt>
      <trkpt lat="41.401681" lon="-81.756317"><ele>216.5</ele><time>2026-09-05T14:49:52Z</time></trkpt>
      <trkpt lat="41.40168" lon="-81.756317"><ele>216.5</ele><time>2026-09-05T14:49:53Z</time></trkpt>
      <trkpt lat="41.40168" lon="-81.756317"><ele>216.5</ele><time>2026-09-05T14:49:54Z</time></trkpt>
      <trkpt lat="41.40168" lon="-81.756317"><ele>216.5</ele><time>2026-09-05T14:49:55Z</time></trkpt>
      <trkpt lat="41.40168" lon="-81.756317"><ele>216.5</ele><time>2026-09-05T14:49:56Z</time></trkpt>
      <trkpt lat="41.40168" lon="-81.756317"><ele>216.5</ele><time>2026-09-05T14:49:57Z</time></trkpt>
      <trkpt lat="41.40168" lon="-81.756316"><ele>216.6</ele><time>2026-09-05T14:49:58Z</time></trkpt>
      <trkpt lat="41.401679" lon="-81.756315"><ele>216.5</ele><time>2026-09-05T14:49:59Z</time></trkpt>
      <trkpt lat="41.401678" lon="-81.756315"><ele>216.5</ele><time>2026-09-05T14:50:00Z</time></trkpt>
      <trkpt lat="41.401678" lon="-81.756315"><ele>216.5</ele><time>2026-09-05T14:50:01Z</time></trkpt>
      <trkpt lat="41.401678" lon="-81.756315"><ele>216.5</ele><time>2026-09-05T14:50:02Z</time></trkpt>
      <trkpt lat="41.401679" lon="-81.756315"><ele>216.7</ele><time>2026-09-05T14:50:03Z</time></trkpt>
      <trkpt lat="41.401679" lon="-81.756315"><ele>216.7</ele><time>2026-09-05T14:50:04Z</time></trkpt>
      <trkpt lat="41.401679" lon="-81.756315"><ele>216.5</ele><time>2026-09-05T14:50:05Z</time></trkpt>
      <trkpt lat="41.401678" lon="-81.756315"><ele>216.6</ele><time>2026-09-05T14:50:06Z</time></trkpt>
      <trkpt lat="41.401678" lon="-81.756314"><ele>216.6</ele><time>2026-09-05T14:50:07Z</time></trkpt>
      <trkpt lat="41.401678" lon="-81.756315"><ele>216.299</ele><time>2026-09-05T14:50:08Z</time></trkpt>
      <trkpt lat="41.401679" lon="-81.756315"><ele>216.299</ele><time>2026-09-05T14:50:09Z</time></trkpt>
      <trkpt lat="41.40168" lon="-81.756314"><ele>216.299</ele><time>2026-09-05T14:50:10Z</time></trkpt>
      <trkpt lat="41.40168" lon="-81.756315"><ele>216.299</ele><time>2026-09-05T14:50:11Z</time></trkpt>
      <trkpt lat="41.40168" lon="-81.756315"><ele>216.299</ele><time>2026-09-05T14:50:12Z</time></trkpt>
      <trkpt lat="41.40168" lon="-81.756315"><ele>216.3</ele><time>2026-09-05T14:50:13Z</time></trkpt>
      <trkpt lat="41.40168" lon="-81.756315"><ele>216.5</ele><time>2026-09-05T14:50:14Z</time></trkpt>
      <trkpt lat="41.40168" lon="-81.756315"><ele>216.3</ele><time>2026-09-05T14:50:15Z</time></trkpt>
      <trkpt lat="41.40168" lon="-81.756315"><ele>216.5</ele><time>2026-09-05T14:50:16Z</time></trkpt>
      <trkpt lat="41.40168" lon="-81.756314"><ele>216.5</ele><time>2026-09-05T14:50:17Z</time></trkpt>
      <trkpt lat="41.401681" lon="-81.756312"><ele>216.5</ele><time>2026-09-05T14:50:18Z</time></trkpt>
      <trkpt lat="41.401682" lon="-81.756312"><ele>216.5</ele><time>2026-09-05T14:50:19Z</time></trkpt>
      <trkpt lat="41.401682" lon="-81.756312"><ele>216.5</ele><time>2026-09-05T14:50:20Z</time></trkpt>
      <trkpt lat="41.401683" lon="-81.756312"><ele>216.5</ele><time>2026-09-05T14:50:21Z</time></trkpt>
      <trkpt lat="41.401683" lon="-81.756312"><ele>216.5</ele><time>2026-09-05T14:50:22Z</time></trkpt>
      <trkpt lat="41.401683" lon="-81.756311"><ele>216.5</ele><time>2026-09-05T14:50:23Z</time></trkpt>
      <trkpt lat="41.401683" lon="-81.75631"><ele>216.5</ele><time>2026-09-05T14:50:24Z</time></trkpt>
      <trkpt lat="41.401683" lon="-81.75631"><ele>216.5</ele><time>2026-09-05T14:50:25Z</time></trkpt>
      <trkpt lat="41.401683" lon="-81.756308"><ele>216.5</ele><time>2026-09-05T14:50:26Z</time></trkpt>
      <trkpt lat="41.401683" lon="-81.756307"><ele>216.5</ele><time>2026-09-05T14:50:27Z</time></trkpt>
      <trkpt lat="41.401683" lon="-81.756307"><ele>216.6</ele><time>2026-09-05T14:50:28Z</time></trkpt>
      <trkpt lat="41.401683" lon="-81.756307"><ele>216.6</ele><time>2026-09-05T14:50:29Z</time></trkpt>
      <trkpt lat="41.401683" lon="-81.756307"><ele>216.6</ele><time>2026-09-05T14:50:30Z</time></trkpt>
      <trkpt lat="41.401683" lon="-81.756307"><ele>216.7</ele><time>2026-09-05T14:50:31Z</time></trkpt>
      <trkpt lat="41.401683" lon="-81.756307"><ele>216.7</ele><time>2026-09-05T14:50:32Z</time></trkpt>
      <trkpt lat="41.401683" lon="-81.756307"><ele>216.7</ele><time>2026-09-05T14:50:33Z</time></trkpt>
      <trkpt lat="41.401683" lon="-81.756308"><ele>216.6</ele><time>2026-09-05T14:50:34Z</time></trkpt>
      <trkpt lat="41.401683" lon="-81.756309"><ele>216.6</ele><time>2026-09-05T14:50:35Z</time></trkpt>
      <trkpt lat="41.401683" lon="-81.75631"><ele>216.5</ele><time>2026-09-05T14:50:36Z</time></trkpt>
      <trkpt lat="41.401683" lon="-81.75631"><ele>216.5</ele><time>2026-09-05T14:50:37Z</time></trkpt>
      <trkpt lat="41.401683" lon="-81.75631"><ele>216.3</ele><time>2026-09-05T14:50:38Z</time></trkpt>
      <trkpt lat="41.401683" lon="-81.756311"><ele>216.3</ele><time>2026-09-05T14:50:39Z</time></trkpt>
      <trkpt lat="41.401682" lon="-81.756313"><ele>216.5</ele><time>2026-09-05T14:50:40Z</time></trkpt>
      <trkpt lat="41.401682" lon="-81.756314"><ele>216.3</ele><time>2026-09-05T14:50:41Z</time></trkpt>
      <trkpt lat="41.401682" lon="-81.756315"><ele>216.5</ele><time>2026-09-05T14:50:42Z</time></trkpt>
      <trkpt lat="41.401681" lon="-81.756316"><ele>216.5</ele><time>2026-09-05T14:50:43Z</time></trkpt>
      <trkpt lat="41.401681" lon="-81.756318"><ele>216.5</ele><time>2026-09-05T14:50:44Z</time></trkpt>
      <trkpt lat="41.401681" lon="-81.756319"><ele>216.5</ele><time>2026-09-05T14:50:45Z</time></trkpt>
      <trkpt lat="41.401681" lon="-81.75632"><ele>216.6</ele><time>2026-09-05T14:50:46Z</time></trkpt>
      <trkpt lat="41.401682" lon="-81.75632"><ele>216.6</ele><time>2026-09-05T14:50:47Z</time></trkpt>
      <trkpt lat="41.401682" lon="-81.75632"><ele>216.6</ele><time>2026-09-05T14:50:48Z</time></trkpt>
      <trkpt lat="41.401682" lon="-81.75632"><ele>216.6</ele><time>2026-09-05T14:50:49Z</time></trkpt>
      <trkpt lat="41.401683" lon="-81.756321"><ele>216.6</ele><time>2026-09-05T14:50:50Z</time></trkpt>
      <trkpt lat="41.401683" lon="-81.756322"><ele>216.6</ele><time>2026-09-05T14:50:51Z</time></trkpt>
      <trkpt lat="41.401683" lon="-81.756322"><ele>216.6</ele><time>2026-09-05T14:50:52Z</time></trkpt>
      <trkpt lat="41.401684" lon="-81.756321"><ele>216.6</ele><time>2026-09-05T14:50:53Z</time></trkpt>
      <trkpt lat="41.401684" lon="-81.756321"><ele>216.6</ele><time>2026-09-05T14:50:54Z</time></trkpt>
      <trkpt lat="41.401685" lon="-81.756321"><ele>216.6</ele><time>2026-09-05T14:50:55Z</time></trkpt>
      <trkpt lat="41.401685" lon="-81.756321"><ele>216.6</ele><time>2026-09-05T14:50:56Z</time></trkpt>
      <trkpt lat="41.401685" lon="-81.75632"><ele>216.6</ele><time>2026-09-05T14:50:57Z</time></trkpt>
      <trkpt lat="41.401686" lon="-81.75632"><ele>216.6</ele><time>2026-09-05T14:50:58Z</time></trkpt>
      <trkpt lat="41.401686" lon="-81.75632"><ele>216.6</ele><time>2026-09-05T14:50:59Z</time></trkpt>
      <trkpt lat="41.401687" lon="-81.75632"><ele>216.6</ele><time>2026-09-05T14:51:00Z</time></trkpt>
      <trkpt lat="41.401687" lon="-81.75632"><ele>216.6</ele><time>2026-09-05T14:51:01Z</time></trkpt>
      <trkpt lat="41.401686" lon="-81.756321"><ele>216.4</ele><time>2026-09-05T14:51:02Z</time></trkpt>
      <trkpt lat="41.401686" lon="-81.756322"><ele>216.5</ele><time>2026-09-05T14:51:03Z</time></trkpt>
      <trkpt lat="41.401684" lon="-81.756324"><ele>216.5</ele><time>2026-09-05T14:51:04Z</time></trkpt>
      <trkpt lat="41.40168" lon="-81.756326"><ele>216.4</ele><time>2026-09-05T14:51:05Z</time></trkpt>
      <trkpt lat="41.401672" lon="-81.756328"><ele>216.4</ele><time>2026-09-05T14:51:06Z</time></trkpt>
      <trkpt lat="41.401663" lon="-81.756333"><ele>216.4</ele><time>2026-09-05T14:51:07Z</time></trkpt>
      <trkpt lat="41.401655" lon="-81.756336"><ele>216.4</ele><time>2026-09-05T14:51:08Z</time></trkpt>
      <trkpt lat="41.401647" lon="-81.756338"><ele>216.6</ele><time>2026-09-05T14:51:09Z</time></trkpt>
      <trkpt lat="41.40164" lon="-81.756339"><ele>216.799</ele><time>2026-09-05T14:51:10Z</time></trkpt>
      <trkpt lat="41.401635" lon="-81.756343"><ele>216.999</ele><time>2026-09-05T14:51:11Z</time></trkpt>
      <trkpt lat="41.401633" lon="-81.756348"><ele>216.999</ele><time>2026-09-05T14:51:12Z</time></trkpt>
      <trkpt lat="41.401633" lon="-81.756355"><ele>216.999</ele><time>2026-09-05T14:51:13Z</time></trkpt>
      <trkpt lat="41.401634" lon="-81.756364"><ele>217.1</ele><time>2026-09-05T14:51:14Z</time></trkpt>
      <trkpt lat="41.401637" lon="-81.756372"><ele>216.5</ele><time>2026-09-05T14:51:15Z</time></trkpt>
      <trkpt lat="41.401639" lon="-81.756379"><ele>216.5</ele><time>2026-09-05T14:51:16Z</time></trkpt>
      <trkpt lat="41.40164" lon="-81.756388"><ele>216.5</ele><time>2026-09-05T14:51:17Z</time></trkpt>
      <trkpt lat="41.40164" lon="-81.756398"><ele>216.5</ele><time>2026-09-05T14:51:18Z</time></trkpt>
      <trkpt lat="41.401637" lon="-81.756408"><ele>216.5</ele><time>2026-09-05T14:51:19Z</time></trkpt>
      <trkpt lat="41.401633" lon="-81.756419"><ele>216.5</ele><time>2026-09-05T14:51:20Z</time></trkpt>
      <trkpt lat="41.401628" lon="-81.75643"><ele>216.5</ele><time>2026-09-05T14:51:21Z</time></trkpt>
      <trkpt lat="41.401623" lon="-81.756444"><ele>217</ele><time>2026-09-05T14:51:22Z</time></trkpt>
      <trkpt lat="41.401621" lon="-81.756453"><ele>216.9</ele><time>2026-09-05T14:51:23Z</time></trkpt>
      <trkpt lat="41.401618" lon="-81.756459"><ele>217</ele><time>2026-09-05T14:51:24Z</time></trkpt>
      <trkpt lat="41.401612" lon="-81.756466"><ele>217.1</ele><time>2026-09-05T14:51:25Z</time></trkpt>
      <trkpt lat="41.401611" lon="-81.756468"><ele>217</ele><time>2026-09-05T14:51:26Z</time></trkpt>
      <trkpt lat="41.401609" lon="-81.756467"><ele>217</ele><time>2026-09-05T14:51:27Z</time></trkpt>
      <trkpt lat="41.401605" lon="-81.756467"><ele>216.7</ele><time>2026-09-05T14:51:28Z</time></trkpt>
      <trkpt lat="41.401601" lon="-81.756469"><ele>216.6</ele><time>2026-09-05T14:51:29Z</time></trkpt>
      <trkpt lat="41.401599" lon="-81.756471"><ele>216.7</ele><time>2026-09-05T14:51:30Z</time></trkpt>
      <trkpt lat="41.401594" lon="-81.756475"><ele>216.5</ele><time>2026-09-05T14:51:31Z</time></trkpt>
      <trkpt lat="41.401589" lon="-81.756478"><ele>216.3</ele><time>2026-09-05T14:51:32Z</time></trkpt>
      <trkpt lat="41.401588" lon="-81.756479"><ele>216.3</ele><time>2026-09-05T14:51:33Z</time></trkpt>
      <trkpt lat="41.401586" lon="-81.756481"><ele>216.3</ele><time>2026-09-05T14:51:34Z</time></trkpt>
      <trkpt lat="41.401584" lon="-81.756483"><ele>216.2</ele><time>2026-09-05T14:51:35Z</time></trkpt>
      <trkpt lat="41.401582" lon="-81.756486"><ele>216.2</ele><time>2026-09-05T14:51:36Z</time></trkpt>
      <trkpt lat="41.40158" lon="-81.756485"><ele>216.5</ele><time>2026-09-05T14:51:37Z</time></trkpt>
      <trkpt lat="41.401579" lon="-81.756485"><ele>216.5</ele><time>2026-09-05T14:51:38Z</time></trkpt>
      <trkpt lat="41.401579" lon="-81.756484"><ele>216.5</ele><time>2026-09-05T14:51:39Z</time></trkpt>
      <trkpt lat="41.401579" lon="-81.756484"><ele>216.5</ele><time>2026-09-05T14:51:40Z</time></trkpt>
      <trkpt lat="41.401583" lon="-81.756482"><ele>216.5</ele><time>2026-09-05T14:51:41Z</time></trkpt>
      <trkpt lat="41.40159" lon="-81.756476"><ele>216.4</ele><time>2026-09-05T14:51:42Z</time></trkpt>
      <trkpt lat="41.401599" lon="-81.756459"><ele>216.3</ele><time>2026-09-05T14:51:43Z</time></trkpt>
      <trkpt lat="41.401603" lon="-81.756435"><ele>216.5</ele><time>2026-09-05T14:51:44Z</time></trkpt>
      <trkpt lat="41.401605" lon="-81.75642"><ele>216.5</ele><time>2026-09-05T14:51:45Z</time></trkpt>
      <trkpt lat="41.401609" lon="-81.7564"><ele>216.5</ele><time>2026-09-05T14:51:46Z</time></trkpt>
      <trkpt lat="41.40161" lon="-81.756381"><ele>216.5</ele><time>2026-09-05T14:51:47Z</time></trkpt>
      <trkpt lat="41.401608" lon="-81.756365"><ele>216.5</ele><time>2026-09-05T14:51:48Z</time></trkpt>
      <trkpt lat="41.401605" lon="-81.756354"><ele>216.5</ele><time>2026-09-05T14:51:49Z</time></trkpt>
      <trkpt lat="41.401601" lon="-81.756343"><ele>216.5</ele><time>2026-09-05T14:51:50Z</time></trkpt>
      <trkpt lat="41.401599" lon="-81.756333"><ele>216.5</ele><time>2026-09-05T14:51:51Z</time></trkpt>
      <trkpt lat="41.401599" lon="-81.756319"><ele>216.5</ele><time>2026-09-05T14:51:52Z</time></trkpt>
      <trkpt lat="41.401603" lon="-81.756313"><ele>216.5</ele><time>2026-09-05T14:51:53Z</time></trkpt>
      <trkpt lat="41.401609" lon="-81.756313"><ele>217.5</ele><time>2026-09-05T14:51:54Z</time></trkpt>
      <trkpt lat="41.401616" lon="-81.75632"><ele>217</ele><time>2026-09-05T14:51:55Z</time></trkpt>
      <trkpt lat="41.401619" lon="-81.756328"><ele>216.6</ele><time>2026-09-05T14:51:56Z</time></trkpt>
      <trkpt lat="41.401619" lon="-81.756331"><ele>216.4</ele><time>2026-09-05T14:51:57Z</time></trkpt>
      <trkpt lat="41.401619" lon="-81.756331"><ele>215.8</ele><time>2026-09-05T14:51:58Z</time></trkpt>
      <trkpt lat="41.401622" lon="-81.756329"><ele>215.6</ele><time>2026-09-05T14:51:59Z</time></trkpt>
      <trkpt lat="41.401625" lon="-81.756327"><ele>215.5</ele><time>2026-09-05T14:52:00Z</time></trkpt>
      <trkpt lat="41.401628" lon="-81.756325"><ele>216.5</ele><time>2026-09-05T14:52:01Z</time></trkpt>
      <trkpt lat="41.401632" lon="-81.756325"><ele>215</ele><time>2026-09-05T14:52:02Z</time></trkpt>
      <trkpt lat="41.401635" lon="-81.756323"><ele>215.5</ele><time>2026-09-05T14:52:03Z</time></trkpt>
      <trkpt lat="41.401636" lon="-81.756322"><ele>215.5</ele><time>2026-09-05T14:52:04Z</time></trkpt>
      <trkpt lat="41.401637" lon="-81.756322"><ele>215.5</ele><time>2026-09-05T14:52:05Z</time></trkpt>
      <trkpt lat="41.401638" lon="-81.756323"><ele>215.7</ele><time>2026-09-05T14:52:06Z</time></trkpt>
      <trkpt lat="41.401638" lon="-81.756323"><ele>215.7</ele><time>2026-09-05T14:52:07Z</time></trkpt>
      <trkpt lat="41.401638" lon="-81.756324"><ele>215.7</ele><time>2026-09-05T14:52:08Z</time></trkpt>
      <trkpt lat="41.401638" lon="-81.756323"><ele>215.7</ele><time>2026-09-05T14:52:09Z</time></trkpt>
      <trkpt lat="41.401638" lon="-81.756322"><ele>215.6</ele><time>2026-09-05T14:52:10Z</time></trkpt>
      <trkpt lat="41.401638" lon="-81.756321"><ele>216.5</ele><time>2026-09-05T14:52:11Z</time></trkpt>
      <trkpt lat="41.401638" lon="-81.75632"><ele>216.5</ele><time>2026-09-05T14:52:12Z</time></trkpt>
      <trkpt lat="41.401638" lon="-81.75632"><ele>216.5</ele><time>2026-09-05T14:52:13Z</time></trkpt>
      <trkpt lat="41.401638" lon="-81.756318"><ele>216.5</ele><time>2026-09-05T14:52:14Z</time></trkpt>
      <trkpt lat="41.401637" lon="-81.756317"><ele>216.5</ele><time>2026-09-05T14:52:15Z</time></trkpt>
      <trkpt lat="41.401636" lon="-81.756317"><ele>216.5</ele><time>2026-09-05T14:52:16Z</time></trkpt>
      <trkpt lat="41.401635" lon="-81.756317"><ele>216.5</ele><time>2026-09-05T14:52:17Z</time></trkpt>
      <trkpt lat="41.401632" lon="-81.756316"><ele>216.5</ele><time>2026-09-05T14:52:18Z</time></trkpt>
      <trkpt lat="41.401629" lon="-81.756315"><ele>216.5</ele><time>2026-09-05T14:52:19Z</time></trkpt>
      <trkpt lat="41.401627" lon="-81.756315"><ele>216.5</ele><time>2026-09-05T14:52:20Z</time></trkpt>
      <trkpt lat="41.401625" lon="-81.756315"><ele>216.5</ele><time>2026-09-05T14:52:21Z</time></trkpt>
      <trkpt lat="41.401625" lon="-81.756315"><ele>216.5</ele><time>2026-09-05T14:52:22Z</time></trkpt>
      <trkpt lat="41.401624" lon="-81.756315"><ele>216.5</ele><time>2026-09-05T14:52:23Z</time></trkpt>
      <trkpt lat="41.401623" lon="-81.756317"><ele>216.5</ele><time>2026-09-05T14:52:24Z</time></trkpt>
      <trkpt lat="41.401621" lon="-81.756319"><ele>216.5</ele><time>2026-09-05T14:52:25Z</time></trkpt>
      <trkpt lat="41.40162" lon="-81.756321"><ele>216.5</ele><time>2026-09-05T14:52:26Z</time></trkpt>
      <trkpt lat="41.401619" lon="-81.756323"><ele>216.5</ele><time>2026-09-05T14:52:27Z</time></trkpt>
      <trkpt lat="41.401618" lon="-81.756326"><ele>216.5</ele><time>2026-09-05T14:52:28Z</time></trkpt>
      <trkpt lat="41.401618" lon="-81.756327"><ele>216.5</ele><time>2026-09-05T14:52:29Z</time></trkpt>
      <trkpt lat="41.401618" lon="-81.75633"><ele>216.5</ele><time>2026-09-05T14:52:30Z</time></trkpt>
      <trkpt lat="41.401619" lon="-81.756333"><ele>216.5</ele><time>2026-09-05T14:52:31Z</time></trkpt>
      <trkpt lat="41.401621" lon="-81.756337"><ele>216.5</ele><time>2026-09-05T14:52:32Z</time></trkpt>
      <trkpt lat="41.401623" lon="-81.756341"><ele>216.5</ele><time>2026-09-05T14:52:33Z</time></trkpt>
      <trkpt lat="41.401625" lon="-81.756345"><ele>216.5</ele><time>2026-09-05T14:52:34Z</time></trkpt>
      <trkpt lat="41.401627" lon="-81.75635"><ele>216.5</ele><time>2026-09-05T14:52:35Z</time></trkpt>
      <trkpt lat="41.40163" lon="-81.756353"><ele>216.5</ele><time>2026-09-05T14:52:36Z</time></trkpt>
      <trkpt lat="41.401633" lon="-81.756356"><ele>216.5</ele><time>2026-09-05T14:52:37Z</time></trkpt>
      <trkpt lat="41.401635" lon="-81.756358"><ele>216.5</ele><time>2026-09-05T14:52:38Z</time></trkpt>
      <trkpt lat="41.401638" lon="-81.75636"><ele>216.5</ele><time>2026-09-05T14:52:39Z</time></trkpt>
      <trkpt lat="41.401641" lon="-81.75636"><ele>216.5</ele><time>2026-09-05T14:52:40Z</time></trkpt>
      <trkpt lat="41.401643" lon="-81.756361"><ele>216.5</ele><time>2026-09-05T14:52:41Z</time></trkpt>
      <trkpt lat="41.401646" lon="-81.756363"><ele>216.5</ele><time>2026-09-05T14:52:42Z</time></trkpt>
      <trkpt lat="41.401647" lon="-81.756364"><ele>216.5</ele><time>2026-09-05T14:52:43Z</time></trkpt>
      <trkpt lat="41.401648" lon="-81.756366"><ele>216.5</ele><time>2026-09-05T14:52:44Z</time></trkpt>
      <trkpt lat="41.401648" lon="-81.756366"><ele>216.5</ele><time>2026-09-05T14:52:45Z</time></trkpt>
      <trkpt lat="41.401647" lon="-81.756366"><ele>216.5</ele><time>2026-09-05T14:52:46Z</time></trkpt>
      <trkpt lat="41.401646" lon="-81.756365"><ele>216.5</ele><time>2026-09-05T14:52:47Z</time></trkpt>
      <trkpt lat="41.401645" lon="-81.756364"><ele>216.5</ele><time>2026-09-05T14:52:48Z</time></trkpt>
      <trkpt lat="41.401643" lon="-81.756361"><ele>216.5</ele><time>2026-09-05T14:52:49Z</time></trkpt>
      <trkpt lat="41.401642" lon="-81.756357"><ele>216.5</ele><time>2026-09-05T14:52:50Z</time></trkpt>
      <trkpt lat="41.401641" lon="-81.756353"><ele>216.5</ele><time>2026-09-05T14:52:51Z</time></trkpt>
      <trkpt lat="41.40164" lon="-81.756348"><ele>216.5</ele><time>2026-09-05T14:52:52Z</time></trkpt>
      <trkpt lat="41.401638" lon="-81.756343"><ele>216.5</ele><time>2026-09-05T14:52:53Z</time></trkpt>
      <trkpt lat="41.401636" lon="-81.756337"><ele>216.5</ele><time>2026-09-05T14:52:54Z</time></trkpt>
      <trkpt lat="41.401634" lon="-81.756332"><ele>216.5</ele><time>2026-09-05T14:52:55Z</time></trkpt>
      <trkpt lat="41.401632" lon="-81.756326"><ele>216.5</ele><time>2026-09-05T14:52:56Z</time></trkpt>
      <trkpt lat="41.401631" lon="-81.756319"><ele>216.5</ele><time>2026-09-05T14:52:57Z</time></trkpt>
      <trkpt lat="41.401629" lon="-81.756311"><ele>216.5</ele><time>2026-09-05T14:52:58Z</time></trkpt>
      <trkpt lat="41.401627" lon="-81.756302"><ele>216.5</ele><time>2026-09-05T14:52:59Z</time></trkpt>
      <trkpt lat="41.401626" lon="-81.756294"><ele>216.5</ele><time>2026-09-05T14:53:00Z</time></trkpt>
      <trkpt lat="41.401625" lon="-81.756286"><ele>216.5</ele><time>2026-09-05T14:53:01Z</time></trkpt>
      <trkpt lat="41.401625" lon="-81.75628"><ele>216.5</ele><time>2026-09-05T14:53:02Z</time></trkpt>
      <trkpt lat="41.401625" lon="-81.756274"><ele>216.5</ele><time>2026-09-05T14:53:03Z</time></trkpt>
      <trkpt lat="41.401624" lon="-81.756268"><ele>216.5</ele><time>2026-09-05T14:53:04Z</time></trkpt>
      <trkpt lat="41.401623" lon="-81.756262"><ele>216.5</ele><time>2026-09-05T14:53:05Z</time></trkpt>
      <trkpt lat="41.401622" lon="-81.756256"><ele>216.5</ele><time>2026-09-05T14:53:06Z</time></trkpt>
      <trkpt lat="41.401622" lon="-81.756249"><ele>216.5</ele><time>2026-09-05T14:53:07Z</time></trkpt>
      <trkpt lat="41.401621" lon="-81.75624"><ele>216.5</ele><time>2026-09-05T14:53:08Z</time></trkpt>
      <trkpt lat="41.40162" lon="-81.756232"><ele>216.5</ele><time>2026-09-05T14:53:09Z</time></trkpt>
      <trkpt lat="41.401621" lon="-81.756223"><ele>216.5</ele><time>2026-09-05T14:53:10Z</time></trkpt>
      <trkpt lat="41.401623" lon="-81.756215"><ele>216.5</ele><time>2026-09-05T14:53:11Z</time></trkpt>
      <trkpt lat="41.401626" lon="-81.756209"><ele>216.5</ele><time>2026-09-05T14:53:12Z</time></trkpt>
      <trkpt lat="41.401629" lon="-81.756204"><ele>216.5</ele><time>2026-09-05T14:53:13Z</time></trkpt>
      <trkpt lat="41.401632" lon="-81.7562"><ele>216.5</ele><time>2026-09-05T14:53:14Z</time></trkpt>
      <trkpt lat="41.401635" lon="-81.756198"><ele>216.5</ele><time>2026-09-05T14:53:15Z</time></trkpt>
      <trkpt lat="41.401637" lon="-81.756197"><ele>216.5</ele><time>2026-09-05T14:53:16Z</time></trkpt>
      <trkpt lat="41.40164" lon="-81.756198"><ele>216.5</ele><time>2026-09-05T14:53:17Z</time></trkpt>
      <trkpt lat="41.401643" lon="-81.756201"><ele>216.5</ele><time>2026-09-05T14:53:18Z</time></trkpt>
      <trkpt lat="41.401646" lon="-81.756205"><ele>216.5</ele><time>2026-09-05T14:53:19Z</time></trkpt>
      <trkpt lat="41.401651" lon="-81.756211"><ele>216.5</ele><time>2026-09-05T14:53:20Z</time></trkpt>
      <trkpt lat="41.401655" lon="-81.756219"><ele>216.5</ele><time>2026-09-05T14:53:21Z</time></trkpt>
      <trkpt lat="41.401657" lon="-81.756229"><ele>216.5</ele><time>2026-09-05T14:53:22Z</time></trkpt>
      <trkpt lat="41.401659" lon="-81.75624"><ele>216.5</ele><time>2026-09-05T14:53:23Z</time></trkpt>
      <trkpt lat="41.401659" lon="-81.756252"><ele>216.5</ele><time>2026-09-05T14:53:24Z</time></trkpt>
      <trkpt lat="41.401659" lon="-81.756264"><ele>205.5</ele><time>2026-09-05T14:53:25Z</time></trkpt>
      <trkpt lat="41.401658" lon="-81.756275"><ele>205.8</ele><time>2026-09-05T14:53:26Z</time></trkpt>
      <trkpt lat="41.401657" lon="-81.756286"><ele>205.5</ele><time>2026-09-05T14:53:27Z</time></trkpt>
      <trkpt lat="41.401656" lon="-81.756296"><ele>216.5</ele><time>2026-09-05T14:53:28Z</time></trkpt>
      <trkpt lat="41.401653" lon="-81.756305"><ele>216.5</ele><time>2026-09-05T14:53:29Z</time></trkpt>
      <trkpt lat="41.401651" lon="-81.756314"><ele>210.5</ele><time>2026-09-05T14:53:30Z</time></trkpt>
      <trkpt lat="41.401648" lon="-81.756322"><ele>205.9</ele><time>2026-09-05T14:53:31Z</time></trkpt>
      <trkpt lat="41.401644" lon="-81.756328"><ele>205.6</ele><time>2026-09-05T14:53:32Z</time></trkpt>
      <trkpt lat="41.401641" lon="-81.756333"><ele>216.5</ele><time>2026-09-05T14:53:33Z</time></trkpt>
      <trkpt lat="41.401637" lon="-81.756338"><ele>216.5</ele><time>2026-09-05T14:53:34Z</time></trkpt>
      <trkpt lat="41.401635" lon="-81.75634"><ele>216.5</ele><time>2026-09-05T14:53:35Z</time></trkpt>
      <trkpt lat="41.401633" lon="-81.756341"><ele>216.5</ele><time>2026-09-05T14:53:36Z</time></trkpt>
      <trkpt lat="41.401633" lon="-81.75634"><ele>216.5</ele><time>2026-09-05T14:53:37Z</time></trkpt>
      <trkpt lat="41.401633" lon="-81.756338"><ele>216.5</ele><time>2026-09-05T14:53:38Z</time></trkpt>
      <trkpt lat="41.401634" lon="-81.756335"><ele>216.5</ele><time>2026-09-05T14:53:39Z</time></trkpt>
      <trkpt lat="41.401635" lon="-81.756331"><ele>216.5</ele><time>2026-09-05T14:53:40Z</time></trkpt>
      <trkpt lat="41.401636" lon="-81.756326"><ele>216.5</ele><time>2026-09-05T14:53:41Z</time></trkpt>
      <trkpt lat="41.401637" lon="-81.756322"><ele>216.5</ele><time>2026-09-05T14:53:42Z</time></trkpt>
      <trkpt lat="41.401637" lon="-81.756317"><ele>216.5</ele><time>2026-09-05T14:53:43Z</time></trkpt>
      <trkpt lat="41.401637" lon="-81.756314"><ele>216.5</ele><time>2026-09-05T14:53:44Z</time></trkpt>
      <trkpt lat="41.401637" lon="-81.756312"><ele>216.5</ele><time>2026-09-05T14:53:45Z</time></trkpt>
      <trkpt lat="41.401637" lon="-81.756311"><ele>216.5</ele><time>2026-09-05T14:53:46Z</time></trkpt>
      <trkpt lat="41.401636" lon="-81.756311"><ele>216.5</ele><time>2026-09-05T14:53:47Z</time></trkpt>
      <trkpt lat="41.401636" lon="-81.756311"><ele>216.5</ele><time>2026-09-05T14:53:48Z</time></trkpt>
      <trkpt lat="41.401637" lon="-81.75631"><ele>216.5</ele><time>2026-09-05T14:53:49Z</time></trkpt>
      <trkpt lat="41.401637" lon="-81.756311"><ele>216.5</ele><time>2026-09-05T14:53:50Z</time></trkpt>
      <trkpt lat="41.401639" lon="-81.756311"><ele>205.4</ele><time>2026-09-05T14:53:51Z</time></trkpt>
      <trkpt lat="41.40164" lon="-81.756312"><ele>205.3</ele><time>2026-09-05T14:53:52Z</time></trkpt>
      <trkpt lat="41.401643" lon="-81.756311"><ele>205.5</ele><time>2026-09-05T14:53:53Z</time></trkpt>
      <trkpt lat="41.401646" lon="-81.756311"><ele>205.1</ele><time>2026-09-05T14:53:54Z</time></trkpt>
      <trkpt lat="41.40165" lon="-81.756311"><ele>205.6</ele><time>2026-09-05T14:53:55Z</time></trkpt>
      <trkpt lat="41.401656" lon="-81.75631"><ele>205.5</ele><time>2026-09-05T14:53:56Z</time></trkpt>
      <trkpt lat="41.40166" lon="-81.756308"><ele>205.6</ele><time>2026-09-05T14:53:57Z</time></trkpt>
      <trkpt lat="41.401663" lon="-81.756307"><ele>206</ele><time>2026-09-05T14:53:58Z</time></trkpt>
      <trkpt lat="41.401666" lon="-81.756306"><ele>205.2</ele><time>2026-09-05T14:53:59Z</time></trkpt>
      <trkpt lat="41.401669" lon="-81.756305"><ele>205.7</ele><time>2026-09-05T14:54:00Z</time></trkpt>
      <trkpt lat="41.401672" lon="-81.756306"><ele>218</ele><time>2026-09-05T14:54:01Z</time></trkpt>
      <trkpt lat="41.401675" lon="-81.756306"><ele>205.8</ele><time>2026-09-05T14:54:02Z</time></trkpt>
      <trkpt lat="41.401678" lon="-81.756306"><ele>205.8</ele><time>2026-09-05T14:54:03Z</time></trkpt>
      <trkpt lat="41.401679" lon="-81.756305"><ele>218</ele><time>2026-09-05T14:54:04Z</time></trkpt>
      <trkpt lat="41.401682" lon="-81.756306"><ele>218</ele><time>2026-09-05T14:54:05Z</time></trkpt>
      <trkpt lat="41.401687" lon="-81.756311"><ele>218</ele><time>2026-09-05T14:54:06Z</time></trkpt>
      <trkpt lat="41.401694" lon="-81.756319"><ele>218</ele><time>2026-09-05T14:54:07Z</time></trkpt>
      <trkpt lat="41.401697" lon="-81.756323"><ele>218</ele><time>2026-09-05T14:54:08Z</time></trkpt>
      <trkpt lat="41.401699" lon="-81.756324"><ele>218</ele><time>2026-09-05T14:54:09Z</time></trkpt>
      <trkpt lat="41.401701" lon="-81.756325"><ele>218</ele><time>2026-09-05T14:54:10Z</time></trkpt>
      <trkpt lat="41.401702" lon="-81.756325"><ele>218</ele><time>2026-09-05T14:54:11Z</time></trkpt>
      <trkpt lat="41.401704" lon="-81.756326"><ele>218</ele><time>2026-09-05T14:54:12Z</time></trkpt>
      <trkpt lat="41.401705" lon="-81.756326"><ele>218</ele><time>2026-09-05T14:54:13Z</time></trkpt>
      <trkpt lat="41.401707" lon="-81.756326"><ele>218</ele><time>2026-09-05T14:54:14Z</time></trkpt>
      <trkpt lat="41.401709" lon="-81.756325"><ele>216.5</ele><time>2026-09-05T14:54:15Z</time></trkpt>
      <trkpt lat="41.401711" lon="-81.756324"><ele>216.5</ele><time>2026-09-05T14:54:16Z</time></trkpt>
      <trkpt lat="41.401714" lon="-81.756323"><ele>206</ele><time>2026-09-05T14:54:17Z</time></trkpt>
      <trkpt lat="41.401716" lon="-81.756323"><ele>205.8</ele><time>2026-09-05T14:54:18Z</time></trkpt>
      <trkpt lat="41.401719" lon="-81.756323"><ele>205.8</ele><time>2026-09-05T14:54:19Z</time></trkpt>
      <trkpt lat="41.401722" lon="-81.756323"><ele>205.8</ele><time>2026-09-05T14:54:20Z</time></trkpt>
      <trkpt lat="41.401725" lon="-81.756324"><ele>205.9</ele><time>2026-09-05T14:54:21Z</time></trkpt>
      <trkpt lat="41.401728" lon="-81.756325"><ele>205.6</ele><time>2026-09-05T14:54:22Z</time></trkpt>
      <trkpt lat="41.401728" lon="-81.756324"><ele>205.299</ele><time>2026-09-05T14:54:23Z</time></trkpt>
      <trkpt lat="41.401727" lon="-81.756323"><ele>205.6</ele><time>2026-09-05T14:54:24Z</time></trkpt>
      <trkpt lat="41.401725" lon="-81.756322"><ele>206.2</ele><time>2026-09-05T14:54:25Z</time></trkpt>
      <trkpt lat="41.40172" lon="-81.756319"><ele>205.4</ele><time>2026-09-05T14:54:26Z</time></trkpt>
      <trkpt lat="41.401716" lon="-81.756316"><ele>205.5</ele><time>2026-09-05T14:54:27Z</time></trkpt>
      <trkpt lat="41.401711" lon="-81.756313"><ele>206</ele><time>2026-09-05T14:54:28Z</time></trkpt>
      <trkpt lat="41.401707" lon="-81.75631"><ele>206.8</ele><time>2026-09-05T14:54:29Z</time></trkpt>
      <trkpt lat="41.401703" lon="-81.756307"><ele>206.8</ele><time>2026-09-05T14:54:30Z</time></trkpt>
      <trkpt lat="41.401699" lon="-81.756304"><ele>206.5</ele><time>2026-09-05T14:54:31Z</time></trkpt>
      <trkpt lat="41.401696" lon="-81.756303"><ele>206.5</ele><time>2026-09-05T14:54:32Z</time></trkpt>
      <trkpt lat="41.401693" lon="-81.756303"><ele>206.5</ele><time>2026-09-05T14:54:33Z</time></trkpt>
      <trkpt lat="41.40169" lon="-81.756305"><ele>218.6</ele><time>2026-09-05T14:54:34Z</time></trkpt>
      <trkpt lat="41.401688" lon="-81.756305"><ele>218.6</ele><time>2026-09-05T14:54:35Z</time></trkpt>
      <trkpt lat="41.401687" lon="-81.756304"><ele>218.6</ele><time>2026-09-05T14:54:36Z</time></trkpt>
      <trkpt lat="41.401686" lon="-81.756302"><ele>218.6</ele><time>2026-09-05T14:54:37Z</time></trkpt>
      <trkpt lat="41.401685" lon="-81.7563"><ele>218.6</ele><time>2026-09-05T14:54:38Z</time></trkpt>
      <trkpt lat="41.401685" lon="-81.756298"><ele>218.6</ele><time>2026-09-05T14:54:39Z</time></trkpt>
      <trkpt lat="41.401685" lon="-81.756297"><ele>218.6</ele><time>2026-09-05T14:54:40Z</time></trkpt>
      <trkpt lat="41.401686" lon="-81.756297"><ele>218.6</ele><time>2026-09-05T14:54:41Z</time></trkpt>
      <trkpt lat="41.401687" lon="-81.756298"><ele>218.6</ele><time>2026-09-05T14:54:42Z</time></trkpt>
      <trkpt lat="41.401688" lon="-81.756301"><ele>218.6</ele><time>2026-09-05T14:54:43Z</time></trkpt>
      <trkpt lat="41.401688" lon="-81.756305"><ele>218.6</ele><time>2026-09-05T14:54:44Z</time></trkpt>
      <trkpt lat="41.401687" lon="-81.75631"><ele>206.5</ele><time>2026-09-05T14:54:45Z</time></trkpt>
      <trkpt lat="41.401685" lon="-81.756315"><ele>206.2</ele><time>2026-09-05T14:54:46Z</time></trkpt>
      <trkpt lat="41.401683" lon="-81.75632"><ele>206.2</ele><time>2026-09-05T14:54:47Z</time></trkpt>
      <trkpt lat="41.40168" lon="-81.756324"><ele>206.2</ele><time>2026-09-05T14:54:48Z</time></trkpt>
      <trkpt lat="41.401676" lon="-81.756328"><ele>206.2</ele><time>2026-09-05T14:54:49Z</time></trkpt>
      <trkpt lat="41.401672" lon="-81.75633"><ele>206.1</ele><time>2026-09-05T14:54:50Z</time></trkpt>
      <trkpt lat="41.401668" lon="-81.756331"><ele>206.4</ele><time>2026-09-05T14:54:51Z</time></trkpt>
      <trkpt lat="41.401662" lon="-81.756332"><ele>207.1</ele><time>2026-09-05T14:54:52Z</time></trkpt>
      <trkpt lat="41.401657" lon="-81.756336"><ele>207</ele><time>2026-09-05T14:54:53Z</time></trkpt>
      <trkpt lat="41.401653" lon="-81.756341"><ele>207.2</ele><time>2026-09-05T14:54:54Z</time></trkpt>
      <trkpt lat="41.40165" lon="-81.756347"><ele>207.2</ele><time>2026-09-05T14:54:55Z</time></trkpt>
      <trkpt lat="41.401647" lon="-81.756357"><ele>207.5</ele><time>2026-09-05T14:54:56Z</time></trkpt>
      <trkpt lat="41.401647" lon="-81.756363"><ele>207.9</ele><time>2026-09-05T14:54:57Z</time></trkpt>
      <trkpt lat="41.401647" lon="-81.756365"><ele>207.9</ele><time>2026-09-05T14:54:58Z</time></trkpt>
      <trkpt lat="41.401645" lon="-81.756363"><ele>206.6</ele><time>2026-09-05T14:54:59Z</time></trkpt>
      <trkpt lat="41.401642" lon="-81.75636"><ele>207.4</ele><time>2026-09-05T14:55:00Z</time></trkpt>
      <trkpt lat="41.401637" lon="-81.756358"><ele>207.5</ele><time>2026-09-05T14:55:01Z</time></trkpt>
      <trkpt lat="41.401631" lon="-81.756357"><ele>207.2</ele><time>2026-09-05T14:55:02Z</time></trkpt>
      <trkpt lat="41.401628" lon="-81.756355"><ele>216.5</ele><time>2026-09-05T14:55:03Z</time></trkpt>
      <trkpt lat="41.401625" lon="-81.756353"><ele>216.5</ele><time>2026-09-05T14:55:04Z</time></trkpt>
      <trkpt lat="41.401624" lon="-81.756352"><ele>218</ele><time>2026-09-05T14:55:05Z</time></trkpt>
      <trkpt lat="41.401623" lon="-81.756351"><ele>218.6</ele><time>2026-09-05T14:55:06Z</time></trkpt>
      <trkpt lat="41.401621" lon="-81.756352"><ele>218.6</ele><time>2026-09-05T14:55:07Z</time></trkpt>
      <trkpt lat="41.401619" lon="-81.756353"><ele>218.6</ele><time>2026-09-05T14:55:08Z</time></trkpt>
      <trkpt lat="41.401618" lon="-81.756355"><ele>218.6</ele><time>2026-09-05T14:55:09Z</time></trkpt>
      <trkpt lat="41.401615" lon="-81.756357"><ele>218.6</ele><time>2026-09-05T14:55:10Z</time></trkpt>
      <trkpt lat="41.401614" lon="-81.756358"><ele>218.6</ele><time>2026-09-05T14:55:11Z</time></trkpt>
      <trkpt lat="41.401613" lon="-81.756359"><ele>218.6</ele><time>2026-09-05T14:55:12Z</time></trkpt>
      <trkpt lat="41.401611" lon="-81.756362"><ele>207.4</ele><time>2026-09-05T14:55:13Z</time></trkpt>
      <trkpt lat="41.401611" lon="-81.756361"><ele>206.8</ele><time>2026-09-05T14:55:14Z</time></trkpt>
      <trkpt lat="41.401612" lon="-81.75636"><ele>207.1</ele><time>2026-09-05T14:55:15Z</time></trkpt>
      <trkpt lat="41.401613" lon="-81.756356"><ele>207.3</ele><time>2026-09-05T14:55:16Z</time></trkpt>
      <trkpt lat="41.401615" lon="-81.756352"><ele>207.1</ele><time>2026-09-05T14:55:17Z</time></trkpt>
      <trkpt lat="41.401615" lon="-81.75635"><ele>207.1</ele><time>2026-09-05T14:55:18Z</time></trkpt>
      <trkpt lat="41.401615" lon="-81.756348"><ele>207.3</ele><time>2026-09-05T14:55:19Z</time></trkpt>
      <trkpt lat="41.401616" lon="-81.756347"><ele>206.3</ele><time>2026-09-05T14:55:20Z</time></trkpt>
      <trkpt lat="41.401618" lon="-81.756346"><ele>206.7</ele><time>2026-09-05T14:55:21Z</time></trkpt>
      <trkpt lat="41.401618" lon="-81.756346"><ele>206.8</ele><time>2026-09-05T14:55:22Z</time></trkpt>
      <trkpt lat="41.401618" lon="-81.756346"><ele>207</ele><time>2026-09-05T14:55:23Z</time></trkpt>
      <trkpt lat="41.401618" lon="-81.756346"><ele>206.7</ele><time>2026-09-05T14:55:24Z</time></trkpt>
      <trkpt lat="41.401618" lon="-81.756347"><ele>206.2</ele><time>2026-09-05T14:55:25Z</time></trkpt>
      <trkpt lat="41.401617" lon="-81.756348"><ele>206.299</ele><time>2026-09-05T14:55:26Z</time></trkpt>
      <trkpt lat="41.401615" lon="-81.756349"><ele>206.499</ele><time>2026-09-05T14:55:27Z</time></trkpt>
      <trkpt lat="41.401615" lon="-81.75635"><ele>207.199</ele><time>2026-09-05T14:55:28Z</time></trkpt>
      <trkpt lat="41.401614" lon="-81.756353"><ele>207.199</ele><time>2026-09-05T14:55:29Z</time></trkpt>
      <trkpt lat="41.401615" lon="-81.756353"><ele>207.199</ele><time>2026-09-05T14:55:30Z</time></trkpt>
      <trkpt lat="41.401615" lon="-81.756353"><ele>207.199</ele><time>2026-09-05T14:55:31Z</time></trkpt>
      <trkpt lat="41.401613" lon="-81.756353"><ele>216.499</ele><time>2026-09-05T14:55:32Z</time></trkpt>
      <trkpt lat="41.401612" lon="-81.756353"><ele>218.3</ele><time>2026-09-05T14:55:33Z</time></trkpt>
      <trkpt lat="41.40161" lon="-81.756352"><ele>218.6</ele><time>2026-09-05T14:55:34Z</time></trkpt>
      <trkpt lat="41.40161" lon="-81.75635"><ele>218.6</ele><time>2026-09-05T14:55:35Z</time></trkpt>
      <trkpt lat="41.401611" lon="-81.756344"><ele>218.6</ele><time>2026-09-05T14:55:36Z</time></trkpt>
      <trkpt lat="41.401613" lon="-81.756338"><ele>218.6</ele><time>2026-09-05T14:55:37Z</time></trkpt>
      <trkpt lat="41.401613" lon="-81.756333"><ele>216.5</ele><time>2026-09-05T14:55:38Z</time></trkpt>
      <trkpt lat="41.401615" lon="-81.756328"><ele>216.5</ele><time>2026-09-05T14:55:39Z</time></trkpt>
      <trkpt lat="41.401615" lon="-81.756326"><ele>206.3</ele><time>2026-09-05T14:55:40Z</time></trkpt>
      <trkpt lat="41.401614" lon="-81.756322"><ele>206.8</ele><time>2026-09-05T14:55:41Z</time></trkpt>
      <trkpt lat="41.401614" lon="-81.75632"><ele>206.6</ele><time>2026-09-05T14:55:42Z</time></trkpt>
      <trkpt lat="41.401615" lon="-81.756317"><ele>207.1</ele><time>2026-09-05T14:55:43Z</time></trkpt>
      <trkpt lat="41.401616" lon="-81.756315"><ele>207.1</ele><time>2026-09-05T14:55:44Z</time></trkpt>
      <trkpt lat="41.401618" lon="-81.75631"><ele>207</ele><time>2026-09-05T14:55:45Z</time></trkpt>
      <trkpt lat="41.401621" lon="-81.756307"><ele>207.1</ele><time>2026-09-05T14:55:46Z</time></trkpt>
      <trkpt lat="41.401624" lon="-81.756304"><ele>206.6</ele><time>2026-09-05T14:55:47Z</time></trkpt>
      <trkpt lat="41.401626" lon="-81.756303"><ele>206.2</ele><time>2026-09-05T14:55:48Z</time></trkpt>
      <trkpt lat="41.401631" lon="-81.756302"><ele>206.799</ele><time>2026-09-05T14:55:49Z</time></trkpt>
      <trkpt lat="41.401633" lon="-81.756302"><ele>207.1</ele><time>2026-09-05T14:55:50Z</time></trkpt>
      <trkpt lat="41.401635" lon="-81.756304"><ele>207</ele><time>2026-09-05T14:55:51Z</time></trkpt>
      <trkpt lat="41.401636" lon="-81.756306"><ele>207.6</ele><time>2026-09-05T14:55:52Z</time></trkpt>
      <trkpt lat="41.401637" lon="-81.756308"><ele>206.799</ele><time>2026-09-05T14:55:53Z</time></trkpt>
      <trkpt lat="41.401638" lon="-81.75631"><ele>207.2</ele><time>2026-09-05T14:55:54Z</time></trkpt>
      <trkpt lat="41.401638" lon="-81.756312"><ele>207.6</ele><time>2026-09-05T14:55:55Z</time></trkpt>
      <trkpt lat="41.401637" lon="-81.756314"><ele>207.5</ele><time>2026-09-05T14:55:56Z</time></trkpt>
      <trkpt lat="41.401637" lon="-81.756315"><ele>207.3</ele><time>2026-09-05T14:55:57Z</time></trkpt>
      <trkpt lat="41.401637" lon="-81.756316"><ele>207.4</ele><time>2026-09-05T14:55:58Z</time></trkpt>
      <trkpt lat="41.401638" lon="-81.756317"><ele>207.4</ele><time>2026-09-05T14:55:59Z</time></trkpt>
      <trkpt lat="41.401638" lon="-81.756318"><ele>216.5</ele><time>2026-09-05T14:56:00Z</time></trkpt>
      <trkpt lat="41.401638" lon="-81.75632"><ele>218</ele><time>2026-09-05T14:56:01Z</time></trkpt>
      <trkpt lat="41.401638" lon="-81.756322"><ele>218</ele><time>2026-09-05T14:56:02Z</time></trkpt>
      <trkpt lat="41.401638" lon="-81.756324"><ele>218</ele><time>2026-09-05T14:56:03Z</time></trkpt>
      <trkpt lat="41.401638" lon="-81.756327"><ele>218</ele><time>2026-09-05T14:56:04Z</time></trkpt>
      <trkpt lat="41.401637" lon="-81.75633"><ele>218</ele><time>2026-09-05T14:56:05Z</time></trkpt>
      <trkpt lat="41.401636" lon="-81.756335"><ele>218</ele><time>2026-09-05T14:56:06Z</time></trkpt>
      <trkpt lat="41.401635" lon="-81.756338"><ele>206.3</ele><time>2026-09-05T14:56:07Z</time></trkpt>
      <trkpt lat="41.401634" lon="-81.756339"><ele>207.3</ele><time>2026-09-05T14:56:08Z</time></trkpt>
      <trkpt lat="41.401633" lon="-81.756338"><ele>206.5</ele><time>2026-09-05T14:56:09Z</time></trkpt>
      <trkpt lat="41.401631" lon="-81.756334"><ele>207.1</ele><time>2026-09-05T14:56:10Z</time></trkpt>
      <trkpt lat="41.401629" lon="-81.756332"><ele>207.1</ele><time>2026-09-05T14:56:11Z</time></trkpt>
      <trkpt lat="41.401629" lon="-81.75633"><ele>207.1</ele><time>2026-09-05T14:56:12Z</time></trkpt>
      <trkpt lat="41.401629" lon="-81.756328"><ele>207.1</ele><time>2026-09-05T14:56:13Z</time></trkpt>
      <trkpt lat="41.40163" lon="-81.756326"><ele>207.1</ele><time>2026-09-05T14:56:14Z</time></trkpt>
      <trkpt lat="41.401632" lon="-81.756324"><ele>207.2</ele><time>2026-09-05T14:56:15Z</time></trkpt>
      <trkpt lat="41.401635" lon="-81.756327"><ele>206.7</ele><time>2026-09-05T14:56:16Z</time></trkpt>
      <trkpt lat="41.401637" lon="-81.756329"><ele>206.7</ele><time>2026-09-05T14:56:17Z</time></trkpt>
      <trkpt lat="41.401638" lon="-81.756329"><ele>207</ele><time>2026-09-05T14:56:18Z</time></trkpt>
      <trkpt lat="41.401638" lon="-81.756328"><ele>207</ele><time>2026-09-05T14:56:19Z</time></trkpt>
      <trkpt lat="41.401638" lon="-81.756325"><ele>207.2</ele><time>2026-09-05T14:56:20Z</time></trkpt>
      <trkpt lat="41.401637" lon="-81.756323"><ele>206.5</ele><time>2026-09-05T14:56:21Z</time></trkpt>
      <trkpt lat="41.401635" lon="-81.75632"><ele>206.8</ele><time>2026-09-05T14:56:22Z</time></trkpt>
      <trkpt lat="41.401634" lon="-81.756319"><ele>207</ele><time>2026-09-05T14:56:23Z</time></trkpt>
      <trkpt lat="41.401635" lon="-81.756319"><ele>206.9</ele><time>2026-09-05T14:56:24Z</time></trkpt>
      <trkpt lat="41.401636" lon="-81.75632"><ele>206.4</ele><time>2026-09-05T14:56:25Z</time></trkpt>
      <trkpt lat="41.401638" lon="-81.756322"><ele>206.5</ele><time>2026-09-05T14:56:26Z</time></trkpt>
      <trkpt lat="41.40164" lon="-81.756325"><ele>206.6</ele><time>2026-09-05T14:56:27Z</time></trkpt>
      <trkpt lat="41.401643" lon="-81.756327"><ele>218</ele><time>2026-09-05T14:56:28Z</time></trkpt>
      <trkpt lat="41.401645" lon="-81.756328"><ele>218</ele><time>2026-09-05T14:56:29Z</time></trkpt>
      <trkpt lat="41.401647" lon="-81.75633"><ele>218</ele><time>2026-09-05T14:56:30Z</time></trkpt>
      <trkpt lat="41.401648" lon="-81.756332"><ele>206.1</ele><time>2026-09-05T14:56:31Z</time></trkpt>
      <trkpt lat="41.401648" lon="-81.756333"><ele>218</ele><time>2026-09-05T14:56:32Z</time></trkpt>
      <trkpt lat="41.401646" lon="-81.756335"><ele>218</ele><time>2026-09-05T14:56:33Z</time></trkpt>
      <trkpt lat="41.401644" lon="-81.756337"><ele>218</ele><time>2026-09-05T14:56:34Z</time></trkpt>
      <trkpt lat="41.401642" lon="-81.756338"><ele>206.7</ele><time>2026-09-05T14:56:35Z</time></trkpt>
      <trkpt lat="41.401641" lon="-81.756338"><ele>206</ele><time>2026-09-05T14:56:36Z</time></trkpt>
      <trkpt lat="41.401639" lon="-81.756339"><ele>206.1</ele><time>2026-09-05T14:56:37Z</time></trkpt>
      <trkpt lat="41.401638" lon="-81.756339"><ele>206</ele><time>2026-09-05T14:56:38Z</time></trkpt>
      <trkpt lat="41.401637" lon="-81.756338"><ele>206.3</ele><time>2026-09-05T14:56:39Z</time></trkpt>
      <trkpt lat="41.401637" lon="-81.756338"><ele>206.3</ele><time>2026-09-05T14:56:40Z</time></trkpt>
      <trkpt lat="41.401636" lon="-81.756338"><ele>206.7</ele><time>2026-09-05T14:56:41Z</time></trkpt>
      <trkpt lat="41.401635" lon="-81.756337"><ele>205.6</ele><time>2026-09-05T14:56:42Z</time></trkpt>
      <trkpt lat="41.401634" lon="-81.756335"><ele>206.299</ele><time>2026-09-05T14:56:43Z</time></trkpt>
      <trkpt lat="41.401634" lon="-81.756335"><ele>206.299</ele><time>2026-09-05T14:56:44Z</time></trkpt>
      <trkpt lat="41.401635" lon="-81.756334"><ele>206.799</ele><time>2026-09-05T14:56:45Z</time></trkpt>
      <trkpt lat="41.401635" lon="-81.756333"><ele>206.499</ele><time>2026-09-05T14:56:46Z</time></trkpt>
      <trkpt lat="41.401635" lon="-81.756331"><ele>206.299</ele><time>2026-09-05T14:56:47Z</time></trkpt>
      <trkpt lat="41.401636" lon="-81.75633"><ele>205.999</ele><time>2026-09-05T14:56:48Z</time></trkpt>
      <trkpt lat="41.401637" lon="-81.756328"><ele>206.599</ele><time>2026-09-05T14:56:49Z</time></trkpt>
      <trkpt lat="41.401637" lon="-81.756327"><ele>207</ele><time>2026-09-05T14:56:50Z</time></trkpt>
      <trkpt lat="41.401637" lon="-81.756326"><ele>207</ele><time>2026-09-05T14:56:51Z</time></trkpt>
      <trkpt lat="41.401638" lon="-81.756325"><ele>207</ele><time>2026-09-05T14:56:52Z</time></trkpt>
      <trkpt lat="41.401638" lon="-81.756325"><ele>206.6</ele><time>2026-09-05T14:56:53Z</time></trkpt>
      <trkpt lat="41.401638" lon="-81.756325"><ele>206.7</ele><time>2026-09-05T14:56:54Z</time></trkpt>
      <trkpt lat="41.401638" lon="-81.756324"><ele>207.299</ele><time>2026-09-05T14:56:55Z</time></trkpt>
      <trkpt lat="41.401639" lon="-81.756323"><ele>217.999</ele><time>2026-09-05T14:56:56Z</time></trkpt>
      <trkpt lat="41.40164" lon="-81.756322"><ele>217.999</ele><time>2026-09-05T14:56:57Z</time></trkpt>
      <trkpt lat="41.40164" lon="-81.756322"><ele>207.299</ele><time>2026-09-05T14:56:58Z</time></trkpt>
      <trkpt lat="41.401641" lon="-81.756322"><ele>206</ele><time>2026-09-05T14:56:59Z</time></trkpt>
      <trkpt lat="41.401642" lon="-81.756321"><ele>218</ele><time>2026-09-05T14:57:00Z</time></trkpt>
      <trkpt lat="41.401643" lon="-81.75632"><ele>218</ele><time>2026-09-05T14:57:01Z</time></trkpt>
      <trkpt lat="41.401645" lon="-81.756318"><ele>207.2</ele><time>2026-09-05T14:57:02Z</time></trkpt>
      <trkpt lat="41.401647" lon="-81.756315"><ele>207</ele><time>2026-09-05T14:57:03Z</time></trkpt>
      <trkpt lat="41.40165" lon="-81.756311"><ele>206.1</ele><time>2026-09-05T14:57:04Z</time></trkpt>
      <trkpt lat="41.401652" lon="-81.756307"><ele>205.6</ele><time>2026-09-05T14:57:05Z</time></trkpt>
      <trkpt lat="41.401654" lon="-81.756303"><ele>206.299</ele><time>2026-09-05T14:57:06Z</time></trkpt>
      <trkpt lat="41.401656" lon="-81.756298"><ele>206.1</ele><time>2026-09-05T14:57:07Z</time></trkpt>
      <trkpt lat="41.401658" lon="-81.756293"><ele>206.4</ele><time>2026-09-05T14:57:08Z</time></trkpt>
      <trkpt lat="41.401659" lon="-81.756289"><ele>206.2</ele><time>2026-09-05T14:57:09Z</time></trkpt>
      <trkpt lat="41.401659" lon="-81.756286"><ele>206.1</ele><time>2026-09-05T14:57:10Z</time></trkpt>
      <trkpt lat="41.401659" lon="-81.756285"><ele>205.7</ele><time>2026-09-05T14:57:11Z</time></trkpt>
      <trkpt lat="41.401658" lon="-81.756285"><ele>206.4</ele><time>2026-09-05T14:57:12Z</time></trkpt>
      <trkpt lat="41.401658" lon="-81.756285"><ele>206.4</ele><time>2026-09-05T14:57:13Z</time></trkpt>
      <trkpt lat="41.401658" lon="-81.756284"><ele>206.5</ele><time>2026-09-05T14:57:14Z</time></trkpt>
      <trkpt lat="41.401658" lon="-81.756281"><ele>206.4</ele><time>2026-09-05T14:57:15Z</time></trkpt>
      <trkpt lat="41.401658" lon="-81.756278"><ele>205.8</ele><time>2026-09-05T14:57:16Z</time></trkpt>
      <trkpt lat="41.401657" lon="-81.756274"><ele>206.8</ele><time>2026-09-05T14:57:17Z</time></trkpt>
      <trkpt lat="41.401657" lon="-81.75627"><ele>207.1</ele><time>2026-09-05T14:57:18Z</time></trkpt>
      <trkpt lat="41.401657" lon="-81.756268"><ele>207.1</ele><time>2026-09-05T14:57:19Z</time></trkpt>
      <trkpt lat="41.401657" lon="-81.756267"><ele>207</ele><time>2026-09-05T14:57:20Z</time></trkpt>
      <trkpt lat="41.401657" lon="-81.756265"><ele>206.8</ele><time>2026-09-05T14:57:21Z</time></trkpt>
      <trkpt lat="41.401657" lon="-81.756264"><ele>206.7</ele><time>2026-09-05T14:57:22Z</time></trkpt>
      <trkpt lat="41.401657" lon="-81.756262"><ele>206.9</ele><time>2026-09-05T14:57:23Z</time></trkpt>
      <trkpt lat="41.401657" lon="-81.756262"><ele>207.1</ele><time>2026-09-05T14:57:24Z</time></trkpt>
      <trkpt lat="41.401657" lon="-81.756261"><ele>216.2</ele><time>2026-09-05T14:57:25Z</time></trkpt>
      <trkpt lat="41.401657" lon="-81.75626"><ele>206</ele><time>2026-09-05T14:57:26Z</time></trkpt>
      <trkpt lat="41.401657" lon="-81.75626"><ele>206</ele><time>2026-09-05T14:57:27Z</time></trkpt>
      <trkpt lat="41.401657" lon="-81.756259"><ele>206.2</ele><time>2026-09-05T14:57:28Z</time></trkpt>
      <trkpt lat="41.401657" lon="-81.756258"><ele>207.2</ele><time>2026-09-05T14:57:29Z</time></trkpt>
      <trkpt lat="41.401657" lon="-81.756258"><ele>207</ele><time>2026-09-05T14:57:30Z</time></trkpt>
      <trkpt lat="41.401657" lon="-81.756257"><ele>206</ele><time>2026-09-05T14:57:31Z</time></trkpt>
      <trkpt lat="41.401657" lon="-81.756256"><ele>205.8</ele><time>2026-09-05T14:57:32Z</time></trkpt>
      <trkpt lat="41.401657" lon="-81.756256"><ele>205.8</ele><time>2026-09-05T14:57:33Z</time></trkpt>
      <trkpt lat="41.401657" lon="-81.756255"><ele>206</ele><time>2026-09-05T14:57:34Z</time></trkpt>
      <trkpt lat="41.401656" lon="-81.756255"><ele>206.1</ele><time>2026-09-05T14:57:35Z</time></trkpt>
      <trkpt lat="41.401656" lon="-81.756255"><ele>206.5</ele><time>2026-09-05T14:57:36Z</time></trkpt>
      <trkpt lat="41.401655" lon="-81.756255"><ele>205.9</ele><time>2026-09-05T14:57:37Z</time></trkpt>
      <trkpt lat="41.401655" lon="-81.756255"><ele>205.6</ele><time>2026-09-05T14:57:38Z</time></trkpt>
      <trkpt lat="41.401655" lon="-81.756256"><ele>205.7</ele><time>2026-09-05T14:57:39Z</time></trkpt>
      <trkpt lat="41.401655" lon="-81.756256"><ele>206.399</ele><time>2026-09-05T14:57:40Z</time></trkpt>
      <trkpt lat="41.401655" lon="-81.756257"><ele>206.599</ele><time>2026-09-05T14:57:41Z</time></trkpt>
      <trkpt lat="41.401655" lon="-81.756258"><ele>205.999</ele><time>2026-09-05T14:57:42Z</time></trkpt>
      <trkpt lat="41.401655" lon="-81.756259"><ele>206.4</ele><time>2026-09-05T14:57:43Z</time></trkpt>
      <trkpt lat="41.401655" lon="-81.75626"><ele>205.8</ele><time>2026-09-05T14:57:44Z</time></trkpt>
      <trkpt lat="41.401655" lon="-81.75626"><ele>206.1</ele><time>2026-09-05T14:57:45Z</time></trkpt>
      <trkpt lat="41.401655" lon="-81.75626"><ele>207.1</ele><time>2026-09-05T14:57:46Z</time></trkpt>
      <trkpt lat="41.401656" lon="-81.756261"><ele>207</ele><time>2026-09-05T14:57:47Z</time></trkpt>
      <trkpt lat="41.401656" lon="-81.756261"><ele>207</ele><time>2026-09-05T14:57:48Z</time></trkpt>
      <trkpt lat="41.401657" lon="-81.756261"><ele>206.8</ele><time>2026-09-05T14:57:49Z</time></trkpt>
      <trkpt lat="41.401656" lon="-81.756261"><ele>206.5</ele><time>2026-09-05T14:57:50Z</time></trkpt>
      <trkpt lat="41.401656" lon="-81.756261"><ele>207</ele><time>2026-09-05T14:57:51Z</time></trkpt>
      <trkpt lat="41.401656" lon="-81.756259"><ele>216.2</ele><time>2026-09-05T14:57:52Z</time></trkpt>
      <trkpt lat="41.401654" lon="-81.756256"><ele>216.2</ele><time>2026-09-05T14:57:53Z</time></trkpt>
      <trkpt lat="41.401651" lon="-81.756251"><ele>206</ele><time>2026-09-05T14:57:54Z</time></trkpt>
      <trkpt lat="41.401648" lon="-81.756246"><ele>206</ele><time>2026-09-05T14:57:55Z</time></trkpt>
      <trkpt lat="41.401643" lon="-81.756242"><ele>206.2</ele><time>2026-09-05T14:57:56Z</time></trkpt>
      <trkpt lat="41.401639" lon="-81.756238"><ele>218</ele><time>2026-09-05T14:57:57Z</time></trkpt>
      <trkpt lat="41.401635" lon="-81.756235"><ele>206.2</ele><time>2026-09-05T14:57:58Z</time></trkpt>
      <trkpt lat="41.401631" lon="-81.756233"><ele>206</ele><time>2026-09-05T14:57:59Z</time></trkpt>
      <trkpt lat="41.401627" lon="-81.756232"><ele>205.8</ele><time>2026-09-05T14:58:00Z</time></trkpt>
      <trkpt lat="41.401624" lon="-81.756231"><ele>205.8</ele><time>2026-09-05T14:58:01Z</time></trkpt>
      <trkpt lat="41.401622" lon="-81.75623"><ele>206</ele><time>2026-09-05T14:58:02Z</time></trkpt>
      <trkpt lat="41.40162" lon="-81.75623"><ele>206</ele><time>2026-09-05T14:58:03Z</time></trkpt>
      <trkpt lat="41.401618" lon="-81.756229"><ele>206.5</ele><time>2026-09-05T14:58:04Z</time></trkpt>
      <trkpt lat="41.401615" lon="-81.756228"><ele>206.6</ele><time>2026-09-05T14:58:05Z</time></trkpt>
      <trkpt lat="41.401612" lon="-81.756228"><ele>206.6</ele><time>2026-09-05T14:58:06Z</time></trkpt>
      <trkpt lat="41.401608" lon="-81.756228"><ele>205.7</ele><time>2026-09-05T14:58:07Z</time></trkpt>
      <trkpt lat="41.401604" lon="-81.756229"><ele>205.799</ele><time>2026-09-05T14:58:08Z</time></trkpt>
      <trkpt lat="41.401603" lon="-81.756231"><ele>206.399</ele><time>2026-09-05T14:58:09Z</time></trkpt>
      <trkpt lat="41.401603" lon="-81.756233"><ele>206.3</ele><time>2026-09-05T14:58:10Z</time></trkpt>
      <trkpt lat="41.401603" lon="-81.756236"><ele>206.1</ele><time>2026-09-05T14:58:11Z</time></trkpt>
      <trkpt lat="41.401604" lon="-81.756239"><ele>206</ele><time>2026-09-05T14:58:12Z</time></trkpt>
      <trkpt lat="41.401605" lon="-81.756241"><ele>205.8</ele><time>2026-09-05T14:58:13Z</time></trkpt>
      <trkpt lat="41.401606" lon="-81.756243"><ele>206.8</ele><time>2026-09-05T14:58:14Z</time></trkpt>
      <trkpt lat="41.401607" lon="-81.756244"><ele>206.8</ele><time>2026-09-05T14:58:15Z</time></trkpt>
      <trkpt lat="41.401608" lon="-81.756245"><ele>207.1</ele><time>2026-09-05T14:58:16Z</time></trkpt>
      <trkpt lat="41.401611" lon="-81.756247"><ele>207</ele><time>2026-09-05T14:58:17Z</time></trkpt>
      <trkpt lat="41.401613" lon="-81.75625"><ele>206.7</ele><time>2026-09-05T14:58:18Z</time></trkpt>
      <trkpt lat="41.401616" lon="-81.756252"><ele>206.6</ele><time>2026-09-05T14:58:19Z</time></trkpt>
      <trkpt lat="41.401621" lon="-81.756254"><ele>207.5</ele><time>2026-09-05T14:58:20Z</time></trkpt>
      <trkpt lat="41.401626" lon="-81.756256"><ele>216.2</ele><time>2026-09-05T14:58:21Z</time></trkpt>
      <trkpt lat="41.401631" lon="-81.756259"><ele>217.6</ele><time>2026-09-05T14:58:22Z</time></trkpt>
      <trkpt lat="41.401636" lon="-81.756262"><ele>206</ele><time>2026-09-05T14:58:23Z</time></trkpt>
      <trkpt lat="41.40164" lon="-81.756267"><ele>206</ele><time>2026-09-05T14:58:24Z</time></trkpt>
      <trkpt lat="41.401643" lon="-81.756273"><ele>218</ele><time>2026-09-05T14:58:25Z</time></trkpt>
      <trkpt lat="41.401646" lon="-81.756277"><ele>206</ele><time>2026-09-05T14:58:26Z</time></trkpt>
      <trkpt lat="41.401649" lon="-81.756279"><ele>207</ele><time>2026-09-05T14:58:27Z</time></trkpt>
      <trkpt lat="41.401652" lon="-81.756279"><ele>205.7</ele><time>2026-09-05T14:58:28Z</time></trkpt>
      <trkpt lat="41.401655" lon="-81.756279"><ele>205.6</ele><time>2026-09-05T14:58:29Z</time></trkpt>
      <trkpt lat="41.401658" lon="-81.756278"><ele>205.7</ele><time>2026-09-05T14:58:30Z</time></trkpt>
      <trkpt lat="41.401661" lon="-81.756277"><ele>205.7</ele><time>2026-09-05T14:58:31Z</time></trkpt>
      <trkpt lat="41.401664" lon="-81.756275"><ele>205.6</ele><time>2026-09-05T14:58:32Z</time></trkpt>
      <trkpt lat="41.401666" lon="-81.756273"><ele>205.9</ele><time>2026-09-05T14:58:33Z</time></trkpt>
      <trkpt lat="41.401667" lon="-81.756271"><ele>205.7</ele><time>2026-09-05T14:58:34Z</time></trkpt>
      <trkpt lat="41.401667" lon="-81.756269"><ele>205.7</ele><time>2026-09-05T14:58:35Z</time></trkpt>
      <trkpt lat="41.401669" lon="-81.756269"><ele>205.6</ele><time>2026-09-05T14:58:36Z</time></trkpt>
      <trkpt lat="41.401671" lon="-81.756269"><ele>205.6</ele><time>2026-09-05T14:58:37Z</time></trkpt>
      <trkpt lat="41.401673" lon="-81.756268"><ele>205.9</ele><time>2026-09-05T14:58:38Z</time></trkpt>
      <trkpt lat="41.401673" lon="-81.756269"><ele>205.9</ele><time>2026-09-05T14:58:39Z</time></trkpt>
      <trkpt lat="41.401673" lon="-81.756271"><ele>206</ele><time>2026-09-05T14:58:40Z</time></trkpt>
      <trkpt lat="41.401673" lon="-81.756276"><ele>205.8</ele><time>2026-09-05T14:58:41Z</time></trkpt>
      <trkpt lat="41.401673" lon="-81.756281"><ele>205.8</ele><time>2026-09-05T14:58:42Z</time></trkpt>
      <trkpt lat="41.401674" lon="-81.756286"><ele>206.3</ele><time>2026-09-05T14:58:43Z</time></trkpt>
      <trkpt lat="41.401674" lon="-81.756291"><ele>206.1</ele><time>2026-09-05T14:58:44Z</time></trkpt>
      <trkpt lat="41.401675" lon="-81.756295"><ele>207.1</ele><time>2026-09-05T14:58:45Z</time></trkpt>
      <trkpt lat="41.401675" lon="-81.756302"><ele>207.3</ele><time>2026-09-05T14:58:46Z</time></trkpt>
      <trkpt lat="41.401677" lon="-81.756309"><ele>206.6</ele><time>2026-09-05T14:58:47Z</time></trkpt>
      <trkpt lat="41.401678" lon="-81.756316"><ele>207.5</ele><time>2026-09-05T14:58:48Z</time></trkpt>
      <trkpt lat="41.401678" lon="-81.756324"><ele>216.5</ele><time>2026-09-05T14:58:49Z</time></trkpt>
      <trkpt lat="41.401679" lon="-81.756332"><ele>207.4</ele><time>2026-09-05T14:58:50Z</time></trkpt>
      <trkpt lat="41.40168" lon="-81.756339"><ele>206</ele><time>2026-09-05T14:58:51Z</time></trkpt>
      <trkpt lat="41.40168" lon="-81.756346"><ele>206</ele><time>2026-09-05T14:58:52Z</time></trkpt>
      <trkpt lat="41.401682" lon="-81.756354"><ele>206</ele><time>2026-09-05T14:58:53Z</time></trkpt>
      <trkpt lat="41.401683" lon="-81.756365"><ele>206.1</ele><time>2026-09-05T14:58:54Z</time></trkpt>
      <trkpt lat="41.401684" lon="-81.756374"><ele>206.2</ele><time>2026-09-05T14:58:55Z</time></trkpt>
      <trkpt lat="41.401683" lon="-81.75638"><ele>206</ele><time>2026-09-05T14:58:56Z</time></trkpt>
      <trkpt lat="41.401682" lon="-81.756384"><ele>205.7</ele><time>2026-09-05T14:58:57Z</time></trkpt>
      <trkpt lat="41.401679" lon="-81.756385"><ele>205.799</ele><time>2026-09-05T14:58:58Z</time></trkpt>
      <trkpt lat="41.401676" lon="-81.756385"><ele>205.799</ele><time>2026-09-05T14:58:59Z</time></trkpt>
      <trkpt lat="41.401674" lon="-81.756385"><ele>205.7</ele><time>2026-09-05T14:59:00Z</time></trkpt>
      <trkpt lat="41.401672" lon="-81.756385"><ele>205.899</ele><time>2026-09-05T14:59:01Z</time></trkpt>
      <trkpt lat="41.401671" lon="-81.756387"><ele>205.899</ele><time>2026-09-05T14:59:02Z</time></trkpt>
      <trkpt lat="41.40167" lon="-81.756387"><ele>205.7</ele><time>2026-09-05T14:59:03Z</time></trkpt>
      <trkpt lat="41.401669" lon="-81.756389"><ele>205.6</ele><time>2026-09-05T14:59:04Z</time></trkpt>
      <trkpt lat="41.40167" lon="-81.75639"><ele>205.7</ele><time>2026-09-05T14:59:05Z</time></trkpt>
      <trkpt lat="41.40167" lon="-81.756395"><ele>205.799</ele><time>2026-09-05T14:59:06Z</time></trkpt>
      <trkpt lat="41.401671" lon="-81.756393"><ele>205.999</ele><time>2026-09-05T14:59:07Z</time></trkpt>
      <trkpt lat="41.401673" lon="-81.756389"><ele>205.999</ele><time>2026-09-05T14:59:08Z</time></trkpt>
      <trkpt lat="41.401676" lon="-81.756383"><ele>205.799</ele><time>2026-09-05T14:59:09Z</time></trkpt>
      <trkpt lat="41.40168" lon="-81.756375"><ele>205.799</ele><time>2026-09-05T14:59:10Z</time></trkpt>
      <trkpt lat="41.401681" lon="-81.756365"><ele>206.1</ele><time>2026-09-05T14:59:11Z</time></trkpt>
      <trkpt lat="41.40168" lon="-81.756356"><ele>206.2</ele><time>2026-09-05T14:59:12Z</time></trkpt>
      <trkpt lat="41.401675" lon="-81.756348"><ele>206.799</ele><time>2026-09-05T14:59:13Z</time></trkpt>
      <trkpt lat="41.40167" lon="-81.756342"><ele>207.499</ele><time>2026-09-05T14:59:14Z</time></trkpt>
      <trkpt lat="41.401665" lon="-81.756338"><ele>215.999</ele><time>2026-09-05T14:59:15Z</time></trkpt>
      <trkpt lat="41.401659" lon="-81.756336"><ele>215.999</ele><time>2026-09-05T14:59:16Z</time></trkpt>
      <trkpt lat="41.401655" lon="-81.756335"><ele>216.499</ele><time>2026-09-05T14:59:17Z</time></trkpt>
      <trkpt lat="41.40165" lon="-81.756334"><ele>206.999</ele><time>2026-09-05T14:59:18Z</time></trkpt>
      <trkpt lat="41.401645" lon="-81.756333"><ele>205.699</ele><time>2026-09-05T14:59:19Z</time></trkpt>
      <trkpt lat="41.401641" lon="-81.756333"><ele>205.699</ele><time>2026-09-05T14:59:20Z</time></trkpt>
      <trkpt lat="41.401638" lon="-81.756333"><ele>205.6</ele><time>2026-09-05T14:59:21Z</time></trkpt>
      <trkpt lat="41.401636" lon="-81.756333"><ele>206</ele><time>2026-09-05T14:59:22Z</time></trkpt>
      <trkpt lat="41.401634" lon="-81.756334"><ele>216.5</ele><time>2026-09-05T14:59:23Z</time></trkpt>
      <trkpt lat="41.401632" lon="-81.756335"><ele>216.5</ele><time>2026-09-05T14:59:24Z</time></trkpt>
      <trkpt lat="41.401631" lon="-81.756335"><ele>218</ele><time>2026-09-05T14:59:25Z</time></trkpt>
      <trkpt lat="41.401631" lon="-81.756334"><ele>205.6</ele><time>2026-09-05T14:59:26Z</time></trkpt>
      <trkpt lat="41.401632" lon="-81.756332"><ele>205.7</ele><time>2026-09-05T14:59:27Z</time></trkpt>
      <trkpt lat="41.401635" lon="-81.756328"><ele>205.899</ele><time>2026-09-05T14:59:28Z</time></trkpt>
      <trkpt lat="41.401638" lon="-81.756326"><ele>206.3</ele><time>2026-09-05T14:59:29Z</time></trkpt>
      <trkpt lat="41.401641" lon="-81.756325"><ele>206.3</ele><time>2026-09-05T14:59:30Z</time></trkpt>
      <trkpt lat="41.401643" lon="-81.756326"><ele>206.6</ele><time>2026-09-05T14:59:31Z</time></trkpt>
      <trkpt lat="41.401646" lon="-81.756326"><ele>206.6</ele><time>2026-09-05T14:59:32Z</time></trkpt>
      <trkpt lat="41.401649" lon="-81.756323"><ele>206.5</ele><time>2026-09-05T14:59:33Z</time></trkpt>
      <trkpt lat="41.401655" lon="-81.75632"><ele>206.5</ele><time>2026-09-05T14:59:34Z</time></trkpt>
      <trkpt lat="41.401659" lon="-81.756317"><ele>206.6</ele><time>2026-09-05T14:59:35Z</time></trkpt>
      <trkpt lat="41.40166" lon="-81.756316"><ele>206.5</ele><time>2026-09-05T14:59:36Z</time></trkpt>
      <trkpt lat="41.40166" lon="-81.756317"><ele>206.5</ele><time>2026-09-05T14:59:37Z</time></trkpt>
      <trkpt lat="41.401661" lon="-81.756317"><ele>206.3</ele><time>2026-09-05T14:59:38Z</time></trkpt>
      <trkpt lat="41.401662" lon="-81.756317"><ele>206.4</ele><time>2026-09-05T14:59:39Z</time></trkpt>
      <trkpt lat="41.40166" lon="-81.75632"><ele>208.1</ele><time>2026-09-05T14:59:40Z</time></trkpt>
      <trkpt lat="41.401656" lon="-81.756324"><ele>208.1</ele><time>2026-09-05T14:59:41Z</time></trkpt>
      <trkpt lat="41.401651" lon="-81.756326"><ele>216.5</ele><time>2026-09-05T14:59:42Z</time></trkpt>
      <trkpt lat="41.401642" lon="-81.756329"><ele>216.5</ele><time>2026-09-05T14:59:43Z</time></trkpt>
      <trkpt lat="41.401634" lon="-81.756334"><ele>206.8</ele><time>2026-09-05T14:59:44Z</time></trkpt>
      <trkpt lat="41.401631" lon="-81.75634"><ele>206.8</ele><time>2026-09-05T14:59:45Z</time></trkpt>
      <trkpt lat="41.401628" lon="-81.756345"><ele>216.5</ele><time>2026-09-05T14:59:46Z</time></trkpt>
      <trkpt lat="41.401628" lon="-81.756347"><ele>206.6</ele><time>2026-09-05T14:59:47Z</time></trkpt>
      <trkpt lat="41.401627" lon="-81.756341"><ele>206.799</ele><time>2026-09-05T14:59:48Z</time></trkpt>
      <trkpt lat="41.401625" lon="-81.756335"><ele>206.999</ele><time>2026-09-05T14:59:49Z</time></trkpt>
      <trkpt lat="41.401625" lon="-81.756333"><ele>216.499</ele><time>2026-09-05T14:59:50Z</time></trkpt>
      <trkpt lat="41.401626" lon="-81.756335"><ele>217.999</ele><time>2026-09-05T14:59:51Z</time></trkpt>
      <trkpt lat="41.401629" lon="-81.756341"><ele>206.4</ele><time>2026-09-05T14:59:52Z</time></trkpt>
      <trkpt lat="41.401632" lon="-81.756348"><ele>206.3</ele><time>2026-09-05T14:59:53Z</time></trkpt>
      <trkpt lat="41.401636" lon="-81.756354"><ele>206.3</ele><time>2026-09-05T14:59:54Z</time></trkpt>
      <trkpt lat="41.401638" lon="-81.756358"><ele>206.3</ele><time>2026-09-05T14:59:55Z</time></trkpt>
      <trkpt lat="41.401641" lon="-81.75636"><ele>206.2</ele><time>2026-09-05T14:59:56Z</time></trkpt>
      <trkpt lat="41.401643" lon="-81.756363"><ele>206.3</ele><time>2026-09-05T14:59:57Z</time></trkpt>
      <trkpt lat="41.401645" lon="-81.756365"><ele>206.1</ele><time>2026-09-05T14:59:58Z</time></trkpt>
      <trkpt lat="41.401645" lon="-81.756367"><ele>206.1</ele><time>2026-09-05T14:59:59Z</time></trkpt>
      <trkpt lat="41.401646" lon="-81.75637"><ele>205.1</ele><time>2026-09-05T15:00:00Z</time></trkpt>
      <trkpt lat="41.401645" lon="-81.756372"><ele>206.2</ele><time>2026-09-05T15:00:01Z</time></trkpt>
      <trkpt lat="41.401645" lon="-81.756373"><ele>206.2</ele><time>2026-09-05T15:00:02Z</time></trkpt>
      <trkpt lat="41.401645" lon="-81.756375"><ele>206.1</ele><time>2026-09-05T15:00:03Z</time></trkpt>
      <trkpt lat="41.401645" lon="-81.756378"><ele>206.1</ele><time>2026-09-05T15:00:04Z</time></trkpt>
      <trkpt lat="41.401645" lon="-81.75638"><ele>206.1</ele><time>2026-09-05T15:00:05Z</time></trkpt>
      <trkpt lat="41.401646" lon="-81.756381"><ele>206.1</ele><time>2026-09-05T15:00:06Z</time></trkpt>
      <trkpt lat="41.401646" lon="-81.756382"><ele>206.299</ele><time>2026-09-05T15:00:07Z</time></trkpt>
      <trkpt lat="41.401644" lon="-81.756383"><ele>206.1</ele><time>2026-09-05T15:00:08Z</time></trkpt>
      <trkpt lat="41.401644" lon="-81.756385"><ele>206.4</ele><time>2026-09-05T15:00:09Z</time></trkpt>
      <trkpt lat="41.401644" lon="-81.756386"><ele>206.7</ele><time>2026-09-05T15:00:10Z</time></trkpt>
      <trkpt lat="41.401647" lon="-81.756388"><ele>206.299</ele><time>2026-09-05T15:00:11Z</time></trkpt>
      <trkpt lat="41.401651" lon="-81.756389"><ele>206.1</ele><time>2026-09-05T15:00:12Z</time></trkpt>
      <trkpt lat="41.401655" lon="-81.756389"><ele>206.299</ele><time>2026-09-05T15:00:13Z</time></trkpt>
      <trkpt lat="41.401666" lon="-81.756387"><ele>216.499</ele><time>2026-09-05T15:00:14Z</time></trkpt>
      <trkpt lat="41.401676" lon="-81.756383"><ele>206.099</ele><time>2026-09-05T15:00:15Z</time></trkpt>
      <trkpt lat="41.401692" lon="-81.756371"><ele>206.099</ele><time>2026-09-05T15:00:16Z</time></trkpt>
      <trkpt lat="41.401704" lon="-81.756358"><ele>206.199</ele><time>2026-09-05T15:00:17Z</time></trkpt>
      <trkpt lat="41.401714" lon="-81.756345"><ele>216.899</ele><time>2026-09-05T15:00:18Z</time></trkpt>
      <trkpt lat="41.401722" lon="-81.756333"><ele>218</ele><time>2026-09-05T15:00:19Z</time></trkpt>
      <trkpt lat="41.401729" lon="-81.756326"><ele>216.5</ele><time>2026-09-05T15:00:20Z</time></trkpt>
      <trkpt lat="41.401734" lon="-81.756322"><ele>216.5</ele><time>2026-09-05T15:00:21Z</time></trkpt>
      <trkpt lat="41.401739" lon="-81.75632"><ele>206.5</ele><time>2026-09-05T15:00:22Z</time></trkpt>
      <trkpt lat="41.401745" lon="-81.756317"><ele>206.5</ele><time>2026-09-05T15:00:23Z</time></trkpt>
      <trkpt lat="41.401758" lon="-81.756314"><ele>206.6</ele><time>2026-09-05T15:00:24Z</time></trkpt>
      <trkpt lat="41.40177" lon="-81.756311"><ele>206.7</ele><time>2026-09-05T15:00:25Z</time></trkpt>
      <trkpt lat="41.401783" lon="-81.756307"><ele>206.8</ele><time>2026-09-05T15:00:26Z</time></trkpt>
      <trkpt lat="41.401795" lon="-81.756304"><ele>206.6</ele><time>2026-09-05T15:00:27Z</time></trkpt>
      <trkpt lat="41.401804" lon="-81.756301"><ele>206.6</ele><time>2026-09-05T15:00:28Z</time></trkpt>
      <trkpt lat="41.401813" lon="-81.756296"><ele>203.1</ele><time>2026-09-05T15:00:29Z</time></trkpt>
      <trkpt lat="41.401825" lon="-81.75629"><ele>206.6</ele><time>2026-09-05T15:00:30Z</time></trkpt>
      <trkpt lat="41.401835" lon="-81.756282"><ele>206.5</ele><time>2026-09-05T15:00:31Z</time></trkpt>
      <trkpt lat="41.401842" lon="-81.756278"><ele>206.5</ele><time>2026-09-05T15:00:32Z</time></trkpt>
      <trkpt lat="41.401851" lon="-81.756275"><ele>206.6</ele><time>2026-09-05T15:00:33Z</time></trkpt>
      <trkpt lat="41.401863" lon="-81.756272"><ele>206.799</ele><time>2026-09-05T15:00:34Z</time></trkpt>
      <trkpt lat="41.401875" lon="-81.756271"><ele>206.7</ele><time>2026-09-05T15:00:35Z</time></trkpt>
      <trkpt lat="41.401883" lon="-81.75627"><ele>206.7</ele><time>2026-09-05T15:00:36Z</time></trkpt>
      <trkpt lat="41.401894" lon="-81.756271"><ele>206.7</ele><time>2026-09-05T15:00:37Z</time></trkpt>
      <trkpt lat="41.401902" lon="-81.756273"><ele>206.9</ele><time>2026-09-05T15:00:38Z</time></trkpt>
      <trkpt lat="41.401913" lon="-81.756274"><ele>206.8</ele><time>2026-09-05T15:00:39Z</time></trkpt>
      <trkpt lat="41.401919" lon="-81.756275"><ele>206.8</ele><time>2026-09-05T15:00:40Z</time></trkpt>
      <trkpt lat="41.401926" lon="-81.756273"><ele>206.7</ele><time>2026-09-05T15:00:41Z</time></trkpt>
      <trkpt lat="41.401933" lon="-81.756273"><ele>206.9</ele><time>2026-09-05T15:00:42Z</time></trkpt>
      <trkpt lat="41.401939" lon="-81.756271"><ele>207.1</ele><time>2026-09-05T15:00:43Z</time></trkpt>
      <trkpt lat="41.401945" lon="-81.756272"><ele>206.7</ele><time>2026-09-05T15:00:44Z</time></trkpt>
      <trkpt lat="41.401951" lon="-81.756273"><ele>206.7</ele><time>2026-09-05T15:00:45Z</time></trkpt>
      <trkpt lat="41.401958" lon="-81.756275"><ele>206.799</ele><time>2026-09-05T15:00:46Z</time></trkpt>
      <trkpt lat="41.401964" lon="-81.756277"><ele>206.799</ele><time>2026-09-05T15:00:47Z</time></trkpt>
      <trkpt lat="41.401973" lon="-81.756278"><ele>206.799</ele><time>2026-09-05T15:00:48Z</time></trkpt>
      <trkpt lat="41.401981" lon="-81.756279"><ele>216.5</ele><time>2026-09-05T15:00:49Z</time></trkpt>
      <trkpt lat="41.401989" lon="-81.75628"><ele>216.5</ele><time>2026-09-05T15:00:50Z</time></trkpt>
      <trkpt lat="41.401998" lon="-81.756281"><ele>206.8</ele><time>2026-09-05T15:00:51Z</time></trkpt>
      <trkpt lat="41.40201" lon="-81.756284"><ele>206.7</ele><time>2026-09-05T15:00:52Z</time></trkpt>
      <trkpt lat="41.402021" lon="-81.756288"><ele>205.3</ele><time>2026-09-05T15:00:53Z</time></trkpt>
      <trkpt lat="41.402029" lon="-81.75629"><ele>205.3</ele><time>2026-09-05T15:00:54Z</time></trkpt>
      <trkpt lat="41.402039" lon="-81.756294"><ele>206.6</ele><time>2026-09-05T15:00:55Z</time></trkpt>
      <trkpt lat="41.402047" lon="-81.756298"><ele>204.8</ele><time>2026-09-05T15:00:56Z</time></trkpt>
      <trkpt lat="41.402055" lon="-81.756306"><ele>204.3</ele><time>2026-09-05T15:00:57Z</time></trkpt>
      <trkpt lat="41.40206" lon="-81.756313"><ele>204.1</ele><time>2026-09-05T15:00:58Z</time></trkpt>
      <trkpt lat="41.402065" lon="-81.75632"><ele>204.1</ele><time>2026-09-05T15:00:59Z</time></trkpt>
      <trkpt lat="41.402068" lon="-81.756327"><ele>206.6</ele><time>2026-09-05T15:01:00Z</time></trkpt>
      <trkpt lat="41.402071" lon="-81.756341"><ele>206.6</ele><time>2026-09-05T15:01:01Z</time></trkpt>
      <trkpt lat="41.402074" lon="-81.756354"><ele>206.6</ele><time>2026-09-05T15:01:02Z</time></trkpt>
      <trkpt lat="41.402075" lon="-81.756363"><ele>206.6</ele><time>2026-09-05T15:01:03Z</time></trkpt>
      <trkpt lat="41.402075" lon="-81.756376"><ele>206.9</ele><time>2026-09-05T15:01:04Z</time></trkpt>
      <trkpt lat="41.402075" lon="-81.756389"><ele>206.8</ele><time>2026-09-05T15:01:05Z</time></trkpt>
      <trkpt lat="41.402075" lon="-81.756404"><ele>206.7</ele><time>2026-09-05T15:01:06Z</time></trkpt>
      <trkpt lat="41.402075" lon="-81.756414"><ele>206.6</ele><time>2026-09-05T15:01:07Z</time></trkpt>
      <trkpt lat="41.402073" lon="-81.756428"><ele>206.8</ele><time>2026-09-05T15:01:08Z</time></trkpt>
      <trkpt lat="41.402071" lon="-81.75644"><ele>207.1</ele><time>2026-09-05T15:01:09Z</time></trkpt>
      <trkpt lat="41.402069" lon="-81.756454"><ele>207</ele><time>2026-09-05T15:01:10Z</time></trkpt>
      <trkpt lat="41.402065" lon="-81.756467"><ele>206.8</ele><time>2026-09-05T15:01:11Z</time></trkpt>
      <trkpt lat="41.402059" lon="-81.756478"><ele>207.1</ele><time>2026-09-05T15:01:12Z</time></trkpt>
      <trkpt lat="41.402056" lon="-81.756487"><ele>207.1</ele><time>2026-09-05T15:01:13Z</time></trkpt>
      <trkpt lat="41.402053" lon="-81.756496"><ele>206.8</ele><time>2026-09-05T15:01:14Z</time></trkpt>
      <trkpt lat="41.40205" lon="-81.756508"><ele>206.8</ele><time>2026-09-05T15:01:15Z</time></trkpt>
      <trkpt lat="41.402044" lon="-81.756519"><ele>206.8</ele><time>2026-09-05T15:01:16Z</time></trkpt>
      <trkpt lat="41.402042" lon="-81.756525"><ele>206.8</ele><time>2026-09-05T15:01:17Z</time></trkpt>
      <trkpt lat="41.402038" lon="-81.756538"><ele>206.8</ele><time>2026-09-05T15:01:18Z</time></trkpt>
      <trkpt lat="41.402033" lon="-81.756551"><ele>206.8</ele><time>2026-09-05T15:01:19Z</time></trkpt>
      <trkpt lat="41.402028" lon="-81.756562"><ele>217.3</ele><time>2026-09-05T15:01:20Z</time></trkpt>
      <trkpt lat="41.402023" lon="-81.756574"><ele>206.8</ele><time>2026-09-05T15:01:21Z</time></trkpt>
      <trkpt lat="41.402019" lon="-81.756583"><ele>206.8</ele><time>2026-09-05T15:01:22Z</time></trkpt>
      <trkpt lat="41.402015" lon="-81.756595"><ele>207</ele><time>2026-09-05T15:01:23Z</time></trkpt>
      <trkpt lat="41.402009" lon="-81.756608"><ele>206.8</ele><time>2026-09-05T15:01:24Z</time></trkpt>
      <trkpt lat="41.402004" lon="-81.756618"><ele>206.8</ele><time>2026-09-05T15:01:25Z</time></trkpt>
      <trkpt lat="41.401998" lon="-81.756629"><ele>206.7</ele><time>2026-09-05T15:01:26Z</time></trkpt>
      <trkpt lat="41.401992" lon="-81.756637"><ele>203.8</ele><time>2026-09-05T15:01:27Z</time></trkpt>
      <trkpt lat="41.401985" lon="-81.756646"><ele>203.8</ele><time>2026-09-05T15:01:28Z</time></trkpt>
      <trkpt lat="41.401979" lon="-81.756654"><ele>203.8</ele><time>2026-09-05T15:01:29Z</time></trkpt>
      <trkpt lat="41.401971" lon="-81.756668"><ele>206.7</ele><time>2026-09-05T15:01:30Z</time></trkpt>
      <trkpt lat="41.401967" lon="-81.756676"><ele>206.7</ele><time>2026-09-05T15:01:31Z</time></trkpt>
      <trkpt lat="41.401963" lon="-81.756683"><ele>206.6</ele><time>2026-09-05T15:01:32Z</time></trkpt>
      <trkpt lat="41.401957" lon="-81.756693"><ele>206.6</ele><time>2026-09-05T15:01:33Z</time></trkpt>
      <trkpt lat="41.401951" lon="-81.756701"><ele>206.6</ele><time>2026-09-05T15:01:34Z</time></trkpt>
      <trkpt lat="41.401945" lon="-81.756712"><ele>206.5</ele><time>2026-09-05T15:01:35Z</time></trkpt>
      <trkpt lat="41.401939" lon="-81.756721"><ele>206.6</ele><time>2026-09-05T15:01:36Z</time></trkpt>
      <trkpt lat="41.401936" lon="-81.756728"><ele>206.6</ele><time>2026-09-05T15:01:37Z</time></trkpt>
      <trkpt lat="41.401929" lon="-81.756737"><ele>206.6</ele><time>2026-09-05T15:01:38Z</time></trkpt>
      <trkpt lat="41.401923" lon="-81.756746"><ele>206.6</ele><time>2026-09-05T15:01:39Z</time></trkpt>
      <trkpt lat="41.401915" lon="-81.756758"><ele>206.6</ele><time>2026-09-05T15:01:40Z</time></trkpt>
      <trkpt lat="41.401908" lon="-81.75677"><ele>206.6</ele><time>2026-09-05T15:01:41Z</time></trkpt>
      <trkpt lat="41.401902" lon="-81.756776"><ele>206.7</ele><time>2026-09-05T15:01:42Z</time></trkpt>
      <trkpt lat="41.401895" lon="-81.756784"><ele>206.7</ele><time>2026-09-05T15:01:43Z</time></trkpt>
      <trkpt lat="41.401888" lon="-81.756792"><ele>204.2</ele><time>2026-09-05T15:01:44Z</time></trkpt>
      <trkpt lat="41.401878" lon="-81.756803"><ele>204.299</ele><time>2026-09-05T15:01:45Z</time></trkpt>
      <trkpt lat="41.401869" lon="-81.756813"><ele>204.1</ele><time>2026-09-05T15:01:46Z</time></trkpt>
      <trkpt lat="41.401861" lon="-81.756821"><ele>206.5</ele><time>2026-09-05T15:01:47Z</time></trkpt>
      <trkpt lat="41.401855" lon="-81.756826"><ele>216.5</ele><time>2026-09-05T15:01:48Z</time></trkpt>
      <trkpt lat="41.401849" lon="-81.756832"><ele>216.5</ele><time>2026-09-05T15:01:49Z</time></trkpt>
      <trkpt lat="41.401842" lon="-81.756837"><ele>206.6</ele><time>2026-09-05T15:01:50Z</time></trkpt>
      <trkpt lat="41.401837" lon="-81.756843"><ele>206.4</ele><time>2026-09-05T15:01:51Z</time></trkpt>
      <trkpt lat="41.401831" lon="-81.756848"><ele>206.4</ele><time>2026-09-05T15:01:52Z</time></trkpt>
      <trkpt lat="41.401826" lon="-81.756855"><ele>206.3</ele><time>2026-09-05T15:01:53Z</time></trkpt>
      <trkpt lat="41.401822" lon="-81.756861"><ele>206.2</ele><time>2026-09-05T15:01:54Z</time></trkpt>
      <trkpt lat="41.401818" lon="-81.756869"><ele>202.8</ele><time>2026-09-05T15:01:55Z</time></trkpt>
      <trkpt lat="41.401814" lon="-81.756877"><ele>202.5</ele><time>2026-09-05T15:01:56Z</time></trkpt>
      <trkpt lat="41.401812" lon="-81.756881"><ele>202.5</ele><time>2026-09-05T15:01:57Z</time></trkpt>
      <trkpt lat="41.401808" lon="-81.756888"><ele>206.3</ele><time>2026-09-05T15:01:58Z</time></trkpt>
      <trkpt lat="41.401804" lon="-81.756894"><ele>206.1</ele><time>2026-09-05T15:01:59Z</time></trkpt>
      <trkpt lat="41.401798" lon="-81.756902"><ele>202.299</ele><time>2026-09-05T15:02:00Z</time></trkpt>
      <trkpt lat="41.401791" lon="-81.75691"><ele>203.399</ele><time>2026-09-05T15:02:01Z</time></trkpt>
      <trkpt lat="41.401785" lon="-81.756915"><ele>202.599</ele><time>2026-09-05T15:02:02Z</time></trkpt>
      <trkpt lat="41.401776" lon="-81.756921"><ele>206.299</ele><time>2026-09-05T15:02:03Z</time></trkpt>
      <trkpt lat="41.401766" lon="-81.756928"><ele>206.2</ele><time>2026-09-05T15:02:04Z</time></trkpt>
      <trkpt lat="41.401758" lon="-81.756934"><ele>206.2</ele><time>2026-09-05T15:02:05Z</time></trkpt>
      <trkpt lat="41.40175" lon="-81.75694"><ele>206.2</ele><time>2026-09-05T15:02:06Z</time></trkpt>
      <trkpt lat="41.401742" lon="-81.756947"><ele>206</ele><time>2026-09-05T15:02:07Z</time></trkpt>
      <trkpt lat="41.401736" lon="-81.756953"><ele>206</ele><time>2026-09-05T15:02:08Z</time></trkpt>
      <trkpt lat="41.401727" lon="-81.756961"><ele>206</ele><time>2026-09-05T15:02:09Z</time></trkpt>
      <trkpt lat="41.401721" lon="-81.756968"><ele>206</ele><time>2026-09-05T15:02:10Z</time></trkpt>
      <trkpt lat="41.401712" lon="-81.75698"><ele>203.2</ele><time>2026-09-05T15:02:11Z</time></trkpt>
      <trkpt lat="41.401702" lon="-81.756994"><ele>203.1</ele><time>2026-09-05T15:02:12Z</time></trkpt>
      <trkpt lat="41.401695" lon="-81.757003"><ele>203.1</ele><time>2026-09-05T15:02:13Z</time></trkpt>
      <trkpt lat="41.401685" lon="-81.757016"><ele>203</ele><time>2026-09-05T15:02:14Z</time></trkpt>
      <trkpt lat="41.401674" lon="-81.757029"><ele>205.9</ele><time>2026-09-05T15:02:15Z</time></trkpt>
      <trkpt lat="41.401666" lon="-81.757039"><ele>205.9</ele><time>2026-09-05T15:02:16Z</time></trkpt>
      <trkpt lat="41.401656" lon="-81.757049"><ele>205.9</ele><time>2026-09-05T15:02:17Z</time></trkpt>
      <trkpt lat="41.401649" lon="-81.757055"><ele>205.9</ele><time>2026-09-05T15:02:18Z</time></trkpt>
      <trkpt lat="41.401639" lon="-81.757065"><ele>205.7</ele><time>2026-09-05T15:02:19Z</time></trkpt>
      <trkpt lat="41.40163" lon="-81.757071"><ele>205.7</ele><time>2026-09-05T15:02:20Z</time></trkpt>
      <trkpt lat="41.401619" lon="-81.75708"><ele>205.7</ele><time>2026-09-05T15:02:21Z</time></trkpt>
      <trkpt lat="41.401608" lon="-81.757089"><ele>203.799</ele><time>2026-09-05T15:02:22Z</time></trkpt>
      <trkpt lat="41.401598" lon="-81.757096"><ele>202.1</ele><time>2026-09-05T15:02:23Z</time></trkpt>
      <trkpt lat="41.40159" lon="-81.757102"><ele>202.1</ele><time>2026-09-05T15:02:24Z</time></trkpt>
      <trkpt lat="41.401581" lon="-81.75711"><ele>205.6</ele><time>2026-09-05T15:02:25Z</time></trkpt>
      <trkpt lat="41.401574" lon="-81.757119"><ele>205.6</ele><time>2026-09-05T15:02:26Z</time></trkpt>
      <trkpt lat="41.401569" lon="-81.757128"><ele>205.6</ele><time>2026-09-05T15:02:27Z</time></trkpt>
      <trkpt lat="41.401568" lon="-81.757139"><ele>203.799</ele><time>2026-09-05T15:02:28Z</time></trkpt>
      <trkpt lat="41.401566" lon="-81.757147"><ele>203.799</ele><time>2026-09-05T15:02:29Z</time></trkpt>
      <trkpt lat="41.401563" lon="-81.757158"><ele>201.799</ele><time>2026-09-05T15:02:30Z</time></trkpt>
      <trkpt lat="41.40156" lon="-81.757166"><ele>205.499</ele><time>2026-09-05T15:02:31Z</time></trkpt>
      <trkpt lat="41.401556" lon="-81.757179"><ele>205.3</ele><time>2026-09-05T15:02:32Z</time></trkpt>
      <trkpt lat="41.401554" lon="-81.757194"><ele>205.2</ele><time>2026-09-05T15:02:33Z</time></trkpt>
      <trkpt lat="41.401554" lon="-81.757205"><ele>205.2</ele><time>2026-09-05T15:02:34Z</time></trkpt>
      <trkpt lat="41.401555" lon="-81.757215"><ele>205.3</ele><time>2026-09-05T15:02:35Z</time></trkpt>
      <trkpt lat="41.401555" lon="-81.757229"><ele>205.1</ele><time>2026-09-05T15:02:36Z</time></trkpt>
      <trkpt lat="41.401556" lon="-81.757245"><ele>205.6</ele><time>2026-09-05T15:02:37Z</time></trkpt>
      <trkpt lat="41.401555" lon="-81.757256"><ele>205.6</ele><time>2026-09-05T15:02:38Z</time></trkpt>
      <trkpt lat="41.401553" lon="-81.757269"><ele>205.5</ele><time>2026-09-05T15:02:39Z</time></trkpt>
      <trkpt lat="41.40155" lon="-81.757282"><ele>203.1</ele><time>2026-09-05T15:02:40Z</time></trkpt>
      <trkpt lat="41.401547" lon="-81.757293"><ele>205.299</ele><time>2026-09-05T15:02:41Z</time></trkpt>
      <trkpt lat="41.401545" lon="-81.757303"><ele>205.299</ele><time>2026-09-05T15:02:42Z</time></trkpt>
      <trkpt lat="41.401543" lon="-81.757316"><ele>205.1</ele><time>2026-09-05T15:02:43Z</time></trkpt>
      <trkpt lat="41.401542" lon="-81.757326"><ele>216.5</ele><time>2026-09-05T15:02:44Z</time></trkpt>
      <trkpt lat="41.401542" lon="-81.757339"><ele>205.3</ele><time>2026-09-05T15:02:45Z</time></trkpt>
      <trkpt lat="41.401542" lon="-81.757355"><ele>205.3</ele><time>2026-09-05T15:02:46Z</time></trkpt>
      <trkpt lat="41.401542" lon="-81.757371"><ele>205.2</ele><time>2026-09-05T15:02:47Z</time></trkpt>
      <trkpt lat="41.401545" lon="-81.757383"><ele>204.7</ele><time>2026-09-05T15:02:48Z</time></trkpt>
      <trkpt lat="41.401549" lon="-81.757399"><ele>204.7</ele><time>2026-09-05T15:02:49Z</time></trkpt>
      <trkpt lat="41.401552" lon="-81.75741"><ele>201.299</ele><time>2026-09-05T15:02:50Z</time></trkpt>
      <trkpt lat="41.401554" lon="-81.757419"><ele>201.299</ele><time>2026-09-05T15:02:51Z</time></trkpt>
      <trkpt lat="41.401557" lon="-81.757433"><ele>204.899</ele><time>2026-09-05T15:02:52Z</time></trkpt>
      <trkpt lat="41.401559" lon="-81.757447"><ele>201.399</ele><time>2026-09-05T15:02:53Z</time></trkpt>
      <trkpt lat="41.40156" lon="-81.757456"><ele>203.299</ele><time>2026-09-05T15:02:54Z</time></trkpt>
      <trkpt lat="41.401562" lon="-81.757466"><ele>200.4</ele><time>2026-09-05T15:02:55Z</time></trkpt>
      <trkpt lat="41.401563" lon="-81.757475"><ele>202.7</ele><time>2026-09-05T15:02:56Z</time></trkpt>
      <trkpt lat="41.401565" lon="-81.757487"><ele>202.7</ele><time>2026-09-05T15:02:57Z</time></trkpt>
      <trkpt lat="41.401567" lon="-81.757498"><ele>202.8</ele><time>2026-09-05T15:02:58Z</time></trkpt>
      <trkpt lat="41.401568" lon="-81.757509"><ele>204.6</ele><time>2026-09-05T15:02:59Z</time></trkpt>
      <trkpt lat="41.40157" lon="-81.757522"><ele>204.3</ele><time>2026-09-05T15:03:00Z</time></trkpt>
      <trkpt lat="41.40157" lon="-81.757531"><ele>204.2</ele><time>2026-09-05T15:03:01Z</time></trkpt>
      <trkpt lat="41.401572" lon="-81.757539"><ele>204.2</ele><time>2026-09-05T15:03:02Z</time></trkpt>
      <trkpt lat="41.401574" lon="-81.757547"><ele>204</ele><time>2026-09-05T15:03:03Z</time></trkpt>
      <trkpt lat="41.401577" lon="-81.757559"><ele>204.1</ele><time>2026-09-05T15:03:04Z</time></trkpt>
      <trkpt lat="41.401579" lon="-81.757569"><ele>204.1</ele><time>2026-09-05T15:03:05Z</time></trkpt>
      <trkpt lat="41.401583" lon="-81.757579"><ele>204.1</ele><time>2026-09-05T15:03:06Z</time></trkpt>
      <trkpt lat="41.401588" lon="-81.757589"><ele>204.3</ele><time>2026-09-05T15:03:07Z</time></trkpt>
      <trkpt lat="41.401589" lon="-81.757598"><ele>204</ele><time>2026-09-05T15:03:08Z</time></trkpt>
      <trkpt lat="41.40159" lon="-81.757609"><ele>201.4</ele><time>2026-09-05T15:03:09Z</time></trkpt>
      <trkpt lat="41.401593" lon="-81.757619"><ele>201.4</ele><time>2026-09-05T15:03:10Z</time></trkpt>
      <trkpt lat="41.4016" lon="-81.757634"><ele>201.4</ele><time>2026-09-05T15:03:11Z</time></trkpt>
      <trkpt lat="41.401605" lon="-81.757646"><ele>204</ele><time>2026-09-05T15:03:12Z</time></trkpt>
      <trkpt lat="41.401615" lon="-81.757665"><ele>214.2</ele><time>2026-09-05T15:03:13Z</time></trkpt>
      <trkpt lat="41.40162" lon="-81.757675"><ele>203.799</ele><time>2026-09-05T15:03:14Z</time></trkpt>
      <trkpt lat="41.401626" lon="-81.757685"><ele>203.799</ele><time>2026-09-05T15:03:15Z</time></trkpt>
      <trkpt lat="41.401633" lon="-81.757699"><ele>203.999</ele><time>2026-09-05T15:03:16Z</time></trkpt>
      <trkpt lat="41.401637" lon="-81.757709"><ele>203.899</ele><time>2026-09-05T15:03:17Z</time></trkpt>
      <trkpt lat="41.401645" lon="-81.757721"><ele>203.999</ele><time>2026-09-05T15:03:18Z</time></trkpt>
      <trkpt lat="41.401651" lon="-81.757733"><ele>202</ele><time>2026-09-05T15:03:19Z</time></trkpt>
      <trkpt lat="41.401656" lon="-81.757743"><ele>202</ele><time>2026-09-05T15:03:20Z</time></trkpt>
      <trkpt lat="41.401662" lon="-81.757757"><ele>201.8</ele><time>2026-09-05T15:03:21Z</time></trkpt>
      <trkpt lat="41.401668" lon="-81.757767"><ele>200.6</ele><time>2026-09-05T15:03:22Z</time></trkpt>
      <trkpt lat="41.401676" lon="-81.757777"><ele>200.5</ele><time>2026-09-05T15:03:23Z</time></trkpt>
      <trkpt lat="41.401684" lon="-81.757783"><ele>204.1</ele><time>2026-09-05T15:03:24Z</time></trkpt>
      <trkpt lat="41.401689" lon="-81.757789"><ele>204.1</ele><time>2026-09-05T15:03:25Z</time></trkpt>
      <trkpt lat="41.401698" lon="-81.757799"><ele>200.1</ele><time>2026-09-05T15:03:26Z</time></trkpt>
      <trkpt lat="41.401704" lon="-81.757808"><ele>200.6</ele><time>2026-09-05T15:03:27Z</time></trkpt>
      <trkpt lat="41.401714" lon="-81.757818"><ele>200.799</ele><time>2026-09-05T15:03:28Z</time></trkpt>
      <trkpt lat="41.401721" lon="-81.757829"><ele>204.499</ele><time>2026-09-05T15:03:29Z</time></trkpt>
      <trkpt lat="41.401726" lon="-81.757844"><ele>204.499</ele><time>2026-09-05T15:03:30Z</time></trkpt>
      <trkpt lat="41.401724" lon="-81.75785"><ele>204.5</ele><time>2026-09-05T15:03:31Z</time></trkpt>
      <trkpt lat="41.401722" lon="-81.757853"><ele>204.5</ele><time>2026-09-05T15:03:32Z</time></trkpt>
      <trkpt lat="41.401718" lon="-81.757858"><ele>204.6</ele><time>2026-09-05T15:03:33Z</time></trkpt>
      <trkpt lat="41.401714" lon="-81.757865"><ele>204.6</ele><time>2026-09-05T15:03:34Z</time></trkpt>
      <trkpt lat="41.401707" lon="-81.757873"><ele>205.1</ele><time>2026-09-05T15:03:35Z</time></trkpt>
      <trkpt lat="41.401701" lon="-81.757881"><ele>205.6</ele><time>2026-09-05T15:03:36Z</time></trkpt>
      <trkpt lat="41.401697" lon="-81.75789"><ele>205.6</ele><time>2026-09-05T15:03:37Z</time></trkpt>
      <trkpt lat="41.401692" lon="-81.757902"><ele>205.5</ele><time>2026-09-05T15:03:38Z</time></trkpt>
      <trkpt lat="41.401688" lon="-81.75791"><ele>202.9</ele><time>2026-09-05T15:03:39Z</time></trkpt>
      <trkpt lat="41.401683" lon="-81.757922"><ele>203.1</ele><time>2026-09-05T15:03:40Z</time></trkpt>
      <trkpt lat="41.401678" lon="-81.757936"><ele>205.299</ele><time>2026-09-05T15:03:41Z</time></trkpt>
      <trkpt lat="41.401673" lon="-81.757949"><ele>205.2</ele><time>2026-09-05T15:03:42Z</time></trkpt>
      <trkpt lat="41.401666" lon="-81.757967"><ele>205.3</ele><time>2026-09-05T15:03:43Z</time></trkpt>
      <trkpt lat="41.401662" lon="-81.757977"><ele>204.8</ele><time>2026-09-05T15:03:44Z</time></trkpt>
      <trkpt lat="41.401659" lon="-81.757986"><ele>204.8</ele><time>2026-09-05T15:03:45Z</time></trkpt>
      <trkpt lat="41.401652" lon="-81.757997"><ele>204.6</ele><time>2026-09-05T15:03:46Z</time></trkpt>
      <trkpt lat="41.401648" lon="-81.758003"><ele>204.8</ele><time>2026-09-05T15:03:47Z</time></trkpt>
      <trkpt lat="41.401643" lon="-81.758014"><ele>205.1</ele><time>2026-09-05T15:03:48Z</time></trkpt>
      <trkpt lat="41.401638" lon="-81.758025"><ele>203.4</ele><time>2026-09-05T15:03:49Z</time></trkpt>
      <trkpt lat="41.401634" lon="-81.758036"><ele>201.3</ele><time>2026-09-05T15:03:50Z</time></trkpt>
      <trkpt lat="41.401631" lon="-81.758046"><ele>201.3</ele><time>2026-09-05T15:03:51Z</time></trkpt>
      <trkpt lat="41.401628" lon="-81.758062"><ele>201.5</ele><time>2026-09-05T15:03:52Z</time></trkpt>
      <trkpt lat="41.401626" lon="-81.758077"><ele>205.1</ele><time>2026-09-05T15:03:53Z</time></trkpt>
      <trkpt lat="41.401625" lon="-81.7581"><ele>201.3</ele><time>2026-09-05T15:03:54Z</time></trkpt>
      <trkpt lat="41.401624" lon="-81.758113"><ele>201.3</ele><time>2026-09-05T15:03:55Z</time></trkpt>
      <trkpt lat="41.401623" lon="-81.758127"><ele>201.1</ele><time>2026-09-05T15:03:56Z</time></trkpt>
      <trkpt lat="41.401621" lon="-81.758138"><ele>201.1</ele><time>2026-09-05T15:03:57Z</time></trkpt>
      <trkpt lat="41.401619" lon="-81.758151"><ele>204.5</ele><time>2026-09-05T15:03:58Z</time></trkpt>
      <trkpt lat="41.401618" lon="-81.758165"><ele>204.4</ele><time>2026-09-05T15:03:59Z</time></trkpt>
      <trkpt lat="41.401617" lon="-81.758172"><ele>204.4</ele><time>2026-09-05T15:04:00Z</time></trkpt>
      <trkpt lat="41.401619" lon="-81.758184"><ele>204.3</ele><time>2026-09-05T15:04:01Z</time></trkpt>
      <trkpt lat="41.401621" lon="-81.758198"><ele>204.8</ele><time>2026-09-05T15:04:02Z</time></trkpt>
      <trkpt lat="41.401625" lon="-81.758209"><ele>204.5</ele><time>2026-09-05T15:04:03Z</time></trkpt>
      <trkpt lat="41.401628" lon="-81.758219"><ele>204.5</ele><time>2026-09-05T15:04:04Z</time></trkpt>
      <trkpt lat="41.401631" lon="-81.758232"><ele>204.5</ele><time>2026-09-05T15:04:05Z</time></trkpt>
      <trkpt lat="41.401632" lon="-81.758243"><ele>204.5</ele><time>2026-09-05T15:04:06Z</time></trkpt>
      <trkpt lat="41.401633" lon="-81.758257"><ele>202.1</ele><time>2026-09-05T15:04:07Z</time></trkpt>
      <trkpt lat="41.401634" lon="-81.758274"><ele>202.4</ele><time>2026-09-05T15:04:08Z</time></trkpt>
      <trkpt lat="41.401635" lon="-81.758288"><ele>202.8</ele><time>2026-09-05T15:04:09Z</time></trkpt>
      <trkpt lat="41.401636" lon="-81.758299"><ele>202.8</ele><time>2026-09-05T15:04:10Z</time></trkpt>
      <trkpt lat="41.401637" lon="-81.758319"><ele>204.9</ele><time>2026-09-05T15:04:11Z</time></trkpt>
      <trkpt lat="41.401636" lon="-81.75833"><ele>204.9</ele><time>2026-09-05T15:04:12Z</time></trkpt>
      <trkpt lat="41.401636" lon="-81.75834"><ele>205.1</ele><time>2026-09-05T15:04:13Z</time></trkpt>
      <trkpt lat="41.401633" lon="-81.758356"><ele>205.1</ele><time>2026-09-05T15:04:14Z</time></trkpt>
      <trkpt lat="41.401629" lon="-81.75837"><ele>204.9</ele><time>2026-09-05T15:04:15Z</time></trkpt>
      <trkpt lat="41.401626" lon="-81.758381"><ele>204.9</ele><time>2026-09-05T15:04:16Z</time></trkpt>
      <trkpt lat="41.401623" lon="-81.758394"><ele>204.9</ele><time>2026-09-05T15:04:17Z</time></trkpt>
      <trkpt lat="41.401618" lon="-81.758406"><ele>202</ele><time>2026-09-05T15:04:18Z</time></trkpt>
      <trkpt lat="41.401614" lon="-81.758422"><ele>202.4</ele><time>2026-09-05T15:04:19Z</time></trkpt>
      <trkpt lat="41.40161" lon="-81.758437"><ele>201.2</ele><time>2026-09-05T15:04:20Z</time></trkpt>
      <trkpt lat="41.401607" lon="-81.758452"><ele>205.1</ele><time>2026-09-05T15:04:21Z</time></trkpt>
      <trkpt lat="41.401606" lon="-81.758465"><ele>204.9</ele><time>2026-09-05T15:04:22Z</time></trkpt>
      <trkpt lat="41.401605" lon="-81.758477"><ele>204.9</ele><time>2026-09-05T15:04:23Z</time></trkpt>
      <trkpt lat="41.401603" lon="-81.758492"><ele>200.9</ele><time>2026-09-05T15:04:24Z</time></trkpt>
      <trkpt lat="41.401603" lon="-81.758503"><ele>201.4</ele><time>2026-09-05T15:04:25Z</time></trkpt>
      <trkpt lat="41.401603" lon="-81.758516"><ele>201.2</ele><time>2026-09-05T15:04:26Z</time></trkpt>
      <trkpt lat="41.401603" lon="-81.758529"><ele>202</ele><time>2026-09-05T15:04:27Z</time></trkpt>
      <trkpt lat="41.401604" lon="-81.758538"><ele>202</ele><time>2026-09-05T15:04:28Z</time></trkpt>
      <trkpt lat="41.401605" lon="-81.758549"><ele>202.3</ele><time>2026-09-05T15:04:29Z</time></trkpt>
      <trkpt lat="41.401607" lon="-81.758556"><ele>205</ele><time>2026-09-05T15:04:30Z</time></trkpt>
      <trkpt lat="41.40161" lon="-81.758568"><ele>205</ele><time>2026-09-05T15:04:31Z</time></trkpt>
      <trkpt lat="41.401613" lon="-81.758579"><ele>205</ele><time>2026-09-05T15:04:32Z</time></trkpt>
      <trkpt lat="41.401613" lon="-81.758593"><ele>205</ele><time>2026-09-05T15:04:33Z</time></trkpt>
      <trkpt lat="41.401614" lon="-81.758603"><ele>205</ele><time>2026-09-05T15:04:34Z</time></trkpt>
      <trkpt lat="41.401613" lon="-81.758616"><ele>205</ele><time>2026-09-05T15:04:35Z</time></trkpt>
      <trkpt lat="41.401613" lon="-81.758628"><ele>202.3</ele><time>2026-09-05T15:04:36Z</time></trkpt>
      <trkpt lat="41.401611" lon="-81.758644"><ele>202.5</ele><time>2026-09-05T15:04:37Z</time></trkpt>
      <trkpt lat="41.40161" lon="-81.758663"><ele>205.2</ele><time>2026-09-05T15:04:38Z</time></trkpt>
      <trkpt lat="41.40161" lon="-81.758678"><ele>205.2</ele><time>2026-09-05T15:04:39Z</time></trkpt>
      <trkpt lat="41.401609" lon="-81.758695"><ele>205.1</ele><time>2026-09-05T15:04:40Z</time></trkpt>
      <trkpt lat="41.40161" lon="-81.758705"><ele>205.1</ele><time>2026-09-05T15:04:41Z</time></trkpt>
      <trkpt lat="41.401613" lon="-81.758718"><ele>205.1</ele><time>2026-09-05T15:04:42Z</time></trkpt>
      <trkpt lat="41.401615" lon="-81.75873"><ele>205.2</ele><time>2026-09-05T15:04:43Z</time></trkpt>
      <trkpt lat="41.401618" lon="-81.758745"><ele>205.3</ele><time>2026-09-05T15:04:44Z</time></trkpt>
      <trkpt lat="41.401622" lon="-81.758759"><ele>205.3</ele><time>2026-09-05T15:04:45Z</time></trkpt>
      <trkpt lat="41.401625" lon="-81.758771"><ele>202</ele><time>2026-09-05T15:04:46Z</time></trkpt>
      <trkpt lat="41.401627" lon="-81.75878"><ele>202</ele><time>2026-09-05T15:04:47Z</time></trkpt>
      <trkpt lat="41.401631" lon="-81.758795"><ele>202.3</ele><time>2026-09-05T15:04:48Z</time></trkpt>
      <trkpt lat="41.401635" lon="-81.758803"><ele>200.8</ele><time>2026-09-05T15:04:49Z</time></trkpt>
      <trkpt lat="41.401639" lon="-81.758812"><ele>201.1</ele><time>2026-09-05T15:04:50Z</time></trkpt>
      <trkpt lat="41.401646" lon="-81.758828"><ele>205.3</ele><time>2026-09-05T15:04:51Z</time></trkpt>
      <trkpt lat="41.40165" lon="-81.758843"><ele>205.3</ele><time>2026-09-05T15:04:52Z</time></trkpt>
      <trkpt lat="41.401654" lon="-81.75886"><ele>200.9</ele><time>2026-09-05T15:04:53Z</time></trkpt>
      <trkpt lat="41.401656" lon="-81.758875"><ele>200.9</ele><time>2026-09-05T15:04:54Z</time></trkpt>
      <trkpt lat="41.401657" lon="-81.758898"><ele>200.9</ele><time>2026-09-05T15:04:55Z</time></trkpt>
      <trkpt lat="41.401657" lon="-81.758913"><ele>200.9</ele><time>2026-09-05T15:04:56Z</time></trkpt>
      <trkpt lat="41.401657" lon="-81.758924"><ele>201.7</ele><time>2026-09-05T15:04:57Z</time></trkpt>
      <trkpt lat="41.40166" lon="-81.75894"><ele>202.4</ele><time>2026-09-05T15:04:58Z</time></trkpt>
      <trkpt lat="41.401661" lon="-81.758954"><ele>202.3</ele><time>2026-09-05T15:04:59Z</time></trkpt>
      <trkpt lat="41.401661" lon="-81.758969"><ele>200.8</ele><time>2026-09-05T15:05:00Z</time></trkpt>
      <trkpt lat="41.40166" lon="-81.758981"><ele>204.6</ele><time>2026-09-05T15:05:01Z</time></trkpt>
      <trkpt lat="41.40166" lon="-81.758992"><ele>204.6</ele><time>2026-09-05T15:05:02Z</time></trkpt>
      <trkpt lat="41.401658" lon="-81.759007"><ele>205.1</ele><time>2026-09-05T15:05:03Z</time></trkpt>
      <trkpt lat="41.401657" lon="-81.75902"><ele>205.1</ele><time>2026-09-05T15:05:04Z</time></trkpt>
      <trkpt lat="41.401658" lon="-81.759031"><ele>205.2</ele><time>2026-09-05T15:05:05Z</time></trkpt>
      <trkpt lat="41.40166" lon="-81.759047"><ele>202.7</ele><time>2026-09-05T15:05:06Z</time></trkpt>
      <trkpt lat="41.401661" lon="-81.759065"><ele>202.5</ele><time>2026-09-05T15:05:07Z</time></trkpt>
      <trkpt lat="41.401661" lon="-81.759081"><ele>203.3</ele><time>2026-09-05T15:05:08Z</time></trkpt>
      <trkpt lat="41.401661" lon="-81.759096"><ele>205.2</ele><time>2026-09-05T15:05:09Z</time></trkpt>
      <trkpt lat="41.40166" lon="-81.759109"><ele>205.2</ele><time>2026-09-05T15:05:10Z</time></trkpt>
      <trkpt lat="41.401658" lon="-81.759126"><ele>205.1</ele><time>2026-09-05T15:05:11Z</time></trkpt>
      <trkpt lat="41.401655" lon="-81.759143"><ele>205.1</ele><time>2026-09-05T15:05:12Z</time></trkpt>
      <trkpt lat="41.40165" lon="-81.759157"><ele>205</ele><time>2026-09-05T15:05:13Z</time></trkpt>
      <trkpt lat="41.401645" lon="-81.759169"><ele>205</ele><time>2026-09-05T15:05:14Z</time></trkpt>
      <trkpt lat="41.401637" lon="-81.759184"><ele>205.1</ele><time>2026-09-05T15:05:15Z</time></trkpt>
      <trkpt lat="41.401626" lon="-81.759195"><ele>202.799</ele><time>2026-09-05T15:05:16Z</time></trkpt>
      <trkpt lat="41.401616" lon="-81.759203"><ele>202.799</ele><time>2026-09-05T15:05:17Z</time></trkpt>
      <trkpt lat="41.401602" lon="-81.759213"><ele>202.799</ele><time>2026-09-05T15:05:18Z</time></trkpt>
      <trkpt lat="41.401587" lon="-81.759224"><ele>200.6</ele><time>2026-09-05T15:05:19Z</time></trkpt>
      <trkpt lat="41.401577" lon="-81.759231"><ele>200.7</ele><time>2026-09-05T15:05:20Z</time></trkpt>
      <trkpt lat="41.401568" lon="-81.759241"><ele>204.7</ele><time>2026-09-05T15:05:21Z</time></trkpt>
      <trkpt lat="41.40156" lon="-81.759248"><ele>201.2</ele><time>2026-09-05T15:05:22Z</time></trkpt>
      <trkpt lat="41.401553" lon="-81.759256"><ele>205</ele><time>2026-09-05T15:05:23Z</time></trkpt>
      <trkpt lat="41.401544" lon="-81.759261"><ele>200.7</ele><time>2026-09-05T15:05:24Z</time></trkpt>
      <trkpt lat="41.401535" lon="-81.759267"><ele>200.7</ele><time>2026-09-05T15:05:25Z</time></trkpt>
      <trkpt lat="41.401528" lon="-81.759273"><ele>200.7</ele><time>2026-09-05T15:05:26Z</time></trkpt>
      <trkpt lat="41.40152" lon="-81.759278"><ele>200.7</ele><time>2026-09-05T15:05:27Z</time></trkpt>
      <trkpt lat="41.401512" lon="-81.759283"><ele>200.7</ele><time>2026-09-05T15:05:28Z</time></trkpt>
      <trkpt lat="41.401504" lon="-81.759289"><ele>200.799</ele><time>2026-09-05T15:05:29Z</time></trkpt>
      <trkpt lat="41.401495" lon="-81.759296"><ele>202.399</ele><time>2026-09-05T15:05:30Z</time></trkpt>
      <trkpt lat="41.401488" lon="-81.759302"><ele>202.299</ele><time>2026-09-05T15:05:31Z</time></trkpt>
      <trkpt lat="41.401483" lon="-81.759307"><ele>202.3</ele><time>2026-09-05T15:05:32Z</time></trkpt>
      <trkpt lat="41.401476" lon="-81.759316"><ele>205.3</ele><time>2026-09-05T15:05:33Z</time></trkpt>
      <trkpt lat="41.401469" lon="-81.759329"><ele>205.3</ele><time>2026-09-05T15:05:34Z</time></trkpt>
      <trkpt lat="41.401462" lon="-81.759341"><ele>203</ele><time>2026-09-05T15:05:35Z</time></trkpt>
      <trkpt lat="41.401456" lon="-81.75935"><ele>203</ele><time>2026-09-05T15:05:36Z</time></trkpt>
      <trkpt lat="41.401447" lon="-81.759362"><ele>205.3</ele><time>2026-09-05T15:05:37Z</time></trkpt>
      <trkpt lat="41.40144" lon="-81.759375"><ele>205.3</ele><time>2026-09-05T15:05:38Z</time></trkpt>
      <trkpt lat="41.401434" lon="-81.759387"><ele>205.3</ele><time>2026-09-05T15:05:39Z</time></trkpt>
      <trkpt lat="41.401429" lon="-81.759398"><ele>205</ele><time>2026-09-05T15:05:40Z</time></trkpt>
      <trkpt lat="41.401424" lon="-81.75941"><ele>205</ele><time>2026-09-05T15:05:41Z</time></trkpt>
      <trkpt lat="41.401417" lon="-81.759428"><ele>205</ele><time>2026-09-05T15:05:42Z</time></trkpt>
      <trkpt lat="41.401412" lon="-81.759442"><ele>205</ele><time>2026-09-05T15:05:43Z</time></trkpt>
      <trkpt lat="41.401406" lon="-81.759453"><ele>205.4</ele><time>2026-09-05T15:05:44Z</time></trkpt>
      <trkpt lat="41.401398" lon="-81.759468"><ele>204.9</ele><time>2026-09-05T15:05:45Z</time></trkpt>
      <trkpt lat="41.401391" lon="-81.759481"><ele>204.9</ele><time>2026-09-05T15:05:46Z</time></trkpt>
      <trkpt lat="41.401383" lon="-81.759495"><ele>200.799</ele><time>2026-09-05T15:05:47Z</time></trkpt>
      <trkpt lat="41.401374" lon="-81.759509"><ele>200.7</ele><time>2026-09-05T15:05:48Z</time></trkpt>
      <trkpt lat="41.401363" lon="-81.75952"><ele>200.7</ele><time>2026-09-05T15:05:49Z</time></trkpt>
      <trkpt lat="41.401346" lon="-81.759538"><ele>204.9</ele><time>2026-09-05T15:05:50Z</time></trkpt>
      <trkpt lat="41.401337" lon="-81.759547"><ele>200.9</ele><time>2026-09-05T15:05:51Z</time></trkpt>
      <trkpt lat="41.401329" lon="-81.759556"><ele>200.9</ele><time>2026-09-05T15:05:52Z</time></trkpt>
      <trkpt lat="41.401319" lon="-81.759566"><ele>201.1</ele><time>2026-09-05T15:05:53Z</time></trkpt>
      <trkpt lat="41.401311" lon="-81.759577"><ele>201</ele><time>2026-09-05T15:05:54Z</time></trkpt>
      <trkpt lat="41.401305" lon="-81.759587"><ele>200.2</ele><time>2026-09-05T15:05:55Z</time></trkpt>
      <trkpt lat="41.401299" lon="-81.759596"><ele>200.2</ele><time>2026-09-05T15:05:56Z</time></trkpt>
      <trkpt lat="41.40129" lon="-81.759609"><ele>200.5</ele><time>2026-09-05T15:05:57Z</time></trkpt>
      <trkpt lat="41.401281" lon="-81.759625"><ele>200.3</ele><time>2026-09-05T15:05:58Z</time></trkpt>
      <trkpt lat="41.401274" lon="-81.759636"><ele>199.9</ele><time>2026-09-05T15:05:59Z</time></trkpt>
      <trkpt lat="41.401268" lon="-81.759645"><ele>199.9</ele><time>2026-09-05T15:06:00Z</time></trkpt>
      <trkpt lat="41.401263" lon="-81.759656"><ele>202.1</ele><time>2026-09-05T15:06:01Z</time></trkpt>
      <trkpt lat="41.401256" lon="-81.759666"><ele>200.8</ele><time>2026-09-05T15:06:02Z</time></trkpt>
      <trkpt lat="41.40125" lon="-81.759674"><ele>204.3</ele><time>2026-09-05T15:06:03Z</time></trkpt>
      <trkpt lat="41.401245" lon="-81.759679"><ele>204.3</ele><time>2026-09-05T15:06:04Z</time></trkpt>
      <trkpt lat="41.401235" lon="-81.759686"><ele>204.5</ele><time>2026-09-05T15:06:05Z</time></trkpt>
      <trkpt lat="41.401221" lon="-81.759693"><ele>204.6</ele><time>2026-09-05T15:06:06Z</time></trkpt>
      <trkpt lat="41.401214" lon="-81.759695"><ele>205</ele><time>2026-09-05T15:06:07Z</time></trkpt>
      <trkpt lat="41.401207" lon="-81.759698"><ele>205</ele><time>2026-09-05T15:06:08Z</time></trkpt>
      <trkpt lat="41.401196" lon="-81.759698"><ele>205.1</ele><time>2026-09-05T15:06:09Z</time></trkpt>
      <trkpt lat="41.401185" lon="-81.759697"><ele>205</ele><time>2026-09-05T15:06:10Z</time></trkpt>
      <trkpt lat="41.401172" lon="-81.759691"><ele>202.4</ele><time>2026-09-05T15:06:11Z</time></trkpt>
      <trkpt lat="41.401159" lon="-81.759687"><ele>205.2</ele><time>2026-09-05T15:06:12Z</time></trkpt>
      <trkpt lat="41.401145" lon="-81.759682"><ele>205.2</ele><time>2026-09-05T15:06:13Z</time></trkpt>
      <trkpt lat="41.401135" lon="-81.759681"><ele>205.1</ele><time>2026-09-05T15:06:14Z</time></trkpt>
      <trkpt lat="41.401125" lon="-81.75968"><ele>205.1</ele><time>2026-09-05T15:06:15Z</time></trkpt>
      <trkpt lat="41.401116" lon="-81.75968"><ele>205.1</ele><time>2026-09-05T15:06:16Z</time></trkpt>
      <trkpt lat="41.401103" lon="-81.759679"><ele>205.299</ele><time>2026-09-05T15:06:17Z</time></trkpt>
      <trkpt lat="41.401089" lon="-81.759677"><ele>201.1</ele><time>2026-09-05T15:06:18Z</time></trkpt>
      <trkpt lat="41.401074" lon="-81.759676"><ele>201.299</ele><time>2026-09-05T15:06:19Z</time></trkpt>
      <trkpt lat="41.401055" lon="-81.759673"><ele>201.4</ele><time>2026-09-05T15:06:20Z</time></trkpt>
      <trkpt lat="41.401044" lon="-81.759672"><ele>201.3</ele><time>2026-09-05T15:06:21Z</time></trkpt>
      <trkpt lat="41.401034" lon="-81.759672"><ele>201.3</ele><time>2026-09-05T15:06:22Z</time></trkpt>
      <trkpt lat="41.401021" lon="-81.759672"><ele>201.1</ele><time>2026-09-05T15:06:23Z</time></trkpt>
      <trkpt lat="41.40101" lon="-81.759672"><ele>200.9</ele><time>2026-09-05T15:06:24Z</time></trkpt>
      <trkpt lat="41.400999" lon="-81.759672"><ele>200.9</ele><time>2026-09-05T15:06:25Z</time></trkpt>
      <trkpt lat="41.400989" lon="-81.759672"><ele>201</ele><time>2026-09-05T15:06:26Z</time></trkpt>
      <trkpt lat="41.400982" lon="-81.759672"><ele>201</ele><time>2026-09-05T15:06:27Z</time></trkpt>
      <trkpt lat="41.40097" lon="-81.759672"><ele>200.6</ele><time>2026-09-05T15:06:28Z</time></trkpt>
      <trkpt lat="41.400959" lon="-81.759672"><ele>200.799</ele><time>2026-09-05T15:06:29Z</time></trkpt>
      <trkpt lat="41.400947" lon="-81.759673"><ele>204.999</ele><time>2026-09-05T15:06:30Z</time></trkpt>
      <trkpt lat="41.400937" lon="-81.759674"><ele>202.299</ele><time>2026-09-05T15:06:31Z</time></trkpt>
      <trkpt lat="41.400928" lon="-81.759673"><ele>202.299</ele><time>2026-09-05T15:06:32Z</time></trkpt>
      <trkpt lat="41.400912" lon="-81.759668"><ele>204.5</ele><time>2026-09-05T15:06:33Z</time></trkpt>
      <trkpt lat="41.4009" lon="-81.759666"><ele>204.7</ele><time>2026-09-05T15:06:34Z</time></trkpt>
      <trkpt lat="41.40089" lon="-81.759665"><ele>204.7</ele><time>2026-09-05T15:06:35Z</time></trkpt>
      <trkpt lat="41.400881" lon="-81.759664"><ele>204.7</ele><time>2026-09-05T15:06:36Z</time></trkpt>
      <trkpt lat="41.400873" lon="-81.759665"><ele>204.7</ele><time>2026-09-05T15:06:37Z</time></trkpt>
      <trkpt lat="41.400864" lon="-81.759665"><ele>204.6</ele><time>2026-09-05T15:06:38Z</time></trkpt>
      <trkpt lat="41.400853" lon="-81.759666"><ele>204.9</ele><time>2026-09-05T15:06:39Z</time></trkpt>
      <trkpt lat="41.400839" lon="-81.759667"><ele>201</ele><time>2026-09-05T15:06:40Z</time></trkpt>
      <trkpt lat="41.400825" lon="-81.759669"><ele>201.8</ele><time>2026-09-05T15:06:41Z</time></trkpt>
      <trkpt lat="41.400814" lon="-81.75967"><ele>201.8</ele><time>2026-09-05T15:06:42Z</time></trkpt>
      <trkpt lat="41.400798" lon="-81.75967"><ele>201.1</ele><time>2026-09-05T15:06:43Z</time></trkpt>
      <trkpt lat="41.400786" lon="-81.75967"><ele>201.1</ele><time>2026-09-05T15:06:44Z</time></trkpt>
      <trkpt lat="41.400774" lon="-81.759669"><ele>201.3</ele><time>2026-09-05T15:06:45Z</time></trkpt>
      <trkpt lat="41.400762" lon="-81.759667"><ele>201.1</ele><time>2026-09-05T15:06:46Z</time></trkpt>
      <trkpt lat="41.40075" lon="-81.759666"><ele>201</ele><time>2026-09-05T15:06:47Z</time></trkpt>
      <trkpt lat="41.400736" lon="-81.759664"><ele>201.1</ele><time>2026-09-05T15:06:48Z</time></trkpt>
      <trkpt lat="41.400725" lon="-81.759657"><ele>201</ele><time>2026-09-05T15:06:49Z</time></trkpt>
      <trkpt lat="41.400713" lon="-81.759651"><ele>200.8</ele><time>2026-09-05T15:06:50Z</time></trkpt>
      <trkpt lat="41.400704" lon="-81.759645"><ele>200.5</ele><time>2026-09-05T15:06:51Z</time></trkpt>
      <trkpt lat="41.400697" lon="-81.759643"><ele>200.5</ele><time>2026-09-05T15:06:52Z</time></trkpt>
      <trkpt lat="41.400685" lon="-81.759641"><ele>200.4</ele><time>2026-09-05T15:06:53Z</time></trkpt>
      <trkpt lat="41.400671" lon="-81.75964"><ele>200.2</ele><time>2026-09-05T15:06:54Z</time></trkpt>
      <trkpt lat="41.400662" lon="-81.75964"><ele>200.2</ele><time>2026-09-05T15:06:55Z</time></trkpt>
      <trkpt lat="41.400654" lon="-81.759639"><ele>199.899</ele><time>2026-09-05T15:06:56Z</time></trkpt>
      <trkpt lat="41.400644" lon="-81.759639"><ele>199.899</ele><time>2026-09-05T15:06:57Z</time></trkpt>
      <trkpt lat="41.400633" lon="-81.75964"><ele>199.599</ele><time>2026-09-05T15:06:58Z</time></trkpt>
      <trkpt lat="41.400624" lon="-81.759641"><ele>204.199</ele><time>2026-09-05T15:06:59Z</time></trkpt>
      <trkpt lat="41.400615" lon="-81.759643"><ele>200.099</ele><time>2026-09-05T15:07:00Z</time></trkpt>
      <trkpt lat="41.400607" lon="-81.759646"><ele>200.099</ele><time>2026-09-05T15:07:01Z</time></trkpt>
      <trkpt lat="41.400594" lon="-81.759652"><ele>200.4</ele><time>2026-09-05T15:07:02Z</time></trkpt>
      <trkpt lat="41.400586" lon="-81.759657"><ele>200.3</ele><time>2026-09-05T15:07:03Z</time></trkpt>
      <trkpt lat="41.400578" lon="-81.759663"><ele>204.2</ele><time>2026-09-05T15:07:04Z</time></trkpt>
      <trkpt lat="41.400573" lon="-81.759668"><ele>204.1</ele><time>2026-09-05T15:07:05Z</time></trkpt>
      <trkpt lat="41.400565" lon="-81.759673"><ele>204.1</ele><time>2026-09-05T15:07:06Z</time></trkpt>
      <trkpt lat="41.400555" lon="-81.759678"><ele>204.5</ele><time>2026-09-05T15:07:07Z</time></trkpt>
      <trkpt lat="41.400544" lon="-81.759681"><ele>204.5</ele><time>2026-09-05T15:07:08Z</time></trkpt>
      <trkpt lat="41.400536" lon="-81.759683"><ele>204.5</ele><time>2026-09-05T15:07:09Z</time></trkpt>
      <trkpt lat="41.400524" lon="-81.759685"><ele>201</ele><time>2026-09-05T15:07:10Z</time></trkpt>
      <trkpt lat="41.40051" lon="-81.759687"><ele>204.799</ele><time>2026-09-05T15:07:11Z</time></trkpt>
      <trkpt lat="41.400498" lon="-81.759688"><ele>204.799</ele><time>2026-09-05T15:07:12Z</time></trkpt>
      <trkpt lat="41.400487" lon="-81.759688"><ele>201.299</ele><time>2026-09-05T15:07:13Z</time></trkpt>
      <trkpt lat="41.400473" lon="-81.759688"><ele>203.1</ele><time>2026-09-05T15:07:14Z</time></trkpt>
      <trkpt lat="41.400459" lon="-81.759688"><ele>200.799</ele><time>2026-09-05T15:07:15Z</time></trkpt>
      <trkpt lat="41.400445" lon="-81.759689"><ele>200.5</ele><time>2026-09-05T15:07:16Z</time></trkpt>
      <trkpt lat="41.400431" lon="-81.75969"><ele>200.5</ele><time>2026-09-05T15:07:17Z</time></trkpt>
      <trkpt lat="41.400421" lon="-81.759692"><ele>200.5</ele><time>2026-09-05T15:07:18Z</time></trkpt>
      <trkpt lat="41.400407" lon="-81.759695"><ele>200.5</ele><time>2026-09-05T15:07:19Z</time></trkpt>
      <trkpt lat="41.400391" lon="-81.759699"><ele>200.6</ele><time>2026-09-05T15:07:20Z</time></trkpt>
      <trkpt lat="41.40038" lon="-81.759702"><ele>200.6</ele><time>2026-09-05T15:07:21Z</time></trkpt>
      <trkpt lat="41.400365" lon="-81.759704"><ele>200.8</ele><time>2026-09-05T15:07:22Z</time></trkpt>
      <trkpt lat="41.400349" lon="-81.759707"><ele>199.7</ele><time>2026-09-05T15:07:23Z</time></trkpt>
      <trkpt lat="41.400336" lon="-81.759715"><ele>200.2</ele><time>2026-09-05T15:07:24Z</time></trkpt>
      <trkpt lat="41.400332" lon="-81.759721"><ele>201</ele><time>2026-09-05T15:07:25Z</time></trkpt>
      <trkpt lat="41.400324" lon="-81.759723"><ele>200.4</ele><time>2026-09-05T15:07:26Z</time></trkpt>
      <trkpt lat="41.400317" lon="-81.759723"><ele>200.4</ele><time>2026-09-05T15:07:27Z</time></trkpt>
      <trkpt lat="41.400305" lon="-81.759721"><ele>200.2</ele><time>2026-09-05T15:07:28Z</time></trkpt>
      <trkpt lat="41.400293" lon="-81.75972"><ele>200.2</ele><time>2026-09-05T15:07:29Z</time></trkpt>
      <trkpt lat="41.400282" lon="-81.75972"><ele>201.7</ele><time>2026-09-05T15:07:30Z</time></trkpt>
      <trkpt lat="41.400271" lon="-81.759722"><ele>200.399</ele><time>2026-09-05T15:07:31Z</time></trkpt>
      <trkpt lat="41.40026" lon="-81.759724"><ele>200.499</ele><time>2026-09-05T15:07:32Z</time></trkpt>
      <trkpt lat="41.40025" lon="-81.75973"><ele>201.599</ele><time>2026-09-05T15:07:33Z</time></trkpt>
      <trkpt lat="41.400239" lon="-81.759735"><ele>204.199</ele><time>2026-09-05T15:07:34Z</time></trkpt>
      <trkpt lat="41.40023" lon="-81.759738"><ele>204.199</ele><time>2026-09-05T15:07:35Z</time></trkpt>
      <trkpt lat="41.400215" lon="-81.759746"><ele>204.3</ele><time>2026-09-05T15:07:36Z</time></trkpt>
      <trkpt lat="41.400204" lon="-81.759751"><ele>204.3</ele><time>2026-09-05T15:07:37Z</time></trkpt>
      <trkpt lat="41.400194" lon="-81.759755"><ele>204.3</ele><time>2026-09-05T15:07:38Z</time></trkpt>
      <trkpt lat="41.400179" lon="-81.759758"><ele>201.3</ele><time>2026-09-05T15:07:39Z</time></trkpt>
      <trkpt lat="41.400166" lon="-81.759758"><ele>200.5</ele><time>2026-09-05T15:07:40Z</time></trkpt>
      <trkpt lat="41.400154" lon="-81.759758"><ele>200.8</ele><time>2026-09-05T15:07:41Z</time></trkpt>
      <trkpt lat="41.400143" lon="-81.759757"><ele>204.2</ele><time>2026-09-05T15:07:42Z</time></trkpt>
      <trkpt lat="41.400132" lon="-81.759756"><ele>200.6</ele><time>2026-09-05T15:07:43Z</time></trkpt>
      <trkpt lat="41.400121" lon="-81.759756"><ele>200.6</ele><time>2026-09-05T15:07:44Z</time></trkpt>
      <trkpt lat="41.400109" lon="-81.759756"><ele>200.6</ele><time>2026-09-05T15:07:45Z</time></trkpt>
      <trkpt lat="41.400097" lon="-81.759758"><ele>200.6</ele><time>2026-09-05T15:07:46Z</time></trkpt>
      <trkpt lat="41.400088" lon="-81.759755"><ele>200.6</ele><time>2026-09-05T15:07:47Z</time></trkpt>
      <trkpt lat="41.40008" lon="-81.759749"><ele>200.6</ele><time>2026-09-05T15:07:48Z</time></trkpt>
      <trkpt lat="41.400074" lon="-81.759744"><ele>200.6</ele><time>2026-09-05T15:07:49Z</time></trkpt>
      <trkpt lat="41.400066" lon="-81.759738"><ele>201</ele><time>2026-09-05T15:07:50Z</time></trkpt>
      <trkpt lat="41.400058" lon="-81.759732"><ele>200.9</ele><time>2026-09-05T15:07:51Z</time></trkpt>
      <trkpt lat="41.400047" lon="-81.759726"><ele>201</ele><time>2026-09-05T15:07:52Z</time></trkpt>
      <trkpt lat="41.400039" lon="-81.759722"><ele>200.8</ele><time>2026-09-05T15:07:53Z</time></trkpt>
      <trkpt lat="41.400028" lon="-81.759718"><ele>201.1</ele><time>2026-09-05T15:07:54Z</time></trkpt>
      <trkpt lat="41.40002" lon="-81.759718"><ele>201.6</ele><time>2026-09-05T15:07:55Z</time></trkpt>
      <trkpt lat="41.40001" lon="-81.759721"><ele>201.4</ele><time>2026-09-05T15:07:56Z</time></trkpt>
      <trkpt lat="41.400002" lon="-81.759724"><ele>201.3</ele><time>2026-09-05T15:07:57Z</time></trkpt>
      <trkpt lat="41.399994" lon="-81.759726"><ele>201.3</ele><time>2026-09-05T15:07:58Z</time></trkpt>
      <trkpt lat="41.399983" lon="-81.759728"><ele>201.2</ele><time>2026-09-05T15:07:59Z</time></trkpt>
      <trkpt lat="41.399973" lon="-81.759732"><ele>202.6</ele><time>2026-09-05T15:08:00Z</time></trkpt>
      <trkpt lat="41.399963" lon="-81.759739"><ele>202.3</ele><time>2026-09-05T15:08:01Z</time></trkpt>
      <trkpt lat="41.399954" lon="-81.759744"><ele>202.3</ele><time>2026-09-05T15:08:02Z</time></trkpt>
      <trkpt lat="41.399943" lon="-81.759753"><ele>202.4</ele><time>2026-09-05T15:08:03Z</time></trkpt>
      <trkpt lat="41.399934" lon="-81.759759"><ele>202.4</ele><time>2026-09-05T15:08:04Z</time></trkpt>
      <trkpt lat="41.399921" lon="-81.759761"><ele>205.2</ele><time>2026-09-05T15:08:05Z</time></trkpt>
      <trkpt lat="41.399906" lon="-81.75976"><ele>205.2</ele><time>2026-09-05T15:08:06Z</time></trkpt>
      <trkpt lat="41.399892" lon="-81.759762"><ele>204.9</ele><time>2026-09-05T15:08:07Z</time></trkpt>
      <trkpt lat="41.399884" lon="-81.759763"><ele>205.3</ele><time>2026-09-05T15:08:08Z</time></trkpt>
      <trkpt lat="41.399873" lon="-81.759762"><ele>204.9</ele><time>2026-09-05T15:08:09Z</time></trkpt>
      <trkpt lat="41.399865" lon="-81.759758"><ele>201</ele><time>2026-09-05T15:08:10Z</time></trkpt>
      <trkpt lat="41.39986" lon="-81.759751"><ele>201.5</ele><time>2026-09-05T15:08:11Z</time></trkpt>
      <trkpt lat="41.399857" lon="-81.759747"><ele>201</ele><time>2026-09-05T15:08:12Z</time></trkpt>
      <trkpt lat="41.399855" lon="-81.759745"><ele>201.3</ele><time>2026-09-05T15:08:13Z</time></trkpt>
      <trkpt lat="41.399855" lon="-81.759744"><ele>200.7</ele><time>2026-09-05T15:08:14Z</time></trkpt>
      <trkpt lat="41.399855" lon="-81.759744"><ele>200.6</ele><time>2026-09-05T15:08:15Z</time></trkpt>
      <trkpt lat="41.399855" lon="-81.759745"><ele>200.4</ele><time>2026-09-05T15:08:16Z</time></trkpt>
      <trkpt lat="41.399855" lon="-81.759745"><ele>200.5</ele><time>2026-09-05T15:08:17Z</time></trkpt>
      <trkpt lat="41.399854" lon="-81.759746"><ele>200.5</ele><time>2026-09-05T15:08:18Z</time></trkpt>
      <trkpt lat="41.399852" lon="-81.759747"><ele>200.3</ele><time>2026-09-05T15:08:19Z</time></trkpt>
      <trkpt lat="41.39985" lon="-81.759748"><ele>200.3</ele><time>2026-09-05T15:08:20Z</time></trkpt>
      <trkpt lat="41.399848" lon="-81.759749"><ele>200</ele><time>2026-09-05T15:08:21Z</time></trkpt>
      <trkpt lat="41.399847" lon="-81.75975"><ele>200.4</ele><time>2026-09-05T15:08:22Z</time></trkpt>
      <trkpt lat="41.399845" lon="-81.759753"><ele>200.8</ele><time>2026-09-05T15:08:23Z</time></trkpt>
      <trkpt lat="41.399845" lon="-81.759756"><ele>201.1</ele><time>2026-09-05T15:08:24Z</time></trkpt>
      <trkpt lat="41.399845" lon="-81.759758"><ele>200.7</ele><time>2026-09-05T15:08:25Z</time></trkpt>
      <trkpt lat="41.399843" lon="-81.75976"><ele>200.3</ele><time>2026-09-05T15:08:26Z</time></trkpt>
      <trkpt lat="41.399841" lon="-81.75976"><ele>200.3</ele><time>2026-09-05T15:08:27Z</time></trkpt>
      <trkpt lat="41.399836" lon="-81.75976"><ele>200.2</ele><time>2026-09-05T15:08:28Z</time></trkpt>
      <trkpt lat="41.399832" lon="-81.759762"><ele>200.3</ele><time>2026-09-05T15:08:29Z</time></trkpt>
      <trkpt lat="41.399826" lon="-81.759764"><ele>200.3</ele><time>2026-09-05T15:08:30Z</time></trkpt>
      <trkpt lat="41.399816" lon="-81.759767"><ele>200.8</ele><time>2026-09-05T15:08:31Z</time></trkpt>
      <trkpt lat="41.3998" lon="-81.759773"><ele>201.7</ele><time>2026-09-05T15:08:32Z</time></trkpt>
      <trkpt lat="41.399783" lon="-81.75978"><ele>202</ele><time>2026-09-05T15:08:33Z</time></trkpt>
      <trkpt lat="41.39977" lon="-81.759789"><ele>204.8</ele><time>2026-09-05T15:08:34Z</time></trkpt>
      <trkpt lat="41.399757" lon="-81.759796"><ele>204.9</ele><time>2026-09-05T15:08:35Z</time></trkpt>
      <trkpt lat="41.399745" lon="-81.759802"><ele>205.2</ele><time>2026-09-05T15:08:36Z</time></trkpt>
      <trkpt lat="41.399733" lon="-81.759808"><ele>205.4</ele><time>2026-09-05T15:08:37Z</time></trkpt>
      <trkpt lat="41.39972" lon="-81.759815"><ele>205.3</ele><time>2026-09-05T15:08:38Z</time></trkpt>
      <trkpt lat="41.399708" lon="-81.759821"><ele>205.3</ele><time>2026-09-05T15:08:39Z</time></trkpt>
      <trkpt lat="41.399697" lon="-81.759828"><ele>202.5</ele><time>2026-09-05T15:08:40Z</time></trkpt>
      <trkpt lat="41.399687" lon="-81.759833"><ele>202.1</ele><time>2026-09-05T15:08:41Z</time></trkpt>
      <trkpt lat="41.399679" lon="-81.759837"><ele>203</ele><time>2026-09-05T15:08:42Z</time></trkpt>
      <trkpt lat="41.399669" lon="-81.759844"><ele>201.5</ele><time>2026-09-05T15:08:43Z</time></trkpt>
      <trkpt lat="41.399661" lon="-81.759851"><ele>201.5</ele><time>2026-09-05T15:08:44Z</time></trkpt>
      <trkpt lat="41.399654" lon="-81.759859"><ele>201.4</ele><time>2026-09-05T15:08:45Z</time></trkpt>
      <trkpt lat="41.399645" lon="-81.759872"><ele>201.6</ele><time>2026-09-05T15:08:46Z</time></trkpt>
      <trkpt lat="41.399635" lon="-81.759887"><ele>202.2</ele><time>2026-09-05T15:08:47Z</time></trkpt>
      <trkpt lat="41.399629" lon="-81.7599"><ele>202.2</ele><time>2026-09-05T15:08:48Z</time></trkpt>
      <trkpt lat="41.399623" lon="-81.759917"><ele>201.5</ele><time>2026-09-05T15:08:49Z</time></trkpt>
      <trkpt lat="41.399618" lon="-81.759936"><ele>200.799</ele><time>2026-09-05T15:08:50Z</time></trkpt>
      <trkpt lat="41.399612" lon="-81.759954"><ele>201</ele><time>2026-09-05T15:08:51Z</time></trkpt>
      <trkpt lat="41.399606" lon="-81.759967"><ele>201</ele><time>2026-09-05T15:08:52Z</time></trkpt>
      <trkpt lat="41.399598" lon="-81.75998"><ele>201.6</ele><time>2026-09-05T15:08:53Z</time></trkpt>
      <trkpt lat="41.399591" lon="-81.759989"><ele>201.6</ele><time>2026-09-05T15:08:54Z</time></trkpt>
      <trkpt lat="41.399584" lon="-81.759998"><ele>205.2</ele><time>2026-09-05T15:08:55Z</time></trkpt>
      <trkpt lat="41.399574" lon="-81.760007"><ele>202.1</ele><time>2026-09-05T15:08:56Z</time></trkpt>
      <trkpt lat="41.399562" lon="-81.760013"><ele>201.6</ele><time>2026-09-05T15:08:57Z</time></trkpt>
      <trkpt lat="41.399551" lon="-81.760019"><ele>201.6</ele><time>2026-09-05T15:08:58Z</time></trkpt>
      <trkpt lat="41.399538" lon="-81.760024"><ele>202.1</ele><time>2026-09-05T15:08:59Z</time></trkpt>
      <trkpt lat="41.399528" lon="-81.760028"><ele>202.1</ele><time>2026-09-05T15:09:00Z</time></trkpt>
      <trkpt lat="41.399515" lon="-81.760031"><ele>202.299</ele><time>2026-09-05T15:09:01Z</time></trkpt>
      <trkpt lat="41.399501" lon="-81.760034"><ele>201.6</ele><time>2026-09-05T15:09:02Z</time></trkpt>
      <trkpt lat="41.399487" lon="-81.760036"><ele>202</ele><time>2026-09-05T15:09:03Z</time></trkpt>
      <trkpt lat="41.399474" lon="-81.760037"><ele>202.8</ele><time>2026-09-05T15:09:04Z</time></trkpt>
      <trkpt lat="41.399461" lon="-81.760039"><ele>203.3</ele><time>2026-09-05T15:09:05Z</time></trkpt>
      <trkpt lat="41.399449" lon="-81.760042"><ele>206</ele><time>2026-09-05T15:09:06Z</time></trkpt>
      <trkpt lat="41.399438" lon="-81.760047"><ele>206.3</ele><time>2026-09-05T15:09:07Z</time></trkpt>
      <trkpt lat="41.399426" lon="-81.760052"><ele>206.3</ele><time>2026-09-05T15:09:08Z</time></trkpt>
      <trkpt lat="41.399413" lon="-81.760057"><ele>203.6</ele><time>2026-09-05T15:09:09Z</time></trkpt>
      <trkpt lat="41.399401" lon="-81.760062"><ele>202.6</ele><time>2026-09-05T15:09:10Z</time></trkpt>
      <trkpt lat="41.399388" lon="-81.760068"><ele>202.8</ele><time>2026-09-05T15:09:11Z</time></trkpt>
      <trkpt lat="41.399375" lon="-81.760074"><ele>203.7</ele><time>2026-09-05T15:09:12Z</time></trkpt>
      <trkpt lat="41.399362" lon="-81.760081"><ele>206.5</ele><time>2026-09-05T15:09:13Z</time></trkpt>
      <trkpt lat="41.39935" lon="-81.760086"><ele>203.1</ele><time>2026-09-05T15:09:14Z</time></trkpt>
      <trkpt lat="41.399338" lon="-81.76009"><ele>203</ele><time>2026-09-05T15:09:15Z</time></trkpt>
      <trkpt lat="41.399324" lon="-81.760095"><ele>203</ele><time>2026-09-05T15:09:16Z</time></trkpt>
      <trkpt lat="41.399313" lon="-81.760099"><ele>203</ele><time>2026-09-05T15:09:17Z</time></trkpt>
      <trkpt lat="41.399301" lon="-81.760102"><ele>203.3</ele><time>2026-09-05T15:09:18Z</time></trkpt>
      <trkpt lat="41.399289" lon="-81.760106"><ele>202.6</ele><time>2026-09-05T15:09:19Z</time></trkpt>
      <trkpt lat="41.399278" lon="-81.760111"><ele>202.7</ele><time>2026-09-05T15:09:20Z</time></trkpt>
      <trkpt lat="41.399268" lon="-81.760119"><ele>202.2</ele><time>2026-09-05T15:09:21Z</time></trkpt>
      <trkpt lat="41.399257" lon="-81.760127"><ele>202.1</ele><time>2026-09-05T15:09:22Z</time></trkpt>
      <trkpt lat="41.399245" lon="-81.760136"><ele>202.6</ele><time>2026-09-05T15:09:23Z</time></trkpt>
      <trkpt lat="41.399233" lon="-81.760145"><ele>206.4</ele><time>2026-09-05T15:09:24Z</time></trkpt>
      <trkpt lat="41.399223" lon="-81.760152"><ele>203</ele><time>2026-09-05T15:09:25Z</time></trkpt>
      <trkpt lat="41.399213" lon="-81.760159"><ele>201.6</ele><time>2026-09-05T15:09:26Z</time></trkpt>
      <trkpt lat="41.399202" lon="-81.760166"><ele>201.6</ele><time>2026-09-05T15:09:27Z</time></trkpt>
      <trkpt lat="41.399191" lon="-81.760173"><ele>201.6</ele><time>2026-09-05T15:09:28Z</time></trkpt>
      <trkpt lat="41.39918" lon="-81.760178"><ele>201.6</ele><time>2026-09-05T15:09:29Z</time></trkpt>
      <trkpt lat="41.399168" lon="-81.760192"><ele>202.5</ele><time>2026-09-05T15:09:30Z</time></trkpt>
      <trkpt lat="41.399157" lon="-81.760205"><ele>202.1</ele><time>2026-09-05T15:09:31Z</time></trkpt>
      <trkpt lat="41.399149" lon="-81.760214"><ele>201.1</ele><time>2026-09-05T15:09:32Z</time></trkpt>
      <trkpt lat="41.399136" lon="-81.760218"><ele>200.6</ele><time>2026-09-05T15:09:33Z</time></trkpt>
      <trkpt lat="41.399122" lon="-81.760217"><ele>205</ele><time>2026-09-05T15:09:34Z</time></trkpt>
      <trkpt lat="41.399107" lon="-81.760211"><ele>205</ele><time>2026-09-05T15:09:35Z</time></trkpt>
      <trkpt lat="41.399093" lon="-81.760209"><ele>202.4</ele><time>2026-09-05T15:09:36Z</time></trkpt>
      <trkpt lat="41.39908" lon="-81.760212"><ele>205</ele><time>2026-09-05T15:09:37Z</time></trkpt>
      <trkpt lat="41.399068" lon="-81.760222"><ele>201.5</ele><time>2026-09-05T15:09:38Z</time></trkpt>
      <trkpt lat="41.399059" lon="-81.760234"><ele>201.5</ele><time>2026-09-05T15:09:39Z</time></trkpt>
      <trkpt lat="41.399046" lon="-81.760249"><ele>201.7</ele><time>2026-09-05T15:09:40Z</time></trkpt>
      <trkpt lat="41.399034" lon="-81.760259"><ele>202</ele><time>2026-09-05T15:09:41Z</time></trkpt>
      <trkpt lat="41.399025" lon="-81.760268"><ele>202</ele><time>2026-09-05T15:09:42Z</time></trkpt>
      <trkpt lat="41.399013" lon="-81.760279"><ele>202.1</ele><time>2026-09-05T15:09:43Z</time></trkpt>
      <trkpt lat="41.398994" lon="-81.760293"><ele>201.6</ele><time>2026-09-05T15:09:44Z</time></trkpt>
      <trkpt lat="41.398981" lon="-81.760303"><ele>201.6</ele><time>2026-09-05T15:09:45Z</time></trkpt>
      <trkpt lat="41.398961" lon="-81.760316"><ele>201.899</ele><time>2026-09-05T15:09:46Z</time></trkpt>
      <trkpt lat="41.398946" lon="-81.760328"><ele>202.299</ele><time>2026-09-05T15:09:47Z</time></trkpt>
      <trkpt lat="41.398928" lon="-81.760338"><ele>200.999</ele><time>2026-09-05T15:09:48Z</time></trkpt>
      <trkpt lat="41.398915" lon="-81.760344"><ele>201.899</ele><time>2026-09-05T15:09:49Z</time></trkpt>
      <trkpt lat="41.398903" lon="-81.760348"><ele>203.399</ele><time>2026-09-05T15:09:50Z</time></trkpt>
      <trkpt lat="41.398889" lon="-81.760352"><ele>201.5</ele><time>2026-09-05T15:09:51Z</time></trkpt>
      <trkpt lat="41.398878" lon="-81.760356"><ele>201.8</ele><time>2026-09-05T15:09:52Z</time></trkpt>
      <trkpt lat="41.398869" lon="-81.760363"><ele>205.1</ele><time>2026-09-05T15:09:53Z</time></trkpt>
      <trkpt lat="41.398861" lon="-81.760368"><ele>205.1</ele><time>2026-09-05T15:09:54Z</time></trkpt>
      <trkpt lat="41.398849" lon="-81.760375"><ele>202</ele><time>2026-09-05T15:09:55Z</time></trkpt>
      <trkpt lat="41.398836" lon="-81.760381"><ele>201.3</ele><time>2026-09-05T15:09:56Z</time></trkpt>
      <trkpt lat="41.398823" lon="-81.760385"><ele>202.2</ele><time>2026-09-05T15:09:57Z</time></trkpt>
      <trkpt lat="41.398808" lon="-81.760388"><ele>201.399</ele><time>2026-09-05T15:09:58Z</time></trkpt>
      <trkpt lat="41.398793" lon="-81.760392"><ele>201.699</ele><time>2026-09-05T15:09:59Z</time></trkpt>
      <trkpt lat="41.398782" lon="-81.760396"><ele>201.699</ele><time>2026-09-05T15:10:00Z</time></trkpt>
      <trkpt lat="41.398766" lon="-81.760404"><ele>201.799</ele><time>2026-09-05T15:10:01Z</time></trkpt>
      <trkpt lat="41.39875" lon="-81.760412"><ele>201.8</ele><time>2026-09-05T15:10:02Z</time></trkpt>
      <trkpt lat="41.398738" lon="-81.760417"><ele>201.8</ele><time>2026-09-05T15:10:03Z</time></trkpt>
      <trkpt lat="41.398727" lon="-81.760423"><ele>206.1</ele><time>2026-09-05T15:10:04Z</time></trkpt>
      <trkpt lat="41.398716" lon="-81.760427"><ele>206.1</ele><time>2026-09-05T15:10:05Z</time></trkpt>
      <trkpt lat="41.398705" lon="-81.760431"><ele>203.5</ele><time>2026-09-05T15:10:06Z</time></trkpt>
      <trkpt lat="41.398694" lon="-81.760435"><ele>203.3</ele><time>2026-09-05T15:10:07Z</time></trkpt>
      <trkpt lat="41.398687" lon="-81.760437"><ele>203.3</ele><time>2026-09-05T15:10:08Z</time></trkpt>
      <trkpt lat="41.398676" lon="-81.76044"><ele>203</ele><time>2026-09-05T15:10:09Z</time></trkpt>
      <trkpt lat="41.398663" lon="-81.760445"><ele>202.7</ele><time>2026-09-05T15:10:10Z</time></trkpt>
      <trkpt lat="41.39865" lon="-81.760451"><ele>203.6</ele><time>2026-09-05T15:10:11Z</time></trkpt>
      <trkpt lat="41.398637" lon="-81.760455"><ele>203.7</ele><time>2026-09-05T15:10:12Z</time></trkpt>
      <trkpt lat="41.398623" lon="-81.760458"><ele>203.1</ele><time>2026-09-05T15:10:13Z</time></trkpt>
      <trkpt lat="41.398609" lon="-81.76046"><ele>202.299</ele><time>2026-09-05T15:10:14Z</time></trkpt>
      <trkpt lat="41.398595" lon="-81.760462"><ele>202.299</ele><time>2026-09-05T15:10:15Z</time></trkpt>
      <trkpt lat="41.398582" lon="-81.760461"><ele>202.499</ele><time>2026-09-05T15:10:16Z</time></trkpt>
      <trkpt lat="41.398568" lon="-81.760458"><ele>203.299</ele><time>2026-09-05T15:10:17Z</time></trkpt>
      <trkpt lat="41.398554" lon="-81.760456"><ele>203.6</ele><time>2026-09-05T15:10:18Z</time></trkpt>
      <trkpt lat="41.39854" lon="-81.760453"><ele>202.9</ele><time>2026-09-05T15:10:19Z</time></trkpt>
      <trkpt lat="41.398524" lon="-81.760451"><ele>202.5</ele><time>2026-09-05T15:10:20Z</time></trkpt>
      <trkpt lat="41.398511" lon="-81.760452"><ele>203.1</ele><time>2026-09-05T15:10:21Z</time></trkpt>
      <trkpt lat="41.398499" lon="-81.760452"><ele>203.5</ele><time>2026-09-05T15:10:22Z</time></trkpt>
      <trkpt lat="41.398487" lon="-81.760453"><ele>206.6</ele><time>2026-09-05T15:10:23Z</time></trkpt>
      <trkpt lat="41.398478" lon="-81.760453"><ele>206.6</ele><time>2026-09-05T15:10:24Z</time></trkpt>
      <trkpt lat="41.398465" lon="-81.760453"><ele>202.9</ele><time>2026-09-05T15:10:25Z</time></trkpt>
      <trkpt lat="41.39845" lon="-81.760452"><ele>202.6</ele><time>2026-09-05T15:10:26Z</time></trkpt>
      <trkpt lat="41.398434" lon="-81.76045"><ele>203.7</ele><time>2026-09-05T15:10:27Z</time></trkpt>
      <trkpt lat="41.398422" lon="-81.760449"><ele>203.7</ele><time>2026-09-05T15:10:28Z</time></trkpt>
      <trkpt lat="41.398409" lon="-81.760448"><ele>202.6</ele><time>2026-09-05T15:10:29Z</time></trkpt>
      <trkpt lat="41.398395" lon="-81.760447"><ele>203.1</ele><time>2026-09-05T15:10:30Z</time></trkpt>
      <trkpt lat="41.398383" lon="-81.760449"><ele>203.1</ele><time>2026-09-05T15:10:31Z</time></trkpt>
      <trkpt lat="41.39837" lon="-81.760455"><ele>202.1</ele><time>2026-09-05T15:10:32Z</time></trkpt>
      <trkpt lat="41.398363" lon="-81.760463"><ele>202</ele><time>2026-09-05T15:10:33Z</time></trkpt>
      <trkpt lat="41.398361" lon="-81.760469"><ele>202</ele><time>2026-09-05T15:10:34Z</time></trkpt>
      <trkpt lat="41.398362" lon="-81.760473"><ele>206</ele><time>2026-09-05T15:10:35Z</time></trkpt>
      <trkpt lat="41.398362" lon="-81.760474"><ele>206</ele><time>2026-09-05T15:10:36Z</time></trkpt>
      <trkpt lat="41.39836" lon="-81.760472"><ele>203.3</ele><time>2026-09-05T15:10:37Z</time></trkpt>
      <trkpt lat="41.398355" lon="-81.760471"><ele>203</ele><time>2026-09-05T15:10:38Z</time></trkpt>
      <trkpt lat="41.398344" lon="-81.760474"><ele>202.3</ele><time>2026-09-05T15:10:39Z</time></trkpt>
      <trkpt lat="41.398336" lon="-81.760477"><ele>202.3</ele><time>2026-09-05T15:10:40Z</time></trkpt>
      <trkpt lat="41.39832" lon="-81.760485"><ele>202.8</ele><time>2026-09-05T15:10:41Z</time></trkpt>
      <trkpt lat="41.398308" lon="-81.760492"><ele>202.8</ele><time>2026-09-05T15:10:42Z</time></trkpt>
      <trkpt lat="41.398293" lon="-81.760504"><ele>202.9</ele><time>2026-09-05T15:10:43Z</time></trkpt>
      <trkpt lat="41.398281" lon="-81.760513"><ele>202.9</ele><time>2026-09-05T15:10:44Z</time></trkpt>
      <trkpt lat="41.398266" lon="-81.760525"><ele>202</ele><time>2026-09-05T15:10:45Z</time></trkpt>
      <trkpt lat="41.398253" lon="-81.760534"><ele>202</ele><time>2026-09-05T15:10:46Z</time></trkpt>
      <trkpt lat="41.398238" lon="-81.760544"><ele>202.4</ele><time>2026-09-05T15:10:47Z</time></trkpt>
      <trkpt lat="41.398226" lon="-81.760552"><ele>202.4</ele><time>2026-09-05T15:10:48Z</time></trkpt>
      <trkpt lat="41.398213" lon="-81.760561"><ele>203.1</ele><time>2026-09-05T15:10:49Z</time></trkpt>
      <trkpt lat="41.398201" lon="-81.76057"><ele>203.1</ele><time>2026-09-05T15:10:50Z</time></trkpt>
      <trkpt lat="41.39819" lon="-81.760578"><ele>202.3</ele><time>2026-09-05T15:10:51Z</time></trkpt>
      <trkpt lat="41.39818" lon="-81.760585"><ele>202.3</ele><time>2026-09-05T15:10:52Z</time></trkpt>
      <trkpt lat="41.398169" lon="-81.760594"><ele>205.8</ele><time>2026-09-05T15:10:53Z</time></trkpt>
      <trkpt lat="41.398161" lon="-81.7606"><ele>205.8</ele><time>2026-09-05T15:10:54Z</time></trkpt>
      <trkpt lat="41.398148" lon="-81.760609"><ele>201.5</ele><time>2026-09-05T15:10:55Z</time></trkpt>
      <trkpt lat="41.398134" lon="-81.76062"><ele>201.5</ele><time>2026-09-05T15:10:56Z</time></trkpt>
      <trkpt lat="41.398122" lon="-81.760627"><ele>202.8</ele><time>2026-09-05T15:10:57Z</time></trkpt>
      <trkpt lat="41.398109" lon="-81.760634"><ele>201.6</ele><time>2026-09-05T15:10:58Z</time></trkpt>
      <trkpt lat="41.398095" lon="-81.76064"><ele>201.6</ele><time>2026-09-05T15:10:59Z</time></trkpt>
      <trkpt lat="41.398082" lon="-81.760647"><ele>201.5</ele><time>2026-09-05T15:11:00Z</time></trkpt>
      <trkpt lat="41.398071" lon="-81.760652"><ele>201.5</ele><time>2026-09-05T15:11:01Z</time></trkpt>
      <trkpt lat="41.39806" lon="-81.760657"><ele>201.3</ele><time>2026-09-05T15:11:02Z</time></trkpt>
      <trkpt lat="41.39805" lon="-81.760663"><ele>202.6</ele><time>2026-09-05T15:11:03Z</time></trkpt>
      <trkpt lat="41.398038" lon="-81.760672"><ele>203.1</ele><time>2026-09-05T15:11:04Z</time></trkpt>
      <trkpt lat="41.398026" lon="-81.760681"><ele>203.1</ele><time>2026-09-05T15:11:05Z</time></trkpt>
      <trkpt lat="41.398016" lon="-81.760693"><ele>203.4</ele><time>2026-09-05T15:11:06Z</time></trkpt>
      <trkpt lat="41.398005" lon="-81.760706"><ele>203.1</ele><time>2026-09-05T15:11:07Z</time></trkpt>
      <trkpt lat="41.397995" lon="-81.76072"><ele>201.799</ele><time>2026-09-05T15:11:08Z</time></trkpt>
      <trkpt lat="41.397984" lon="-81.760735"><ele>202.1</ele><time>2026-09-05T15:11:09Z</time></trkpt>
      <trkpt lat="41.397972" lon="-81.76075"><ele>202.7</ele><time>2026-09-05T15:11:10Z</time></trkpt>
      <trkpt lat="41.397959" lon="-81.760764"><ele>202.899</ele><time>2026-09-05T15:11:11Z</time></trkpt>
      <trkpt lat="41.397945" lon="-81.76078"><ele>202.6</ele><time>2026-09-05T15:11:12Z</time></trkpt>
      <trkpt lat="41.39793" lon="-81.760795"><ele>203.5</ele><time>2026-09-05T15:11:13Z</time></trkpt>
      <trkpt lat="41.397919" lon="-81.76081"><ele>202.5</ele><time>2026-09-05T15:11:14Z</time></trkpt>
      <trkpt lat="41.397908" lon="-81.760824"><ele>202.5</ele><time>2026-09-05T15:11:15Z</time></trkpt>
      <trkpt lat="41.3979" lon="-81.760837"><ele>202.6</ele><time>2026-09-05T15:11:16Z</time></trkpt>
      <trkpt lat="41.39789" lon="-81.76085"><ele>202.299</ele><time>2026-09-05T15:11:17Z</time></trkpt>
      <trkpt lat="41.397881" lon="-81.760863"><ele>202.7</ele><time>2026-09-05T15:11:18Z</time></trkpt>
      <trkpt lat="41.397875" lon="-81.760875"><ele>202.799</ele><time>2026-09-05T15:11:19Z</time></trkpt>
      <trkpt lat="41.397865" lon="-81.76089"><ele>202</ele><time>2026-09-05T15:11:20Z</time></trkpt>
      <trkpt lat="41.397857" lon="-81.760901"><ele>202</ele><time>2026-09-05T15:11:21Z</time></trkpt>
      <trkpt lat="41.397849" lon="-81.760915"><ele>202.6</ele><time>2026-09-05T15:11:22Z</time></trkpt>
      <trkpt lat="41.397838" lon="-81.760928"><ele>202.299</ele><time>2026-09-05T15:11:23Z</time></trkpt>
      <trkpt lat="41.397824" lon="-81.760941"><ele>202.499</ele><time>2026-09-05T15:11:24Z</time></trkpt>
      <trkpt lat="41.39781" lon="-81.760952"><ele>203</ele><time>2026-09-05T15:11:25Z</time></trkpt>
      <trkpt lat="41.397799" lon="-81.760961"><ele>203</ele><time>2026-09-05T15:11:26Z</time></trkpt>
      <trkpt lat="41.39779" lon="-81.760969"><ele>203</ele><time>2026-09-05T15:11:27Z</time></trkpt>
      <trkpt lat="41.397778" lon="-81.76098"><ele>203</ele><time>2026-09-05T15:11:28Z</time></trkpt>
      <trkpt lat="41.397769" lon="-81.76099"><ele>203</ele><time>2026-09-05T15:11:29Z</time></trkpt>
      <trkpt lat="41.397757" lon="-81.761002"><ele>203</ele><time>2026-09-05T15:11:30Z</time></trkpt>
      <trkpt lat="41.397746" lon="-81.761015"><ele>204.3</ele><time>2026-09-05T15:11:31Z</time></trkpt>
      <trkpt lat="41.397739" lon="-81.761025"><ele>204.6</ele><time>2026-09-05T15:11:32Z</time></trkpt>
      <trkpt lat="41.397732" lon="-81.761035"><ele>204.6</ele><time>2026-09-05T15:11:33Z</time></trkpt>
      <trkpt lat="41.397725" lon="-81.761046"><ele>204.8</ele><time>2026-09-05T15:11:34Z</time></trkpt>
      <trkpt lat="41.397719" lon="-81.761057"><ele>204.8</ele><time>2026-09-05T15:11:35Z</time></trkpt>
      <trkpt lat="41.397714" lon="-81.76107"><ele>204.6</ele><time>2026-09-05T15:11:36Z</time></trkpt>
      <trkpt lat="41.397709" lon="-81.761086"><ele>204</ele><time>2026-09-05T15:11:37Z</time></trkpt>
      <trkpt lat="41.397704" lon="-81.761097"><ele>204</ele><time>2026-09-05T15:11:38Z</time></trkpt>
      <trkpt lat="41.397698" lon="-81.76111"><ele>203.8</ele><time>2026-09-05T15:11:39Z</time></trkpt>
      <trkpt lat="41.397692" lon="-81.761122"><ele>203.7</ele><time>2026-09-05T15:11:40Z</time></trkpt>
      <trkpt lat="41.397686" lon="-81.761132"><ele>203.3</ele><time>2026-09-05T15:11:41Z</time></trkpt>
      <trkpt lat="41.397678" lon="-81.761143"><ele>203.1</ele><time>2026-09-05T15:11:42Z</time></trkpt>
      <trkpt lat="41.39767" lon="-81.761155"><ele>202.5</ele><time>2026-09-05T15:11:43Z</time></trkpt>
      <trkpt lat="41.397662" lon="-81.761168"><ele>202.3</ele><time>2026-09-05T15:11:44Z</time></trkpt>
      <trkpt lat="41.397651" lon="-81.761182"><ele>203.2</ele><time>2026-09-05T15:11:45Z</time></trkpt>
      <trkpt lat="41.397642" lon="-81.761193"><ele>203.2</ele><time>2026-09-05T15:11:46Z</time></trkpt>
      <trkpt lat="41.39763" lon="-81.761206"><ele>202.799</ele><time>2026-09-05T15:11:47Z</time></trkpt>
      <trkpt lat="41.397616" lon="-81.76122"><ele>202.999</ele><time>2026-09-05T15:11:48Z</time></trkpt>
      <trkpt lat="41.397604" lon="-81.761233"><ele>202.599</ele><time>2026-09-05T15:11:49Z</time></trkpt>
      <trkpt lat="41.397592" lon="-81.761246"><ele>202.999</ele><time>2026-09-05T15:11:50Z</time></trkpt>
      <trkpt lat="41.397582" lon="-81.761258"><ele>207.099</ele><time>2026-09-05T15:11:51Z</time></trkpt>
      <trkpt lat="41.397571" lon="-81.761271"><ele>203.099</ele><time>2026-09-05T15:11:52Z</time></trkpt>
      <trkpt lat="41.397561" lon="-81.761284"><ele>203</ele><time>2026-09-05T15:11:53Z</time></trkpt>
      <trkpt lat="41.397551" lon="-81.761297"><ele>202.4</ele><time>2026-09-05T15:11:54Z</time></trkpt>
      <trkpt lat="41.397542" lon="-81.761308"><ele>202.4</ele><time>2026-09-05T15:11:55Z</time></trkpt>
      <trkpt lat="41.397532" lon="-81.761322"><ele>202.3</ele><time>2026-09-05T15:11:56Z</time></trkpt>
      <trkpt lat="41.397521" lon="-81.761337"><ele>203.5</ele><time>2026-09-05T15:11:57Z</time></trkpt>
      <trkpt lat="41.39751" lon="-81.761353"><ele>203.4</ele><time>2026-09-05T15:11:58Z</time></trkpt>
      <trkpt lat="41.397502" lon="-81.761367"><ele>203.4</ele><time>2026-09-05T15:11:59Z</time></trkpt>
      <trkpt lat="41.397491" lon="-81.761383"><ele>204.1</ele><time>2026-09-05T15:12:00Z</time></trkpt>
      <trkpt lat="41.397482" lon="-81.761397"><ele>204.1</ele><time>2026-09-05T15:12:01Z</time></trkpt>
      <trkpt lat="41.397472" lon="-81.76141"><ele>204.6</ele><time>2026-09-05T15:12:02Z</time></trkpt>
      <trkpt lat="41.397465" lon="-81.761422"><ele>204.6</ele><time>2026-09-05T15:12:03Z</time></trkpt>
      <trkpt lat="41.397459" lon="-81.761435"><ele>204.8</ele><time>2026-09-05T15:12:04Z</time></trkpt>
      <trkpt lat="41.397455" lon="-81.761445"><ele>204.8</ele><time>2026-09-05T15:12:05Z</time></trkpt>
      <trkpt lat="41.397448" lon="-81.761459"><ele>204</ele><time>2026-09-05T15:12:06Z</time></trkpt>
      <trkpt lat="41.397441" lon="-81.761473"><ele>203.8</ele><time>2026-09-05T15:12:07Z</time></trkpt>
      <trkpt lat="41.397434" lon="-81.761488"><ele>204.3</ele><time>2026-09-05T15:12:08Z</time></trkpt>
      <trkpt lat="41.397427" lon="-81.761504"><ele>203.6</ele><time>2026-09-05T15:12:09Z</time></trkpt>
      <trkpt lat="41.397421" lon="-81.761521"><ele>203.7</ele><time>2026-09-05T15:12:10Z</time></trkpt>
      <trkpt lat="41.397416" lon="-81.761539"><ele>203.6</ele><time>2026-09-05T15:12:11Z</time></trkpt>
      <trkpt lat="41.397411" lon="-81.761559"><ele>203.6</ele><time>2026-09-05T15:12:12Z</time></trkpt>
      <trkpt lat="41.397406" lon="-81.761579"><ele>203.6</ele><time>2026-09-05T15:12:13Z</time></trkpt>
      <trkpt lat="41.3974" lon="-81.761599"><ele>203.799</ele><time>2026-09-05T15:12:14Z</time></trkpt>
      <trkpt lat="41.397393" lon="-81.761619"><ele>203.299</ele><time>2026-09-05T15:12:15Z</time></trkpt>
      <trkpt lat="41.397385" lon="-81.761637"><ele>202.799</ele><time>2026-09-05T15:12:16Z</time></trkpt>
      <trkpt lat="41.397376" lon="-81.761653"><ele>203.399</ele><time>2026-09-05T15:12:17Z</time></trkpt>
      <trkpt lat="41.397368" lon="-81.761668"><ele>203.099</ele><time>2026-09-05T15:12:18Z</time></trkpt>
      <trkpt lat="41.397362" lon="-81.761682"><ele>202.799</ele><time>2026-09-05T15:12:19Z</time></trkpt>
      <trkpt lat="41.397355" lon="-81.761696"><ele>203.9</ele><time>2026-09-05T15:12:20Z</time></trkpt>
      <trkpt lat="41.397347" lon="-81.761711"><ele>202.6</ele><time>2026-09-05T15:12:21Z</time></trkpt>
      <trkpt lat="41.397342" lon="-81.76172"><ele>202.6</ele><time>2026-09-05T15:12:22Z</time></trkpt>
      <trkpt lat="41.397334" lon="-81.761735"><ele>202.6</ele><time>2026-09-05T15:12:23Z</time></trkpt>
      <trkpt lat="41.397325" lon="-81.761751"><ele>202.7</ele><time>2026-09-05T15:12:24Z</time></trkpt>
      <trkpt lat="41.397316" lon="-81.761769"><ele>203.3</ele><time>2026-09-05T15:12:25Z</time></trkpt>
      <trkpt lat="41.39731" lon="-81.761783"><ele>203.3</ele><time>2026-09-05T15:12:26Z</time></trkpt>
      <trkpt lat="41.397303" lon="-81.7618"><ele>203.1</ele><time>2026-09-05T15:12:27Z</time></trkpt>
      <trkpt lat="41.397298" lon="-81.761814"><ele>203.1</ele><time>2026-09-05T15:12:28Z</time></trkpt>
      <trkpt lat="41.397295" lon="-81.76183"><ele>202.6</ele><time>2026-09-05T15:12:29Z</time></trkpt>
      <trkpt lat="41.39729" lon="-81.761843"><ele>202.6</ele><time>2026-09-05T15:12:30Z</time></trkpt>
      <trkpt lat="41.397287" lon="-81.761855"><ele>204.8</ele><time>2026-09-05T15:12:31Z</time></trkpt>
      <trkpt lat="41.397285" lon="-81.761864"><ele>204.8</ele><time>2026-09-05T15:12:32Z</time></trkpt>
      <trkpt lat="41.397283" lon="-81.761875"><ele>204.6</ele><time>2026-09-05T15:12:33Z</time></trkpt>
      <trkpt lat="41.397282" lon="-81.761888"><ele>204.1</ele><time>2026-09-05T15:12:34Z</time></trkpt>
      <trkpt lat="41.39728" lon="-81.761903"><ele>203.7</ele><time>2026-09-05T15:12:35Z</time></trkpt>
      <trkpt lat="41.39728" lon="-81.761919"><ele>204.3</ele><time>2026-09-05T15:12:36Z</time></trkpt>
      <trkpt lat="41.397278" lon="-81.761934"><ele>204.2</ele><time>2026-09-05T15:12:37Z</time></trkpt>
      <trkpt lat="41.397277" lon="-81.761948"><ele>203.799</ele><time>2026-09-05T15:12:38Z</time></trkpt>
      <trkpt lat="41.397274" lon="-81.761962"><ele>203.6</ele><time>2026-09-05T15:12:39Z</time></trkpt>
      <trkpt lat="41.39727" lon="-81.761975"><ele>203.2</ele><time>2026-09-05T15:12:40Z</time></trkpt>
      <trkpt lat="41.397265" lon="-81.761989"><ele>203.5</ele><time>2026-09-05T15:12:41Z</time></trkpt>
      <trkpt lat="41.397258" lon="-81.762002"><ele>203.4</ele><time>2026-09-05T15:12:42Z</time></trkpt>
      <trkpt lat="41.397251" lon="-81.762014"><ele>203.2</ele><time>2026-09-05T15:12:43Z</time></trkpt>
      <trkpt lat="41.397242" lon="-81.762027"><ele>203.1</ele><time>2026-09-05T15:12:44Z</time></trkpt>
      <trkpt lat="41.397234" lon="-81.762041"><ele>202.8</ele><time>2026-09-05T15:12:45Z</time></trkpt>
      <trkpt lat="41.397226" lon="-81.762055"><ele>202.7</ele><time>2026-09-05T15:12:46Z</time></trkpt>
      <trkpt lat="41.397216" lon="-81.762071"><ele>202.4</ele><time>2026-09-05T15:12:47Z</time></trkpt>
      <trkpt lat="41.397204" lon="-81.762085"><ele>202.8</ele><time>2026-09-05T15:12:48Z</time></trkpt>
      <trkpt lat="41.397193" lon="-81.7621"><ele>203</ele><time>2026-09-05T15:12:49Z</time></trkpt>
      <trkpt lat="41.397184" lon="-81.762114"><ele>203</ele><time>2026-09-05T15:12:50Z</time></trkpt>
      <trkpt lat="41.397169" lon="-81.762132"><ele>202.3</ele><time>2026-09-05T15:12:51Z</time></trkpt>
      <trkpt lat="41.39716" lon="-81.762145"><ele>202.3</ele><time>2026-09-05T15:12:52Z</time></trkpt>
      <trkpt lat="41.397147" lon="-81.762159"><ele>203.6</ele><time>2026-09-05T15:12:53Z</time></trkpt>
      <trkpt lat="41.397137" lon="-81.762171"><ele>203.6</ele><time>2026-09-05T15:12:54Z</time></trkpt>
      <trkpt lat="41.397127" lon="-81.762183"><ele>203.7</ele><time>2026-09-05T15:12:55Z</time></trkpt>
      <trkpt lat="41.397116" lon="-81.762193"><ele>203.7</ele><time>2026-09-05T15:12:56Z</time></trkpt>
      <trkpt lat="41.397102" lon="-81.762204"><ele>204.2</ele><time>2026-09-05T15:12:57Z</time></trkpt>
      <trkpt lat="41.397091" lon="-81.762213"><ele>204.2</ele><time>2026-09-05T15:12:58Z</time></trkpt>
      <trkpt lat="41.397077" lon="-81.762225"><ele>204.7</ele><time>2026-09-05T15:12:59Z</time></trkpt>
      <trkpt lat="41.397062" lon="-81.762238"><ele>204.799</ele><time>2026-09-05T15:13:00Z</time></trkpt>
      <trkpt lat="41.397049" lon="-81.762251"><ele>204.799</ele><time>2026-09-05T15:13:01Z</time></trkpt>
      <trkpt lat="41.397037" lon="-81.762267"><ele>204.7</ele><time>2026-09-05T15:13:02Z</time></trkpt>
      <trkpt lat="41.397027" lon="-81.762282"><ele>204.299</ele><time>2026-09-05T15:13:03Z</time></trkpt>
      <trkpt lat="41.397019" lon="-81.762298"><ele>203.6</ele><time>2026-09-05T15:13:04Z</time></trkpt>
      <trkpt lat="41.397013" lon="-81.762314"><ele>203.5</ele><time>2026-09-05T15:13:05Z</time></trkpt>
      <trkpt lat="41.397007" lon="-81.762332"><ele>204.2</ele><time>2026-09-05T15:13:06Z</time></trkpt>
      <trkpt lat="41.397002" lon="-81.76235"><ele>203.399</ele><time>2026-09-05T15:13:07Z</time></trkpt>
      <trkpt lat="41.396996" lon="-81.762369"><ele>203.499</ele><time>2026-09-05T15:13:08Z</time></trkpt>
      <trkpt lat="41.396993" lon="-81.762388"><ele>203.199</ele><time>2026-09-05T15:13:09Z</time></trkpt>
      <trkpt lat="41.396993" lon="-81.762404"><ele>203.299</ele><time>2026-09-05T15:13:10Z</time></trkpt>
      <trkpt lat="41.396993" lon="-81.762419"><ele>203.499</ele><time>2026-09-05T15:13:11Z</time></trkpt>
      <trkpt lat="41.396992" lon="-81.762431"><ele>203.5</ele><time>2026-09-05T15:13:12Z</time></trkpt>
      <trkpt lat="41.39699" lon="-81.762446"><ele>203.5</ele><time>2026-09-05T15:13:13Z</time></trkpt>
      <trkpt lat="41.396988" lon="-81.762463"><ele>202.6</ele><time>2026-09-05T15:13:14Z</time></trkpt>
      <trkpt lat="41.396987" lon="-81.762477"><ele>203.3</ele><time>2026-09-05T15:13:15Z</time></trkpt>
      <trkpt lat="41.396986" lon="-81.762493"><ele>202.4</ele><time>2026-09-05T15:13:16Z</time></trkpt>
      <trkpt lat="41.396986" lon="-81.762509"><ele>204.1</ele><time>2026-09-05T15:13:17Z</time></trkpt>
      <trkpt lat="41.396987" lon="-81.762525"><ele>204.1</ele><time>2026-09-05T15:13:18Z</time></trkpt>
      <trkpt lat="41.396987" lon="-81.762539"><ele>203.1</ele><time>2026-09-05T15:13:19Z</time></trkpt>
      <trkpt lat="41.396986" lon="-81.762551"><ele>203.1</ele><time>2026-09-05T15:13:20Z</time></trkpt>
      <trkpt lat="41.396985" lon="-81.762566"><ele>203</ele><time>2026-09-05T15:13:21Z</time></trkpt>
      <trkpt lat="41.396982" lon="-81.762583"><ele>203.6</ele><time>2026-09-05T15:13:22Z</time></trkpt>
      <trkpt lat="41.39698" lon="-81.762593"><ele>203.1</ele><time>2026-09-05T15:13:23Z</time></trkpt>
      <trkpt lat="41.396975" lon="-81.762604"><ele>203.299</ele><time>2026-09-05T15:13:24Z</time></trkpt>
      <trkpt lat="41.396969" lon="-81.762617"><ele>203.6</ele><time>2026-09-05T15:13:25Z</time></trkpt>
      <trkpt lat="41.39696" lon="-81.762631"><ele>203.6</ele><time>2026-09-05T15:13:26Z</time></trkpt>
      <trkpt lat="41.39695" lon="-81.762645"><ele>204.7</ele><time>2026-09-05T15:13:27Z</time></trkpt>
      <trkpt lat="41.39694" lon="-81.762658"><ele>204.799</ele><time>2026-09-05T15:13:28Z</time></trkpt>
      <trkpt lat="41.396931" lon="-81.762672"><ele>203.6</ele><time>2026-09-05T15:13:29Z</time></trkpt>
      <trkpt lat="41.396922" lon="-81.762686"><ele>204.1</ele><time>2026-09-05T15:13:30Z</time></trkpt>
      <trkpt lat="41.396917" lon="-81.762695"><ele>202.7</ele><time>2026-09-05T15:13:31Z</time></trkpt>
      <trkpt lat="41.396913" lon="-81.762705"><ele>202.7</ele><time>2026-09-05T15:13:32Z</time></trkpt>
      <trkpt lat="41.396909" lon="-81.762717"><ele>202.7</ele><time>2026-09-05T15:13:33Z</time></trkpt>
      <trkpt lat="41.396903" lon="-81.762731"><ele>202.6</ele><time>2026-09-05T15:13:34Z</time></trkpt>
      <trkpt lat="41.396896" lon="-81.762746"><ele>203.1</ele><time>2026-09-05T15:13:35Z</time></trkpt>
      <trkpt lat="41.396889" lon="-81.762759"><ele>203.1</ele><time>2026-09-05T15:13:36Z</time></trkpt>
      <trkpt lat="41.396881" lon="-81.762773"><ele>202.5</ele><time>2026-09-05T15:13:37Z</time></trkpt>
      <trkpt lat="41.396875" lon="-81.762786"><ele>202.9</ele><time>2026-09-05T15:13:38Z</time></trkpt>
      <trkpt lat="41.39687" lon="-81.762798"><ele>203</ele><time>2026-09-05T15:13:39Z</time></trkpt>
      <trkpt lat="41.396865" lon="-81.762811"><ele>202.9</ele><time>2026-09-05T15:13:40Z</time></trkpt>
      <trkpt lat="41.396862" lon="-81.762825"><ele>202.5</ele><time>2026-09-05T15:13:41Z</time></trkpt>
      <trkpt lat="41.396859" lon="-81.762841"><ele>202.9</ele><time>2026-09-05T15:13:42Z</time></trkpt>
      <trkpt lat="41.396859" lon="-81.762857"><ele>203.1</ele><time>2026-09-05T15:13:43Z</time></trkpt>
      <trkpt lat="41.396858" lon="-81.762873"><ele>202.899</ele><time>2026-09-05T15:13:44Z</time></trkpt>
      <trkpt lat="41.396858" lon="-81.762887"><ele>202.899</ele><time>2026-09-05T15:13:45Z</time></trkpt>
      <trkpt lat="41.396859" lon="-81.7629"><ele>202.399</ele><time>2026-09-05T15:13:46Z</time></trkpt>
      <trkpt lat="41.396861" lon="-81.762917"><ele>202.299</ele><time>2026-09-05T15:13:47Z</time></trkpt>
      <trkpt lat="41.396864" lon="-81.762936"><ele>202.1</ele><time>2026-09-05T15:13:48Z</time></trkpt>
      <trkpt lat="41.396869" lon="-81.762953"><ele>202</ele><time>2026-09-05T15:13:49Z</time></trkpt>
      <trkpt lat="41.396873" lon="-81.762968"><ele>202</ele><time>2026-09-05T15:13:50Z</time></trkpt>
      <trkpt lat="41.396875" lon="-81.762985"><ele>201.6</ele><time>2026-09-05T15:13:51Z</time></trkpt>
      <trkpt lat="41.396874" lon="-81.762999"><ele>201.1</ele><time>2026-09-05T15:13:52Z</time></trkpt>
      <trkpt lat="41.396871" lon="-81.763013"><ele>201.7</ele><time>2026-09-05T15:13:53Z</time></trkpt>
      <trkpt lat="41.396869" lon="-81.763026"><ele>201.399</ele><time>2026-09-05T15:13:54Z</time></trkpt>
      <trkpt lat="41.396866" lon="-81.763042"><ele>202</ele><time>2026-09-05T15:13:55Z</time></trkpt>
      <trkpt lat="41.396863" lon="-81.763059"><ele>204.1</ele><time>2026-09-05T15:13:56Z</time></trkpt>
      <trkpt lat="41.39686" lon="-81.763073"><ele>204.1</ele><time>2026-09-05T15:13:57Z</time></trkpt>
      <trkpt lat="41.396853" lon="-81.76309"><ele>203.5</ele><time>2026-09-05T15:13:58Z</time></trkpt>
      <trkpt lat="41.396846" lon="-81.763105"><ele>203.5</ele><time>2026-09-05T15:13:59Z</time></trkpt>
      <trkpt lat="41.396837" lon="-81.763117"><ele>203.4</ele><time>2026-09-05T15:14:00Z</time></trkpt>
      <trkpt lat="41.396827" lon="-81.763125"><ele>204</ele><time>2026-09-05T15:14:01Z</time></trkpt>
      <trkpt lat="41.396818" lon="-81.763133"><ele>204</ele><time>2026-09-05T15:14:02Z</time></trkpt>
      <trkpt lat="41.396806" lon="-81.763143"><ele>204</ele><time>2026-09-05T15:14:03Z</time></trkpt>
      <trkpt lat="41.396792" lon="-81.763153"><ele>204.8</ele><time>2026-09-05T15:14:04Z</time></trkpt>
      <trkpt lat="41.39678" lon="-81.763161"><ele>204.8</ele><time>2026-09-05T15:14:05Z</time></trkpt>
      <trkpt lat="41.396767" lon="-81.763168"><ele>205.7</ele><time>2026-09-05T15:14:06Z</time></trkpt>
      <trkpt lat="41.396755" lon="-81.763174"><ele>205.7</ele><time>2026-09-05T15:14:07Z</time></trkpt>
      <trkpt lat="41.396742" lon="-81.76318"><ele>205.1</ele><time>2026-09-05T15:14:08Z</time></trkpt>
      <trkpt lat="41.396732" lon="-81.763187"><ele>205.1</ele><time>2026-09-05T15:14:09Z</time></trkpt>
      <trkpt lat="41.39672" lon="-81.7632"><ele>205</ele><time>2026-09-05T15:14:10Z</time></trkpt>
      <trkpt lat="41.396709" lon="-81.763211"><ele>206</ele><time>2026-09-05T15:14:11Z</time></trkpt>
      <trkpt lat="41.396699" lon="-81.763219"><ele>206</ele><time>2026-09-05T15:14:12Z</time></trkpt>
      <trkpt lat="41.396687" lon="-81.763226"><ele>206.6</ele><time>2026-09-05T15:14:13Z</time></trkpt>
      <trkpt lat="41.396673" lon="-81.763233"><ele>219.6</ele><time>2026-09-05T15:14:14Z</time></trkpt>
      <trkpt lat="41.396659" lon="-81.763238"><ele>205.5</ele><time>2026-09-05T15:14:15Z</time></trkpt>
      <trkpt lat="41.396647" lon="-81.763243"><ele>205.5</ele><time>2026-09-05T15:14:16Z</time></trkpt>
      <trkpt lat="41.396633" lon="-81.763246"><ele>219.5</ele><time>2026-09-05T15:14:17Z</time></trkpt>
      <trkpt lat="41.39662" lon="-81.76325"><ele>205</ele><time>2026-09-05T15:14:18Z</time></trkpt>
      <trkpt lat="41.396606" lon="-81.763254"><ele>206</ele><time>2026-09-05T15:14:19Z</time></trkpt>
      <trkpt lat="41.396593" lon="-81.763258"><ele>205</ele><time>2026-09-05T15:14:20Z</time></trkpt>
      <trkpt lat="41.39658" lon="-81.763262"><ele>205</ele><time>2026-09-05T15:14:21Z</time></trkpt>
      <trkpt lat="41.396568" lon="-81.763266"><ele>204.8</ele><time>2026-09-05T15:14:22Z</time></trkpt>
      <trkpt lat="41.396556" lon="-81.763271"><ele>205.6</ele><time>2026-09-05T15:14:23Z</time></trkpt>
      <trkpt lat="41.396546" lon="-81.763275"><ele>218.999</ele><time>2026-09-05T15:14:24Z</time></trkpt>
      <trkpt lat="41.396537" lon="-81.763278"><ele>204.999</ele><time>2026-09-05T15:14:25Z</time></trkpt>
      <trkpt lat="41.396532" lon="-81.76328"><ele>204.299</ele><time>2026-09-05T15:14:26Z</time></trkpt>
      <trkpt lat="41.396527" lon="-81.763282"><ele>203.999</ele><time>2026-09-05T15:14:27Z</time></trkpt>
      <trkpt lat="41.396525" lon="-81.763284"><ele>203.8</ele><time>2026-09-05T15:14:28Z</time></trkpt>
      <trkpt lat="41.396521" lon="-81.763286"><ele>203.4</ele><time>2026-09-05T15:14:29Z</time></trkpt>
      <trkpt lat="41.396515" lon="-81.763288"><ele>203.4</ele><time>2026-09-05T15:14:30Z</time></trkpt>
      <trkpt lat="41.396506" lon="-81.763291"><ele>203.6</ele><time>2026-09-05T15:14:31Z</time></trkpt>
      <trkpt lat="41.396496" lon="-81.763292"><ele>203.299</ele><time>2026-09-05T15:14:32Z</time></trkpt>
      <trkpt lat="41.396483" lon="-81.763293"><ele>205.1</ele><time>2026-09-05T15:14:33Z</time></trkpt>
      <trkpt lat="41.396471" lon="-81.763296"><ele>205.1</ele><time>2026-09-05T15:14:34Z</time></trkpt>
      <trkpt lat="41.396459" lon="-81.7633"><ele>203.2</ele><time>2026-09-05T15:14:35Z</time></trkpt>
      <trkpt lat="41.396449" lon="-81.763304"><ele>203.2</ele><time>2026-09-05T15:14:36Z</time></trkpt>
      <trkpt lat="41.396438" lon="-81.763308"><ele>203.1</ele><time>2026-09-05T15:14:37Z</time></trkpt>
      <trkpt lat="41.396425" lon="-81.763313"><ele>203.299</ele><time>2026-09-05T15:14:38Z</time></trkpt>
      <trkpt lat="41.396412" lon="-81.763319"><ele>217.5</ele><time>2026-09-05T15:14:39Z</time></trkpt>
      <trkpt lat="41.396399" lon="-81.763325"><ele>217.2</ele><time>2026-09-05T15:14:40Z</time></trkpt>
      <trkpt lat="41.396386" lon="-81.763329"><ele>217.299</ele><time>2026-09-05T15:14:41Z</time></trkpt>
      <trkpt lat="41.396372" lon="-81.76333"><ele>218.1</ele><time>2026-09-05T15:14:42Z</time></trkpt>
      <trkpt lat="41.396359" lon="-81.763326"><ele>217.799</ele><time>2026-09-05T15:14:43Z</time></trkpt>
      <trkpt lat="41.396348" lon="-81.763317"><ele>218.299</ele><time>2026-09-05T15:14:44Z</time></trkpt>
      <trkpt lat="41.396341" lon="-81.763305"><ele>204.8</ele><time>2026-09-05T15:14:45Z</time></trkpt>
      <trkpt lat="41.396335" lon="-81.76329"><ele>218.7</ele><time>2026-09-05T15:14:46Z</time></trkpt>
      <trkpt lat="41.396333" lon="-81.763277"><ele>204.9</ele><time>2026-09-05T15:14:47Z</time></trkpt>
      <trkpt lat="41.396332" lon="-81.763265"><ele>204.3</ele><time>2026-09-05T15:14:48Z</time></trkpt>
      <trkpt lat="41.396331" lon="-81.763254"><ele>204.5</ele><time>2026-09-05T15:14:49Z</time></trkpt>
      <trkpt lat="41.39633" lon="-81.763237"><ele>219</ele><time>2026-09-05T15:14:50Z</time></trkpt>
      <trkpt lat="41.396331" lon="-81.763223"><ele>219</ele><time>2026-09-05T15:14:51Z</time></trkpt>
      <trkpt lat="41.396333" lon="-81.763213"><ele>219</ele><time>2026-09-05T15:14:52Z</time></trkpt>
      <trkpt lat="41.396336" lon="-81.763198"><ele>204.4</ele><time>2026-09-05T15:14:53Z</time></trkpt>
      <trkpt lat="41.396338" lon="-81.763183"><ele>204</ele><time>2026-09-05T15:14:54Z</time></trkpt>
      <trkpt lat="41.396337" lon="-81.763169"><ele>203.9</ele><time>2026-09-05T15:14:55Z</time></trkpt>
      <trkpt lat="41.396334" lon="-81.763157"><ele>203.6</ele><time>2026-09-05T15:14:56Z</time></trkpt>
      <trkpt lat="41.396328" lon="-81.763147"><ele>203.6</ele><time>2026-09-05T15:14:57Z</time></trkpt>
      <trkpt lat="41.396321" lon="-81.763139"><ele>203.8</ele><time>2026-09-05T15:14:58Z</time></trkpt>
      <trkpt lat="41.396314" lon="-81.76313"><ele>203.8</ele><time>2026-09-05T15:14:59Z</time></trkpt>
      <trkpt lat="41.396307" lon="-81.763125"><ele>204.4</ele><time>2026-09-05T15:15:00Z</time></trkpt>
      <trkpt lat="41.3963" lon="-81.763119"><ele>204.4</ele><time>2026-09-05T15:15:01Z</time></trkpt>
      <trkpt lat="41.396294" lon="-81.763114"><ele>205.9</ele><time>2026-09-05T15:15:02Z</time></trkpt>
      <trkpt lat="41.396286" lon="-81.763108"><ele>204.5</ele><time>2026-09-05T15:15:03Z</time></trkpt>
      <trkpt lat="41.396276" lon="-81.763106"><ele>203.8</ele><time>2026-09-05T15:15:04Z</time></trkpt>
      <trkpt lat="41.396266" lon="-81.763103"><ele>203.8</ele><time>2026-09-05T15:15:05Z</time></trkpt>
      <trkpt lat="41.396255" lon="-81.763104"><ele>203.8</ele><time>2026-09-05T15:15:06Z</time></trkpt>
      <trkpt lat="41.396243" lon="-81.763105"><ele>218.1</ele><time>2026-09-05T15:15:07Z</time></trkpt>
      <trkpt lat="41.396231" lon="-81.763107"><ele>218.299</ele><time>2026-09-05T15:15:08Z</time></trkpt>
      <trkpt lat="41.396219" lon="-81.76311"><ele>217.899</ele><time>2026-09-05T15:15:09Z</time></trkpt>
      <trkpt lat="41.396209" lon="-81.763113"><ele>203.9</ele><time>2026-09-05T15:15:10Z</time></trkpt>
      <trkpt lat="41.396202" lon="-81.763114"><ele>203.9</ele><time>2026-09-05T15:15:11Z</time></trkpt>
      <trkpt lat="41.396195" lon="-81.763114"><ele>203</ele><time>2026-09-05T15:15:12Z</time></trkpt>
      <trkpt lat="41.396188" lon="-81.763115"><ele>216.399</ele><time>2026-09-05T15:15:13Z</time></trkpt>
      <trkpt lat="41.396183" lon="-81.763116"><ele>216.3</ele><time>2026-09-05T15:15:14Z</time></trkpt>
      <trkpt lat="41.39618" lon="-81.763117"><ele>216.3</ele><time>2026-09-05T15:15:15Z</time></trkpt>
      <trkpt lat="41.396178" lon="-81.763118"><ele>203.4</ele><time>2026-09-05T15:15:16Z</time></trkpt>
      <trkpt lat="41.396176" lon="-81.76312"><ele>202.2</ele><time>2026-09-05T15:15:17Z</time></trkpt>
      <trkpt lat="41.396173" lon="-81.763121"><ele>203.4</ele><time>2026-09-05T15:15:18Z</time></trkpt>
      <trkpt lat="41.39617" lon="-81.763121"><ele>216.6</ele><time>2026-09-05T15:15:19Z</time></trkpt>
      <trkpt lat="41.396167" lon="-81.763119"><ele>202.8</ele><time>2026-09-05T15:15:20Z</time></trkpt>
      <trkpt lat="41.396166" lon="-81.763115"><ele>202.8</ele><time>2026-09-05T15:15:21Z</time></trkpt>
      <trkpt lat="41.396169" lon="-81.763109"><ele>201.4</ele><time>2026-09-05T15:15:22Z</time></trkpt>
      <trkpt lat="41.396167" lon="-81.763102"><ele>201.4</ele><time>2026-09-05T15:15:23Z</time></trkpt>
      <trkpt lat="41.396159" lon="-81.763096"><ele>201.6</ele><time>2026-09-05T15:15:24Z</time></trkpt>
      <trkpt lat="41.396148" lon="-81.76309"><ele>202.1</ele><time>2026-09-05T15:15:25Z</time></trkpt>
      <trkpt lat="41.396136" lon="-81.763083"><ele>202.9</ele><time>2026-09-05T15:15:26Z</time></trkpt>
      <trkpt lat="41.396128" lon="-81.763077"><ele>202.8</ele><time>2026-09-05T15:15:27Z</time></trkpt>
      <trkpt lat="41.396118" lon="-81.763071"><ele>203.3</ele><time>2026-09-05T15:15:28Z</time></trkpt>
      <trkpt lat="41.396111" lon="-81.763065"><ele>203.6</ele><time>2026-09-05T15:15:29Z</time></trkpt>
      <trkpt lat="41.396102" lon="-81.763058"><ele>204.1</ele><time>2026-09-05T15:15:30Z</time></trkpt>
      <trkpt lat="41.396092" lon="-81.763051"><ele>203.5</ele><time>2026-09-05T15:15:31Z</time></trkpt>
      <trkpt lat="41.396081" lon="-81.763042"><ele>203.6</ele><time>2026-09-05T15:15:32Z</time></trkpt>
      <trkpt lat="41.396072" lon="-81.763035"><ele>203.6</ele><time>2026-09-05T15:15:33Z</time></trkpt>
      <trkpt lat="41.396061" lon="-81.763028"><ele>203.299</ele><time>2026-09-05T15:15:34Z</time></trkpt>
      <trkpt lat="41.39605" lon="-81.763022"><ele>202.999</ele><time>2026-09-05T15:15:35Z</time></trkpt>
      <trkpt lat="41.396038" lon="-81.763016"><ele>216.999</ele><time>2026-09-05T15:15:36Z</time></trkpt>
      <trkpt lat="41.396024" lon="-81.763011"><ele>216.599</ele><time>2026-09-05T15:15:37Z</time></trkpt>
      <trkpt lat="41.396012" lon="-81.763005"><ele>202.6</ele><time>2026-09-05T15:15:38Z</time></trkpt>
      <trkpt lat="41.396001" lon="-81.763"><ele>202.299</ele><time>2026-09-05T15:15:39Z</time></trkpt>
      <trkpt lat="41.395991" lon="-81.762993"><ele>216.299</ele><time>2026-09-05T15:15:40Z</time></trkpt>
      <trkpt lat="41.395979" lon="-81.762985"><ele>203.299</ele><time>2026-09-05T15:15:41Z</time></trkpt>
      <trkpt lat="41.395966" lon="-81.762974"><ele>202.1</ele><time>2026-09-05T15:15:42Z</time></trkpt>
      <trkpt lat="41.395956" lon="-81.762961"><ele>216.6</ele><time>2026-09-05T15:15:43Z</time></trkpt>
      <trkpt lat="41.395944" lon="-81.762947"><ele>203.1</ele><time>2026-09-05T15:15:44Z</time></trkpt>
      <trkpt lat="41.395932" lon="-81.762933"><ele>202.299</ele><time>2026-09-05T15:15:45Z</time></trkpt>
      <trkpt lat="41.395919" lon="-81.762917"><ele>216.999</ele><time>2026-09-05T15:15:46Z</time></trkpt>
      <trkpt lat="41.395908" lon="-81.762901"><ele>217.299</ele><time>2026-09-05T15:15:47Z</time></trkpt>
      <trkpt lat="41.395898" lon="-81.762889"><ele>217.3</ele><time>2026-09-05T15:15:48Z</time></trkpt>
      <trkpt lat="41.395886" lon="-81.762874"><ele>202.3</ele><time>2026-09-05T15:15:49Z</time></trkpt>
      <trkpt lat="41.395873" lon="-81.762858"><ele>202.3</ele><time>2026-09-05T15:15:50Z</time></trkpt>
      <trkpt lat="41.395863" lon="-81.762846"><ele>202.3</ele><time>2026-09-05T15:15:51Z</time></trkpt>
      <trkpt lat="41.395848" lon="-81.762829"><ele>202</ele><time>2026-09-05T15:15:52Z</time></trkpt>
      <trkpt lat="41.395839" lon="-81.762819"><ele>202</ele><time>2026-09-05T15:15:53Z</time></trkpt>
      <trkpt lat="41.395829" lon="-81.762811"><ele>202</ele><time>2026-09-05T15:15:54Z</time></trkpt>
      <trkpt lat="41.395819" lon="-81.762803"><ele>202.1</ele><time>2026-09-05T15:15:55Z</time></trkpt>
      <trkpt lat="41.395808" lon="-81.762795"><ele>202.6</ele><time>2026-09-05T15:15:56Z</time></trkpt>
      <trkpt lat="41.395798" lon="-81.762788"><ele>202.6</ele><time>2026-09-05T15:15:57Z</time></trkpt>
      <trkpt lat="41.395789" lon="-81.762784"><ele>204.8</ele><time>2026-09-05T15:15:58Z</time></trkpt>
      <trkpt lat="41.395781" lon="-81.762781"><ele>204.4</ele><time>2026-09-05T15:15:59Z</time></trkpt>
      <trkpt lat="41.395771" lon="-81.762776"><ele>204.3</ele><time>2026-09-05T15:16:00Z</time></trkpt>
      <trkpt lat="41.395761" lon="-81.762773"><ele>204.9</ele><time>2026-09-05T15:16:01Z</time></trkpt>
      <trkpt lat="41.395749" lon="-81.762769"><ele>204.6</ele><time>2026-09-05T15:16:02Z</time></trkpt>
      <trkpt lat="41.395737" lon="-81.762765"><ele>219.8</ele><time>2026-09-05T15:16:03Z</time></trkpt>
      <trkpt lat="41.395726" lon="-81.76276"><ele>219.8</ele><time>2026-09-05T15:16:04Z</time></trkpt>
      <trkpt lat="41.395715" lon="-81.762754"><ele>219.8</ele><time>2026-09-05T15:16:05Z</time></trkpt>
      <trkpt lat="41.395703" lon="-81.762748"><ele>219.3</ele><time>2026-09-05T15:16:06Z</time></trkpt>
      <trkpt lat="41.395689" lon="-81.762743"><ele>205</ele><time>2026-09-05T15:16:07Z</time></trkpt>
      <trkpt lat="41.395675" lon="-81.762738"><ele>204.8</ele><time>2026-09-05T15:16:08Z</time></trkpt>
      <trkpt lat="41.395662" lon="-81.762731"><ele>205.2</ele><time>2026-09-05T15:16:09Z</time></trkpt>
      <trkpt lat="41.395651" lon="-81.762725"><ele>205.299</ele><time>2026-09-05T15:16:10Z</time></trkpt>
      <trkpt lat="41.395641" lon="-81.76272"><ele>205.1</ele><time>2026-09-05T15:16:11Z</time></trkpt>
      <trkpt lat="41.395632" lon="-81.762716"><ele>205.1</ele><time>2026-09-05T15:16:12Z</time></trkpt>
      <trkpt lat="41.395621" lon="-81.762711"><ele>204.4</ele><time>2026-09-05T15:16:13Z</time></trkpt>
      <trkpt lat="41.395607" lon="-81.762706"><ele>218.7</ele><time>2026-09-05T15:16:14Z</time></trkpt>
      <trkpt lat="41.395597" lon="-81.762702"><ele>219</ele><time>2026-09-05T15:16:15Z</time></trkpt>
      <trkpt lat="41.395589" lon="-81.762698"><ele>219</ele><time>2026-09-05T15:16:16Z</time></trkpt>
      <trkpt lat="41.395581" lon="-81.762695"><ele>205</ele><time>2026-09-05T15:16:17Z</time></trkpt>
      <trkpt lat="41.395571" lon="-81.76269"><ele>203.3</ele><time>2026-09-05T15:16:18Z</time></trkpt>
      <trkpt lat="41.395562" lon="-81.762686"><ele>203.3</ele><time>2026-09-05T15:16:19Z</time></trkpt>
      <trkpt lat="41.395552" lon="-81.762681"><ele>204</ele><time>2026-09-05T15:16:20Z</time></trkpt>
      <trkpt lat="41.395541" lon="-81.762674"><ele>204.1</ele><time>2026-09-05T15:16:21Z</time></trkpt>
      <trkpt lat="41.395532" lon="-81.762668"><ele>204</ele><time>2026-09-05T15:16:22Z</time></trkpt>
      <trkpt lat="41.395521" lon="-81.762663"><ele>204.1</ele><time>2026-09-05T15:16:23Z</time></trkpt>
      <trkpt lat="41.39551" lon="-81.76266"><ele>205</ele><time>2026-09-05T15:16:24Z</time></trkpt>
      <trkpt lat="41.395499" lon="-81.762659"><ele>219</ele><time>2026-09-05T15:16:25Z</time></trkpt>
      <trkpt lat="41.395485" lon="-81.762658"><ele>219.4</ele><time>2026-09-05T15:16:26Z</time></trkpt>
      <trkpt lat="41.39547" lon="-81.762656"><ele>205.2</ele><time>2026-09-05T15:16:27Z</time></trkpt>
      <trkpt lat="41.395454" lon="-81.762653"><ele>204.6</ele><time>2026-09-05T15:16:28Z</time></trkpt>
      <trkpt lat="41.39544" lon="-81.76265"><ele>204.2</ele><time>2026-09-05T15:16:29Z</time></trkpt>
      <trkpt lat="41.395429" lon="-81.762646"><ele>204.2</ele><time>2026-09-05T15:16:30Z</time></trkpt>
      <trkpt lat="41.395414" lon="-81.76264"><ele>218.7</ele><time>2026-09-05T15:16:31Z</time></trkpt>
      <trkpt lat="41.395403" lon="-81.762634"><ele>218.7</ele><time>2026-09-05T15:16:32Z</time></trkpt>
      <trkpt lat="41.395391" lon="-81.762627"><ele>219.1</ele><time>2026-09-05T15:16:33Z</time></trkpt>
      <trkpt lat="41.395378" lon="-81.762619"><ele>204.3</ele><time>2026-09-05T15:16:34Z</time></trkpt>
      <trkpt lat="41.395368" lon="-81.762614"><ele>204.3</ele><time>2026-09-05T15:16:35Z</time></trkpt>
      <trkpt lat="41.395357" lon="-81.762609"><ele>204.3</ele><time>2026-09-05T15:16:36Z</time></trkpt>
      <trkpt lat="41.395347" lon="-81.762606"><ele>203.7</ele><time>2026-09-05T15:16:37Z</time></trkpt>
      <trkpt lat="41.395336" lon="-81.762601"><ele>204.6</ele><time>2026-09-05T15:16:38Z</time></trkpt>
      <trkpt lat="41.395325" lon="-81.762594"><ele>204.6</ele><time>2026-09-05T15:16:39Z</time></trkpt>
      <trkpt lat="41.395317" lon="-81.762588"><ele>204.6</ele><time>2026-09-05T15:16:40Z</time></trkpt>
      <trkpt lat="41.395308" lon="-81.762582"><ele>204.9</ele><time>2026-09-05T15:16:41Z</time></trkpt>
      <trkpt lat="41.395298" lon="-81.762572"><ele>205.4</ele><time>2026-09-05T15:16:42Z</time></trkpt>
      <trkpt lat="41.395288" lon="-81.762564"><ele>220</ele><time>2026-09-05T15:16:43Z</time></trkpt>
      <trkpt lat="41.39528" lon="-81.762558"><ele>220.3</ele><time>2026-09-05T15:16:44Z</time></trkpt>
      <trkpt lat="41.395271" lon="-81.762549"><ele>206</ele><time>2026-09-05T15:16:45Z</time></trkpt>
      <trkpt lat="41.395265" lon="-81.762542"><ele>205.6</ele><time>2026-09-05T15:16:46Z</time></trkpt>
      <trkpt lat="41.395259" lon="-81.762536"><ele>205.6</ele><time>2026-09-05T15:16:47Z</time></trkpt>
      <trkpt lat="41.395255" lon="-81.762532"><ele>206</ele><time>2026-09-05T15:16:48Z</time></trkpt>
      <trkpt lat="41.39525" lon="-81.762525"><ele>205.6</ele><time>2026-09-05T15:16:49Z</time></trkpt>
      <trkpt lat="41.395246" lon="-81.76252"><ele>205.9</ele><time>2026-09-05T15:16:50Z</time></trkpt>
      <trkpt lat="41.395242" lon="-81.762515"><ele>206.7</ele><time>2026-09-05T15:16:51Z</time></trkpt>
      <trkpt lat="41.395238" lon="-81.762512"><ele>206.7</ele><time>2026-09-05T15:16:52Z</time></trkpt>
      <trkpt lat="41.395234" lon="-81.762508"><ele>220.6</ele><time>2026-09-05T15:16:53Z</time></trkpt>
      <trkpt lat="41.395227" lon="-81.762502"><ele>220.5</ele><time>2026-09-05T15:16:54Z</time></trkpt>
      <trkpt lat="41.39522" lon="-81.762499"><ele>220.5</ele><time>2026-09-05T15:16:55Z</time></trkpt>
      <trkpt lat="41.395212" lon="-81.762496"><ele>222.7</ele><time>2026-09-05T15:16:56Z</time></trkpt>
      <trkpt lat="41.395203" lon="-81.762491"><ele>220.799</ele><time>2026-09-05T15:16:57Z</time></trkpt>
      <trkpt lat="41.395191" lon="-81.762486"><ele>206.3</ele><time>2026-09-05T15:16:58Z</time></trkpt>
      <trkpt lat="41.395181" lon="-81.762483"><ele>206.3</ele><time>2026-09-05T15:16:59Z</time></trkpt>
      <trkpt lat="41.39517" lon="-81.762479"><ele>222.7</ele><time>2026-09-05T15:17:00Z</time></trkpt>
      <trkpt lat="41.395161" lon="-81.762476"><ele>222.7</ele><time>2026-09-05T15:17:01Z</time></trkpt>
      <trkpt lat="41.395152" lon="-81.762474"><ele>222.7</ele><time>2026-09-05T15:17:02Z</time></trkpt>
      <trkpt lat="41.395143" lon="-81.762474"><ele>207</ele><time>2026-09-05T15:17:03Z</time></trkpt>
      <trkpt lat="41.395134" lon="-81.762473"><ele>207</ele><time>2026-09-05T15:17:04Z</time></trkpt>
      <trkpt lat="41.395124" lon="-81.76247"><ele>206.5</ele><time>2026-09-05T15:17:05Z</time></trkpt>
      <trkpt lat="41.395113" lon="-81.762463"><ele>207</ele><time>2026-09-05T15:17:06Z</time></trkpt>
      <trkpt lat="41.395105" lon="-81.762454"><ele>207.8</ele><time>2026-09-05T15:17:07Z</time></trkpt>
      <trkpt lat="41.395098" lon="-81.762448"><ele>207.8</ele><time>2026-09-05T15:17:08Z</time></trkpt>
      <trkpt lat="41.395092" lon="-81.76244"><ele>222.7</ele><time>2026-09-05T15:17:09Z</time></trkpt>
      <trkpt lat="41.395086" lon="-81.762435"><ele>222.7</ele><time>2026-09-05T15:17:10Z</time></trkpt>
      <trkpt lat="41.395079" lon="-81.762429"><ele>208</ele><time>2026-09-05T15:17:11Z</time></trkpt>
      <trkpt lat="41.395071" lon="-81.762423"><ele>222.7</ele><time>2026-09-05T15:17:12Z</time></trkpt>
      <trkpt lat="41.395064" lon="-81.762417"><ele>222.7</ele><time>2026-09-05T15:17:13Z</time></trkpt>
      <trkpt lat="41.395055" lon="-81.76241"><ele>208.2</ele><time>2026-09-05T15:17:14Z</time></trkpt>
      <trkpt lat="41.395047" lon="-81.762404"><ele>208.2</ele><time>2026-09-05T15:17:15Z</time></trkpt>
      <trkpt lat="41.395039" lon="-81.762396"><ele>207.799</ele><time>2026-09-05T15:17:16Z</time></trkpt>
      <trkpt lat="41.395031" lon="-81.762387"><ele>208.299</ele><time>2026-09-05T15:17:17Z</time></trkpt>
      <trkpt lat="41.395021" lon="-81.762375"><ele>208.1</ele><time>2026-09-05T15:17:18Z</time></trkpt>
      <trkpt lat="41.395014" lon="-81.762363"><ele>209.5</ele><time>2026-09-05T15:17:19Z</time></trkpt>
      <trkpt lat="41.395007" lon="-81.762352"><ele>223</ele><time>2026-09-05T15:17:20Z</time></trkpt>
      <trkpt lat="41.395" lon="-81.762343"><ele>223</ele><time>2026-09-05T15:17:21Z</time></trkpt>
      <trkpt lat="41.394991" lon="-81.762332"><ele>210.1</ele><time>2026-09-05T15:17:22Z</time></trkpt>
      <trkpt lat="41.394982" lon="-81.762325"><ele>210.1</ele><time>2026-09-05T15:17:23Z</time></trkpt>
      <trkpt lat="41.394972" lon="-81.762317"><ele>223</ele><time>2026-09-05T15:17:24Z</time></trkpt>
      <trkpt lat="41.394961" lon="-81.762311"><ele>223</ele><time>2026-09-05T15:17:25Z</time></trkpt>
      <trkpt lat="41.394952" lon="-81.762309"><ele>223</ele><time>2026-09-05T15:17:26Z</time></trkpt>
      <trkpt lat="41.394945" lon="-81.762307"><ele>223</ele><time>2026-09-05T15:17:27Z</time></trkpt>
      <trkpt lat="41.394934" lon="-81.762307"><ele>223</ele><time>2026-09-05T15:17:28Z</time></trkpt>
      <trkpt lat="41.394925" lon="-81.762306"><ele>223</ele><time>2026-09-05T15:17:29Z</time></trkpt>
      <trkpt lat="41.394912" lon="-81.762304"><ele>223</ele><time>2026-09-05T15:17:30Z</time></trkpt>
      <trkpt lat="41.394898" lon="-81.762303"><ele>223</ele><time>2026-09-05T15:17:31Z</time></trkpt>
      <trkpt lat="41.394884" lon="-81.7623"><ele>223</ele><time>2026-09-05T15:17:32Z</time></trkpt>
      <trkpt lat="41.39487" lon="-81.762296"><ele>209.9</ele><time>2026-09-05T15:17:33Z</time></trkpt>
      <trkpt lat="41.39486" lon="-81.762292"><ele>209.9</ele><time>2026-09-05T15:17:34Z</time></trkpt>
      <trkpt lat="41.394847" lon="-81.762285"><ele>209.8</ele><time>2026-09-05T15:17:35Z</time></trkpt>
      <trkpt lat="41.394839" lon="-81.762278"><ele>209.8</ele><time>2026-09-05T15:17:36Z</time></trkpt>
      <trkpt lat="41.39483" lon="-81.762267"><ele>223</ele><time>2026-09-05T15:17:37Z</time></trkpt>
      <trkpt lat="41.394824" lon="-81.762255"><ele>223</ele><time>2026-09-05T15:17:38Z</time></trkpt>
      <trkpt lat="41.39482" lon="-81.762247"><ele>210.5</ele><time>2026-09-05T15:17:39Z</time></trkpt>
      <trkpt lat="41.394817" lon="-81.762238"><ele>210.5</ele><time>2026-09-05T15:17:40Z</time></trkpt>
      <trkpt lat="41.394815" lon="-81.762228"><ele>222.6</ele><time>2026-09-05T15:17:41Z</time></trkpt>
      <trkpt lat="41.394812" lon="-81.76222"><ele>222.6</ele><time>2026-09-05T15:17:42Z</time></trkpt>
      <trkpt lat="41.394809" lon="-81.76221"><ele>222.6</ele><time>2026-09-05T15:17:43Z</time></trkpt>
      <trkpt lat="41.394805" lon="-81.7622"><ele>211.5</ele><time>2026-09-05T15:17:44Z</time></trkpt>
      <trkpt lat="41.394803" lon="-81.762191"><ele>210.7</ele><time>2026-09-05T15:17:45Z</time></trkpt>
      <trkpt lat="41.394802" lon="-81.762187"><ele>210.6</ele><time>2026-09-05T15:17:46Z</time></trkpt>
      <trkpt lat="41.394802" lon="-81.76218"><ele>211.2</ele><time>2026-09-05T15:17:47Z</time></trkpt>
      <trkpt lat="41.394802" lon="-81.762174"><ele>222.6</ele><time>2026-09-05T15:17:48Z</time></trkpt>
      <trkpt lat="41.394803" lon="-81.762165"><ele>222.6</ele><time>2026-09-05T15:17:49Z</time></trkpt>
      <trkpt lat="41.394805" lon="-81.762158"><ele>223</ele><time>2026-09-05T15:17:50Z</time></trkpt>
      <trkpt lat="41.394806" lon="-81.762152"><ele>225.2</ele><time>2026-09-05T15:17:51Z</time></trkpt>
      <trkpt lat="41.394805" lon="-81.762144"><ele>225.5</ele><time>2026-09-05T15:17:52Z</time></trkpt>
      <trkpt lat="41.394804" lon="-81.762136"><ele>225.5</ele><time>2026-09-05T15:17:53Z</time></trkpt>
      <trkpt lat="41.3948" lon="-81.762127"><ele>226.1</ele><time>2026-09-05T15:17:54Z</time></trkpt>
      <trkpt lat="41.394795" lon="-81.762117"><ele>225.799</ele><time>2026-09-05T15:17:55Z</time></trkpt>
      <trkpt lat="41.394789" lon="-81.762108"><ele>226.499</ele><time>2026-09-05T15:17:56Z</time></trkpt>
      <trkpt lat="41.394783" lon="-81.762097"><ele>226.7</ele><time>2026-09-05T15:17:57Z</time></trkpt>
      <trkpt lat="41.394778" lon="-81.762087"><ele>226.7</ele><time>2026-09-05T15:17:58Z</time></trkpt>
      <trkpt lat="41.394772" lon="-81.762076"><ele>226.2</ele><time>2026-09-05T15:17:59Z</time></trkpt>
      <trkpt lat="41.394769" lon="-81.762066"><ele>225.799</ele><time>2026-09-05T15:18:00Z</time></trkpt>
      <trkpt lat="41.394769" lon="-81.762052"><ele>226.1</ele><time>2026-09-05T15:18:01Z</time></trkpt>
      <trkpt lat="41.394771" lon="-81.762036"><ele>225.5</ele><time>2026-09-05T15:18:02Z</time></trkpt>
      <trkpt lat="41.394775" lon="-81.76202"><ele>213.6</ele><time>2026-09-05T15:18:03Z</time></trkpt>
      <trkpt lat="41.394779" lon="-81.762008"><ele>222.7</ele><time>2026-09-05T15:18:04Z</time></trkpt>
      <trkpt lat="41.394783" lon="-81.761992"><ele>225.6</ele><time>2026-09-05T15:18:05Z</time></trkpt>
      <trkpt lat="41.394787" lon="-81.761977"><ele>225.7</ele><time>2026-09-05T15:18:06Z</time></trkpt>
      <trkpt lat="41.394792" lon="-81.761956"><ele>222.7</ele><time>2026-09-05T15:18:07Z</time></trkpt>
      <trkpt lat="41.394796" lon="-81.761935"><ele>226</ele><time>2026-09-05T15:18:08Z</time></trkpt>
      <trkpt lat="41.394799" lon="-81.761916"><ele>222.7</ele><time>2026-09-05T15:18:09Z</time></trkpt>
      <trkpt lat="41.394799" lon="-81.761902"><ele>222.7</ele><time>2026-09-05T15:18:10Z</time></trkpt>
      <trkpt lat="41.394798" lon="-81.761883"><ele>225.5</ele><time>2026-09-05T15:18:11Z</time></trkpt>
      <trkpt lat="41.394795" lon="-81.761863"><ele>222.7</ele><time>2026-09-05T15:18:12Z</time></trkpt>
      <trkpt lat="41.394791" lon="-81.761849"><ele>222.7</ele><time>2026-09-05T15:18:13Z</time></trkpt>
      <trkpt lat="41.394784" lon="-81.761834"><ele>213.1</ele><time>2026-09-05T15:18:14Z</time></trkpt>
      <trkpt lat="41.394775" lon="-81.761822"><ele>213.1</ele><time>2026-09-05T15:18:15Z</time></trkpt>
      <trkpt lat="41.394764" lon="-81.761813"><ele>223</ele><time>2026-09-05T15:18:16Z</time></trkpt>
      <trkpt lat="41.394755" lon="-81.76181"><ele>223</ele><time>2026-09-05T15:18:17Z</time></trkpt>
      <trkpt lat="41.394742" lon="-81.761808"><ele>224.7</ele><time>2026-09-05T15:18:18Z</time></trkpt>
      <trkpt lat="41.394731" lon="-81.76181"><ele>224.7</ele><time>2026-09-05T15:18:19Z</time></trkpt>
      <trkpt lat="41.394718" lon="-81.761814"><ele>226.6</ele><time>2026-09-05T15:18:20Z</time></trkpt>
      <trkpt lat="41.394707" lon="-81.761817"><ele>224.7</ele><time>2026-09-05T15:18:21Z</time></trkpt>
      <trkpt lat="41.394699" lon="-81.761821"><ele>224.7</ele><time>2026-09-05T15:18:22Z</time></trkpt>
      <trkpt lat="41.394689" lon="-81.761828"><ele>224.799</ele><time>2026-09-05T15:18:23Z</time></trkpt>
      <trkpt lat="41.394681" lon="-81.761834"><ele>224.799</ele><time>2026-09-05T15:18:24Z</time></trkpt>
      <trkpt lat="41.394672" lon="-81.761841"><ele>223</ele><time>2026-09-05T15:18:25Z</time></trkpt>
      <trkpt lat="41.394665" lon="-81.761846"><ele>227.1</ele><time>2026-09-05T15:18:26Z</time></trkpt>
      <trkpt lat="41.394659" lon="-81.761849"><ele>227.799</ele><time>2026-09-05T15:18:27Z</time></trkpt>
      <trkpt lat="41.394653" lon="-81.761853"><ele>227.799</ele><time>2026-09-05T15:18:28Z</time></trkpt>
      <trkpt lat="41.394644" lon="-81.761858"><ele>222.999</ele><time>2026-09-05T15:18:29Z</time></trkpt>
      <trkpt lat="41.394634" lon="-81.761863"><ele>215.299</ele><time>2026-09-05T15:18:30Z</time></trkpt>
      <trkpt lat="41.394624" lon="-81.761865"><ele>223.5</ele><time>2026-09-05T15:18:31Z</time></trkpt>
      <trkpt lat="41.394611" lon="-81.761868"><ele>223.5</ele><time>2026-09-05T15:18:32Z</time></trkpt>
      <trkpt lat="41.394602" lon="-81.76187"><ele>223.5</ele><time>2026-09-05T15:18:33Z</time></trkpt>
      <trkpt lat="41.394591" lon="-81.761872"><ele>223.5</ele><time>2026-09-05T15:18:34Z</time></trkpt>
      <trkpt lat="41.394578" lon="-81.761874"><ele>223.5</ele><time>2026-09-05T15:18:35Z</time></trkpt>
      <trkpt lat="41.394567" lon="-81.761875"><ele>223.5</ele><time>2026-09-05T15:18:36Z</time></trkpt>
      <trkpt lat="41.394557" lon="-81.761876"><ele>223.5</ele><time>2026-09-05T15:18:37Z</time></trkpt>
      <trkpt lat="41.394544" lon="-81.761877"><ele>223.5</ele><time>2026-09-05T15:18:38Z</time></trkpt>
      <trkpt lat="41.394531" lon="-81.761879"><ele>223.5</ele><time>2026-09-05T15:18:39Z</time></trkpt>
      <trkpt lat="41.394518" lon="-81.761881"><ele>215.6</ele><time>2026-09-05T15:18:40Z</time></trkpt>
      <trkpt lat="41.394505" lon="-81.761881"><ele>223.5</ele><time>2026-09-05T15:18:41Z</time></trkpt>
      <trkpt lat="41.394495" lon="-81.76188"><ele>223.5</ele><time>2026-09-05T15:18:42Z</time></trkpt>
      <trkpt lat="41.394484" lon="-81.761879"><ele>223.5</ele><time>2026-09-05T15:18:43Z</time></trkpt>
      <trkpt lat="41.394473" lon="-81.76188"><ele>223.5</ele><time>2026-09-05T15:18:44Z</time></trkpt>
      <trkpt lat="41.394462" lon="-81.761882"><ele>223.5</ele><time>2026-09-05T15:18:45Z</time></trkpt>
      <trkpt lat="41.39445" lon="-81.761885"><ele>223.5</ele><time>2026-09-05T15:18:46Z</time></trkpt>
      <trkpt lat="41.394436" lon="-81.761891"><ele>223.5</ele><time>2026-09-05T15:18:47Z</time></trkpt>
      <trkpt lat="41.394421" lon="-81.761896"><ele>223.5</ele><time>2026-09-05T15:18:48Z</time></trkpt>
      <trkpt lat="41.394407" lon="-81.761901"><ele>223.5</ele><time>2026-09-05T15:18:49Z</time></trkpt>
      <trkpt lat="41.394394" lon="-81.761905"><ele>223.5</ele><time>2026-09-05T15:18:50Z</time></trkpt>
      <trkpt lat="41.394381" lon="-81.761909"><ele>223.5</ele><time>2026-09-05T15:18:51Z</time></trkpt>
      <trkpt lat="41.394369" lon="-81.761915"><ele>223.5</ele><time>2026-09-05T15:18:52Z</time></trkpt>
      <trkpt lat="41.394358" lon="-81.761923"><ele>223.5</ele><time>2026-09-05T15:18:53Z</time></trkpt>
      <trkpt lat="41.394348" lon="-81.761932"><ele>223.5</ele><time>2026-09-05T15:18:54Z</time></trkpt>
      <trkpt lat="41.394338" lon="-81.761943"><ele>223.5</ele><time>2026-09-05T15:18:55Z</time></trkpt>
      <trkpt lat="41.394328" lon="-81.761953"><ele>223.5</ele><time>2026-09-05T15:18:56Z</time></trkpt>
      <trkpt lat="41.39432" lon="-81.761962"><ele>223.5</ele><time>2026-09-05T15:18:57Z</time></trkpt>
      <trkpt lat="41.394312" lon="-81.761971"><ele>223.5</ele><time>2026-09-05T15:18:58Z</time></trkpt>
      <trkpt lat="41.394304" lon="-81.761981"><ele>223.5</ele><time>2026-09-05T15:18:59Z</time></trkpt>
      <trkpt lat="41.394296" lon="-81.76199"><ele>223.5</ele><time>2026-09-05T15:19:00Z</time></trkpt>
      <trkpt lat="41.394288" lon="-81.761999"><ele>223.5</ele><time>2026-09-05T15:19:01Z</time></trkpt>
      <trkpt lat="41.394279" lon="-81.76201"><ele>223.5</ele><time>2026-09-05T15:19:02Z</time></trkpt>
      <trkpt lat="41.394271" lon="-81.76202"><ele>223.5</ele><time>2026-09-05T15:19:03Z</time></trkpt>
      <trkpt lat="41.394262" lon="-81.762032"><ele>223.5</ele><time>2026-09-05T15:19:04Z</time></trkpt>
      <trkpt lat="41.394253" lon="-81.762044"><ele>223.5</ele><time>2026-09-05T15:19:05Z</time></trkpt>
      <trkpt lat="41.394242" lon="-81.762055"><ele>223.5</ele><time>2026-09-05T15:19:06Z</time></trkpt>
      <trkpt lat="41.394232" lon="-81.762063"><ele>223.5</ele><time>2026-09-05T15:19:07Z</time></trkpt>
      <trkpt lat="41.394221" lon="-81.76207"><ele>223.5</ele><time>2026-09-05T15:19:08Z</time></trkpt>
      <trkpt lat="41.39421" lon="-81.762074"><ele>223.5</ele><time>2026-09-05T15:19:09Z</time></trkpt>
      <trkpt lat="41.394201" lon="-81.762076"><ele>223.5</ele><time>2026-09-05T15:19:10Z</time></trkpt>
      <trkpt lat="41.394191" lon="-81.762077"><ele>223.5</ele><time>2026-09-05T15:19:11Z</time></trkpt>
      <trkpt lat="41.39418" lon="-81.762079"><ele>223.5</ele><time>2026-09-05T15:19:12Z</time></trkpt>
      <trkpt lat="41.394169" lon="-81.76208"><ele>223.5</ele><time>2026-09-05T15:19:13Z</time></trkpt>
      <trkpt lat="41.394158" lon="-81.762081"><ele>223.5</ele><time>2026-09-05T15:19:14Z</time></trkpt>
      <trkpt lat="41.394148" lon="-81.762079"><ele>223.5</ele><time>2026-09-05T15:19:15Z</time></trkpt>
      <trkpt lat="41.394137" lon="-81.762075"><ele>223.5</ele><time>2026-09-05T15:19:16Z</time></trkpt>
      <trkpt lat="41.394126" lon="-81.762068"><ele>223.5</ele><time>2026-09-05T15:19:17Z</time></trkpt>
      <trkpt lat="41.394118" lon="-81.762057"><ele>223.5</ele><time>2026-09-05T15:19:18Z</time></trkpt>
      <trkpt lat="41.39411" lon="-81.762048"><ele>223.5</ele><time>2026-09-05T15:19:19Z</time></trkpt>
      <trkpt lat="41.394101" lon="-81.762038"><ele>223.5</ele><time>2026-09-05T15:19:20Z</time></trkpt>
      <trkpt lat="41.394094" lon="-81.762029"><ele>223.5</ele><time>2026-09-05T15:19:21Z</time></trkpt>
      <trkpt lat="41.394088" lon="-81.762022"><ele>223.5</ele><time>2026-09-05T15:19:22Z</time></trkpt>
      <trkpt lat="41.394081" lon="-81.762015"><ele>223.5</ele><time>2026-09-05T15:19:23Z</time></trkpt>
      <trkpt lat="41.394075" lon="-81.762008"><ele>223.5</ele><time>2026-09-05T15:19:24Z</time></trkpt>
      <trkpt lat="41.39407" lon="-81.762002"><ele>223.5</ele><time>2026-09-05T15:19:25Z</time></trkpt>
      <trkpt lat="41.39407" lon="-81.761995"><ele>223.5</ele><time>2026-09-05T15:19:26Z</time></trkpt>
      <trkpt lat="41.394067" lon="-81.761988"><ele>223.5</ele><time>2026-09-05T15:19:27Z</time></trkpt>
      <trkpt lat="41.394059" lon="-81.761979"><ele>223.5</ele><time>2026-09-05T15:19:28Z</time></trkpt>
      <trkpt lat="41.394047" lon="-81.761971"><ele>223.5</ele><time>2026-09-05T15:19:29Z</time></trkpt>
      <trkpt lat="41.394036" lon="-81.761961"><ele>223.5</ele><time>2026-09-05T15:19:30Z</time></trkpt>
      <trkpt lat="41.394023" lon="-81.761951"><ele>223.5</ele><time>2026-09-05T15:19:31Z</time></trkpt>
      <trkpt lat="41.39401" lon="-81.761941"><ele>223.5</ele><time>2026-09-05T15:19:32Z</time></trkpt>
      <trkpt lat="41.393998" lon="-81.761932"><ele>223.5</ele><time>2026-09-05T15:19:33Z</time></trkpt>
      <trkpt lat="41.393989" lon="-81.761923"><ele>223.5</ele><time>2026-09-05T15:19:34Z</time></trkpt>
      <trkpt lat="41.39398" lon="-81.761914"><ele>223.5</ele><time>2026-09-05T15:19:35Z</time></trkpt>
      <trkpt lat="41.393968" lon="-81.761904"><ele>223.5</ele><time>2026-09-05T15:19:36Z</time></trkpt>
      <trkpt lat="41.393958" lon="-81.761895"><ele>223.5</ele><time>2026-09-05T15:19:37Z</time></trkpt>
      <trkpt lat="41.393948" lon="-81.761886"><ele>223.5</ele><time>2026-09-05T15:19:38Z</time></trkpt>
      <trkpt lat="41.393938" lon="-81.761875"><ele>223.5</ele><time>2026-09-05T15:19:39Z</time></trkpt>
      <trkpt lat="41.393928" lon="-81.761863"><ele>223.5</ele><time>2026-09-05T15:19:40Z</time></trkpt>
      <trkpt lat="41.393919" lon="-81.761851"><ele>223.5</ele><time>2026-09-05T15:19:41Z</time></trkpt>
      <trkpt lat="41.393912" lon="-81.761838"><ele>223.7</ele><time>2026-09-05T15:19:42Z</time></trkpt>
      <trkpt lat="41.393904" lon="-81.761825"><ele>223.7</ele><time>2026-09-05T15:19:43Z</time></trkpt>
      <trkpt lat="41.393897" lon="-81.761814"><ele>223.7</ele><time>2026-09-05T15:19:44Z</time></trkpt>
      <trkpt lat="41.393889" lon="-81.761801"><ele>223.7</ele><time>2026-09-05T15:19:45Z</time></trkpt>
      <trkpt lat="41.393881" lon="-81.761786"><ele>223.7</ele><time>2026-09-05T15:19:46Z</time></trkpt>
      <trkpt lat="41.393874" lon="-81.761775"><ele>223.7</ele><time>2026-09-05T15:19:47Z</time></trkpt>
      <trkpt lat="41.393868" lon="-81.761763"><ele>223.7</ele><time>2026-09-05T15:19:48Z</time></trkpt>
      <trkpt lat="41.39386" lon="-81.761751"><ele>225.5</ele><time>2026-09-05T15:19:49Z</time></trkpt>
      <trkpt lat="41.393851" lon="-81.761738"><ele>225.5</ele><time>2026-09-05T15:19:50Z</time></trkpt>
      <trkpt lat="41.393842" lon="-81.761726"><ele>225.5</ele><time>2026-09-05T15:19:51Z</time></trkpt>
      <trkpt lat="41.393833" lon="-81.761717"><ele>223.5</ele><time>2026-09-05T15:19:52Z</time></trkpt>
      <trkpt lat="41.393823" lon="-81.761711"><ele>223.5</ele><time>2026-09-05T15:19:53Z</time></trkpt>
      <trkpt lat="41.393813" lon="-81.761707"><ele>223.5</ele><time>2026-09-05T15:19:54Z</time></trkpt>
      <trkpt lat="41.393802" lon="-81.761704"><ele>223.5</ele><time>2026-09-05T15:19:55Z</time></trkpt>
      <trkpt lat="41.393793" lon="-81.761702"><ele>223.5</ele><time>2026-09-05T15:19:56Z</time></trkpt>
      <trkpt lat="41.393786" lon="-81.7617"><ele>223.5</ele><time>2026-09-05T15:19:57Z</time></trkpt>
      <trkpt lat="41.393779" lon="-81.761699"><ele>223.5</ele><time>2026-09-05T15:19:58Z</time></trkpt>
      <trkpt lat="41.393771" lon="-81.761699"><ele>223.5</ele><time>2026-09-05T15:19:59Z</time></trkpt>
      <trkpt lat="41.393761" lon="-81.7617"><ele>223.5</ele><time>2026-09-05T15:20:00Z</time></trkpt>
      <trkpt lat="41.39375" lon="-81.761701"><ele>223.5</ele><time>2026-09-05T15:20:01Z</time></trkpt>
      <trkpt lat="41.393739" lon="-81.761698"><ele>223.5</ele><time>2026-09-05T15:20:02Z</time></trkpt>
      <trkpt lat="41.393731" lon="-81.761694"><ele>225.5</ele><time>2026-09-05T15:20:03Z</time></trkpt>
      <trkpt lat="41.393722" lon="-81.76169"><ele>225.5</ele><time>2026-09-05T15:20:04Z</time></trkpt>
      <trkpt lat="41.393719" lon="-81.761687"><ele>223.7</ele><time>2026-09-05T15:20:05Z</time></trkpt>
      <trkpt lat="41.393716" lon="-81.761689"><ele>223.7</ele><time>2026-09-05T15:20:06Z</time></trkpt>
      <trkpt lat="41.393713" lon="-81.761698"><ele>223.7</ele><time>2026-09-05T15:20:07Z</time></trkpt>
      <trkpt lat="41.393708" lon="-81.76171"><ele>223.7</ele><time>2026-09-05T15:20:08Z</time></trkpt>
      <trkpt lat="41.393705" lon="-81.761721"><ele>223.7</ele><time>2026-09-05T15:20:09Z</time></trkpt>
      <trkpt lat="41.393703" lon="-81.761743"><ele>223.7</ele><time>2026-09-05T15:20:10Z</time></trkpt>
      <trkpt lat="41.393702" lon="-81.761755"><ele>223.7</ele><time>2026-09-05T15:20:11Z</time></trkpt>
      <trkpt lat="41.393701" lon="-81.761766"><ele>223.7</ele><time>2026-09-05T15:20:12Z</time></trkpt>
      <trkpt lat="41.393698" lon="-81.761783"><ele>223.7</ele><time>2026-09-05T15:20:13Z</time></trkpt>
      <trkpt lat="41.393698" lon="-81.7618"><ele>223.7</ele><time>2026-09-05T15:20:14Z</time></trkpt>
      <trkpt lat="41.393702" lon="-81.761818"><ele>223.7</ele><time>2026-09-05T15:20:15Z</time></trkpt>
      <trkpt lat="41.393706" lon="-81.761835"><ele>223.7</ele><time>2026-09-05T15:20:16Z</time></trkpt>
      <trkpt lat="41.393709" lon="-81.76185"><ele>223.7</ele><time>2026-09-05T15:20:17Z</time></trkpt>
      <trkpt lat="41.393708" lon="-81.76186"><ele>223.7</ele><time>2026-09-05T15:20:18Z</time></trkpt>
      <trkpt lat="41.393705" lon="-81.761867"><ele>223.7</ele><time>2026-09-05T15:20:19Z</time></trkpt>
      <trkpt lat="41.393698" lon="-81.761875"><ele>223.7</ele><time>2026-09-05T15:20:20Z</time></trkpt>
      <trkpt lat="41.393691" lon="-81.761874"><ele>223.7</ele><time>2026-09-05T15:20:21Z</time></trkpt>
      <trkpt lat="41.393688" lon="-81.76187"><ele>223.7</ele><time>2026-09-05T15:20:22Z</time></trkpt>
      <trkpt lat="41.393686" lon="-81.761866"><ele>223.7</ele><time>2026-09-05T15:20:23Z</time></trkpt>
      <trkpt lat="41.393688" lon="-81.761864"><ele>223.7</ele><time>2026-09-05T15:20:24Z</time></trkpt>
      <trkpt lat="41.39369" lon="-81.761862"><ele>223.7</ele><time>2026-09-05T15:20:25Z</time></trkpt>
      <trkpt lat="41.393693" lon="-81.761861"><ele>223.7</ele><time>2026-09-05T15:20:26Z</time></trkpt>
      <trkpt lat="41.393695" lon="-81.76186"><ele>223.7</ele><time>2026-09-05T15:20:27Z</time></trkpt>
      <trkpt lat="41.393695" lon="-81.761858"><ele>223.5</ele><time>2026-09-05T15:20:28Z</time></trkpt>
      <trkpt lat="41.393695" lon="-81.761855"><ele>223.5</ele><time>2026-09-05T15:20:29Z</time></trkpt>
      <trkpt lat="41.393695" lon="-81.761852"><ele>223.5</ele><time>2026-09-05T15:20:30Z</time></trkpt>
      <trkpt lat="41.393697" lon="-81.76185"><ele>223.5</ele><time>2026-09-05T15:20:31Z</time></trkpt>
      <trkpt lat="41.393699" lon="-81.761849"><ele>223.5</ele><time>2026-09-05T15:20:32Z</time></trkpt>
      <trkpt lat="41.3937" lon="-81.761848"><ele>223.5</ele><time>2026-09-05T15:20:33Z</time></trkpt>
      <trkpt lat="41.393702" lon="-81.761847"><ele>223.5</ele><time>2026-09-05T15:20:34Z</time></trkpt>
      <trkpt lat="41.393704" lon="-81.761845"><ele>223.5</ele><time>2026-09-05T15:20:35Z</time></trkpt>
      <trkpt lat="41.393705" lon="-81.761844"><ele>223.5</ele><time>2026-09-05T15:20:36Z</time></trkpt>
      <trkpt lat="41.393707" lon="-81.761843"><ele>223.5</ele><time>2026-09-05T15:20:37Z</time></trkpt>
      <trkpt lat="41.393708" lon="-81.761843"><ele>223.5</ele><time>2026-09-05T15:20:38Z</time></trkpt>
      <trkpt lat="41.39371" lon="-81.761842"><ele>223.5</ele><time>2026-09-05T15:20:39Z</time></trkpt>
      <trkpt lat="41.39371" lon="-81.76184"><ele>223.5</ele><time>2026-09-05T15:20:40Z</time></trkpt>
      <trkpt lat="41.393709" lon="-81.761834"><ele>223.5</ele><time>2026-09-05T15:20:41Z</time></trkpt>
      <trkpt lat="41.393706" lon="-81.761826"><ele>223.5</ele><time>2026-09-05T15:20:42Z</time></trkpt>
      <trkpt lat="41.393699" lon="-81.761814"><ele>223.5</ele><time>2026-09-05T15:20:43Z</time></trkpt>
      <trkpt lat="41.393691" lon="-81.761799"><ele>223.5</ele><time>2026-09-05T15:20:44Z</time></trkpt>
      <trkpt lat="41.393684" lon="-81.761782"><ele>223.7</ele><time>2026-09-05T15:20:45Z</time></trkpt>
      <trkpt lat="41.39368" lon="-81.761763"><ele>223.7</ele><time>2026-09-05T15:20:46Z</time></trkpt>
      <trkpt lat="41.393678" lon="-81.761745"><ele>223.7</ele><time>2026-09-05T15:20:47Z</time></trkpt>
      <trkpt lat="41.393679" lon="-81.761725"><ele>223.7</ele><time>2026-09-05T15:20:48Z</time></trkpt>
      <trkpt lat="41.39368" lon="-81.761709"><ele>223.7</ele><time>2026-09-05T15:20:49Z</time></trkpt>
      <trkpt lat="41.393681" lon="-81.761693"><ele>223.7</ele><time>2026-09-05T15:20:50Z</time></trkpt>
      <trkpt lat="41.393679" lon="-81.761679"><ele>225.5</ele><time>2026-09-05T15:20:51Z</time></trkpt>
      <trkpt lat="41.393675" lon="-81.761664"><ele>225.5</ele><time>2026-09-05T15:20:52Z</time></trkpt>
      <trkpt lat="41.393669" lon="-81.761654"><ele>225.5</ele><time>2026-09-05T15:20:53Z</time></trkpt>
      <trkpt lat="41.393661" lon="-81.761644"><ele>225.5</ele><time>2026-09-05T15:20:54Z</time></trkpt>
      <trkpt lat="41.393653" lon="-81.761636"><ele>225.5</ele><time>2026-09-05T15:20:55Z</time></trkpt>
      <trkpt lat="41.393643" lon="-81.761625"><ele>225.5</ele><time>2026-09-05T15:20:56Z</time></trkpt>
      <trkpt lat="41.393634" lon="-81.761615"><ele>225.5</ele><time>2026-09-05T15:20:57Z</time></trkpt>
      <trkpt lat="41.393621" lon="-81.761601"><ele>226.1</ele><time>2026-09-05T15:20:58Z</time></trkpt>
      <trkpt lat="41.393611" lon="-81.761592"><ele>226.1</ele><time>2026-09-05T15:20:59Z</time></trkpt>
      <trkpt lat="41.3936" lon="-81.761583"><ele>226.1</ele><time>2026-09-05T15:21:00Z</time></trkpt>
      <trkpt lat="41.393592" lon="-81.761576"><ele>226.1</ele><time>2026-09-05T15:21:01Z</time></trkpt>
      <trkpt lat="41.393581" lon="-81.761567"><ele>226.1</ele><time>2026-09-05T15:21:02Z</time></trkpt>
      <trkpt lat="41.393571" lon="-81.76156"><ele>226.1</ele><time>2026-09-05T15:21:03Z</time></trkpt>
      <trkpt lat="41.393559" lon="-81.761553"><ele>226.1</ele><time>2026-09-05T15:21:04Z</time></trkpt>
      <trkpt lat="41.393549" lon="-81.76155"><ele>226.1</ele><time>2026-09-05T15:21:05Z</time></trkpt>
      <trkpt lat="41.393538" lon="-81.76155"><ele>226.1</ele><time>2026-09-05T15:21:06Z</time></trkpt>
      <trkpt lat="41.393527" lon="-81.761553"><ele>223.7</ele><time>2026-09-05T15:21:07Z</time></trkpt>
      <trkpt lat="41.393516" lon="-81.761555"><ele>223.7</ele><time>2026-09-05T15:21:08Z</time></trkpt>
      <trkpt lat="41.393504" lon="-81.761555"><ele>223.7</ele><time>2026-09-05T15:21:09Z</time></trkpt>
      <trkpt lat="41.39349" lon="-81.761552"><ele>225.7</ele><time>2026-09-05T15:21:10Z</time></trkpt>
      <trkpt lat="41.393476" lon="-81.761547"><ele>225.799</ele><time>2026-09-05T15:21:11Z</time></trkpt>
      <trkpt lat="41.393463" lon="-81.761542"><ele>225.799</ele><time>2026-09-05T15:21:12Z</time></trkpt>
      <trkpt lat="41.39345" lon="-81.761535"><ele>225.799</ele><time>2026-09-05T15:21:13Z</time></trkpt>
      <trkpt lat="41.393438" lon="-81.761529"><ele>226.499</ele><time>2026-09-05T15:21:14Z</time></trkpt>
      <trkpt lat="41.393429" lon="-81.761524"><ele>226.499</ele><time>2026-09-05T15:21:15Z</time></trkpt>
      <trkpt lat="41.393417" lon="-81.761517"><ele>226.399</ele><time>2026-09-05T15:21:16Z</time></trkpt>
      <trkpt lat="41.393406" lon="-81.761509"><ele>226</ele><time>2026-09-05T15:21:17Z</time></trkpt>
      <trkpt lat="41.393397" lon="-81.761498"><ele>226.2</ele><time>2026-09-05T15:21:18Z</time></trkpt>
      <trkpt lat="41.393391" lon="-81.761488"><ele>226.2</ele><time>2026-09-05T15:21:19Z</time></trkpt>
      <trkpt lat="41.393386" lon="-81.761478"><ele>226.7</ele><time>2026-09-05T15:21:20Z</time></trkpt>
      <trkpt lat="41.393382" lon="-81.761466"><ele>226.299</ele><time>2026-09-05T15:21:21Z</time></trkpt>
      <trkpt lat="41.393376" lon="-81.761457"><ele>226.299</ele><time>2026-09-05T15:21:22Z</time></trkpt>
      <trkpt lat="41.39337" lon="-81.761451"><ele>225.999</ele><time>2026-09-05T15:21:23Z</time></trkpt>
      <trkpt lat="41.393361" lon="-81.761446"><ele>226</ele><time>2026-09-05T15:21:24Z</time></trkpt>
      <trkpt lat="41.393354" lon="-81.761443"><ele>226</ele><time>2026-09-05T15:21:25Z</time></trkpt>
      <trkpt lat="41.393346" lon="-81.761438"><ele>226</ele><time>2026-09-05T15:21:26Z</time></trkpt>
      <trkpt lat="41.393338" lon="-81.761429"><ele>226</ele><time>2026-09-05T15:21:27Z</time></trkpt>
      <trkpt lat="41.393333" lon="-81.761421"><ele>226</ele><time>2026-09-05T15:21:28Z</time></trkpt>
      <trkpt lat="41.393329" lon="-81.761409"><ele>226</ele><time>2026-09-05T15:21:29Z</time></trkpt>
      <trkpt lat="41.393326" lon="-81.761392"><ele>226</ele><time>2026-09-05T15:21:30Z</time></trkpt>
      <trkpt lat="41.393322" lon="-81.761377"><ele>226.1</ele><time>2026-09-05T15:21:31Z</time></trkpt>
      <trkpt lat="41.393315" lon="-81.761364"><ele>226.1</ele><time>2026-09-05T15:21:32Z</time></trkpt>
      <trkpt lat="41.393306" lon="-81.761353"><ele>226.1</ele><time>2026-09-05T15:21:33Z</time></trkpt>
      <trkpt lat="41.3933" lon="-81.761346"><ele>226.1</ele><time>2026-09-05T15:21:34Z</time></trkpt>
      <trkpt lat="41.393289" lon="-81.761337"><ele>226.2</ele><time>2026-09-05T15:21:35Z</time></trkpt>
      <trkpt lat="41.393282" lon="-81.761333"><ele>225.7</ele><time>2026-09-05T15:21:36Z</time></trkpt>
      <trkpt lat="41.393276" lon="-81.761332"><ele>225.7</ele><time>2026-09-05T15:21:37Z</time></trkpt>
      <trkpt lat="41.393276" lon="-81.761339"><ele>226</ele><time>2026-09-05T15:21:38Z</time></trkpt>
      <trkpt lat="41.393283" lon="-81.761351"><ele>225.7</ele><time>2026-09-05T15:21:39Z</time></trkpt>
      <trkpt lat="41.393294" lon="-81.761365"><ele>225.899</ele><time>2026-09-05T15:21:40Z</time></trkpt>
      <trkpt lat="41.393302" lon="-81.761376"><ele>225.899</ele><time>2026-09-05T15:21:41Z</time></trkpt>
      <trkpt lat="41.393307" lon="-81.761385"><ele>225.899</ele><time>2026-09-05T15:21:42Z</time></trkpt>
      <trkpt lat="41.393308" lon="-81.761393"><ele>225.799</ele><time>2026-09-05T15:21:43Z</time></trkpt>
      <trkpt lat="41.393305" lon="-81.761396"><ele>225.5</ele><time>2026-09-05T15:21:44Z</time></trkpt>
      <trkpt lat="41.393301" lon="-81.761394"><ele>225.5</ele><time>2026-09-05T15:21:45Z</time></trkpt>
      <trkpt lat="41.393298" lon="-81.761387"><ele>225.299</ele><time>2026-09-05T15:21:46Z</time></trkpt>
      <trkpt lat="41.393294" lon="-81.761381"><ele>225.299</ele><time>2026-09-05T15:21:47Z</time></trkpt>
      <trkpt lat="41.39329" lon="-81.761375"><ele>225.499</ele><time>2026-09-05T15:21:48Z</time></trkpt>
      <trkpt lat="41.393283" lon="-81.761368"><ele>225.499</ele><time>2026-09-05T15:21:49Z</time></trkpt>
      <trkpt lat="41.393274" lon="-81.76136"><ele>225.3</ele><time>2026-09-05T15:21:50Z</time></trkpt>
      <trkpt lat="41.393265" lon="-81.761354"><ele>225.3</ele><time>2026-09-05T15:21:51Z</time></trkpt>
      <trkpt lat="41.393255" lon="-81.76135"><ele>226</ele><time>2026-09-05T15:21:52Z</time></trkpt>
      <trkpt lat="41.393247" lon="-81.761348"><ele>226</ele><time>2026-09-05T15:21:53Z</time></trkpt>
      <trkpt lat="41.393238" lon="-81.761348"><ele>225.5</ele><time>2026-09-05T15:21:54Z</time></trkpt>
      <trkpt lat="41.393231" lon="-81.76135"><ele>225.5</ele><time>2026-09-05T15:21:55Z</time></trkpt>
      <trkpt lat="41.393223" lon="-81.761348"><ele>225.5</ele><time>2026-09-05T15:21:56Z</time></trkpt>
      <trkpt lat="41.393215" lon="-81.761345"><ele>225.5</ele><time>2026-09-05T15:21:57Z</time></trkpt>
      <trkpt lat="41.393205" lon="-81.761343"><ele>225.5</ele><time>2026-09-05T15:21:58Z</time></trkpt>
      <trkpt lat="41.393199" lon="-81.761341"><ele>225.5</ele><time>2026-09-05T15:21:59Z</time></trkpt>
      <trkpt lat="41.393189" lon="-81.761337"><ele>225.5</ele><time>2026-09-05T15:22:00Z</time></trkpt>
      <trkpt lat="41.393182" lon="-81.761335"><ele>225.5</ele><time>2026-09-05T15:22:01Z</time></trkpt>
      <trkpt lat="41.393172" lon="-81.761333"><ele>226.1</ele><time>2026-09-05T15:22:02Z</time></trkpt>
      <trkpt lat="41.393164" lon="-81.761331"><ele>226</ele><time>2026-09-05T15:22:03Z</time></trkpt>
      <trkpt lat="41.393155" lon="-81.761327"><ele>226</ele><time>2026-09-05T15:22:04Z</time></trkpt>
      <trkpt lat="41.39315" lon="-81.761324"><ele>226.1</ele><time>2026-09-05T15:22:05Z</time></trkpt>
      <trkpt lat="41.393142" lon="-81.761319"><ele>226.4</ele><time>2026-09-05T15:22:06Z</time></trkpt>
      <trkpt lat="41.393135" lon="-81.761314"><ele>226.3</ele><time>2026-09-05T15:22:07Z</time></trkpt>
      <trkpt lat="41.393127" lon="-81.761306"><ele>226.3</ele><time>2026-09-05T15:22:08Z</time></trkpt>
      <trkpt lat="41.393121" lon="-81.761301"><ele>227.6</ele><time>2026-09-05T15:22:09Z</time></trkpt>
      <trkpt lat="41.393114" lon="-81.761298"><ele>226</ele><time>2026-09-05T15:22:10Z</time></trkpt>
      <trkpt lat="41.39311" lon="-81.761295"><ele>226</ele><time>2026-09-05T15:22:11Z</time></trkpt>
      <trkpt lat="41.393105" lon="-81.761293"><ele>226</ele><time>2026-09-05T15:22:12Z</time></trkpt>
      <trkpt lat="41.393098" lon="-81.761288"><ele>226</ele><time>2026-09-05T15:22:13Z</time></trkpt>
      <trkpt lat="41.393091" lon="-81.761282"><ele>226</ele><time>2026-09-05T15:22:14Z</time></trkpt>
      <trkpt lat="41.393084" lon="-81.761277"><ele>226</ele><time>2026-09-05T15:22:15Z</time></trkpt>
      <trkpt lat="41.393077" lon="-81.761271"><ele>226</ele><time>2026-09-05T15:22:16Z</time></trkpt>
      <trkpt lat="41.393068" lon="-81.761264"><ele>226</ele><time>2026-09-05T15:22:17Z</time></trkpt>
      <trkpt lat="41.39306" lon="-81.761258"><ele>226</ele><time>2026-09-05T15:22:18Z</time></trkpt>
      <trkpt lat="41.393053" lon="-81.761253"><ele>226</ele><time>2026-09-05T15:22:19Z</time></trkpt>
      <trkpt lat="41.393047" lon="-81.761247"><ele>226</ele><time>2026-09-05T15:22:20Z</time></trkpt>
      <trkpt lat="41.393042" lon="-81.76124"><ele>226</ele><time>2026-09-05T15:22:21Z</time></trkpt>
      <trkpt lat="41.393038" lon="-81.761234"><ele>226</ele><time>2026-09-05T15:22:22Z</time></trkpt>
      <trkpt lat="41.393034" lon="-81.76123"><ele>225.5</ele><time>2026-09-05T15:22:23Z</time></trkpt>
      <trkpt lat="41.393029" lon="-81.761226"><ele>225.5</ele><time>2026-09-05T15:22:24Z</time></trkpt>
      <trkpt lat="41.393024" lon="-81.761221"><ele>225.5</ele><time>2026-09-05T15:22:25Z</time></trkpt>
      <trkpt lat="41.393017" lon="-81.761208"><ele>225.5</ele><time>2026-09-05T15:22:26Z</time></trkpt>
      <trkpt lat="41.393012" lon="-81.761198"><ele>225.5</ele><time>2026-09-05T15:22:27Z</time></trkpt>
      <trkpt lat="41.393009" lon="-81.761186"><ele>225.5</ele><time>2026-09-05T15:22:28Z</time></trkpt>
      <trkpt lat="41.393006" lon="-81.761178"><ele>225.5</ele><time>2026-09-05T15:22:29Z</time></trkpt>
      <trkpt lat="41.393004" lon="-81.761167"><ele>225.5</ele><time>2026-09-05T15:22:30Z</time></trkpt>
      <trkpt lat="41.393001" lon="-81.761152"><ele>226.1</ele><time>2026-09-05T15:22:31Z</time></trkpt>
      <trkpt lat="41.393" lon="-81.761139"><ele>226.6</ele><time>2026-09-05T15:22:32Z</time></trkpt>
      <trkpt lat="41.392997" lon="-81.761129"><ele>226.6</ele><time>2026-09-05T15:22:33Z</time></trkpt>
      <trkpt lat="41.392994" lon="-81.761119"><ele>226</ele><time>2026-09-05T15:22:34Z</time></trkpt>
      <trkpt lat="41.392993" lon="-81.761108"><ele>226</ele><time>2026-09-05T15:22:35Z</time></trkpt>
      <trkpt lat="41.392993" lon="-81.761095"><ele>226</ele><time>2026-09-05T15:22:36Z</time></trkpt>
      <trkpt lat="41.392996" lon="-81.761082"><ele>226</ele><time>2026-09-05T15:22:37Z</time></trkpt>
      <trkpt lat="41.392998" lon="-81.761071"><ele>226</ele><time>2026-09-05T15:22:38Z</time></trkpt>
      <trkpt lat="41.393003" lon="-81.761059"><ele>226</ele><time>2026-09-05T15:22:39Z</time></trkpt>
      <trkpt lat="41.393007" lon="-81.761048"><ele>226</ele><time>2026-09-05T15:22:40Z</time></trkpt>
      <trkpt lat="41.393011" lon="-81.761038"><ele>226</ele><time>2026-09-05T15:22:41Z</time></trkpt>
      <trkpt lat="41.393014" lon="-81.761027"><ele>226</ele><time>2026-09-05T15:22:42Z</time></trkpt>
      <trkpt lat="41.393017" lon="-81.761015"><ele>226</ele><time>2026-09-05T15:22:43Z</time></trkpt>
      <trkpt lat="41.393019" lon="-81.761002"><ele>226</ele><time>2026-09-05T15:22:44Z</time></trkpt>
      <trkpt lat="41.393022" lon="-81.760985"><ele>226</ele><time>2026-09-05T15:22:45Z</time></trkpt>
      <trkpt lat="41.393025" lon="-81.760973"><ele>225.6</ele><time>2026-09-05T15:22:46Z</time></trkpt>
      <trkpt lat="41.393027" lon="-81.760962"><ele>225.6</ele><time>2026-09-05T15:22:47Z</time></trkpt>
      <trkpt lat="41.393029" lon="-81.760951"><ele>225.9</ele><time>2026-09-05T15:22:48Z</time></trkpt>
      <trkpt lat="41.393031" lon="-81.760939"><ele>225.7</ele><time>2026-09-05T15:22:49Z</time></trkpt>
      <trkpt lat="41.393032" lon="-81.760928"><ele>225.5</ele><time>2026-09-05T15:22:50Z</time></trkpt>
      <trkpt lat="41.393033" lon="-81.760917"><ele>225.5</ele><time>2026-09-05T15:22:51Z</time></trkpt>
      <trkpt lat="41.393036" lon="-81.760908"><ele>225.5</ele><time>2026-09-05T15:22:52Z</time></trkpt>
      <trkpt lat="41.393038" lon="-81.760899"><ele>225.5</ele><time>2026-09-05T15:22:53Z</time></trkpt>
      <trkpt lat="41.393041" lon="-81.760889"><ele>225.5</ele><time>2026-09-05T15:22:54Z</time></trkpt>
      <trkpt lat="41.393045" lon="-81.760879"><ele>225.5</ele><time>2026-09-05T15:22:55Z</time></trkpt>
      <trkpt lat="41.393047" lon="-81.76087"><ele>225.5</ele><time>2026-09-05T15:22:56Z</time></trkpt>
      <trkpt lat="41.393051" lon="-81.760859"><ele>225.5</ele><time>2026-09-05T15:22:57Z</time></trkpt>
      <trkpt lat="41.393054" lon="-81.76085"><ele>225.8</ele><time>2026-09-05T15:22:58Z</time></trkpt>
      <trkpt lat="41.393059" lon="-81.76084"><ele>225.7</ele><time>2026-09-05T15:22:59Z</time></trkpt>
      <trkpt lat="41.393062" lon="-81.760831"><ele>226.2</ele><time>2026-09-05T15:23:00Z</time></trkpt>
      <trkpt lat="41.393065" lon="-81.760821"><ele>226.2</ele><time>2026-09-05T15:23:01Z</time></trkpt>
      <trkpt lat="41.393068" lon="-81.760811"><ele>226</ele><time>2026-09-05T15:23:02Z</time></trkpt>
      <trkpt lat="41.393071" lon="-81.760799"><ele>226</ele><time>2026-09-05T15:23:03Z</time></trkpt>
      <trkpt lat="41.393074" lon="-81.760788"><ele>226</ele><time>2026-09-05T15:23:04Z</time></trkpt>
      <trkpt lat="41.393079" lon="-81.760776"><ele>226</ele><time>2026-09-05T15:23:05Z</time></trkpt>
      <trkpt lat="41.393083" lon="-81.760765"><ele>226</ele><time>2026-09-05T15:23:06Z</time></trkpt>
      <trkpt lat="41.393088" lon="-81.760752"><ele>226</ele><time>2026-09-05T15:23:07Z</time></trkpt>
      <trkpt lat="41.393092" lon="-81.760739"><ele>226</ele><time>2026-09-05T15:23:08Z</time></trkpt>
      <trkpt lat="41.393093" lon="-81.760728"><ele>226</ele><time>2026-09-05T15:23:09Z</time></trkpt>
      <trkpt lat="41.393095" lon="-81.760714"><ele>226</ele><time>2026-09-05T15:23:10Z</time></trkpt>
      <trkpt lat="41.393097" lon="-81.760702"><ele>226</ele><time>2026-09-05T15:23:11Z</time></trkpt>
      <trkpt lat="41.393099" lon="-81.760687"><ele>226</ele><time>2026-09-05T15:23:12Z</time></trkpt>
      <trkpt lat="41.393101" lon="-81.760674"><ele>225.9</ele><time>2026-09-05T15:23:13Z</time></trkpt>
      <trkpt lat="41.393103" lon="-81.760665"><ele>225.9</ele><time>2026-09-05T15:23:14Z</time></trkpt>
      <trkpt lat="41.393105" lon="-81.760654"><ele>226</ele><time>2026-09-05T15:23:15Z</time></trkpt>
      <trkpt lat="41.393106" lon="-81.760639"><ele>226</ele><time>2026-09-05T15:23:16Z</time></trkpt>
      <trkpt lat="41.393107" lon="-81.760627"><ele>225.7</ele><time>2026-09-05T15:23:17Z</time></trkpt>
      <trkpt lat="41.393109" lon="-81.760616"><ele>225.7</ele><time>2026-09-05T15:23:18Z</time></trkpt>
      <trkpt lat="41.39311" lon="-81.760609"><ele>225.7</ele><time>2026-09-05T15:23:19Z</time></trkpt>
      <trkpt lat="41.393112" lon="-81.760601"><ele>225.5</ele><time>2026-09-05T15:23:20Z</time></trkpt>
      <trkpt lat="41.393113" lon="-81.760593"><ele>226.1</ele><time>2026-09-05T15:23:21Z</time></trkpt>
      <trkpt lat="41.393115" lon="-81.760584"><ele>226.1</ele><time>2026-09-05T15:23:22Z</time></trkpt>
      <trkpt lat="41.393119" lon="-81.760573"><ele>226.1</ele><time>2026-09-05T15:23:23Z</time></trkpt>
      <trkpt lat="41.393123" lon="-81.760565"><ele>226.1</ele><time>2026-09-05T15:23:24Z</time></trkpt>
      <trkpt lat="41.393129" lon="-81.760556"><ele>226.1</ele><time>2026-09-05T15:23:25Z</time></trkpt>
      <trkpt lat="41.393136" lon="-81.760548"><ele>226.1</ele><time>2026-09-05T15:23:26Z</time></trkpt>
      <trkpt lat="41.393145" lon="-81.760539"><ele>226.1</ele><time>2026-09-05T15:23:27Z</time></trkpt>
      <trkpt lat="41.393153" lon="-81.76053"><ele>226.1</ele><time>2026-09-05T15:23:28Z</time></trkpt>
      <trkpt lat="41.393162" lon="-81.760523"><ele>226.1</ele><time>2026-09-05T15:23:29Z</time></trkpt>
      <trkpt lat="41.393169" lon="-81.760516"><ele>226.1</ele><time>2026-09-05T15:23:30Z</time></trkpt>
      <trkpt lat="41.393176" lon="-81.760508"><ele>226.1</ele><time>2026-09-05T15:23:31Z</time></trkpt>
      <trkpt lat="41.393182" lon="-81.7605"><ele>226.1</ele><time>2026-09-05T15:23:32Z</time></trkpt>
      <trkpt lat="41.393189" lon="-81.760492"><ele>226.1</ele><time>2026-09-05T15:23:33Z</time></trkpt>
      <trkpt lat="41.393195" lon="-81.760483"><ele>226.1</ele><time>2026-09-05T15:23:34Z</time></trkpt>
      <trkpt lat="41.3932" lon="-81.760476"><ele>226.1</ele><time>2026-09-05T15:23:35Z</time></trkpt>
      <trkpt lat="41.393206" lon="-81.760467"><ele>226.1</ele><time>2026-09-05T15:23:36Z</time></trkpt>
      <trkpt lat="41.393212" lon="-81.760456"><ele>226.1</ele><time>2026-09-05T15:23:37Z</time></trkpt>
      <trkpt lat="41.393218" lon="-81.760447"><ele>226.1</ele><time>2026-09-05T15:23:38Z</time></trkpt>
      <trkpt lat="41.393225" lon="-81.760437"><ele>226.1</ele><time>2026-09-05T15:23:39Z</time></trkpt>
      <trkpt lat="41.393231" lon="-81.760429"><ele>226.1</ele><time>2026-09-05T15:23:40Z</time></trkpt>
      <trkpt lat="41.393237" lon="-81.760421"><ele>226.1</ele><time>2026-09-05T15:23:41Z</time></trkpt>
      <trkpt lat="41.393244" lon="-81.760412"><ele>226.1</ele><time>2026-09-05T15:23:42Z</time></trkpt>
      <trkpt lat="41.393252" lon="-81.760402"><ele>226.1</ele><time>2026-09-05T15:23:43Z</time></trkpt>
      <trkpt lat="41.39326" lon="-81.760394"><ele>226.1</ele><time>2026-09-05T15:23:44Z</time></trkpt>
      <trkpt lat="41.393268" lon="-81.760386"><ele>226.1</ele><time>2026-09-05T15:23:45Z</time></trkpt>
      <trkpt lat="41.393276" lon="-81.760378"><ele>226.1</ele><time>2026-09-05T15:23:46Z</time></trkpt>
      <trkpt lat="41.393284" lon="-81.760372"><ele>226.1</ele><time>2026-09-05T15:23:47Z</time></trkpt>
      <trkpt lat="41.393293" lon="-81.760365"><ele>226.1</ele><time>2026-09-05T15:23:48Z</time></trkpt>
      <trkpt lat="41.3933" lon="-81.760361"><ele>226.1</ele><time>2026-09-05T15:23:49Z</time></trkpt>
      <trkpt lat="41.393306" lon="-81.760356"><ele>226.1</ele><time>2026-09-05T15:23:50Z</time></trkpt>
      <trkpt lat="41.393307" lon="-81.760351"><ele>226.1</ele><time>2026-09-05T15:23:51Z</time></trkpt>
      <trkpt lat="41.393305" lon="-81.760348"><ele>226.1</ele><time>2026-09-05T15:23:52Z</time></trkpt>
      <trkpt lat="41.393303" lon="-81.760345"><ele>226.1</ele><time>2026-09-05T15:23:53Z</time></trkpt>
      <trkpt lat="41.3933" lon="-81.760341"><ele>226.1</ele><time>2026-09-05T15:23:54Z</time></trkpt>
      <trkpt lat="41.393296" lon="-81.760336"><ele>226.1</ele><time>2026-09-05T15:23:55Z</time></trkpt>
      <trkpt lat="41.393289" lon="-81.760329"><ele>226.1</ele><time>2026-09-05T15:23:56Z</time></trkpt>
      <trkpt lat="41.393282" lon="-81.760321"><ele>226.1</ele><time>2026-09-05T15:23:57Z</time></trkpt>
      <trkpt lat="41.393273" lon="-81.760311"><ele>226.1</ele><time>2026-09-05T15:23:58Z</time></trkpt>
      <trkpt lat="41.393266" lon="-81.760301"><ele>226</ele><time>2026-09-05T15:23:59Z</time></trkpt>
      <trkpt lat="41.393261" lon="-81.760294"><ele>226</ele><time>2026-09-05T15:24:00Z</time></trkpt>
      <trkpt lat="41.393258" lon="-81.760288"><ele>226</ele><time>2026-09-05T15:24:01Z</time></trkpt>
      <trkpt lat="41.393256" lon="-81.760284"><ele>226</ele><time>2026-09-05T15:24:02Z</time></trkpt>
      <trkpt lat="41.393253" lon="-81.76028"><ele>226</ele><time>2026-09-05T15:24:03Z</time></trkpt>
      <trkpt lat="41.393251" lon="-81.760277"><ele>226</ele><time>2026-09-05T15:24:04Z</time></trkpt>
      <trkpt lat="41.393251" lon="-81.760274"><ele>226</ele><time>2026-09-05T15:24:05Z</time></trkpt>
      <trkpt lat="41.393254" lon="-81.760269"><ele>226</ele><time>2026-09-05T15:24:06Z</time></trkpt>
      <trkpt lat="41.393259" lon="-81.760262"><ele>226.1</ele><time>2026-09-05T15:24:07Z</time></trkpt>
      <trkpt lat="41.393264" lon="-81.760255"><ele>226.1</ele><time>2026-09-05T15:24:08Z</time></trkpt>
      <trkpt lat="41.393272" lon="-81.760241"><ele>226.1</ele><time>2026-09-05T15:24:09Z</time></trkpt>
      <trkpt lat="41.393279" lon="-81.760231"><ele>226.1</ele><time>2026-09-05T15:24:10Z</time></trkpt>
      <trkpt lat="41.393283" lon="-81.760222"><ele>226.1</ele><time>2026-09-05T15:24:11Z</time></trkpt>
      <trkpt lat="41.393286" lon="-81.760212"><ele>226.1</ele><time>2026-09-05T15:24:12Z</time></trkpt>
      <trkpt lat="41.393286" lon="-81.760207"><ele>226.1</ele><time>2026-09-05T15:24:13Z</time></trkpt>
      <trkpt lat="41.393287" lon="-81.760203"><ele>226.1</ele><time>2026-09-05T15:24:14Z</time></trkpt>
      <trkpt lat="41.393289" lon="-81.760196"><ele>226.1</ele><time>2026-09-05T15:24:15Z</time></trkpt>
      <trkpt lat="41.393293" lon="-81.760188"><ele>226.1</ele><time>2026-09-05T15:24:16Z</time></trkpt>
      <trkpt lat="41.3933" lon="-81.760176"><ele>226.1</ele><time>2026-09-05T15:24:17Z</time></trkpt>
      <trkpt lat="41.393306" lon="-81.760167"><ele>226.1</ele><time>2026-09-05T15:24:18Z</time></trkpt>
      <trkpt lat="41.393314" lon="-81.760156"><ele>226.1</ele><time>2026-09-05T15:24:19Z</time></trkpt>
      <trkpt lat="41.393321" lon="-81.760146"><ele>226.1</ele><time>2026-09-05T15:24:20Z</time></trkpt>
      <trkpt lat="41.393328" lon="-81.760136"><ele>226.1</ele><time>2026-09-05T15:24:21Z</time></trkpt>
      <trkpt lat="41.393331" lon="-81.760125"><ele>226.1</ele><time>2026-09-05T15:24:22Z</time></trkpt>
      <trkpt lat="41.393329" lon="-81.760116"><ele>226.1</ele><time>2026-09-05T15:24:23Z</time></trkpt>
      <trkpt lat="41.393325" lon="-81.760105"><ele>226.1</ele><time>2026-09-05T15:24:24Z</time></trkpt>
      <trkpt lat="41.393318" lon="-81.760093"><ele>226.1</ele><time>2026-09-05T15:24:25Z</time></trkpt>
      <trkpt lat="41.393312" lon="-81.760082"><ele>226.1</ele><time>2026-09-05T15:24:26Z</time></trkpt>
      <trkpt lat="41.393306" lon="-81.760073"><ele>226.1</ele><time>2026-09-05T15:24:27Z</time></trkpt>
      <trkpt lat="41.3933" lon="-81.760062"><ele>226.1</ele><time>2026-09-05T15:24:28Z</time></trkpt>
      <trkpt lat="41.393294" lon="-81.760053"><ele>226.1</ele><time>2026-09-05T15:24:29Z</time></trkpt>
      <trkpt lat="41.393288" lon="-81.760044"><ele>226.1</ele><time>2026-09-05T15:24:30Z</time></trkpt>
      <trkpt lat="41.393283" lon="-81.760036"><ele>226.1</ele><time>2026-09-05T15:24:31Z</time></trkpt>
      <trkpt lat="41.393278" lon="-81.760028"><ele>226</ele><time>2026-09-05T15:24:32Z</time></trkpt>
      <trkpt lat="41.393271" lon="-81.760019"><ele>226</ele><time>2026-09-05T15:24:33Z</time></trkpt>
      <trkpt lat="41.393263" lon="-81.76001"><ele>226.1</ele><time>2026-09-05T15:24:34Z</time></trkpt>
      <trkpt lat="41.393257" lon="-81.760003"><ele>226</ele><time>2026-09-05T15:24:35Z</time></trkpt>
      <trkpt lat="41.39325" lon="-81.759995"><ele>226</ele><time>2026-09-05T15:24:36Z</time></trkpt>
      <trkpt lat="41.393244" lon="-81.759988"><ele>226</ele><time>2026-09-05T15:24:37Z</time></trkpt>
      <trkpt lat="41.393238" lon="-81.75998"><ele>226.1</ele><time>2026-09-05T15:24:38Z</time></trkpt>
      <trkpt lat="41.393232" lon="-81.759971"><ele>226.1</ele><time>2026-09-05T15:24:39Z</time></trkpt>
      <trkpt lat="41.393226" lon="-81.75996"><ele>226.1</ele><time>2026-09-05T15:24:40Z</time></trkpt>
      <trkpt lat="41.393221" lon="-81.759949"><ele>226.1</ele><time>2026-09-05T15:24:41Z</time></trkpt>
      <trkpt lat="41.393214" lon="-81.759938"><ele>226.1</ele><time>2026-09-05T15:24:42Z</time></trkpt>
      <trkpt lat="41.393209" lon="-81.759928"><ele>226.1</ele><time>2026-09-05T15:24:43Z</time></trkpt>
      <trkpt lat="41.393204" lon="-81.759919"><ele>226.1</ele><time>2026-09-05T15:24:44Z</time></trkpt>
      <trkpt lat="41.393199" lon="-81.759909"><ele>226.1</ele><time>2026-09-05T15:24:45Z</time></trkpt>
      <trkpt lat="41.393196" lon="-81.759902"><ele>226</ele><time>2026-09-05T15:24:46Z</time></trkpt>
      <trkpt lat="41.393191" lon="-81.759894"><ele>226</ele><time>2026-09-05T15:24:47Z</time></trkpt>
      <trkpt lat="41.393187" lon="-81.759887"><ele>226</ele><time>2026-09-05T15:24:48Z</time></trkpt>
      <trkpt lat="41.393183" lon="-81.759881"><ele>226</ele><time>2026-09-05T15:24:49Z</time></trkpt>
      <trkpt lat="41.393178" lon="-81.759873"><ele>226</ele><time>2026-09-05T15:24:50Z</time></trkpt>
      <trkpt lat="41.393174" lon="-81.759865"><ele>226</ele><time>2026-09-05T15:24:51Z</time></trkpt>
      <trkpt lat="41.39317" lon="-81.759855"><ele>226</ele><time>2026-09-05T15:24:52Z</time></trkpt>
      <trkpt lat="41.393167" lon="-81.759844"><ele>226</ele><time>2026-09-05T15:24:53Z</time></trkpt>
      <trkpt lat="41.393163" lon="-81.759835"><ele>226</ele><time>2026-09-05T15:24:54Z</time></trkpt>
      <trkpt lat="41.393158" lon="-81.759824"><ele>226</ele><time>2026-09-05T15:24:55Z</time></trkpt>
      <trkpt lat="41.393153" lon="-81.759814"><ele>226</ele><time>2026-09-05T15:24:56Z</time></trkpt>
      <trkpt lat="41.393148" lon="-81.759802"><ele>226</ele><time>2026-09-05T15:24:57Z</time></trkpt>
      <trkpt lat="41.393143" lon="-81.759786"><ele>226</ele><time>2026-09-05T15:24:58Z</time></trkpt>
      <trkpt lat="41.393139" lon="-81.759774"><ele>226</ele><time>2026-09-05T15:24:59Z</time></trkpt>
      <trkpt lat="41.393135" lon="-81.75976"><ele>226</ele><time>2026-09-05T15:25:00Z</time></trkpt>
      <trkpt lat="41.393132" lon="-81.759748"><ele>226</ele><time>2026-09-05T15:25:01Z</time></trkpt>
      <trkpt lat="41.393129" lon="-81.759736"><ele>226</ele><time>2026-09-05T15:25:02Z</time></trkpt>
      <trkpt lat="41.393127" lon="-81.759723"><ele>226</ele><time>2026-09-05T15:25:03Z</time></trkpt>
      <trkpt lat="41.393125" lon="-81.75971"><ele>226</ele><time>2026-09-05T15:25:04Z</time></trkpt>
      <trkpt lat="41.393123" lon="-81.759698"><ele>226</ele><time>2026-09-05T15:25:05Z</time></trkpt>
      <trkpt lat="41.393121" lon="-81.759687"><ele>226</ele><time>2026-09-05T15:25:06Z</time></trkpt>
      <trkpt lat="41.393119" lon="-81.759674"><ele>226</ele><time>2026-09-05T15:25:07Z</time></trkpt>
      <trkpt lat="41.393117" lon="-81.759663"><ele>226</ele><time>2026-09-05T15:25:08Z</time></trkpt>
      <trkpt lat="41.393115" lon="-81.759653"><ele>226.1</ele><time>2026-09-05T15:25:09Z</time></trkpt>
      <trkpt lat="41.393113" lon="-81.759642"><ele>226.1</ele><time>2026-09-05T15:25:10Z</time></trkpt>
      <trkpt lat="41.393111" lon="-81.759632"><ele>226.1</ele><time>2026-09-05T15:25:11Z</time></trkpt>
      <trkpt lat="41.393109" lon="-81.759625"><ele>226.1</ele><time>2026-09-05T15:25:12Z</time></trkpt>
      <trkpt lat="41.393109" lon="-81.759622"><ele>226.1</ele><time>2026-09-05T15:25:13Z</time></trkpt>
      <trkpt lat="41.39311" lon="-81.759622"><ele>226.1</ele><time>2026-09-05T15:25:14Z</time></trkpt>
      <trkpt lat="41.393111" lon="-81.759625"><ele>226.1</ele><time>2026-09-05T15:25:15Z</time></trkpt>
      <trkpt lat="41.393111" lon="-81.759627"><ele>226.1</ele><time>2026-09-05T15:25:16Z</time></trkpt>
      <trkpt lat="41.393111" lon="-81.759629"><ele>226</ele><time>2026-09-05T15:25:17Z</time></trkpt>
      <trkpt lat="41.39311" lon="-81.759627"><ele>226</ele><time>2026-09-05T15:25:18Z</time></trkpt>
      <trkpt lat="41.393109" lon="-81.759623"><ele>226</ele><time>2026-09-05T15:25:19Z</time></trkpt>
      <trkpt lat="41.393107" lon="-81.759616"><ele>226</ele><time>2026-09-05T15:25:20Z</time></trkpt>
      <trkpt lat="41.393107" lon="-81.759607"><ele>226</ele><time>2026-09-05T15:25:21Z</time></trkpt>
      <trkpt lat="41.393106" lon="-81.759597"><ele>226</ele><time>2026-09-05T15:25:22Z</time></trkpt>
      <trkpt lat="41.393105" lon="-81.759588"><ele>226</ele><time>2026-09-05T15:25:23Z</time></trkpt>
      <trkpt lat="41.393103" lon="-81.759577"><ele>226</ele><time>2026-09-05T15:25:24Z</time></trkpt>
      <trkpt lat="41.393101" lon="-81.759564"><ele>226.1</ele><time>2026-09-05T15:25:25Z</time></trkpt>
      <trkpt lat="41.393099" lon="-81.759553"><ele>226.1</ele><time>2026-09-05T15:25:26Z</time></trkpt>
      <trkpt lat="41.393098" lon="-81.759541"><ele>226.1</ele><time>2026-09-05T15:25:27Z</time></trkpt>
      <trkpt lat="41.393096" lon="-81.759531"><ele>226.1</ele><time>2026-09-05T15:25:28Z</time></trkpt>
      <trkpt lat="41.393093" lon="-81.759519"><ele>226.1</ele><time>2026-09-05T15:25:29Z</time></trkpt>
      <trkpt lat="41.393091" lon="-81.759508"><ele>226.1</ele><time>2026-09-05T15:25:30Z</time></trkpt>
      <trkpt lat="41.393089" lon="-81.759499"><ele>226.1</ele><time>2026-09-05T15:25:31Z</time></trkpt>
      <trkpt lat="41.393087" lon="-81.759489"><ele>226</ele><time>2026-09-05T15:25:32Z</time></trkpt>
      <trkpt lat="41.393084" lon="-81.75948"><ele>226</ele><time>2026-09-05T15:25:33Z</time></trkpt>
      <trkpt lat="41.39308" lon="-81.75947"><ele>226</ele><time>2026-09-05T15:25:34Z</time></trkpt>
      <trkpt lat="41.393074" lon="-81.759461"><ele>226</ele><time>2026-09-05T15:25:35Z</time></trkpt>
      <trkpt lat="41.393066" lon="-81.75945"><ele>226</ele><time>2026-09-05T15:25:36Z</time></trkpt>
      <trkpt lat="41.393058" lon="-81.759441"><ele>226</ele><time>2026-09-05T15:25:37Z</time></trkpt>
      <trkpt lat="41.393051" lon="-81.759431"><ele>226</ele><time>2026-09-05T15:25:38Z</time></trkpt>
      <trkpt lat="41.393044" lon="-81.759421"><ele>226</ele><time>2026-09-05T15:25:39Z</time></trkpt>
      <trkpt lat="41.393037" lon="-81.75941"><ele>226</ele><time>2026-09-05T15:25:40Z</time></trkpt>
      <trkpt lat="41.39303" lon="-81.759399"><ele>226</ele><time>2026-09-05T15:25:41Z</time></trkpt>
      <trkpt lat="41.393024" lon="-81.759388"><ele>226</ele><time>2026-09-05T15:25:42Z</time></trkpt>
      <trkpt lat="41.393019" lon="-81.759379"><ele>226</ele><time>2026-09-05T15:25:43Z</time></trkpt>
      <trkpt lat="41.393014" lon="-81.759368"><ele>226</ele><time>2026-09-05T15:25:44Z</time></trkpt>
      <trkpt lat="41.39301" lon="-81.759357"><ele>226</ele><time>2026-09-05T15:25:45Z</time></trkpt>
      <trkpt lat="41.393006" lon="-81.759346"><ele>226</ele><time>2026-09-05T15:25:46Z</time></trkpt>
      <trkpt lat="41.393002" lon="-81.759335"><ele>226</ele><time>2026-09-05T15:25:47Z</time></trkpt>
      <trkpt lat="41.392998" lon="-81.759321"><ele>226</ele><time>2026-09-05T15:25:48Z</time></trkpt>
      <trkpt lat="41.392993" lon="-81.759307"><ele>227.1</ele><time>2026-09-05T15:25:49Z</time></trkpt>
      <trkpt lat="41.392989" lon="-81.759295"><ele>227.1</ele><time>2026-09-05T15:25:50Z</time></trkpt>
      <trkpt lat="41.392983" lon="-81.759283"><ele>227.1</ele><time>2026-09-05T15:25:51Z</time></trkpt>
      <trkpt lat="41.392977" lon="-81.759271"><ele>227.1</ele><time>2026-09-05T15:25:52Z</time></trkpt>
      <trkpt lat="41.392971" lon="-81.759261"><ele>227.1</ele><time>2026-09-05T15:25:53Z</time></trkpt>
      <trkpt lat="41.392965" lon="-81.75925"><ele>227.1</ele><time>2026-09-05T15:25:54Z</time></trkpt>
      <trkpt lat="41.39296" lon="-81.759241"><ele>227.1</ele><time>2026-09-05T15:25:55Z</time></trkpt>
      <trkpt lat="41.392955" lon="-81.759232"><ele>227.1</ele><time>2026-09-05T15:25:56Z</time></trkpt>
      <trkpt lat="41.39295" lon="-81.759224"><ele>227.1</ele><time>2026-09-05T15:25:57Z</time></trkpt>
      <trkpt lat="41.392944" lon="-81.759214"><ele>227.1</ele><time>2026-09-05T15:25:58Z</time></trkpt>
      <trkpt lat="41.392939" lon="-81.759204"><ele>227.1</ele><time>2026-09-05T15:25:59Z</time></trkpt>
      <trkpt lat="41.392932" lon="-81.759191"><ele>227.1</ele><time>2026-09-05T15:26:00Z</time></trkpt>
      <trkpt lat="41.392924" lon="-81.759176"><ele>227.1</ele><time>2026-09-05T15:26:01Z</time></trkpt>
      <trkpt lat="41.392915" lon="-81.759164"><ele>227.1</ele><time>2026-09-05T15:26:02Z</time></trkpt>
      <trkpt lat="41.39291" lon="-81.759159"><ele>227.1</ele><time>2026-09-05T15:26:03Z</time></trkpt>
      <trkpt lat="41.392907" lon="-81.759152"><ele>227</ele><time>2026-09-05T15:26:04Z</time></trkpt>
      <trkpt lat="41.392901" lon="-81.759142"><ele>227</ele><time>2026-09-05T15:26:05Z</time></trkpt>
      <trkpt lat="41.392896" lon="-81.759134"><ele>227</ele><time>2026-09-05T15:26:06Z</time></trkpt>
      <trkpt lat="41.392894" lon="-81.759128"><ele>227</ele><time>2026-09-05T15:26:07Z</time></trkpt>
      <trkpt lat="41.392895" lon="-81.759122"><ele>227</ele><time>2026-09-05T15:26:08Z</time></trkpt>
      <trkpt lat="41.392898" lon="-81.759115"><ele>227</ele><time>2026-09-05T15:26:09Z</time></trkpt>
      <trkpt lat="41.392902" lon="-81.759109"><ele>227</ele><time>2026-09-05T15:26:10Z</time></trkpt>
      <trkpt lat="41.392909" lon="-81.7591"><ele>227</ele><time>2026-09-05T15:26:11Z</time></trkpt>
      <trkpt lat="41.392918" lon="-81.759089"><ele>227.3</ele><time>2026-09-05T15:26:12Z</time></trkpt>
      <trkpt lat="41.392926" lon="-81.759078"><ele>227.3</ele><time>2026-09-05T15:26:13Z</time></trkpt>
      <trkpt lat="41.392934" lon="-81.759066"><ele>227.3</ele><time>2026-09-05T15:26:14Z</time></trkpt>
      <trkpt lat="41.392941" lon="-81.759055"><ele>227.3</ele><time>2026-09-05T15:26:15Z</time></trkpt>
      <trkpt lat="41.392948" lon="-81.759045"><ele>227.3</ele><time>2026-09-05T15:26:16Z</time></trkpt>
      <trkpt lat="41.392957" lon="-81.759034"><ele>227.3</ele><time>2026-09-05T15:26:17Z</time></trkpt>
      <trkpt lat="41.392965" lon="-81.759021"><ele>227.3</ele><time>2026-09-05T15:26:18Z</time></trkpt>
      <trkpt lat="41.39297" lon="-81.759011"><ele>227</ele><time>2026-09-05T15:26:19Z</time></trkpt>
      <trkpt lat="41.392976" lon="-81.758997"><ele>227</ele><time>2026-09-05T15:26:20Z</time></trkpt>
      <trkpt lat="41.392981" lon="-81.758984"><ele>227</ele><time>2026-09-05T15:26:21Z</time></trkpt>
      <trkpt lat="41.392985" lon="-81.75897"><ele>227</ele><time>2026-09-05T15:26:22Z</time></trkpt>
      <trkpt lat="41.392986" lon="-81.758958"><ele>227</ele><time>2026-09-05T15:26:23Z</time></trkpt>
      <trkpt lat="41.392983" lon="-81.758945"><ele>227</ele><time>2026-09-05T15:26:24Z</time></trkpt>
      <trkpt lat="41.392978" lon="-81.758936"><ele>227</ele><time>2026-09-05T15:26:25Z</time></trkpt>
      <trkpt lat="41.392972" lon="-81.758927"><ele>227</ele><time>2026-09-05T15:26:26Z</time></trkpt>
      <trkpt lat="41.392964" lon="-81.75892"><ele>227.3</ele><time>2026-09-05T15:26:27Z</time></trkpt>
      <trkpt lat="41.392953" lon="-81.758911"><ele>227.3</ele><time>2026-09-05T15:26:28Z</time></trkpt>
      <trkpt lat="41.392941" lon="-81.758902"><ele>227.3</ele><time>2026-09-05T15:26:29Z</time></trkpt>
      <trkpt lat="41.39293" lon="-81.758893"><ele>227.3</ele><time>2026-09-05T15:26:30Z</time></trkpt>
      <trkpt lat="41.392919" lon="-81.758883"><ele>227.3</ele><time>2026-09-05T15:26:31Z</time></trkpt>
      <trkpt lat="41.392908" lon="-81.75887"><ele>227.3</ele><time>2026-09-05T15:26:32Z</time></trkpt>
      <trkpt lat="41.392898" lon="-81.758858"><ele>227.3</ele><time>2026-09-05T15:26:33Z</time></trkpt>
      <trkpt lat="41.392888" lon="-81.758845"><ele>227.3</ele><time>2026-09-05T15:26:34Z</time></trkpt>
      <trkpt lat="41.392879" lon="-81.758832"><ele>227.1</ele><time>2026-09-05T15:26:35Z</time></trkpt>
      <trkpt lat="41.392871" lon="-81.758818"><ele>227.1</ele><time>2026-09-05T15:26:36Z</time></trkpt>
      <trkpt lat="41.392864" lon="-81.758803"><ele>227.1</ele><time>2026-09-05T15:26:37Z</time></trkpt>
      <trkpt lat="41.39286" lon="-81.758794"><ele>227.1</ele><time>2026-09-05T15:26:38Z</time></trkpt>
      <trkpt lat="41.392852" lon="-81.75878"><ele>227.1</ele><time>2026-09-05T15:26:39Z</time></trkpt>
      <trkpt lat="41.392843" lon="-81.758769"><ele>227.1</ele><time>2026-09-05T15:26:40Z</time></trkpt>
      <trkpt lat="41.392838" lon="-81.758762"><ele>227.1</ele><time>2026-09-05T15:26:41Z</time></trkpt>
      <trkpt lat="41.392834" lon="-81.758753"><ele>227.1</ele><time>2026-09-05T15:26:42Z</time></trkpt>
      <trkpt lat="41.39283" lon="-81.758751"><ele>227.5</ele><time>2026-09-05T15:26:43Z</time></trkpt>
      <trkpt lat="41.392829" lon="-81.75875"><ele>227.5</ele><time>2026-09-05T15:26:44Z</time></trkpt>
      <trkpt lat="41.39283" lon="-81.758749"><ele>227.1</ele><time>2026-09-05T15:26:45Z</time></trkpt>
      <trkpt lat="41.392831" lon="-81.758748"><ele>227.1</ele><time>2026-09-05T15:26:46Z</time></trkpt>
      <trkpt lat="41.392833" lon="-81.758748"><ele>227</ele><time>2026-09-05T15:26:47Z</time></trkpt>
      <trkpt lat="41.392835" lon="-81.758747"><ele>227</ele><time>2026-09-05T15:26:48Z</time></trkpt>
      <trkpt lat="41.392835" lon="-81.758745"><ele>227</ele><time>2026-09-05T15:26:49Z</time></trkpt>
      <trkpt lat="41.392834" lon="-81.758744"><ele>227</ele><time>2026-09-05T15:26:50Z</time></trkpt>
      <trkpt lat="41.392833" lon="-81.758741"><ele>225.3</ele><time>2026-09-05T15:26:51Z</time></trkpt>
      <trkpt lat="41.392833" lon="-81.758739"><ele>225.3</ele><time>2026-09-05T15:26:52Z</time></trkpt>
      <trkpt lat="41.392833" lon="-81.758738"><ele>227</ele><time>2026-09-05T15:26:53Z</time></trkpt>
      <trkpt lat="41.392832" lon="-81.758738"><ele>227</ele><time>2026-09-05T15:26:54Z</time></trkpt>
      <trkpt lat="41.392833" lon="-81.758738"><ele>225.5</ele><time>2026-09-05T15:26:55Z</time></trkpt>
      <trkpt lat="41.392833" lon="-81.758739"><ele>227.1</ele><time>2026-09-05T15:26:56Z</time></trkpt>
      <trkpt lat="41.392833" lon="-81.75874"><ele>227.1</ele><time>2026-09-05T15:26:57Z</time></trkpt>
      <trkpt lat="41.392833" lon="-81.75874"><ele>227.1</ele><time>2026-09-05T15:26:58Z</time></trkpt>
      <trkpt lat="41.392833" lon="-81.75874"><ele>227.1</ele><time>2026-09-05T15:26:59Z</time></trkpt>
      <trkpt lat="41.392833" lon="-81.75874"><ele>227.1</ele><time>2026-09-05T15:27:00Z</time></trkpt>
      <trkpt lat="41.392833" lon="-81.75874"><ele>227.1</ele><time>2026-09-05T15:27:01Z</time></trkpt>
      <trkpt lat="41.392832" lon="-81.75874"><ele>227.1</ele><time>2026-09-05T15:27:02Z</time></trkpt>
      <trkpt lat="41.392832" lon="-81.75874"><ele>227.1</ele><time>2026-09-05T15:27:03Z</time></trkpt>
      <trkpt lat="41.392832" lon="-81.758741"><ele>227.1</ele><time>2026-09-05T15:27:04Z</time></trkpt>
      <trkpt lat="41.392831" lon="-81.758739"><ele>227.1</ele><time>2026-09-05T15:27:05Z</time></trkpt>
      <trkpt lat="41.392829" lon="-81.758733"><ele>227.5</ele><time>2026-09-05T15:27:06Z</time></trkpt>
      <trkpt lat="41.392828" lon="-81.75873"><ele>227.5</ele><time>2026-09-05T15:27:07Z</time></trkpt>
      <trkpt lat="41.392828" lon="-81.758728"><ele>227.5</ele><time>2026-09-05T15:27:08Z</time></trkpt>
      <trkpt lat="41.392829" lon="-81.758727"><ele>227.5</ele><time>2026-09-05T15:27:09Z</time></trkpt>
      <trkpt lat="41.39283" lon="-81.758726"><ele>227.5</ele><time>2026-09-05T15:27:10Z</time></trkpt>
      <trkpt lat="41.39283" lon="-81.758725"><ele>227.5</ele><time>2026-09-05T15:27:11Z</time></trkpt>
      <trkpt lat="41.39283" lon="-81.758724"><ele>227.5</ele><time>2026-09-05T15:27:12Z</time></trkpt>
      <trkpt lat="41.39283" lon="-81.758723"><ele>227.5</ele><time>2026-09-05T15:27:13Z</time></trkpt>
      <trkpt lat="41.392829" lon="-81.758722"><ele>227.5</ele><time>2026-09-05T15:27:14Z</time></trkpt>
      <trkpt lat="41.392828" lon="-81.758722"><ele>227.5</ele><time>2026-09-05T15:27:15Z</time></trkpt>
      <trkpt lat="41.392827" lon="-81.758722"><ele>227.5</ele><time>2026-09-05T15:27:16Z</time></trkpt>
      <trkpt lat="41.392826" lon="-81.758722"><ele>227.5</ele><time>2026-09-05T15:27:17Z</time></trkpt>
      <trkpt lat="41.392825" lon="-81.758722"><ele>227.5</ele><time>2026-09-05T15:27:18Z</time></trkpt>
      <trkpt lat="41.392825" lon="-81.758722"><ele>227.5</ele><time>2026-09-05T15:27:19Z</time></trkpt>
      <trkpt lat="41.392825" lon="-81.758723"><ele>227.5</ele><time>2026-09-05T15:27:20Z</time></trkpt>
      <trkpt lat="41.392825" lon="-81.758725"><ele>227.1</ele><time>2026-09-05T15:27:21Z</time></trkpt>
      <trkpt lat="41.392825" lon="-81.758725"><ele>227.1</ele><time>2026-09-05T15:27:22Z</time></trkpt>
      <trkpt lat="41.392825" lon="-81.758725"><ele>227.1</ele><time>2026-09-05T15:27:23Z</time></trkpt>
      <trkpt lat="41.392825" lon="-81.758726"><ele>227.1</ele><time>2026-09-05T15:27:24Z</time></trkpt>
      <trkpt lat="41.392825" lon="-81.758727"><ele>227.1</ele><time>2026-09-05T15:27:25Z</time></trkpt>
      <trkpt lat="41.392825" lon="-81.758729"><ele>227.1</ele><time>2026-09-05T15:27:26Z</time></trkpt>
      <trkpt lat="41.392824" lon="-81.758731"><ele>227.1</ele><time>2026-09-05T15:27:27Z</time></trkpt>
      <trkpt lat="41.392823" lon="-81.758731"><ele>227.1</ele><time>2026-09-05T15:27:28Z</time></trkpt>
      <trkpt lat="41.392823" lon="-81.758731"><ele>227.1</ele><time>2026-09-05T15:27:29Z</time></trkpt>
      <trkpt lat="41.392822" lon="-81.758731"><ele>227.1</ele><time>2026-09-05T15:27:30Z</time></trkpt>
      <trkpt lat="41.392821" lon="-81.75873"><ele>227.1</ele><time>2026-09-05T15:27:31Z</time></trkpt>
      <trkpt lat="41.392819" lon="-81.758728"><ele>227.1</ele><time>2026-09-05T15:27:32Z</time></trkpt>
      <trkpt lat="41.392816" lon="-81.758723"><ele>227.1</ele><time>2026-09-05T15:27:33Z</time></trkpt>
      <trkpt lat="41.392811" lon="-81.758716"><ele>227.1</ele><time>2026-09-05T15:27:34Z</time></trkpt>
      <trkpt lat="41.392806" lon="-81.758707"><ele>227.1</ele><time>2026-09-05T15:27:35Z</time></trkpt>
      <trkpt lat="41.392801" lon="-81.758698"><ele>227.1</ele><time>2026-09-05T15:27:36Z</time></trkpt>
      <trkpt lat="41.392793" lon="-81.758682"><ele>227.2</ele><time>2026-09-05T15:27:37Z</time></trkpt>
      <trkpt lat="41.392787" lon="-81.758671"><ele>227.2</ele><time>2026-09-05T15:27:38Z</time></trkpt>
      <trkpt lat="41.392779" lon="-81.758658"><ele>227.2</ele><time>2026-09-05T15:27:39Z</time></trkpt>
      <trkpt lat="41.392772" lon="-81.758648"><ele>227.2</ele><time>2026-09-05T15:27:40Z</time></trkpt>
      <trkpt lat="41.392767" lon="-81.758641"><ele>227.2</ele><time>2026-09-05T15:27:41Z</time></trkpt>
      <trkpt lat="41.392761" lon="-81.758634"><ele>227.2</ele><time>2026-09-05T15:27:42Z</time></trkpt>
      <trkpt lat="41.392754" lon="-81.758625"><ele>227.2</ele><time>2026-09-05T15:27:43Z</time></trkpt>
      <trkpt lat="41.392746" lon="-81.758617"><ele>227.2</ele><time>2026-09-05T15:27:44Z</time></trkpt>
      <trkpt lat="41.392738" lon="-81.758608"><ele>227.5</ele><time>2026-09-05T15:27:45Z</time></trkpt>
      <trkpt lat="41.39273" lon="-81.758598"><ele>227.5</ele><time>2026-09-05T15:27:46Z</time></trkpt>
      <trkpt lat="41.392724" lon="-81.75859"><ele>227.5</ele><time>2026-09-05T15:27:47Z</time></trkpt>
      <trkpt lat="41.39272" lon="-81.758581"><ele>227.5</ele><time>2026-09-05T15:27:48Z</time></trkpt>
      <trkpt lat="41.392715" lon="-81.758572"><ele>227.5</ele><time>2026-09-05T15:27:49Z</time></trkpt>
      <trkpt lat="41.392711" lon="-81.758562"><ele>227.5</ele><time>2026-09-05T15:27:50Z</time></trkpt>
      <trkpt lat="41.392708" lon="-81.758554"><ele>227.5</ele><time>2026-09-05T15:27:51Z</time></trkpt>
      <trkpt lat="41.392704" lon="-81.758543"><ele>227.5</ele><time>2026-09-05T15:27:52Z</time></trkpt>
      <trkpt lat="41.3927" lon="-81.758532"><ele>227.5</ele><time>2026-09-05T15:27:53Z</time></trkpt>
      <trkpt lat="41.392695" lon="-81.758523"><ele>227.5</ele><time>2026-09-05T15:27:54Z</time></trkpt>
      <trkpt lat="41.392689" lon="-81.758515"><ele>227.5</ele><time>2026-09-05T15:27:55Z</time></trkpt>
      <trkpt lat="41.392684" lon="-81.758506"><ele>227.5</ele><time>2026-09-05T15:27:56Z</time></trkpt>
      <trkpt lat="41.392678" lon="-81.758499"><ele>227.5</ele><time>2026-09-05T15:27:57Z</time></trkpt>
      <trkpt lat="41.392673" lon="-81.75849"><ele>227.5</ele><time>2026-09-05T15:27:58Z</time></trkpt>
      <trkpt lat="41.392667" lon="-81.758479"><ele>227.5</ele><time>2026-09-05T15:27:59Z</time></trkpt>
      <trkpt lat="41.392662" lon="-81.75847"><ele>227.5</ele><time>2026-09-05T15:28:00Z</time></trkpt>
      <trkpt lat="41.392656" lon="-81.758461"><ele>227.5</ele><time>2026-09-05T15:28:01Z</time></trkpt>
      <trkpt lat="41.39265" lon="-81.75845"><ele>227.5</ele><time>2026-09-05T15:28:02Z</time></trkpt>
      <trkpt lat="41.392645" lon="-81.75844"><ele>227.5</ele><time>2026-09-05T15:28:03Z</time></trkpt>
      <trkpt lat="41.392641" lon="-81.75843"><ele>227.5</ele><time>2026-09-05T15:28:04Z</time></trkpt>
      <trkpt lat="41.392637" lon="-81.758422"><ele>227.5</ele><time>2026-09-05T15:28:05Z</time></trkpt>
      <trkpt lat="41.392633" lon="-81.758418"><ele>227.5</ele><time>2026-09-05T15:28:06Z</time></trkpt>
      <trkpt lat="41.392629" lon="-81.758415"><ele>227.5</ele><time>2026-09-05T15:28:07Z</time></trkpt>
      <trkpt lat="41.392627" lon="-81.758417"><ele>227.5</ele><time>2026-09-05T15:28:08Z</time></trkpt>
      <trkpt lat="41.392627" lon="-81.75842"><ele>227.5</ele><time>2026-09-05T15:28:09Z</time></trkpt>
      <trkpt lat="41.392629" lon="-81.758421"><ele>227.5</ele><time>2026-09-05T15:28:10Z</time></trkpt>
      <trkpt lat="41.39263" lon="-81.758421"><ele>227.5</ele><time>2026-09-05T15:28:11Z</time></trkpt>
      <trkpt lat="41.392631" lon="-81.75842"><ele>227.5</ele><time>2026-09-05T15:28:12Z</time></trkpt>
      <trkpt lat="41.392631" lon="-81.758419"><ele>227.5</ele><time>2026-09-05T15:28:13Z</time></trkpt>
      <trkpt lat="41.39263" lon="-81.758416"><ele>227.5</ele><time>2026-09-05T15:28:14Z</time></trkpt>
      <trkpt lat="41.392629" lon="-81.758408"><ele>227.5</ele><time>2026-09-05T15:28:15Z</time></trkpt>
      <trkpt lat="41.392626" lon="-81.758398"><ele>227.5</ele><time>2026-09-05T15:28:16Z</time></trkpt>
      <trkpt lat="41.392621" lon="-81.758385"><ele>227.5</ele><time>2026-09-05T15:28:17Z</time></trkpt>
      <trkpt lat="41.392614" lon="-81.758371"><ele>227.5</ele><time>2026-09-05T15:28:18Z</time></trkpt>
      <trkpt lat="41.392604" lon="-81.758356"><ele>227.5</ele><time>2026-09-05T15:28:19Z</time></trkpt>
      <trkpt lat="41.392598" lon="-81.758346"><ele>227.5</ele><time>2026-09-05T15:28:20Z</time></trkpt>
      <trkpt lat="41.392593" lon="-81.758338"><ele>227.5</ele><time>2026-09-05T15:28:21Z</time></trkpt>
      <trkpt lat="41.392587" lon="-81.758326"><ele>227.5</ele><time>2026-09-05T15:28:22Z</time></trkpt>
      <trkpt lat="41.392583" lon="-81.758316"><ele>227.5</ele><time>2026-09-05T15:28:23Z</time></trkpt>
      <trkpt lat="41.392578" lon="-81.758302"><ele>227.5</ele><time>2026-09-05T15:28:24Z</time></trkpt>
      <trkpt lat="41.392573" lon="-81.758289"><ele>227.5</ele><time>2026-09-05T15:28:25Z</time></trkpt>
      <trkpt lat="41.39257" lon="-81.758279"><ele>227.5</ele><time>2026-09-05T15:28:26Z</time></trkpt>
      <trkpt lat="41.392566" lon="-81.758266"><ele>227.5</ele><time>2026-09-05T15:28:27Z</time></trkpt>
      <trkpt lat="41.392563" lon="-81.758254"><ele>227.5</ele><time>2026-09-05T15:28:28Z</time></trkpt>
      <trkpt lat="41.39256" lon="-81.75824"><ele>227.5</ele><time>2026-09-05T15:28:29Z</time></trkpt>
      <trkpt lat="41.392558" lon="-81.758228"><ele>227.5</ele><time>2026-09-05T15:28:30Z</time></trkpt>
      <trkpt lat="41.392557" lon="-81.758218"><ele>227.5</ele><time>2026-09-05T15:28:31Z</time></trkpt>
      <trkpt lat="41.392557" lon="-81.758206"><ele>227.5</ele><time>2026-09-05T15:28:32Z</time></trkpt>
      <trkpt lat="41.392556" lon="-81.758193"><ele>227.5</ele><time>2026-09-05T15:28:33Z</time></trkpt>
      <trkpt lat="41.392553" lon="-81.758182"><ele>227.5</ele><time>2026-09-05T15:28:34Z</time></trkpt>
      <trkpt lat="41.39255" lon="-81.758169"><ele>227.5</ele><time>2026-09-05T15:28:35Z</time></trkpt>
      <trkpt lat="41.392547" lon="-81.758157"><ele>227.5</ele><time>2026-09-05T15:28:36Z</time></trkpt>
      <trkpt lat="41.392546" lon="-81.758146"><ele>227.5</ele><time>2026-09-05T15:28:37Z</time></trkpt>
      <trkpt lat="41.392545" lon="-81.758134"><ele>227.5</ele><time>2026-09-05T15:28:38Z</time></trkpt>
      <trkpt lat="41.392544" lon="-81.758123"><ele>227.5</ele><time>2026-09-05T15:28:39Z</time></trkpt>
      <trkpt lat="41.392545" lon="-81.758111"><ele>227.5</ele><time>2026-09-05T15:28:40Z</time></trkpt>
      <trkpt lat="41.392543" lon="-81.758098"><ele>227.5</ele><time>2026-09-05T15:28:41Z</time></trkpt>
      <trkpt lat="41.392541" lon="-81.758085"><ele>227.5</ele><time>2026-09-05T15:28:42Z</time></trkpt>
      <trkpt lat="41.39254" lon="-81.758074"><ele>227.5</ele><time>2026-09-05T15:28:43Z</time></trkpt>
      <trkpt lat="41.39254" lon="-81.758058"><ele>227.5</ele><time>2026-09-05T15:28:44Z</time></trkpt>
      <trkpt lat="41.39254" lon="-81.758042"><ele>227.5</ele><time>2026-09-05T15:28:45Z</time></trkpt>
      <trkpt lat="41.392541" lon="-81.758029"><ele>227.5</ele><time>2026-09-05T15:28:46Z</time></trkpt>
      <trkpt lat="41.392543" lon="-81.758015"><ele>227.5</ele><time>2026-09-05T15:28:47Z</time></trkpt>
      <trkpt lat="41.392549" lon="-81.757998"><ele>227.5</ele><time>2026-09-05T15:28:48Z</time></trkpt>
      <trkpt lat="41.392551" lon="-81.757984"><ele>227.5</ele><time>2026-09-05T15:28:49Z</time></trkpt>
      <trkpt lat="41.392552" lon="-81.757972"><ele>227.5</ele><time>2026-09-05T15:28:50Z</time></trkpt>
      <trkpt lat="41.392551" lon="-81.757956"><ele>227.5</ele><time>2026-09-05T15:28:51Z</time></trkpt>
      <trkpt lat="41.392548" lon="-81.757941"><ele>227.5</ele><time>2026-09-05T15:28:52Z</time></trkpt>
      <trkpt lat="41.392546" lon="-81.757925"><ele>227.5</ele><time>2026-09-05T15:28:53Z</time></trkpt>
      <trkpt lat="41.392544" lon="-81.757912"><ele>227.5</ele><time>2026-09-05T15:28:54Z</time></trkpt>
      <trkpt lat="41.392544" lon="-81.757898"><ele>228.2</ele><time>2026-09-05T15:28:55Z</time></trkpt>
      <trkpt lat="41.392544" lon="-81.757886"><ele>228.2</ele><time>2026-09-05T15:28:56Z</time></trkpt>
      <trkpt lat="41.392544" lon="-81.757873"><ele>228.2</ele><time>2026-09-05T15:28:57Z</time></trkpt>
      <trkpt lat="41.392544" lon="-81.757859"><ele>228.2</ele><time>2026-09-05T15:28:58Z</time></trkpt>
      <trkpt lat="41.392544" lon="-81.757848"><ele>228.2</ele><time>2026-09-05T15:28:59Z</time></trkpt>
      <trkpt lat="41.392544" lon="-81.757837"><ele>228.2</ele><time>2026-09-05T15:29:00Z</time></trkpt>
      <trkpt lat="41.392544" lon="-81.757825"><ele>228.2</ele><time>2026-09-05T15:29:01Z</time></trkpt>
      <trkpt lat="41.392544" lon="-81.757815"><ele>228.2</ele><time>2026-09-05T15:29:02Z</time></trkpt>
      <trkpt lat="41.392545" lon="-81.757808"><ele>229</ele><time>2026-09-05T15:29:03Z</time></trkpt>
      <trkpt lat="41.392545" lon="-81.757804"><ele>227.5</ele><time>2026-09-05T15:29:04Z</time></trkpt>
      <trkpt lat="41.392544" lon="-81.7578"><ele>227.5</ele><time>2026-09-05T15:29:05Z</time></trkpt>
      <trkpt lat="41.392544" lon="-81.757797"><ele>229</ele><time>2026-09-05T15:29:06Z</time></trkpt>
      <trkpt lat="41.39254" lon="-81.757791"><ele>229</ele><time>2026-09-05T15:29:07Z</time></trkpt>
      <trkpt lat="41.392535" lon="-81.757777"><ele>229</ele><time>2026-09-05T15:29:08Z</time></trkpt>
      <trkpt lat="41.392532" lon="-81.757766"><ele>229</ele><time>2026-09-05T15:29:09Z</time></trkpt>
      <trkpt lat="41.392527" lon="-81.75775"><ele>229</ele><time>2026-09-05T15:29:10Z</time></trkpt>
      <trkpt lat="41.392525" lon="-81.757731"><ele>229.5</ele><time>2026-09-05T15:29:11Z</time></trkpt>
      <trkpt lat="41.392522" lon="-81.757717"><ele>229.5</ele><time>2026-09-05T15:29:12Z</time></trkpt>
      <trkpt lat="41.392518" lon="-81.7577"><ele>229.5</ele><time>2026-09-05T15:29:13Z</time></trkpt>
      <trkpt lat="41.392515" lon="-81.757681"><ele>229.5</ele><time>2026-09-05T15:29:14Z</time></trkpt>
      <trkpt lat="41.392511" lon="-81.757666"><ele>229.5</ele><time>2026-09-05T15:29:15Z</time></trkpt>
      <trkpt lat="41.392509" lon="-81.757654"><ele>229.5</ele><time>2026-09-05T15:29:16Z</time></trkpt>
      <trkpt lat="41.392508" lon="-81.757638"><ele>229.5</ele><time>2026-09-05T15:29:17Z</time></trkpt>
      <trkpt lat="41.392508" lon="-81.75762"><ele>229.3</ele><time>2026-09-05T15:29:18Z</time></trkpt>
      <trkpt lat="41.392508" lon="-81.757608"><ele>229.3</ele><time>2026-09-05T15:29:19Z</time></trkpt>
      <trkpt lat="41.392508" lon="-81.757598"><ele>229.3</ele><time>2026-09-05T15:29:20Z</time></trkpt>
      <trkpt lat="41.392508" lon="-81.757588"><ele>229.3</ele><time>2026-09-05T15:29:21Z</time></trkpt>
      <trkpt lat="41.392506" lon="-81.757578"><ele>229.3</ele><time>2026-09-05T15:29:22Z</time></trkpt>
      <trkpt lat="41.392503" lon="-81.757564"><ele>229.3</ele><time>2026-09-05T15:29:23Z</time></trkpt>
      <trkpt lat="41.3925" lon="-81.757548"><ele>229.3</ele><time>2026-09-05T15:29:24Z</time></trkpt>
      <trkpt lat="41.392497" lon="-81.757533"><ele>229.3</ele><time>2026-09-05T15:29:25Z</time></trkpt>
      <trkpt lat="41.392496" lon="-81.757519"><ele>229.3</ele><time>2026-09-05T15:29:26Z</time></trkpt>
      <trkpt lat="41.392497" lon="-81.757499"><ele>229.3</ele><time>2026-09-05T15:29:27Z</time></trkpt>
      <trkpt lat="41.392496" lon="-81.757481"><ele>229.3</ele><time>2026-09-05T15:29:28Z</time></trkpt>
      <trkpt lat="41.392494" lon="-81.757464"><ele>229.3</ele><time>2026-09-05T15:29:29Z</time></trkpt>
      <trkpt lat="41.392491" lon="-81.757448"><ele>229.3</ele><time>2026-09-05T15:29:30Z</time></trkpt>
      <trkpt lat="41.392488" lon="-81.757435"><ele>229.3</ele><time>2026-09-05T15:29:31Z</time></trkpt>
      <trkpt lat="41.392486" lon="-81.75742"><ele>229.3</ele><time>2026-09-05T15:29:32Z</time></trkpt>
      <trkpt lat="41.392485" lon="-81.757403"><ele>229.3</ele><time>2026-09-05T15:29:33Z</time></trkpt>
      <trkpt lat="41.392487" lon="-81.757385"><ele>229.3</ele><time>2026-09-05T15:29:34Z</time></trkpt>
      <trkpt lat="41.392487" lon="-81.75737"><ele>229.3</ele><time>2026-09-05T15:29:35Z</time></trkpt>
      <trkpt lat="41.392487" lon="-81.757355"><ele>229.3</ele><time>2026-09-05T15:29:36Z</time></trkpt>
      <trkpt lat="41.392486" lon="-81.757338"><ele>229.3</ele><time>2026-09-05T15:29:37Z</time></trkpt>
      <trkpt lat="41.392485" lon="-81.757322"><ele>229.3</ele><time>2026-09-05T15:29:38Z</time></trkpt>
      <trkpt lat="41.392483" lon="-81.757307"><ele>229.3</ele><time>2026-09-05T15:29:39Z</time></trkpt>
      <trkpt lat="41.392482" lon="-81.757292"><ele>229.3</ele><time>2026-09-05T15:29:40Z</time></trkpt>
      <trkpt lat="41.39248" lon="-81.757277"><ele>229.3</ele><time>2026-09-05T15:29:41Z</time></trkpt>
      <trkpt lat="41.392479" lon="-81.757262"><ele>229.3</ele><time>2026-09-05T15:29:42Z</time></trkpt>
      <trkpt lat="41.392478" lon="-81.757249"><ele>229.3</ele><time>2026-09-05T15:29:43Z</time></trkpt>
      <trkpt lat="41.392476" lon="-81.757235"><ele>229.3</ele><time>2026-09-05T15:29:44Z</time></trkpt>
      <trkpt lat="41.392475" lon="-81.757221"><ele>229.3</ele><time>2026-09-05T15:29:45Z</time></trkpt>
      <trkpt lat="41.392475" lon="-81.75721"><ele>229.3</ele><time>2026-09-05T15:29:46Z</time></trkpt>
      <trkpt lat="41.392476" lon="-81.7572"><ele>229.3</ele><time>2026-09-05T15:29:47Z</time></trkpt>
      <trkpt lat="41.392477" lon="-81.757187"><ele>229.3</ele><time>2026-09-05T15:29:48Z</time></trkpt>
      <trkpt lat="41.39248" lon="-81.757172"><ele>229.3</ele><time>2026-09-05T15:29:49Z</time></trkpt>
      <trkpt lat="41.392487" lon="-81.757151"><ele>229.3</ele><time>2026-09-05T15:29:50Z</time></trkpt>
      <trkpt lat="41.39249" lon="-81.757137"><ele>229.3</ele><time>2026-09-05T15:29:51Z</time></trkpt>
      <trkpt lat="41.392491" lon="-81.757122"><ele>229.3</ele><time>2026-09-05T15:29:52Z</time></trkpt>
      <trkpt lat="41.392492" lon="-81.757109"><ele>229.3</ele><time>2026-09-05T15:29:53Z</time></trkpt>
      <trkpt lat="41.392492" lon="-81.757096"><ele>229.3</ele><time>2026-09-05T15:29:54Z</time></trkpt>
      <trkpt lat="41.392492" lon="-81.757085"><ele>229.3</ele><time>2026-09-05T15:29:55Z</time></trkpt>
      <trkpt lat="41.392489" lon="-81.757071"><ele>229.3</ele><time>2026-09-05T15:29:56Z</time></trkpt>
      <trkpt lat="41.392488" lon="-81.75706"><ele>229.3</ele><time>2026-09-05T15:29:57Z</time></trkpt>
      <trkpt lat="41.392488" lon="-81.75705"><ele>229.5</ele><time>2026-09-05T15:29:58Z</time></trkpt>
      <trkpt lat="41.392486" lon="-81.757038"><ele>229.5</ele><time>2026-09-05T15:29:59Z</time></trkpt>
      <trkpt lat="41.392482" lon="-81.757026"><ele>229.5</ele><time>2026-09-05T15:30:00Z</time></trkpt>
      <trkpt lat="41.392477" lon="-81.757012"><ele>229.5</ele><time>2026-09-05T15:30:01Z</time></trkpt>
      <trkpt lat="41.392473" lon="-81.756999"><ele>229.5</ele><time>2026-09-05T15:30:02Z</time></trkpt>
      <trkpt lat="41.39247" lon="-81.756986"><ele>229.5</ele><time>2026-09-05T15:30:03Z</time></trkpt>
      <trkpt lat="41.392468" lon="-81.756975"><ele>229.5</ele><time>2026-09-05T15:30:04Z</time></trkpt>
      <trkpt lat="41.392468" lon="-81.756961"><ele>229.5</ele><time>2026-09-05T15:30:05Z</time></trkpt>
      <trkpt lat="41.392468" lon="-81.756949"><ele>229.5</ele><time>2026-09-05T15:30:06Z</time></trkpt>
      <trkpt lat="41.392467" lon="-81.756934"><ele>229.5</ele><time>2026-09-05T15:30:07Z</time></trkpt>
      <trkpt lat="41.392465" lon="-81.756919"><ele>229.5</ele><time>2026-09-05T15:30:08Z</time></trkpt>
      <trkpt lat="41.392463" lon="-81.756907"><ele>229.5</ele><time>2026-09-05T15:30:09Z</time></trkpt>
      <trkpt lat="41.392462" lon="-81.756896"><ele>229.5</ele><time>2026-09-05T15:30:10Z</time></trkpt>
      <trkpt lat="41.39246" lon="-81.756882"><ele>229.5</ele><time>2026-09-05T15:30:11Z</time></trkpt>
      <trkpt lat="41.392459" lon="-81.756869"><ele>229.5</ele><time>2026-09-05T15:30:12Z</time></trkpt>
      <trkpt lat="41.392461" lon="-81.756856"><ele>229.5</ele><time>2026-09-05T15:30:13Z</time></trkpt>
      <trkpt lat="41.392466" lon="-81.756841"><ele>229.5</ele><time>2026-09-05T15:30:14Z</time></trkpt>
      <trkpt lat="41.392469" lon="-81.756827"><ele>229.5</ele><time>2026-09-05T15:30:15Z</time></trkpt>
      <trkpt lat="41.39247" lon="-81.756813"><ele>229.5</ele><time>2026-09-05T15:30:16Z</time></trkpt>
      <trkpt lat="41.39247" lon="-81.756801"><ele>229.5</ele><time>2026-09-05T15:30:17Z</time></trkpt>
      <trkpt lat="41.39247" lon="-81.756787"><ele>229.5</ele><time>2026-09-05T15:30:18Z</time></trkpt>
      <trkpt lat="41.39247" lon="-81.756774"><ele>229.5</ele><time>2026-09-05T15:30:19Z</time></trkpt>
      <trkpt lat="41.392469" lon="-81.756763"><ele>229.5</ele><time>2026-09-05T15:30:20Z</time></trkpt>
      <trkpt lat="41.392468" lon="-81.756751"><ele>229.5</ele><time>2026-09-05T15:30:21Z</time></trkpt>
      <trkpt lat="41.392467" lon="-81.756737"><ele>229.5</ele><time>2026-09-05T15:30:22Z</time></trkpt>
      <trkpt lat="41.392465" lon="-81.756722"><ele>229.5</ele><time>2026-09-05T15:30:23Z</time></trkpt>
      <trkpt lat="41.392462" lon="-81.756708"><ele>229.5</ele><time>2026-09-05T15:30:24Z</time></trkpt>
      <trkpt lat="41.39246" lon="-81.756695"><ele>229.5</ele><time>2026-09-05T15:30:25Z</time></trkpt>
      <trkpt lat="41.392459" lon="-81.756681"><ele>229.5</ele><time>2026-09-05T15:30:26Z</time></trkpt>
      <trkpt lat="41.392457" lon="-81.756667"><ele>229.5</ele><time>2026-09-05T15:30:27Z</time></trkpt>
      <trkpt lat="41.392456" lon="-81.756656"><ele>229.5</ele><time>2026-09-05T15:30:28Z</time></trkpt>
      <trkpt lat="41.392455" lon="-81.756643"><ele>229.5</ele><time>2026-09-05T15:30:29Z</time></trkpt>
      <trkpt lat="41.392453" lon="-81.75663"><ele>229.5</ele><time>2026-09-05T15:30:30Z</time></trkpt>
      <trkpt lat="41.392452" lon="-81.756616"><ele>229.5</ele><time>2026-09-05T15:30:31Z</time></trkpt>
      <trkpt lat="41.39245" lon="-81.756604"><ele>229.5</ele><time>2026-09-05T15:30:32Z</time></trkpt>
      <trkpt lat="41.392449" lon="-81.756591"><ele>229.5</ele><time>2026-09-05T15:30:33Z</time></trkpt>
      <trkpt lat="41.392448" lon="-81.75658"><ele>229.5</ele><time>2026-09-05T15:30:34Z</time></trkpt>
      <trkpt lat="41.392448" lon="-81.756569"><ele>229.5</ele><time>2026-09-05T15:30:35Z</time></trkpt>
      <trkpt lat="41.39245" lon="-81.756558"><ele>229.5</ele><time>2026-09-05T15:30:36Z</time></trkpt>
      <trkpt lat="41.392455" lon="-81.756548"><ele>229.6</ele><time>2026-09-05T15:30:37Z</time></trkpt>
      <trkpt lat="41.392458" lon="-81.756538"><ele>229.6</ele><time>2026-09-05T15:30:38Z</time></trkpt>
      <trkpt lat="41.392458" lon="-81.756528"><ele>229.6</ele><time>2026-09-05T15:30:39Z</time></trkpt>
      <trkpt lat="41.392457" lon="-81.756517"><ele>229.6</ele><time>2026-09-05T15:30:40Z</time></trkpt>
      <trkpt lat="41.392456" lon="-81.756504"><ele>229.6</ele><time>2026-09-05T15:30:41Z</time></trkpt>
      <trkpt lat="41.392454" lon="-81.756491"><ele>229.6</ele><time>2026-09-05T15:30:42Z</time></trkpt>
      <trkpt lat="41.392452" lon="-81.756478"><ele>229.6</ele><time>2026-09-05T15:30:43Z</time></trkpt>
      <trkpt lat="41.392452" lon="-81.756465"><ele>229.7</ele><time>2026-09-05T15:30:44Z</time></trkpt>
      <trkpt lat="41.392454" lon="-81.756451"><ele>229.7</ele><time>2026-09-05T15:30:45Z</time></trkpt>
      <trkpt lat="41.392456" lon="-81.756435"><ele>229.7</ele><time>2026-09-05T15:30:46Z</time></trkpt>
      <trkpt lat="41.392456" lon="-81.75642"><ele>229.7</ele><time>2026-09-05T15:30:47Z</time></trkpt>
      <trkpt lat="41.392457" lon="-81.756406"><ele>229.7</ele><time>2026-09-05T15:30:48Z</time></trkpt>
      <trkpt lat="41.392457" lon="-81.756392"><ele>229.7</ele><time>2026-09-05T15:30:49Z</time></trkpt>
      <trkpt lat="41.392457" lon="-81.756378"><ele>229.7</ele><time>2026-09-05T15:30:50Z</time></trkpt>
      <trkpt lat="41.392457" lon="-81.756366"><ele>229.7</ele><time>2026-09-05T15:30:51Z</time></trkpt>
      <trkpt lat="41.392458" lon="-81.756356"><ele>229.7</ele><time>2026-09-05T15:30:52Z</time></trkpt>
      <trkpt lat="41.39246" lon="-81.756347"><ele>229.7</ele><time>2026-09-05T15:30:53Z</time></trkpt>
      <trkpt lat="41.39246" lon="-81.756335"><ele>229.7</ele><time>2026-09-05T15:30:54Z</time></trkpt>
      <trkpt lat="41.392458" lon="-81.756322"><ele>229.7</ele><time>2026-09-05T15:30:55Z</time></trkpt>
      <trkpt lat="41.392456" lon="-81.75631"><ele>229.7</ele><time>2026-09-05T15:30:56Z</time></trkpt>
      <trkpt lat="41.392453" lon="-81.756296"><ele>229.7</ele><time>2026-09-05T15:30:57Z</time></trkpt>
      <trkpt lat="41.392449" lon="-81.756282"><ele>229.7</ele><time>2026-09-05T15:30:58Z</time></trkpt>
      <trkpt lat="41.392445" lon="-81.756267"><ele>229.7</ele><time>2026-09-05T15:30:59Z</time></trkpt>
      <trkpt lat="41.392441" lon="-81.756253"><ele>230.5</ele><time>2026-09-05T15:31:00Z</time></trkpt>
      <trkpt lat="41.392438" lon="-81.75624"><ele>230.5</ele><time>2026-09-05T15:31:01Z</time></trkpt>
      <trkpt lat="41.392435" lon="-81.756224"><ele>230.5</ele><time>2026-09-05T15:31:02Z</time></trkpt>
      <trkpt lat="41.392432" lon="-81.756209"><ele>230.5</ele><time>2026-09-05T15:31:03Z</time></trkpt>
      <trkpt lat="41.39243" lon="-81.756194"><ele>230.5</ele><time>2026-09-05T15:31:04Z</time></trkpt>
      <trkpt lat="41.392427" lon="-81.756178"><ele>230.5</ele><time>2026-09-05T15:31:05Z</time></trkpt>
      <trkpt lat="41.392425" lon="-81.756161"><ele>230.5</ele><time>2026-09-05T15:31:06Z</time></trkpt>
      <trkpt lat="41.392424" lon="-81.756143"><ele>230.3</ele><time>2026-09-05T15:31:07Z</time></trkpt>
      <trkpt lat="41.392424" lon="-81.756124"><ele>230.3</ele><time>2026-09-05T15:31:08Z</time></trkpt>
      <trkpt lat="41.392424" lon="-81.756106"><ele>230.3</ele><time>2026-09-05T15:31:09Z</time></trkpt>
      <trkpt lat="41.392424" lon="-81.756088"><ele>230.3</ele><time>2026-09-05T15:31:10Z</time></trkpt>
      <trkpt lat="41.392423" lon="-81.756073"><ele>230.3</ele><time>2026-09-05T15:31:11Z</time></trkpt>
      <trkpt lat="41.392423" lon="-81.756059"><ele>230.3</ele><time>2026-09-05T15:31:12Z</time></trkpt>
      <trkpt lat="41.392423" lon="-81.756042"><ele>230.3</ele><time>2026-09-05T15:31:13Z</time></trkpt>
      <trkpt lat="41.392422" lon="-81.756025"><ele>230.3</ele><time>2026-09-05T15:31:14Z</time></trkpt>
      <trkpt lat="41.39242" lon="-81.756008"><ele>230.8</ele><time>2026-09-05T15:31:15Z</time></trkpt>
      <trkpt lat="41.392417" lon="-81.75599"><ele>230.8</ele><time>2026-09-05T15:31:16Z</time></trkpt>
      <trkpt lat="41.392416" lon="-81.755977"><ele>230.8</ele><time>2026-09-05T15:31:17Z</time></trkpt>
      <trkpt lat="41.392413" lon="-81.755963"><ele>230.8</ele><time>2026-09-05T15:31:18Z</time></trkpt>
      <trkpt lat="41.392411" lon="-81.75595"><ele>230.8</ele><time>2026-09-05T15:31:19Z</time></trkpt>
      <trkpt lat="41.392408" lon="-81.755937"><ele>230.8</ele><time>2026-09-05T15:31:20Z</time></trkpt>
      <trkpt lat="41.392406" lon="-81.755926"><ele>230.8</ele><time>2026-09-05T15:31:21Z</time></trkpt>
      <trkpt lat="41.392404" lon="-81.755915"><ele>230.8</ele><time>2026-09-05T15:31:22Z</time></trkpt>
      <trkpt lat="41.392401" lon="-81.755906"><ele>230.8</ele><time>2026-09-05T15:31:23Z</time></trkpt>
      <trkpt lat="41.3924" lon="-81.755895"><ele>230.8</ele><time>2026-09-05T15:31:24Z</time></trkpt>
      <trkpt lat="41.3924" lon="-81.755885"><ele>230.8</ele><time>2026-09-05T15:31:25Z</time></trkpt>
      <trkpt lat="41.392401" lon="-81.755877"><ele>230.8</ele><time>2026-09-05T15:31:26Z</time></trkpt>
      <trkpt lat="41.392402" lon="-81.755869"><ele>230.8</ele><time>2026-09-05T15:31:27Z</time></trkpt>
      <trkpt lat="41.392403" lon="-81.75586"><ele>230.8</ele><time>2026-09-05T15:31:28Z</time></trkpt>
      <trkpt lat="41.392403" lon="-81.755851"><ele>230.8</ele><time>2026-09-05T15:31:29Z</time></trkpt>
      <trkpt lat="41.392402" lon="-81.755839"><ele>230.8</ele><time>2026-09-05T15:31:30Z</time></trkpt>
      <trkpt lat="41.392399" lon="-81.755825"><ele>230.8</ele><time>2026-09-05T15:31:31Z</time></trkpt>
      <trkpt lat="41.392396" lon="-81.755808"><ele>230.8</ele><time>2026-09-05T15:31:32Z</time></trkpt>
      <trkpt lat="41.392394" lon="-81.755791"><ele>230.8</ele><time>2026-09-05T15:31:33Z</time></trkpt>
      <trkpt lat="41.392393" lon="-81.755774"><ele>230.8</ele><time>2026-09-05T15:31:34Z</time></trkpt>
      <trkpt lat="41.392394" lon="-81.755759"><ele>230.8</ele><time>2026-09-05T15:31:35Z</time></trkpt>
      <trkpt lat="41.392394" lon="-81.755742"><ele>230.8</ele><time>2026-09-05T15:31:36Z</time></trkpt>
      <trkpt lat="41.392393" lon="-81.755727"><ele>230.8</ele><time>2026-09-05T15:31:37Z</time></trkpt>
      <trkpt lat="41.392393" lon="-81.755712"><ele>230.8</ele><time>2026-09-05T15:31:38Z</time></trkpt>
      <trkpt lat="41.39239" lon="-81.755696"><ele>230.5</ele><time>2026-09-05T15:31:39Z</time></trkpt>
      <trkpt lat="41.392388" lon="-81.75568"><ele>230.5</ele><time>2026-09-05T15:31:40Z</time></trkpt>
      <trkpt lat="41.392388" lon="-81.755665"><ele>230.5</ele><time>2026-09-05T15:31:41Z</time></trkpt>
      <trkpt lat="41.392387" lon="-81.755648"><ele>230.5</ele><time>2026-09-05T15:31:42Z</time></trkpt>
      <trkpt lat="41.392388" lon="-81.755632"><ele>230.5</ele><time>2026-09-05T15:31:43Z</time></trkpt>
      <trkpt lat="41.392389" lon="-81.755616"><ele>230.5</ele><time>2026-09-05T15:31:44Z</time></trkpt>
      <trkpt lat="41.39239" lon="-81.755602"><ele>230.5</ele><time>2026-09-05T15:31:45Z</time></trkpt>
      <trkpt lat="41.392391" lon="-81.75559"><ele>230.5</ele><time>2026-09-05T15:31:46Z</time></trkpt>
      <trkpt lat="41.392392" lon="-81.755577"><ele>230.7</ele><time>2026-09-05T15:31:47Z</time></trkpt>
      <trkpt lat="41.392395" lon="-81.755564"><ele>230.7</ele><time>2026-09-05T15:31:48Z</time></trkpt>
      <trkpt lat="41.392399" lon="-81.755551"><ele>230.7</ele><time>2026-09-05T15:31:49Z</time></trkpt>
      <trkpt lat="41.392402" lon="-81.755537"><ele>230.7</ele><time>2026-09-05T15:31:50Z</time></trkpt>
      <trkpt lat="41.392403" lon="-81.755522"><ele>230.7</ele><time>2026-09-05T15:31:51Z</time></trkpt>
      <trkpt lat="41.392404" lon="-81.755508"><ele>230.7</ele><time>2026-09-05T15:31:52Z</time></trkpt>
      <trkpt lat="41.392404" lon="-81.755495"><ele>230.7</ele><time>2026-09-05T15:31:53Z</time></trkpt>
      <trkpt lat="41.392401" lon="-81.755479"><ele>230.799</ele><time>2026-09-05T15:31:54Z</time></trkpt>
      <trkpt lat="41.3924" lon="-81.755465"><ele>230.799</ele><time>2026-09-05T15:31:55Z</time></trkpt>
      <trkpt lat="41.392401" lon="-81.755451"><ele>230.799</ele><time>2026-09-05T15:31:56Z</time></trkpt>
      <trkpt lat="41.392404" lon="-81.755437"><ele>230.8</ele><time>2026-09-05T15:31:57Z</time></trkpt>
      <trkpt lat="41.392406" lon="-81.755424"><ele>230.8</ele><time>2026-09-05T15:31:58Z</time></trkpt>
      <trkpt lat="41.392409" lon="-81.75541"><ele>230.8</ele><time>2026-09-05T15:31:59Z</time></trkpt>
      <trkpt lat="41.392411" lon="-81.755397"><ele>230.8</ele><time>2026-09-05T15:32:00Z</time></trkpt>
      <trkpt lat="41.392413" lon="-81.755385"><ele>230.8</ele><time>2026-09-05T15:32:01Z</time></trkpt>
      <trkpt lat="41.392413" lon="-81.755371"><ele>230.6</ele><time>2026-09-05T15:32:02Z</time></trkpt>
      <trkpt lat="41.392413" lon="-81.755357"><ele>230.2</ele><time>2026-09-05T15:32:03Z</time></trkpt>
      <trkpt lat="41.392415" lon="-81.755343"><ele>230.399</ele><time>2026-09-05T15:32:04Z</time></trkpt>
      <trkpt lat="41.392417" lon="-81.75533"><ele>230.399</ele><time>2026-09-05T15:32:05Z</time></trkpt>
      <trkpt lat="41.392419" lon="-81.755317"><ele>230.399</ele><time>2026-09-05T15:32:06Z</time></trkpt>
      <trkpt lat="41.392421" lon="-81.755305"><ele>230.299</ele><time>2026-09-05T15:32:07Z</time></trkpt>
      <trkpt lat="41.39242" lon="-81.755294"><ele>230.299</ele><time>2026-09-05T15:32:08Z</time></trkpt>
      <trkpt lat="41.392417" lon="-81.75528"><ele>230.3</ele><time>2026-09-05T15:32:09Z</time></trkpt>
      <trkpt lat="41.392408" lon="-81.755267"><ele>230.4</ele><time>2026-09-05T15:32:10Z</time></trkpt>
      <trkpt lat="41.392403" lon="-81.755255"><ele>230.4</ele><time>2026-09-05T15:32:11Z</time></trkpt>
      <trkpt lat="41.3924" lon="-81.755242"><ele>230.5</ele><time>2026-09-05T15:32:12Z</time></trkpt>
      <trkpt lat="41.3924" lon="-81.755229"><ele>230.5</ele><time>2026-09-05T15:32:13Z</time></trkpt>
      <trkpt lat="41.392402" lon="-81.755216"><ele>230.3</ele><time>2026-09-05T15:32:14Z</time></trkpt>
      <trkpt lat="41.392402" lon="-81.755204"><ele>230.3</ele><time>2026-09-05T15:32:15Z</time></trkpt>
      <trkpt lat="41.392402" lon="-81.75519"><ele>230.3</ele><time>2026-09-05T15:32:16Z</time></trkpt>
      <trkpt lat="41.392398" lon="-81.755179"><ele>230.2</ele><time>2026-09-05T15:32:17Z</time></trkpt>
      <trkpt lat="41.392393" lon="-81.755165"><ele>230.3</ele><time>2026-09-05T15:32:18Z</time></trkpt>
      <trkpt lat="41.392391" lon="-81.75515"><ele>230.5</ele><time>2026-09-05T15:32:19Z</time></trkpt>
      <trkpt lat="41.392391" lon="-81.755136"><ele>230.5</ele><time>2026-09-05T15:32:20Z</time></trkpt>
      <trkpt lat="41.392394" lon="-81.755123"><ele>230.1</ele><time>2026-09-05T15:32:21Z</time></trkpt>
      <trkpt lat="41.392396" lon="-81.75511"><ele>230.1</ele><time>2026-09-05T15:32:22Z</time></trkpt>
      <trkpt lat="41.3924" lon="-81.755096"><ele>230.1</ele><time>2026-09-05T15:32:23Z</time></trkpt>
      <trkpt lat="41.392403" lon="-81.755082"><ele>230.5</ele><time>2026-09-05T15:32:24Z</time></trkpt>
      <trkpt lat="41.392404" lon="-81.755066"><ele>230.5</ele><time>2026-09-05T15:32:25Z</time></trkpt>
      <trkpt lat="41.392405" lon="-81.755053"><ele>230.5</ele><time>2026-09-05T15:32:26Z</time></trkpt>
      <trkpt lat="41.392407" lon="-81.75504"><ele>230.4</ele><time>2026-09-05T15:32:27Z</time></trkpt>
      <trkpt lat="41.392407" lon="-81.755031"><ele>230.4</ele><time>2026-09-05T15:32:28Z</time></trkpt>
      <trkpt lat="41.392406" lon="-81.755022"><ele>230.3</ele><time>2026-09-05T15:32:29Z</time></trkpt>
      <trkpt lat="41.392404" lon="-81.755012"><ele>230.3</ele><time>2026-09-05T15:32:30Z</time></trkpt>
      <trkpt lat="41.392402" lon="-81.755"><ele>230.3</ele><time>2026-09-05T15:32:31Z</time></trkpt>
      <trkpt lat="41.392399" lon="-81.75499"><ele>230.3</ele><time>2026-09-05T15:32:32Z</time></trkpt>
      <trkpt lat="41.392391" lon="-81.754981"><ele>230.3</ele><time>2026-09-05T15:32:33Z</time></trkpt>
      <trkpt lat="41.392386" lon="-81.754977"><ele>230.3</ele><time>2026-09-05T15:32:34Z</time></trkpt>
      <trkpt lat="41.392384" lon="-81.754977"><ele>230.1</ele><time>2026-09-05T15:32:35Z</time></trkpt>
      <trkpt lat="41.392383" lon="-81.754978"><ele>230.2</ele><time>2026-09-05T15:32:36Z</time></trkpt>
      <trkpt lat="41.392383" lon="-81.75498"><ele>230.2</ele><time>2026-09-05T15:32:37Z</time></trkpt>
      <trkpt lat="41.392384" lon="-81.754979"><ele>230.2</ele><time>2026-09-05T15:32:38Z</time></trkpt>
      <trkpt lat="41.392384" lon="-81.754975"><ele>230.299</ele><time>2026-09-05T15:32:39Z</time></trkpt>
      <trkpt lat="41.392383" lon="-81.754968"><ele>230.2</ele><time>2026-09-05T15:32:40Z</time></trkpt>
      <trkpt lat="41.392381" lon="-81.754956"><ele>230.6</ele><time>2026-09-05T15:32:41Z</time></trkpt>
      <trkpt lat="41.392383" lon="-81.754936"><ele>230.8</ele><time>2026-09-05T15:32:42Z</time></trkpt>
      <trkpt lat="41.392386" lon="-81.754922"><ele>230.5</ele><time>2026-09-05T15:32:43Z</time></trkpt>
      <trkpt lat="41.392388" lon="-81.75491"><ele>230.5</ele><time>2026-09-05T15:32:44Z</time></trkpt>
      <trkpt lat="41.392391" lon="-81.754895"><ele>230.6</ele><time>2026-09-05T15:32:45Z</time></trkpt>
      <trkpt lat="41.392393" lon="-81.754878"><ele>230.799</ele><time>2026-09-05T15:32:46Z</time></trkpt>
      <trkpt lat="41.392393" lon="-81.754861"><ele>230.799</ele><time>2026-09-05T15:32:47Z</time></trkpt>
      <trkpt lat="41.392392" lon="-81.754844"><ele>230.799</ele><time>2026-09-05T15:32:48Z</time></trkpt>
      <trkpt lat="41.392391" lon="-81.75483"><ele>230.8</ele><time>2026-09-05T15:32:49Z</time></trkpt>
      <trkpt lat="41.392392" lon="-81.754817"><ele>230.8</ele><time>2026-09-05T15:32:50Z</time></trkpt>
      <trkpt lat="41.392395" lon="-81.754805"><ele>230.8</ele><time>2026-09-05T15:32:51Z</time></trkpt>
      <trkpt lat="41.392398" lon="-81.754792"><ele>230.6</ele><time>2026-09-05T15:32:52Z</time></trkpt>
      <trkpt lat="41.392401" lon="-81.75478"><ele>230.6</ele><time>2026-09-05T15:32:53Z</time></trkpt>
      <trkpt lat="41.392403" lon="-81.754765"><ele>230.6</ele><time>2026-09-05T15:32:54Z</time></trkpt>
      <trkpt lat="41.392405" lon="-81.754751"><ele>230.8</ele><time>2026-09-05T15:32:55Z</time></trkpt>
      <trkpt lat="41.392405" lon="-81.754738"><ele>230.6</ele><time>2026-09-05T15:32:56Z</time></trkpt>
      <trkpt lat="41.392406" lon="-81.754723"><ele>230.5</ele><time>2026-09-05T15:32:57Z</time></trkpt>
      <trkpt lat="41.392406" lon="-81.754708"><ele>230.5</ele><time>2026-09-05T15:32:58Z</time></trkpt>
      <trkpt lat="41.392408" lon="-81.754693"><ele>230.5</ele><time>2026-09-05T15:32:59Z</time></trkpt>
      <trkpt lat="41.392411" lon="-81.754676"><ele>230.5</ele><time>2026-09-05T15:33:00Z</time></trkpt>
      <trkpt lat="41.392412" lon="-81.754661"><ele>230.5</ele><time>2026-09-05T15:33:01Z</time></trkpt>
      <trkpt lat="41.392415" lon="-81.754646"><ele>230.6</ele><time>2026-09-05T15:33:02Z</time></trkpt>
      <trkpt lat="41.392417" lon="-81.75463"><ele>230.6</ele><time>2026-09-05T15:33:03Z</time></trkpt>
      <trkpt lat="41.392419" lon="-81.754613"><ele>230.6</ele><time>2026-09-05T15:33:04Z</time></trkpt>
      <trkpt lat="41.39242" lon="-81.754597"><ele>230.5</ele><time>2026-09-05T15:33:05Z</time></trkpt>
      <trkpt lat="41.392421" lon="-81.754582"><ele>230.5</ele><time>2026-09-05T15:33:06Z</time></trkpt>
      <trkpt lat="41.392422" lon="-81.754566"><ele>230.5</ele><time>2026-09-05T15:33:07Z</time></trkpt>
      <trkpt lat="41.392422" lon="-81.754551"><ele>230.5</ele><time>2026-09-05T15:33:08Z</time></trkpt>
      <trkpt lat="41.392421" lon="-81.754536"><ele>230.5</ele><time>2026-09-05T15:33:09Z</time></trkpt>
      <trkpt lat="41.392421" lon="-81.754523"><ele>230.4</ele><time>2026-09-05T15:33:10Z</time></trkpt>
      <trkpt lat="41.39242" lon="-81.754514"><ele>230.4</ele><time>2026-09-05T15:33:11Z</time></trkpt>
      <trkpt lat="41.392419" lon="-81.754505"><ele>230.5</ele><time>2026-09-05T15:33:12Z</time></trkpt>
      <trkpt lat="41.392419" lon="-81.754496"><ele>230.5</ele><time>2026-09-05T15:33:13Z</time></trkpt>
      <trkpt lat="41.392419" lon="-81.75449"><ele>230.5</ele><time>2026-09-05T15:33:14Z</time></trkpt>
      <trkpt lat="41.392421" lon="-81.75448"><ele>230.5</ele><time>2026-09-05T15:33:15Z</time></trkpt>
      <trkpt lat="41.392425" lon="-81.754471"><ele>230.5</ele><time>2026-09-05T15:33:16Z</time></trkpt>
      <trkpt lat="41.392428" lon="-81.754462"><ele>230.5</ele><time>2026-09-05T15:33:17Z</time></trkpt>
      <trkpt lat="41.392429" lon="-81.754449"><ele>230.5</ele><time>2026-09-05T15:33:18Z</time></trkpt>
      <trkpt lat="41.392428" lon="-81.754437"><ele>230.3</ele><time>2026-09-05T15:33:19Z</time></trkpt>
      <trkpt lat="41.392426" lon="-81.754419"><ele>230.3</ele><time>2026-09-05T15:33:20Z</time></trkpt>
      <trkpt lat="41.392425" lon="-81.754405"><ele>230.2</ele><time>2026-09-05T15:33:21Z</time></trkpt>
      <trkpt lat="41.392425" lon="-81.754395"><ele>230.2</ele><time>2026-09-05T15:33:22Z</time></trkpt>
      <trkpt lat="41.392426" lon="-81.754382"><ele>230.2</ele><time>2026-09-05T15:33:23Z</time></trkpt>
      <trkpt lat="41.392426" lon="-81.754367"><ele>230.1</ele><time>2026-09-05T15:33:24Z</time></trkpt>
      <trkpt lat="41.392424" lon="-81.754354"><ele>230.1</ele><time>2026-09-05T15:33:25Z</time></trkpt>
      <trkpt lat="41.39242" lon="-81.754337"><ele>230.2</ele><time>2026-09-05T15:33:26Z</time></trkpt>
      <trkpt lat="41.392412" lon="-81.754317"><ele>230.299</ele><time>2026-09-05T15:33:27Z</time></trkpt>
      <trkpt lat="41.392408" lon="-81.754304"><ele>230.299</ele><time>2026-09-05T15:33:28Z</time></trkpt>
      <trkpt lat="41.392406" lon="-81.754292"><ele>230.299</ele><time>2026-09-05T15:33:29Z</time></trkpt>
      <trkpt lat="41.392404" lon="-81.754283"><ele>230.3</ele><time>2026-09-05T15:33:30Z</time></trkpt>
      <trkpt lat="41.392403" lon="-81.754271"><ele>230.3</ele><time>2026-09-05T15:33:31Z</time></trkpt>
      <trkpt lat="41.392403" lon="-81.75426"><ele>230.4</ele><time>2026-09-05T15:33:32Z</time></trkpt>
      <trkpt lat="41.392403" lon="-81.754248"><ele>230.5</ele><time>2026-09-05T15:33:33Z</time></trkpt>
      <trkpt lat="41.392402" lon="-81.754236"><ele>230.6</ele><time>2026-09-05T15:33:34Z</time></trkpt>
      <trkpt lat="41.3924" lon="-81.754221"><ele>230.5</ele><time>2026-09-05T15:33:35Z</time></trkpt>
      <trkpt lat="41.392399" lon="-81.754209"><ele>230.5</ele><time>2026-09-05T15:33:36Z</time></trkpt>
      <trkpt lat="41.3924" lon="-81.754196"><ele>230.6</ele><time>2026-09-05T15:33:37Z</time></trkpt>
      <trkpt lat="41.392402" lon="-81.754183"><ele>230.7</ele><time>2026-09-05T15:33:38Z</time></trkpt>
      <trkpt lat="41.392405" lon="-81.75417"><ele>230.6</ele><time>2026-09-05T15:33:39Z</time></trkpt>
      <trkpt lat="41.392409" lon="-81.754159"><ele>230.5</ele><time>2026-09-05T15:33:40Z</time></trkpt>
      <trkpt lat="41.39241" lon="-81.754147"><ele>230.5</ele><time>2026-09-05T15:33:41Z</time></trkpt>
      <trkpt lat="41.392411" lon="-81.754134"><ele>230.799</ele><time>2026-09-05T15:33:42Z</time></trkpt>
      <trkpt lat="41.392411" lon="-81.754122"><ele>230.799</ele><time>2026-09-05T15:33:43Z</time></trkpt>
      <trkpt lat="41.392412" lon="-81.75411"><ele>230.999</ele><time>2026-09-05T15:33:44Z</time></trkpt>
      <trkpt lat="41.392414" lon="-81.754098"><ele>230.799</ele><time>2026-09-05T15:33:45Z</time></trkpt>
      <trkpt lat="41.392415" lon="-81.754086"><ele>230.8</ele><time>2026-09-05T15:33:46Z</time></trkpt>
      <trkpt lat="41.392416" lon="-81.754073"><ele>230.6</ele><time>2026-09-05T15:33:47Z</time></trkpt>
      <trkpt lat="41.392416" lon="-81.754061"><ele>230.7</ele><time>2026-09-05T15:33:48Z</time></trkpt>
      <trkpt lat="41.392415" lon="-81.754048"><ele>230.7</ele><time>2026-09-05T15:33:49Z</time></trkpt>
      <trkpt lat="41.392413" lon="-81.754033"><ele>230.5</ele><time>2026-09-05T15:33:50Z</time></trkpt>
      <trkpt lat="41.39241" lon="-81.754019"><ele>230.7</ele><time>2026-09-05T15:33:51Z</time></trkpt>
      <trkpt lat="41.392409" lon="-81.754007"><ele>230.7</ele><time>2026-09-05T15:33:52Z</time></trkpt>
      <trkpt lat="41.392409" lon="-81.753992"><ele>230.5</ele><time>2026-09-05T15:33:53Z</time></trkpt>
      <trkpt lat="41.39241" lon="-81.753977"><ele>230.6</ele><time>2026-09-05T15:33:54Z</time></trkpt>
      <trkpt lat="41.392412" lon="-81.753964"><ele>230.6</ele><time>2026-09-05T15:33:55Z</time></trkpt>
      <trkpt lat="41.392414" lon="-81.75395"><ele>230.6</ele><time>2026-09-05T15:33:56Z</time></trkpt>
      <trkpt lat="41.392417" lon="-81.753936"><ele>230.6</ele><time>2026-09-05T15:33:57Z</time></trkpt>
      <trkpt lat="41.392419" lon="-81.753924"><ele>230.5</ele><time>2026-09-05T15:33:58Z</time></trkpt>
      <trkpt lat="41.392421" lon="-81.753914"><ele>230.5</ele><time>2026-09-05T15:33:59Z</time></trkpt>
      <trkpt lat="41.392422" lon="-81.753903"><ele>230.5</ele><time>2026-09-05T15:34:00Z</time></trkpt>
      <trkpt lat="41.392423" lon="-81.753894"><ele>230.6</ele><time>2026-09-05T15:34:01Z</time></trkpt>
      <trkpt lat="41.392423" lon="-81.753883"><ele>230.6</ele><time>2026-09-05T15:34:02Z</time></trkpt>
      <trkpt lat="41.392422" lon="-81.753872"><ele>230.6</ele><time>2026-09-05T15:34:03Z</time></trkpt>
      <trkpt lat="41.392422" lon="-81.753862"><ele>230.5</ele><time>2026-09-05T15:34:04Z</time></trkpt>
      <trkpt lat="41.392422" lon="-81.75385"><ele>230.6</ele><time>2026-09-05T15:34:05Z</time></trkpt>
      <trkpt lat="41.392423" lon="-81.753837"><ele>230.7</ele><time>2026-09-05T15:34:06Z</time></trkpt>
      <trkpt lat="41.392424" lon="-81.753825"><ele>230.7</ele><time>2026-09-05T15:34:07Z</time></trkpt>
      <trkpt lat="41.392424" lon="-81.75381"><ele>230.8</ele><time>2026-09-05T15:34:08Z</time></trkpt>
      <trkpt lat="41.392424" lon="-81.753797"><ele>230.8</ele><time>2026-09-05T15:34:09Z</time></trkpt>
      <trkpt lat="41.392423" lon="-81.753784"><ele>230.7</ele><time>2026-09-05T15:34:10Z</time></trkpt>
      <trkpt lat="41.392423" lon="-81.753772"><ele>230.7</ele><time>2026-09-05T15:34:11Z</time></trkpt>
      <trkpt lat="41.392421" lon="-81.753758"><ele>230.8</ele><time>2026-09-05T15:34:12Z</time></trkpt>
      <trkpt lat="41.39242" lon="-81.753744"><ele>230.8</ele><time>2026-09-05T15:34:13Z</time></trkpt>
      <trkpt lat="41.392421" lon="-81.753726"><ele>230.8</ele><time>2026-09-05T15:34:14Z</time></trkpt>
      <trkpt lat="41.39242" lon="-81.753711"><ele>230.8</ele><time>2026-09-05T15:34:15Z</time></trkpt>
      <trkpt lat="41.392419" lon="-81.753696"><ele>230.7</ele><time>2026-09-05T15:34:16Z</time></trkpt>
      <trkpt lat="41.392418" lon="-81.753682"><ele>230.6</ele><time>2026-09-05T15:34:17Z</time></trkpt>
      <trkpt lat="41.392416" lon="-81.753667"><ele>230.6</ele><time>2026-09-05T15:34:18Z</time></trkpt>
      <trkpt lat="41.392414" lon="-81.753651"><ele>230.6</ele><time>2026-09-05T15:34:19Z</time></trkpt>
      <trkpt lat="41.392414" lon="-81.753638"><ele>230.6</ele><time>2026-09-05T15:34:20Z</time></trkpt>
      <trkpt lat="41.392415" lon="-81.753623"><ele>230.499</ele><time>2026-09-05T15:34:21Z</time></trkpt>
      <trkpt lat="41.392417" lon="-81.753609"><ele>230.499</ele><time>2026-09-05T15:34:22Z</time></trkpt>
      <trkpt lat="41.392419" lon="-81.753598"><ele>230.399</ele><time>2026-09-05T15:34:23Z</time></trkpt>
      <trkpt lat="41.392419" lon="-81.753586"><ele>230.299</ele><time>2026-09-05T15:34:24Z</time></trkpt>
      <trkpt lat="41.392418" lon="-81.753572"><ele>230.5</ele><time>2026-09-05T15:34:25Z</time></trkpt>
      <trkpt lat="41.392417" lon="-81.75356"><ele>230.5</ele><time>2026-09-05T15:34:26Z</time></trkpt>
      <trkpt lat="41.392417" lon="-81.75355"><ele>230.7</ele><time>2026-09-05T15:34:27Z</time></trkpt>
      <trkpt lat="41.392416" lon="-81.753538"><ele>231</ele><time>2026-09-05T15:34:28Z</time></trkpt>
      <trkpt lat="41.392415" lon="-81.753526"><ele>231.1</ele><time>2026-09-05T15:34:29Z</time></trkpt>
      <trkpt lat="41.392412" lon="-81.753513"><ele>230.7</ele><time>2026-09-05T15:34:30Z</time></trkpt>
      <trkpt lat="41.392411" lon="-81.7535"><ele>230.6</ele><time>2026-09-05T15:34:31Z</time></trkpt>
      <trkpt lat="41.392408" lon="-81.75349"><ele>230.6</ele><time>2026-09-05T15:34:32Z</time></trkpt>
      <trkpt lat="41.392406" lon="-81.753478"><ele>230.7</ele><time>2026-09-05T15:34:33Z</time></trkpt>
      <trkpt lat="41.392403" lon="-81.753469"><ele>230.7</ele><time>2026-09-05T15:34:34Z</time></trkpt>
      <trkpt lat="41.392401" lon="-81.753457"><ele>230.6</ele><time>2026-09-05T15:34:35Z</time></trkpt>
      <trkpt lat="41.3924" lon="-81.753443"><ele>230.6</ele><time>2026-09-05T15:34:36Z</time></trkpt>
      <trkpt lat="41.392399" lon="-81.753432"><ele>230.6</ele><time>2026-09-05T15:34:37Z</time></trkpt>
      <trkpt lat="41.3924" lon="-81.753422"><ele>230.5</ele><time>2026-09-05T15:34:38Z</time></trkpt>
      <trkpt lat="41.392401" lon="-81.75341"><ele>230.3</ele><time>2026-09-05T15:34:39Z</time></trkpt>
      <trkpt lat="41.392404" lon="-81.753401"><ele>230.5</ele><time>2026-09-05T15:34:40Z</time></trkpt>
      <trkpt lat="41.392409" lon="-81.753394"><ele>230.5</ele><time>2026-09-05T15:34:41Z</time></trkpt>
      <trkpt lat="41.392413" lon="-81.753385"><ele>230.8</ele><time>2026-09-05T15:34:42Z</time></trkpt>
      <trkpt lat="41.392415" lon="-81.753376"><ele>230.8</ele><time>2026-09-05T15:34:43Z</time></trkpt>
      <trkpt lat="41.392413" lon="-81.753368"><ele>230.9</ele><time>2026-09-05T15:34:44Z</time></trkpt>
      <trkpt lat="41.392408" lon="-81.753358"><ele>230.6</ele><time>2026-09-05T15:34:45Z</time></trkpt>
      <trkpt lat="41.392403" lon="-81.753347"><ele>230.4</ele><time>2026-09-05T15:34:46Z</time></trkpt>
      <trkpt lat="41.3924" lon="-81.753337"><ele>230.4</ele><time>2026-09-05T15:34:47Z</time></trkpt>
      <trkpt lat="41.392397" lon="-81.753324"><ele>230.6</ele><time>2026-09-05T15:34:48Z</time></trkpt>
      <trkpt lat="41.392396" lon="-81.753312"><ele>230.6</ele><time>2026-09-05T15:34:49Z</time></trkpt>
      <trkpt lat="41.392395" lon="-81.7533"><ele>230.6</ele><time>2026-09-05T15:34:50Z</time></trkpt>
      <trkpt lat="41.392395" lon="-81.75329"><ele>230.6</ele><time>2026-09-05T15:34:51Z</time></trkpt>
      <trkpt lat="41.392395" lon="-81.753281"><ele>230.6</ele><time>2026-09-05T15:34:52Z</time></trkpt>
      <trkpt lat="41.392395" lon="-81.753273"><ele>230.6</ele><time>2026-09-05T15:34:53Z</time></trkpt>
      <trkpt lat="41.392395" lon="-81.753262"><ele>230.6</ele><time>2026-09-05T15:34:54Z</time></trkpt>
      <trkpt lat="41.392395" lon="-81.753253"><ele>230.6</ele><time>2026-09-05T15:34:55Z</time></trkpt>
      <trkpt lat="41.392396" lon="-81.753243"><ele>230.6</ele><time>2026-09-05T15:34:56Z</time></trkpt>
      <trkpt lat="41.392397" lon="-81.753232"><ele>230.6</ele><time>2026-09-05T15:34:57Z</time></trkpt>
      <trkpt lat="41.392399" lon="-81.753223"><ele>230.6</ele><time>2026-09-05T15:34:58Z</time></trkpt>
      <trkpt lat="41.392402" lon="-81.753213"><ele>230.6</ele><time>2026-09-05T15:34:59Z</time></trkpt>
      <trkpt lat="41.392405" lon="-81.7532"><ele>230.6</ele><time>2026-09-05T15:35:00Z</time></trkpt>
      <trkpt lat="41.392408" lon="-81.753189"><ele>230.8</ele><time>2026-09-05T15:35:01Z</time></trkpt>
      <trkpt lat="41.39241" lon="-81.75318"><ele>230.8</ele><time>2026-09-05T15:35:02Z</time></trkpt>
      <trkpt lat="41.392413" lon="-81.75317"><ele>230.8</ele><time>2026-09-05T15:35:03Z</time></trkpt>
      <trkpt lat="41.392415" lon="-81.75316"><ele>230.8</ele><time>2026-09-05T15:35:04Z</time></trkpt>
      <trkpt lat="41.392416" lon="-81.753148"><ele>230.8</ele><time>2026-09-05T15:35:05Z</time></trkpt>
      <trkpt lat="41.392418" lon="-81.753136"><ele>230.8</ele><time>2026-09-05T15:35:06Z</time></trkpt>
      <trkpt lat="41.392418" lon="-81.753126"><ele>230.8</ele><time>2026-09-05T15:35:07Z</time></trkpt>
      <trkpt lat="41.392418" lon="-81.753118"><ele>230.8</ele><time>2026-09-05T15:35:08Z</time></trkpt>
      <trkpt lat="41.392418" lon="-81.753109"><ele>230.8</ele><time>2026-09-05T15:35:09Z</time></trkpt>
      <trkpt lat="41.392418" lon="-81.753098"><ele>230.9</ele><time>2026-09-05T15:35:10Z</time></trkpt>
      <trkpt lat="41.392419" lon="-81.753086"><ele>230.8</ele><time>2026-09-05T15:35:11Z</time></trkpt>
      <trkpt lat="41.392419" lon="-81.753075"><ele>230.8</ele><time>2026-09-05T15:35:12Z</time></trkpt>
      <trkpt lat="41.39242" lon="-81.753064"><ele>230.8</ele><time>2026-09-05T15:35:13Z</time></trkpt>
      <trkpt lat="41.39242" lon="-81.753052"><ele>230.9</ele><time>2026-09-05T15:35:14Z</time></trkpt>
      <trkpt lat="41.392419" lon="-81.753039"><ele>230.8</ele><time>2026-09-05T15:35:15Z</time></trkpt>
      <trkpt lat="41.392418" lon="-81.75303"><ele>231</ele><time>2026-09-05T15:35:16Z</time></trkpt>
      <trkpt lat="41.392416" lon="-81.753022"><ele>231</ele><time>2026-09-05T15:35:17Z</time></trkpt>
      <trkpt lat="41.392414" lon="-81.753012"><ele>231</ele><time>2026-09-05T15:35:18Z</time></trkpt>
      <trkpt lat="41.392412" lon="-81.753001"><ele>231</ele><time>2026-09-05T15:35:19Z</time></trkpt>
      <trkpt lat="41.392411" lon="-81.752988"><ele>231</ele><time>2026-09-05T15:35:20Z</time></trkpt>
      <trkpt lat="41.39241" lon="-81.752977"><ele>230.9</ele><time>2026-09-05T15:35:21Z</time></trkpt>
      <trkpt lat="41.392409" lon="-81.752964"><ele>231</ele><time>2026-09-05T15:35:22Z</time></trkpt>
      <trkpt lat="41.392409" lon="-81.752953"><ele>231</ele><time>2026-09-05T15:35:23Z</time></trkpt>
      <trkpt lat="41.392409" lon="-81.752941"><ele>231.1</ele><time>2026-09-05T15:35:24Z</time></trkpt>
      <trkpt lat="41.392409" lon="-81.752931"><ele>231</ele><time>2026-09-05T15:35:25Z</time></trkpt>
      <trkpt lat="41.392409" lon="-81.752921"><ele>231</ele><time>2026-09-05T15:35:26Z</time></trkpt>
      <trkpt lat="41.392407" lon="-81.752912"><ele>231.2</ele><time>2026-09-05T15:35:27Z</time></trkpt>
      <trkpt lat="41.392405" lon="-81.752901"><ele>231</ele><time>2026-09-05T15:35:28Z</time></trkpt>
      <trkpt lat="41.392403" lon="-81.752892"><ele>231</ele><time>2026-09-05T15:35:29Z</time></trkpt>
      <trkpt lat="41.392401" lon="-81.752882"><ele>231</ele><time>2026-09-05T15:35:30Z</time></trkpt>
      <trkpt lat="41.392398" lon="-81.752873"><ele>231.2</ele><time>2026-09-05T15:35:31Z</time></trkpt>
      <trkpt lat="41.392394" lon="-81.752869"><ele>231.299</ele><time>2026-09-05T15:35:32Z</time></trkpt>
      <trkpt lat="41.39239" lon="-81.752864"><ele>231.299</ele><time>2026-09-05T15:35:33Z</time></trkpt>
      <trkpt lat="41.39239" lon="-81.752855"><ele>231.1</ele><time>2026-09-05T15:35:34Z</time></trkpt>
      <trkpt lat="41.392388" lon="-81.752845"><ele>231.299</ele><time>2026-09-05T15:35:35Z</time></trkpt>
      <trkpt lat="41.392387" lon="-81.752835"><ele>231.3</ele><time>2026-09-05T15:35:36Z</time></trkpt>
      <trkpt lat="41.392386" lon="-81.752826"><ele>231.3</ele><time>2026-09-05T15:35:37Z</time></trkpt>
      <trkpt lat="41.392384" lon="-81.752816"><ele>231.4</ele><time>2026-09-05T15:35:38Z</time></trkpt>
      <trkpt lat="41.392384" lon="-81.752804"><ele>231.1</ele><time>2026-09-05T15:35:39Z</time></trkpt>
      <trkpt lat="41.392386" lon="-81.752794"><ele>231.2</ele><time>2026-09-05T15:35:40Z</time></trkpt>
      <trkpt lat="41.392387" lon="-81.75278"><ele>231</ele><time>2026-09-05T15:35:41Z</time></trkpt>
      <trkpt lat="41.392388" lon="-81.752766"><ele>231.1</ele><time>2026-09-05T15:35:42Z</time></trkpt>
      <trkpt lat="41.392388" lon="-81.752757"><ele>231.1</ele><time>2026-09-05T15:35:43Z</time></trkpt>
      <trkpt lat="41.392388" lon="-81.752742"><ele>231.1</ele><time>2026-09-05T15:35:44Z</time></trkpt>
      <trkpt lat="41.392388" lon="-81.752726"><ele>231.1</ele><time>2026-09-05T15:35:45Z</time></trkpt>
      <trkpt lat="41.392389" lon="-81.752715"><ele>231</ele><time>2026-09-05T15:35:46Z</time></trkpt>
      <trkpt lat="41.392389" lon="-81.752702"><ele>231</ele><time>2026-09-05T15:35:47Z</time></trkpt>
      <trkpt lat="41.392388" lon="-81.752689"><ele>231.5</ele><time>2026-09-05T15:35:48Z</time></trkpt>
      <trkpt lat="41.392387" lon="-81.752674"><ele>231.6</ele><time>2026-09-05T15:35:49Z</time></trkpt>
      <trkpt lat="41.392387" lon="-81.752659"><ele>231.9</ele><time>2026-09-05T15:35:50Z</time></trkpt>
      <trkpt lat="41.392386" lon="-81.752645"><ele>231.8</ele><time>2026-09-05T15:35:51Z</time></trkpt>
      <trkpt lat="41.392386" lon="-81.752632"><ele>231.8</ele><time>2026-09-05T15:35:52Z</time></trkpt>
      <trkpt lat="41.392386" lon="-81.752617"><ele>231.7</ele><time>2026-09-05T15:35:53Z</time></trkpt>
      <trkpt lat="41.392387" lon="-81.752602"><ele>231.7</ele><time>2026-09-05T15:35:54Z</time></trkpt>
      <trkpt lat="41.392388" lon="-81.752583"><ele>231.6</ele><time>2026-09-05T15:35:55Z</time></trkpt>
      <trkpt lat="41.39239" lon="-81.752568"><ele>231.9</ele><time>2026-09-05T15:35:56Z</time></trkpt>
      <trkpt lat="41.392391" lon="-81.752551"><ele>231.9</ele><time>2026-09-05T15:35:57Z</time></trkpt>
      <trkpt lat="41.392392" lon="-81.752535"><ele>231.8</ele><time>2026-09-05T15:35:58Z</time></trkpt>
      <trkpt lat="41.392393" lon="-81.752519"><ele>231.8</ele><time>2026-09-05T15:35:59Z</time></trkpt>
      <trkpt lat="41.392394" lon="-81.7525"><ele>232.3</ele><time>2026-09-05T15:36:00Z</time></trkpt>
      <trkpt lat="41.392395" lon="-81.752484"><ele>232.3</ele><time>2026-09-05T15:36:01Z</time></trkpt>
      <trkpt lat="41.392396" lon="-81.752467"><ele>232.3</ele><time>2026-09-05T15:36:02Z</time></trkpt>
      <trkpt lat="41.392395" lon="-81.752449"><ele>232.5</ele><time>2026-09-05T15:36:03Z</time></trkpt>
      <trkpt lat="41.392395" lon="-81.75243"><ele>232.5</ele><time>2026-09-05T15:36:04Z</time></trkpt>
      <trkpt lat="41.392396" lon="-81.752412"><ele>232.5</ele><time>2026-09-05T15:36:05Z</time></trkpt>
      <trkpt lat="41.392397" lon="-81.752395"><ele>232.5</ele><time>2026-09-05T15:36:06Z</time></trkpt>
      <trkpt lat="41.3924" lon="-81.752378"><ele>232.5</ele><time>2026-09-05T15:36:07Z</time></trkpt>
      <trkpt lat="41.392401" lon="-81.752361"><ele>232.5</ele><time>2026-09-05T15:36:08Z</time></trkpt>
      <trkpt lat="41.392403" lon="-81.752344"><ele>232.5</ele><time>2026-09-05T15:36:09Z</time></trkpt>
      <trkpt lat="41.392402" lon="-81.75233"><ele>232.5</ele><time>2026-09-05T15:36:10Z</time></trkpt>
      <trkpt lat="41.3924" lon="-81.752314"><ele>232.3</ele><time>2026-09-05T15:36:11Z</time></trkpt>
      <trkpt lat="41.392399" lon="-81.752299"><ele>232.3</ele><time>2026-09-05T15:36:12Z</time></trkpt>
      <trkpt lat="41.392399" lon="-81.752283"><ele>232.3</ele><time>2026-09-05T15:36:13Z</time></trkpt>
      <trkpt lat="41.3924" lon="-81.752267"><ele>232.3</ele><time>2026-09-05T15:36:14Z</time></trkpt>
      <trkpt lat="41.392401" lon="-81.75225"><ele>232.3</ele><time>2026-09-05T15:36:15Z</time></trkpt>
      <trkpt lat="41.392403" lon="-81.752235"><ele>232.3</ele><time>2026-09-05T15:36:16Z</time></trkpt>
      <trkpt lat="41.392403" lon="-81.752223"><ele>232.3</ele><time>2026-09-05T15:36:17Z</time></trkpt>
      <trkpt lat="41.392403" lon="-81.75221"><ele>232.3</ele><time>2026-09-05T15:36:18Z</time></trkpt>
      <trkpt lat="41.392403" lon="-81.752197"><ele>232.5</ele><time>2026-09-05T15:36:19Z</time></trkpt>
      <trkpt lat="41.392405" lon="-81.752181"><ele>232.5</ele><time>2026-09-05T15:36:20Z</time></trkpt>
      <trkpt lat="41.392407" lon="-81.752165"><ele>232.5</ele><time>2026-09-05T15:36:21Z</time></trkpt>
      <trkpt lat="41.392409" lon="-81.752152"><ele>232.5</ele><time>2026-09-05T15:36:22Z</time></trkpt>
      <trkpt lat="41.392412" lon="-81.752141"><ele>232.5</ele><time>2026-09-05T15:36:23Z</time></trkpt>
      <trkpt lat="41.392416" lon="-81.752127"><ele>232.5</ele><time>2026-09-05T15:36:24Z</time></trkpt>
      <trkpt lat="41.392422" lon="-81.752114"><ele>232.5</ele><time>2026-09-05T15:36:25Z</time></trkpt>
      <trkpt lat="41.392429" lon="-81.752102"><ele>232.5</ele><time>2026-09-05T15:36:26Z</time></trkpt>
      <trkpt lat="41.392436" lon="-81.75209"><ele>232.5</ele><time>2026-09-05T15:36:27Z</time></trkpt>
      <trkpt lat="41.392441" lon="-81.75208"><ele>232.5</ele><time>2026-09-05T15:36:28Z</time></trkpt>
      <trkpt lat="41.392441" lon="-81.752071"><ele>232.5</ele><time>2026-09-05T15:36:29Z</time></trkpt>
      <trkpt lat="41.392437" lon="-81.752062"><ele>232.5</ele><time>2026-09-05T15:36:30Z</time></trkpt>
      <trkpt lat="41.392431" lon="-81.752054"><ele>232.5</ele><time>2026-09-05T15:36:31Z</time></trkpt>
      <trkpt lat="41.392426" lon="-81.752044"><ele>232.5</ele><time>2026-09-05T15:36:32Z</time></trkpt>
      <trkpt lat="41.392423" lon="-81.752032"><ele>232.5</ele><time>2026-09-05T15:36:33Z</time></trkpt>
      <trkpt lat="41.392423" lon="-81.752019"><ele>232.5</ele><time>2026-09-05T15:36:34Z</time></trkpt>
      <trkpt lat="41.392421" lon="-81.752005"><ele>232.5</ele><time>2026-09-05T15:36:35Z</time></trkpt>
      <trkpt lat="41.392421" lon="-81.751989"><ele>232.5</ele><time>2026-09-05T15:36:36Z</time></trkpt>
      <trkpt lat="41.392422" lon="-81.751974"><ele>232.5</ele><time>2026-09-05T15:36:37Z</time></trkpt>
      <trkpt lat="41.392423" lon="-81.751956"><ele>232.5</ele><time>2026-09-05T15:36:38Z</time></trkpt>
      <trkpt lat="41.392424" lon="-81.751942"><ele>232.5</ele><time>2026-09-05T15:36:39Z</time></trkpt>
      <trkpt lat="41.392425" lon="-81.75193"><ele>232.5</ele><time>2026-09-05T15:36:40Z</time></trkpt>
      <trkpt lat="41.392426" lon="-81.751919"><ele>232.5</ele><time>2026-09-05T15:36:41Z</time></trkpt>
      <trkpt lat="41.392428" lon="-81.751908"><ele>232.5</ele><time>2026-09-05T15:36:42Z</time></trkpt>
      <trkpt lat="41.392429" lon="-81.751898"><ele>232.5</ele><time>2026-09-05T15:36:43Z</time></trkpt>
      <trkpt lat="41.392431" lon="-81.751885"><ele>232.5</ele><time>2026-09-05T15:36:44Z</time></trkpt>
      <trkpt lat="41.392435" lon="-81.751876"><ele>232.5</ele><time>2026-09-05T15:36:45Z</time></trkpt>
      <trkpt lat="41.392439" lon="-81.751869"><ele>232.5</ele><time>2026-09-05T15:36:46Z</time></trkpt>
      <trkpt lat="41.392442" lon="-81.75186"><ele>232.5</ele><time>2026-09-05T15:36:47Z</time></trkpt>
      <trkpt lat="41.392439" lon="-81.751851"><ele>232.5</ele><time>2026-09-05T15:36:48Z</time></trkpt>
      <trkpt lat="41.392433" lon="-81.751841"><ele>232.5</ele><time>2026-09-05T15:36:49Z</time></trkpt>
      <trkpt lat="41.392425" lon="-81.75183"><ele>232.5</ele><time>2026-09-05T15:36:50Z</time></trkpt>
      <trkpt lat="41.392417" lon="-81.75182"><ele>232.5</ele><time>2026-09-05T15:36:51Z</time></trkpt>
      <trkpt lat="41.392411" lon="-81.751808"><ele>232.5</ele><time>2026-09-05T15:36:52Z</time></trkpt>
      <trkpt lat="41.392408" lon="-81.751794"><ele>232.5</ele><time>2026-09-05T15:36:53Z</time></trkpt>
      <trkpt lat="41.392407" lon="-81.75178"><ele>232.5</ele><time>2026-09-05T15:36:54Z</time></trkpt>
      <trkpt lat="41.392407" lon="-81.751764"><ele>232.5</ele><time>2026-09-05T15:36:55Z</time></trkpt>
      <trkpt lat="41.392407" lon="-81.751745"><ele>232.5</ele><time>2026-09-05T15:36:56Z</time></trkpt>
      <trkpt lat="41.392406" lon="-81.751731"><ele>232.5</ele><time>2026-09-05T15:36:57Z</time></trkpt>
      <trkpt lat="41.392405" lon="-81.751717"><ele>232.5</ele><time>2026-09-05T15:36:58Z</time></trkpt>
      <trkpt lat="41.392403" lon="-81.7517"><ele>232.5</ele><time>2026-09-05T15:36:59Z</time></trkpt>
      <trkpt lat="41.392403" lon="-81.751683"><ele>232.5</ele><time>2026-09-05T15:37:00Z</time></trkpt>
      <trkpt lat="41.392403" lon="-81.751667"><ele>232.5</ele><time>2026-09-05T15:37:01Z</time></trkpt>
      <trkpt lat="41.392403" lon="-81.751656"><ele>232.5</ele><time>2026-09-05T15:37:02Z</time></trkpt>
      <trkpt lat="41.392402" lon="-81.751646"><ele>232.5</ele><time>2026-09-05T15:37:03Z</time></trkpt>
      <trkpt lat="41.392401" lon="-81.751633"><ele>232.5</ele><time>2026-09-05T15:37:04Z</time></trkpt>
      <trkpt lat="41.3924" lon="-81.751621"><ele>232.5</ele><time>2026-09-05T15:37:05Z</time></trkpt>
      <trkpt lat="41.392398" lon="-81.751606"><ele>232.7</ele><time>2026-09-05T15:37:06Z</time></trkpt>
      <trkpt lat="41.392397" lon="-81.751591"><ele>232.7</ele><time>2026-09-05T15:37:07Z</time></trkpt>
      <trkpt lat="41.392396" lon="-81.751576"><ele>232.7</ele><time>2026-09-05T15:37:08Z</time></trkpt>
      <trkpt lat="41.392395" lon="-81.751563"><ele>232.7</ele><time>2026-09-05T15:37:09Z</time></trkpt>
      <trkpt lat="41.392394" lon="-81.75155"><ele>232.7</ele><time>2026-09-05T15:37:10Z</time></trkpt>
      <trkpt lat="41.392392" lon="-81.751536"><ele>232.7</ele><time>2026-09-05T15:37:11Z</time></trkpt>
      <trkpt lat="41.392391" lon="-81.751523"><ele>232.7</ele><time>2026-09-05T15:37:12Z</time></trkpt>
      <trkpt lat="41.39239" lon="-81.751511"><ele>233.1</ele><time>2026-09-05T15:37:13Z</time></trkpt>
      <trkpt lat="41.392388" lon="-81.751496"><ele>233.1</ele><time>2026-09-05T15:37:14Z</time></trkpt>
      <trkpt lat="41.392387" lon="-81.751481"><ele>233.1</ele><time>2026-09-05T15:37:15Z</time></trkpt>
      <trkpt lat="41.392388" lon="-81.751466"><ele>233.1</ele><time>2026-09-05T15:37:16Z</time></trkpt>
      <trkpt lat="41.392389" lon="-81.751452"><ele>233.1</ele><time>2026-09-05T15:37:17Z</time></trkpt>
      <trkpt lat="41.392391" lon="-81.751438"><ele>233.1</ele><time>2026-09-05T15:37:18Z</time></trkpt>
      <trkpt lat="41.392393" lon="-81.751424"><ele>233.1</ele><time>2026-09-05T15:37:19Z</time></trkpt>
      <trkpt lat="41.392395" lon="-81.751407"><ele>233.1</ele><time>2026-09-05T15:37:20Z</time></trkpt>
      <trkpt lat="41.392396" lon="-81.75139"><ele>233.1</ele><time>2026-09-05T15:37:21Z</time></trkpt>
      <trkpt lat="41.392398" lon="-81.751372"><ele>233.1</ele><time>2026-09-05T15:37:22Z</time></trkpt>
      <trkpt lat="41.3924" lon="-81.751356"><ele>233.1</ele><time>2026-09-05T15:37:23Z</time></trkpt>
      <trkpt lat="41.392402" lon="-81.751341"><ele>233.1</ele><time>2026-09-05T15:37:24Z</time></trkpt>
      <trkpt lat="41.392404" lon="-81.751326"><ele>233.1</ele><time>2026-09-05T15:37:25Z</time></trkpt>
      <trkpt lat="41.392405" lon="-81.751309"><ele>233.1</ele><time>2026-09-05T15:37:26Z</time></trkpt>
      <trkpt lat="41.392407" lon="-81.751295"><ele>233.1</ele><time>2026-09-05T15:37:27Z</time></trkpt>
      <trkpt lat="41.39241" lon="-81.751279"><ele>233.1</ele><time>2026-09-05T15:37:28Z</time></trkpt>
      <trkpt lat="41.392411" lon="-81.751266"><ele>233.299</ele><time>2026-09-05T15:37:29Z</time></trkpt>
      <trkpt lat="41.392411" lon="-81.751252"><ele>233.299</ele><time>2026-09-05T15:37:30Z</time></trkpt>
      <trkpt lat="41.39241" lon="-81.751239"><ele>233.299</ele><time>2026-09-05T15:37:31Z</time></trkpt>
      <trkpt lat="41.392411" lon="-81.751223"><ele>233.299</ele><time>2026-09-05T15:37:32Z</time></trkpt>
      <trkpt lat="41.392412" lon="-81.751206"><ele>233.299</ele><time>2026-09-05T15:37:33Z</time></trkpt>
      <trkpt lat="41.392413" lon="-81.751191"><ele>233.3</ele><time>2026-09-05T15:37:34Z</time></trkpt>
      <trkpt lat="41.392415" lon="-81.751175"><ele>233.3</ele><time>2026-09-05T15:37:35Z</time></trkpt>
      <trkpt lat="41.392418" lon="-81.751163"><ele>233.3</ele><time>2026-09-05T15:37:36Z</time></trkpt>
      <trkpt lat="41.392419" lon="-81.751154"><ele>233.1</ele><time>2026-09-05T15:37:37Z</time></trkpt>
      <trkpt lat="41.392419" lon="-81.751142"><ele>233.1</ele><time>2026-09-05T15:37:38Z</time></trkpt>
      <trkpt lat="41.392418" lon="-81.751128"><ele>233.1</ele><time>2026-09-05T15:37:39Z</time></trkpt>
      <trkpt lat="41.392416" lon="-81.751111"><ele>233.1</ele><time>2026-09-05T15:37:40Z</time></trkpt>
      <trkpt lat="41.392413" lon="-81.751098"><ele>233.5</ele><time>2026-09-05T15:37:41Z</time></trkpt>
      <trkpt lat="41.392407" lon="-81.751079"><ele>233.5</ele><time>2026-09-05T15:37:42Z</time></trkpt>
      <trkpt lat="41.392403" lon="-81.751063"><ele>233.5</ele><time>2026-09-05T15:37:43Z</time></trkpt>
      <trkpt lat="41.392399" lon="-81.751051"><ele>233.5</ele><time>2026-09-05T15:37:44Z</time></trkpt>
      <trkpt lat="41.392393" lon="-81.751036"><ele>233.5</ele><time>2026-09-05T15:37:45Z</time></trkpt>
      <trkpt lat="41.392389" lon="-81.751023"><ele>233.5</ele><time>2026-09-05T15:37:46Z</time></trkpt>
      <trkpt lat="41.392389" lon="-81.751009"><ele>233.5</ele><time>2026-09-05T15:37:47Z</time></trkpt>
      <trkpt lat="41.392389" lon="-81.750995"><ele>233.5</ele><time>2026-09-05T15:37:48Z</time></trkpt>
      <trkpt lat="41.392389" lon="-81.750983"><ele>233.5</ele><time>2026-09-05T15:37:49Z</time></trkpt>
      <trkpt lat="41.392389" lon="-81.75097"><ele>233.5</ele><time>2026-09-05T15:37:50Z</time></trkpt>
      <trkpt lat="41.392389" lon="-81.750957"><ele>233.5</ele><time>2026-09-05T15:37:51Z</time></trkpt>
      <trkpt lat="41.392389" lon="-81.750943"><ele>233.5</ele><time>2026-09-05T15:37:52Z</time></trkpt>
      <trkpt lat="41.392391" lon="-81.750933"><ele>233.5</ele><time>2026-09-05T15:37:53Z</time></trkpt>
      <trkpt lat="41.392393" lon="-81.750926"><ele>233.5</ele><time>2026-09-05T15:37:54Z</time></trkpt>
      <trkpt lat="41.392397" lon="-81.750919"><ele>233.5</ele><time>2026-09-05T15:37:55Z</time></trkpt>
      <trkpt lat="41.392402" lon="-81.750912"><ele>233.5</ele><time>2026-09-05T15:37:56Z</time></trkpt>
      <trkpt lat="41.392408" lon="-81.750907"><ele>233.5</ele><time>2026-09-05T15:37:57Z</time></trkpt>
      <trkpt lat="41.392415" lon="-81.750901"><ele>233.6</ele><time>2026-09-05T15:37:58Z</time></trkpt>
      <trkpt lat="41.392422" lon="-81.750893"><ele>233.6</ele><time>2026-09-05T15:37:59Z</time></trkpt>
      <trkpt lat="41.392428" lon="-81.750884"><ele>233.6</ele><time>2026-09-05T15:38:00Z</time></trkpt>
      <trkpt lat="41.392435" lon="-81.750875"><ele>233.6</ele><time>2026-09-05T15:38:01Z</time></trkpt>
      <trkpt lat="41.39244" lon="-81.750863"><ele>233.6</ele><time>2026-09-05T15:38:02Z</time></trkpt>
      <trkpt lat="41.392443" lon="-81.750852"><ele>233.6</ele><time>2026-09-05T15:38:03Z</time></trkpt>
      <trkpt lat="41.392447" lon="-81.750838"><ele>233.6</ele><time>2026-09-05T15:38:04Z</time></trkpt>
      <trkpt lat="41.392448" lon="-81.750825"><ele>233.7</ele><time>2026-09-05T15:38:05Z</time></trkpt>
      <trkpt lat="41.392448" lon="-81.750813"><ele>233.7</ele><time>2026-09-05T15:38:06Z</time></trkpt>
      <trkpt lat="41.392447" lon="-81.7508"><ele>233.7</ele><time>2026-09-05T15:38:07Z</time></trkpt>
      <trkpt lat="41.392444" lon="-81.750784"><ele>233.7</ele><time>2026-09-05T15:38:08Z</time></trkpt>
      <trkpt lat="41.39244" lon="-81.750768"><ele>233.7</ele><time>2026-09-05T15:38:09Z</time></trkpt>
      <trkpt lat="41.392436" lon="-81.750753"><ele>233.7</ele><time>2026-09-05T15:38:10Z</time></trkpt>
      <trkpt lat="41.392431" lon="-81.750737"><ele>233.7</ele><time>2026-09-05T15:38:11Z</time></trkpt>
      <trkpt lat="41.392428" lon="-81.750721"><ele>233.7</ele><time>2026-09-05T15:38:12Z</time></trkpt>
      <trkpt lat="41.392424" lon="-81.750708"><ele>233.7</ele><time>2026-09-05T15:38:13Z</time></trkpt>
      <trkpt lat="41.392421" lon="-81.750697"><ele>233.7</ele><time>2026-09-05T15:38:14Z</time></trkpt>
      <trkpt lat="41.392418" lon="-81.750684"><ele>233.7</ele><time>2026-09-05T15:38:15Z</time></trkpt>
      <trkpt lat="41.392417" lon="-81.750669"><ele>233.7</ele><time>2026-09-05T15:38:16Z</time></trkpt>
      <trkpt lat="41.392417" lon="-81.750657"><ele>233.7</ele><time>2026-09-05T15:38:17Z</time></trkpt>
      <trkpt lat="41.392419" lon="-81.750647"><ele>233.7</ele><time>2026-09-05T15:38:18Z</time></trkpt>
      <trkpt lat="41.392421" lon="-81.750637"><ele>233.7</ele><time>2026-09-05T15:38:19Z</time></trkpt>
      <trkpt lat="41.392422" lon="-81.750628"><ele>233.7</ele><time>2026-09-05T15:38:20Z</time></trkpt>
      <trkpt lat="41.392422" lon="-81.750616"><ele>233.7</ele><time>2026-09-05T15:38:21Z</time></trkpt>
      <trkpt lat="41.392422" lon="-81.750606"><ele>233.7</ele><time>2026-09-05T15:38:22Z</time></trkpt>
      <trkpt lat="41.392421" lon="-81.750594"><ele>233.7</ele><time>2026-09-05T15:38:23Z</time></trkpt>
      <trkpt lat="41.392422" lon="-81.750583"><ele>233.7</ele><time>2026-09-05T15:38:24Z</time></trkpt>
      <trkpt lat="41.392425" lon="-81.75057"><ele>233.7</ele><time>2026-09-05T15:38:25Z</time></trkpt>
      <trkpt lat="41.392427" lon="-81.750553"><ele>233.7</ele><time>2026-09-05T15:38:26Z</time></trkpt>
      <trkpt lat="41.392429" lon="-81.750535"><ele>233.7</ele><time>2026-09-05T15:38:27Z</time></trkpt>
      <trkpt lat="41.39243" lon="-81.75052"><ele>233.7</ele><time>2026-09-05T15:38:28Z</time></trkpt>
      <trkpt lat="41.392431" lon="-81.750502"><ele>233.7</ele><time>2026-09-05T15:38:29Z</time></trkpt>
      <trkpt lat="41.392429" lon="-81.750483"><ele>233.7</ele><time>2026-09-05T15:38:30Z</time></trkpt>
      <trkpt lat="41.392426" lon="-81.750463"><ele>233.7</ele><time>2026-09-05T15:38:31Z</time></trkpt>
      <trkpt lat="41.392422" lon="-81.750444"><ele>233.7</ele><time>2026-09-05T15:38:32Z</time></trkpt>
      <trkpt lat="41.39242" lon="-81.750426"><ele>233.7</ele><time>2026-09-05T15:38:33Z</time></trkpt>
      <trkpt lat="41.392419" lon="-81.750407"><ele>233.7</ele><time>2026-09-05T15:38:34Z</time></trkpt>
      <trkpt lat="41.392418" lon="-81.750389"><ele>233.7</ele><time>2026-09-05T15:38:35Z</time></trkpt>
      <trkpt lat="41.392418" lon="-81.750372"><ele>233.7</ele><time>2026-09-05T15:38:36Z</time></trkpt>
      <trkpt lat="41.392418" lon="-81.750356"><ele>233.7</ele><time>2026-09-05T15:38:37Z</time></trkpt>
      <trkpt lat="41.392418" lon="-81.750342"><ele>233.7</ele><time>2026-09-05T15:38:38Z</time></trkpt>
      <trkpt lat="41.392418" lon="-81.750327"><ele>233.7</ele><time>2026-09-05T15:38:39Z</time></trkpt>
      <trkpt lat="41.392418" lon="-81.750315"><ele>233.7</ele><time>2026-09-05T15:38:40Z</time></trkpt>
      <trkpt lat="41.392418" lon="-81.750298"><ele>233.7</ele><time>2026-09-05T15:38:41Z</time></trkpt>
      <trkpt lat="41.392419" lon="-81.750279"><ele>233.7</ele><time>2026-09-05T15:38:42Z</time></trkpt>
      <trkpt lat="41.392419" lon="-81.750265"><ele>233.7</ele><time>2026-09-05T15:38:43Z</time></trkpt>
      <trkpt lat="41.392419" lon="-81.75025"><ele>233.7</ele><time>2026-09-05T15:38:44Z</time></trkpt>
      <trkpt lat="41.392418" lon="-81.750236"><ele>233.7</ele><time>2026-09-05T15:38:45Z</time></trkpt>
      <trkpt lat="41.392416" lon="-81.75022"><ele>233.7</ele><time>2026-09-05T15:38:46Z</time></trkpt>
      <trkpt lat="41.392412" lon="-81.750204"><ele>233.7</ele><time>2026-09-05T15:38:47Z</time></trkpt>
      <trkpt lat="41.392409" lon="-81.750189"><ele>233.7</ele><time>2026-09-05T15:38:48Z</time></trkpt>
      <trkpt lat="41.392408" lon="-81.750173"><ele>233.7</ele><time>2026-09-05T15:38:49Z</time></trkpt>
      <trkpt lat="41.392408" lon="-81.750156"><ele>233.7</ele><time>2026-09-05T15:38:50Z</time></trkpt>
      <trkpt lat="41.392407" lon="-81.750142"><ele>233.7</ele><time>2026-09-05T15:38:51Z</time></trkpt>
      <trkpt lat="41.392407" lon="-81.750131"><ele>233.7</ele><time>2026-09-05T15:38:52Z</time></trkpt>
      <trkpt lat="41.392407" lon="-81.750123"><ele>233.7</ele><time>2026-09-05T15:38:53Z</time></trkpt>
      <trkpt lat="41.392407" lon="-81.750117"><ele>233.7</ele><time>2026-09-05T15:38:54Z</time></trkpt>
      <trkpt lat="41.392407" lon="-81.750107"><ele>233.7</ele><time>2026-09-05T15:38:55Z</time></trkpt>
      <trkpt lat="41.392407" lon="-81.750097"><ele>233.7</ele><time>2026-09-05T15:38:56Z</time></trkpt>
      <trkpt lat="41.392407" lon="-81.750082"><ele>233.7</ele><time>2026-09-05T15:38:57Z</time></trkpt>
      <trkpt lat="41.392407" lon="-81.750068"><ele>233.7</ele><time>2026-09-05T15:38:58Z</time></trkpt>
      <trkpt lat="41.392406" lon="-81.750056"><ele>233.7</ele><time>2026-09-05T15:38:59Z</time></trkpt>
      <trkpt lat="41.392406" lon="-81.750041"><ele>233.7</ele><time>2026-09-05T15:39:00Z</time></trkpt>
      <trkpt lat="41.392405" lon="-81.750025"><ele>233.7</ele><time>2026-09-05T15:39:01Z</time></trkpt>
      <trkpt lat="41.392403" lon="-81.75001"><ele>233.7</ele><time>2026-09-05T15:39:02Z</time></trkpt>
      <trkpt lat="41.392402" lon="-81.749998"><ele>233.5</ele><time>2026-09-05T15:39:03Z</time></trkpt>
      <trkpt lat="41.3924" lon="-81.749982"><ele>233.5</ele><time>2026-09-05T15:39:04Z</time></trkpt>
      <trkpt lat="41.392399" lon="-81.749968"><ele>233.5</ele><time>2026-09-05T15:39:05Z</time></trkpt>
      <trkpt lat="41.392398" lon="-81.749953"><ele>233.5</ele><time>2026-09-05T15:39:06Z</time></trkpt>
      <trkpt lat="41.392398" lon="-81.749939"><ele>233.5</ele><time>2026-09-05T15:39:07Z</time></trkpt>
      <trkpt lat="41.392399" lon="-81.749925"><ele>233.5</ele><time>2026-09-05T15:39:08Z</time></trkpt>
      <trkpt lat="41.3924" lon="-81.749912"><ele>233.5</ele><time>2026-09-05T15:39:09Z</time></trkpt>
      <trkpt lat="41.392403" lon="-81.749897"><ele>233.5</ele><time>2026-09-05T15:39:10Z</time></trkpt>
      <trkpt lat="41.392406" lon="-81.749883"><ele>233.5</ele><time>2026-09-05T15:39:11Z</time></trkpt>
      <trkpt lat="41.392409" lon="-81.749873"><ele>233.5</ele><time>2026-09-05T15:39:12Z</time></trkpt>
      <trkpt lat="41.392409" lon="-81.749861"><ele>233.5</ele><time>2026-09-05T15:39:13Z</time></trkpt>
      <trkpt lat="41.39241" lon="-81.749847"><ele>233.5</ele><time>2026-09-05T15:39:14Z</time></trkpt>
      <trkpt lat="41.39241" lon="-81.749838"><ele>233.5</ele><time>2026-09-05T15:39:15Z</time></trkpt>
      <trkpt lat="41.392411" lon="-81.74983"><ele>233.5</ele><time>2026-09-05T15:39:16Z</time></trkpt>
      <trkpt lat="41.39241" lon="-81.749818"><ele>233.5</ele><time>2026-09-05T15:39:17Z</time></trkpt>
      <trkpt lat="41.39241" lon="-81.749803"><ele>233.5</ele><time>2026-09-05T15:39:18Z</time></trkpt>
      <trkpt lat="41.392409" lon="-81.749791"><ele>233.5</ele><time>2026-09-05T15:39:19Z</time></trkpt>
      <trkpt lat="41.392408" lon="-81.74978"><ele>233.5</ele><time>2026-09-05T15:39:20Z</time></trkpt>
      <trkpt lat="41.392403" lon="-81.749775"><ele>233.5</ele><time>2026-09-05T15:39:21Z</time></trkpt>
      <trkpt lat="41.392399" lon="-81.749771"><ele>233.5</ele><time>2026-09-05T15:39:22Z</time></trkpt>
      <trkpt lat="41.392397" lon="-81.749763"><ele>233.1</ele><time>2026-09-05T15:39:23Z</time></trkpt>
      <trkpt lat="41.392394" lon="-81.749755"><ele>233.1</ele><time>2026-09-05T15:39:24Z</time></trkpt>
      <trkpt lat="41.392391" lon="-81.749743"><ele>233.1</ele><time>2026-09-05T15:39:25Z</time></trkpt>
      <trkpt lat="41.392389" lon="-81.749731"><ele>233.1</ele><time>2026-09-05T15:39:26Z</time></trkpt>
      <trkpt lat="41.392387" lon="-81.74972"><ele>233.1</ele><time>2026-09-05T15:39:27Z</time></trkpt>
      <trkpt lat="41.392387" lon="-81.749709"><ele>233.5</ele><time>2026-09-05T15:39:28Z</time></trkpt>
      <trkpt lat="41.392389" lon="-81.749691"><ele>233.5</ele><time>2026-09-05T15:39:29Z</time></trkpt>
      <trkpt lat="41.39239" lon="-81.749675"><ele>233.5</ele><time>2026-09-05T15:39:30Z</time></trkpt>
      <trkpt lat="41.39239" lon="-81.749661"><ele>233.5</ele><time>2026-09-05T15:39:31Z</time></trkpt>
      <trkpt lat="41.392387" lon="-81.749648"><ele>233.5</ele><time>2026-09-05T15:39:32Z</time></trkpt>
      <trkpt lat="41.392384" lon="-81.749635"><ele>233.5</ele><time>2026-09-05T15:39:33Z</time></trkpt>
      <trkpt lat="41.392381" lon="-81.749623"><ele>233.5</ele><time>2026-09-05T15:39:34Z</time></trkpt>
      <trkpt lat="41.392379" lon="-81.749611"><ele>233.5</ele><time>2026-09-05T15:39:35Z</time></trkpt>
      <trkpt lat="41.392378" lon="-81.749598"><ele>233.5</ele><time>2026-09-05T15:39:36Z</time></trkpt>
      <trkpt lat="41.392376" lon="-81.749585"><ele>233.5</ele><time>2026-09-05T15:39:37Z</time></trkpt>
      <trkpt lat="41.392376" lon="-81.749574"><ele>233.5</ele><time>2026-09-05T15:39:38Z</time></trkpt>
      <trkpt lat="41.392378" lon="-81.749559"><ele>233.5</ele><time>2026-09-05T15:39:39Z</time></trkpt>
      <trkpt lat="41.39238" lon="-81.749544"><ele>233.5</ele><time>2026-09-05T15:39:40Z</time></trkpt>
      <trkpt lat="41.392383" lon="-81.749531"><ele>233.5</ele><time>2026-09-05T15:39:41Z</time></trkpt>
      <trkpt lat="41.392387" lon="-81.749522"><ele>233.5</ele><time>2026-09-05T15:39:42Z</time></trkpt>
      <trkpt lat="41.392389" lon="-81.749513"><ele>233.5</ele><time>2026-09-05T15:39:43Z</time></trkpt>
      <trkpt lat="41.392392" lon="-81.749504"><ele>233.5</ele><time>2026-09-05T15:39:44Z</time></trkpt>
      <trkpt lat="41.392395" lon="-81.749497"><ele>233.5</ele><time>2026-09-05T15:39:45Z</time></trkpt>
      <trkpt lat="41.392397" lon="-81.749489"><ele>233.5</ele><time>2026-09-05T15:39:46Z</time></trkpt>
      <trkpt lat="41.392399" lon="-81.749475"><ele>233.5</ele><time>2026-09-05T15:39:47Z</time></trkpt>
      <trkpt lat="41.392401" lon="-81.749461"><ele>233.5</ele><time>2026-09-05T15:39:48Z</time></trkpt>
      <trkpt lat="41.392402" lon="-81.749448"><ele>233.5</ele><time>2026-09-05T15:39:49Z</time></trkpt>
      <trkpt lat="41.392403" lon="-81.749435"><ele>233.5</ele><time>2026-09-05T15:39:50Z</time></trkpt>
      <trkpt lat="41.392404" lon="-81.749421"><ele>233.5</ele><time>2026-09-05T15:39:51Z</time></trkpt>
      <trkpt lat="41.392404" lon="-81.749408"><ele>233.5</ele><time>2026-09-05T15:39:52Z</time></trkpt>
      <trkpt lat="41.392402" lon="-81.749396"><ele>233.5</ele><time>2026-09-05T15:39:53Z</time></trkpt>
      <trkpt lat="41.392401" lon="-81.749385"><ele>233.5</ele><time>2026-09-05T15:39:54Z</time></trkpt>
      <trkpt lat="41.3924" lon="-81.74937"><ele>233.5</ele><time>2026-09-05T15:39:55Z</time></trkpt>
      <trkpt lat="41.392399" lon="-81.749359"><ele>233.5</ele><time>2026-09-05T15:39:56Z</time></trkpt>
      <trkpt lat="41.392399" lon="-81.749346"><ele>233.5</ele><time>2026-09-05T15:39:57Z</time></trkpt>
      <trkpt lat="41.392399" lon="-81.749334"><ele>233.5</ele><time>2026-09-05T15:39:58Z</time></trkpt>
      <trkpt lat="41.392399" lon="-81.749323"><ele>233.5</ele><time>2026-09-05T15:39:59Z</time></trkpt>
      <trkpt lat="41.392399" lon="-81.749311"><ele>233</ele><time>2026-09-05T15:40:00Z</time></trkpt>
      <trkpt lat="41.392399" lon="-81.749301"><ele>233</ele><time>2026-09-05T15:40:01Z</time></trkpt>
      <trkpt lat="41.392401" lon="-81.74929"><ele>233</ele><time>2026-09-05T15:40:02Z</time></trkpt>
      <trkpt lat="41.392403" lon="-81.749281"><ele>233</ele><time>2026-09-05T15:40:03Z</time></trkpt>
      <trkpt lat="41.392404" lon="-81.749272"><ele>233</ele><time>2026-09-05T15:40:04Z</time></trkpt>
      <trkpt lat="41.392405" lon="-81.749261"><ele>233</ele><time>2026-09-05T15:40:05Z</time></trkpt>
      <trkpt lat="41.392406" lon="-81.749249"><ele>233</ele><time>2026-09-05T15:40:06Z</time></trkpt>
      <trkpt lat="41.392405" lon="-81.749236"><ele>233</ele><time>2026-09-05T15:40:07Z</time></trkpt>
      <trkpt lat="41.392402" lon="-81.749216"><ele>233</ele><time>2026-09-05T15:40:08Z</time></trkpt>
      <trkpt lat="41.392401" lon="-81.749203"><ele>233</ele><time>2026-09-05T15:40:09Z</time></trkpt>
      <trkpt lat="41.3924" lon="-81.74919"><ele>233</ele><time>2026-09-05T15:40:10Z</time></trkpt>
      <trkpt lat="41.392398" lon="-81.749176"><ele>233</ele><time>2026-09-05T15:40:11Z</time></trkpt>
      <trkpt lat="41.392397" lon="-81.749164"><ele>233</ele><time>2026-09-05T15:40:12Z</time></trkpt>
      <trkpt lat="41.392395" lon="-81.749154"><ele>233</ele><time>2026-09-05T15:40:13Z</time></trkpt>
      <trkpt lat="41.392394" lon="-81.749144"><ele>233</ele><time>2026-09-05T15:40:14Z</time></trkpt>
      <trkpt lat="41.392391" lon="-81.749131"><ele>233</ele><time>2026-09-05T15:40:15Z</time></trkpt>
      <trkpt lat="41.392389" lon="-81.749116"><ele>233</ele><time>2026-09-05T15:40:16Z</time></trkpt>
      <trkpt lat="41.392388" lon="-81.749104"><ele>233</ele><time>2026-09-05T15:40:17Z</time></trkpt>
      <trkpt lat="41.39239" lon="-81.749095"><ele>233</ele><time>2026-09-05T15:40:18Z</time></trkpt>
      <trkpt lat="41.392393" lon="-81.749084"><ele>233</ele><time>2026-09-05T15:40:19Z</time></trkpt>
      <trkpt lat="41.392395" lon="-81.749073"><ele>233</ele><time>2026-09-05T15:40:20Z</time></trkpt>
      <trkpt lat="41.392397" lon="-81.749063"><ele>233</ele><time>2026-09-05T15:40:21Z</time></trkpt>
      <trkpt lat="41.392399" lon="-81.749049"><ele>233</ele><time>2026-09-05T15:40:22Z</time></trkpt>
      <trkpt lat="41.392399" lon="-81.749036"><ele>233</ele><time>2026-09-05T15:40:23Z</time></trkpt>
      <trkpt lat="41.392397" lon="-81.749024"><ele>233</ele><time>2026-09-05T15:40:24Z</time></trkpt>
      <trkpt lat="41.392394" lon="-81.749016"><ele>233</ele><time>2026-09-05T15:40:25Z</time></trkpt>
      <trkpt lat="41.39239" lon="-81.749005"><ele>233</ele><time>2026-09-05T15:40:26Z</time></trkpt>
      <trkpt lat="41.392387" lon="-81.748994"><ele>233</ele><time>2026-09-05T15:40:27Z</time></trkpt>
      <trkpt lat="41.392382" lon="-81.74898"><ele>233</ele><time>2026-09-05T15:40:28Z</time></trkpt>
      <trkpt lat="41.392382" lon="-81.74897"><ele>233</ele><time>2026-09-05T15:40:29Z</time></trkpt>
      <trkpt lat="41.392385" lon="-81.748957"><ele>233</ele><time>2026-09-05T15:40:30Z</time></trkpt>
      <trkpt lat="41.392389" lon="-81.748943"><ele>233</ele><time>2026-09-05T15:40:31Z</time></trkpt>
      <trkpt lat="41.392395" lon="-81.748928"><ele>233</ele><time>2026-09-05T15:40:32Z</time></trkpt>
      <trkpt lat="41.3924" lon="-81.748913"><ele>233</ele><time>2026-09-05T15:40:33Z</time></trkpt>
      <trkpt lat="41.392405" lon="-81.748899"><ele>233</ele><time>2026-09-05T15:40:34Z</time></trkpt>
      <trkpt lat="41.392407" lon="-81.748888"><ele>233</ele><time>2026-09-05T15:40:35Z</time></trkpt>
      <trkpt lat="41.39241" lon="-81.748874"><ele>232.3</ele><time>2026-09-05T15:40:36Z</time></trkpt>
      <trkpt lat="41.392413" lon="-81.748863"><ele>232.3</ele><time>2026-09-05T15:40:37Z</time></trkpt>
      <trkpt lat="41.392417" lon="-81.748854"><ele>232.3</ele><time>2026-09-05T15:40:38Z</time></trkpt>
      <trkpt lat="41.392422" lon="-81.748845"><ele>232.3</ele><time>2026-09-05T15:40:39Z</time></trkpt>
      <trkpt lat="41.392427" lon="-81.748834"><ele>232.3</ele><time>2026-09-05T15:40:40Z</time></trkpt>
      <trkpt lat="41.392431" lon="-81.748823"><ele>232.3</ele><time>2026-09-05T15:40:41Z</time></trkpt>
      <trkpt lat="41.392434" lon="-81.74881"><ele>232.3</ele><time>2026-09-05T15:40:42Z</time></trkpt>
      <trkpt lat="41.392433" lon="-81.748798"><ele>232.3</ele><time>2026-09-05T15:40:43Z</time></trkpt>
      <trkpt lat="41.392429" lon="-81.748789"><ele>232.8</ele><time>2026-09-05T15:40:44Z</time></trkpt>
      <trkpt lat="41.392427" lon="-81.74878"><ele>232.8</ele><time>2026-09-05T15:40:45Z</time></trkpt>
      <trkpt lat="41.392426" lon="-81.748767"><ele>232.8</ele><time>2026-09-05T15:40:46Z</time></trkpt>
    </trkseg>
  </trk>
</gpx>
