<?xml version="1.0" encoding="UTF-8"?>
<gpx version="1.1" creator="HoldMyTrack" xmlns="http://www.topografix.com/GPX/1/1">
  <trk>
    <type>Solowheel</type>
    <trkseg>
      <trkpt lat="41.31814828142524" lon="-81.58777831122279"><ele>162</ele><time>2026-07-07T20:22:43Z</time></trkpt>
      <trkpt lat="41.31822321563959" lon="-81.58777244389057"><ele>162</ele><time>2026-07-07T20:22:46Z</time></trkpt>
      <trkpt lat="41.31835799664259" lon="-81.58775961957872"><ele>161</ele><time>2026-07-07T20:22:49Z</time></trkpt>
      <trkpt lat="41.318527101539075" lon="-81.58776238560677"><ele>162</ele><time>2026-07-07T20:22:53Z</time></trkpt>
      <trkpt lat="41.318634054623544" lon="-81.58779398538172"><ele>161</ele><time>2026-07-07T20:22:56Z</time></trkpt>
      <trkpt lat="41.31877390667796" lon="-81.58780756406486"><ele>161</ele><time>2026-07-07T20:22:59Z</time></trkpt>
      <trkpt lat="41.318923817016184" lon="-81.58775660209358"><ele>160</ele><time>2026-07-07T20:23:02Z</time></trkpt>
      <trkpt lat="41.319072847254574" lon="-81.58776951022446"><ele>160</ele><time>2026-07-07T20:23:05Z</time></trkpt>
      <trkpt lat="41.319177746772766" lon="-81.58784285187721"><ele>160</ele><time>2026-07-07T20:23:08Z</time></trkpt>
      <trkpt lat="41.31926793605089" lon="-81.58785341307521"><ele>159</ele><time>2026-07-07T20:23:11Z</time></trkpt>
      <trkpt lat="41.31930791772902" lon="-81.58771955408156"><ele>159</ele><time>2026-07-07T20:23:14Z</time></trkpt>
      <trkpt lat="41.31932300515473" lon="-81.58759390935302"><ele>158</ele><time>2026-07-07T20:23:17Z</time></trkpt>
      <trkpt lat="41.31933520082384" lon="-81.58747781999409"><ele>158</ele><time>2026-07-07T20:23:20Z</time></trkpt>
      <trkpt lat="41.319400244392455" lon="-81.58729358576238"><ele>157</ele><time>2026-07-07T20:23:23Z</time></trkpt>
      <trkpt lat="41.319521949626505" lon="-81.58703668043017"><ele>156</ele><time>2026-07-07T20:23:26Z</time></trkpt>
      <trkpt lat="41.31963200401515" lon="-81.58678773790598"><ele>156</ele><time>2026-07-07T20:23:29Z</time></trkpt>
      <trkpt lat="41.319747967645526" lon="-81.58658011816442"><ele>156</ele><time>2026-07-07T20:23:32Z</time></trkpt>
      <trkpt lat="41.31984737701714" lon="-81.58638884313405"><ele>155</ele><time>2026-07-07T20:23:35Z</time></trkpt>
      <trkpt lat="41.319920467212796" lon="-81.58620460890234"><ele>156</ele><time>2026-07-07T20:23:38Z</time></trkpt>
      <trkpt lat="41.32003580220044" lon="-81.5861284174025"><ele>157</ele><time>2026-07-07T20:23:41Z</time></trkpt>
      <trkpt lat="41.32013227790594" lon="-81.5861305128783"><ele>157</ele><time>2026-07-07T20:23:44Z</time></trkpt>
      <trkpt lat="41.32023177109659" lon="-81.58616571687162"><ele>157</ele><time>2026-07-07T20:23:47Z</time></trkpt>
      <trkpt lat="41.32027472835034" lon="-81.5862544812262"><ele>156</ele><time>2026-07-07T20:23:50Z</time></trkpt>
      <trkpt lat="41.32040917407721" lon="-81.58640342764556"><ele>156</ele><time>2026-07-07T20:23:53Z</time></trkpt>
      <trkpt lat="41.3204892212525" lon="-81.58650292083621"><ele>157</ele><time>2026-07-07T20:23:56Z</time></trkpt>
      <trkpt lat="41.3204519636929" lon="-81.58665454946458"><ele>158</ele><time>2026-07-07T20:23:59Z</time></trkpt>
      <trkpt lat="41.320397732779384" lon="-81.58683576621115"><ele>157</ele><time>2026-07-07T20:24:02Z</time></trkpt>
      <trkpt lat="41.320432014763355" lon="-81.58700030297041"><ele>156</ele><time>2026-07-07T20:24:05Z</time></trkpt>
      <trkpt lat="41.3205486908555" lon="-81.58708848059177"><ele>156</ele><time>2026-07-07T20:24:08Z</time></trkpt>
      <trkpt lat="41.32072001695633" lon="-81.58700658939779"><ele>156</ele><time>2026-07-07T20:24:11Z</time></trkpt>
      <trkpt lat="41.32087998557836" lon="-81.58693626523018"><ele>155</ele><time>2026-07-07T20:24:14Z</time></trkpt>
      <trkpt lat="41.321014892309904" lon="-81.58687490969896"><ele>154</ele><time>2026-07-07T20:24:17Z</time></trkpt>
      <trkpt lat="41.3211351307109" lon="-81.58681816421449"><ele>154</ele><time>2026-07-07T20:24:20Z</time></trkpt>
      <trkpt lat="41.32126982789487" lon="-81.58679503016174"><ele>154</ele><time>2026-07-07T20:24:23Z</time></trkpt>
      <trkpt lat="41.321451338008046" lon="-81.5867814514786"><ele>154</ele><time>2026-07-07T20:24:26Z</time></trkpt>
      <trkpt lat="41.32165728136897" lon="-81.58671456389129"><ele>153</ele><time>2026-07-07T20:24:29Z</time></trkpt>
      <trkpt lat="41.32188514340669" lon="-81.58664943650365"><ele>153</ele><time>2026-07-07T20:24:32Z</time></trkpt>
      <trkpt lat="41.322080860845745" lon="-81.58662647008896"><ele>153</ele><time>2026-07-07T20:24:35Z</time></trkpt>
      <trkpt lat="41.32226911839098" lon="-81.58660325221717"><ele>154</ele><time>2026-07-07T20:24:38Z</time></trkpt>
      <trkpt lat="41.32247061934322" lon="-81.58658942207694"><ele>154</ele><time>2026-07-07T20:24:41Z</time></trkpt>
      <trkpt lat="41.322705312632024" lon="-81.5866242069751"><ele>154</ele><time>2026-07-07T20:24:44Z</time></trkpt>
      <trkpt lat="41.32288896013051" lon="-81.58664080314338"><ele>154</ele><time>2026-07-07T20:24:47Z</time></trkpt>
      <trkpt lat="41.32302747108042" lon="-81.58664071932435"><ele>156</ele><time>2026-07-07T20:24:50Z</time></trkpt>
      <trkpt lat="41.32317235227674" lon="-81.58667860552669"><ele>155</ele><time>2026-07-07T20:24:53Z</time></trkpt>
      <trkpt lat="41.32333546411246" lon="-81.58677306957543"><ele>154</ele><time>2026-07-07T20:24:56Z</time></trkpt>
      <trkpt lat="41.32352858316153" lon="-81.58689980395138"><ele>155</ele><time>2026-07-07T20:24:59Z</time></trkpt>
      <trkpt lat="41.32371717598289" lon="-81.5870301425457"><ele>155</ele><time>2026-07-07T20:25:02Z</time></trkpt>
      <trkpt lat="41.32391507271677" lon="-81.58718260936439"><ele>155</ele><time>2026-07-07T20:25:05Z</time></trkpt>
      <trkpt lat="41.32410760503262" lon="-81.5873406920582"><ele>156</ele><time>2026-07-07T20:25:08Z</time></trkpt>
      <trkpt lat="41.32430604659021" lon="-81.58753196708858"><ele>155</ele><time>2026-07-07T20:25:11Z</time></trkpt>
      <trkpt lat="41.32448043208569" lon="-81.58775492571294"><ele>156</ele><time>2026-07-07T20:25:14Z</time></trkpt>
      <trkpt lat="41.32466588169336" lon="-81.58796690404415"><ele>155</ele><time>2026-07-07T20:25:17Z</time></trkpt>
      <trkpt lat="41.32485036738217" lon="-81.58823696896434"><ele>155</ele><time>2026-07-07T20:25:20Z</time></trkpt>
      <trkpt lat="41.32502265740186" lon="-81.58847467973828"><ele>155</ele><time>2026-07-07T20:25:23Z</time></trkpt>
      <trkpt lat="41.32521447725594" lon="-81.58871859312057"><ele>156</ele><time>2026-07-07T20:25:26Z</time></trkpt>
      <trkpt lat="41.32538898847997" lon="-81.58895320259035"><ele>155</ele><time>2026-07-07T20:25:29Z</time></trkpt>
      <trkpt lat="41.325570372864604" lon="-81.58919007517397"><ele>156</ele><time>2026-07-07T20:25:32Z</time></trkpt>
      <trkpt lat="41.32574496790767" lon="-81.5893928334117"><ele>155</ele><time>2026-07-07T20:25:35Z</time></trkpt>
      <trkpt lat="41.32594202645123" lon="-81.58958435989916"><ele>155</ele><time>2026-07-07T20:25:38Z</time></trkpt>
      <trkpt lat="41.32614419795573" lon="-81.58978678286076"><ele>156</ele><time>2026-07-07T20:25:41Z</time></trkpt>
      <trkpt lat="41.326341214589775" lon="-81.58990840427577"><ele>156</ele><time>2026-07-07T20:25:44Z</time></trkpt>
      <trkpt lat="41.32653219625354" lon="-81.58997436985373"><ele>155</ele><time>2026-07-07T20:25:47Z</time></trkpt>
      <trkpt lat="41.32676693145186" lon="-81.59003865905106"><ele>154</ele><time>2026-07-07T20:25:50Z</time></trkpt>
      <trkpt lat="41.326976395212114" lon="-81.5900506451726"><ele>154</ele><time>2026-07-07T20:25:53Z</time></trkpt>
      <trkpt lat="41.327165574766695" lon="-81.5900535788387"><ele>155</ele><time>2026-07-07T20:25:56Z</time></trkpt>
      <trkpt lat="41.32738354615867" lon="-81.590083418414"><ele>155</ele><time>2026-07-07T20:25:59Z</time></trkpt>
      <trkpt lat="41.32762456778437" lon="-81.59008408896625"><ele>155</ele><time>2026-07-07T20:26:02Z</time></trkpt>
      <trkpt lat="41.32786160800606" lon="-81.59009833820164"><ele>155</ele><time>2026-07-07T20:26:05Z</time></trkpt>
      <trkpt lat="41.32813590578735" lon="-81.59012113697827"><ele>156</ele><time>2026-07-07T20:26:08Z</time></trkpt>
      <trkpt lat="41.32834696210921" lon="-81.59013555385172"><ele>156</ele><time>2026-07-07T20:26:11Z</time></trkpt>
      <trkpt lat="41.32855738978833" lon="-81.59016212448478"><ele>155</ele><time>2026-07-07T20:26:14Z</time></trkpt>
      <trkpt lat="41.328789317049086" lon="-81.59019355662167"><ele>156</ele><time>2026-07-07T20:26:17Z</time></trkpt>
      <trkpt lat="41.32903209887445" lon="-81.59022373147309"><ele>155</ele><time>2026-07-07T20:26:20Z</time></trkpt>
      <trkpt lat="41.32927391678095" lon="-81.59024166874588"><ele>156</ele><time>2026-07-07T20:26:23Z</time></trkpt>
      <trkpt lat="41.329509993083775" lon="-81.59027494490147"><ele>154</ele><time>2026-07-07T20:26:26Z</time></trkpt>
      <trkpt lat="41.32974615320563" lon="-81.59030126407743"><ele>154</ele><time>2026-07-07T20:26:29Z</time></trkpt>
      <trkpt lat="41.33000016678125" lon="-81.590308053419"><ele>152</ele><time>2026-07-07T20:26:32Z</time></trkpt>
      <trkpt lat="41.33025246206671" lon="-81.59028584137559"><ele>151</ele><time>2026-07-07T20:26:35Z</time></trkpt>
      <trkpt lat="41.330523155629635" lon="-81.59021886996925"><ele>150</ele><time>2026-07-07T20:26:38Z</time></trkpt>
      <trkpt lat="41.330781443975866" lon="-81.59012482501566"><ele>150</ele><time>2026-07-07T20:26:41Z</time></trkpt>
      <trkpt lat="41.33102707564831" lon="-81.59000999294221"><ele>149</ele><time>2026-07-07T20:26:44Z</time></trkpt>
      <trkpt lat="41.331260008737445" lon="-81.58990337513387"><ele>149</ele><time>2026-07-07T20:26:47Z</time></trkpt>
      <trkpt lat="41.331497970968485" lon="-81.58976532518864"><ele>149</ele><time>2026-07-07T20:26:50Z</time></trkpt>
      <trkpt lat="41.331709320656955" lon="-81.58964931964874"><ele>148</ele><time>2026-07-07T20:26:53Z</time></trkpt>
      <trkpt lat="41.331941834650934" lon="-81.58951487392187"><ele>148</ele><time>2026-07-07T20:26:56Z</time></trkpt>
      <trkpt lat="41.33220238611102" lon="-81.5893836133182"><ele>148</ele><time>2026-07-07T20:26:59Z</time></trkpt>
      <trkpt lat="41.332440809346735" lon="-81.5892477426678"><ele>147</ele><time>2026-07-07T20:27:02Z</time></trkpt>
      <trkpt lat="41.33265697862953" lon="-81.58910047262907"><ele>148</ele><time>2026-07-07T20:27:05Z</time></trkpt>
      <trkpt lat="41.332888905890286" lon="-81.58896912820637"><ele>146</ele><time>2026-07-07T20:27:08Z</time></trkpt>
      <trkpt lat="41.33311157114804" lon="-81.58883216790855"><ele>145</ele><time>2026-07-07T20:27:11Z</time></trkpt>
      <trkpt lat="41.333319316618145" lon="-81.58869814127684"><ele>145</ele><time>2026-07-07T20:27:14Z</time></trkpt>
      <trkpt lat="41.33354080840945" lon="-81.58860300667584"><ele>146</ele><time>2026-07-07T20:27:17Z</time></trkpt>
      <trkpt lat="41.33379176259041" lon="-81.58849437721074"><ele>145</ele><time>2026-07-07T20:27:20Z</time></trkpt>
      <trkpt lat="41.33404284249991" lon="-81.58838876523077"><ele>146</ele><time>2026-07-07T20:27:23Z</time></trkpt>
      <trkpt lat="41.33428294211626" lon="-81.5882958099246"><ele>145</ele><time>2026-07-07T20:27:26Z</time></trkpt>
      <trkpt lat="41.33453029207885" lon="-81.58819681964815"><ele>145</ele><time>2026-07-07T20:27:29Z</time></trkpt>
      <trkpt lat="41.334792310371995" lon="-81.58807620406151"><ele>145</ele><time>2026-07-07T20:27:32Z</time></trkpt>
      <trkpt lat="41.33502155542374" lon="-81.587979728356"><ele>145</ele><time>2026-07-07T20:27:35Z</time></trkpt>
      <trkpt lat="41.33524329867214" lon="-81.58790781162679"><ele>145</ele><time>2026-07-07T20:27:38Z</time></trkpt>
      <trkpt lat="41.33546173106879" lon="-81.58782684244215"><ele>145</ele><time>2026-07-07T20:27:41Z</time></trkpt>
      <trkpt lat="41.33569319732487" lon="-81.58775953575969"><ele>145</ele><time>2026-07-07T20:27:44Z</time></trkpt>
      <trkpt lat="41.335952365770936" lon="-81.58767387270927"><ele>145</ele><time>2026-07-07T20:27:47Z</time></trkpt>
      <trkpt lat="41.336241331882775" lon="-81.58756851218641"><ele>146</ele><time>2026-07-07T20:27:50Z</time></trkpt>
      <trkpt lat="41.33651709649712" lon="-81.58748536370695"><ele>147</ele><time>2026-07-07T20:27:53Z</time></trkpt>
      <trkpt lat="41.33676696103066" lon="-81.58738855272532"><ele>148</ele><time>2026-07-07T20:27:56Z</time></trkpt>
      <trkpt lat="41.33700714446604" lon="-81.58729584887624"><ele>147</ele><time>2026-07-07T20:27:59Z</time></trkpt>
      <trkpt lat="41.33724246639758" lon="-81.58720850944519"><ele>148</ele><time>2026-07-07T20:28:02Z</time></trkpt>
      <trkpt lat="41.33750314358622" lon="-81.58712251111865"><ele>147</ele><time>2026-07-07T20:28:05Z</time></trkpt>
      <trkpt lat="41.33776918519288" lon="-81.58704028464854"><ele>147</ele><time>2026-07-07T20:28:08Z</time></trkpt>
      <trkpt lat="41.338028060272336" lon="-81.58695319667459"><ele>148</ele><time>2026-07-07T20:28:11Z</time></trkpt>
      <trkpt lat="41.338296071626246" lon="-81.58688815310597"><ele>149</ele><time>2026-07-07T20:28:14Z</time></trkpt>
      <trkpt lat="41.33856282569468" lon="-81.58683174289763"><ele>149</ele><time>2026-07-07T20:28:17Z</time></trkpt>
      <trkpt lat="41.338818054646254" lon="-81.58679695799947"><ele>150</ele><time>2026-07-07T20:28:20Z</time></trkpt>
      <trkpt lat="41.33904549758881" lon="-81.5867690462619"><ele>150</ele><time>2026-07-07T20:28:23Z</time></trkpt>
      <trkpt lat="41.339309234172106" lon="-81.58673292025924"><ele>150</ele><time>2026-07-07T20:28:26Z</time></trkpt>
      <trkpt lat="41.33950729854405" lon="-81.5867293998599"><ele>150</ele><time>2026-07-07T20:28:29Z</time></trkpt>
      <trkpt lat="41.33973826188594" lon="-81.58673543483019"><ele>152</ele><time>2026-07-07T20:28:32Z</time></trkpt>
      <trkpt lat="41.33997899014503" lon="-81.58674297854304"><ele>153</ele><time>2026-07-07T20:28:35Z</time></trkpt>
      <trkpt lat="41.34025722742081" lon="-81.58673845231533"><ele>152</ele><time>2026-07-07T20:28:38Z</time></trkpt>
      <trkpt lat="41.34051576722413" lon="-81.58677902072668"><ele>152</ele><time>2026-07-07T20:28:41Z</time></trkpt>
      <trkpt lat="41.34078667033464" lon="-81.58682093024254"><ele>152</ele><time>2026-07-07T20:28:44Z</time></trkpt>
      <trkpt lat="41.34100535418838" lon="-81.58689955249429"><ele>150</ele><time>2026-07-07T20:28:47Z</time></trkpt>
      <trkpt lat="41.34122521150857" lon="-81.58699954859912"><ele>149</ele><time>2026-07-07T20:28:50Z</time></trkpt>
      <trkpt lat="41.34142436552793" lon="-81.58709334209561"><ele>149</ele><time>2026-07-07T20:28:53Z</time></trkpt>
      <trkpt lat="41.34165084455162" lon="-81.58722225576639"><ele>149</ele><time>2026-07-07T20:28:56Z</time></trkpt>
      <trkpt lat="41.341877952218056" lon="-81.58735586330295"><ele>149</ele><time>2026-07-07T20:28:59Z</time></trkpt>
      <trkpt lat="41.342086368240416" lon="-81.58749248832464"><ele>150</ele><time>2026-07-07T20:29:02Z</time></trkpt>
      <trkpt lat="41.342303082346916" lon="-81.58763498067856"><ele>149</ele><time>2026-07-07T20:29:05Z</time></trkpt>
      <trkpt lat="41.34251426439732" lon="-81.58778426237404"><ele>149</ele><time>2026-07-07T20:29:08Z</time></trkpt>
      <trkpt lat="41.342716100625694" lon="-81.58795877359807"><ele>148</ele><time>2026-07-07T20:29:11Z</time></trkpt>
      <trkpt lat="41.34291181806475" lon="-81.58813663758337"><ele>148</ele><time>2026-07-07T20:29:14Z</time></trkpt>
      <trkpt lat="41.34313628543168" lon="-81.58828692510724"><ele>148</ele><time>2026-07-07T20:29:17Z</time></trkpt>
      <trkpt lat="41.34333359543234" lon="-81.5884683933109"><ele>147</ele><time>2026-07-07T20:29:20Z</time></trkpt>
      <trkpt lat="41.343505969271064" lon="-81.58860485069454"><ele>149</ele><time>2026-07-07T20:29:23Z</time></trkpt>
      <trkpt lat="41.34369669947773" lon="-81.58876561559737"><ele>149</ele><time>2026-07-07T20:29:26Z</time></trkpt>
      <trkpt lat="41.343836593441665" lon="-81.58895538188517"><ele>150</ele><time>2026-07-07T20:29:29Z</time></trkpt>
      <trkpt lat="41.34390729479492" lon="-81.58920206129551"><ele>150</ele><time>2026-07-07T20:29:32Z</time></trkpt>
      <trkpt lat="41.343949204310775" lon="-81.58943071961403"><ele>150</ele><time>2026-07-07T20:29:35Z</time></trkpt>
      <trkpt lat="41.34394853375852" lon="-81.58972467295825"><ele>150</ele><time>2026-07-07T20:29:38Z</time></trkpt>
      <trkpt lat="41.34393784683198" lon="-81.5900091547519"><ele>150</ele><time>2026-07-07T20:29:41Z</time></trkpt>
      <trkpt lat="41.34392791427672" lon="-81.59030193462968"><ele>149</ele><time>2026-07-07T20:29:44Z</time></trkpt>
      <trkpt lat="41.3439183589071" lon="-81.59061944112182"><ele>149</ele><time>2026-07-07T20:29:47Z</time></trkpt>
      <trkpt lat="41.343918736092746" lon="-81.59091465175152"><ele>150</ele><time>2026-07-07T20:29:50Z</time></trkpt>
      <trkpt lat="41.34392225649208" lon="-81.59121447242796"><ele>149</ele><time>2026-07-07T20:29:53Z</time></trkpt>
      <trkpt lat="41.34391798172146" lon="-81.59150482155383"><ele>148</ele><time>2026-07-07T20:29:56Z</time></trkpt>
      <trkpt lat="41.34391454514116" lon="-81.59180061891675"><ele>149</ele><time>2026-07-07T20:29:59Z</time></trkpt>
      <trkpt lat="41.343913287855685" lon="-81.59208317287266"><ele>150</ele><time>2026-07-07T20:30:02Z</time></trkpt>
      <trkpt lat="41.34392234031111" lon="-81.59243278205395"><ele>152</ele><time>2026-07-07T20:30:05Z</time></trkpt>
      <trkpt lat="41.34396219626069" lon="-81.59283955581486"><ele>152</ele><time>2026-07-07T20:30:09Z</time></trkpt>
      <trkpt lat="41.34401542134583" lon="-81.59311121329665"><ele>153</ele><time>2026-07-07T20:30:12Z</time></trkpt>
      <trkpt lat="41.3440703228116" lon="-81.59341245889664"><ele>153</ele><time>2026-07-07T20:30:15Z</time></trkpt>
      <trkpt lat="41.34412945713848" lon="-81.59369266591966"><ele>153</ele><time>2026-07-07T20:30:18Z</time></trkpt>
      <trkpt lat="41.34420342743397" lon="-81.59397060982883"><ele>154</ele><time>2026-07-07T20:30:21Z</time></trkpt>
      <trkpt lat="41.3443121407181" lon="-81.59424528479576"><ele>153</ele><time>2026-07-07T20:30:24Z</time></trkpt>
      <trkpt lat="41.34442374575883" lon="-81.594507554546"><ele>152</ele><time>2026-07-07T20:30:27Z</time></trkpt>
      <trkpt lat="41.344553204253316" lon="-81.59476554952562"><ele>152</ele><time>2026-07-07T20:30:30Z</time></trkpt>
      <trkpt lat="41.34469502605498" lon="-81.59499504603446"><ele>152</ele><time>2026-07-07T20:30:33Z</time></trkpt>
      <trkpt lat="41.34487356059253" lon="-81.59514969214797"><ele>151</ele><time>2026-07-07T20:30:36Z</time></trkpt>
      <trkpt lat="41.34507200215012" lon="-81.59523686394095"><ele>151</ele><time>2026-07-07T20:30:39Z</time></trkpt>
      <trkpt lat="41.345267719589174" lon="-81.59520031884313"><ele>151</ele><time>2026-07-07T20:30:42Z</time></trkpt>
      <trkpt lat="41.34546746034175" lon="-81.5950736682862"><ele>151</ele><time>2026-07-07T20:30:45Z</time></trkpt>
      <trkpt lat="41.34566393215209" lon="-81.59489429555833"><ele>151</ele><time>2026-07-07T20:30:48Z</time></trkpt>
      <trkpt lat="41.345847537741065" lon="-81.59464585594833"><ele>151</ele><time>2026-07-07T20:30:51Z</time></trkpt>
      <trkpt lat="41.34600796736777" lon="-81.5944277588278"><ele>151</ele><time>2026-07-07T20:30:54Z</time></trkpt>
      <trkpt lat="41.34619090240449" lon="-81.59423556178808"><ele>151</ele><time>2026-07-07T20:30:57Z</time></trkpt>
      <trkpt lat="41.346394079737365" lon="-81.59408736974001"><ele>151</ele><time>2026-07-07T20:31:00Z</time></trkpt>
      <trkpt lat="41.34663137141615" lon="-81.59396725706756"><ele>150</ele><time>2026-07-07T20:31:03Z</time></trkpt>
      <trkpt lat="41.34685374330729" lon="-81.59387120045722"><ele>150</ele><time>2026-07-07T20:31:06Z</time></trkpt>
      <trkpt lat="41.347065386362374" lon="-81.59374362789094"><ele>150</ele><time>2026-07-07T20:31:09Z</time></trkpt>
      <trkpt lat="41.34723499417305" lon="-81.59357381053269"><ele>152</ele><time>2026-07-07T20:31:12Z</time></trkpt>
      <trkpt lat="41.347417216748" lon="-81.5933938510716"><ele>151</ele><time>2026-07-07T20:31:15Z</time></trkpt>
      <trkpt lat="41.3476392114535" lon="-81.59319846890867"><ele>151</ele><time>2026-07-07T20:31:18Z</time></trkpt>
      <trkpt lat="41.34780295193195" lon="-81.59299747087061"><ele>151</ele><time>2026-07-07T20:31:21Z</time></trkpt>
      <trkpt lat="41.34794867131859" lon="-81.59278457053006"><ele>151</ele><time>2026-07-07T20:31:24Z</time></trkpt>
      <trkpt lat="41.348124565556645" lon="-81.59258684143424"><ele>151</ele><time>2026-07-07T20:31:27Z</time></trkpt>
      <trkpt lat="41.348305153660476" lon="-81.59238550812006"><ele>151</ele><time>2026-07-07T20:31:30Z</time></trkpt>
      <trkpt lat="41.34848972316831" lon="-81.59219565801322"><ele>151</ele><time>2026-07-07T20:31:33Z</time></trkpt>
      <trkpt lat="41.348685692064464" lon="-81.5920211467892"><ele>151</ele><time>2026-07-07T20:31:36Z</time></trkpt>
      <trkpt lat="41.34888350497931" lon="-81.59190388396382"><ele>151</ele><time>2026-07-07T20:31:39Z</time></trkpt>
      <trkpt lat="41.34911245666444" lon="-81.59182509407401"><ele>151</ele><time>2026-07-07T20:31:42Z</time></trkpt>
      <trkpt lat="41.34934203699231" lon="-81.59180204384029"><ele>152</ele><time>2026-07-07T20:31:45Z</time></trkpt>
      <trkpt lat="41.3495600502938" lon="-81.59184085205197"><ele>151</ele><time>2026-07-07T20:31:48Z</time></trkpt>
      <trkpt lat="41.34979428257793" lon="-81.59192701801658"><ele>151</ele><time>2026-07-07T20:31:51Z</time></trkpt>
      <trkpt lat="41.34999758563936" lon="-81.59205333329737"><ele>151</ele><time>2026-07-07T20:31:54Z</time></trkpt>
      <trkpt lat="41.35019950568676" lon="-81.59215550869703"><ele>151</ele><time>2026-07-07T20:31:57Z</time></trkpt>
      <trkpt lat="41.35040821507573" lon="-81.59222700633109"><ele>153</ele><time>2026-07-07T20:32:00Z</time></trkpt>
      <trkpt lat="41.350588886998594" lon="-81.59232079982758"><ele>153</ele><time>2026-07-07T20:32:03Z</time></trkpt>
      <trkpt lat="41.350780203938484" lon="-81.592409145087"><ele>152</ele><time>2026-07-07T20:32:06Z</time></trkpt>
      <trkpt lat="41.35097659192979" lon="-81.592488437891"><ele>152</ele><time>2026-07-07T20:32:09Z</time></trkpt>
      <trkpt lat="41.351141296327114" lon="-81.59258122555912"><ele>153</ele><time>2026-07-07T20:32:12Z</time></trkpt>
      <trkpt lat="41.35131073649973" lon="-81.59267032518983"><ele>152</ele><time>2026-07-07T20:32:15Z</time></trkpt>
      <trkpt lat="41.3515236787498" lon="-81.5927630290389"><ele>152</ele><time>2026-07-07T20:32:18Z</time></trkpt>
      <trkpt lat="41.35173624381423" lon="-81.5928563196212"><ele>153</ele><time>2026-07-07T20:32:21Z</time></trkpt>
      <trkpt lat="41.35194294154644" lon="-81.59298271872103"><ele>152</ele><time>2026-07-07T20:32:24Z</time></trkpt>
      <trkpt lat="41.35214884299785" lon="-81.59313074313104"><ele>151</ele><time>2026-07-07T20:32:27Z</time></trkpt>
      <trkpt lat="41.352299214340746" lon="-81.5932693798095"><ele>151</ele><time>2026-07-07T20:32:30Z</time></trkpt>
      <trkpt lat="41.352462409995496" lon="-81.59344422630966"><ele>151</ele><time>2026-07-07T20:32:33Z</time></trkpt>
      <trkpt lat="41.3526305090636" lon="-81.59361932426691"><ele>152</ele><time>2026-07-07T20:32:36Z</time></trkpt>
      <trkpt lat="41.352812186814845" lon="-81.59381755627692"><ele>152</ele><time>2026-07-07T20:32:39Z</time></trkpt>
      <trkpt lat="41.35298694949597" lon="-81.59401427954435"><ele>152</ele><time>2026-07-07T20:32:42Z</time></trkpt>
      <trkpt lat="41.353162257000804" lon="-81.59420832060277"><ele>152</ele><time>2026-07-07T20:32:45Z</time></trkpt>
      <trkpt lat="41.35333911515772" lon="-81.59440697170794"><ele>152</ele><time>2026-07-07T20:32:48Z</time></trkpt>
      <trkpt lat="41.35350901633501" lon="-81.594607969746"><ele>152</ele><time>2026-07-07T20:32:51Z</time></trkpt>
      <trkpt lat="41.353694424033165" lon="-81.59480335190892"><ele>151</ele><time>2026-07-07T20:32:54Z</time></trkpt>
      <trkpt lat="41.35386315174401" lon="-81.59497593529522"><ele>151</ele><time>2026-07-07T20:32:57Z</time></trkpt>
      <trkpt lat="41.35404068045318" lon="-81.59515882842243"><ele>150</ele><time>2026-07-07T20:33:00Z</time></trkpt>
      <trkpt lat="41.35422885417938" lon="-81.59531582146883"><ele>150</ele><time>2026-07-07T20:33:03Z</time></trkpt>
      <trkpt lat="41.354434420354664" lon="-81.59545085392892"><ele>150</ele><time>2026-07-07T20:33:06Z</time></trkpt>
      <trkpt lat="41.35457691270858" lon="-81.59555277787149"><ele>150</ele><time>2026-07-07T20:33:09Z</time></trkpt>
      <trkpt lat="41.35475083719939" lon="-81.59565914422274"><ele>150</ele><time>2026-07-07T20:33:12Z</time></trkpt>
      <trkpt lat="41.35494693182409" lon="-81.59580239094794"><ele>150</ele><time>2026-07-07T20:33:15Z</time></trkpt>
      <trkpt lat="41.35513774584979" lon="-81.59594471566379"><ele>150</ele><time>2026-07-07T20:33:18Z</time></trkpt>
      <trkpt lat="41.355324033647776" lon="-81.59610212780535"><ele>149</ele><time>2026-07-07T20:33:21Z</time></trkpt>
      <trkpt lat="41.355518787167966" lon="-81.5962758846581"><ele>149</ele><time>2026-07-07T20:33:24Z</time></trkpt>
      <trkpt lat="41.355719030834734" lon="-81.59643715247512"><ele>150</ele><time>2026-07-07T20:33:27Z</time></trkpt>
      <trkpt lat="41.35591877158731" lon="-81.59661065787077"><ele>150</ele><time>2026-07-07T20:33:30Z</time></trkpt>
      <trkpt lat="41.35613431222737" lon="-81.5967558324337"><ele>150</ele><time>2026-07-07T20:33:33Z</time></trkpt>
      <trkpt lat="41.35632671881467" lon="-81.59685582853854"><ele>150</ele><time>2026-07-07T20:33:36Z</time></trkpt>
      <trkpt lat="41.35651782620698" lon="-81.59697527065873"><ele>150</ele><time>2026-07-07T20:33:39Z</time></trkpt>
      <trkpt lat="41.356705371290445" lon="-81.59708800725639"><ele>151</ele><time>2026-07-07T20:33:42Z</time></trkpt>
      <trkpt lat="41.35687053669244" lon="-81.59726419486105"><ele>151</ele><time>2026-07-07T20:33:45Z</time></trkpt>
      <trkpt lat="41.35697346646339" lon="-81.59735237248242"><ele>152</ele><time>2026-07-07T20:33:48Z</time></trkpt>
      <trkpt lat="41.35701206512749" lon="-81.59738682210445"><ele>152</ele><time>2026-07-07T20:33:51Z</time></trkpt>
      <trkpt lat="41.3570868736133" lon="-81.59744968637824"><ele>152</ele><time>2026-07-07T20:33:54Z</time></trkpt>
      <trkpt lat="41.35723154526204" lon="-81.59754347987473"><ele>153</ele><time>2026-07-07T20:33:57Z</time></trkpt>
      <trkpt lat="41.35741003789008" lon="-81.59767406992614"><ele>152</ele><time>2026-07-07T20:34:00Z</time></trkpt>
      <trkpt lat="41.35761346668005" lon="-81.59781974740326"><ele>153</ele><time>2026-07-07T20:34:03Z</time></trkpt>
      <trkpt lat="41.357841663993895" lon="-81.59799283370376"><ele>152</ele><time>2026-07-07T20:34:06Z</time></trkpt>
      <trkpt lat="41.35806491598487" lon="-81.59816089086235"><ele>151</ele><time>2026-07-07T20:34:09Z</time></trkpt>
      <trkpt lat="41.358294119127095" lon="-81.59829860553145"><ele>150</ele><time>2026-07-07T20:34:12Z</time></trkpt>
      <trkpt lat="41.358504546806216" lon="-81.59845325164497"><ele>151</ele><time>2026-07-07T20:34:15Z</time></trkpt>
      <trkpt lat="41.358709735795856" lon="-81.59859230741858"><ele>150</ele><time>2026-07-07T20:34:18Z</time></trkpt>
      <trkpt lat="41.35892355814576" lon="-81.5987347997725"><ele>150</ele><time>2026-07-07T20:34:21Z</time></trkpt>
      <trkpt lat="41.3591485703364" lon="-81.59886647947133"><ele>151</ele><time>2026-07-07T20:34:24Z</time></trkpt>
      <trkpt lat="41.359347556717694" lon="-81.59900737926364"><ele>151</ele><time>2026-07-07T20:34:27Z</time></trkpt>
      <trkpt lat="41.35952982120216" lon="-81.59914014860988"><ele>151</ele><time>2026-07-07T20:34:30Z</time></trkpt>
      <trkpt lat="41.35967306792736" lon="-81.5992028452456"><ele>151</ele><time>2026-07-07T20:34:33Z</time></trkpt>
      <trkpt lat="41.35984007734805" lon="-81.59931398928165"><ele>150</ele><time>2026-07-07T20:34:36Z</time></trkpt>
      <trkpt lat="41.36002506595105" lon="-81.59943728707731"><ele>149</ele><time>2026-07-07T20:34:39Z</time></trkpt>
      <trkpt lat="41.36021080892533" lon="-81.59956997260451"><ele>148</ele><time>2026-07-07T20:34:42Z</time></trkpt>
      <trkpt lat="41.36041142977774" lon="-81.599690169096"><ele>148</ele><time>2026-07-07T20:34:45Z</time></trkpt>
      <trkpt lat="41.360591389238834" lon="-81.59985613077879"><ele>148</ele><time>2026-07-07T20:34:48Z</time></trkpt>
      <trkpt lat="41.36079192627221" lon="-81.60000851377845"><ele>148</ele><time>2026-07-07T20:34:51Z</time></trkpt>
      <trkpt lat="41.36097653768957" lon="-81.60014505498111"><ele>148</ele><time>2026-07-07T20:34:54Z</time></trkpt>
      <trkpt lat="41.361145097762346" lon="-81.6002650000155"><ele>148</ele><time>2026-07-07T20:34:57Z</time></trkpt>
      <trkpt lat="41.361255403608084" lon="-81.6003857832402"><ele>148</ele><time>2026-07-07T20:35:00Z</time></trkpt>
      <trkpt lat="41.36137970723212" lon="-81.60055669024587"><ele>148</ele><time>2026-07-07T20:35:03Z</time></trkpt>
      <trkpt lat="41.361518343910575" lon="-81.60077864304185"><ele>149</ele><time>2026-07-07T20:35:06Z</time></trkpt>
      <trkpt lat="41.36164101306349" lon="-81.60103781148791"><ele>148</ele><time>2026-07-07T20:35:09Z</time></trkpt>
      <trkpt lat="41.36174696031958" lon="-81.60129689611495"><ele>149</ele><time>2026-07-07T20:35:12Z</time></trkpt>
      <trkpt lat="41.36185051873326" lon="-81.6015721578151"><ele>149</ele><time>2026-07-07T20:35:15Z</time></trkpt>
      <trkpt lat="41.36195558588952" lon="-81.60184976644814"><ele>149</ele><time>2026-07-07T20:35:18Z</time></trkpt>
      <trkpt lat="41.36208395473659" lon="-81.60212335176766"><ele>149</ele><time>2026-07-07T20:35:21Z</time></trkpt>
      <trkpt lat="41.36222259141505" lon="-81.60241428762674"><ele>150</ele><time>2026-07-07T20:35:24Z</time></trkpt>
      <trkpt lat="41.362344631925225" lon="-81.60270589403808"><ele>151</ele><time>2026-07-07T20:35:27Z</time></trkpt>
      <trkpt lat="41.36242635548115" lon="-81.60301602445543"><ele>150</ele><time>2026-07-07T20:35:30Z</time></trkpt>
      <trkpt lat="41.362488716840744" lon="-81.60334585234523"><ele>150</ele><time>2026-07-07T20:35:33Z</time></trkpt>
      <trkpt lat="41.36253284756094" lon="-81.60369764082134"><ele>152</ele><time>2026-07-07T20:35:36Z</time></trkpt>
      <trkpt lat="41.36259885504842" lon="-81.6040342580527"><ele>152</ele><time>2026-07-07T20:35:39Z</time></trkpt>
      <trkpt lat="41.362684476189315" lon="-81.60437540151179"><ele>153</ele><time>2026-07-07T20:35:42Z</time></trkpt>
      <trkpt lat="41.36276800185442" lon="-81.60471059381962"><ele>152</ele><time>2026-07-07T20:35:45Z</time></trkpt>
      <trkpt lat="41.36286401655525" lon="-81.60503220744431"><ele>152</ele><time>2026-07-07T20:35:48Z</time></trkpt>
      <trkpt lat="41.36295060161501" lon="-81.60533730871975"><ele>152</ele><time>2026-07-07T20:35:51Z</time></trkpt>
      <trkpt lat="41.363039994612336" lon="-81.60564693622291"><ele>152</ele><time>2026-07-07T20:35:54Z</time></trkpt>
      <trkpt lat="41.36311065405607" lon="-81.60596285015345"><ele>152</ele><time>2026-07-07T20:35:57Z</time></trkpt>
      <trkpt lat="41.363185588270426" lon="-81.60627809353173"><ele>150</ele><time>2026-07-07T20:36:00Z</time></trkpt>
      <trkpt lat="41.3632613606751" lon="-81.6066062450409"><ele>151</ele><time>2026-07-07T20:36:03Z</time></trkpt>
      <trkpt lat="41.3633620692417" lon="-81.60688092000782"><ele>150</ele><time>2026-07-07T20:36:06Z</time></trkpt>
      <trkpt lat="41.363480128347874" lon="-81.60714159719646"><ele>153</ele><time>2026-07-07T20:36:09Z</time></trkpt>
      <trkpt lat="41.363613358698785" lon="-81.60740378312767"><ele>153</ele><time>2026-07-07T20:36:12Z</time></trkpt>
      <trkpt lat="41.36374834924936" lon="-81.6076678968966"><ele>152</ele><time>2026-07-07T20:36:15Z</time></trkpt>
      <trkpt lat="41.36390056461096" lon="-81.60790435038507"><ele>153</ele><time>2026-07-07T20:36:18Z</time></trkpt>
      <trkpt lat="41.36405282188207" lon="-81.6081375349313"><ele>152</ele><time>2026-07-07T20:36:21Z</time></trkpt>
      <trkpt lat="41.364227500744164" lon="-81.60835973918438"><ele>153</ele><time>2026-07-07T20:36:24Z</time></trkpt>
      <trkpt lat="41.36440896894783" lon="-81.60857188515365"><ele>153</ele><time>2026-07-07T20:36:27Z</time></trkpt>
      <trkpt lat="41.364583731628954" lon="-81.60868613049388"><ele>153</ele><time>2026-07-07T20:36:30Z</time></trkpt>
      <trkpt lat="41.36472500860691" lon="-81.60877900198102"><ele>152</ele><time>2026-07-07T20:36:33Z</time></trkpt>
      <trkpt lat="41.364828064106405" lon="-81.60888712853193"><ele>152</ele><time>2026-07-07T20:36:36Z</time></trkpt>
      <trkpt lat="41.36492403689772" lon="-81.60899760201573"><ele>152</ele><time>2026-07-07T20:36:39Z</time></trkpt>
      <trkpt lat="41.36501707602292" lon="-81.60915518179536"><ele>151</ele><time>2026-07-07T20:36:42Z</time></trkpt>
      <trkpt lat="41.3651787629351" lon="-81.60932281985879"><ele>150</ele><time>2026-07-07T20:36:45Z</time></trkpt>
      <trkpt lat="41.365356794558465" lon="-81.6095052100718"><ele>150</ele><time>2026-07-07T20:36:48Z</time></trkpt>
      <trkpt lat="41.36551408097148" lon="-81.6096711717546"><ele>150</ele><time>2026-07-07T20:36:51Z</time></trkpt>
      <trkpt lat="41.365673588588834" lon="-81.6098231356591"><ele>149</ele><time>2026-07-07T20:36:54Z</time></trkpt>
      <trkpt lat="41.36584168765694" lon="-81.60999814979732"><ele>150</ele><time>2026-07-07T20:36:57Z</time></trkpt>
      <trkpt lat="41.36602977756411" lon="-81.6101944539696"><ele>149</ele><time>2026-07-07T20:37:00Z</time></trkpt>
      <trkpt lat="41.36621522717178" lon="-81.61038707010448"><ele>149</ele><time>2026-07-07T20:37:03Z</time></trkpt>
      <trkpt lat="41.36639405507594" lon="-81.61056652665138"><ele>149</ele><time>2026-07-07T20:37:06Z</time></trkpt>
      <trkpt lat="41.366566345095634" lon="-81.61075268872082"><ele>149</ele><time>2026-07-07T20:37:09Z</time></trkpt>
      <trkpt lat="41.366718518547714" lon="-81.61091202870011"><ele>149</ele><time>2026-07-07T20:37:12Z</time></trkpt>
      <trkpt lat="41.3668453367427" lon="-81.6110406909138"><ele>149</ele><time>2026-07-07T20:37:15Z</time></trkpt>
      <trkpt lat="41.367009789682925" lon="-81.61118972115219"><ele>149</ele><time>2026-07-07T20:37:18Z</time></trkpt>
      <trkpt lat="41.36719377245754" lon="-81.61137630231678"><ele>149</ele><time>2026-07-07T20:37:21Z</time></trkpt>
      <trkpt lat="41.367387059144676" lon="-81.61155601032078"><ele>149</ele><time>2026-07-07T20:37:24Z</time></trkpt>
      <trkpt lat="41.36757804080844" lon="-81.61173664033413"><ele>150</ele><time>2026-07-07T20:37:27Z</time></trkpt>
      <trkpt lat="41.36777371633798" lon="-81.61191358231008"><ele>148</ele><time>2026-07-07T20:37:30Z</time></trkpt>
      <trkpt lat="41.367984898388386" lon="-81.61207032389939"><ele>148</ele><time>2026-07-07T20:37:33Z</time></trkpt>
      <trkpt lat="41.36818899773061" lon="-81.61219898611307"><ele>147</ele><time>2026-07-07T20:37:36Z</time></trkpt>
      <trkpt lat="41.36842306237668" lon="-81.61230174824595"><ele>147</ele><time>2026-07-07T20:37:39Z</time></trkpt>
      <trkpt lat="41.368675106205046" lon="-81.61239135079086"><ele>148</ele><time>2026-07-07T20:37:42Z</time></trkpt>
      <trkpt lat="41.36890007648617" lon="-81.61247055977583"><ele>148</ele><time>2026-07-07T20:37:45Z</time></trkpt>
      <trkpt lat="41.36914520524442" lon="-81.61251062527299"><ele>149</ele><time>2026-07-07T20:37:48Z</time></trkpt>
      <trkpt lat="41.369384969584644" lon="-81.61259335465729"><ele>150</ele><time>2026-07-07T20:37:51Z</time></trkpt>
      <trkpt lat="41.369633451104164" lon="-81.61264783702791"><ele>150</ele><time>2026-07-07T20:37:54Z</time></trkpt>
      <trkpt lat="41.36988067533821" lon="-81.61271564662457"><ele>150</ele><time>2026-07-07T20:37:57Z</time></trkpt>
      <trkpt lat="41.37014328036457" lon="-81.61279108375311"><ele>149</ele><time>2026-07-07T20:38:00Z</time></trkpt>
      <trkpt lat="41.37039905413985" lon="-81.61286157555878"><ele>149</ele><time>2026-07-07T20:38:03Z</time></trkpt>
      <trkpt lat="41.37064120732248" lon="-81.61294396966696"><ele>149</ele><time>2026-07-07T20:38:06Z</time></trkpt>
      <trkpt lat="41.37084048707038" lon="-81.61299945786595"><ele>149</ele><time>2026-07-07T20:38:09Z</time></trkpt>
      <trkpt lat="41.37107656337321" lon="-81.6130416188389"><ele>150</ele><time>2026-07-07T20:38:12Z</time></trkpt>
      <trkpt lat="41.37131087947637" lon="-81.61309802904725"><ele>150</ele><time>2026-07-07T20:38:15Z</time></trkpt>
      <trkpt lat="41.371540795080364" lon="-81.61312694661319"><ele>150</ele><time>2026-07-07T20:38:18Z</time></trkpt>
      <trkpt lat="41.37177335098386" lon="-81.61315267905593"><ele>149</ele><time>2026-07-07T20:38:21Z</time></trkpt>
      <trkpt lat="41.372001003474" lon="-81.613131724298"><ele>148</ele><time>2026-07-07T20:38:24Z</time></trkpt>
      <trkpt lat="41.372210467234254" lon="-81.6130318120122"><ele>149</ele><time>2026-07-07T20:38:27Z</time></trkpt>
      <trkpt lat="41.37241921853274" lon="-81.61292728967965"><ele>151</ele><time>2026-07-07T20:38:30Z</time></trkpt>
      <trkpt lat="41.3726173248142" lon="-81.61286492832005"><ele>151</ele><time>2026-07-07T20:38:33Z</time></trkpt>
      <trkpt lat="41.37276648078114" lon="-81.61290700547397"><ele>152</ele><time>2026-07-07T20:38:36Z</time></trkpt>
      <trkpt lat="41.372872428037226" lon="-81.61290239542723"><ele>152</ele><time>2026-07-07T20:38:39Z</time></trkpt>
      <trkpt lat="41.37294803280383" lon="-81.61287674680352"><ele>152</ele><time>2026-07-07T20:38:42Z</time></trkpt>
      <trkpt lat="41.37301881797612" lon="-81.61284908652306"><ele>152</ele><time>2026-07-07T20:38:45Z</time></trkpt>
      <trkpt lat="41.37312002945691" lon="-81.6127466596663"><ele>152</ele><time>2026-07-07T20:38:48Z</time></trkpt>
      <trkpt lat="41.373292403295636" lon="-81.61264959722757"><ele>150</ele><time>2026-07-07T20:38:51Z</time></trkpt>
      <trkpt lat="41.37351842131466" lon="-81.61255245096982"><ele>149</ele><time>2026-07-07T20:38:54Z</time></trkpt>
      <trkpt lat="41.373758437111974" lon="-81.6124665364623"><ele>149</ele><time>2026-07-07T20:38:57Z</time></trkpt>
      <trkpt lat="41.374010439030826" lon="-81.61237249150872"><ele>147</ele><time>2026-07-07T20:39:00Z</time></trkpt>
      <trkpt lat="41.374250538647175" lon="-81.61227878183126"><ele>147</ele><time>2026-07-07T20:39:03Z</time></trkpt>
      <trkpt lat="41.37450019363314" lon="-81.61218121647835"><ele>147</ele><time>2026-07-07T20:39:06Z</time></trkpt>
      <trkpt lat="41.37473782058805" lon="-81.61209437996149"><ele>148</ele><time>2026-07-07T20:39:09Z</time></trkpt>
      <trkpt lat="41.37496970593929" lon="-81.61201324313879"><ele>148</ele><time>2026-07-07T20:39:12Z</time></trkpt>
      <trkpt lat="41.375194508582354" lon="-81.61190603859723"><ele>148</ele><time>2026-07-07T20:39:15Z</time></trkpt>
      <trkpt lat="41.375427609309554" lon="-81.61180403083563"><ele>147</ele><time>2026-07-07T20:39:18Z</time></trkpt>
      <trkpt lat="41.37566456571221" lon="-81.61170571111143"><ele>146</ele><time>2026-07-07T20:39:21Z</time></trkpt>
      <trkpt lat="41.37591702863574" lon="-81.6116020269692"><ele>147</ele><time>2026-07-07T20:39:24Z</time></trkpt>
      <trkpt lat="41.376158595085144" lon="-81.61150068975985"><ele>147</ele><time>2026-07-07T20:39:27Z</time></trkpt>
      <trkpt lat="41.37636126950383" lon="-81.61141997203231"><ele>147</ele><time>2026-07-07T20:39:30Z</time></trkpt>
      <trkpt lat="41.37659336440265" lon="-81.61135006695986"><ele>147</ele><time>2026-07-07T20:39:33Z</time></trkpt>
      <trkpt lat="41.3768257945776" lon="-81.61124847829342"><ele>147</ele><time>2026-07-07T20:39:36Z</time></trkpt>
      <trkpt lat="41.37706618756056" lon="-81.61115057766438"><ele>147</ele><time>2026-07-07T20:39:39Z</time></trkpt>
      <trkpt lat="41.37730129994452" lon="-81.61106382496655"><ele>148</ele><time>2026-07-07T20:39:42Z</time></trkpt>
      <trkpt lat="41.37754605151713" lon="-81.61101403646171"><ele>147</ele><time>2026-07-07T20:39:45Z</time></trkpt>
      <trkpt lat="41.37777693103999" lon="-81.61106214858592"><ele>146</ele><time>2026-07-07T20:39:48Z</time></trkpt>
      <trkpt lat="41.377990250475705" lon="-81.6111662518233"><ele>146</ele><time>2026-07-07T20:39:51Z</time></trkpt>
      <trkpt lat="41.378201893530786" lon="-81.61130539141595"><ele>146</ele><time>2026-07-07T20:39:54Z</time></trkpt>
      <trkpt lat="41.37841110583395" lon="-81.61144880577922"><ele>147</ele><time>2026-07-07T20:39:57Z</time></trkpt>
      <trkpt lat="41.3786192284897" lon="-81.61158677190542"><ele>147</ele><time>2026-07-07T20:40:00Z</time></trkpt>
      <trkpt lat="41.3788245851174" lon="-81.61174066364765"><ele>146</ele><time>2026-07-07T20:40:03Z</time></trkpt>
      <trkpt lat="41.37902290094644" lon="-81.6119022667408"><ele>146</ele><time>2026-07-07T20:40:06Z</time></trkpt>
      <trkpt lat="41.37923726812005" lon="-81.61204107105732"><ele>145</ele><time>2026-07-07T20:40:09Z</time></trkpt>
      <trkpt lat="41.37944467831403" lon="-81.61218624562025"><ele>145</ele><time>2026-07-07T20:40:12Z</time></trkpt>
      <trkpt lat="41.379618644714355" lon="-81.61233468912542"><ele>146</ele><time>2026-07-07T20:40:15Z</time></trkpt>
      <trkpt lat="41.379760089330375" lon="-81.61244281567633"><ele>146</ele><time>2026-07-07T20:40:18Z</time></trkpt>
      <trkpt lat="41.37992726638913" lon="-81.6125756688416"><ele>147</ele><time>2026-07-07T20:40:21Z</time></trkpt>
      <trkpt lat="41.38008581008762" lon="-81.6127654351294"><ele>146</ele><time>2026-07-07T20:40:24Z</time></trkpt>
      <trkpt lat="41.38024447951466" lon="-81.61296525970101"><ele>147</ele><time>2026-07-07T20:40:27Z</time></trkpt>
      <trkpt lat="41.380418948829174" lon="-81.61319215781987"><ele>147</ele><time>2026-07-07T20:40:30Z</time></trkpt>
      <trkpt lat="41.38059492688626" lon="-81.6134322155267"><ele>148</ele><time>2026-07-07T20:40:33Z</time></trkpt>
      <trkpt lat="41.380752213299274" lon="-81.61367805674672"><ele>148</ele><time>2026-07-07T20:40:36Z</time></trkpt>
      <trkpt lat="41.38091151136905" lon="-81.6139039490372"><ele>148</ele><time>2026-07-07T20:40:39Z</time></trkpt>
      <trkpt lat="41.38108220882714" lon="-81.61415456794202"><ele>149</ele><time>2026-07-07T20:40:42Z</time></trkpt>
      <trkpt lat="41.381259611807764" lon="-81.61439655348659"><ele>149</ele><time>2026-07-07T20:40:45Z</time></trkpt>
      <trkpt lat="41.38142762705684" lon="-81.61464231088758"><ele>150</ele><time>2026-07-07T20:40:48Z</time></trkpt>
      <trkpt lat="41.38160473667085" lon="-81.6148929297924"><ele>149</ele><time>2026-07-07T20:40:51Z</time></trkpt>
      <trkpt lat="41.38177384156734" lon="-81.61515494808555"><ele>149</ele><time>2026-07-07T20:40:54Z</time></trkpt>
      <trkpt lat="41.381950532086194" lon="-81.61541428416967"><ele>148</ele><time>2026-07-07T20:40:57Z</time></trkpt>
      <trkpt lat="41.382119972258806" lon="-81.61566356197"><ele>147</ele><time>2026-07-07T20:41:00Z</time></trkpt>
      <trkpt lat="41.38228978961706" lon="-81.6159053798765"><ele>146</ele><time>2026-07-07T20:41:03Z</time></trkpt>
      <trkpt lat="41.38246057089418" lon="-81.61617217585444"><ele>146</ele><time>2026-07-07T20:41:06Z</time></trkpt>
      <trkpt lat="41.38264434412122" lon="-81.6164196934551"><ele>146</ele><time>2026-07-07T20:41:09Z</time></trkpt>
      <trkpt lat="41.38283100910485" lon="-81.61667098291218"><ele>146</ele><time>2026-07-07T20:41:12Z</time></trkpt>
      <trkpt lat="41.38299542013556" lon="-81.61694423295557"><ele>146</ele><time>2026-07-07T20:41:15Z</time></trkpt>
      <trkpt lat="41.38318309094757" lon="-81.61721337586641"><ele>145</ele><time>2026-07-07T20:41:18Z</time></trkpt>
      <trkpt lat="41.383365648798645" lon="-81.61748008802533"><ele>146</ele><time>2026-07-07T20:41:21Z</time></trkpt>
      <trkpt lat="41.38354703318328" lon="-81.6177374124527"><ele>146</ele><time>2026-07-07T20:41:24Z</time></trkpt>
      <trkpt lat="41.383733949624" lon="-81.61798518151045"><ele>147</ele><time>2026-07-07T20:41:27Z</time></trkpt>
      <trkpt lat="41.38393134344369" lon="-81.61826455034316"><ele>147</ele><time>2026-07-07T20:41:30Z</time></trkpt>
      <trkpt lat="41.384103801101446" lon="-81.61852397024632"><ele>148</ele><time>2026-07-07T20:41:33Z</time></trkpt>
      <trkpt lat="41.38429054990411" lon="-81.61878464743495"><ele>148</ele><time>2026-07-07T20:41:36Z</time></trkpt>
      <trkpt lat="41.384466611780226" lon="-81.61904809065163"><ele>149</ele><time>2026-07-07T20:41:39Z</time></trkpt>
      <trkpt lat="41.38465336058289" lon="-81.61929686553776"><ele>149</ele><time>2026-07-07T20:41:42Z</time></trkpt>
      <trkpt lat="41.38482150156051" lon="-81.61949970759451"><ele>149</ele><time>2026-07-07T20:41:45Z</time></trkpt>
      <trkpt lat="41.38501365669072" lon="-81.61971654742956"><ele>148</ele><time>2026-07-07T20:41:48Z</time></trkpt>
      <trkpt lat="41.38513775076717" lon="-81.61993640474975"><ele>148</ele><time>2026-07-07T20:41:51Z</time></trkpt>
      <trkpt lat="41.3853061851114" lon="-81.6201516520232"><ele>148</ele><time>2026-07-07T20:41:54Z</time></trkpt>
      <trkpt lat="41.38550098054111" lon="-81.62023035809398"><ele>147</ele><time>2026-07-07T20:41:57Z</time></trkpt>
      <trkpt lat="41.38572511263192" lon="-81.62034938111901"><ele>148</ele><time>2026-07-07T20:42:00Z</time></trkpt>
      <trkpt lat="41.38592774514109" lon="-81.62055163644254"><ele>147</ele><time>2026-07-07T20:42:03Z</time></trkpt>
      <trkpt lat="41.38614093884826" lon="-81.62075338885188"><ele>147</ele><time>2026-07-07T20:42:06Z</time></trkpt>
      <trkpt lat="41.38633812312037" lon="-81.62097048014402"><ele>147</ele><time>2026-07-07T20:42:09Z</time></trkpt>
      <trkpt lat="41.38652156107128" lon="-81.62120676599443"><ele>147</ele><time>2026-07-07T20:42:12Z</time></trkpt>
      <trkpt lat="41.38671245891601" lon="-81.62144942209125"><ele>147</ele><time>2026-07-07T20:42:15Z</time></trkpt>
      <trkpt lat="41.38690344057977" lon="-81.62169383838773"><ele>148</ele><time>2026-07-07T20:42:18Z</time></trkpt>
      <trkpt lat="41.38707200065255" lon="-81.62193263880908"><ele>148</ele><time>2026-07-07T20:42:21Z</time></trkpt>
      <trkpt lat="41.387262144126" lon="-81.6221633926034"><ele>149</ele><time>2026-07-07T20:42:24Z</time></trkpt>
      <trkpt lat="41.38747730758041" lon="-81.62237763404846"><ele>150</ele><time>2026-07-07T20:42:27Z</time></trkpt>
      <trkpt lat="41.38770361896604" lon="-81.62256262265146"><ele>150</ele><time>2026-07-07T20:42:30Z</time></trkpt>
      <trkpt lat="41.387935797683895" lon="-81.62273813970387"><ele>149</ele><time>2026-07-07T20:42:33Z</time></trkpt>
      <trkpt lat="41.38816206716001" lon="-81.62291415967047"><ele>148</ele><time>2026-07-07T20:42:36Z</time></trkpt>
      <trkpt lat="41.388387749902904" lon="-81.62311767227948"><ele>147</ele><time>2026-07-07T20:42:39Z</time></trkpt>
      <trkpt lat="41.388603248633444" lon="-81.62333317101002"><ele>147</ele><time>2026-07-07T20:42:42Z</time></trkpt>
      <trkpt lat="41.38878392055631" lon="-81.62355160340667"><ele>147</ele><time>2026-07-07T20:42:45Z</time></trkpt>
      <trkpt lat="41.388964634388685" lon="-81.62378101609647"><ele>147</ele><time>2026-07-07T20:42:48Z</time></trkpt>
      <trkpt lat="41.389164668507874" lon="-81.62398939020932"><ele>148</ele><time>2026-07-07T20:42:51Z</time></trkpt>
      <trkpt lat="41.3893568655476" lon="-81.62415887229145"><ele>148</ele><time>2026-07-07T20:42:54Z</time></trkpt>
      <trkpt lat="41.389575842767954" lon="-81.62435609847307"><ele>150</ele><time>2026-07-07T20:42:57Z</time></trkpt>
      <trkpt lat="41.38975689187646" lon="-81.62455089390278"><ele>149</ele><time>2026-07-07T20:43:00Z</time></trkpt>
      <trkpt lat="41.389948753640056" lon="-81.62475666962564"><ele>150</ele><time>2026-07-07T20:43:03Z</time></trkpt>
      <trkpt lat="41.39012737199664" lon="-81.62496437318623"><ele>149</ele><time>2026-07-07T20:43:06Z</time></trkpt>
      <trkpt lat="41.390292034484446" lon="-81.62517626769841"><ele>149</ele><time>2026-07-07T20:43:09Z</time></trkpt>
      <trkpt lat="41.39045116491616" lon="-81.62540383636951"><ele>149</ele><time>2026-07-07T20:43:12Z</time></trkpt>
      <trkpt lat="41.39063062146306" lon="-81.6256099473685"><ele>149</ele><time>2026-07-07T20:43:15Z</time></trkpt>
      <trkpt lat="41.39077906496823" lon="-81.62581706419587"><ele>148</ele><time>2026-07-07T20:43:18Z</time></trkpt>
      <trkpt lat="41.39086552429944" lon="-81.62592016160488"><ele>147</ele><time>2026-07-07T20:43:21Z</time></trkpt>
      <trkpt lat="41.39090936165303" lon="-81.62595653906465"><ele>146</ele><time>2026-07-07T20:43:27Z</time></trkpt>
      <trkpt lat="41.39097101055086" lon="-81.62603365257382"><ele>145</ele><time>2026-07-07T20:43:33Z</time></trkpt>
      <trkpt lat="41.39108341187239" lon="-81.62618326954544"><ele>145</ele><time>2026-07-07T20:43:36Z</time></trkpt>
      <trkpt lat="41.39120017178357" lon="-81.62639994174242"><ele>145</ele><time>2026-07-07T20:43:39Z</time></trkpt>
      <trkpt lat="41.39132967218757" lon="-81.62663949653506"><ele>146</ele><time>2026-07-07T20:43:42Z</time></trkpt>
      <trkpt lat="41.391456658020616" lon="-81.62688357755542"><ele>145</ele><time>2026-07-07T20:43:45Z</time></trkpt>
      <trkpt lat="41.39158184174448" lon="-81.62714618258178"><ele>145</ele><time>2026-07-07T20:43:48Z</time></trkpt>
      <trkpt lat="41.391724878922105" lon="-81.62741054780781"><ele>145</ele><time>2026-07-07T20:43:51Z</time></trkpt>
      <trkpt lat="41.39189012814313" lon="-81.62764767184854"><ele>145</ele><time>2026-07-07T20:43:54Z</time></trkpt>
      <trkpt lat="41.39207461383194" lon="-81.6278619132936"><ele>145</ele><time>2026-07-07T20:43:57Z</time></trkpt>
      <trkpt lat="41.39226932544261" lon="-81.62801798433065"><ele>145</ele><time>2026-07-07T20:44:00Z</time></trkpt>
      <trkpt lat="41.39245280530304" lon="-81.62811471149325"><ele>145</ele><time>2026-07-07T20:44:03Z</time></trkpt>
      <trkpt lat="41.39266004785895" lon="-81.62814170122147"><ele>145</ele><time>2026-07-07T20:44:06Z</time></trkpt>
      <trkpt lat="41.39288451522589" lon="-81.62815678864717"><ele>145</ele><time>2026-07-07T20:44:09Z</time></trkpt>
      <trkpt lat="41.393083250150084" lon="-81.62812585942447"><ele>146</ele><time>2026-07-07T20:44:12Z</time></trkpt>
      <trkpt lat="41.393277291208506" lon="-81.62807389162481"><ele>147</ele><time>2026-07-07T20:44:15Z</time></trkpt>
      <trkpt lat="41.393410940654576" lon="-81.62796140648425"><ele>147</ele><time>2026-07-07T20:44:18Z</time></trkpt>
      <trkpt lat="41.39354781713337" lon="-81.62786157801747"><ele>147</ele><time>2026-07-07T20:44:21Z</time></trkpt>
      <trkpt lat="41.393685950897634" lon="-81.6278220154345"><ele>146</ele><time>2026-07-07T20:44:24Z</time></trkpt>
      <trkpt lat="41.39386327005923" lon="-81.62785126827657"><ele>145</ele><time>2026-07-07T20:44:27Z</time></trkpt>
      <trkpt lat="41.39403271023184" lon="-81.62789535708725"><ele>145</ele><time>2026-07-07T20:44:30Z</time></trkpt>
      <trkpt lat="41.39422536827624" lon="-81.62786023691297"><ele>145</ele><time>2026-07-07T20:44:33Z</time></trkpt>
      <trkpt lat="41.394423097372055" lon="-81.62780877202749"><ele>145</ele><time>2026-07-07T20:44:36Z</time></trkpt>
      <trkpt lat="41.3945839041844" lon="-81.62775889970362"><ele>146</ele><time>2026-07-07T20:44:39Z</time></trkpt>
      <trkpt lat="41.39466680120677" lon="-81.62774347700179"><ele>147</ele><time>2026-07-07T20:44:42Z</time></trkpt>
      <trkpt lat="41.39480304904282" lon="-81.627730820328"><ele>147</ele><time>2026-07-07T20:44:48Z</time></trkpt>
      <trkpt lat="41.3949750456959" lon="-81.62773576565087"><ele>147</ele><time>2026-07-07T20:44:51Z</time></trkpt>
      <trkpt lat="41.39520600903779" lon="-81.62770567461848"><ele>147</ele><time>2026-07-07T20:44:54Z</time></trkpt>
      <trkpt lat="41.39543781057" lon="-81.62768119946122"><ele>146</ele><time>2026-07-07T20:44:57Z</time></trkpt>
      <trkpt lat="41.39567480888218" lon="-81.62763677537441"><ele>145</ele><time>2026-07-07T20:45:00Z</time></trkpt>
      <trkpt lat="41.39590987935662" lon="-81.62759662605822"><ele>145</ele><time>2026-07-07T20:45:03Z</time></trkpt>
      <trkpt lat="41.39612751547247" lon="-81.62756443955004"><ele>146</ele><time>2026-07-07T20:45:06Z</time></trkpt>
      <trkpt lat="41.39636904001236" lon="-81.62753040902317"><ele>145</ele><time>2026-07-07T20:45:09Z</time></trkpt>
      <trkpt lat="41.39660184737295" lon="-81.62749662995338"><ele>145</ele><time>2026-07-07T20:45:12Z</time></trkpt>
      <trkpt lat="41.39685548376292" lon="-81.62745882757008"><ele>145</ele><time>2026-07-07T20:45:15Z</time></trkpt>
      <trkpt lat="41.39711335301399" lon="-81.62743527442217"><ele>145</ele><time>2026-07-07T20:45:18Z</time></trkpt>
      <trkpt lat="41.397373443469405" lon="-81.62740124389529"><ele>147</ele><time>2026-07-07T20:45:21Z</time></trkpt>
      <trkpt lat="41.39762653503567" lon="-81.62736277095973"><ele>148</ele><time>2026-07-07T20:45:24Z</time></trkpt>
      <trkpt lat="41.39789655804634" lon="-81.62731365300715"><ele>149</ele><time>2026-07-07T20:45:27Z</time></trkpt>
      <trkpt lat="41.398167167790234" lon="-81.62726906128228"><ele>149</ele><time>2026-07-07T20:45:30Z</time></trkpt>
      <trkpt lat="41.39842675533146" lon="-81.62721558474004"><ele>148</ele><time>2026-07-07T20:45:33Z</time></trkpt>
      <trkpt lat="41.398667064495385" lon="-81.62718893028796"><ele>148</ele><time>2026-07-07T20:45:36Z</time></trkpt>
      <trkpt lat="41.398907247930765" lon="-81.62715640850365"><ele>148</ele><time>2026-07-07T20:45:39Z</time></trkpt>
      <trkpt lat="41.399164320901036" lon="-81.62711827084422"><ele>148</ele><time>2026-07-07T20:45:42Z</time></trkpt>
      <trkpt lat="41.399420807138085" lon="-81.62708734162152"><ele>147</ele><time>2026-07-07T20:45:45Z</time></trkpt>
      <trkpt lat="41.399685801006854" lon="-81.62703822366893"><ele>145</ele><time>2026-07-07T20:45:48Z</time></trkpt>
      <trkpt lat="41.39993403106928" lon="-81.62700360640883"><ele>144</ele><time>2026-07-07T20:45:51Z</time></trkpt>
      <trkpt lat="41.4001912297681" lon="-81.62696672603488"><ele>145</ele><time>2026-07-07T20:45:54Z</time></trkpt>
      <trkpt lat="41.40044109430164" lon="-81.62692297250032"><ele>143</ele><time>2026-07-07T20:45:57Z</time></trkpt>
      <trkpt lat="41.400698125362396" lon="-81.62688340991735"><ele>142</ele><time>2026-07-07T20:46:00Z</time></trkpt>
      <trkpt lat="41.40094832517207" lon="-81.62686253897846"><ele>142</ele><time>2026-07-07T20:46:03Z</time></trkpt>
      <trkpt lat="41.40119374729693" lon="-81.62681861780584"><ele>143</ele><time>2026-07-07T20:46:06Z</time></trkpt>
      <trkpt lat="41.40143527183682" lon="-81.6267738584429"><ele>145</ele><time>2026-07-07T20:46:09Z</time></trkpt>
      <trkpt lat="41.401672647334635" lon="-81.62674150429666"><ele>144</ele><time>2026-07-07T20:46:12Z</time></trkpt>
      <trkpt lat="41.401916979812086" lon="-81.6267363075167"><ele>145</ele><time>2026-07-07T20:46:15Z</time></trkpt>
      <trkpt lat="41.40215854626149" lon="-81.6267310269177"><ele>145</ele><time>2026-07-07T20:46:18Z</time></trkpt>
      <trkpt lat="41.40240719541907" lon="-81.62672038190067"><ele>146</ele><time>2026-07-07T20:46:21Z</time></trkpt>
      <trkpt lat="41.402659616433084" lon="-81.62673706188798"><ele>146</ele><time>2026-07-07T20:46:24Z</time></trkpt>
      <trkpt lat="41.4029099419713" lon="-81.62675432860851"><ele>145</ele><time>2026-07-07T20:46:27Z</time></trkpt>
      <trkpt lat="41.40314660500735" lon="-81.62684317678213"><ele>145</ele><time>2026-07-07T20:46:30Z</time></trkpt>
      <trkpt lat="41.40338435769081" lon="-81.62693688645959"><ele>145</ele><time>2026-07-07T20:46:33Z</time></trkpt>
      <trkpt lat="41.4036018261686" lon="-81.62701995112002"><ele>145</ele><time>2026-07-07T20:46:36Z</time></trkpt>
      <trkpt lat="41.40380927827209" lon="-81.62708449177444"><ele>145</ele><time>2026-07-07T20:46:39Z</time></trkpt>
      <trkpt lat="41.40394221525639" lon="-81.62711659446359"><ele>143</ele><time>2026-07-07T20:46:42Z</time></trkpt>
      <trkpt lat="41.404051263816655" lon="-81.62713947705925"><ele>143</ele><time>2026-07-07T20:46:45Z</time></trkpt>
      <trkpt lat="41.40423424076289" lon="-81.62717987783253"><ele>143</ele><time>2026-07-07T20:46:48Z</time></trkpt>
      <trkpt lat="41.4044729154557" lon="-81.62719597108662"><ele>144</ele><time>2026-07-07T20:46:51Z</time></trkpt>
      <trkpt lat="41.40471154823899" lon="-81.62727031856775"><ele>144</ele><time>2026-07-07T20:46:54Z</time></trkpt>
      <trkpt lat="41.40495659317821" lon="-81.62735019810498"><ele>143</ele><time>2026-07-07T20:46:57Z</time></trkpt>
      <trkpt lat="41.40522464644164" lon="-81.62740887142718"><ele>143</ele><time>2026-07-07T20:47:00Z</time></trkpt>
      <trkpt lat="41.405495214276016" lon="-81.62747533991933"><ele>143</ele><time>2026-07-07T20:47:03Z</time></trkpt>
      <trkpt lat="41.40573816373944" lon="-81.62753066048026"><ele>143</ele><time>2026-07-07T20:47:06Z</time></trkpt>
      <trkpt lat="41.40597197692841" lon="-81.62759067490697"><ele>143</ele><time>2026-07-07T20:47:09Z</time></trkpt>
      <trkpt lat="41.406202227808535" lon="-81.62764540873468"><ele>144</ele><time>2026-07-07T20:47:12Z</time></trkpt>
      <trkpt lat="41.40642879065126" lon="-81.62771757692099"><ele>144</ele><time>2026-07-07T20:47:15Z</time></trkpt>
      <trkpt lat="41.40665585640818" lon="-81.62777784280479"><ele>143</ele><time>2026-07-07T20:47:18Z</time></trkpt>
      <trkpt lat="41.40689310617745" lon="-81.6278344206512"><ele>143</ele><time>2026-07-07T20:47:21Z</time></trkpt>
      <trkpt lat="41.40713643282652" lon="-81.6278875619173"><ele>144</ele><time>2026-07-07T20:47:24Z</time></trkpt>
      <trkpt lat="41.40737234149128" lon="-81.6279464866966"><ele>144</ele><time>2026-07-07T20:47:27Z</time></trkpt>
      <trkpt lat="41.407585786655545" lon="-81.6280104406178"><ele>144</ele><time>2026-07-07T20:47:30Z</time></trkpt>
      <trkpt lat="41.40780623070896" lon="-81.62806693464518"><ele>144</ele><time>2026-07-07T20:47:33Z</time></trkpt>
      <trkpt lat="41.40802604611963" lon="-81.6281309723854"><ele>143</ele><time>2026-07-07T20:47:36Z</time></trkpt>
      <trkpt lat="41.40824208967388" lon="-81.62818294018507"><ele>145</ele><time>2026-07-07T20:47:39Z</time></trkpt>
      <trkpt lat="41.40844757203013" lon="-81.62826365791261"><ele>146</ele><time>2026-07-07T20:47:42Z</time></trkpt>
      <trkpt lat="41.4086605142802" lon="-81.62830514833331"><ele>146</ele><time>2026-07-07T20:47:45Z</time></trkpt>
      <trkpt lat="41.408877396024764" lon="-81.6283902246505"><ele>146</ele><time>2026-07-07T20:47:48Z</time></trkpt>
      <trkpt lat="41.40911213122308" lon="-81.6284956689924"><ele>146</ele><time>2026-07-07T20:47:51Z</time></trkpt>
      <trkpt lat="41.40932733658701" lon="-81.62860153242946"><ele>146</ele><time>2026-07-07T20:47:54Z</time></trkpt>
      <trkpt lat="41.40955448616296" lon="-81.62872474640608"><ele>145</ele><time>2026-07-07T20:47:57Z</time></trkpt>
      <trkpt lat="41.409773798659444" lon="-81.62891258485615"><ele>143</ele><time>2026-07-07T20:48:00Z</time></trkpt>
      <trkpt lat="41.409975718706846" lon="-81.62911123596132"><ele>144</ele><time>2026-07-07T20:48:03Z</time></trkpt>
      <trkpt lat="41.41020961571485" lon="-81.62931064143777"><ele>144</ele><time>2026-07-07T20:48:06Z</time></trkpt>
      <trkpt lat="41.41046375501901" lon="-81.62948993034661"><ele>146</ele><time>2026-07-07T20:48:09Z</time></trkpt>
      <trkpt lat="41.410698951222" lon="-81.62967223674059"><ele>146</ele><time>2026-07-07T20:48:12Z</time></trkpt>
      <trkpt lat="41.41091981437057" lon="-81.6298445686698"><ele>146</ele><time>2026-07-07T20:48:15Z</time></trkpt>
      <trkpt lat="41.41114859841764" lon="-81.63003710098565"><ele>146</ele><time>2026-07-07T20:48:18Z</time></trkpt>
      <trkpt lat="41.41136619262397" lon="-81.63023156113923"><ele>145</ele><time>2026-07-07T20:48:21Z</time></trkpt>
      <trkpt lat="41.4115917077288" lon="-81.63041981868446"><ele>145</ele><time>2026-07-07T20:48:24Z</time></trkpt>
      <trkpt lat="41.411824682727456" lon="-81.63060162216425"><ele>145</ele><time>2026-07-07T20:48:27Z</time></trkpt>
      <trkpt lat="41.412057993002236" lon="-81.63078501820564"><ele>145</ele><time>2026-07-07T20:48:30Z</time></trkpt>
      <trkpt lat="41.412284723483026" lon="-81.63099464960396"><ele>145</ele><time>2026-07-07T20:48:33Z</time></trkpt>
      <trkpt lat="41.41250252723694" lon="-81.63119405508041"><ele>146</ele><time>2026-07-07T20:48:36Z</time></trkpt>
      <trkpt lat="41.412720289081335" lon="-81.63139404729009"><ele>147</ele><time>2026-07-07T20:48:39Z</time></trkpt>
      <trkpt lat="41.41294274479151" lon="-81.63158364593983"><ele>146</ele><time>2026-07-07T20:48:42Z</time></trkpt>
      <trkpt lat="41.41316092573106" lon="-81.63174273446202"><ele>147</ele><time>2026-07-07T20:48:45Z</time></trkpt>
      <trkpt lat="41.41337227541953" lon="-81.63190827704966"><ele>148</ele><time>2026-07-07T20:48:48Z</time></trkpt>
      <trkpt lat="41.41357000451535" lon="-81.6320740710944"><ele>149</ele><time>2026-07-07T20:48:51Z</time></trkpt>
      <trkpt lat="41.413748539052904" lon="-81.63223835639656"><ele>149</ele><time>2026-07-07T20:48:54Z</time></trkpt>
      <trkpt lat="41.41393612604588" lon="-81.63240138441324"><ele>151</ele><time>2026-07-07T20:48:57Z</time></trkpt>
      <trkpt lat="41.41412861645222" lon="-81.63256977684796"><ele>152</ele><time>2026-07-07T20:49:00Z</time></trkpt>
      <trkpt lat="41.414329865947366" lon="-81.63276691921055"><ele>152</ele><time>2026-07-07T20:49:03Z</time></trkpt>
      <trkpt lat="41.41454595141113" lon="-81.6329615470022"><ele>153</ele><time>2026-07-07T20:49:06Z</time></trkpt>
      <trkpt lat="41.414754912257195" lon="-81.63314050063491"><ele>153</ele><time>2026-07-07T20:49:09Z</time></trkpt>
      <trkpt lat="41.41495779622346" lon="-81.63331777788699"><ele>153</ele><time>2026-07-07T20:49:12Z</time></trkpt>
      <trkpt lat="41.415147855877876" lon="-81.63348600268364"><ele>152</ele><time>2026-07-07T20:49:15Z</time></trkpt>
      <trkpt lat="41.415360127575696" lon="-81.6336500365287"><ele>151</ele><time>2026-07-07T20:49:18Z</time></trkpt>
      <trkpt lat="41.415573111735284" lon="-81.63382865488529"><ele>151</ele><time>2026-07-07T20:49:21Z</time></trkpt>
      <trkpt lat="41.41579837538302" lon="-81.63404708728194"><ele>150</ele><time>2026-07-07T20:49:24Z</time></trkpt>
      <trkpt lat="41.41598642338067" lon="-81.6342636756599"><ele>150</ele><time>2026-07-07T20:49:27Z</time></trkpt>
      <trkpt lat="41.416128538548946" lon="-81.63451622240245"><ele>149</ele><time>2026-07-07T20:49:30Z</time></trkpt>
      <trkpt lat="41.41623188741505" lon="-81.63477388210595"><ele>148</ele><time>2026-07-07T20:49:33Z</time></trkpt>
      <trkpt lat="41.41635007224977" lon="-81.63505501113832"><ele>147</ele><time>2026-07-07T20:49:36Z</time></trkpt>
      <trkpt lat="41.41644021961838" lon="-81.63533630780876"><ele>147</ele><time>2026-07-07T20:49:39Z</time></trkpt>
      <trkpt lat="41.416526469402015" lon="-81.63560586981475"><ele>148</ele><time>2026-07-07T20:49:42Z</time></trkpt>
      <trkpt lat="41.41660119406879" lon="-81.63587643764913"><ele>149</ele><time>2026-07-07T20:49:45Z</time></trkpt>
      <trkpt lat="41.41667809803039" lon="-81.63614817894995"><ele>150</ele><time>2026-07-07T20:49:48Z</time></trkpt>
      <trkpt lat="41.41676330007613" lon="-81.63644154556096"><ele>152</ele><time>2026-07-07T20:49:51Z</time></trkpt>
      <trkpt lat="41.41684590373188" lon="-81.63673331961036"><ele>151</ele><time>2026-07-07T20:49:54Z</time></trkpt>
      <trkpt lat="41.416920754127204" lon="-81.63704328238964"><ele>150</ele><time>2026-07-07T20:49:57Z</time></trkpt>
      <trkpt lat="41.41699233558029" lon="-81.63737135007977"><ele>149</ele><time>2026-07-07T20:50:00Z</time></trkpt>
      <trkpt lat="41.41707778908312" lon="-81.6376948915422"><ele>149</ele><time>2026-07-07T20:50:03Z</time></trkpt>
      <trkpt lat="41.41716542188078" lon="-81.63800938054919"><ele>149</ele><time>2026-07-07T20:50:06Z</time></trkpt>
      <trkpt lat="41.41726751346141" lon="-81.638323366642"><ele>149</ele><time>2026-07-07T20:50:09Z</time></trkpt>
      <trkpt lat="41.417361767962575" lon="-81.63862117566168"><ele>149</ele><time>2026-07-07T20:50:12Z</time></trkpt>
      <trkpt lat="41.41742513515055" lon="-81.63888746872544"><ele>147</ele><time>2026-07-07T20:50:15Z</time></trkpt>
      <trkpt lat="41.41746641602367" lon="-81.63915761746466"><ele>146</ele><time>2026-07-07T20:50:18Z</time></trkpt>
      <trkpt lat="41.41752311959863" lon="-81.63944344036281"><ele>145</ele><time>2026-07-07T20:50:21Z</time></trkpt>
      <trkpt lat="41.41758795361966" lon="-81.63970780558884"><ele>144</ele><time>2026-07-07T20:50:24Z</time></trkpt>
      <trkpt lat="41.41766066662967" lon="-81.63996370509267"><ele>143</ele><time>2026-07-07T20:50:27Z</time></trkpt>
      <trkpt lat="41.417753705754876" lon="-81.64024441502988"><ele>143</ele><time>2026-07-07T20:50:30Z</time></trkpt>
      <trkpt lat="41.4178423024714" lon="-81.640559239313"><ele>143</ele><time>2026-07-07T20:50:33Z</time></trkpt>
      <trkpt lat="41.4179329527542" lon="-81.64087079465389"><ele>142</ele><time>2026-07-07T20:50:36Z</time></trkpt>
      <trkpt lat="41.418015849776566" lon="-81.64117430336773"><ele>142</ele><time>2026-07-07T20:50:39Z</time></trkpt>
      <trkpt lat="41.41806865576655" lon="-81.64140530861914"><ele>143</ele><time>2026-07-07T20:50:42Z</time></trkpt>
      <trkpt lat="41.41808269545436" lon="-81.64168023504317"><ele>143</ele><time>2026-07-07T20:50:45Z</time></trkpt>
      <trkpt lat="41.41811810899526" lon="-81.6420291736722"><ele>143</ele><time>2026-07-07T20:50:48Z</time></trkpt>
      <trkpt lat="41.418179254978895" lon="-81.64237341843545"><ele>143</ele><time>2026-07-07T20:50:51Z</time></trkpt>
      <trkpt lat="41.4182059513405" lon="-81.64267793297768"><ele>144</ele><time>2026-07-07T20:50:54Z</time></trkpt>
      <trkpt lat="41.41823822166771" lon="-81.64299057796597"><ele>144</ele><time>2026-07-07T20:50:57Z</time></trkpt>
      <trkpt lat="41.41830272041261" lon="-81.64327732287347"><ele>144</ele><time>2026-07-07T20:51:00Z</time></trkpt>
      <trkpt lat="41.418502922169864" lon="-81.64388936944306"><ele>143</ele><time>2026-07-07T20:51:07Z</time></trkpt>
      <trkpt lat="41.41880408395082" lon="-81.6441080532968"><ele>142</ele><time>2026-07-07T20:51:12Z</time></trkpt>
      <trkpt lat="41.4189663156867" lon="-81.64435280486941"><ele>142</ele><time>2026-07-07T20:51:15Z</time></trkpt>
      <trkpt lat="41.41916253603995" lon="-81.64457274600863"><ele>140</ele><time>2026-07-07T20:51:18Z</time></trkpt>
      <trkpt lat="41.41938381828368" lon="-81.64479813538492"><ele>140</ele><time>2026-07-07T20:51:21Z</time></trkpt>
      <trkpt lat="41.41963791567832" lon="-81.64498513564467"><ele>141</ele><time>2026-07-07T20:51:24Z</time></trkpt>
      <trkpt lat="41.41987872775644" lon="-81.6451913304627"><ele>141</ele><time>2026-07-07T20:51:27Z</time></trkpt>
      <trkpt lat="41.42012259922922" lon="-81.64540817029774"><ele>142</ele><time>2026-07-07T20:51:30Z</time></trkpt>
      <trkpt lat="41.42037116456777" lon="-81.64560506120324"><ele>142</ele><time>2026-07-07T20:51:33Z</time></trkpt>
      <trkpt lat="41.42060447484255" lon="-81.64579172618687"><ele>142</ele><time>2026-07-07T20:51:36Z</time></trkpt>
      <trkpt lat="41.420839335769415" lon="-81.6459646448493"><ele>141</ele><time>2026-07-07T20:51:39Z</time></trkpt>
      <trkpt lat="41.42105709761381" lon="-81.64615617133677"><ele>141</ele><time>2026-07-07T20:51:42Z</time></trkpt>
      <trkpt lat="41.42126044258475" lon="-81.64636496454477"><ele>141</ele><time>2026-07-07T20:51:45Z</time></trkpt>
      <trkpt lat="41.42143742647022" lon="-81.64658381603658"><ele>141</ele><time>2026-07-07T20:51:48Z</time></trkpt>
      <trkpt lat="41.42162266653031" lon="-81.6468248795718"><ele>139</ele><time>2026-07-07T20:51:51Z</time></trkpt>
      <trkpt lat="41.421755058690906" lon="-81.64710156619549"><ele>140</ele><time>2026-07-07T20:51:54Z</time></trkpt>
      <trkpt lat="41.42178820911795" lon="-81.64735738188028"><ele>139</ele><time>2026-07-07T20:51:57Z</time></trkpt>
      <trkpt lat="41.421909159980714" lon="-81.64756366051733"><ele>142</ele><time>2026-07-07T20:52:00Z</time></trkpt>
      <trkpt lat="41.42206481192261" lon="-81.64777865633368"><ele>142</ele><time>2026-07-07T20:52:03Z</time></trkpt>
      <trkpt lat="41.42213593237102" lon="-81.64805768989027"><ele>140</ele><time>2026-07-07T20:52:06Z</time></trkpt>
      <trkpt lat="41.42217264510691" lon="-81.64838877506554"><ele>139</ele><time>2026-07-07T20:52:09Z</time></trkpt>
      <trkpt lat="41.42215684521943" lon="-81.6487245541066"><ele>139</ele><time>2026-07-07T20:52:12Z</time></trkpt>
      <trkpt lat="41.422136602923274" lon="-81.64904507808387"><ele>140</ele><time>2026-07-07T20:52:15Z</time></trkpt>
      <trkpt lat="41.42209565732628" lon="-81.64938253350556"><ele>140</ele><time>2026-07-07T20:52:18Z</time></trkpt>
      <trkpt lat="41.422067284584045" lon="-81.64973658509552"><ele>141</ele><time>2026-07-07T20:52:21Z</time></trkpt>
      <trkpt lat="41.42199427820742" lon="-81.65007077157497"><ele>141</ele><time>2026-07-07T20:52:24Z</time></trkpt>
      <trkpt lat="41.4219218166545" lon="-81.65037520229816"><ele>142</ele><time>2026-07-07T20:52:27Z</time></trkpt>
      <trkpt lat="41.42186804674566" lon="-81.65070000104606"><ele>141</ele><time>2026-07-07T20:52:30Z</time></trkpt>
      <trkpt lat="41.42187584191561" lon="-81.65105765685439"><ele>140</ele><time>2026-07-07T20:52:33Z</time></trkpt>
      <trkpt lat="41.42185526434332" lon="-81.65140366181731"><ele>140</ele><time>2026-07-07T20:52:36Z</time></trkpt>
      <trkpt lat="41.42181306146085" lon="-81.65174388326705"><ele>139</ele><time>2026-07-07T20:52:39Z</time></trkpt>
      <trkpt lat="41.421772367320955" lon="-81.65205795317888"><ele>138</ele><time>2026-07-07T20:52:42Z</time></trkpt>
      <trkpt lat="41.42171528656036" lon="-81.65240186266601"><ele>139</ele><time>2026-07-07T20:52:45Z</time></trkpt>
      <trkpt lat="41.421652170829475" lon="-81.65273688733578"><ele>141</ele><time>2026-07-07T20:52:48Z</time></trkpt>
      <trkpt lat="41.4216120634228" lon="-81.65308465249836"><ele>141</ele><time>2026-07-07T20:52:51Z</time></trkpt>
      <trkpt lat="41.42153553664684" lon="-81.6534370277077"><ele>142</ele><time>2026-07-07T20:52:54Z</time></trkpt>
      <trkpt lat="41.421497063711286" lon="-81.65377708151937"><ele>141</ele><time>2026-07-07T20:52:57Z</time></trkpt>
      <trkpt lat="41.42144136596471" lon="-81.65411235764623"><ele>141</ele><time>2026-07-07T20:53:00Z</time></trkpt>
      <trkpt lat="41.42139635514468" lon="-81.65445350110531"><ele>139</ele><time>2026-07-07T20:53:03Z</time></trkpt>
      <trkpt lat="41.42133240122348" lon="-81.65480084717274"><ele>139</ele><time>2026-07-07T20:53:06Z</time></trkpt>
      <trkpt lat="41.42126207705587" lon="-81.65508080273867"><ele>138</ele><time>2026-07-07T20:53:09Z</time></trkpt>
      <trkpt lat="41.421213378198445" lon="-81.65543334558606"><ele>138</ele><time>2026-07-07T20:53:12Z</time></trkpt>
      <trkpt lat="41.421157722361386" lon="-81.65580139495432"><ele>138</ele><time>2026-07-07T20:53:15Z</time></trkpt>
      <trkpt lat="41.42112084198743" lon="-81.65615343488753"><ele>137</ele><time>2026-07-07T20:53:18Z</time></trkpt>
      <trkpt lat="41.42108412925154" lon="-81.65647622197866"><ele>137</ele><time>2026-07-07T20:53:21Z</time></trkpt>
      <trkpt lat="41.42104720696807" lon="-81.6568164434284"><ele>136</ele><time>2026-07-07T20:53:24Z</time></trkpt>
      <trkpt lat="41.421015271916986" lon="-81.65718331933022"><ele>137</ele><time>2026-07-07T20:53:27Z</time></trkpt>
      <trkpt lat="41.42103656195104" lon="-81.6575519554317"><ele>137</ele><time>2026-07-07T20:53:30Z</time></trkpt>
      <trkpt lat="41.42108756583184" lon="-81.657920088619"><ele>137</ele><time>2026-07-07T20:53:33Z</time></trkpt>
      <trkpt lat="41.42121090553701" lon="-81.65824404917657"><ele>137</ele><time>2026-07-07T20:53:36Z</time></trkpt>
      <trkpt lat="41.421348033472896" lon="-81.65856272913516"><ele>137</ele><time>2026-07-07T20:53:39Z</time></trkpt>
      <trkpt lat="41.4214920764789" lon="-81.6588554251939"><ele>137</ele><time>2026-07-07T20:53:42Z</time></trkpt>
      <trkpt lat="41.421641651540995" lon="-81.6591529827565"><ele>138</ele><time>2026-07-07T20:53:45Z</time></trkpt>
      <trkpt lat="41.42179131042212" lon="-81.65944341570139"><ele>138</ele><time>2026-07-07T20:53:48Z</time></trkpt>
      <trkpt lat="41.4219574816525" lon="-81.65971155278385"><ele>137</ele><time>2026-07-07T20:53:51Z</time></trkpt>
      <trkpt lat="41.42207051161677" lon="-81.66000617668033"><ele>138</ele><time>2026-07-07T20:53:54Z</time></trkpt>
      <trkpt lat="41.422213171608746" lon="-81.66030935011804"><ele>139</ele><time>2026-07-07T20:53:57Z</time></trkpt>
      <trkpt lat="41.422344096936285" lon="-81.66062534786761"><ele>139</ele><time>2026-07-07T20:54:00Z</time></trkpt>
      <trkpt lat="41.422497946769" lon="-81.66093723848462"><ele>140</ele><time>2026-07-07T20:54:03Z</time></trkpt>
      <trkpt lat="41.42267061397433" lon="-81.66124208830297"><ele>142</ele><time>2026-07-07T20:54:06Z</time></trkpt>
      <trkpt lat="41.422862224280834" lon="-81.66144970804453"><ele>142</ele><time>2026-07-07T20:54:09Z</time></trkpt>
      <trkpt lat="41.42308933194727" lon="-81.66158381849527"><ele>141</ele><time>2026-07-07T20:54:12Z</time></trkpt>
      <trkpt lat="41.42335227224976" lon="-81.66172999888659"><ele>141</ele><time>2026-07-07T20:54:15Z</time></trkpt>
      <trkpt lat="41.42360863275826" lon="-81.66185623034835"><ele>142</ele><time>2026-07-07T20:54:18Z</time></trkpt>
      <trkpt lat="41.42383255530149" lon="-81.66201297193766"><ele>141</ele><time>2026-07-07T20:54:21Z</time></trkpt>
      <trkpt lat="41.424064063467085" lon="-81.66216870769858"><ele>140</ele><time>2026-07-07T20:54:24Z</time></trkpt>
      <trkpt lat="41.42428798601031" lon="-81.66230491362512"><ele>141</ele><time>2026-07-07T20:54:27Z</time></trkpt>
      <trkpt lat="41.42450947780162" lon="-81.66247464716434"><ele>141</ele><time>2026-07-07T20:54:30Z</time></trkpt>
      <trkpt lat="41.424731723964214" lon="-81.6626584623009"><ele>142</ele><time>2026-07-07T20:54:33Z</time></trkpt>
      <trkpt lat="41.4249526290223" lon="-81.66287362575531"><ele>142</ele><time>2026-07-07T20:54:36Z</time></trkpt>
      <trkpt lat="41.42516117077321" lon="-81.66310773231089"><ele>142</ele><time>2026-07-07T20:54:39Z</time></trkpt>
      <trkpt lat="41.42537612468004" lon="-81.66332951746881"><ele>142</ele><time>2026-07-07T20:54:42Z</time></trkpt>
      <trkpt lat="41.42558969557285" lon="-81.66355188935995"><ele>142</ele><time>2026-07-07T20:54:45Z</time></trkpt>
      <trkpt lat="41.425799913704395" lon="-81.66377266868949"><ele>142</ele><time>2026-07-07T20:54:48Z</time></trkpt>
      <trkpt lat="41.42600719816983" lon="-81.66400015354156"><ele>143</ele><time>2026-07-07T20:54:51Z</time></trkpt>
      <trkpt lat="41.42620266415179" lon="-81.66422998532653"><ele>143</ele><time>2026-07-07T20:54:54Z</time></trkpt>
      <trkpt lat="41.42639100551605" lon="-81.66437616571784"><ele>144</ele><time>2026-07-07T20:54:57Z</time></trkpt>
      <trkpt lat="41.42658630385995" lon="-81.66453550569713"><ele>143</ele><time>2026-07-07T20:55:00Z</time></trkpt>
      <trkpt lat="41.42680180259049" lon="-81.66472577489913"><ele>142</ele><time>2026-07-07T20:55:03Z</time></trkpt>
      <trkpt lat="41.42702589277178" lon="-81.66492677293718"><ele>142</ele><time>2026-07-07T20:55:06Z</time></trkpt>
      <trkpt lat="41.42715694382787" lon="-81.66510161943734"><ele>142</ele><time>2026-07-07T20:55:09Z</time></trkpt>
      <trkpt lat="41.42727035097778" lon="-81.66522927582264"><ele>141</ele><time>2026-07-07T20:55:12Z</time></trkpt>
      <trkpt lat="41.42744658049196" lon="-81.66531912982464"><ele>140</ele><time>2026-07-07T20:55:15Z</time></trkpt>
      <trkpt lat="41.427630353718996" lon="-81.66544452309608"><ele>138</ele><time>2026-07-07T20:55:18Z</time></trkpt>
      <trkpt lat="41.42786140087992" lon="-81.665526246652"><ele>138</ele><time>2026-07-07T20:55:21Z</time></trkpt>
      <trkpt lat="41.428102632053196" lon="-81.66563110426068"><ele>139</ele><time>2026-07-07T20:55:24Z</time></trkpt>
      <trkpt lat="41.428270689211786" lon="-81.66583813726902"><ele>142</ele><time>2026-07-07T20:55:27Z</time></trkpt>
      <trkpt lat="41.428287997841835" lon="-81.66612639091909"><ele>142</ele><time>2026-07-07T20:55:30Z</time></trkpt>
      <trkpt lat="41.4283399656415" lon="-81.66645999066532"><ele>141</ele><time>2026-07-07T20:55:33Z</time></trkpt>
      <trkpt lat="41.42838577274233" lon="-81.66680607944727"><ele>141</ele><time>2026-07-07T20:55:36Z</time></trkpt>
      <trkpt lat="41.42843233421445" lon="-81.66713171638548"><ele>141</ele><time>2026-07-07T20:55:39Z</time></trkpt>
      <trkpt lat="41.42856133170426" lon="-81.66745064780116"><ele>140</ele><time>2026-07-07T20:55:42Z</time></trkpt>
      <trkpt lat="41.428691376931965" lon="-81.66776010766625"><ele>140</ele><time>2026-07-07T20:55:45Z</time></trkpt>
      <trkpt lat="41.428779093548656" lon="-81.66808784008026"><ele>139</ele><time>2026-07-07T20:55:48Z</time></trkpt>
      <trkpt lat="41.42883416265249" lon="-81.66844549588859"><ele>138</ele><time>2026-07-07T20:55:51Z</time></trkpt>
      <trkpt lat="41.428960603661835" lon="-81.66871472261846"><ele>137</ele><time>2026-07-07T20:55:54Z</time></trkpt>
      <trkpt lat="41.42915321979672" lon="-81.6688163112849"><ele>136</ele><time>2026-07-07T20:55:57Z</time></trkpt>
      <trkpt lat="41.42940295860171" lon="-81.66892284527421"><ele>136</ele><time>2026-07-07T20:56:00Z</time></trkpt>
      <trkpt lat="41.429647793993354" lon="-81.6688768286258"><ele>137</ele><time>2026-07-07T20:56:03Z</time></trkpt>
      <trkpt lat="41.42989128828049" lon="-81.66879099793732"><ele>137</ele><time>2026-07-07T20:56:06Z</time></trkpt>
      <trkpt lat="41.43011231906712" lon="-81.66859896853566"><ele>136</ele><time>2026-07-07T20:56:09Z</time></trkpt>
      <trkpt lat="41.43032559659332" lon="-81.66844289749861"><ele>138</ele><time>2026-07-07T20:56:12Z</time></trkpt>
      <trkpt lat="41.43052948638797" lon="-81.6683292388916"><ele>138</ele><time>2026-07-07T20:56:15Z</time></trkpt>
      <trkpt lat="41.43072482664138" lon="-81.66813117451966"><ele>137</ele><time>2026-07-07T20:56:18Z</time></trkpt>
      <trkpt lat="41.43090013414621" lon="-81.66789354756474"><ele>136</ele><time>2026-07-07T20:56:21Z</time></trkpt>
      <trkpt lat="41.4310803450644" lon="-81.66764401830733"><ele>136</ele><time>2026-07-07T20:56:24Z</time></trkpt>
      <trkpt lat="41.43125934060663" lon="-81.66740748099983"><ele>136</ele><time>2026-07-07T20:56:27Z</time></trkpt>
      <trkpt lat="41.431440180167556" lon="-81.66725233197212"><ele>137</ele><time>2026-07-07T20:56:30Z</time></trkpt>
      <trkpt lat="41.43160471692681" lon="-81.66707161813974"><ele>137</ele><time>2026-07-07T20:56:33Z</time></trkpt>
      <trkpt lat="41.43172759562731" lon="-81.66683566756546"><ele>138</ele><time>2026-07-07T20:56:36Z</time></trkpt>
      <trkpt lat="41.43185210879892" lon="-81.66661396622658"><ele>137</ele><time>2026-07-07T20:56:39Z</time></trkpt>
      <trkpt lat="41.43206354230642" lon="-81.66639561764896"><ele>136</ele><time>2026-07-07T20:56:42Z</time></trkpt>
      <trkpt lat="41.43229492474347" lon="-81.66611935012043"><ele>136</ele><time>2026-07-07T20:56:45Z</time></trkpt>
      <trkpt lat="41.43248469103128" lon="-81.66581936180592"><ele>136</ele><time>2026-07-07T20:56:48Z</time></trkpt>
      <trkpt lat="41.43265672959387" lon="-81.66556304320693"><ele>137</ele><time>2026-07-07T20:56:51Z</time></trkpt>
      <trkpt lat="41.43280186224729" lon="-81.66543647646904"><ele>137</ele><time>2026-07-07T20:56:54Z</time></trkpt>
      <trkpt lat="41.43292184919119" lon="-81.66529951617122"><ele>137</ele><time>2026-07-07T20:56:57Z</time></trkpt>
      <trkpt lat="41.43305478617549" lon="-81.66503213346004"><ele>133</ele><time>2026-07-07T20:57:00Z</time></trkpt>
      <trkpt lat="41.43315310589969" lon="-81.66467263363302"><ele>134</ele><time>2026-07-07T20:57:03Z</time></trkpt>
      <trkpt lat="41.43319878727198" lon="-81.66434917598963"><ele>136</ele><time>2026-07-07T20:57:06Z</time></trkpt>
      <trkpt lat="41.433311523869634" lon="-81.66414909996092"><ele>138</ele><time>2026-07-07T20:57:09Z</time></trkpt>
      <trkpt lat="41.433512228541076" lon="-81.66394382715225"><ele>139</ele><time>2026-07-07T20:57:12Z</time></trkpt>
      <trkpt lat="41.43375978805125" lon="-81.66380049660802"><ele>139</ele><time>2026-07-07T20:57:15Z</time></trkpt>
      <trkpt lat="41.43400504253805" lon="-81.66362657211721"><ele>139</ele><time>2026-07-07T20:57:18Z</time></trkpt>
      <trkpt lat="41.434263875707984" lon="-81.66350050829351"><ele>139</ele><time>2026-07-07T20:57:21Z</time></trkpt>
      <trkpt lat="41.43450904637575" lon="-81.66335424408317"><ele>138</ele><time>2026-07-07T20:57:24Z</time></trkpt>
      <trkpt lat="41.434775004163384" lon="-81.66322407312691"><ele>139</ele><time>2026-07-07T20:57:27Z</time></trkpt>
      <trkpt lat="41.43503647763282" lon="-81.66310714557767"><ele>139</ele><time>2026-07-07T20:57:30Z</time></trkpt>
      <trkpt lat="41.43530855420977" lon="-81.66303439065814"><ele>139</ele><time>2026-07-07T20:57:33Z</time></trkpt>
      <trkpt lat="41.4355557365343" lon="-81.6629866976291"><ele>139</ele><time>2026-07-07T20:57:36Z</time></trkpt>
      <trkpt lat="41.435787035152316" lon="-81.66297194547951"><ele>137</ele><time>2026-07-07T20:57:39Z</time></trkpt>
      <trkpt lat="41.436004377901554" lon="-81.66299507953227"><ele>136</ele><time>2026-07-07T20:57:42Z</time></trkpt>
      <trkpt lat="41.43626597709954" lon="-81.66301175951958"><ele>137</ele><time>2026-07-07T20:57:45Z</time></trkpt>
      <trkpt lat="41.4365010894835" lon="-81.66301880031824"><ele>137</ele><time>2026-07-07T20:57:48Z</time></trkpt>
      <trkpt lat="41.436669691465795" lon="-81.66312248446047"><ele>138</ele><time>2026-07-07T20:57:51Z</time></trkpt>
      <trkpt lat="41.43684973474592" lon="-81.66328232735395"><ele>139</ele><time>2026-07-07T20:57:54Z</time></trkpt>
      <trkpt lat="41.43698615022004" lon="-81.6634526476264"><ele>139</ele><time>2026-07-07T20:57:57Z</time></trkpt>
      <trkpt lat="41.437172228470445" lon="-81.66363746859133"><ele>139</ele><time>2026-07-07T20:58:00Z</time></trkpt>
      <trkpt lat="41.43736065365374" lon="-81.66384634561837"><ele>138</ele><time>2026-07-07T20:58:03Z</time></trkpt>
      <trkpt lat="41.437595933675766" lon="-81.6640417277813"><ele>139</ele><time>2026-07-07T20:58:06Z</time></trkpt>
      <trkpt lat="41.43777090590447" lon="-81.6642869822681"><ele>138</ele><time>2026-07-07T20:58:09Z</time></trkpt>
      <trkpt lat="41.43793858587742" lon="-81.66452268138528"><ele>137</ele><time>2026-07-07T20:58:12Z</time></trkpt>
      <trkpt lat="41.43807797692716" lon="-81.66480766609311"><ele>136</ele><time>2026-07-07T20:58:15Z</time></trkpt>
      <trkpt lat="41.438232623040676" lon="-81.66506733745337"><ele>135</ele><time>2026-07-07T20:58:18Z</time></trkpt>
      <trkpt lat="41.43835219088942" lon="-81.66532927192748"><ele>135</ele><time>2026-07-07T20:58:21Z</time></trkpt>
      <trkpt lat="41.43840545788407" lon="-81.665626661852"><ele>136</ele><time>2026-07-07T20:58:24Z</time></trkpt>
      <trkpt lat="41.43857250921428" lon="-81.6659165918827"><ele>136</ele><time>2026-07-07T20:58:27Z</time></trkpt>
      <trkpt lat="41.43878348171711" lon="-81.66610090993345"><ele>136</ele><time>2026-07-07T20:58:30Z</time></trkpt>
      <trkpt lat="41.43906716722995" lon="-81.66621272452176"><ele>136</ele><time>2026-07-07T20:58:33Z</time></trkpt>
      <trkpt lat="41.43927860073745" lon="-81.66644783690572"><ele>134</ele><time>2026-07-07T20:58:36Z</time></trkpt>
      <trkpt lat="41.439444897696376" lon="-81.66671697981656"><ele>135</ele><time>2026-07-07T20:58:39Z</time></trkpt>
      <trkpt lat="41.43964388407767" lon="-81.66696332395077"><ele>137</ele><time>2026-07-07T20:58:42Z</time></trkpt>
      <trkpt lat="41.43988939002156" lon="-81.66720354929566"><ele>141</ele><time>2026-07-07T20:58:45Z</time></trkpt>
      <trkpt lat="41.44008326344192" lon="-81.66746539995074"><ele>141</ele><time>2026-07-07T20:58:48Z</time></trkpt>
      <trkpt lat="41.44025190733373" lon="-81.6677404101938"><ele>140</ele><time>2026-07-07T20:58:51Z</time></trkpt>
      <trkpt lat="41.440415983088315" lon="-81.66797988116741"><ele>139</ele><time>2026-07-07T20:58:54Z</time></trkpt>
      <trkpt lat="41.44059074576944" lon="-81.66821432299912"><ele>140</ele><time>2026-07-07T20:58:57Z</time></trkpt>
      <trkpt lat="41.440665177069604" lon="-81.66846661828458"><ele>141</ele><time>2026-07-07T20:59:00Z</time></trkpt>
      <trkpt lat="41.44055537413806" lon="-81.66873643174767"><ele>141</ele><time>2026-07-07T20:59:03Z</time></trkpt>
      <trkpt lat="41.44055688288063" lon="-81.66895905509591"><ele>140</ele><time>2026-07-07T20:59:06Z</time></trkpt>
      <trkpt lat="41.4406767860055" lon="-81.66930874809623"><ele>139</ele><time>2026-07-07T20:59:09Z</time></trkpt>
      <trkpt lat="41.440647575072944" lon="-81.66968107223511"><ele>139</ele><time>2026-07-07T20:59:12Z</time></trkpt>
      <trkpt lat="41.440577460452914" lon="-81.67004333809018"><ele>138</ele><time>2026-07-07T20:59:15Z</time></trkpt>
      <trkpt lat="41.44046623259783" lon="-81.67034667916596"><ele>138</ele><time>2026-07-07T20:59:18Z</time></trkpt>
      <trkpt lat="41.44046111963689" lon="-81.6706951148808"><ele>137</ele><time>2026-07-07T20:59:21Z</time></trkpt>
      <trkpt lat="41.44047796726227" lon="-81.67104111984372"><ele>138</ele><time>2026-07-07T20:59:24Z</time></trkpt>
      <trkpt lat="41.44039414823055" lon="-81.67131462134421"><ele>139</ele><time>2026-07-07T20:59:27Z</time></trkpt>
      <trkpt lat="41.44025660119951" lon="-81.67150363326073"><ele>138</ele><time>2026-07-07T20:59:30Z</time></trkpt>
      <trkpt lat="41.440186821855605" lon="-81.67172181420028"><ele>139</ele><time>2026-07-07T20:59:33Z</time></trkpt>
      <trkpt lat="41.440052459947765" lon="-81.67186640202999"><ele>140</ele><time>2026-07-07T20:59:36Z</time></trkpt>
      <trkpt lat="41.439824304543436" lon="-81.6718209721148"><ele>141</ele><time>2026-07-07T20:59:39Z</time></trkpt>
      <trkpt lat="41.43959107808769" lon="-81.67182474397123"><ele>139</ele><time>2026-07-07T20:59:42Z</time></trkpt>
      <trkpt lat="41.43936493434012" lon="-81.6719761211425"><ele>138</ele><time>2026-07-07T20:59:45Z</time></trkpt>
      <trkpt lat="41.43920504953712" lon="-81.67221693322062"><ele>138</ele><time>2026-07-07T20:59:48Z</time></trkpt>
      <trkpt lat="41.43924268428236" lon="-81.67247811332345"><ele>139</ele><time>2026-07-07T20:59:51Z</time></trkpt>
      <trkpt lat="41.4393788902089" lon="-81.6727258823812"><ele>137</ele><time>2026-07-07T20:59:54Z</time></trkpt>
      <trkpt lat="41.43951203674078" lon="-81.67302737943828"><ele>136</ele><time>2026-07-07T20:59:57Z</time></trkpt>
      <trkpt lat="41.43969082273543" lon="-81.67327238246799"><ele>136</ele><time>2026-07-07T21:00:00Z</time></trkpt>
      <trkpt lat="41.43991332035512" lon="-81.67342560365796"><ele>136</ele><time>2026-07-07T21:00:03Z</time></trkpt>
      <trkpt lat="41.440121149644256" lon="-81.6735758073628"><ele>136</ele><time>2026-07-07T21:00:06Z</time></trkpt>
      <trkpt lat="41.44025303889066" lon="-81.67377311736345"><ele>137</ele><time>2026-07-07T21:00:09Z</time></trkpt>
      <trkpt lat="41.44032164476812" lon="-81.67401619255543"><ele>137</ele><time>2026-07-07T21:00:12Z</time></trkpt>
      <trkpt lat="41.440426795743406" lon="-81.67427368462086"><ele>138</ele><time>2026-07-07T21:00:15Z</time></trkpt>
      <trkpt lat="41.44053680822253" lon="-81.674564788118"><ele>139</ele><time>2026-07-07T21:00:18Z</time></trkpt>
      <trkpt lat="41.44064703024924" lon="-81.67484767735004"><ele>139</ele><time>2026-07-07T21:00:21Z</time></trkpt>
      <trkpt lat="41.4407267421484" lon="-81.67502746917307"><ele>138</ele><time>2026-07-07T21:00:24Z</time></trkpt>
      <trkpt lat="41.44080666359514" lon="-81.67516769841313"><ele>136</ele><time>2026-07-07T21:00:27Z</time></trkpt>
      <trkpt lat="41.4409061986953" lon="-81.67541462928057"><ele>135</ele><time>2026-07-07T21:00:30Z</time></trkpt>
      <trkpt lat="41.44103838130832" lon="-81.67571688070893"><ele>134</ele><time>2026-07-07T21:00:33Z</time></trkpt>
      <trkpt lat="41.441195625811815" lon="-81.67598895728588"><ele>133</ele><time>2026-07-07T21:00:36Z</time></trkpt>
      <trkpt lat="41.441329065710306" lon="-81.67618375271559"><ele>132</ele><time>2026-07-07T21:00:39Z</time></trkpt>
      <trkpt lat="41.44147126469761" lon="-81.67631308548152"><ele>131</ele><time>2026-07-07T21:00:42Z</time></trkpt>
      <trkpt lat="41.44153764937073" lon="-81.67652238160372"><ele>130</ele><time>2026-07-07T21:00:45Z</time></trkpt>
      <trkpt lat="41.441598208621144" lon="-81.67684441432357"><ele>130</ele><time>2026-07-07T21:00:48Z</time></trkpt>
      <trkpt lat="41.44174091052264" lon="-81.67717809788883"><ele>131</ele><time>2026-07-07T21:00:51Z</time></trkpt>
      <trkpt lat="41.4420106401667" lon="-81.67720072902739"><ele>132</ele><time>2026-07-07T21:00:54Z</time></trkpt>
      <trkpt lat="41.44223892129958" lon="-81.6771793551743"><ele>132</ele><time>2026-07-07T21:00:57Z</time></trkpt>
      <trkpt lat="41.442423784174025" lon="-81.67698347009718"><ele>131</ele><time>2026-07-07T21:01:00Z</time></trkpt>
      <trkpt lat="41.44257285632193" lon="-81.67686159722507"><ele>129</ele><time>2026-07-07T21:01:03Z</time></trkpt>
      <trkpt lat="41.44277079496533" lon="-81.6768046002835"><ele>129</ele><time>2026-07-07T21:01:06Z</time></trkpt>
      <trkpt lat="41.442987215705216" lon="-81.67672622948885"><ele>128</ele><time>2026-07-07T21:01:09Z</time></trkpt>
      <trkpt lat="41.44322836305946" lon="-81.67666881345212"><ele>128</ele><time>2026-07-07T21:01:12Z</time></trkpt>
      <trkpt lat="41.44348254427314" lon="-81.67661651037633"><ele>128</ele><time>2026-07-07T21:01:15Z</time></trkpt>
      <trkpt lat="41.4437649725005" lon="-81.67664542794228"><ele>129</ele><time>2026-07-07T21:01:18Z</time></trkpt>
      <trkpt lat="41.44405716564506" lon="-81.6768096294254"><ele>131</ele><time>2026-07-07T21:01:21Z</time></trkpt>
      <trkpt lat="41.44423184450716" lon="-81.67700693942606"><ele>131</ele><time>2026-07-07T21:01:24Z</time></trkpt>
      <trkpt lat="41.44444319419563" lon="-81.6772586479783"><ele>135</ele><time>2026-07-07T21:01:27Z</time></trkpt>
      <trkpt lat="41.44460949115455" lon="-81.6775509249419"><ele>136</ele><time>2026-07-07T21:01:30Z</time></trkpt>
      <trkpt lat="41.44473932683468" lon="-81.67788938619196"><ele>136</ele><time>2026-07-07T21:01:33Z</time></trkpt>
      <trkpt lat="41.44487984944135" lon="-81.67814419604838"><ele>137</ele><time>2026-07-07T21:01:36Z</time></trkpt>
      <trkpt lat="41.445021335966885" lon="-81.67835894040763"><ele>137</ele><time>2026-07-07T21:01:39Z</time></trkpt>
      <trkpt lat="41.44516734872013" lon="-81.67858198285103"><ele>137</ele><time>2026-07-07T21:01:42Z</time></trkpt>
      <trkpt lat="41.44535929430276" lon="-81.67882354930043"><ele>137</ele><time>2026-07-07T21:01:45Z</time></trkpt>
      <trkpt lat="41.4454851904884" lon="-81.67926636524498"><ele>138</ele><time>2026-07-07T21:01:48Z</time></trkpt>
      <trkpt lat="41.44553749356419" lon="-81.67962628416717"><ele>139</ele><time>2026-07-07T21:01:51Z</time></trkpt>
      <trkpt lat="41.445574248209596" lon="-81.67999257333577"><ele>139</ele><time>2026-07-07T21:01:54Z</time></trkpt>
      <trkpt lat="41.44556611776352" lon="-81.68036514893174"><ele>140</ele><time>2026-07-07T21:01:57Z</time></trkpt>
      <trkpt lat="41.44553430844098" lon="-81.68071802705526"><ele>139</ele><time>2026-07-07T21:02:00Z</time></trkpt>
      <trkpt lat="41.44551255740225" lon="-81.68107526376843"><ele>138</ele><time>2026-07-07T21:02:03Z</time></trkpt>
      <trkpt lat="41.44549570977688" lon="-81.68144825845957"><ele>139</ele><time>2026-07-07T21:02:06Z</time></trkpt>
      <trkpt lat="41.44548154436052" lon="-81.68182142078876"><ele>139</ele><time>2026-07-07T21:02:09Z</time></trkpt>
      <trkpt lat="41.445480580441654" lon="-81.6821941640228"><ele>138</ele><time>2026-07-07T21:02:12Z</time></trkpt>
      <trkpt lat="41.44544512499124" lon="-81.68254930526018"><ele>139</ele><time>2026-07-07T21:02:15Z</time></trkpt>
      <trkpt lat="41.44548716023564" lon="-81.68290453031659"><ele>140</ele><time>2026-07-07T21:02:18Z</time></trkpt>
      <trkpt lat="41.44563250243664" lon="-81.6830871719867"><ele>138</ele><time>2026-07-07T21:02:21Z</time></trkpt>
      <trkpt lat="41.445875158533454" lon="-81.68311080895364"><ele>140</ele><time>2026-07-07T21:02:24Z</time></trkpt>
      <trkpt lat="41.44613118376583" lon="-81.68306512758136"><ele>141</ele><time>2026-07-07T21:02:27Z</time></trkpt>
      <trkpt lat="41.44637597724795" lon="-81.6828937176615"><ele>143</ele><time>2026-07-07T21:02:30Z</time></trkpt>
      <trkpt lat="41.44655631389469" lon="-81.68269355781376"><ele>143</ele><time>2026-07-07T21:02:33Z</time></trkpt>
      <trkpt lat="41.44674570299685" lon="-81.68254184536636"><ele>143</ele><time>2026-07-07T21:02:36Z</time></trkpt>
      <trkpt lat="41.44691262859851" lon="-81.68254218064249"><ele>144</ele><time>2026-07-07T21:02:39Z</time></trkpt>
      <trkpt lat="41.447121924720705" lon="-81.68252575211227"><ele>145</ele><time>2026-07-07T21:02:42Z</time></trkpt>
      <trkpt lat="41.4472820609808" lon="-81.68261183425784"><ele>146</ele><time>2026-07-07T21:02:45Z</time></trkpt>
      <trkpt lat="41.44727820530534" lon="-81.6828767862171"><ele>147</ele><time>2026-07-07T21:02:48Z</time></trkpt>
      <trkpt lat="41.44726362079382" lon="-81.68321876786649"><ele>146</ele><time>2026-07-07T21:02:51Z</time></trkpt>
      <trkpt lat="41.44725813064724" lon="-81.68357684276998"><ele>146</ele><time>2026-07-07T21:02:54Z</time></trkpt>
      <trkpt lat="41.44727007485926" lon="-81.68393441475928"><ele>147</ele><time>2026-07-07T21:02:57Z</time></trkpt>
      <trkpt lat="41.44729065243155" lon="-81.68430405668914"><ele>146</ele><time>2026-07-07T21:03:00Z</time></trkpt>
      <trkpt lat="41.447301716543734" lon="-81.68468115851283"><ele>145</ele><time>2026-07-07T21:03:03Z</time></trkpt>
      <trkpt lat="41.447307164780796" lon="-81.68504417873919"><ele>144</ele><time>2026-07-07T21:03:06Z</time></trkpt>
      <trkpt lat="41.44731848035008" lon="-81.68541491031647"><ele>144</ele><time>2026-07-07T21:03:09Z</time></trkpt>
      <trkpt lat="41.44733214285225" lon="-81.68579620309174"><ele>143</ele><time>2026-07-07T21:03:12Z</time></trkpt>
      <trkpt lat="41.44735858775675" lon="-81.68614346534014"><ele>143</ele><time>2026-07-07T21:03:15Z</time></trkpt>
      <trkpt lat="41.447379919700325" lon="-81.68645753525198"><ele>142</ele><time>2026-07-07T21:03:18Z</time></trkpt>
      <trkpt lat="41.44738582894206" lon="-81.68670304119587"><ele>142</ele><time>2026-07-07T21:03:21Z</time></trkpt>
      <trkpt lat="41.447396599687636" lon="-81.6869898699224"><ele>143</ele><time>2026-07-07T21:03:24Z</time></trkpt>
      <trkpt lat="41.447348445653915" lon="-81.68729212135077"><ele>144</ele><time>2026-07-07T21:03:27Z</time></trkpt>
      <trkpt lat="41.447322755120695" lon="-81.68754081241786"><ele>144</ele><time>2026-07-07T21:03:30Z</time></trkpt>
      <trkpt lat="41.44739048089832" lon="-81.68761658482254"><ele>144</ele><time>2026-07-07T21:03:33Z</time></trkpt>
      <trkpt lat="41.44747325219214" lon="-81.6876426525414"><ele>146</ele><time>2026-07-07T21:03:36Z</time></trkpt>
      <trkpt lat="41.44764147698879" lon="-81.68767006136477"><ele>145</ele><time>2026-07-07T21:03:39Z</time></trkpt>
      <trkpt lat="41.447847629897296" lon="-81.68767089955509"><ele>145</ele><time>2026-07-07T21:03:42Z</time></trkpt>
      <trkpt lat="41.44810176920146" lon="-81.68768288567662"><ele>146</ele><time>2026-07-07T21:03:45Z</time></trkpt>
      <trkpt lat="41.44836764317006" lon="-81.68769353069365"><ele>146</ele><time>2026-07-07T21:03:48Z</time></trkpt>
      <trkpt lat="41.44863816909492" lon="-81.68768690899014"><ele>146</ele><time>2026-07-07T21:03:51Z</time></trkpt>
      <trkpt lat="41.448879316449165" lon="-81.6877581551671"><ele>147</ele><time>2026-07-07T21:03:54Z</time></trkpt>
      <trkpt lat="41.44907440524548" lon="-81.68779000639915"><ele>145</ele><time>2026-07-07T21:03:57Z</time></trkpt>
      <trkpt lat="41.44922234583646" lon="-81.68779956176877"><ele>145</ele><time>2026-07-07T21:04:00Z</time></trkpt>
      <trkpt lat="41.4493773272261" lon="-81.68777416460216"><ele>145</ele><time>2026-07-07T21:04:03Z</time></trkpt>
      <trkpt lat="41.44958448596299" lon="-81.68776134029031"><ele>145</ele><time>2026-07-07T21:04:06Z</time></trkpt>
      <trkpt lat="41.44980660639703" lon="-81.68779604136944"><ele>145</ele><time>2026-07-07T21:04:09Z</time></trkpt>
      <trkpt lat="41.45004461053759" lon="-81.68780140578747"><ele>146</ele><time>2026-07-07T21:04:12Z</time></trkpt>
      <trkpt lat="41.45026543177664" lon="-81.68779889121652"><ele>145</ele><time>2026-07-07T21:04:15Z</time></trkpt>
      <trkpt lat="41.4505023881793" lon="-81.68780501000583"><ele>145</ele><time>2026-07-07T21:04:18Z</time></trkpt>
      <trkpt lat="41.45076264627278" lon="-81.68780643492937"><ele>144</ele><time>2026-07-07T21:04:21Z</time></trkpt>
      <trkpt lat="41.451034848578274" lon="-81.6877962090075"><ele>145</ele><time>2026-07-07T21:04:24Z</time></trkpt>
      <trkpt lat="41.45128886215389" lon="-81.6877650283277"><ele>146</ele><time>2026-07-07T21:04:27Z</time></trkpt>
      <trkpt lat="41.451476658694446" lon="-81.68773217126727"><ele>146</ele><time>2026-07-07T21:04:30Z</time></trkpt>
      <trkpt lat="41.451580971479416" lon="-81.68772705830634"><ele>146</ele><time>2026-07-07T21:04:33Z</time></trkpt>
      <trkpt lat="41.451681344769895" lon="-81.6876978892833"><ele>146</ele><time>2026-07-07T21:04:36Z</time></trkpt>
      <trkpt lat="41.45186088513583" lon="-81.68764407746494"><ele>147</ele><time>2026-07-07T21:04:39Z</time></trkpt>
      <trkpt lat="41.452042437158525" lon="-81.68765950016677"><ele>147</ele><time>2026-07-07T21:04:42Z</time></trkpt>
      <trkpt lat="41.452268664725125" lon="-81.68766335584223"><ele>147</ele><time>2026-07-07T21:04:45Z</time></trkpt>
      <trkpt lat="41.4525368437171" lon="-81.68765698559582"><ele>148</ele><time>2026-07-07T21:04:48Z</time></trkpt>
      <trkpt lat="41.45279261749238" lon="-81.68765581212938"><ele>148</ele><time>2026-07-07T21:04:51Z</time></trkpt>
      <trkpt lat="41.4529565256089" lon="-81.6876809578389"><ele>149</ele><time>2026-07-07T21:04:54Z</time></trkpt>
      <trkpt lat="41.453126217238605" lon="-81.68771247379482"><ele>149</ele><time>2026-07-07T21:04:57Z</time></trkpt>
      <trkpt lat="41.45332591608167" lon="-81.68765505775809"><ele>149</ele><time>2026-07-07T21:05:00Z</time></trkpt>
      <trkpt lat="41.45353412255645" lon="-81.68750879354775"><ele>148</ele><time>2026-07-07T21:05:03Z</time></trkpt>
      <trkpt lat="41.453761900775135" lon="-81.68741131201386"><ele>147</ele><time>2026-07-07T21:05:06Z</time></trkpt>
      <trkpt lat="41.45402023103088" lon="-81.68738448992372"><ele>147</ele><time>2026-07-07T21:05:09Z</time></trkpt>
      <trkpt lat="41.45429297816008" lon="-81.68739412911236"><ele>147</ele><time>2026-07-07T21:05:12Z</time></trkpt>
      <trkpt lat="41.45455223042518" lon="-81.68746286071837"><ele>150</ele><time>2026-07-07T21:05:15Z</time></trkpt>
      <trkpt lat="41.454797820188105" lon="-81.68754718266428"><ele>149</ele><time>2026-07-07T21:05:18Z</time></trkpt>
      <trkpt lat="41.4550451701507" lon="-81.68764458037913"><ele>150</ele><time>2026-07-07T21:05:21Z</time></trkpt>
      <trkpt lat="41.45529696252197" lon="-81.6877478454262"><ele>150</ele><time>2026-07-07T21:05:24Z</time></trkpt>
      <trkpt lat="41.45555411931127" lon="-81.68784650042653"><ele>150</ele><time>2026-07-07T21:05:27Z</time></trkpt>
      <trkpt lat="41.455818065442145" lon="-81.68793392367661"><ele>149</ele><time>2026-07-07T21:05:30Z</time></trkpt>
      <trkpt lat="41.45605699159205" lon="-81.68803559616208"><ele>149</ele><time>2026-07-07T21:05:33Z</time></trkpt>
      <trkpt lat="41.456303000450134" lon="-81.6880660224706"><ele>149</ele><time>2026-07-07T21:05:36Z</time></trkpt>
      <trkpt lat="41.45655915141106" lon="-81.6881347540766"><ele>146</ele><time>2026-07-07T21:05:39Z</time></trkpt>
      <trkpt lat="41.45684359129518" lon="-81.68814246542752"><ele>146</ele><time>2026-07-07T21:05:42Z</time></trkpt>
      <trkpt lat="41.45711893681437" lon="-81.68814699165523"><ele>147</ele><time>2026-07-07T21:05:45Z</time></trkpt>
      <trkpt lat="41.45739491097629" lon="-81.68816987425089"><ele>147</ele><time>2026-07-07T21:05:48Z</time></trkpt>
      <trkpt lat="41.45766346715391" lon="-81.68816769495606"><ele>148</ele><time>2026-07-07T21:05:51Z</time></trkpt>
      <trkpt lat="41.45792913157493" lon="-81.68814791366458"><ele>147</ele><time>2026-07-07T21:05:54Z</time></trkpt>
      <trkpt lat="41.45818792283535" lon="-81.68811790645123"><ele>148</ele><time>2026-07-07T21:05:57Z</time></trkpt>
      <trkpt lat="41.458465280011296" lon="-81.68807188980281"><ele>147</ele><time>2026-07-07T21:06:00Z</time></trkpt>
      <trkpt lat="41.45873991306871" lon="-81.68802134692669"><ele>147</ele><time>2026-07-07T21:06:03Z</time></trkpt>
      <trkpt lat="41.45900939125568" lon="-81.68796015903354"><ele>146</ele><time>2026-07-07T21:06:06Z</time></trkpt>
      <trkpt lat="41.459287125617266" lon="-81.68793342076242"><ele>147</ele><time>2026-07-07T21:06:09Z</time></trkpt>
      <trkpt lat="41.45956054329872" lon="-81.68792990036309"><ele>147</ele><time>2026-07-07T21:06:12Z</time></trkpt>
      <trkpt lat="41.45982260350138" lon="-81.68781196698546"><ele>147</ele><time>2026-07-07T21:06:15Z</time></trkpt>
      <trkpt lat="41.46008047275245" lon="-81.6877304110676"><ele>147</ele><time>2026-07-07T21:06:18Z</time></trkpt>
      <trkpt lat="41.46035166922957" lon="-81.68768447823822"><ele>148</ele><time>2026-07-07T21:06:21Z</time></trkpt>
      <trkpt lat="41.460617375560105" lon="-81.68767752125859"><ele>147</ele><time>2026-07-07T21:06:24Z</time></trkpt>
      <trkpt lat="41.460858271457255" lon="-81.68758749961853"><ele>148</ele><time>2026-07-07T21:06:27Z</time></trkpt>
      <trkpt lat="41.461107968352735" lon="-81.68749764561653"><ele>149</ele><time>2026-07-07T21:06:30Z</time></trkpt>
      <trkpt lat="41.461375476792455" lon="-81.6874391399324"><ele>148</ele><time>2026-07-07T21:06:33Z</time></trkpt>
      <trkpt lat="41.461648936383426" lon="-81.68738398700953"><ele>147</ele><time>2026-07-07T21:06:36Z</time></trkpt>
      <trkpt lat="41.461920090951025" lon="-81.68732900172472"><ele>146</ele><time>2026-07-07T21:06:39Z</time></trkpt>
      <trkpt lat="41.46219866350293" lon="-81.68725607916713"><ele>148</ele><time>2026-07-07T21:06:42Z</time></trkpt>
      <trkpt lat="41.46246529184282" lon="-81.68719329871237"><ele>149</ele><time>2026-07-07T21:06:45Z</time></trkpt>
      <trkpt lat="41.462740008719265" lon="-81.68712054379284"><ele>149</ele><time>2026-07-07T21:06:48Z</time></trkpt>
      <trkpt lat="41.46301028318703" lon="-81.68703035451472"><ele>149</ele><time>2026-07-07T21:06:51Z</time></trkpt>
      <trkpt lat="41.46327033173293" lon="-81.68692851439118"><ele>149</ele><time>2026-07-07T21:06:54Z</time></trkpt>
      <trkpt lat="41.46353264339268" lon="-81.68681317940354"><ele>148</ele><time>2026-07-07T21:06:57Z</time></trkpt>
      <trkpt lat="41.46379684098065" lon="-81.68669432401657"><ele>149</ele><time>2026-07-07T21:07:00Z</time></trkpt>
      <trkpt lat="41.46405747625977" lon="-81.68658385053277"><ele>148</ele><time>2026-07-07T21:07:03Z</time></trkpt>
      <trkpt lat="41.46429196000099" lon="-81.68638905510306"><ele>147</ele><time>2026-07-07T21:07:06Z</time></trkpt>
      <trkpt lat="41.464531011879444" lon="-81.68619090691209"><ele>147</ele><time>2026-07-07T21:07:09Z</time></trkpt>
      <trkpt lat="41.46477630827576" lon="-81.68599795550108"><ele>146</ele><time>2026-07-07T21:07:12Z</time></trkpt>
      <trkpt lat="41.465012091211975" lon="-81.68580408208072"><ele>145</ele><time>2026-07-07T21:07:15Z</time></trkpt>
      <trkpt lat="41.46522935014218" lon="-81.68568698689342"><ele>146</ele><time>2026-07-07T21:07:18Z</time></trkpt>
      <trkpt lat="41.46535717416555" lon="-81.68585428968072"><ele>147</ele><time>2026-07-07T21:07:21Z</time></trkpt>
      <trkpt lat="41.46551425103098" lon="-81.68611471541226"><ele>147</ele><time>2026-07-07T21:07:24Z</time></trkpt>
      <trkpt lat="41.46568960044533" lon="-81.68635167181492"><ele>147</ele><time>2026-07-07T21:07:27Z</time></trkpt>
      <trkpt lat="41.46599495317787" lon="-81.68669734150171"><ele>144</ele><time>2026-07-07T21:07:32Z</time></trkpt>
      <trkpt lat="41.46621250547469" lon="-81.68690454214811"><ele>147</ele><time>2026-07-07T21:07:36Z</time></trkpt>
      <trkpt lat="41.46635642275214" lon="-81.68696464039385"><ele>153</ele><time>2026-07-07T21:07:39Z</time></trkpt>
      <trkpt lat="41.466856193728745" lon="-81.6868358105421"><ele>157</ele><time>2026-07-07T21:07:45Z</time></trkpt>
      <trkpt lat="41.46689952816814" lon="-81.68671251274645"><ele>147</ele><time>2026-07-07T21:07:48Z</time></trkpt>
      <trkpt lat="41.46705199498683" lon="-81.6865889634937"><ele>141</ele><time>2026-07-07T21:07:51Z</time></trkpt>
      <trkpt lat="41.467182082124054" lon="-81.6864615585655"><ele>143</ele><time>2026-07-07T21:07:54Z</time></trkpt>
      <trkpt lat="41.46725257392973" lon="-81.68643775396049"><ele>146</ele><time>2026-07-07T21:07:57Z</time></trkpt>
      <trkpt lat="41.467364304699004" lon="-81.68642962351441"><ele>149</ele><time>2026-07-07T21:08:00Z</time></trkpt>
      <trkpt lat="41.46751421503723" lon="-81.68639861047268"><ele>149</ele><time>2026-07-07T21:08:03Z</time></trkpt>
      <trkpt lat="41.4677036460489" lon="-81.68633289635181"><ele>148</ele><time>2026-07-07T21:08:06Z</time></trkpt>
      <trkpt lat="41.467933687381446" lon="-81.68630314059556"><ele>148</ele><time>2026-07-07T21:08:09Z</time></trkpt>
      <trkpt lat="41.468207272700965" lon="-81.6862694453448"><ele>150</ele><time>2026-07-07T21:08:12Z</time></trkpt>
      <trkpt lat="41.46845537703484" lon="-81.68629542924464"><ele>150</ele><time>2026-07-07T21:08:15Z</time></trkpt>
      <trkpt lat="41.46870310418308" lon="-81.6863701120019"><ele>151</ele><time>2026-07-07T21:08:18Z</time></trkpt>
      <trkpt lat="41.46896889433265" lon="-81.68650631792843"><ele>151</ele><time>2026-07-07T21:08:21Z</time></trkpt>
      <trkpt lat="41.46921352017671" lon="-81.68666842393577"><ele>150</ele><time>2026-07-07T21:08:24Z</time></trkpt>
      <trkpt lat="41.469454248435795" lon="-81.68682835064828"><ele>151</ele><time>2026-07-07T21:08:27Z</time></trkpt>
      <trkpt lat="41.46972200833261" lon="-81.68699665926397"><ele>150</ele><time>2026-07-07T21:08:30Z</time></trkpt>
      <trkpt lat="41.4699600962922" lon="-81.68705508112907"><ele>151</ele><time>2026-07-07T21:08:33Z</time></trkpt>
      <trkpt lat="41.470208619721234" lon="-81.68695542030036"><ele>150</ele><time>2026-07-07T21:08:36Z</time></trkpt>
      <trkpt lat="41.47042608819902" lon="-81.68673279695213"><ele>148</ele><time>2026-07-07T21:08:39Z</time></trkpt>
      <trkpt lat="41.47067528218031" lon="-81.68666565790772"><ele>146</ele><time>2026-07-07T21:08:42Z</time></trkpt>
      <trkpt lat="41.47092154249549" lon="-81.68676598928869"><ele>147</ele><time>2026-07-07T21:08:45Z</time></trkpt>
      <trkpt lat="41.47113079670817" lon="-81.68699967674911"><ele>147</ele><time>2026-07-07T21:08:48Z</time></trkpt>
      <trkpt lat="41.471253340132535" lon="-81.68732699006796"><ele>147</ele><time>2026-07-07T21:08:51Z</time></trkpt>
      <trkpt lat="41.47139683831483" lon="-81.6876426525414"><ele>146</ele><time>2026-07-07T21:08:54Z</time></trkpt>
      <trkpt lat="41.471574367024004" lon="-81.68790182098746"><ele>147</ele><time>2026-07-07T21:08:57Z</time></trkpt>
      <trkpt lat="41.471787854097784" lon="-81.68808245100081"><ele>146</ele><time>2026-07-07T21:09:00Z</time></trkpt>
      <trkpt lat="41.47203101310879" lon="-81.68821136467159"><ele>145</ele><time>2026-07-07T21:09:03Z</time></trkpt>
      <trkpt lat="41.4722998207435" lon="-81.68825662694871"><ele>145</ele><time>2026-07-07T21:09:06Z</time></trkpt>
      <trkpt lat="41.47260211408138" lon="-81.68820063583553"><ele>146</ele><time>2026-07-07T21:09:09Z</time></trkpt>
      <trkpt lat="41.47288160864264" lon="-81.68810742907226"><ele>146</ele><time>2026-07-07T21:09:12Z</time></trkpt>
      <trkpt lat="41.473159049637616" lon="-81.68801615014672"><ele>147</ele><time>2026-07-07T21:09:15Z</time></trkpt>
      <trkpt lat="41.47342437878251" lon="-81.68800743296742"><ele>147</ele><time>2026-07-07T21:09:18Z</time></trkpt>
      <trkpt lat="41.4736994728446" lon="-81.68800097890198"><ele>148</ele><time>2026-07-07T21:09:21Z</time></trkpt>
      <trkpt lat="41.473973602987826" lon="-81.68799108825624"><ele>148</ele><time>2026-07-07T21:09:24Z</time></trkpt>
      <trkpt lat="41.4742391416803" lon="-81.68793216347694"><ele>149</ele><time>2026-07-07T21:09:27Z</time></trkpt>
      <trkpt lat="41.47443930152804" lon="-81.6877029184252"><ele>149</ele><time>2026-07-07T21:09:30Z</time></trkpt>
      <trkpt lat="41.474578524939716" lon="-81.68736135587096"><ele>149</ele><time>2026-07-07T21:09:33Z</time></trkpt>
      <trkpt lat="41.47474561817944" lon="-81.68707385659218"><ele>148</ele><time>2026-07-07T21:09:36Z</time></trkpt>
      <trkpt lat="41.474882871843874" lon="-81.6867565177381"><ele>147</ele><time>2026-07-07T21:09:39Z</time></trkpt>
      <trkpt lat="41.474950639531016" lon="-81.68640313670039"><ele>146</ele><time>2026-07-07T21:09:42Z</time></trkpt>
      <trkpt lat="41.47497000172734" lon="-81.6860386915505"><ele>145</ele><time>2026-07-07T21:09:45Z</time></trkpt>
      <trkpt lat="41.475009522400796" lon="-81.68567541986704"><ele>144</ele><time>2026-07-07T21:09:48Z</time></trkpt>
      <trkpt lat="41.47507372777909" lon="-81.68531835079193"><ele>144</ele><time>2026-07-07T21:09:51Z</time></trkpt>
      <trkpt lat="41.47516337223351" lon="-81.68496237136424"><ele>143</ele><time>2026-07-07T21:09:54Z</time></trkpt>
      <trkpt lat="41.475273007526994" lon="-81.68461267836392"><ele>143</ele><time>2026-07-07T21:09:57Z</time></trkpt>
      <trkpt lat="41.47537099197507" lon="-81.68427622877061"><ele>143</ele><time>2026-07-07T21:10:00Z</time></trkpt>
      <trkpt lat="41.47545279935002" lon="-81.68391899205744"><ele>142</ele><time>2026-07-07T21:10:03Z</time></trkpt>
      <trkpt lat="41.47552266251296" lon="-81.68355194851756"><ele>142</ele><time>2026-07-07T21:10:06Z</time></trkpt>
      <trkpt lat="41.47555753123015" lon="-81.68319370597601"><ele>142</ele><time>2026-07-07T21:10:09Z</time></trkpt>
      <trkpt lat="41.47558372467756" lon="-81.68282280676067"><ele>141</ele><time>2026-07-07T21:10:12Z</time></trkpt>
      <trkpt lat="41.47562228143215" lon="-81.68245282955468"><ele>142</ele><time>2026-07-07T21:10:15Z</time></trkpt>
      <trkpt lat="41.47569734137505" lon="-81.68211964890361"><ele>143</ele><time>2026-07-07T21:10:18Z</time></trkpt>
      <trkpt lat="41.47561582736671" lon="-81.68180281296372"><ele>143</ele><time>2026-07-07T21:10:21Z</time></trkpt>
      <trkpt lat="41.47541692480445" lon="-81.68159862980247"><ele>143</ele><time>2026-07-07T21:10:24Z</time></trkpt>
      <trkpt lat="41.475191661156714" lon="-81.6814739909023"><ele>144</ele><time>2026-07-07T21:10:27Z</time></trkpt>
      <trkpt lat="41.474972600117326" lon="-81.68127592653036"><ele>145</ele><time>2026-07-07T21:10:30Z</time></trkpt>
      <trkpt lat="41.47480085492134" lon="-81.68098666705191"><ele>148</ele><time>2026-07-07T21:10:33Z</time></trkpt>
      <trkpt lat="41.47470333147794" lon="-81.68063630349934"><ele>149</ele><time>2026-07-07T21:10:36Z</time></trkpt>
      <trkpt lat="41.47466326598078" lon="-81.68027772568166"><ele>150</ele><time>2026-07-07T21:10:39Z</time></trkpt>
      <trkpt lat="41.47467135451734" lon="-81.67991462163627"><ele>151</ele><time>2026-07-07T21:10:42Z</time></trkpt>
      <trkpt lat="41.474744360893965" lon="-81.67957750149071"><ele>152</ele><time>2026-07-07T21:10:45Z</time></trkpt>
      <trkpt lat="41.474852319806814" lon="-81.6792365256697"><ele>153</ele><time>2026-07-07T21:10:48Z</time></trkpt>
      <trkpt lat="41.47497184574604" lon="-81.67893645353615"><ele>153</ele><time>2026-07-07T21:10:51Z</time></trkpt>
      <trkpt lat="41.47510063368827" lon="-81.67864484712481"><ele>154</ele><time>2026-07-07T21:10:54Z</time></trkpt>
      <trkpt lat="41.475258842110634" lon="-81.67840621434152"><ele>157</ele><time>2026-07-07T21:10:57Z</time></trkpt>
      <trkpt lat="41.47548196837306" lon="-81.67830806225538"><ele>157</ele><time>2026-07-07T21:11:00Z</time></trkpt>
      <trkpt lat="41.47572579793632" lon="-81.67829163372517"><ele>157</ele><time>2026-07-07T21:11:03Z</time></trkpt>
      <trkpt lat="41.475963927805424" lon="-81.67815366759896"><ele>157</ele><time>2026-07-07T21:11:06Z</time></trkpt>
      <trkpt lat="41.476168278604746" lon="-81.67789198458195"><ele>156</ele><time>2026-07-07T21:11:09Z</time></trkpt>
      <trkpt lat="41.47632728330791" lon="-81.677585542202"><ele>155</ele><time>2026-07-07T21:11:12Z</time></trkpt>
      <trkpt lat="41.47650900296867" lon="-81.67733752168715"><ele>155</ele><time>2026-07-07T21:11:15Z</time></trkpt>
      <trkpt lat="41.4767128508538" lon="-81.67721724137664"><ele>154</ele><time>2026-07-07T21:11:18Z</time></trkpt>
      <trkpt lat="41.47683463990688" lon="-81.67722419835627"><ele>154</ele><time>2026-07-07T21:11:21Z</time></trkpt>
      <trkpt lat="41.476949555799365" lon="-81.67735361494124"><ele>154</ele><time>2026-07-07T21:11:24Z</time></trkpt>
      <trkpt lat="41.47707444615662" lon="-81.67756978422403"><ele>154</ele><time>2026-07-07T21:11:27Z</time></trkpt>
      <trkpt lat="41.477344133891165" lon="-81.67779341340065"><ele>154</ele><time>2026-07-07T21:11:31Z</time></trkpt>
      <trkpt lat="41.47773887962103" lon="-81.67761345393956"><ele>154</ele><time>2026-07-07T21:11:36Z</time></trkpt>
      <trkpt lat="41.477933675050735" lon="-81.67741438373923"><ele>154</ele><time>2026-07-07T21:11:39Z</time></trkpt>
      <trkpt lat="41.47818194702268" lon="-81.67724993079901"><ele>153</ele><time>2026-07-07T21:11:42Z</time></trkpt>
      <trkpt lat="41.47844677325338" lon="-81.67722998186946"><ele>152</ele><time>2026-07-07T21:11:45Z</time></trkpt>
      <trkpt lat="41.478684484027326" lon="-81.67735981754959"><ele>154</ele><time>2026-07-07T21:11:48Z</time></trkpt>
      <trkpt lat="41.47888439241797" lon="-81.67759610339999"><ele>153</ele><time>2026-07-07T21:11:51Z</time></trkpt>
      <trkpt lat="41.47909989114851" lon="-81.67782585136592"><ele>154</ele><time>2026-07-07T21:11:54Z</time></trkpt>
      <trkpt lat="41.47931618615985" lon="-81.6780224069953"><ele>155</ele><time>2026-07-07T21:11:57Z</time></trkpt>
      <trkpt lat="41.479550753720105" lon="-81.67819616384804"><ele>155</ele><time>2026-07-07T21:12:00Z</time></trkpt>
      <trkpt lat="41.47975942119956" lon="-81.67840847745538"><ele>154</ele><time>2026-07-07T21:12:03Z</time></trkpt>
      <trkpt lat="41.479982673190534" lon="-81.67859371751547"><ele>154</ele><time>2026-07-07T21:12:06Z</time></trkpt>
      <trkpt lat="41.480223066173494" lon="-81.67875414714217"><ele>154</ele><time>2026-07-07T21:12:09Z</time></trkpt>
      <trkpt lat="41.4804551191628" lon="-81.67894676327705"><ele>154</ele><time>2026-07-07T21:12:12Z</time></trkpt>
      <trkpt lat="41.48067841306329" lon="-81.67919101193547"><ele>156</ele><time>2026-07-07T21:12:15Z</time></trkpt>
      <trkpt lat="41.48085271473974" lon="-81.6794590651989"><ele>155</ele><time>2026-07-07T21:12:18Z</time></trkpt>
      <trkpt lat="41.48104927036911" lon="-81.67971261776984"><ele>153</ele><time>2026-07-07T21:12:21Z</time></trkpt>
      <trkpt lat="41.48124637082219" lon="-81.67995845898986"><ele>152</ele><time>2026-07-07T21:12:24Z</time></trkpt>
      <trkpt lat="41.48145826533437" lon="-81.68020111508667"><ele>152</ele><time>2026-07-07T21:12:27Z</time></trkpt>
      <trkpt lat="41.48164694197476" lon="-81.68040605261922"><ele>151</ele><time>2026-07-07T21:12:30Z</time></trkpt>
      <trkpt lat="41.48172648623586" lon="-81.68049498461187"><ele>151</ele><time>2026-07-07T21:12:33Z</time></trkpt>
      <trkpt lat="41.48177124559879" lon="-81.68053647503257"><ele>152</ele><time>2026-07-07T21:12:36Z</time></trkpt>
      <trkpt lat="41.481857621110976" lon="-81.68063445948064"><ele>151</ele><time>2026-07-07T21:12:39Z</time></trkpt>
      <trkpt lat="41.481974674388766" lon="-81.68075138702989"><ele>152</ele><time>2026-07-07T21:12:42Z</time></trkpt>
      <trkpt lat="41.48211963940412" lon="-81.68092757463455"><ele>153</ele><time>2026-07-07T21:12:45Z</time></trkpt>
      <trkpt lat="41.48226569406688" lon="-81.68111289851367"><ele>153</ele><time>2026-07-07T21:12:48Z</time></trkpt>
      <trkpt lat="41.482450012117624" lon="-81.68129168450832"><ele>154</ele><time>2026-07-07T21:12:51Z</time></trkpt>
      <trkpt lat="41.482656709849834" lon="-81.68146602809429"><ele>154</ele><time>2026-07-07T21:12:54Z</time></trkpt>
      <trkpt lat="41.48285544477403" lon="-81.68162662535906"><ele>155</ele><time>2026-07-07T21:12:57Z</time></trkpt>
      <trkpt lat="41.48305220995098" lon="-81.6817813552916"><ele>155</ele><time>2026-07-07T21:13:00Z</time></trkpt>
      <trkpt lat="41.4832420181483" lon="-81.68199492618442"><ele>155</ele><time>2026-07-07T21:13:03Z</time></trkpt>
      <trkpt lat="41.483445656485856" lon="-81.68218393810093"><ele>155</ele><time>2026-07-07T21:13:06Z</time></trkpt>
      <trkpt lat="41.483659227378666" lon="-81.68238686397672"><ele>154</ele><time>2026-07-07T21:13:09Z</time></trkpt>
      <trkpt lat="41.483894172124565" lon="-81.68256397359073"><ele>155</ele><time>2026-07-07T21:13:12Z</time></trkpt>
      <trkpt lat="41.48408452514559" lon="-81.68277461081743"><ele>156</ele><time>2026-07-07T21:13:15Z</time></trkpt>
      <trkpt lat="41.48429323453456" lon="-81.68298658914864"><ele>158</ele><time>2026-07-07T21:13:18Z</time></trkpt>
      <trkpt lat="41.48444033693522" lon="-81.6832251381129"><ele>158</ele><time>2026-07-07T21:13:21Z</time></trkpt>
      <trkpt lat="41.4844907540828" lon="-81.6834706440568"><ele>159</ele><time>2026-07-07T21:13:24Z</time></trkpt>
      <trkpt lat="41.48453840520233" lon="-81.68375336565077"><ele>160</ele><time>2026-07-07T21:13:27Z</time></trkpt>
      <trkpt lat="41.484528137370944" lon="-81.68407539837062"><ele>160</ele><time>2026-07-07T21:13:30Z</time></trkpt>
      <trkpt lat="41.48447851650417" lon="-81.68441729620099"><ele>161</ele><time>2026-07-07T21:13:33Z</time></trkpt>
      <trkpt lat="41.48443258367479" lon="-81.68474368751049"><ele>161</ele><time>2026-07-07T21:13:36Z</time></trkpt>
      <trkpt lat="41.48442742880434" lon="-81.68509002774954"><ele>161</ele><time>2026-07-07T21:13:39Z</time></trkpt>
      <trkpt lat="41.48442835081369" lon="-81.68540460057557"><ele>161</ele><time>2026-07-07T21:13:42Z</time></trkpt>
      <trkpt lat="41.48444226477295" lon="-81.6856483463198"><ele>161</ele><time>2026-07-07T21:13:45Z</time></trkpt>
      <trkpt lat="41.48447361309081" lon="-81.68582906015217"><ele>161</ele><time>2026-07-07T21:13:48Z</time></trkpt>
      <trkpt lat="41.484497878700495" lon="-81.68609837070107"><ele>161</ele><time>2026-07-07T21:13:51Z</time></trkpt>
      <trkpt lat="41.484511834569275" lon="-81.68641755357385"><ele>161</ele><time>2026-07-07T21:13:54Z</time></trkpt>
      <trkpt lat="41.48452482651919" lon="-81.68674696236849"><ele>161</ele><time>2026-07-07T21:13:57Z</time></trkpt>
      <trkpt lat="41.48450190201402" lon="-81.68702624738216"><ele>162</ele><time>2026-07-07T21:14:00Z</time></trkpt>
      <trkpt lat="41.484481994993985" lon="-81.68728910386562"><ele>162</ele><time>2026-07-07T21:14:03Z</time></trkpt>
      <trkpt lat="41.484559695236385" lon="-81.6874494496733"><ele>164</ele><time>2026-07-07T21:14:06Z</time></trkpt>
      <trkpt lat="41.4846487948671" lon="-81.68766335584223"><ele>165</ele><time>2026-07-07T21:14:09Z</time></trkpt>
      <trkpt lat="41.48468714207411" lon="-81.68793275021017"><ele>165</ele><time>2026-07-07T21:14:12Z</time></trkpt>
      <trkpt lat="41.48471622727811" lon="-81.68824422173202"><ele>165</ele><time>2026-07-07T21:14:15Z</time></trkpt>
      <trkpt lat="41.484755873680115" lon="-81.68860011734068"><ele>166</ele><time>2026-07-07T21:14:18Z</time></trkpt>
      <trkpt lat="41.48481488227844" lon="-81.68893547728658"><ele>165</ele><time>2026-07-07T21:14:21Z</time></trkpt>
      <trkpt lat="41.484903185628355" lon="-81.68926471844316"><ele>166</ele><time>2026-07-07T21:14:24Z</time></trkpt>
      <trkpt lat="41.48498335853219" lon="-81.68958239257336"><ele>166</ele><time>2026-07-07T21:14:27Z</time></trkpt>
      <trkpt lat="41.48502111900598" lon="-81.68992571532726"><ele>166</ele><time>2026-07-07T21:14:30Z</time></trkpt>
      <trkpt lat="41.485041487030685" lon="-81.69024674221873"><ele>167</ele><time>2026-07-07T21:14:33Z</time></trkpt>
      <trkpt lat="41.48500418756157" lon="-81.69044690206647"><ele>168</ele><time>2026-07-07T21:14:36Z</time></trkpt>
      <trkpt lat="41.48483126889914" lon="-81.69050616212189"><ele>167</ele><time>2026-07-07T21:14:39Z</time></trkpt>
      <trkpt lat="41.484641041606665" lon="-81.69059308245778"><ele>167</ele><time>2026-07-07T21:14:42Z</time></trkpt>
      <trkpt lat="41.48456858005375" lon="-81.69084470719099"><ele>166</ele><time>2026-07-07T21:14:45Z</time></trkpt>
      <trkpt lat="41.48462155368179" lon="-81.69110236689448"><ele>165</ele><time>2026-07-07T21:14:48Z</time></trkpt>
      <trkpt lat="41.48466912098229" lon="-81.69140486977994"><ele>166</ele><time>2026-07-07T21:14:51Z</time></trkpt>
      <trkpt lat="41.48470449261367" lon="-81.6916727554053"><ele>164</ele><time>2026-07-07T21:14:54Z</time></trkpt>
      <trkpt lat="41.48473030887544" lon="-81.69198674149811"><ele>163</ele><time>2026-07-07T21:14:57Z</time></trkpt>
      <trkpt lat="41.48483575321734" lon="-81.69227843172848"><ele>162</ele><time>2026-07-07T21:15:00Z</time></trkpt>
      <trkpt lat="41.4850639924407" lon="-81.69250742532313"><ele>160</ele><time>2026-07-07T21:15:03Z</time></trkpt>
      <trkpt lat="41.48534243926406" lon="-81.69254128821194"><ele>159</ele><time>2026-07-07T21:15:06Z</time></trkpt>
      <trkpt lat="41.485574156977236" lon="-81.6924484167248"><ele>159</ele><time>2026-07-07T21:15:09Z</time></trkpt>
      <trkpt lat="41.485790368169546" lon="-81.692337943241"><ele>158</ele><time>2026-07-07T21:15:12Z</time></trkpt>
      <trkpt lat="41.48600188549608" lon="-81.69236082583666"><ele>158</ele><time>2026-07-07T21:15:15Z</time></trkpt>
      <trkpt lat="41.48618339560926" lon="-81.69249736703932"><ele>157</ele><time>2026-07-07T21:15:18Z</time></trkpt>
      <trkpt lat="41.48630711250007" lon="-81.69270532205701"><ele>153</ele><time>2026-07-07T21:15:21Z</time></trkpt>
      <trkpt lat="41.48639340419322" lon="-81.69303263537586"><ele>151</ele><time>2026-07-07T21:15:24Z</time></trkpt>
      <trkpt lat="41.48651971947402" lon="-81.69328660704195"><ele>150</ele><time>2026-07-07T21:15:27Z</time></trkpt>
      <trkpt lat="41.48662633728236" lon="-81.69346363283694"><ele>149</ele><time>2026-07-07T21:15:30Z</time></trkpt>
      <trkpt lat="41.486840872094035" lon="-81.69359103776515"><ele>149</ele><time>2026-07-07T21:15:33Z</time></trkpt>
      <trkpt lat="41.48710389621556" lon="-81.69368701055646"><ele>149</ele><time>2026-07-07T21:15:36Z</time></trkpt>
      <trkpt lat="41.48732689674944" lon="-81.69383084401488"><ele>147</ele><time>2026-07-07T21:15:39Z</time></trkpt>
      <trkpt lat="41.48753409739584" lon="-81.69402999803424"><ele>146</ele><time>2026-07-07T21:15:42Z</time></trkpt>
      <trkpt lat="41.48777641821653" lon="-81.69417483732104"><ele>146</ele><time>2026-07-07T21:15:45Z</time></trkpt>
      <trkpt lat="41.48802049923688" lon="-81.6942825447768"><ele>144</ele><time>2026-07-07T21:15:48Z</time></trkpt>
      <trkpt lat="41.488283020444214" lon="-81.69432428665459"><ele>145</ele><time>2026-07-07T21:15:51Z</time></trkpt>
      <trkpt lat="41.488540805876255" lon="-81.69433174654841"><ele>146</ele><time>2026-07-07T21:15:54Z</time></trkpt>
      <trkpt lat="41.48879553191364" lon="-81.69428522698581"><ele>147</ele><time>2026-07-07T21:15:57Z</time></trkpt>
      <trkpt lat="41.48905553855002" lon="-81.69422605074942"><ele>148</ele><time>2026-07-07T21:16:00Z</time></trkpt>
      <trkpt lat="41.489278580993414" lon="-81.69420610181987"><ele>146</ele><time>2026-07-07T21:16:03Z</time></trkpt>
      <trkpt lat="41.489514112472534" lon="-81.6942960396409"><ele>146</ele><time>2026-07-07T21:16:06Z</time></trkpt>
      <trkpt lat="41.489783129654825" lon="-81.69433468021452"><ele>145</ele><time>2026-07-07T21:16:09Z</time></trkpt>
      <trkpt lat="41.49003886152059" lon="-81.6943459957838"><ele>146</ele><time>2026-07-07T21:16:12Z</time></trkpt>
      <trkpt lat="41.49031684733927" lon="-81.69429805129766"><ele>144</ele><time>2026-07-07T21:16:15Z</time></trkpt>
      <trkpt lat="41.49057216010988" lon="-81.69425488449633"><ele>144</ele><time>2026-07-07T21:16:18Z</time></trkpt>
      <trkpt lat="41.49083061609417" lon="-81.69423971325159"><ele>143</ele><time>2026-07-07T21:16:21Z</time></trkpt>
      <trkpt lat="41.49108278565109" lon="-81.6942273080349"><ele>142</ele><time>2026-07-07T21:16:24Z</time></trkpt>
      <trkpt lat="41.49130264297128" lon="-81.69420073740184"><ele>141</ele><time>2026-07-07T21:16:27Z</time></trkpt>
      <trkpt lat="41.49146780837327" lon="-81.69416117481887"><ele>141</ele><time>2026-07-07T21:16:30Z</time></trkpt>
      <trkpt lat="41.49166532792151" lon="-81.69405740685761"><ele>142</ele><time>2026-07-07T21:16:33Z</time></trkpt>
      <trkpt lat="41.49189155548811" lon="-81.69394307769835"><ele>141</ele><time>2026-07-07T21:16:36Z</time></trkpt>
      <trkpt lat="41.49211606476456" lon="-81.6938316822052"><ele>142</ele><time>2026-07-07T21:16:39Z</time></trkpt>
      <trkpt lat="41.492346483282745" lon="-81.69375414960086"><ele>142</ele><time>2026-07-07T21:16:42Z</time></trkpt>
      <trkpt lat="41.492593958973885" lon="-81.69365214183927"><ele>142</ele><time>2026-07-07T21:16:45Z</time></trkpt>
      <trkpt lat="41.492822407744825" lon="-81.69350881129503"><ele>143</ele><time>2026-07-07T21:16:48Z</time></trkpt>
      <trkpt lat="41.4930419716984" lon="-81.69332005083561"><ele>143</ele><time>2026-07-07T21:16:51Z</time></trkpt>
      <trkpt lat="41.49328269995749" lon="-81.6932431049645"><ele>142</ele><time>2026-07-07T21:16:54Z</time></trkpt>
      <trkpt lat="41.49351751897484" lon="-81.69321091845632"><ele>142</ele><time>2026-07-07T21:16:57Z</time></trkpt>
      <trkpt lat="41.49366290308535" lon="-81.69323908165097"><ele>141</ele><time>2026-07-07T21:17:00Z</time></trkpt>
      <trkpt lat="41.49371960666031" lon="-81.69333287514746"><ele>141</ele><time>2026-07-07T21:17:03Z</time></trkpt>
      <trkpt lat="41.4937388850376" lon="-81.69351249933243"><ele>141</ele><time>2026-07-07T21:17:06Z</time></trkpt>
      <trkpt lat="41.49368943180889" lon="-81.69369589537382"><ele>140</ele><time>2026-07-07T21:17:09Z</time></trkpt>
      <trkpt lat="41.49363754782826" lon="-81.69395036995411"><ele>141</ele><time>2026-07-07T21:17:12Z</time></trkpt>
      <trkpt lat="41.493583442643285" lon="-81.69423527084291"><ele>140</ele><time>2026-07-07T21:17:15Z</time></trkpt>
      <trkpt lat="41.49350368883461" lon="-81.69450701214373"><ele>141</ele><time>2026-07-07T21:17:18Z</time></trkpt>
      <trkpt lat="41.49343395140022" lon="-81.69479920528829"><ele>140</ele><time>2026-07-07T21:17:21Z</time></trkpt>
      <trkpt lat="41.493356795981526" lon="-81.69512090273201"><ele>139</ele><time>2026-07-07T21:17:24Z</time></trkpt>
      <trkpt lat="41.4933030679822" lon="-81.69543463736773"><ele>139</ele><time>2026-07-07T21:17:27Z</time></trkpt>
      <trkpt lat="41.493239449337125" lon="-81.6957535687834"><ele>140</ele><time>2026-07-07T21:17:30Z</time></trkpt>
      <trkpt lat="41.49317981209606" lon="-81.69605682604015"><ele>140</ele><time>2026-07-07T21:17:33Z</time></trkpt>
      <trkpt lat="41.49313643574715" lon="-81.69636125676334"><ele>139</ele><time>2026-07-07T21:17:36Z</time></trkpt>
      <trkpt lat="41.49314578156918" lon="-81.6965858079493"><ele>140</ele><time>2026-07-07T21:17:39Z</time></trkpt>
      <trkpt lat="41.493259775452316" lon="-81.6968072578311"><ele>143</ele><time>2026-07-07T21:17:42Z</time></trkpt>
      <trkpt lat="41.49341861251742" lon="-81.69699819758534"><ele>142</ele><time>2026-07-07T21:17:45Z</time></trkpt>
      <trkpt lat="41.49359211791307" lon="-81.69718570075929"><ele>142</ele><time>2026-07-07T21:17:48Z</time></trkpt>
      <trkpt lat="41.49376289919019" lon="-81.69736934825778"><ele>143</ele><time>2026-07-07T21:17:51Z</time></trkpt>
      <trkpt lat="41.493935440666974" lon="-81.69754168018699"><ele>144</ele><time>2026-07-07T21:17:54Z</time></trkpt>
      <trkpt lat="41.49408564437181" lon="-81.69766154140234"><ele>145</ele><time>2026-07-07T21:17:57Z</time></trkpt>
      <trkpt lat="41.49410718586296" lon="-81.69771443121135"><ele>145</ele><time>2026-07-07T21:18:00Z</time></trkpt>
      <trkpt lat="41.49420584086329" lon="-81.69778039678931"><ele>145</ele><time>2026-07-07T21:18:03Z</time></trkpt>
      <trkpt lat="41.49432742036879" lon="-81.69785960577428"><ele>144</ele><time>2026-07-07T21:18:06Z</time></trkpt>
      <trkpt lat="41.49445662740618" lon="-81.69793018139899"><ele>146</ele><time>2026-07-07T21:18:09Z</time></trkpt>
      <trkpt lat="41.49459249805659" lon="-81.69802833348513"><ele>148</ele><time>2026-07-07T21:18:12Z</time></trkpt>
      <trkpt lat="41.49471793323755" lon="-81.69814207591116"><ele>148</ele><time>2026-07-07T21:18:15Z</time></trkpt>
      <trkpt lat="41.49485564790666" lon="-81.69827660545707"><ele>148</ele><time>2026-07-07T21:18:18Z</time></trkpt>
      <trkpt lat="41.495001409202814" lon="-81.69843636453152"><ele>148</ele><time>2026-07-07T21:18:21Z</time></trkpt>
      <trkpt lat="41.495157103054225" lon="-81.69859738089144"><ele>148</ele><time>2026-07-07T21:18:24Z</time></trkpt>
      <trkpt lat="41.49529615882784" lon="-81.69873367063701"><ele>148</ele><time>2026-07-07T21:18:27Z</time></trkpt>
      <trkpt lat="41.49539150297642" lon="-81.69881229288876"><ele>147</ele><time>2026-07-07T21:18:30Z</time></trkpt>
      <trkpt lat="41.49535931646824" lon="-81.69892469421029"><ele>147</ele><time>2026-07-07T21:18:36Z</time></trkpt>
      <trkpt lat="41.49529402144253" lon="-81.69903365895152"><ele>147</ele><time>2026-07-07T21:18:39Z</time></trkpt>
      <trkpt lat="41.495140213519335" lon="-81.69909744523466"><ele>148</ele><time>2026-07-07T21:18:42Z</time></trkpt>
      <trkpt lat="41.4949598768726" lon="-81.69915787875652"><ele>148</ele><time>2026-07-07T21:18:45Z</time></trkpt>
      <trkpt lat="41.49480669759214" lon="-81.6992162168026"><ele>148</ele><time>2026-07-07T21:18:48Z</time></trkpt>
      <trkpt lat="41.49472673423588" lon="-81.69910616241395"><ele>148</ele><time>2026-07-07T21:18:51Z</time></trkpt>
      <trkpt lat="41.49479353800416" lon="-81.6989466547966"><ele>147</ele><time>2026-07-07T21:18:54Z</time></trkpt>
      <trkpt lat="41.49496029596776" lon="-81.69888052158058"><ele>147</ele><time>2026-07-07T21:18:57Z</time></trkpt>
      <trkpt lat="41.495037828572094" lon="-81.6990383528173"><ele>146</ele><time>2026-07-07T21:19:00Z</time></trkpt>
      <trkpt lat="41.49506343528628" lon="-81.6992714535445"><ele>146</ele><time>2026-07-07T21:19:03Z</time></trkpt>
      <trkpt lat="41.49507994763553" lon="-81.69940304942429"><ele>145</ele><time>2026-07-07T21:19:06Z</time></trkpt>
      <trkpt lat="41.49509796872735" lon="-81.69958921149373"><ele>145</ele><time>2026-07-07T21:19:09Z</time></trkpt>
      <trkpt lat="41.49512701202184" lon="-81.69983329251409"><ele>145</ele><time>2026-07-07T21:19:12Z</time></trkpt>
      <trkpt lat="41.4951490983367" lon="-81.70011668466032"><ele>145</ele><time>2026-07-07T21:19:15Z</time></trkpt>
      <trkpt lat="41.49521229788661" lon="-81.7003571614623"><ele>143</ele><time>2026-07-07T21:19:18Z</time></trkpt>
      <trkpt lat="41.49529871530831" lon="-81.70058481395245"><ele>143</ele><time>2026-07-07T21:19:21Z</time></trkpt>
      <trkpt lat="41.49532155599445" lon="-81.70083140954375"><ele>142</ele><time>2026-07-07T21:19:24Z</time></trkpt>
      <trkpt lat="41.49522981606424" lon="-81.70101514086127"><ele>141</ele><time>2026-07-07T21:19:27Z</time></trkpt>
      <trkpt lat="41.49510848801583" lon="-81.70118453912437"><ele>141</ele><time>2026-07-07T21:19:30Z</time></trkpt>
      <trkpt lat="41.495038624852896" lon="-81.70123357325792"><ele>140</ele><time>2026-07-07T21:19:33Z</time></trkpt>
      <trkpt lat="41.495062219910324" lon="-81.70129040256143"><ele>140</ele><time>2026-07-07T21:19:36Z</time></trkpt>
      <trkpt lat="41.495036194100976" lon="-81.70138235203922"><ele>139</ele><time>2026-07-07T21:19:39Z</time></trkpt>
      <trkpt lat="41.494936952367425" lon="-81.7015181388706"><ele>138</ele><time>2026-07-07T21:19:42Z</time></trkpt>
      <trkpt lat="41.4948002435267" lon="-81.70165719464421"><ele>138</ele><time>2026-07-07T21:19:45Z</time></trkpt>
      <trkpt lat="41.49467526935041" lon="-81.70186456292868"><ele>138</ele><time>2026-07-07T21:19:48Z</time></trkpt>
      <trkpt lat="41.49453692603856" lon="-81.70206598006189"><ele>139</ele><time>2026-07-07T21:19:51Z</time></trkpt>
      <trkpt lat="41.49434485472739" lon="-81.70217544771731"><ele>137</ele><time>2026-07-07T21:19:54Z</time></trkpt>
      <trkpt lat="41.49425315670669" lon="-81.70229790732265"><ele>136</ele><time>2026-07-07T21:19:57Z</time></trkpt>
      <trkpt lat="41.49422076065093" lon="-81.70246990397573"><ele>135</ele><time>2026-07-07T21:20:00Z</time></trkpt>
      <trkpt lat="41.494211037643254" lon="-81.70262672938406"><ele>137</ele><time>2026-07-07T21:20:03Z</time></trkpt>
      <trkpt lat="41.49422511924058" lon="-81.70268573798239"><ele>135</ele><time>2026-07-07T21:20:06Z</time></trkpt>
      <trkpt lat="41.494240961037576" lon="-81.7028266377747"><ele>136</ele><time>2026-07-07T21:20:09Z</time></trkpt>
      <trkpt lat="41.49426945950836" lon="-81.70304842293262"><ele>135</ele><time>2026-07-07T21:20:12Z</time></trkpt>
      <trkpt lat="41.49430315475911" lon="-81.70326752588153"><ele>134</ele><time>2026-07-07T21:20:15Z</time></trkpt>
      <trkpt lat="41.494358140043914" lon="-81.70351278036833"><ele>136</ele><time>2026-07-07T21:20:18Z</time></trkpt>
      <trkpt lat="41.494397576898336" lon="-81.70371285639703"><ele>137</ele><time>2026-07-07T21:20:21Z</time></trkpt>
      <trkpt lat="41.49439137428999" lon="-81.70380589552224"><ele>139</ele><time>2026-07-07T21:20:24Z</time></trkpt>
      <trkpt lat="41.4944529812783" lon="-81.70396020635962"><ele>139</ele><time>2026-07-07T21:20:30Z</time></trkpt>
      <trkpt lat="41.494424189440906" lon="-81.70403480529785"><ele>140</ele><time>2026-07-07T21:20:33Z</time></trkpt>
      <trkpt lat="41.49431379977614" lon="-81.70406095683575"><ele>139</ele><time>2026-07-07T21:20:36Z</time></trkpt>
      <trkpt lat="41.49415085557848" lon="-81.7041840031743"><ele>139</ele><time>2026-07-07T21:20:39Z</time></trkpt>
      <trkpt lat="41.49401754140854" lon="-81.70433856546879"><ele>139</ele><time>2026-07-07T21:20:42Z</time></trkpt>
      <trkpt lat="41.49389076512307" lon="-81.7045471072197"><ele>140</ele><time>2026-07-07T21:20:45Z</time></trkpt>
      <trkpt lat="41.49373243097216" lon="-81.70472572557628"><ele>141</ele><time>2026-07-07T21:20:48Z</time></trkpt>
      <trkpt lat="41.49359823670238" lon="-81.70491490513086"><ele>141</ele><time>2026-07-07T21:20:51Z</time></trkpt>
      <trkpt lat="41.493479548953474" lon="-81.70507650822401"><ele>139</ele><time>2026-07-07T21:20:54Z</time></trkpt>
      <trkpt lat="41.49331061169505" lon="-81.70519569888711"><ele>143</ele><time>2026-07-07T21:20:57Z</time></trkpt>
      <trkpt lat="41.4932993799448" lon="-81.70530583709478"><ele>144</ele><time>2026-07-07T21:21:00Z</time></trkpt>
      <trkpt lat="41.49338173214346" lon="-81.70539342798293"><ele>146</ele><time>2026-07-07T21:21:03Z</time></trkpt>
      <trkpt lat="41.493472550064325" lon="-81.70547431334853"><ele>146</ele><time>2026-07-07T21:21:06Z</time></trkpt>
      <trkpt lat="41.493690479546785" lon="-81.70565351843834"><ele>145</ele><time>2026-07-07T21:21:09Z</time></trkpt>
      <trkpt lat="41.49388799909502" lon="-81.7057779058814"><ele>145</ele><time>2026-07-07T21:21:12Z</time></trkpt>
      <trkpt lat="41.49409876205027" lon="-81.70599943958223"><ele>144</ele><time>2026-07-07T21:21:15Z</time></trkpt>
      <trkpt lat="41.4943139674142" lon="-81.70619842596352"><ele>144</ele><time>2026-07-07T21:21:18Z</time></trkpt>
      <trkpt lat="41.494451807811856" lon="-81.70636757276952"><ele>143</ele><time>2026-07-07T21:21:21Z</time></trkpt>
      <trkpt lat="41.494583864696324" lon="-81.70671676285565"><ele>143</ele><time>2026-07-07T21:21:24Z</time></trkpt>
      <trkpt lat="41.49471613112837" lon="-81.70702655799687"><ele>143</ele><time>2026-07-07T21:21:27Z</time></trkpt>
      <trkpt lat="41.4948338130489" lon="-81.70730173587799"><ele>142</ele><time>2026-07-07T21:21:30Z</time></trkpt>
      <trkpt lat="41.494936030358076" lon="-81.70754766091704"><ele>143</ele><time>2026-07-07T21:21:33Z</time></trkpt>
      <trkpt lat="41.495002415031195" lon="-81.7077603098005"><ele>146</ele><time>2026-07-07T21:21:36Z</time></trkpt>
      <trkpt lat="41.49502835702151" lon="-81.70763399451971"><ele>148</ele><time>2026-07-07T21:21:42Z</time></trkpt>
      <trkpt lat="41.495045204646885" lon="-81.7074534483254"><ele>148</ele><time>2026-07-07T21:21:45Z</time></trkpt>
      <trkpt lat="41.4951298199594" lon="-81.7072774283588"><ele>147</ele><time>2026-07-07T21:21:48Z</time></trkpt>
      <trkpt lat="41.495211124420166" lon="-81.70718740671873"><ele>148</ele><time>2026-07-07T21:21:51Z</time></trkpt>
      <trkpt lat="41.495293895713985" lon="-81.70720358379185"><ele>147</ele><time>2026-07-07T21:21:54Z</time></trkpt>
      <trkpt lat="41.495345905423164" lon="-81.70734154991806"><ele>147</ele><time>2026-07-07T21:21:57Z</time></trkpt>
      <trkpt lat="41.49540445301682" lon="-81.7076001316309"><ele>145</ele><time>2026-07-07T21:22:00Z</time></trkpt>
      <trkpt lat="41.4954786747694" lon="-81.70788712799549"><ele>145</ele><time>2026-07-07T21:22:03Z</time></trkpt>
      <trkpt lat="41.4955582190305" lon="-81.70817546546459"><ele>145</ele><time>2026-07-07T21:22:06Z</time></trkpt>
      <trkpt lat="41.49563470389694" lon="-81.70849716290832"><ele>143</ele><time>2026-07-07T21:22:09Z</time></trkpt>
      <trkpt lat="41.49570683017373" lon="-81.7088124062866"><ele>143</ele><time>2026-07-07T21:22:12Z</time></trkpt>
      <trkpt lat="41.495785200968385" lon="-81.70913628302515"><ele>142</ele><time>2026-07-07T21:22:15Z</time></trkpt>
      <trkpt lat="41.495872205123305" lon="-81.70944532379508"><ele>140</ele><time>2026-07-07T21:22:18Z</time></trkpt>
      <trkpt lat="41.495955688878894" lon="-81.70974380336702"><ele>140</ele><time>2026-07-07T21:22:21Z</time></trkpt>
      <trkpt lat="41.49603548459709" lon="-81.71007983386517"><ele>139</ele><time>2026-07-07T21:22:24Z</time></trkpt>
      <trkpt lat="41.49612005800009" lon="-81.71041326597333"><ele>139</ele><time>2026-07-07T21:22:27Z</time></trkpt>
      <trkpt lat="41.4961935672909" lon="-81.71066422015429"><ele>140</ele><time>2026-07-07T21:22:30Z</time></trkpt>
      <trkpt lat="41.49624515790492" lon="-81.7107794713229"><ele>140</ele><time>2026-07-07T21:22:33Z</time></trkpt>
      <trkpt lat="41.49636581540108" lon="-81.7108257394284"><ele>141</ele><time>2026-07-07T21:22:36Z</time></trkpt>
      <trkpt lat="41.49657209403813" lon="-81.71076597645879"><ele>141</ele><time>2026-07-07T21:22:39Z</time></trkpt>
      <trkpt lat="41.49675582535565" lon="-81.71071853488684"><ele>143</ele><time>2026-07-07T21:22:42Z</time></trkpt>
      <trkpt lat="41.496901754289865" lon="-81.71069816686213"><ele>143</ele><time>2026-07-07T21:22:45Z</time></trkpt>
      <trkpt lat="41.49708561133593" lon="-81.7106171976775"><ele>145</ele><time>2026-07-07T21:22:48Z</time></trkpt>
      <trkpt lat="41.49719306733459" lon="-81.71059733256698"><ele>145</ele><time>2026-07-07T21:22:51Z</time></trkpt>
      <trkpt lat="41.49728836957365" lon="-81.71059724874794"><ele>144</ele><time>2026-07-07T21:22:54Z</time></trkpt>
      <trkpt lat="41.49744339287281" lon="-81.7106306925416"><ele>144</ele><time>2026-07-07T21:22:57Z</time></trkpt>
      <trkpt lat="41.49754393380135" lon="-81.71066614799201"><ele>142</ele><time>2026-07-07T21:23:00Z</time></trkpt>
      <trkpt lat="41.49764874950051" lon="-81.71069003641605"><ele>141</ele><time>2026-07-07T21:23:03Z</time></trkpt>
      <trkpt lat="41.4977443870157" lon="-81.710697831586"><ele>141</ele><time>2026-07-07T21:23:06Z</time></trkpt>
      <trkpt lat="41.49780620355159" lon="-81.71069975942373"><ele>140</ele><time>2026-07-07T21:23:09Z</time></trkpt>
      <trkpt lat="41.497851801104844" lon="-81.71068903058767"><ele>141</ele><time>2026-07-07T21:23:15Z</time></trkpt>
      <trkpt lat="41.49796311277896" lon="-81.71069422736764"><ele>140</ele><time>2026-07-07T21:23:18Z</time></trkpt>
      <trkpt lat="41.49812350049615" lon="-81.71071032062173"><ele>140</ele><time>2026-07-07T21:23:21Z</time></trkpt>
      <trkpt lat="41.49821544997394" lon="-81.71069607138634"><ele>139</ele><time>2026-07-07T21:23:24Z</time></trkpt>
      <trkpt lat="41.49832797702402" lon="-81.71078483574092"><ele>139</ele><time>2026-07-07T21:23:27Z</time></trkpt>
      <trkpt lat="41.49830962065607" lon="-81.71095859259367"><ele>139</ele><time>2026-07-07T21:23:30Z</time></trkpt>
      <trkpt lat="41.49814323987812" lon="-81.71104794368148"><ele>139</ele><time>2026-07-07T21:23:33Z</time></trkpt>
      <trkpt lat="41.498012859374285" lon="-81.71109999530017"><ele>139</ele><time>2026-07-07T21:23:36Z</time></trkpt>
      <trkpt lat="41.49806868284941" lon="-81.7112335190177"><ele>140</ele><time>2026-07-07T21:23:39Z</time></trkpt>
      <trkpt lat="41.49821016937494" lon="-81.71113385818899"><ele>140</ele><time>2026-07-07T21:23:42Z</time></trkpt>
      <trkpt lat="41.498355846852064" lon="-81.7111796233803"><ele>141</ele><time>2026-07-07T21:23:45Z</time></trkpt>
      <trkpt lat="41.49851770140231" lon="-81.71129588037729"><ele>143</ele><time>2026-07-07T21:23:48Z</time></trkpt>
      <trkpt lat="41.49868005886674" lon="-81.71149679459631"><ele>145</ele><time>2026-07-07T21:23:51Z</time></trkpt>
      <trkpt lat="41.49882079102099" lon="-81.71166493557394"><ele>149</ele><time>2026-07-07T21:23:54Z</time></trkpt>
      <trkpt lat="41.49894702248275" lon="-81.71181530691683"><ele>150</ele><time>2026-07-07T21:23:57Z</time></trkpt>
      <trkpt lat="41.499078827910125" lon="-81.71195805072784"><ele>151</ele><time>2026-07-07T21:24:00Z</time></trkpt>
      <trkpt lat="41.49920841213316" lon="-81.71212619170547"><ele>152</ele><time>2026-07-07T21:24:03Z</time></trkpt>
      <trkpt lat="41.499347845092416" lon="-81.71230036765337"><ele>151</ele><time>2026-07-07T21:24:06Z</time></trkpt>
      <trkpt lat="41.49948975071311" lon="-81.71246607787907"><ele>152</ele><time>2026-07-07T21:24:09Z</time></trkpt>
      <trkpt lat="41.49964456446469" lon="-81.71255752444267"><ele>150</ele><time>2026-07-07T21:24:12Z</time></trkpt>
      <trkpt lat="41.499812537804246" lon="-81.71246842481196"><ele>149</ele><time>2026-07-07T21:24:15Z</time></trkpt>
      <trkpt lat="41.49989606346935" lon="-81.71227354556322"><ele>149</ele><time>2026-07-07T21:24:18Z</time></trkpt>
      <trkpt lat="41.49985264521092" lon="-81.71205637045205"><ele>149</ele><time>2026-07-07T21:24:21Z</time></trkpt>
      <trkpt lat="41.49973701685667" lon="-81.71190197579563"><ele>148</ele><time>2026-07-07T21:24:24Z</time></trkpt>
      <trkpt lat="41.499579856172204" lon="-81.71185939572752"><ele>146</ele><time>2026-07-07T21:24:27Z</time></trkpt>
      <trkpt lat="41.49944566190243" lon="-81.71191480010748"><ele>145</ele><time>2026-07-07T21:24:30Z</time></trkpt>
      <trkpt lat="41.49934302549809" lon="-81.71207690611482"><ele>146</ele><time>2026-07-07T21:24:33Z</time></trkpt>
      <trkpt lat="41.49921867996454" lon="-81.71227027662098"><ele>144</ele><time>2026-07-07T21:24:36Z</time></trkpt>
      <trkpt lat="41.49906935635954" lon="-81.71249683946371"><ele>142</ele><time>2026-07-07T21:24:39Z</time></trkpt>
      <trkpt lat="41.498993751592934" lon="-81.71273957937956"><ele>142</ele><time>2026-07-07T21:24:42Z</time></trkpt>
      <trkpt lat="41.498985034413636" lon="-81.71300017274916"><ele>141</ele><time>2026-07-07T21:24:45Z</time></trkpt>
      <trkpt lat="41.49892841465771" lon="-81.7132264841348"><ele>141</ele><time>2026-07-07T21:24:48Z</time></trkpt>
      <trkpt lat="41.498832986690104" lon="-81.71347240917385"><ele>140</ele><time>2026-07-07T21:24:51Z</time></trkpt>
      <trkpt lat="41.49870704859495" lon="-81.71369025483727"><ele>140</ele><time>2026-07-07T21:24:54Z</time></trkpt>
      <trkpt lat="41.49855412077159" lon="-81.71387960202992"><ele>140</ele><time>2026-07-07T21:24:57Z</time></trkpt>
      <trkpt lat="41.49837458040565" lon="-81.7140185739845"><ele>139</ele><time>2026-07-07T21:25:00Z</time></trkpt>
      <trkpt lat="41.498227436095476" lon="-81.7141417041421"><ele>138</ele><time>2026-07-07T21:25:03Z</time></trkpt>
      <trkpt lat="41.4981080358848" lon="-81.71433725394309"><ele>138</ele><time>2026-07-07T21:25:06Z</time></trkpt>
      <trkpt lat="41.49800619576126" lon="-81.71459700912237"><ele>137</ele><time>2026-07-07T21:25:09Z</time></trkpt>
      <trkpt lat="41.49784253910184" lon="-81.71485257335007"><ele>136</ele><time>2026-07-07T21:25:12Z</time></trkpt>
      <trkpt lat="41.497717020101845" lon="-81.71512716449797"><ele>137</ele><time>2026-07-07T21:25:15Z</time></trkpt>
      <trkpt lat="41.49758613668382" lon="-81.7154243029654"><ele>138</ele><time>2026-07-07T21:25:18Z</time></trkpt>
      <trkpt lat="41.49744159076363" lon="-81.71570752747357"><ele>139</ele><time>2026-07-07T21:25:21Z</time></trkpt>
      <trkpt lat="41.49729251861572" lon="-81.71599687077105"><ele>139</ele><time>2026-07-07T21:25:24Z</time></trkpt>
      <trkpt lat="41.49714633822441" lon="-81.71625620685518"><ele>139</ele><time>2026-07-07T21:25:27Z</time></trkpt>
      <trkpt lat="41.49697639513761" lon="-81.71650003641844"><ele>140</ele><time>2026-07-07T21:25:30Z</time></trkpt>
      <trkpt lat="41.496782060712576" lon="-81.7166645731777"><ele>141</ele><time>2026-07-07T21:25:33Z</time></trkpt>
      <trkpt lat="41.49658320005983" lon="-81.71684168279171"><ele>142</ele><time>2026-07-07T21:25:36Z</time></trkpt>
      <trkpt lat="41.49642264470458" lon="-81.71708274632692"><ele>143</ele><time>2026-07-07T21:25:39Z</time></trkpt>
      <trkpt lat="41.496263849548995" lon="-81.71732489950955"><ele>145</ele><time>2026-07-07T21:25:42Z</time></trkpt>
      <trkpt lat="41.49611599277705" lon="-81.71757442876697"><ele>146</ele><time>2026-07-07T21:25:45Z</time></trkpt>
      <trkpt lat="41.49595828726888" lon="-81.7178438231349"><ele>146</ele><time>2026-07-07T21:25:48Z</time></trkpt>
      <trkpt lat="41.49584949016571" lon="-81.71815127134323"><ele>145</ele><time>2026-07-07T21:25:51Z</time></trkpt>
      <trkpt lat="41.49574723094702" lon="-81.71846324577928"><ele>143</ele><time>2026-07-07T21:25:54Z</time></trkpt>
      <trkpt lat="41.49561638943851" lon="-81.71877454966307"><ele>141</ele><time>2026-07-07T21:25:57Z</time></trkpt>
      <trkpt lat="41.495447997003794" lon="-81.71906263567507"><ele>140</ele><time>2026-07-07T21:26:00Z</time></trkpt>
      <trkpt lat="41.49532947689295" lon="-81.71938743442297"><ele>139</ele><time>2026-07-07T21:26:03Z</time></trkpt>
      <trkpt lat="41.495170472189784" lon="-81.71966286376119"><ele>139</ele><time>2026-07-07T21:26:06Z</time></trkpt>
      <trkpt lat="41.4950365293771" lon="-81.7199779395014"><ele>138</ele><time>2026-07-07T21:26:09Z</time></trkpt>
      <trkpt lat="41.49486796930432" lon="-81.72025110572577"><ele>137</ele><time>2026-07-07T21:26:12Z</time></trkpt>
      <trkpt lat="41.494713826105" lon="-81.72055905684829"><ele>138</ele><time>2026-07-07T21:26:15Z</time></trkpt>
      <trkpt lat="41.49456668179482" lon="-81.72087455168366"><ele>137</ele><time>2026-07-07T21:26:18Z</time></trkpt>
      <trkpt lat="41.49440864101052" lon="-81.72117261216044"><ele>138</ele><time>2026-07-07T21:26:21Z</time></trkpt>
      <trkpt lat="41.494258688762784" lon="-81.72147444449365"><ele>138</ele><time>2026-07-07T21:26:24Z</time></trkpt>
      <trkpt lat="41.49410831741989" lon="-81.72178147360682"><ele>138</ele><time>2026-07-07T21:26:27Z</time></trkpt>
      <trkpt lat="41.493949689902365" lon="-81.72206821851432"><ele>137</ele><time>2026-07-07T21:26:30Z</time></trkpt>
      <trkpt lat="41.49379294831306" lon="-81.72237357124686"><ele>138</ele><time>2026-07-07T21:26:33Z</time></trkpt>
      <trkpt lat="41.493640691041946" lon="-81.72265092842281"><ele>138</ele><time>2026-07-07T21:26:36Z</time></trkpt>
      <trkpt lat="41.49348562583327" lon="-81.72295359894633"><ele>137</ele><time>2026-07-07T21:26:39Z</time></trkpt>
      <trkpt lat="41.4933390263468" lon="-81.72326029278338"><ele>138</ele><time>2026-07-07T21:26:42Z</time></trkpt>
      <trkpt lat="41.49318488314748" lon="-81.72354016453028"><ele>140</ele><time>2026-07-07T21:26:45Z</time></trkpt>
      <trkpt lat="41.49303857702762" lon="-81.72385071404278"><ele>140</ele><time>2026-07-07T21:26:48Z</time></trkpt>
      <trkpt lat="41.49287429172546" lon="-81.72411415725946"><ele>140</ele><time>2026-07-07T21:26:51Z</time></trkpt>
      <trkpt lat="41.49272475857288" lon="-81.72435019165277"><ele>139</ele><time>2026-07-07T21:26:54Z</time></trkpt>
      <trkpt lat="41.49254894815385" lon="-81.72454641200602"><ele>139</ele><time>2026-07-07T21:26:57Z</time></trkpt>
      <trkpt lat="41.49239673279226" lon="-81.72477096319199"><ele>139</ele><time>2026-07-07T21:27:00Z</time></trkpt>
      <trkpt lat="41.49225273169577" lon="-81.72505309805274"><ele>140</ele><time>2026-07-07T21:27:03Z</time></trkpt>
      <trkpt lat="41.49211313109845" lon="-81.72535350546241"><ele>141</ele><time>2026-07-07T21:27:06Z</time></trkpt>
      <trkpt lat="41.491967076435685" lon="-81.72564812935889"><ele>141</ele><time>2026-07-07T21:27:09Z</time></trkpt>
      <trkpt lat="41.491824123077095" lon="-81.72593956813216"><ele>142</ele><time>2026-07-07T21:27:12Z</time></trkpt>
      <trkpt lat="41.49170304648578" lon="-81.72623327001929"><ele>143</ele><time>2026-07-07T21:27:15Z</time></trkpt>
      <trkpt lat="41.491604056209326" lon="-81.7265216074884"><ele>144</ele><time>2026-07-07T21:27:18Z</time></trkpt>
      <trkpt lat="41.49149525910616" lon="-81.72678228467703"><ele>143</ele><time>2026-07-07T21:27:21Z</time></trkpt>
      <trkpt lat="41.49153180420399" lon="-81.72706039622426"><ele>143</ele><time>2026-07-07T21:27:24Z</time></trkpt>
      <trkpt lat="41.49161390494555" lon="-81.7273623123765"><ele>142</ele><time>2026-07-07T21:27:27Z</time></trkpt>
      <trkpt lat="41.49170162156224" lon="-81.72768300399184"><ele>141</ele><time>2026-07-07T21:27:30Z</time></trkpt>
      <trkpt lat="41.49177416693419" lon="-81.72801040112972"><ele>140</ele><time>2026-07-07T21:27:33Z</time></trkpt>
      <trkpt lat="41.491787787526846" lon="-81.72835967503488"><ele>139</ele><time>2026-07-07T21:27:36Z</time></trkpt>
      <trkpt lat="41.49178288411349" lon="-81.7287175823003"><ele>138</ele><time>2026-07-07T21:27:39Z</time></trkpt>
      <trkpt lat="41.4917945349589" lon="-81.72908470965922"><ele>137</ele><time>2026-07-07T21:27:42Z</time></trkpt>
      <trkpt lat="41.49180983193219" lon="-81.72942107543349"><ele>138</ele><time>2026-07-07T21:27:45Z</time></trkpt>
      <trkpt lat="41.491715870797634" lon="-81.72972089610994"><ele>139</ele><time>2026-07-07T21:27:48Z</time></trkpt>
      <trkpt lat="41.491598691791296" lon="-81.73004552721977"><ele>139</ele><time>2026-07-07T21:27:51Z</time></trkpt>
      <trkpt lat="41.49148117750883" lon="-81.73038331791759"><ele>138</ele><time>2026-07-07T21:27:54Z</time></trkpt>
      <trkpt lat="41.49135368876159" lon="-81.7307213600725"><ele>139</ele><time>2026-07-07T21:27:57Z</time></trkpt>
      <trkpt lat="41.49122804403305" lon="-81.73105102032423"><ele>140</ele><time>2026-07-07T21:28:00Z</time></trkpt>
      <trkpt lat="41.49110139347613" lon="-81.7313842009753"><ele>140</ele><time>2026-07-07T21:28:03Z</time></trkpt>
      <trkpt lat="41.49098019115627" lon="-81.73171453177929"><ele>140</ele><time>2026-07-07T21:28:06Z</time></trkpt>
      <trkpt lat="41.49087688419968" lon="-81.73202943988144"><ele>140</ele><time>2026-07-07T21:28:09Z</time></trkpt>
      <trkpt lat="41.49083769880235" lon="-81.73235859721899"><ele>139</ele><time>2026-07-07T21:28:12Z</time></trkpt>
      <trkpt lat="41.490867203101516" lon="-81.73270468600094"><ele>139</ele><time>2026-07-07T21:28:15Z</time></trkpt>
      <trkpt lat="41.490888157859445" lon="-81.7330399621278"><ele>138</ele><time>2026-07-07T21:28:18Z</time></trkpt>
      <trkpt lat="41.490865903906524" lon="-81.73323324881494"><ele>139</ele><time>2026-07-07T21:28:21Z</time></trkpt>
      <trkpt lat="41.49085064884275" lon="-81.73335696570575"><ele>139</ele><time>2026-07-07T21:28:24Z</time></trkpt>
      <trkpt lat="41.49082508403808" lon="-81.73355326987803"><ele>139</ele><time>2026-07-07T21:28:27Z</time></trkpt>
      <trkpt lat="41.49075681343675" lon="-81.73369442112744"><ele>138</ele><time>2026-07-07T21:28:30Z</time></trkpt>
      <trkpt lat="41.49060086812824" lon="-81.73370766453445"><ele>138</ele><time>2026-07-07T21:28:33Z</time></trkpt>
      <trkpt lat="41.490444294176996" lon="-81.7338798288256"><ele>138</ele><time>2026-07-07T21:28:36Z</time></trkpt>
      <trkpt lat="41.49029145017266" lon="-81.73402315936983"><ele>138</ele><time>2026-07-07T21:28:39Z</time></trkpt>
      <trkpt lat="41.4901073416695" lon="-81.7341335490346"><ele>139</ele><time>2026-07-07T21:28:42Z</time></trkpt>
      <trkpt lat="41.489911708049476" lon="-81.73435617238283"><ele>138</ele><time>2026-07-07T21:28:45Z</time></trkpt>
      <trkpt lat="41.48978426121175" lon="-81.73461467027664"><ele>138</ele><time>2026-07-07T21:28:48Z</time></trkpt>
      <trkpt lat="41.48966310080141" lon="-81.7348841484636"><ele>139</ele><time>2026-07-07T21:28:51Z</time></trkpt>
      <trkpt lat="41.48958020377904" lon="-81.73520215786994"><ele>139</ele><time>2026-07-07T21:28:54Z</time></trkpt>
      <trkpt lat="41.48946105502546" lon="-81.73548462800682"><ele>139</ele><time>2026-07-07T21:28:57Z</time></trkpt>
      <trkpt lat="41.48931676056236" lon="-81.7357755638659"><ele>138</ele><time>2026-07-07T21:29:00Z</time></trkpt>
      <trkpt lat="41.489179423078895" lon="-81.73607555218041"><ele>137</ele><time>2026-07-07T21:29:03Z</time></trkpt>
      <trkpt lat="41.48903550580144" lon="-81.73638836480677"><ele>138</ele><time>2026-07-07T21:29:06Z</time></trkpt>
      <trkpt lat="41.48890223354101" lon="-81.73668776638806"><ele>139</ele><time>2026-07-07T21:29:09Z</time></trkpt>
      <trkpt lat="41.4887964958325" lon="-81.73693989403546"><ele>140</ele><time>2026-07-07T21:29:12Z</time></trkpt>
      <trkpt lat="41.488726548850536" lon="-81.73715505748987"><ele>141</ele><time>2026-07-07T21:29:15Z</time></trkpt>
      <trkpt lat="41.48865417111665" lon="-81.73740458674729"><ele>142</ele><time>2026-07-07T21:29:18Z</time></trkpt>
      <trkpt lat="41.48856515530497" lon="-81.73766761086881"><ele>143</ele><time>2026-07-07T21:29:21Z</time></trkpt>
      <trkpt lat="41.488475259393454" lon="-81.73790087923408"><ele>143</ele><time>2026-07-07T21:29:24Z</time></trkpt>
      <trkpt lat="41.48836751002818" lon="-81.73816700465977"><ele>143</ele><time>2026-07-07T21:29:27Z</time></trkpt>
      <trkpt lat="41.48826680146158" lon="-81.73840538598597"><ele>142</ele><time>2026-07-07T21:29:30Z</time></trkpt>
      <trkpt lat="41.488078041002154" lon="-81.73855961300433"><ele>142</ele><time>2026-07-07T21:29:33Z</time></trkpt>
      <trkpt lat="41.487884293310344" lon="-81.73873865045607"><ele>141</ele><time>2026-07-07T21:29:36Z</time></trkpt>
      <trkpt lat="41.48770110681653" lon="-81.73898356966674"><ele>142</ele><time>2026-07-07T21:29:39Z</time></trkpt>
      <trkpt lat="41.487560835666955" lon="-81.73926964402199"><ele>143</ele><time>2026-07-07T21:29:42Z</time></trkpt>
      <trkpt lat="41.48745090700686" lon="-81.7395765054971"><ele>144</ele><time>2026-07-07T21:29:45Z</time></trkpt>
      <trkpt lat="41.487324885092676" lon="-81.7398904915899"><ele>146</ele><time>2026-07-07T21:29:48Z</time></trkpt>
      <trkpt lat="41.48721122648567" lon="-81.74021746963263"><ele>148</ele><time>2026-07-07T21:29:51Z</time></trkpt>
      <trkpt lat="41.487110308371484" lon="-81.74053925089538"><ele>150</ele><time>2026-07-07T21:29:54Z</time></trkpt>
      <trkpt lat="41.48701169528067" lon="-81.74087008461356"><ele>152</ele><time>2026-07-07T21:29:57Z</time></trkpt>
      <trkpt lat="41.48687980603427" lon="-81.7411873396486"><ele>154</ele><time>2026-07-07T21:30:00Z</time></trkpt>
      <trkpt lat="41.4867400797084" lon="-81.74148850142956"><ele>154</ele><time>2026-07-07T21:30:03Z</time></trkpt>
      <trkpt lat="41.486650854349136" lon="-81.74177709035575"><ele>155</ele><time>2026-07-07T21:30:06Z</time></trkpt>
      <trkpt lat="41.48659243248403" lon="-81.74207498319447"><ele>154</ele><time>2026-07-07T21:30:09Z</time></trkpt>
      <trkpt lat="41.48657353129238" lon="-81.74238394014537"><ele>155</ele><time>2026-07-07T21:30:12Z</time></trkpt>
      <trkpt lat="41.48648820351809" lon="-81.74267697148025"><ele>155</ele><time>2026-07-07T21:30:15Z</time></trkpt>
      <trkpt lat="41.48635610472411" lon="-81.74291543662548"><ele>154</ele><time>2026-07-07T21:30:18Z</time></trkpt>
      <trkpt lat="41.486274590715766" lon="-81.74322246573865"><ele>154</ele><time>2026-07-07T21:30:21Z</time></trkpt>
      <trkpt lat="41.486275093629956" lon="-81.74353511072695"><ele>154</ele><time>2026-07-07T21:30:24Z</time></trkpt>
      <trkpt lat="41.48625535424799" lon="-81.7438589874655"><ele>155</ele><time>2026-07-07T21:30:27Z</time></trkpt>
      <trkpt lat="41.48614919744432" lon="-81.74417599104345"><ele>155</ele><time>2026-07-07T21:30:30Z</time></trkpt>
      <trkpt lat="41.48613926488906" lon="-81.74449106678367"><ele>155</ele><time>2026-07-07T21:30:33Z</time></trkpt>
      <trkpt lat="41.486185071989894" lon="-81.74478996545076"><ele>156</ele><time>2026-07-07T21:30:36Z</time></trkpt>
      <trkpt lat="41.486224927939475" lon="-81.74503119662404"><ele>157</ele><time>2026-07-07T21:30:39Z</time></trkpt>
      <trkpt lat="41.48619228042662" lon="-81.74517662264407"><ele>156</ele><time>2026-07-07T21:30:42Z</time></trkpt>
      <trkpt lat="41.48601672146469" lon="-81.74530679360032"><ele>157</ele><time>2026-07-07T21:30:45Z</time></trkpt>
      <trkpt lat="41.48583374451846" lon="-81.74545045942068"><ele>158</ele><time>2026-07-07T21:30:48Z</time></trkpt>
      <trkpt lat="41.48571120109409" lon="-81.7456376273185"><ele>157</ele><time>2026-07-07T21:30:51Z</time></trkpt>
      <trkpt lat="41.48564695380628" lon="-81.7458781041205"><ele>159</ele><time>2026-07-07T21:30:54Z</time></trkpt>
      <trkpt lat="41.485597542487085" lon="-81.74612411297858"><ele>158</ele><time>2026-07-07T21:30:57Z</time></trkpt>
      <trkpt lat="41.48553979117423" lon="-81.74638143740594"><ele>158</ele><time>2026-07-07T21:31:00Z</time></trkpt>
      <trkpt lat="41.48553119972348" lon="-81.74664831720293"><ele>158</ele><time>2026-07-07T21:31:03Z</time></trkpt>
      <trkpt lat="41.48556468542665" lon="-81.74692123197019"><ele>159</ele><time>2026-07-07T21:31:06Z</time></trkpt>
      <trkpt lat="41.48565780837089" lon="-81.747179729864"><ele>159</ele><time>2026-07-07T21:31:09Z</time></trkpt>
      <trkpt lat="41.48577536456287" lon="-81.74740847200155"><ele>160</ele><time>2026-07-07T21:31:12Z</time></trkpt>
      <trkpt lat="41.48584698792547" lon="-81.74766948446631"><ele>161</ele><time>2026-07-07T21:31:15Z</time></trkpt>
      <trkpt lat="41.48589778225869" lon="-81.74794390797615"><ele>161</ele><time>2026-07-07T21:31:18Z</time></trkpt>
      <trkpt lat="41.48594409227371" lon="-81.7482072673738"><ele>160</ele><time>2026-07-07T21:31:21Z</time></trkpt>
      <trkpt lat="41.48601009976119" lon="-81.74849803559482"><ele>160</ele><time>2026-07-07T21:31:24Z</time></trkpt>
      <trkpt lat="41.48609718773514" lon="-81.74878997728229"><ele>159</ele><time>2026-07-07T21:31:27Z</time></trkpt>
      <trkpt lat="41.48623569868505" lon="-81.74905735999346"><ele>158</ele><time>2026-07-07T21:31:30Z</time></trkpt>
      <trkpt lat="41.48637165315449" lon="-81.74931736662984"><ele>158</ele><time>2026-07-07T21:31:33Z</time></trkpt>
      <trkpt lat="41.486437073908746" lon="-81.74960679374635"><ele>157</ele><time>2026-07-07T21:31:36Z</time></trkpt>
      <trkpt lat="41.48646993096918" lon="-81.74991357140243"><ele>157</ele><time>2026-07-07T21:31:39Z</time></trkpt>
      <trkpt lat="41.486510541290045" lon="-81.75019143149257"><ele>156</ele><time>2026-07-07T21:31:42Z</time></trkpt>
      <trkpt lat="41.48651473224163" lon="-81.75046149641275"><ele>157</ele><time>2026-07-07T21:31:45Z</time></trkpt>
      <trkpt lat="41.48647902533412" lon="-81.75074312835932"><ele>156</ele><time>2026-07-07T21:31:48Z</time></trkpt>
      <trkpt lat="41.486379615962505" lon="-81.75103154964745"><ele>156</ele><time>2026-07-07T21:31:51Z</time></trkpt>
      <trkpt lat="41.48626968730241" lon="-81.75129549577832"><ele>156</ele><time>2026-07-07T21:31:54Z</time></trkpt>
      <trkpt lat="41.48624713998288" lon="-81.75148056820035"><ele>156</ele><time>2026-07-07T21:31:57Z</time></trkpt>
      <trkpt lat="41.486351285129786" lon="-81.75157779827714"><ele>156</ele><time>2026-07-07T21:32:00Z</time></trkpt>
      <trkpt lat="41.48655173834413" lon="-81.75159816630185"><ele>156</ele><time>2026-07-07T21:32:03Z</time></trkpt>
      <trkpt lat="41.486695990897715" lon="-81.75158265978098"><ele>155</ele><time>2026-07-07T21:32:06Z</time></trkpt>
      <trkpt lat="41.48676304612309" lon="-81.75164292566478"><ele>155</ele><time>2026-07-07T21:32:09Z</time></trkpt>
      <trkpt lat="41.48688139859587" lon="-81.75176152959466"><ele>155</ele><time>2026-07-07T21:32:12Z</time></trkpt>
      <trkpt lat="41.48700758814812" lon="-81.75197107717395"><ele>156</ele><time>2026-07-07T21:32:15Z</time></trkpt>
      <trkpt lat="41.48711001500487" lon="-81.75220769830048"><ele>156</ele><time>2026-07-07T21:32:18Z</time></trkpt>
      <trkpt lat="41.487184572033584" lon="-81.75247365608811"><ele>157</ele><time>2026-07-07T21:32:21Z</time></trkpt>
      <trkpt lat="41.487225936725736" lon="-81.75268077291548"><ele>157</ele><time>2026-07-07T21:32:24Z</time></trkpt>
      <trkpt lat="41.48726952262223" lon="-81.7528211697936"><ele>157</ele><time>2026-07-07T21:32:27Z</time></trkpt>
      <trkpt lat="41.48730904329568" lon="-81.75299165770411"><ele>158</ele><time>2026-07-07T21:32:30Z</time></trkpt>
      <trkpt lat="41.48738624062389" lon="-81.75325359217823"><ele>158</ele><time>2026-07-07T21:32:33Z</time></trkpt>
      <trkpt lat="41.4874409744516" lon="-81.75356187857687"><ele>158</ele><time>2026-07-07T21:32:36Z</time></trkpt>
      <trkpt lat="41.48748422507197" lon="-81.7538544908166"><ele>157</ele><time>2026-07-07T21:32:39Z</time></trkpt>
      <trkpt lat="41.48751968052238" lon="-81.75418079830706"><ele>158</ele><time>2026-07-07T21:32:42Z</time></trkpt>
      <trkpt lat="41.48754294030368" lon="-81.75446083769202"><ele>157</ele><time>2026-07-07T21:32:45Z</time></trkpt>
      <trkpt lat="41.48758355062455" lon="-81.75475420430303"><ele>157</ele><time>2026-07-07T21:32:48Z</time></trkpt>
      <trkpt lat="41.48761925753206" lon="-81.75504363141954"><ele>156</ele><time>2026-07-07T21:32:51Z</time></trkpt>
      <trkpt lat="41.487657856196165" lon="-81.75534278154373"><ele>157</ele><time>2026-07-07T21:32:54Z</time></trkpt>
      <trkpt lat="41.48773027583957" lon="-81.75566280260682"><ele>157</ele><time>2026-07-07T21:32:57Z</time></trkpt>
      <trkpt lat="41.48779309820384" lon="-81.75597033463418"><ele>158</ele><time>2026-07-07T21:33:00Z</time></trkpt>
      <trkpt lat="41.48786535020918" lon="-81.7562824767083"><ele>158</ele><time>2026-07-07T21:33:03Z</time></trkpt>
      <trkpt lat="41.487946696579456" lon="-81.75658950582147"><ele>159</ele><time>2026-07-07T21:33:06Z</time></trkpt>
      <trkpt lat="41.488042124547064" lon="-81.7568827047944"><ele>159</ele><time>2026-07-07T21:33:09Z</time></trkpt>
      <trkpt lat="41.48812921252102" lon="-81.7571717966348"><ele>157</ele><time>2026-07-07T21:33:12Z</time></trkpt>
      <trkpt lat="41.48821676149964" lon="-81.75750413909554"><ele>158</ele><time>2026-07-07T21:33:15Z</time></trkpt>
      <trkpt lat="41.48827740456909" lon="-81.75783472135663"><ele>157</ele><time>2026-07-07T21:33:18Z</time></trkpt>
      <trkpt lat="41.48835426662117" lon="-81.75816689617932"><ele>157</ele><time>2026-07-07T21:33:21Z</time></trkpt>
      <trkpt lat="41.48842136375606" lon="-81.75849068909883"><ele>157</ele><time>2026-07-07T21:33:24Z</time></trkpt>
      <trkpt lat="41.4884841023013" lon="-81.7588101234287"><ele>157</ele><time>2026-07-07T21:33:27Z</time></trkpt>
      <trkpt lat="41.488530999049544" lon="-81.7591293901205"><ele>156</ele><time>2026-07-07T21:33:30Z</time></trkpt>
      <trkpt lat="41.488581374287605" lon="-81.75946751609445"><ele>156</ele><time>2026-07-07T21:33:33Z</time></trkpt>
      <trkpt lat="41.48864520248026" lon="-81.75980379804969"><ele>156</ele><time>2026-07-07T21:33:36Z</time></trkpt>
      <trkpt lat="41.488717957399786" lon="-81.76014586351812"><ele>155</ele><time>2026-07-07T21:33:39Z</time></trkpt>
      <trkpt lat="41.48877135012299" lon="-81.76046948879957"><ele>155</ele><time>2026-07-07T21:33:42Z</time></trkpt>
      <trkpt lat="41.48883023299277" lon="-81.76078816875815"><ele>154</ele><time>2026-07-07T21:33:45Z</time></trkpt>
      <trkpt lat="41.48888417053968" lon="-81.76111087203026"><ele>154</ele><time>2026-07-07T21:33:48Z</time></trkpt>
      <trkpt lat="41.4889159379527" lon="-81.76145126111805"><ele>154</ele><time>2026-07-07T21:33:51Z</time></trkpt>
      <trkpt lat="41.48892147000879" lon="-81.76178838126361"><ele>153</ele><time>2026-07-07T21:33:54Z</time></trkpt>
      <trkpt lat="41.48892423603684" lon="-81.76209817640483"><ele>154</ele><time>2026-07-07T21:33:57Z</time></trkpt>
      <trkpt lat="41.48893546778709" lon="-81.76239414140582"><ele>154</ele><time>2026-07-07T21:34:00Z</time></trkpt>
      <trkpt lat="41.488964427262545" lon="-81.76272103562951"><ele>154</ele><time>2026-07-07T21:34:03Z</time></trkpt>
      <trkpt lat="41.489020586013794" lon="-81.76302295178175"><ele>154</ele><time>2026-07-07T21:34:06Z</time></trkpt>
      <trkpt lat="41.489071254618466" lon="-81.76334205083549"><ele>154</ele><time>2026-07-07T21:34:09Z</time></trkpt>
      <trkpt lat="41.489128838293254" lon="-81.76367724314332"><ele>153</ele><time>2026-07-07T21:34:12Z</time></trkpt>
      <trkpt lat="41.489189732819796" lon="-81.763980332762"><ele>153</ele><time>2026-07-07T21:34:15Z</time></trkpt>
      <trkpt lat="41.48924865759909" lon="-81.76428744569421"><ele>153</ele><time>2026-07-07T21:34:18Z</time></trkpt>
      <trkpt lat="41.48931491654366" lon="-81.76458441652358"><ele>153</ele><time>2026-07-07T21:34:21Z</time></trkpt>
      <trkpt lat="41.48936302866787" lon="-81.76487543620169"><ele>153</ele><time>2026-07-07T21:34:24Z</time></trkpt>
      <trkpt lat="41.48939793929458" lon="-81.76516788080335"><ele>152</ele><time>2026-07-07T21:34:27Z</time></trkpt>
      <trkpt lat="41.489443788304925" lon="-81.76547289825976"><ele>153</ele><time>2026-07-07T21:34:30Z</time></trkpt>
      <trkpt lat="41.48949353490025" lon="-81.7657814361155"><ele>152</ele><time>2026-07-07T21:34:33Z</time></trkpt>
      <trkpt lat="41.48955509997904" lon="-81.76607061177492"><ele>153</ele><time>2026-07-07T21:34:36Z</time></trkpt>
      <trkpt lat="41.48961381521076" lon="-81.76638786680996"><ele>154</ele><time>2026-07-07T21:34:39Z</time></trkpt>
      <trkpt lat="41.4896670402959" lon="-81.76671367138624"><ele>153</ele><time>2026-07-07T21:34:42Z</time></trkpt>
      <trkpt lat="41.48972391150892" lon="-81.76702824421227"><ele>153</ele><time>2026-07-07T21:34:45Z</time></trkpt>
      <trkpt lat="41.48977713659406" lon="-81.76730744540691"><ele>153</ele><time>2026-07-07T21:34:48Z</time></trkpt>
      <trkpt lat="41.489845239557326" lon="-81.76760609261692"><ele>153</ele><time>2026-07-07T21:34:51Z</time></trkpt>
      <trkpt lat="41.489899177104235" lon="-81.76791362464428"><ele>153</ele><time>2026-07-07T21:34:54Z</time></trkpt>
      <trkpt lat="41.4899432240054" lon="-81.76823540590703"><ele>153</ele><time>2026-07-07T21:34:57Z</time></trkpt>
      <trkpt lat="41.48999016266316" lon="-81.7685326281935"><ele>152</ele><time>2026-07-07T21:35:00Z</time></trkpt>
      <trkpt lat="41.490053571760654" lon="-81.76881317049265"><ele>152</ele><time>2026-07-07T21:35:03Z</time></trkpt>
      <trkpt lat="41.49011735804379" lon="-81.7691214568913"><ele>152</ele><time>2026-07-07T21:35:06Z</time></trkpt>
      <trkpt lat="41.49018546100706" lon="-81.76943871192634"><ele>155</ele><time>2026-07-07T21:35:09Z</time></trkpt>
      <trkpt lat="41.49024358950555" lon="-81.76967516541481"><ele>155</ele><time>2026-07-07T21:35:12Z</time></trkpt>
      <trkpt lat="41.49029438383877" lon="-81.76989250816405"><ele>155</ele><time>2026-07-07T21:35:15Z</time></trkpt>
      <trkpt lat="41.49034840520471" lon="-81.77011328749359"><ele>157</ele><time>2026-07-07T21:35:18Z</time></trkpt>
      <trkpt lat="41.49039333220571" lon="-81.77033708430827"><ele>158</ele><time>2026-07-07T21:35:21Z</time></trkpt>
      <trkpt lat="41.4904416538775" lon="-81.77055224776268"><ele>158</ele><time>2026-07-07T21:35:24Z</time></trkpt>
      <trkpt lat="41.49051021784544" lon="-81.77075433544815"><ele>158</ele><time>2026-07-07T21:35:27Z</time></trkpt>
      <trkpt lat="41.490553971379995" lon="-81.77094929851592"><ele>159</ele><time>2026-07-07T21:35:30Z</time></trkpt>
      <trkpt lat="41.49059529416263" lon="-81.7711281683296"><ele>159</ele><time>2026-07-07T21:35:33Z</time></trkpt>
      <trkpt lat="41.49064286146313" lon="-81.77131910808384"><ele>160</ele><time>2026-07-07T21:35:36Z</time></trkpt>
      <trkpt lat="41.49069306906313" lon="-81.7715024203062"><ele>160</ele><time>2026-07-07T21:35:39Z</time></trkpt>
      <trkpt lat="41.49073833134025" lon="-81.77167885936797"><ele>159</ele><time>2026-07-07T21:35:42Z</time></trkpt>
      <trkpt lat="41.4907973818481" lon="-81.7718496825546"><ele>159</ele><time>2026-07-07T21:35:45Z</time></trkpt>
      <trkpt lat="41.49084775708616" lon="-81.77203374914825"><ele>160</ele><time>2026-07-07T21:35:48Z</time></trkpt>
      <trkpt lat="41.49091502185911" lon="-81.77219602279365"><ele>160</ele><time>2026-07-07T21:35:51Z</time></trkpt>
      <trkpt lat="41.49097532965243" lon="-81.77235695533454"><ele>160</ele><time>2026-07-07T21:35:54Z</time></trkpt>
      <trkpt lat="41.491052568890154" lon="-81.77253490313888"><ele>160</ele><time>2026-07-07T21:35:57Z</time></trkpt>
      <trkpt lat="41.49114246480167" lon="-81.77272399887443"><ele>160</ele><time>2026-07-07T21:36:00Z</time></trkpt>
      <trkpt lat="41.49123420473188" lon="-81.77292524836957"><ele>160</ele><time>2026-07-07T21:36:03Z</time></trkpt>
      <trkpt lat="41.491325232200325" lon="-81.77311954088509"><ele>159</ele><time>2026-07-07T21:36:06Z</time></trkpt>
      <trkpt lat="41.49143750779331" lon="-81.77333856001496"><ele>159</ele><time>2026-07-07T21:36:09Z</time></trkpt>
      <trkpt lat="41.491522416472435" lon="-81.7735590878874"><ele>160</ele><time>2026-07-07T21:36:12Z</time></trkpt>
      <trkpt lat="41.4916029246524" lon="-81.77380358800292"><ele>160</ele><time>2026-07-07T21:36:15Z</time></trkpt>
      <trkpt lat="41.4916795771569" lon="-81.77404901012778"><ele>160</ele><time>2026-07-07T21:36:18Z</time></trkpt>
      <trkpt lat="41.49175161961466" lon="-81.77429099567235"><ele>160</ele><time>2026-07-07T21:36:21Z</time></trkpt>
      <trkpt lat="41.49181607645005" lon="-81.77452493458986"><ele>160</ele><time>2026-07-07T21:36:24Z</time></trkpt>
      <trkpt lat="41.491878060624" lon="-81.77476926706731"><ele>159</ele><time>2026-07-07T21:36:27Z</time></trkpt>
      <trkpt lat="41.491913055069745" lon="-81.77497914992273"><ele>160</ele><time>2026-07-07T21:36:30Z</time></trkpt>
      <trkpt lat="41.491940254345536" lon="-81.7751846741885"><ele>160</ele><time>2026-07-07T21:36:33Z</time></trkpt>
      <trkpt lat="41.49197277612984" lon="-81.7753810621798"><ele>161</ele><time>2026-07-07T21:36:36Z</time></trkpt>
      <trkpt lat="41.491997628472745" lon="-81.77557619288564"><ele>162</ele><time>2026-07-07T21:36:39Z</time></trkpt>
      <trkpt lat="41.491917413659394" lon="-81.77571239881217"><ele>162</ele><time>2026-07-07T21:36:42Z</time></trkpt>
      <trkpt lat="41.49178217165172" lon="-81.7758232075721"><ele>161</ele><time>2026-07-07T21:36:45Z</time></trkpt>
      <trkpt lat="41.49159802123904" lon="-81.77584139630198"><ele>162</ele><time>2026-07-07T21:36:48Z</time></trkpt>
      <trkpt lat="41.49139869958162" lon="-81.77582463249564"><ele>161</ele><time>2026-07-07T21:36:51Z</time></trkpt>
      <trkpt lat="41.491218488663435" lon="-81.77578825503588"><ele>162</ele><time>2026-07-07T21:36:54Z</time></trkpt>
      <trkpt lat="41.49103882256895" lon="-81.77581407129765"><ele>163</ele><time>2026-07-07T21:36:57Z</time></trkpt>
      <trkpt lat="41.49086221586913" lon="-81.77582211792469"><ele>163</ele><time>2026-07-07T21:37:00Z</time></trkpt>
      <trkpt lat="41.49072064552456" lon="-81.7758232075721"><ele>163</ele><time>2026-07-07T21:37:03Z</time></trkpt>
      <trkpt lat="41.4906755508855" lon="-81.77587794139981"><ele>163</ele><time>2026-07-07T21:37:06Z</time></trkpt>
      <trkpt lat="41.490714442916214" lon="-81.7759957909584"><ele>163</ele><time>2026-07-07T21:37:09Z</time></trkpt>
      <trkpt lat="41.49074809625745" lon="-81.77617935463786"><ele>162</ele><time>2026-07-07T21:37:12Z</time></trkpt>
      <trkpt lat="41.49079662747681" lon="-81.77634531632066"><ele>163</ele><time>2026-07-07T21:37:15Z</time></trkpt>
      <trkpt lat="41.49083866272122" lon="-81.77653214894235"><ele>162</ele><time>2026-07-07T21:37:18Z</time></trkpt>
      <trkpt lat="41.490867119282484" lon="-81.77670439705253"><ele>162</ele><time>2026-07-07T21:37:21Z</time></trkpt>
      <trkpt lat="41.490837363526225" lon="-81.77682568319142"><ele>160</ele><time>2026-07-07T21:37:24Z</time></trkpt>
      <trkpt lat="41.490853037685156" lon="-81.77701209671795"><ele>160</ele><time>2026-07-07T21:37:27Z</time></trkpt>
      <trkpt lat="41.49092139210552" lon="-81.77726263180375"><ele>161</ele><time>2026-07-07T21:37:30Z</time></trkpt>
      <trkpt lat="41.490981322713196" lon="-81.77755180746317"><ele>161</ele><time>2026-07-07T21:37:33Z</time></trkpt>
      <trkpt lat="41.49105282034725" lon="-81.77786193788052"><ele>159</ele><time>2026-07-07T21:37:36Z</time></trkpt>
      <trkpt lat="41.49112947285175" lon="-81.77815966308117"><ele>159</ele><time>2026-07-07T21:37:39Z</time></trkpt>
      <trkpt lat="41.49120029993355" lon="-81.77846032194793"><ele>159</ele><time>2026-07-07T21:37:42Z</time></trkpt>
      <trkpt lat="41.491279592737556" lon="-81.77877154201269"><ele>159</ele><time>2026-07-07T21:37:45Z</time></trkpt>
      <trkpt lat="41.49134702514857" lon="-81.77908192388713"><ele>158</ele><time>2026-07-07T21:37:48Z</time></trkpt>
      <trkpt lat="41.49142045062035" lon="-81.77938509732485"><ele>157</ele><time>2026-07-07T21:37:51Z</time></trkpt>
      <trkpt lat="41.49150468874723" lon="-81.77969028241932"><ele>157</ele><time>2026-07-07T21:37:54Z</time></trkpt>
      <trkpt lat="41.49157191161066" lon="-81.77999127656221"><ele>156</ele><time>2026-07-07T21:37:57Z</time></trkpt>
      <trkpt lat="41.49163255468011" lon="-81.78027709946036"><ele>157</ele><time>2026-07-07T21:38:00Z</time></trkpt>
      <trkpt lat="41.49169529322535" lon="-81.7805739864707"><ele>157</ele><time>2026-07-07T21:38:03Z</time></trkpt>
      <trkpt lat="41.491752793081105" lon="-81.78088763728738"><ele>157</ele><time>2026-07-07T21:38:06Z</time></trkpt>
      <trkpt lat="41.491806311532855" lon="-81.78117983043194"><ele>156</ele><time>2026-07-07T21:38:09Z</time></trkpt>
      <trkpt lat="41.491887448355556" lon="-81.78149532526731"><ele>157</ele><time>2026-07-07T21:38:12Z</time></trkpt>
      <trkpt lat="41.49197063874453" lon="-81.78180436603725"><ele>156</ele><time>2026-07-07T21:38:15Z</time></trkpt>
      <trkpt lat="41.49204896762967" lon="-81.78208222612739"><ele>157</ele><time>2026-07-07T21:38:18Z</time></trkpt>
      <trkpt lat="41.49212017189711" lon="-81.7823299113661"><ele>157</ele><time>2026-07-07T21:38:21Z</time></trkpt>
      <trkpt lat="41.492164176888764" lon="-81.78250945173204"><ele>157</ele><time>2026-07-07T21:38:24Z</time></trkpt>
      <trkpt lat="41.49218387436122" lon="-81.78263367153704"><ele>157</ele><time>2026-07-07T21:38:27Z</time></trkpt>
      <trkpt lat="41.49221518076956" lon="-81.78283852525055"><ele>157</ele><time>2026-07-07T21:38:30Z</time></trkpt>
      <trkpt lat="41.492235381156206" lon="-81.78311118856072"><ele>156</ele><time>2026-07-07T21:38:33Z</time></trkpt>
      <trkpt lat="41.49223978165537" lon="-81.78342123515904"><ele>156</ele><time>2026-07-07T21:38:36Z</time></trkpt>
      <trkpt lat="41.49225302506238" lon="-81.78376514464617"><ele>155</ele><time>2026-07-07T21:38:39Z</time></trkpt>
      <trkpt lat="41.49227917660028" lon="-81.78408583626151"><ele>156</ele><time>2026-07-07T21:38:42Z</time></trkpt>
      <trkpt lat="41.49230687879026" lon="-81.78440837189555"><ele>155</ele><time>2026-07-07T21:38:45Z</time></trkpt>
      <trkpt lat="41.49231731425971" lon="-81.78474180400372"><ele>154</ele><time>2026-07-07T21:38:48Z</time></trkpt>
      <trkpt lat="41.49234023876488" lon="-81.78508219309151"><ele>153</ele><time>2026-07-07T21:38:51Z</time></trkpt>
      <trkpt lat="41.49237686768174" lon="-81.78542057052255"><ele>153</ele><time>2026-07-07T21:38:54Z</time></trkpt>
      <trkpt lat="41.49240427650511" lon="-81.78576414473355"><ele>152</ele><time>2026-07-07T21:38:57Z</time></trkpt>
      <trkpt lat="41.49243776220828" lon="-81.78613646887243"><ele>151</ele><time>2026-07-07T21:39:00Z</time></trkpt>
      <trkpt lat="41.4924594713375" lon="-81.78649781271815"><ele>152</ele><time>2026-07-07T21:39:03Z</time></trkpt>
      <trkpt lat="41.49248486850411" lon="-81.7868473380804"><ele>153</ele><time>2026-07-07T21:39:06Z</time></trkpt>
      <trkpt lat="41.49251491762698" lon="-81.78720239549875"><ele>153</ele><time>2026-07-07T21:39:09Z</time></trkpt>
      <trkpt lat="41.492533860728145" lon="-81.78753968328238"><ele>154</ele><time>2026-07-07T21:39:12Z</time></trkpt>
      <trkpt lat="41.49255971889943" lon="-81.78786020725965"><ele>153</ele><time>2026-07-07T21:39:15Z</time></trkpt>
      <trkpt lat="41.49257719516754" lon="-81.78819942288101"><ele>154</ele><time>2026-07-07T21:39:18Z</time></trkpt>
      <trkpt lat="41.49261516518891" lon="-81.78854978643358"><ele>155</ele><time>2026-07-07T21:39:21Z</time></trkpt>
      <trkpt lat="41.49263511411846" lon="-81.78887902759016"><ele>156</ele><time>2026-07-07T21:39:24Z</time></trkpt>
      <trkpt lat="41.492655565962195" lon="-81.78921631537378"><ele>155</ele><time>2026-07-07T21:39:27Z</time></trkpt>
      <trkpt lat="41.492664366960526" lon="-81.78956005722284"><ele>154</ele><time>2026-07-07T21:39:30Z</time></trkpt>
      <trkpt lat="41.49266792926937" lon="-81.78988778963685"><ele>154</ele><time>2026-07-07T21:39:33Z</time></trkpt>
      <trkpt lat="41.49269387125969" lon="-81.79022415541112"><ele>154</ele><time>2026-07-07T21:39:36Z</time></trkpt>
      <trkpt lat="41.49270732421428" lon="-81.79055649787188"><ele>154</ele><time>2026-07-07T21:39:39Z</time></trkpt>
      <trkpt lat="41.49273687042296" lon="-81.790910968557"><ele>155</ele><time>2026-07-07T21:39:42Z</time></trkpt>
      <trkpt lat="41.492777899838984" lon="-81.79126652888954"><ele>154</ele><time>2026-07-07T21:39:45Z</time></trkpt>
      <trkpt lat="41.492791352793574" lon="-81.7916137073189"><ele>153</ele><time>2026-07-07T21:39:48Z</time></trkpt>
      <trkpt lat="41.49281297810376" lon="-81.79194739088416"><ele>153</ele><time>2026-07-07T21:39:51Z</time></trkpt>
      <trkpt lat="41.49283653125167" lon="-81.79228937253356"><ele>153</ele><time>2026-07-07T21:39:54Z</time></trkpt>
      <trkpt lat="41.492850235663354" lon="-81.792599754408"><ele>152</ele><time>2026-07-07T21:39:57Z</time></trkpt>
      <trkpt lat="41.49286322761327" lon="-81.79290351457894"><ele>152</ele><time>2026-07-07T21:40:00Z</time></trkpt>
      <trkpt lat="41.492892228998244" lon="-81.79326075129211"><ele>152</ele><time>2026-07-07T21:40:03Z</time></trkpt>
      <trkpt lat="41.49292563088238" lon="-81.79360742680728"><ele>152</ele><time>2026-07-07T21:40:06Z</time></trkpt>
      <trkpt lat="41.492945034988225" lon="-81.79393884725869"><ele>152</ele><time>2026-07-07T21:40:09Z</time></trkpt>
      <trkpt lat="41.49297152180225" lon="-81.7942676693201"><ele>153</ele><time>2026-07-07T21:40:12Z</time></trkpt>
      <trkpt lat="41.492979023605585" lon="-81.79458878003061"><ele>154</ele><time>2026-07-07T21:40:15Z</time></trkpt>
      <trkpt lat="41.49299243465066" lon="-81.7949154227972"><ele>154</ele><time>2026-07-07T21:40:18Z</time></trkpt>
      <trkpt lat="41.49299960117787" lon="-81.79521465674043"><ele>153</ele><time>2026-07-07T21:40:21Z</time></trkpt>
      <trkpt lat="41.49302068166435" lon="-81.79553249850869"><ele>151</ele><time>2026-07-07T21:40:24Z</time></trkpt>
      <trkpt lat="41.49305948987603" lon="-81.79588319733739"><ele>151</ele><time>2026-07-07T21:40:27Z</time></trkpt>
      <trkpt lat="41.493092556484044" lon="-81.79623297415674"><ele>149</ele><time>2026-07-07T21:40:30Z</time></trkpt>
      <trkpt lat="41.49312302470207" lon="-81.79646339267492"><ele>150</ele><time>2026-07-07T21:40:33Z</time></trkpt>
      <trkpt lat="41.49314146488905" lon="-81.79655442014337"><ele>150</ele><time>2026-07-07T21:40:36Z</time></trkpt>
      <trkpt lat="41.493160030804574" lon="-81.79661594331264"><ele>152</ele><time>2026-07-07T21:40:53Z</time></trkpt>
      <trkpt lat="41.49316807743162" lon="-81.79671711288393"><ele>152</ele><time>2026-07-07T21:40:56Z</time></trkpt>
      <trkpt lat="41.493171555921435" lon="-81.79692305624485"><ele>153</ele><time>2026-07-07T21:40:59Z</time></trkpt>
      <trkpt lat="41.493172477930784" lon="-81.79716881364584"><ele>153</ele><time>2026-07-07T21:41:02Z</time></trkpt>
      <trkpt lat="41.49318052455783" lon="-81.7974834702909"><ele>151</ele><time>2026-07-07T21:41:05Z</time></trkpt>
      <trkpt lat="41.49316594004631" lon="-81.79776912555099"><ele>152</ele><time>2026-07-07T21:41:08Z</time></trkpt>
      <trkpt lat="41.49316899944097" lon="-81.79809719324112"><ele>153</ele><time>2026-07-07T21:41:11Z</time></trkpt>
      <trkpt lat="41.49315286427736" lon="-81.79841369390488"><ele>153</ele><time>2026-07-07T21:41:14Z</time></trkpt>
      <trkpt lat="41.49315827060491" lon="-81.79873681627214"><ele>153</ele><time>2026-07-07T21:41:17Z</time></trkpt>
      <trkpt lat="41.49316455703229" lon="-81.79904795251787"><ele>152</ele><time>2026-07-07T21:41:20Z</time></trkpt>
      <trkpt lat="41.49315747432411" lon="-81.79937367327511"><ele>153</ele><time>2026-07-07T21:41:23Z</time></trkpt>
      <trkpt lat="41.49317951872945" lon="-81.79970576427877"><ele>153</ele><time>2026-07-07T21:41:26Z</time></trkpt>
      <trkpt lat="41.49318949319422" lon="-81.79999519139528"><ele>152</ele><time>2026-07-07T21:41:29Z</time></trkpt>
      <trkpt lat="41.493200389668345" lon="-81.80018671788275"><ele>152</ele><time>2026-07-07T21:41:32Z</time></trkpt>
      <trkpt lat="41.49319125339389" lon="-81.80037992075086"><ele>152</ele><time>2026-07-07T21:41:35Z</time></trkpt>
      <trkpt lat="41.49319728836417" lon="-81.80066197179258"><ele>151</ele><time>2026-07-07T21:41:38Z</time></trkpt>
      <trkpt lat="41.493206466548145" lon="-81.80090697482228"><ele>151</ele><time>2026-07-07T21:41:41Z</time></trkpt>
      <trkpt lat="41.49322846904397" lon="-81.80114166811109"><ele>152</ele><time>2026-07-07T21:41:44Z</time></trkpt>
      <trkpt lat="41.49322251789272" lon="-81.80135725066066"><ele>153</ele><time>2026-07-07T21:41:47Z</time></trkpt>
      <trkpt lat="41.49321811739355" lon="-81.80154626257718"><ele>154</ele><time>2026-07-07T21:41:50Z</time></trkpt>
      <trkpt lat="41.49320592172444" lon="-81.8017712328583"><ele>156</ele><time>2026-07-07T21:41:53Z</time></trkpt>
      <trkpt lat="41.49321493227035" lon="-81.80198304355145"><ele>157</ele><time>2026-07-07T21:41:56Z</time></trkpt>
      <trkpt lat="41.49320877157152" lon="-81.80218672379851"><ele>156</ele><time>2026-07-07T21:41:59Z</time></trkpt>
      <trkpt lat="41.49321199860424" lon="-81.80243658833206"><ele>158</ele><time>2026-07-07T21:42:02Z</time></trkpt>
      <trkpt lat="41.49324280209839" lon="-81.80272559635341"><ele>157</ele><time>2026-07-07T21:42:05Z</time></trkpt>
      <trkpt lat="41.493242592550814" lon="-81.8030043784529"><ele>157</ele><time>2026-07-07T21:42:08Z</time></trkpt>
      <trkpt lat="41.493246532045305" lon="-81.80331459268928"><ele>156</ele><time>2026-07-07T21:42:11Z</time></trkpt>
      <trkpt lat="41.49324866943061" lon="-81.80363176390529"><ele>157</ele><time>2026-07-07T21:42:14Z</time></trkpt>
      <trkpt lat="41.493251686915755" lon="-81.80394088849425"><ele>156</ele><time>2026-07-07T21:42:17Z</time></trkpt>
      <trkpt lat="41.49324368219823" lon="-81.80425068363547"><ele>156</ele><time>2026-07-07T21:42:20Z</time></trkpt>
      <trkpt lat="41.493260907009244" lon="-81.80453944019973"><ele>155</ele><time>2026-07-07T21:42:23Z</time></trkpt>
      <trkpt lat="41.493263128213584" lon="-81.80487362667918"><ele>154</ele><time>2026-07-07T21:42:26Z</time></trkpt>
      <trkpt lat="41.49326182901859" lon="-81.80520093999803"><ele>154</ele><time>2026-07-07T21:42:29Z</time></trkpt>
      <trkpt lat="41.493255123496056" lon="-81.80549799464643"><ele>153</ele><time>2026-07-07T21:42:32Z</time></trkpt>
      <trkpt lat="41.49326681625098" lon="-81.80581818334758"><ele>152</ele><time>2026-07-07T21:42:35Z</time></trkpt>
      <trkpt lat="41.493264636956155" lon="-81.80613929405808"><ele>152</ele><time>2026-07-07T21:42:38Z</time></trkpt>
      <trkpt lat="41.493276371620595" lon="-81.80645403452218"><ele>152</ele><time>2026-07-07T21:42:41Z</time></trkpt>
      <trkpt lat="41.49328806437552" lon="-81.80671420879662"><ele>152</ele><time>2026-07-07T21:42:44Z</time></trkpt>
      <trkpt lat="41.493270797654986" lon="-81.80700371973217"><ele>151</ele><time>2026-07-07T21:42:47Z</time></trkpt>
      <trkpt lat="41.49326208047569" lon="-81.80729708634317"><ele>151</ele><time>2026-07-07T21:42:50Z</time></trkpt>
      <trkpt lat="41.493243179284036" lon="-81.80761727504432"><ele>151</ele><time>2026-07-07T21:42:53Z</time></trkpt>
      <trkpt lat="41.493202024139464" lon="-81.80788650177419"><ele>152</ele><time>2026-07-07T21:42:56Z</time></trkpt>
      <trkpt lat="41.49319397751242" lon="-81.8081690557301"><ele>152</ele><time>2026-07-07T21:42:59Z</time></trkpt>
      <trkpt lat="41.49317717179656" lon="-81.8084801081568"><ele>152</ele><time>2026-07-07T21:43:02Z</time></trkpt>
      <trkpt lat="41.49317465722561" lon="-81.8088133726269"><ele>153</ele><time>2026-07-07T21:43:05Z</time></trkpt>
      <trkpt lat="41.49314297363162" lon="-81.80910481140018"><ele>154</ele><time>2026-07-07T21:43:08Z</time></trkpt>
      <trkpt lat="41.49312323424965" lon="-81.80938912555575"><ele>153</ele><time>2026-07-07T21:43:11Z</time></trkpt>
      <trkpt lat="41.4931199233979" lon="-81.80969338864088"><ele>154</ele><time>2026-07-07T21:43:14Z</time></trkpt>
      <trkpt lat="41.493097711354494" lon="-81.80998742580414"><ele>155</ele><time>2026-07-07T21:43:17Z</time></trkpt>
      <trkpt lat="41.49308073800057" lon="-81.8103089556098"><ele>155</ele><time>2026-07-07T21:43:20Z</time></trkpt>
      <trkpt lat="41.49307906161994" lon="-81.81061539798975"><ele>154</ele><time>2026-07-07T21:43:23Z</time></trkpt>
      <trkpt lat="41.49306112434715" lon="-81.81094137020409"><ele>154</ele><time>2026-07-07T21:43:26Z</time></trkpt>
      <trkpt lat="41.49305223952979" lon="-81.81128452531993"><ele>154</ele><time>2026-07-07T21:43:29Z</time></trkpt>
      <trkpt lat="41.49302772246301" lon="-81.8116163648665"><ele>153</ele><time>2026-07-07T21:43:32Z</time></trkpt>
      <trkpt lat="41.493021226488054" lon="-81.81195088662207"><ele>152</ele><time>2026-07-07T21:43:35Z</time></trkpt>
      <trkpt lat="41.49300551041961" lon="-81.81228624656796"><ele>151</ele><time>2026-07-07T21:43:38Z</time></trkpt>
      <trkpt lat="41.49297068361193" lon="-81.81261976249516"><ele>152</ele><time>2026-07-07T21:43:41Z</time></trkpt>
      <trkpt lat="41.492946543730795" lon="-81.81294749490917"><ele>152</ele><time>2026-07-07T21:43:44Z</time></trkpt>
      <trkpt lat="41.492931372486055" lon="-81.81328645907342"><ele>152</ele><time>2026-07-07T21:43:47Z</time></trkpt>
      <trkpt lat="41.492926720529795" lon="-81.81360597722232"><ele>153</ele><time>2026-07-07T21:43:50Z</time></trkpt>
      <trkpt lat="41.492908908985555" lon="-81.81391761638224"><ele>152</ele><time>2026-07-07T21:43:53Z</time></trkpt>
      <trkpt lat="41.492902538739145" lon="-81.81424903683364"><ele>153</ele><time>2026-07-07T21:43:56Z</time></trkpt>
      <trkpt lat="41.49288833141327" lon="-81.81458632461727"><ele>154</ele><time>2026-07-07T21:43:59Z</time></trkpt>
      <trkpt lat="41.49286846630275" lon="-81.81493987329304"><ele>153</ele><time>2026-07-07T21:44:02Z</time></trkpt>
      <trkpt lat="41.49284994229674" lon="-81.81526785716414"><ele>153</ele><time>2026-07-07T21:44:05Z</time></trkpt>
      <trkpt lat="41.492825634777546" lon="-81.81560195982456"><ele>152</ele><time>2026-07-07T21:44:08Z</time></trkpt>
      <trkpt lat="41.492805308662355" lon="-81.81595676578581"><ele>152</ele><time>2026-07-07T21:44:11Z</time></trkpt>
      <trkpt lat="41.49278996977955" lon="-81.81631836108863"><ele>153</ele><time>2026-07-07T21:44:14Z</time></trkpt>
      <trkpt lat="41.49277949240059" lon="-81.81666017509997"><ele>153</ele><time>2026-07-07T21:44:17Z</time></trkpt>
      <trkpt lat="41.492754514329135" lon="-81.81702923029661"><ele>154</ele><time>2026-07-07T21:44:20Z</time></trkpt>
      <trkpt lat="41.4927208609879" lon="-81.81742108426988"><ele>155</ele><time>2026-07-07T21:44:23Z</time></trkpt>
      <trkpt lat="41.49270719848573" lon="-81.81775351054966"><ele>155</ele><time>2026-07-07T21:44:26Z</time></trkpt>
      <trkpt lat="41.49269429035485" lon="-81.81805483996868"><ele>156</ele><time>2026-07-07T21:44:29Z</time></trkpt>
      <trkpt lat="41.49268284905702" lon="-81.81835910305381"><ele>156</ele><time>2026-07-07T21:44:32Z</time></trkpt>
      <trkpt lat="41.492653638124466" lon="-81.8186511285603"><ele>157</ele><time>2026-07-07T21:44:35Z</time></trkpt>
      <trkpt lat="41.4926338987425" lon="-81.8189532123506"><ele>157</ele><time>2026-07-07T21:44:38Z</time></trkpt>
      <trkpt lat="41.49261072278023" lon="-81.81926577351987"><ele>156</ele><time>2026-07-07T21:44:41Z</time></trkpt>
      <trkpt lat="41.49259894620627" lon="-81.81955746375024"><ele>156</ele><time>2026-07-07T21:44:44Z</time></trkpt>
      <trkpt lat="41.49257748853415" lon="-81.81979224085808"><ele>156</ele><time>2026-07-07T21:44:47Z</time></trkpt>
      <trkpt lat="41.492564412765205" lon="-81.82001427747309"><ele>155</ele><time>2026-07-07T21:44:50Z</time></trkpt>
      <trkpt lat="41.4925596350804" lon="-81.82013732381165"><ele>155</ele><time>2026-07-07T21:44:53Z</time></trkpt>
      <trkpt lat="41.492487424984574" lon="-81.82021326385438"><ele>155</ele><time>2026-07-07T21:44:56Z</time></trkpt>
      <trkpt lat="41.49230113718659" lon="-81.82023229077458"><ele>154</ele><time>2026-07-07T21:44:59Z</time></trkpt>
      <trkpt lat="41.4921098202467" lon="-81.82023296132684"><ele>154</ele><time>2026-07-07T21:45:02Z</time></trkpt>
      <trkpt lat="41.49189511779696" lon="-81.8202468752861"><ele>155</ele><time>2026-07-07T21:45:05Z</time></trkpt>
      <trkpt lat="41.49170870427042" lon="-81.8202659022063"><ele>155</ele><time>2026-07-07T21:45:08Z</time></trkpt>
      <trkpt lat="41.491532223299146" lon="-81.82027059607208"><ele>155</ele><time>2026-07-07T21:45:11Z</time></trkpt>
      <trkpt lat="41.4914060337469" lon="-81.82028300128877"><ele>155</ele><time>2026-07-07T21:45:14Z</time></trkpt>
      <trkpt lat="41.49136320222169" lon="-81.82030244730413"><ele>158</ele><time>2026-07-07T21:46:06Z</time></trkpt>
      <trkpt lat="41.49126869626343" lon="-81.82030705735087"><ele>158</ele><time>2026-07-07T21:46:09Z</time></trkpt>
      <trkpt lat="41.49113580118865" lon="-81.82029155083"><ele>158</ele><time>2026-07-07T21:46:12Z</time></trkpt>
      <trkpt lat="41.49098798632622" lon="-81.82030001655221"><ele>157</ele><time>2026-07-07T21:46:15Z</time></trkpt>
      <trkpt lat="41.490832921117544" lon="-81.82029884308577"><ele>157</ele><time>2026-07-07T21:46:18Z</time></trkpt>
      <trkpt lat="41.490637329407036" lon="-81.82030152529478"><ele>156</ele><time>2026-07-07T21:46:21Z</time></trkpt>
      <trkpt lat="41.49043092504144" lon="-81.82030462659895"><ele>156</ele><time>2026-07-07T21:46:24Z</time></trkpt>
      <trkpt lat="41.4902349980548" lon="-81.8203161098063"><ele>157</ele><time>2026-07-07T21:46:27Z</time></trkpt>
      <trkpt lat="41.490038484334946" lon="-81.82033664546907"><ele>157</ele><time>2026-07-07T21:46:30Z</time></trkpt>
      <trkpt lat="41.489840084686875" lon="-81.82032398879528"><ele>157</ele><time>2026-07-07T21:46:33Z</time></trkpt>
      <trkpt lat="41.489643193781376" lon="-81.82033681310713"><ele>158</ele><time>2026-07-07T21:46:36Z</time></trkpt>
      <trkpt lat="41.48945510387421" lon="-81.82034133933485"><ele>158</ele><time>2026-07-07T21:46:39Z</time></trkpt>
      <trkpt lat="41.489269360899925" lon="-81.82033220306039"><ele>157</ele><time>2026-07-07T21:46:42Z</time></trkpt>
      <trkpt lat="41.48907276336104" lon="-81.82033228687942"><ele>158</ele><time>2026-07-07T21:46:45Z</time></trkpt>
      <trkpt lat="41.48885977920145" lon="-81.82034796103835"><ele>157</ele><time>2026-07-07T21:46:48Z</time></trkpt>
      <trkpt lat="41.48863799404353" lon="-81.82034259662032"><ele>157</ele><time>2026-07-07T21:46:51Z</time></trkpt>
      <trkpt lat="41.4884323021397" lon="-81.82033823803067"><ele>157</ele><time>2026-07-07T21:46:54Z</time></trkpt>
      <trkpt lat="41.48821495939046" lon="-81.8203507270664"><ele>158</ele><time>2026-07-07T21:46:57Z</time></trkpt>
      <trkpt lat="41.48800541181117" lon="-81.8203486315906"><ele>159</ele><time>2026-07-07T21:47:00Z</time></trkpt>
      <trkpt lat="41.487810029648244" lon="-81.82037461549044"><ele>159</ele><time>2026-07-07T21:47:03Z</time></trkpt>
      <trkpt lat="41.48766946513206" lon="-81.82039850391448"><ele>161</ele><time>2026-07-07T21:47:06Z</time></trkpt>
      <trkpt lat="41.487497384659946" lon="-81.82040185667574"><ele>161</ele><time>2026-07-07T21:47:09Z</time></trkpt>
      <trkpt lat="41.487321155145764" lon="-81.82039498351514"><ele>161</ele><time>2026-07-07T21:47:12Z</time></trkpt>
      <trkpt lat="41.48713486734778" lon="-81.8203917145729"><ele>162</ele><time>2026-07-07T21:47:15Z</time></trkpt>
      <trkpt lat="41.48694355040789" lon="-81.82037838734686"><ele>162</ele><time>2026-07-07T21:47:18Z</time></trkpt>
      <trkpt lat="41.48675009608269" lon="-81.820357600227"><ele>162</ele><time>2026-07-07T21:47:21Z</time></trkpt>
      <trkpt lat="41.48655584547669" lon="-81.82033681310713"><ele>160</ele><time>2026-07-07T21:47:24Z</time></trkpt>
      <trkpt lat="41.48636016994715" lon="-81.82032030075788"><ele>160</ele><time>2026-07-07T21:47:27Z</time></trkpt>
      <trkpt lat="41.48622094653547" lon="-81.8203055486083"><ele>160</ele><time>2026-07-07T21:47:30Z</time></trkpt>
      <trkpt lat="41.48605628404766" lon="-81.82029465213418"><ele>161</ele><time>2026-07-07T21:47:33Z</time></trkpt>
      <trkpt lat="41.48585834540427" lon="-81.82025341317058"><ele>161</ele><time>2026-07-07T21:47:36Z</time></trkpt>
      <trkpt lat="41.48565944284201" lon="-81.82024628855288"><ele>161</ele><time>2026-07-07T21:47:39Z</time></trkpt>
      <trkpt lat="41.485475627705455" lon="-81.82022524997592"><ele>163</ele><time>2026-07-07T21:47:42Z</time></trkpt>
      <trkpt lat="41.48533036932349" lon="-81.82022742927074"><ele>163</ele><time>2026-07-07T21:47:45Z</time></trkpt>
      <trkpt lat="41.48521423805505" lon="-81.82021468877792"><ele>164</ele><time>2026-07-07T21:47:48Z</time></trkpt>
      <trkpt lat="41.485145506449044" lon="-81.82023136876523"><ele>164</ele><time>2026-07-07T21:47:51Z</time></trkpt>
      <trkpt lat="41.48506164550781" lon="-81.82022198103368"><ele>165</ele><time>2026-07-07T21:47:54Z</time></trkpt>
      <trkpt lat="41.484962780959904" lon="-81.82020488195121"><ele>166</ele><time>2026-07-07T21:47:57Z</time></trkpt>
      <trkpt lat="41.48484128527343" lon="-81.82020287029445"><ele>168</ele><time>2026-07-07T21:48:00Z</time></trkpt>
      <trkpt lat="41.48477728944272" lon="-81.82020395994186"><ele>168</ele><time>2026-07-07T21:48:03Z</time></trkpt>
      <trkpt lat="41.48476991336793" lon="-81.82030328549445"><ele>168</ele><time>2026-07-07T21:48:06Z</time></trkpt>
      <trkpt lat="41.48474401328713" lon="-81.8204233981669"><ele>168</ele><time>2026-07-07T21:48:09Z</time></trkpt>
      <trkpt lat="41.48470574989915" lon="-81.82055667042732"><ele>170</ele><time>2026-07-07T21:48:12Z</time></trkpt>
      <trkpt lat="41.48468378931284" lon="-81.8206697423011"><ele>170</ele><time>2026-07-07T21:48:15Z</time></trkpt>
      <trkpt lat="41.484651141799986" lon="-81.82078725658357"><ele>169</ele><time>2026-07-07T21:48:18Z</time></trkpt>
      <trkpt lat="41.484638191759586" lon="-81.820925809443"><ele>169</ele><time>2026-07-07T21:48:21Z</time></trkpt>
      <trkpt lat="41.484610573388636" lon="-81.82105086743832"><ele>169</ele><time>2026-07-07T21:48:24Z</time></trkpt>
      <trkpt lat="41.48457117844373" lon="-81.82119796983898"><ele>169</ele><time>2026-07-07T21:48:27Z</time></trkpt>
      <trkpt lat="41.48452386260033" lon="-81.82135538198054"><ele>170</ele><time>2026-07-07T21:48:30Z</time></trkpt>
      <trkpt lat="41.48449398111552" lon="-81.82153483852744"><ele>170</ele><time>2026-07-07T21:48:33Z</time></trkpt>
      <trkpt lat="41.48447654675692" lon="-81.82170289568603"><ele>170</ele><time>2026-07-07T21:48:36Z</time></trkpt>
      <trkpt lat="41.48443539161235" lon="-81.82184061035514"><ele>170</ele><time>2026-07-07T21:48:39Z</time></trkpt>
      <trkpt lat="41.484396918676794" lon="-81.82200598530471"><ele>171</ele><time>2026-07-07T21:48:42Z</time></trkpt>
      <trkpt lat="41.484360289759934" lon="-81.8221552670002"><ele>171</ele><time>2026-07-07T21:48:45Z</time></trkpt>
      <trkpt lat="41.48434088565409" lon="-81.8222850188613"><ele>171</ele><time>2026-07-07T21:48:48Z</time></trkpt>
      <trkpt lat="41.484323744662106" lon="-81.82240731082857"><ele>171</ele><time>2026-07-07T21:48:51Z</time></trkpt>
      <trkpt lat="41.48431234527379" lon="-81.82249188423157"><ele>171</ele><time>2026-07-07T21:48:54Z</time></trkpt>
      <trkpt lat="41.48429470136762" lon="-81.82255499996245"><ele>171</ele><time>2026-07-07T21:48:58Z</time></trkpt>
      <trkpt lat="41.48430438246578" lon="-81.82261719368398"><ele>170</ele><time>2026-07-07T21:49:09Z</time></trkpt>
      <trkpt lat="41.4842869900167" lon="-81.82269740849733"><ele>169</ele><time>2026-07-07T21:49:28Z</time></trkpt>
      <trkpt lat="41.484252121299505" lon="-81.82282456196845"><ele>169</ele><time>2026-07-07T21:49:31Z</time></trkpt>
      <trkpt lat="41.484225927852094" lon="-81.82297895662487"><ele>169</ele><time>2026-07-07T21:49:34Z</time></trkpt>
      <trkpt lat="41.484190304763615" lon="-81.82317182421684"><ele>167</ele><time>2026-07-07T21:49:37Z</time></trkpt>
      <trkpt lat="41.48414914961904" lon="-81.8233762588352"><ele>167</ele><time>2026-07-07T21:49:40Z</time></trkpt>
      <trkpt lat="41.484110383316875" lon="-81.8235536199063"><ele>168</ele><time>2026-07-07T21:49:43Z</time></trkpt>
      <trkpt lat="41.48407065309584" lon="-81.82372846640646"><ele>169</ele><time>2026-07-07T21:49:46Z</time></trkpt>
      <trkpt lat="41.484035113826394" lon="-81.82388453744352"><ele>168</ele><time>2026-07-07T21:49:49Z</time></trkpt>
      <trkpt lat="41.48400933947414" lon="-81.82402728125453"><ele>168</ele><time>2026-07-07T21:49:52Z</time></trkpt>
      <trkpt lat="41.48397815879434" lon="-81.82416457682848"><ele>168</ele><time>2026-07-07T21:49:55Z</time></trkpt>
      <trkpt lat="41.48394329007715" lon="-81.82429684326053"><ele>167</ele><time>2026-07-07T21:49:58Z</time></trkpt>
      <trkpt lat="41.48390234448016" lon="-81.82441896758974"><ele>167</ele><time>2026-07-07T21:50:01Z</time></trkpt>
      <trkpt lat="41.48382275830954" lon="-81.82455785572529"><ele>168</ele><time>2026-07-07T21:50:04Z</time></trkpt>
      <trkpt lat="41.483739567920566" lon="-81.8246783874929"><ele>169</ele><time>2026-07-07T21:50:07Z</time></trkpt>
      <trkpt lat="41.48365696426481" lon="-81.82478584349155"><ele>169</ele><time>2026-07-07T21:50:10Z</time></trkpt>
      <trkpt lat="41.48358383215964" lon="-81.82488701306283"><ele>169</ele><time>2026-07-07T21:50:13Z</time></trkpt>
      <trkpt lat="41.483515980653465" lon="-81.825001090765"><ele>169</ele><time>2026-07-07T21:50:16Z</time></trkpt>
      <trkpt lat="41.483443141914904" lon="-81.82513494975865"><ele>171</ele><time>2026-07-07T21:50:19Z</time></trkpt>
      <trkpt lat="41.4833744103089" lon="-81.82523360475898"><ele>171</ele><time>2026-07-07T21:50:22Z</time></trkpt>
      <trkpt lat="41.48332437034696" lon="-81.8253139872104"><ele>170</ele><time>2026-07-07T21:50:25Z</time></trkpt>
      <trkpt lat="41.48326301481575" lon="-81.82542001828551"><ele>170</ele><time>2026-07-07T21:50:28Z</time></trkpt>
      <trkpt lat="41.48320530541241" lon="-81.82551825419068"><ele>170</ele><time>2026-07-07T21:50:31Z</time></trkpt>
      <trkpt lat="41.48316037841141" lon="-81.82556938380003"><ele>170</ele><time>2026-07-07T21:50:34Z</time></trkpt>
      <trkpt lat="41.483079199679196" lon="-81.82562336325645"><ele>170</ele><time>2026-07-07T21:50:37Z</time></trkpt>
      <trkpt lat="41.482971953228116" lon="-81.82572344318032"><ele>171</ele><time>2026-07-07T21:50:40Z</time></trkpt>
      <trkpt lat="41.48283625021577" lon="-81.82586400769651"><ele>170</ele><time>2026-07-07T21:50:43Z</time></trkpt>
      <trkpt lat="41.48273579310626" lon="-81.82599484920502"><ele>172</ele><time>2026-07-07T21:50:46Z</time></trkpt>
      <trkpt lat="41.482663373462856" lon="-81.8260064162314"><ele>172</ele><time>2026-07-07T21:50:49Z</time></trkpt>
      <trkpt lat="41.482602059841156" lon="-81.82612569071352"><ele>171</ele><time>2026-07-07T21:50:52Z</time></trkpt>
      <trkpt lat="41.48249045480043" lon="-81.82629986666143"><ele>171</ele><time>2026-07-07T21:50:55Z</time></trkpt>
      <trkpt lat="41.48239117115736" lon="-81.82644193992019"><ele>171</ele><time>2026-07-07T21:50:58Z</time></trkpt>
      <trkpt lat="41.48233228828758" lon="-81.82652223855257"><ele>171</ele><time>2026-07-07T21:51:01Z</time></trkpt>
      <trkpt lat="41.48229867685586" lon="-81.82656289078295"><ele>170</ele><time>2026-07-07T21:51:14Z</time></trkpt>
      <trkpt lat="41.48227906320244" lon="-81.82662391103804"><ele>165</ele><time>2026-07-07T21:51:51Z</time></trkpt>
      <trkpt lat="41.482200315222144" lon="-81.8266864400357"><ele>166</ele><time>2026-07-07T21:51:54Z</time></trkpt>
      <trkpt lat="41.48213187698275" lon="-81.82673421688378"><ele>165</ele><time>2026-07-07T21:51:57Z</time></trkpt>
      <trkpt lat="41.48206239100546" lon="-81.82681350968778"><ele>165</ele><time>2026-07-07T21:52:00Z</time></trkpt>
      <trkpt lat="41.481973668560386" lon="-81.82688768953085"><ele>165</ele><time>2026-07-07T21:52:03Z</time></trkpt>
      <trkpt lat="41.48189659696072" lon="-81.82695281691849"><ele>165</ele><time>2026-07-07T21:52:06Z</time></trkpt>
      <trkpt lat="41.4818191062659" lon="-81.82703143917024"><ele>164</ele><time>2026-07-07T21:52:09Z</time></trkpt>
      <trkpt lat="41.481747650541365" lon="-81.82709673419595"><ele>165</ele><time>2026-07-07T21:52:12Z</time></trkpt>
      <trkpt lat="41.48167841602117" lon="-81.82715624570847"><ele>165</ele><time>2026-07-07T21:52:15Z</time></trkpt>
      <trkpt lat="41.48162850178778" lon="-81.82720569893718"><ele>165</ele><time>2026-07-07T21:52:18Z</time></trkpt>
      <trkpt lat="41.481582233682275" lon="-81.82719295844436"><ele>166</ele><time>2026-07-07T21:52:22Z</time></trkpt>
      <trkpt lat="41.481550466269255" lon="-81.8271409906447"><ele>166</ele><time>2026-07-07T21:52:25Z</time></trkpt>
      <trkpt lat="41.4815143821761" lon="-81.82708122767508"><ele>166</ele><time>2026-07-07T21:52:29Z</time></trkpt>
      <trkpt lat="41.48147607687861" lon="-81.82699212804437"><ele>167</ele><time>2026-07-07T21:52:32Z</time></trkpt>
      <trkpt lat="41.48142142686993" lon="-81.82690713554621"><ele>166</ele><time>2026-07-07T21:52:35Z</time></trkpt>
      <trkpt lat="41.48136350791901" lon="-81.82696882635355"><ele>165</ele><time>2026-07-07T21:52:39Z</time></trkpt>
      <trkpt lat="41.48135717958212" lon="-81.82708675973117"><ele>165</ele><time>2026-07-07T21:52:42Z</time></trkpt>
      <trkpt lat="41.481405794620514" lon="-81.82726068422198"><ele>167</ele><time>2026-07-07T21:52:45Z</time></trkpt>
      <trkpt lat="41.481451308354735" lon="-81.82742371223867"><ele>168</ele><time>2026-07-07T21:52:48Z</time></trkpt>
      <trkpt lat="41.48140382487327" lon="-81.82754877023399"><ele>167</ele><time>2026-07-07T21:52:51Z</time></trkpt>
      <trkpt lat="41.48135030642152" lon="-81.8276394624263"><ele>167</ele><time>2026-07-07T21:52:54Z</time></trkpt>
      <trkpt lat="41.48136111907661" lon="-81.82774608023465"><ele>167</ele><time>2026-07-07T21:52:57Z</time></trkpt>
      <trkpt lat="41.48140504024923" lon="-81.8278728146106"><ele>167</ele><time>2026-07-07T21:53:00Z</time></trkpt>
      <trkpt lat="41.48148131556809" lon="-81.82803709991276"><ele>166</ele><time>2026-07-07T21:53:03Z</time></trkpt>
      <trkpt lat="41.481555830687284" lon="-81.82827430777252"><ele>167</ele><time>2026-07-07T21:53:06Z</time></trkpt>
      <trkpt lat="41.481624939478934" lon="-81.82847329415381"><ele>167</ele><time>2026-07-07T21:53:09Z</time></trkpt>
      <trkpt lat="41.48169589228928" lon="-81.8287137709558"><ele>168</ele><time>2026-07-07T21:53:12Z</time></trkpt>
      <trkpt lat="41.48177116177976" lon="-81.8289881106466"><ele>168</ele><time>2026-07-07T21:53:15Z</time></trkpt>
      <trkpt lat="41.48185665719211" lon="-81.82923831045628"><ele>168</ele><time>2026-07-07T21:53:18Z</time></trkpt>
      <trkpt lat="41.48190979845822" lon="-81.82947996072471"><ele>168</ele><time>2026-07-07T21:53:21Z</time></trkpt>
      <trkpt lat="41.481957575306296" lon="-81.8297035060823"><ele>168</ele><time>2026-07-07T21:53:24Z</time></trkpt>
      <trkpt lat="41.48197521921247" lon="-81.82984918355942"><ele>167</ele><time>2026-07-07T21:53:27Z</time></trkpt>
      <trkpt lat="41.4820067351684" lon="-81.82998857460916"><ele>168</ele><time>2026-07-07T21:53:30Z</time></trkpt>
      <trkpt lat="41.48199629969895" lon="-81.83008790016174"><ele>168</ele><time>2026-07-07T21:53:33Z</time></trkpt>
      <trkpt lat="41.4818772347644" lon="-81.83012327179313"><ele>168</ele><time>2026-07-07T21:53:36Z</time></trkpt>
      <trkpt lat="41.481715883128345" lon="-81.83014187961817"><ele>167</ele><time>2026-07-07T21:53:39Z</time></trkpt>
      <trkpt lat="41.48155042435974" lon="-81.8301210924983"><ele>168</ele><time>2026-07-07T21:53:42Z</time></trkpt>
      <trkpt lat="41.481385552324355" lon="-81.83006334118545"><ele>167</ele><time>2026-07-07T21:53:45Z</time></trkpt>
      <trkpt lat="41.48121674079448" lon="-81.83002403005958"><ele>165</ele><time>2026-07-07T21:53:48Z</time></trkpt>
      <trkpt lat="41.4810309978202" lon="-81.83005345053971"><ele>165</ele><time>2026-07-07T21:53:51Z</time></trkpt>
      <trkpt lat="41.48081231396645" lon="-81.8300537019968"><ele>164</ele><time>2026-07-07T21:53:54Z</time></trkpt>
      <trkpt lat="41.48061957210302" lon="-81.83005831204355"><ele>163</ele><time>2026-07-07T21:53:57Z</time></trkpt>
      <trkpt lat="41.48044267203659" lon="-81.8300573900342"><ele>161</ele><time>2026-07-07T21:54:00Z</time></trkpt>
      <trkpt lat="41.48030872922391" lon="-81.83000810444355"><ele>161</ele><time>2026-07-07T21:54:03Z</time></trkpt>
      <trkpt lat="41.480171056464314" lon="-81.8299799412489"><ele>160</ele><time>2026-07-07T21:54:06Z</time></trkpt>
      <trkpt lat="41.48001339286566" lon="-81.82993182912469"><ele>159</ele><time>2026-07-07T21:54:09Z</time></trkpt>
      <trkpt lat="41.479853256605566" lon="-81.82988287881017"><ele>157</ele><time>2026-07-07T21:54:12Z</time></trkpt>
      <trkpt lat="41.479678242467344" lon="-81.8298034183681"><ele>156</ele><time>2026-07-07T21:54:15Z</time></trkpt>
      <trkpt lat="41.47948575206101" lon="-81.82972035370767"><ele>155</ele><time>2026-07-07T21:54:18Z</time></trkpt>
      <trkpt lat="41.479317024350166" lon="-81.82961809448898"><ele>153</ele><time>2026-07-07T21:54:21Z</time></trkpt>
      <trkpt lat="41.47915923502296" lon="-81.82949496433139"><ele>152</ele><time>2026-07-07T21:54:24Z</time></trkpt>
      <trkpt lat="41.479027387686074" lon="-81.82935657911003"><ele>152</ele><time>2026-07-07T21:54:27Z</time></trkpt>
      <trkpt lat="41.478882506489754" lon="-81.82929832488298"><ele>151</ele><time>2026-07-07T21:54:30Z</time></trkpt>
      <trkpt lat="41.478731757961214" lon="-81.82936353608966"><ele>151</ele><time>2026-07-07T21:54:33Z</time></trkpt>
      <trkpt lat="41.47864387370646" lon="-81.82948800735176"><ele>148</ele><time>2026-07-07T21:54:36Z</time></trkpt>
      <trkpt lat="41.478631678037345" lon="-81.829684227705"><ele>147</ele><time>2026-07-07T21:54:39Z</time></trkpt>
      <trkpt lat="41.47874806076288" lon="-81.82984943501651"><ele>147</ele><time>2026-07-07T21:54:42Z</time></trkpt>
      <trkpt lat="41.478912429884076" lon="-81.82986192405224"><ele>147</ele><time>2026-07-07T21:54:45Z</time></trkpt>
      <trkpt lat="41.47900806739926" lon="-81.82981942780316"><ele>146</ele><time>2026-07-07T21:54:48Z</time></trkpt>
      <trkpt lat="41.47910797968507" lon="-81.82990852743387"><ele>145</ele><time>2026-07-07T21:54:51Z</time></trkpt>
      <trkpt lat="41.4792325347662" lon="-81.82999603450298"><ele>144</ele><time>2026-07-07T21:54:54Z</time></trkpt>
      <trkpt lat="41.47934636101127" lon="-81.83013928122818"><ele>144</ele><time>2026-07-07T21:54:57Z</time></trkpt>
      <trkpt lat="41.479483866132796" lon="-81.83028822764754"><ele>143</ele><time>2026-07-07T21:55:00Z</time></trkpt>
      <trkpt lat="41.479639979079366" lon="-81.83042041026056"><ele>142</ele><time>2026-07-07T21:55:03Z</time></trkpt>
      <trkpt lat="41.47981084417552" lon="-81.83054798282683"><ele>141</ele><time>2026-07-07T21:55:06Z</time></trkpt>
      <trkpt lat="41.479965657927096" lon="-81.83061495423317"><ele>140</ele><time>2026-07-07T21:55:09Z</time></trkpt>
      <trkpt lat="41.480064312927425" lon="-81.83067513629794"><ele>140</ele><time>2026-07-07T21:55:12Z</time></trkpt>
      <trkpt lat="41.480129775591195" lon="-81.8307773116976"><ele>140</ele><time>2026-07-07T21:55:15Z</time></trkpt>
      <trkpt lat="41.48015005979687" lon="-81.83087621815503"><ele>140</ele><time>2026-07-07T21:55:18Z</time></trkpt>
      <trkpt lat="41.4802037877962" lon="-81.83092508465052"><ele>140</ele><time>2026-07-07T21:55:21Z</time></trkpt>
      <trkpt lat="41.48025910835713" lon="-81.83092164807022"><ele>141</ele><time>2026-07-07T21:55:25Z</time></trkpt>
    </trkseg>
  </trk>
</gpx>
