<?xml version="1.0" encoding="UTF-8"?>
<gpx version="1.1" creator="HoldMyTrack" xmlns="http://www.topografix.com/GPX/1/1" xmlns:gpxtpx="http://www.garmin.com/xmlschemas/TrackPointExtension/v1">
  <trk>
    <type>Bike</type>
    <trkseg>
      <trkpt lat="41.392391" lon="-81.74712"><ele>232.5</ele><time>2026-07-11T14:55:54Z</time></trkpt>
      <trkpt lat="41.392391" lon="-81.74712"><ele>232.5</ele><time>2026-07-11T14:55:55Z</time></trkpt>
      <trkpt lat="41.392393" lon="-81.747124"><ele>232.5</ele><time>2026-07-11T14:55:56Z</time></trkpt>
      <trkpt lat="41.392393" lon="-81.74713"><ele>232.5</ele><time>2026-07-11T14:55:57Z</time></trkpt>
      <trkpt lat="41.392394" lon="-81.74714"><ele>232.5</ele><time>2026-07-11T14:55:58Z</time></trkpt>
      <trkpt lat="41.392394" lon="-81.747152"><ele>232.5</ele><time>2026-07-11T14:55:59Z</time></trkpt>
      <trkpt lat="41.392394" lon="-81.747166"><ele>232.5</ele><time>2026-07-11T14:56:00Z</time></trkpt>
      <trkpt lat="41.392394" lon="-81.747181"><ele>232.6</ele><time>2026-07-11T14:56:01Z</time></trkpt>
      <trkpt lat="41.392395" lon="-81.747197"><ele>232.6</ele><time>2026-07-11T14:56:02Z</time></trkpt>
      <trkpt lat="41.392397" lon="-81.747214"><ele>232.6</ele><time>2026-07-11T14:56:03Z</time></trkpt>
      <trkpt lat="41.392399" lon="-81.74723"><ele>232.6</ele><time>2026-07-11T14:56:04Z</time></trkpt>
      <trkpt lat="41.392401" lon="-81.747248"><ele>232.6</ele><time>2026-07-11T14:56:05Z</time></trkpt>
      <trkpt lat="41.392403" lon="-81.747268"><ele>232.6</ele><time>2026-07-11T14:56:06Z</time></trkpt>
      <trkpt lat="41.392404" lon="-81.747291"><ele>232.6</ele><time>2026-07-11T14:56:07Z</time></trkpt>
      <trkpt lat="41.392405" lon="-81.747316"><ele>232.6</ele><time>2026-07-11T14:56:08Z</time></trkpt>
      <trkpt lat="41.392404" lon="-81.747343"><ele>232.6</ele><time>2026-07-11T14:56:09Z</time></trkpt>
      <trkpt lat="41.392404" lon="-81.747371"><ele>232.6</ele><time>2026-07-11T14:56:10Z</time></trkpt>
      <trkpt lat="41.392403" lon="-81.7474"><ele>232.6</ele><time>2026-07-11T14:56:11Z</time></trkpt>
      <trkpt lat="41.392402" lon="-81.747428"><ele>232.6</ele><time>2026-07-11T14:56:12Z</time></trkpt>
      <trkpt lat="41.392402" lon="-81.747456"><ele>232.6</ele><time>2026-07-11T14:56:13Z</time></trkpt>
      <trkpt lat="41.392401" lon="-81.747484"><ele>232.6</ele><time>2026-07-11T14:56:14Z</time></trkpt>
      <trkpt lat="41.392401" lon="-81.747511"><ele>232.6</ele><time>2026-07-11T14:56:15Z</time></trkpt>
      <trkpt lat="41.3924" lon="-81.747538"><ele>232.5</ele><time>2026-07-11T14:56:16Z</time></trkpt>
      <trkpt lat="41.3924" lon="-81.747573"><ele>232.5</ele><time>2026-07-11T14:56:17Z</time></trkpt>
      <trkpt lat="41.392399" lon="-81.747608"><ele>232.5</ele><time>2026-07-11T14:56:18Z</time></trkpt>
      <trkpt lat="41.392399" lon="-81.747642"><ele>232.5</ele><time>2026-07-11T14:56:19Z</time></trkpt>
      <trkpt lat="41.392399" lon="-81.747676"><ele>232.5</ele><time>2026-07-11T14:56:20Z</time></trkpt>
      <trkpt lat="41.392399" lon="-81.747707"><ele>232.5</ele><time>2026-07-11T14:56:21Z</time></trkpt>
      <trkpt lat="41.392399" lon="-81.747746"><ele>232.5</ele><time>2026-07-11T14:56:22Z</time></trkpt>
      <trkpt lat="41.3924" lon="-81.747779"><ele>232.5</ele><time>2026-07-11T14:56:23Z</time></trkpt>
      <trkpt lat="41.392401" lon="-81.747815"><ele>232.5</ele><time>2026-07-11T14:56:24Z</time></trkpt>
      <trkpt lat="41.392403" lon="-81.74785"><ele>232.5</ele><time>2026-07-11T14:56:25Z</time></trkpt>
      <trkpt lat="41.392404" lon="-81.747891"><ele>232.5</ele><time>2026-07-11T14:56:26Z</time></trkpt>
      <trkpt lat="41.392405" lon="-81.747936"><ele>232.5</ele><time>2026-07-11T14:56:27Z</time></trkpt>
      <trkpt lat="41.392407" lon="-81.747979"><ele>232.5</ele><time>2026-07-11T14:56:28Z</time></trkpt>
      <trkpt lat="41.392412" lon="-81.748021"><ele>232.5</ele><time>2026-07-11T14:56:29Z</time></trkpt>
      <trkpt lat="41.392418" lon="-81.748059"><ele>232.5</ele><time>2026-07-11T14:56:30Z</time></trkpt>
      <trkpt lat="41.392423" lon="-81.748093"><ele>232.5</ele><time>2026-07-11T14:56:31Z</time></trkpt>
      <trkpt lat="41.392427" lon="-81.748129"><ele>232.5</ele><time>2026-07-11T14:56:32Z</time></trkpt>
      <trkpt lat="41.392429" lon="-81.748167"><ele>232.5</ele><time>2026-07-11T14:56:33Z</time></trkpt>
      <trkpt lat="41.392429" lon="-81.748206"><ele>232.5</ele><time>2026-07-11T14:56:34Z</time></trkpt>
      <trkpt lat="41.39243" lon="-81.748249"><ele>232.5</ele><time>2026-07-11T14:56:35Z</time></trkpt>
      <trkpt lat="41.39243" lon="-81.748295"><ele>232.5</ele><time>2026-07-11T14:56:36Z</time></trkpt>
      <trkpt lat="41.392429" lon="-81.748338"><ele>232.5</ele><time>2026-07-11T14:56:37Z</time></trkpt>
      <trkpt lat="41.392429" lon="-81.748382"><ele>232.5</ele><time>2026-07-11T14:56:38Z</time></trkpt>
      <trkpt lat="41.39243" lon="-81.748421"><ele>232.5</ele><time>2026-07-11T14:56:39Z</time></trkpt>
      <trkpt lat="41.392433" lon="-81.748459"><ele>232.5</ele><time>2026-07-11T14:56:40Z</time></trkpt>
      <trkpt lat="41.392434" lon="-81.748495"><ele>232.5</ele><time>2026-07-11T14:56:41Z</time></trkpt>
      <trkpt lat="41.392437" lon="-81.748529"><ele>232.5</ele><time>2026-07-11T14:56:42Z</time></trkpt>
      <trkpt lat="41.392437" lon="-81.748561"><ele>232.5</ele><time>2026-07-11T14:56:43Z</time></trkpt>
      <trkpt lat="41.392437" lon="-81.748591"><ele>232.5</ele><time>2026-07-11T14:56:44Z</time></trkpt>
      <trkpt lat="41.392437" lon="-81.74862"><ele>232.5</ele><time>2026-07-11T14:56:45Z</time></trkpt>
      <trkpt lat="41.392436" lon="-81.748652"><ele>232.5</ele><time>2026-07-11T14:56:46Z</time></trkpt>
      <trkpt lat="41.392432" lon="-81.748686"><ele>232.5</ele><time>2026-07-11T14:56:47Z</time></trkpt>
      <trkpt lat="41.39243" lon="-81.748723"><ele>232.5</ele><time>2026-07-11T14:56:48Z</time></trkpt>
      <trkpt lat="41.392427" lon="-81.748758"><ele>232.5</ele><time>2026-07-11T14:56:49Z</time></trkpt>
      <trkpt lat="41.392425" lon="-81.748796"><ele>232.5</ele><time>2026-07-11T14:56:50Z</time></trkpt>
      <trkpt lat="41.392426" lon="-81.748829"><ele>232.5</ele><time>2026-07-11T14:56:51Z</time></trkpt>
      <trkpt lat="41.392429" lon="-81.748861"><ele>232.5</ele><time>2026-07-11T14:56:52Z</time></trkpt>
      <trkpt lat="41.392431" lon="-81.748891"><ele>232.5</ele><time>2026-07-11T14:56:53Z</time></trkpt>
      <trkpt lat="41.392436" lon="-81.748927"><ele>232.5</ele><time>2026-07-11T14:56:54Z</time></trkpt>
      <trkpt lat="41.392442" lon="-81.748967"><ele>232.5</ele><time>2026-07-11T14:56:55Z</time></trkpt>
      <trkpt lat="41.392445" lon="-81.749001"><ele>232.5</ele><time>2026-07-11T14:56:56Z</time></trkpt>
      <trkpt lat="41.392449" lon="-81.749037"><ele>232.5</ele><time>2026-07-11T14:56:57Z</time></trkpt>
      <trkpt lat="41.392451" lon="-81.749067"><ele>232.5</ele><time>2026-07-11T14:56:58Z</time></trkpt>
      <trkpt lat="41.392452" lon="-81.749096"><ele>232.5</ele><time>2026-07-11T14:56:59Z</time></trkpt>
      <trkpt lat="41.392453" lon="-81.749127"><ele>232.5</ele><time>2026-07-11T14:57:00Z</time></trkpt>
      <trkpt lat="41.392452" lon="-81.749154"><ele>232.5</ele><time>2026-07-11T14:57:01Z</time></trkpt>
      <trkpt lat="41.392452" lon="-81.749185"><ele>232.5</ele><time>2026-07-11T14:57:02Z</time></trkpt>
      <trkpt lat="41.392453" lon="-81.749217"><ele>232.5</ele><time>2026-07-11T14:57:03Z</time></trkpt>
      <trkpt lat="41.392455" lon="-81.749247"><ele>232.5</ele><time>2026-07-11T14:57:04Z</time></trkpt>
      <trkpt lat="41.392458" lon="-81.749283"><ele>232.5</ele><time>2026-07-11T14:57:05Z</time></trkpt>
      <trkpt lat="41.392457" lon="-81.749315"><ele>232.5</ele><time>2026-07-11T14:57:06Z</time></trkpt>
      <trkpt lat="41.392458" lon="-81.749344"><ele>232.5</ele><time>2026-07-11T14:57:07Z</time></trkpt>
      <trkpt lat="41.392461" lon="-81.749375"><ele>232.5</ele><time>2026-07-11T14:57:08Z</time></trkpt>
      <trkpt lat="41.392462" lon="-81.749402"><ele>232.5</ele><time>2026-07-11T14:57:09Z</time></trkpt>
      <trkpt lat="41.392462" lon="-81.749433"><ele>232.5</ele><time>2026-07-11T14:57:10Z</time></trkpt>
      <trkpt lat="41.39246" lon="-81.749467"><ele>232.5</ele><time>2026-07-11T14:57:11Z</time></trkpt>
      <trkpt lat="41.392458" lon="-81.749492"><ele>232.5</ele><time>2026-07-11T14:57:12Z</time></trkpt>
      <trkpt lat="41.392459" lon="-81.749519"><ele>232.5</ele><time>2026-07-11T14:57:13Z</time></trkpt>
      <trkpt lat="41.392462" lon="-81.749547"><ele>232.5</ele><time>2026-07-11T14:57:14Z</time></trkpt>
      <trkpt lat="41.392465" lon="-81.749578"><ele>232.5</ele><time>2026-07-11T14:57:15Z</time></trkpt>
      <trkpt lat="41.392467" lon="-81.749604"><ele>232.5</ele><time>2026-07-11T14:57:16Z</time></trkpt>
      <trkpt lat="41.392469" lon="-81.749633"><ele>232.5</ele><time>2026-07-11T14:57:17Z</time></trkpt>
      <trkpt lat="41.392469" lon="-81.749661"><ele>232.5</ele><time>2026-07-11T14:57:18Z</time></trkpt>
      <trkpt lat="41.392468" lon="-81.749689"><ele>232.5</ele><time>2026-07-11T14:57:19Z</time></trkpt>
      <trkpt lat="41.392468" lon="-81.749716"><ele>232.5</ele><time>2026-07-11T14:57:20Z</time></trkpt>
      <trkpt lat="41.392468" lon="-81.749741"><ele>232.5</ele><time>2026-07-11T14:57:21Z</time></trkpt>
      <trkpt lat="41.392467" lon="-81.749768"><ele>232.5</ele><time>2026-07-11T14:57:22Z</time></trkpt>
      <trkpt lat="41.392466" lon="-81.749798"><ele>232.5</ele><time>2026-07-11T14:57:23Z</time></trkpt>
      <trkpt lat="41.392465" lon="-81.749831"><ele>232.5</ele><time>2026-07-11T14:57:24Z</time></trkpt>
      <trkpt lat="41.392463" lon="-81.749864"><ele>232.5</ele><time>2026-07-11T14:57:25Z</time></trkpt>
      <trkpt lat="41.392462" lon="-81.749895"><ele>232.5</ele><time>2026-07-11T14:57:26Z</time></trkpt>
      <trkpt lat="41.39246" lon="-81.749927"><ele>232.5</ele><time>2026-07-11T14:57:27Z</time></trkpt>
      <trkpt lat="41.39246" lon="-81.749962"><ele>232.5</ele><time>2026-07-11T14:57:28Z</time></trkpt>
      <trkpt lat="41.392459" lon="-81.749996"><ele>232.5</ele><time>2026-07-11T14:57:29Z</time></trkpt>
      <trkpt lat="41.392458" lon="-81.750027"><ele>232.5</ele><time>2026-07-11T14:57:30Z</time></trkpt>
      <trkpt lat="41.39246" lon="-81.750062"><ele>232.5</ele><time>2026-07-11T14:57:31Z</time></trkpt>
      <trkpt lat="41.392462" lon="-81.750099"><ele>232.5</ele><time>2026-07-11T14:57:32Z</time></trkpt>
      <trkpt lat="41.39246" lon="-81.750131"><ele>232.5</ele><time>2026-07-11T14:57:33Z</time></trkpt>
      <trkpt lat="41.392459" lon="-81.750163"><ele>232.5</ele><time>2026-07-11T14:57:34Z</time></trkpt>
      <trkpt lat="41.39246" lon="-81.750198"><ele>232.5</ele><time>2026-07-11T14:57:35Z</time></trkpt>
      <trkpt lat="41.392457" lon="-81.750231"><ele>232.5</ele><time>2026-07-11T14:57:36Z</time></trkpt>
      <trkpt lat="41.392456" lon="-81.750264"><ele>232.5</ele><time>2026-07-11T14:57:37Z</time></trkpt>
      <trkpt lat="41.392455" lon="-81.750297"><ele>232.5</ele><time>2026-07-11T14:57:38Z</time></trkpt>
      <trkpt lat="41.392455" lon="-81.750326"><ele>232.5</ele><time>2026-07-11T14:57:39Z</time></trkpt>
      <trkpt lat="41.392453" lon="-81.750358"><ele>232.5</ele><time>2026-07-11T14:57:40Z</time></trkpt>
      <trkpt lat="41.392453" lon="-81.750394"><ele>232.5</ele><time>2026-07-11T14:57:41Z</time></trkpt>
      <trkpt lat="41.392453" lon="-81.75043"><ele>232.5</ele><time>2026-07-11T14:57:42Z</time></trkpt>
      <trkpt lat="41.392453" lon="-81.750462"><ele>232.5</ele><time>2026-07-11T14:57:43Z</time></trkpt>
      <trkpt lat="41.392454" lon="-81.7505"><ele>232.5</ele><time>2026-07-11T14:57:44Z</time></trkpt>
      <trkpt lat="41.392452" lon="-81.750541"><ele>232.5</ele><time>2026-07-11T14:57:45Z</time></trkpt>
      <trkpt lat="41.392451" lon="-81.750576"><ele>232.5</ele><time>2026-07-11T14:57:46Z</time></trkpt>
      <trkpt lat="41.392452" lon="-81.75061"><ele>232.5</ele><time>2026-07-11T14:57:47Z</time></trkpt>
      <trkpt lat="41.392452" lon="-81.750643"><ele>232.5</ele><time>2026-07-11T14:57:48Z</time></trkpt>
      <trkpt lat="41.392452" lon="-81.750677"><ele>232.5</ele><time>2026-07-11T14:57:49Z</time></trkpt>
      <trkpt lat="41.392451" lon="-81.750714"><ele>232.5</ele><time>2026-07-11T14:57:50Z</time></trkpt>
      <trkpt lat="41.392452" lon="-81.750749"><ele>233</ele><time>2026-07-11T14:57:51Z</time></trkpt>
      <trkpt lat="41.392454" lon="-81.75079"><ele>233</ele><time>2026-07-11T14:57:52Z</time></trkpt>
      <trkpt lat="41.392456" lon="-81.75083"><ele>232.8</ele><time>2026-07-11T14:57:53Z</time></trkpt>
      <trkpt lat="41.392456" lon="-81.750869"><ele>232.8</ele><time>2026-07-11T14:57:54Z</time></trkpt>
      <trkpt lat="41.392456" lon="-81.750904"><ele>232.7</ele><time>2026-07-11T14:57:55Z</time></trkpt>
      <trkpt lat="41.392456" lon="-81.750938"><ele>232.6</ele><time>2026-07-11T14:57:56Z</time></trkpt>
      <trkpt lat="41.392456" lon="-81.750973"><ele>232.5</ele><time>2026-07-11T14:57:57Z</time></trkpt>
      <trkpt lat="41.392452" lon="-81.751008"><ele>232.5</ele><time>2026-07-11T14:57:58Z</time></trkpt>
      <trkpt lat="41.392451" lon="-81.75105"><ele>232.4</ele><time>2026-07-11T14:57:59Z</time></trkpt>
      <trkpt lat="41.392449" lon="-81.751093"><ele>232.1</ele><time>2026-07-11T14:58:00Z</time></trkpt>
      <trkpt lat="41.392447" lon="-81.751127"><ele>232</ele><time>2026-07-11T14:58:01Z</time></trkpt>
      <trkpt lat="41.392448" lon="-81.751166"><ele>231.9</ele><time>2026-07-11T14:58:02Z</time></trkpt>
      <trkpt lat="41.392448" lon="-81.751204"><ele>232</ele><time>2026-07-11T14:58:03Z</time></trkpt>
      <trkpt lat="41.392447" lon="-81.75124"><ele>232.1</ele><time>2026-07-11T14:58:04Z</time></trkpt>
      <trkpt lat="41.392447" lon="-81.751272"><ele>232.1</ele><time>2026-07-11T14:58:05Z</time></trkpt>
      <trkpt lat="41.392446" lon="-81.751316"><ele>232.2</ele><time>2026-07-11T14:58:06Z</time></trkpt>
      <trkpt lat="41.392442" lon="-81.751354"><ele>231.799</ele><time>2026-07-11T14:58:07Z</time></trkpt>
      <trkpt lat="41.392442" lon="-81.751398"><ele>231.799</ele><time>2026-07-11T14:58:08Z</time></trkpt>
      <trkpt lat="41.39244" lon="-81.751442"><ele>232</ele><time>2026-07-11T14:58:09Z</time></trkpt>
      <trkpt lat="41.392439" lon="-81.751481"><ele>232</ele><time>2026-07-11T14:58:10Z</time></trkpt>
      <trkpt lat="41.39244" lon="-81.75152"><ele>231.9</ele><time>2026-07-11T14:58:11Z</time></trkpt>
      <trkpt lat="41.39244" lon="-81.751556"><ele>231.8</ele><time>2026-07-11T14:58:12Z</time></trkpt>
      <trkpt lat="41.392441" lon="-81.751594"><ele>231.8</ele><time>2026-07-11T14:58:13Z</time></trkpt>
      <trkpt lat="41.392441" lon="-81.751627"><ele>231.7</ele><time>2026-07-11T14:58:14Z</time></trkpt>
      <trkpt lat="41.392441" lon="-81.751648"><ele>231.7</ele><time>2026-07-11T14:58:15Z</time></trkpt>
      <trkpt lat="41.392439" lon="-81.751709"><ele>231.6</ele><time>2026-07-11T14:58:16Z</time></trkpt>
      <trkpt lat="41.392442" lon="-81.751753"><ele>231.6</ele><time>2026-07-11T14:58:17Z</time></trkpt>
      <trkpt lat="41.392445" lon="-81.751793"><ele>231.6</ele><time>2026-07-11T14:58:18Z</time></trkpt>
      <trkpt lat="41.392447" lon="-81.751828"><ele>231.5</ele><time>2026-07-11T14:58:19Z</time></trkpt>
      <trkpt lat="41.392449" lon="-81.751861"><ele>231.5</ele><time>2026-07-11T14:58:20Z</time></trkpt>
      <trkpt lat="41.392448" lon="-81.751891"><ele>231.3</ele><time>2026-07-11T14:58:21Z</time></trkpt>
      <trkpt lat="41.392446" lon="-81.751924"><ele>231.2</ele><time>2026-07-11T14:58:22Z</time></trkpt>
      <trkpt lat="41.392444" lon="-81.751955"><ele>231.1</ele><time>2026-07-11T14:58:23Z</time></trkpt>
      <trkpt lat="41.392442" lon="-81.75198"><ele>231.1</ele><time>2026-07-11T14:58:24Z</time></trkpt>
      <trkpt lat="41.392442" lon="-81.752011"><ele>231.1</ele><time>2026-07-11T14:58:25Z</time></trkpt>
      <trkpt lat="41.392441" lon="-81.752046"><ele>231</ele><time>2026-07-11T14:58:26Z</time></trkpt>
      <trkpt lat="41.392435" lon="-81.75208"><ele>231</ele><time>2026-07-11T14:58:27Z</time></trkpt>
      <trkpt lat="41.392431" lon="-81.752114"><ele>231</ele><time>2026-07-11T14:58:28Z</time></trkpt>
      <trkpt lat="41.392429" lon="-81.752149"><ele>230.9</ele><time>2026-07-11T14:58:29Z</time></trkpt>
      <trkpt lat="41.392429" lon="-81.752184"><ele>231</ele><time>2026-07-11T14:58:30Z</time></trkpt>
      <trkpt lat="41.392429" lon="-81.752225"><ele>231</ele><time>2026-07-11T14:58:31Z</time></trkpt>
      <trkpt lat="41.392431" lon="-81.752265"><ele>231</ele><time>2026-07-11T14:58:32Z</time></trkpt>
      <trkpt lat="41.392432" lon="-81.752304"><ele>231.1</ele><time>2026-07-11T14:58:33Z</time></trkpt>
      <trkpt lat="41.392433" lon="-81.752346"><ele>231.2</ele><time>2026-07-11T14:58:34Z</time></trkpt>
      <trkpt lat="41.392433" lon="-81.752385"><ele>231.3</ele><time>2026-07-11T14:58:35Z</time></trkpt>
      <trkpt lat="41.392435" lon="-81.752428"><ele>231.4</ele><time>2026-07-11T14:58:36Z</time></trkpt>
      <trkpt lat="41.392436" lon="-81.752472"><ele>231.5</ele><time>2026-07-11T14:58:37Z</time></trkpt>
      <trkpt lat="41.392438" lon="-81.752513"><ele>231.3</ele><time>2026-07-11T14:58:38Z</time></trkpt>
      <trkpt lat="41.392438" lon="-81.752559"><ele>231.3</ele><time>2026-07-11T14:58:39Z</time></trkpt>
      <trkpt lat="41.392437" lon="-81.752603"><ele>231.3</ele><time>2026-07-11T14:58:40Z</time></trkpt>
      <trkpt lat="41.392438" lon="-81.75265"><ele>231.2</ele><time>2026-07-11T14:58:41Z</time></trkpt>
      <trkpt lat="41.392437" lon="-81.752698"><ele>231.1</ele><time>2026-07-11T14:58:42Z</time></trkpt>
      <trkpt lat="41.392436" lon="-81.752747"><ele>231.1</ele><time>2026-07-11T14:58:43Z</time></trkpt>
      <trkpt lat="41.392432" lon="-81.752793"><ele>231.1</ele><time>2026-07-11T14:58:44Z</time></trkpt>
      <trkpt lat="41.392429" lon="-81.752838"><ele>231.1</ele><time>2026-07-11T14:58:45Z</time></trkpt>
      <trkpt lat="41.392431" lon="-81.752888"><ele>230.9</ele><time>2026-07-11T14:58:46Z</time></trkpt>
      <trkpt lat="41.392429" lon="-81.752936"><ele>230.8</ele><time>2026-07-11T14:58:47Z</time></trkpt>
      <trkpt lat="41.392427" lon="-81.752983"><ele>230.6</ele><time>2026-07-11T14:58:48Z</time></trkpt>
      <trkpt lat="41.392426" lon="-81.753029"><ele>230.5</ele><time>2026-07-11T14:58:49Z</time></trkpt>
      <trkpt lat="41.392427" lon="-81.753076"><ele>230.5</ele><time>2026-07-11T14:58:50Z</time></trkpt>
      <trkpt lat="41.392429" lon="-81.753124"><ele>230.4</ele><time>2026-07-11T14:58:51Z</time></trkpt>
      <trkpt lat="41.392431" lon="-81.753169"><ele>230.4</ele><time>2026-07-11T14:58:52Z</time></trkpt>
      <trkpt lat="41.392433" lon="-81.753214"><ele>230.3</ele><time>2026-07-11T14:58:53Z</time></trkpt>
      <trkpt lat="41.392436" lon="-81.753255"><ele>230.3</ele><time>2026-07-11T14:58:54Z</time></trkpt>
      <trkpt lat="41.392438" lon="-81.753295"><ele>230.2</ele><time>2026-07-11T14:58:55Z</time></trkpt>
      <trkpt lat="41.392438" lon="-81.753334"><ele>230.1</ele><time>2026-07-11T14:58:56Z</time></trkpt>
      <trkpt lat="41.392437" lon="-81.753371"><ele>230.1</ele><time>2026-07-11T14:58:57Z</time></trkpt>
      <trkpt lat="41.392439" lon="-81.753397"><ele>230.1</ele><time>2026-07-11T14:58:58Z</time></trkpt>
      <trkpt lat="41.392442" lon="-81.753415"><ele>230.1</ele><time>2026-07-11T14:58:59Z</time></trkpt>
      <trkpt lat="41.392446" lon="-81.753447"><ele>230</ele><time>2026-07-11T14:59:00Z</time></trkpt>
      <trkpt lat="41.392446" lon="-81.753472"><ele>230</ele><time>2026-07-11T14:59:01Z</time></trkpt>
      <trkpt lat="41.392446" lon="-81.753494"><ele>230</ele><time>2026-07-11T14:59:02Z</time></trkpt>
      <trkpt lat="41.392448" lon="-81.753518"><ele>230</ele><time>2026-07-11T14:59:03Z</time></trkpt>
      <trkpt lat="41.392451" lon="-81.753547"><ele>230</ele><time>2026-07-11T14:59:04Z</time></trkpt>
      <trkpt lat="41.392453" lon="-81.753575"><ele>229.9</ele><time>2026-07-11T14:59:05Z</time></trkpt>
      <trkpt lat="41.392453" lon="-81.7536"><ele>229.8</ele><time>2026-07-11T14:59:06Z</time></trkpt>
      <trkpt lat="41.392451" lon="-81.753625"><ele>229.7</ele><time>2026-07-11T14:59:07Z</time></trkpt>
      <trkpt lat="41.392446" lon="-81.753646"><ele>229.6</ele><time>2026-07-11T14:59:08Z</time></trkpt>
      <trkpt lat="41.392443" lon="-81.753673"><ele>229.6</ele><time>2026-07-11T14:59:09Z</time></trkpt>
      <trkpt lat="41.392441" lon="-81.753702"><ele>229.6</ele><time>2026-07-11T14:59:10Z</time></trkpt>
      <trkpt lat="41.392442" lon="-81.753733"><ele>229.6</ele><time>2026-07-11T14:59:11Z</time></trkpt>
      <trkpt lat="41.392444" lon="-81.753763"><ele>229.6</ele><time>2026-07-11T14:59:12Z</time></trkpt>
      <trkpt lat="41.392445" lon="-81.753793"><ele>229.6</ele><time>2026-07-11T14:59:13Z</time></trkpt>
      <trkpt lat="41.392447" lon="-81.75382"><ele>229.6</ele><time>2026-07-11T14:59:14Z</time></trkpt>
      <trkpt lat="41.392448" lon="-81.75385"><ele>229.799</ele><time>2026-07-11T14:59:15Z</time></trkpt>
      <trkpt lat="41.392447" lon="-81.753884"><ele>229.799</ele><time>2026-07-11T14:59:16Z</time></trkpt>
      <trkpt lat="41.392447" lon="-81.753918"><ele>229.6</ele><time>2026-07-11T14:59:17Z</time></trkpt>
      <trkpt lat="41.392449" lon="-81.75395"><ele>229.6</ele><time>2026-07-11T14:59:18Z</time></trkpt>
      <trkpt lat="41.39245" lon="-81.753983"><ele>229.6</ele><time>2026-07-11T14:59:19Z</time></trkpt>
      <trkpt lat="41.39245" lon="-81.754012"><ele>229.6</ele><time>2026-07-11T14:59:20Z</time></trkpt>
      <trkpt lat="41.392451" lon="-81.754036"><ele>229.6</ele><time>2026-07-11T14:59:21Z</time></trkpt>
      <trkpt lat="41.392449" lon="-81.754061"><ele>229.799</ele><time>2026-07-11T14:59:22Z</time></trkpt>
      <trkpt lat="41.392449" lon="-81.754091"><ele>229.899</ele><time>2026-07-11T14:59:23Z</time></trkpt>
      <trkpt lat="41.392449" lon="-81.754122"><ele>229.799</ele><time>2026-07-11T14:59:24Z</time></trkpt>
      <trkpt lat="41.392449" lon="-81.754164"><ele>229.799</ele><time>2026-07-11T14:59:25Z</time></trkpt>
      <trkpt lat="41.392447" lon="-81.754198"><ele>229.799</ele><time>2026-07-11T14:59:26Z</time></trkpt>
      <trkpt lat="41.392444" lon="-81.754228"><ele>229.799</ele><time>2026-07-11T14:59:27Z</time></trkpt>
      <trkpt lat="41.39244" lon="-81.754256"><ele>229.799</ele><time>2026-07-11T14:59:28Z</time></trkpt>
      <trkpt lat="41.392437" lon="-81.754288"><ele>229.8</ele><time>2026-07-11T14:59:29Z</time></trkpt>
      <trkpt lat="41.392436" lon="-81.754329"><ele>229.8</ele><time>2026-07-11T14:59:30Z</time></trkpt>
      <trkpt lat="41.392438" lon="-81.754373"><ele>229.8</ele><time>2026-07-11T14:59:31Z</time></trkpt>
      <trkpt lat="41.392441" lon="-81.754411"><ele>229.8</ele><time>2026-07-11T14:59:32Z</time></trkpt>
      <trkpt lat="41.392443" lon="-81.754446"><ele>229.7</ele><time>2026-07-11T14:59:33Z</time></trkpt>
      <trkpt lat="41.392446" lon="-81.754483"><ele>229.5</ele><time>2026-07-11T14:59:34Z</time></trkpt>
      <trkpt lat="41.392448" lon="-81.754516"><ele>229.4</ele><time>2026-07-11T14:59:35Z</time></trkpt>
      <trkpt lat="41.392448" lon="-81.754548"><ele>229.4</ele><time>2026-07-11T14:59:36Z</time></trkpt>
      <trkpt lat="41.392447" lon="-81.754582"><ele>229.4</ele><time>2026-07-11T14:59:37Z</time></trkpt>
      <trkpt lat="41.392447" lon="-81.754618"><ele>229.3</ele><time>2026-07-11T14:59:38Z</time></trkpt>
      <trkpt lat="41.392447" lon="-81.754653"><ele>229.3</ele><time>2026-07-11T14:59:39Z</time></trkpt>
      <trkpt lat="41.392446" lon="-81.754689"><ele>229.3</ele><time>2026-07-11T14:59:40Z</time></trkpt>
      <trkpt lat="41.392446" lon="-81.754725"><ele>229.3</ele><time>2026-07-11T14:59:41Z</time></trkpt>
      <trkpt lat="41.392445" lon="-81.754758"><ele>229.3</ele><time>2026-07-11T14:59:42Z</time></trkpt>
      <trkpt lat="41.392445" lon="-81.754787"><ele>229.3</ele><time>2026-07-11T14:59:43Z</time></trkpt>
      <trkpt lat="41.392446" lon="-81.754816"><ele>229.3</ele><time>2026-07-11T14:59:44Z</time></trkpt>
      <trkpt lat="41.392446" lon="-81.754844"><ele>229.3</ele><time>2026-07-11T14:59:45Z</time></trkpt>
      <trkpt lat="41.392446" lon="-81.754879"><ele>229.2</ele><time>2026-07-11T14:59:46Z</time></trkpt>
      <trkpt lat="41.392444" lon="-81.754912"><ele>229.2</ele><time>2026-07-11T14:59:47Z</time></trkpt>
      <trkpt lat="41.392442" lon="-81.754947"><ele>229.2</ele><time>2026-07-11T14:59:48Z</time></trkpt>
      <trkpt lat="41.392443" lon="-81.754981"><ele>229.1</ele><time>2026-07-11T14:59:49Z</time></trkpt>
      <trkpt lat="41.392446" lon="-81.755017"><ele>229.1</ele><time>2026-07-11T14:59:50Z</time></trkpt>
      <trkpt lat="41.39245" lon="-81.755057"><ele>229.1</ele><time>2026-07-11T14:59:51Z</time></trkpt>
      <trkpt lat="41.392455" lon="-81.755098"><ele>229.1</ele><time>2026-07-11T14:59:52Z</time></trkpt>
      <trkpt lat="41.392456" lon="-81.755139"><ele>229.1</ele><time>2026-07-11T14:59:53Z</time></trkpt>
      <trkpt lat="41.392455" lon="-81.755185"><ele>229.2</ele><time>2026-07-11T14:59:54Z</time></trkpt>
      <trkpt lat="41.392452" lon="-81.755226"><ele>229.2</ele><time>2026-07-11T14:59:55Z</time></trkpt>
      <trkpt lat="41.39245" lon="-81.755267"><ele>229.2</ele><time>2026-07-11T14:59:56Z</time></trkpt>
      <trkpt lat="41.392449" lon="-81.755305"><ele>229.2</ele><time>2026-07-11T14:59:57Z</time></trkpt>
      <trkpt lat="41.392449" lon="-81.755345"><ele>229.1</ele><time>2026-07-11T14:59:58Z</time></trkpt>
      <trkpt lat="41.392447" lon="-81.755384"><ele>229</ele><time>2026-07-11T14:59:59Z</time></trkpt>
      <trkpt lat="41.392445" lon="-81.755426"><ele>229</ele><time>2026-07-11T15:00:00Z</time></trkpt>
      <trkpt lat="41.392447" lon="-81.755464"><ele>229.1</ele><time>2026-07-11T15:00:01Z</time></trkpt>
      <trkpt lat="41.392449" lon="-81.755509"><ele>229</ele><time>2026-07-11T15:00:02Z</time></trkpt>
      <trkpt lat="41.392451" lon="-81.755553"><ele>228.9</ele><time>2026-07-11T15:00:03Z</time></trkpt>
      <trkpt lat="41.392452" lon="-81.755595"><ele>228.9</ele><time>2026-07-11T15:00:04Z</time></trkpt>
      <trkpt lat="41.392454" lon="-81.755636"><ele>228.8</ele><time>2026-07-11T15:00:05Z</time></trkpt>
      <trkpt lat="41.392456" lon="-81.755677"><ele>228.7</ele><time>2026-07-11T15:00:06Z</time></trkpt>
      <trkpt lat="41.392458" lon="-81.755719"><ele>228.6</ele><time>2026-07-11T15:00:07Z</time></trkpt>
      <trkpt lat="41.392461" lon="-81.755758"><ele>228.6</ele><time>2026-07-11T15:00:08Z</time></trkpt>
      <trkpt lat="41.392466" lon="-81.755795"><ele>228.6</ele><time>2026-07-11T15:00:09Z</time></trkpt>
      <trkpt lat="41.39247" lon="-81.755832"><ele>228.6</ele><time>2026-07-11T15:00:10Z</time></trkpt>
      <trkpt lat="41.392471" lon="-81.755868"><ele>228.5</ele><time>2026-07-11T15:00:11Z</time></trkpt>
      <trkpt lat="41.392473" lon="-81.755905"><ele>228.5</ele><time>2026-07-11T15:00:12Z</time></trkpt>
      <trkpt lat="41.392474" lon="-81.755948"><ele>228.4</ele><time>2026-07-11T15:00:13Z</time></trkpt>
      <trkpt lat="41.392474" lon="-81.755989"><ele>228.5</ele><time>2026-07-11T15:00:14Z</time></trkpt>
      <trkpt lat="41.392474" lon="-81.756031"><ele>228.5</ele><time>2026-07-11T15:00:15Z</time></trkpt>
      <trkpt lat="41.392475" lon="-81.756076"><ele>228.5</ele><time>2026-07-11T15:00:16Z</time></trkpt>
      <trkpt lat="41.392474" lon="-81.756118"><ele>228.5</ele><time>2026-07-11T15:00:17Z</time></trkpt>
      <trkpt lat="41.392474" lon="-81.756161"><ele>228.5</ele><time>2026-07-11T15:00:18Z</time></trkpt>
      <trkpt lat="41.392473" lon="-81.756204"><ele>228.4</ele><time>2026-07-11T15:00:19Z</time></trkpt>
      <trkpt lat="41.392473" lon="-81.756247"><ele>228.4</ele><time>2026-07-11T15:00:20Z</time></trkpt>
      <trkpt lat="41.392474" lon="-81.756289"><ele>228.3</ele><time>2026-07-11T15:00:21Z</time></trkpt>
      <trkpt lat="41.392476" lon="-81.756331"><ele>228.3</ele><time>2026-07-11T15:00:22Z</time></trkpt>
      <trkpt lat="41.392479" lon="-81.756373"><ele>228.5</ele><time>2026-07-11T15:00:23Z</time></trkpt>
      <trkpt lat="41.392481" lon="-81.756412"><ele>228.4</ele><time>2026-07-11T15:00:24Z</time></trkpt>
      <trkpt lat="41.392483" lon="-81.756451"><ele>228.4</ele><time>2026-07-11T15:00:25Z</time></trkpt>
      <trkpt lat="41.392483" lon="-81.75649"><ele>228.1</ele><time>2026-07-11T15:00:26Z</time></trkpt>
      <trkpt lat="41.392483" lon="-81.756527"><ele>228.1</ele><time>2026-07-11T15:00:27Z</time></trkpt>
      <trkpt lat="41.392482" lon="-81.756564"><ele>228.1</ele><time>2026-07-11T15:00:28Z</time></trkpt>
      <trkpt lat="41.392481" lon="-81.756603"><ele>228.1</ele><time>2026-07-11T15:00:29Z</time></trkpt>
      <trkpt lat="41.392481" lon="-81.756641"><ele>228.1</ele><time>2026-07-11T15:00:30Z</time></trkpt>
      <trkpt lat="41.392484" lon="-81.756678"><ele>228</ele><time>2026-07-11T15:00:31Z</time></trkpt>
      <trkpt lat="41.392488" lon="-81.756715"><ele>228</ele><time>2026-07-11T15:00:32Z</time></trkpt>
      <trkpt lat="41.392492" lon="-81.756751"><ele>228</ele><time>2026-07-11T15:00:33Z</time></trkpt>
      <trkpt lat="41.392496" lon="-81.756784"><ele>228</ele><time>2026-07-11T15:00:34Z</time></trkpt>
      <trkpt lat="41.392499" lon="-81.756813"><ele>228</ele><time>2026-07-11T15:00:35Z</time></trkpt>
      <trkpt lat="41.392504" lon="-81.756848"><ele>228</ele><time>2026-07-11T15:00:36Z</time></trkpt>
      <trkpt lat="41.392508" lon="-81.756889"><ele>228</ele><time>2026-07-11T15:00:37Z</time></trkpt>
      <trkpt lat="41.392512" lon="-81.756932"><ele>228</ele><time>2026-07-11T15:00:38Z</time></trkpt>
      <trkpt lat="41.392515" lon="-81.756971"><ele>227.9</ele><time>2026-07-11T15:00:39Z</time></trkpt>
      <trkpt lat="41.392519" lon="-81.757009"><ele>227.8</ele><time>2026-07-11T15:00:40Z</time></trkpt>
      <trkpt lat="41.392522" lon="-81.757045"><ele>227.8</ele><time>2026-07-11T15:00:41Z</time></trkpt>
      <trkpt lat="41.392524" lon="-81.757082"><ele>227.8</ele><time>2026-07-11T15:00:42Z</time></trkpt>
      <trkpt lat="41.392527" lon="-81.757118"><ele>227.8</ele><time>2026-07-11T15:00:43Z</time></trkpt>
      <trkpt lat="41.39253" lon="-81.757152"><ele>227.8</ele><time>2026-07-11T15:00:44Z</time></trkpt>
      <trkpt lat="41.392533" lon="-81.75718"><ele>227.8</ele><time>2026-07-11T15:00:45Z</time></trkpt>
      <trkpt lat="41.392532" lon="-81.757215"><ele>227.8</ele><time>2026-07-11T15:00:46Z</time></trkpt>
      <trkpt lat="41.392534" lon="-81.757248"><ele>227.8</ele><time>2026-07-11T15:00:47Z</time></trkpt>
      <trkpt lat="41.392534" lon="-81.757283"><ele>227.8</ele><time>2026-07-11T15:00:48Z</time></trkpt>
      <trkpt lat="41.392534" lon="-81.757316"><ele>227.8</ele><time>2026-07-11T15:00:49Z</time></trkpt>
      <trkpt lat="41.392531" lon="-81.757345"><ele>227.8</ele><time>2026-07-11T15:00:50Z</time></trkpt>
      <trkpt lat="41.39253" lon="-81.757375"><ele>227.8</ele><time>2026-07-11T15:00:51Z</time></trkpt>
      <trkpt lat="41.392528" lon="-81.757407"><ele>227.8</ele><time>2026-07-11T15:00:52Z</time></trkpt>
      <trkpt lat="41.39253" lon="-81.757439"><ele>227.8</ele><time>2026-07-11T15:00:53Z</time></trkpt>
      <trkpt lat="41.392534" lon="-81.757476"><ele>227.8</ele><time>2026-07-11T15:00:54Z</time></trkpt>
      <trkpt lat="41.392538" lon="-81.757512"><ele>228</ele><time>2026-07-11T15:00:55Z</time></trkpt>
      <trkpt lat="41.392543" lon="-81.757551"><ele>227.8</ele><time>2026-07-11T15:00:56Z</time></trkpt>
      <trkpt lat="41.392548" lon="-81.757589"><ele>227.8</ele><time>2026-07-11T15:00:57Z</time></trkpt>
      <trkpt lat="41.392552" lon="-81.757629"><ele>227.7</ele><time>2026-07-11T15:00:58Z</time></trkpt>
      <trkpt lat="41.392554" lon="-81.757663"><ele>227.9</ele><time>2026-07-11T15:00:59Z</time></trkpt>
      <trkpt lat="41.392556" lon="-81.757699"><ele>227.8</ele><time>2026-07-11T15:01:00Z</time></trkpt>
      <trkpt lat="41.392556" lon="-81.757738"><ele>228.1</ele><time>2026-07-11T15:01:01Z</time></trkpt>
      <trkpt lat="41.392559" lon="-81.757775"><ele>228.1</ele><time>2026-07-11T15:01:02Z</time></trkpt>
      <trkpt lat="41.392563" lon="-81.757811"><ele>228.2</ele><time>2026-07-11T15:01:03Z</time></trkpt>
      <trkpt lat="41.392565" lon="-81.757845"><ele>227.6</ele><time>2026-07-11T15:01:04Z</time></trkpt>
      <trkpt lat="41.392567" lon="-81.757884"><ele>227.6</ele><time>2026-07-11T15:01:05Z</time></trkpt>
      <trkpt lat="41.39257" lon="-81.75792"><ele>227.6</ele><time>2026-07-11T15:01:06Z</time></trkpt>
      <trkpt lat="41.392572" lon="-81.757957"><ele>228.1</ele><time>2026-07-11T15:01:07Z</time></trkpt>
      <trkpt lat="41.392572" lon="-81.757993"><ele>228.2</ele><time>2026-07-11T15:01:08Z</time></trkpt>
      <trkpt lat="41.392572" lon="-81.758026"><ele>228.2</ele><time>2026-07-11T15:01:09Z</time></trkpt>
      <trkpt lat="41.392572" lon="-81.758059"><ele>228.2</ele><time>2026-07-11T15:01:10Z</time></trkpt>
      <trkpt lat="41.392571" lon="-81.758095"><ele>228.5</ele><time>2026-07-11T15:01:11Z</time></trkpt>
      <trkpt lat="41.39257" lon="-81.758131"><ele>228.1</ele><time>2026-07-11T15:01:12Z</time></trkpt>
      <trkpt lat="41.392569" lon="-81.758162"><ele>228.1</ele><time>2026-07-11T15:01:13Z</time></trkpt>
      <trkpt lat="41.39257" lon="-81.758197"><ele>228.299</ele><time>2026-07-11T15:01:14Z</time></trkpt>
      <trkpt lat="41.392573" lon="-81.758226"><ele>228.1</ele><time>2026-07-11T15:01:15Z</time></trkpt>
      <trkpt lat="41.392577" lon="-81.758256"><ele>228.1</ele><time>2026-07-11T15:01:16Z</time></trkpt>
      <trkpt lat="41.392584" lon="-81.758278"><ele>228.3</ele><time>2026-07-11T15:01:17Z</time></trkpt>
      <trkpt lat="41.392593" lon="-81.758295"><ele>228.3</ele><time>2026-07-11T15:01:18Z</time></trkpt>
      <trkpt lat="41.3926" lon="-81.758311"><ele>228.1</ele><time>2026-07-11T15:01:19Z</time></trkpt>
      <trkpt lat="41.39261" lon="-81.758325"><ele>228.1</ele><time>2026-07-11T15:01:20Z</time></trkpt>
      <trkpt lat="41.392621" lon="-81.758338"><ele>228.2</ele><time>2026-07-11T15:01:21Z</time></trkpt>
      <trkpt lat="41.392632" lon="-81.758353"><ele>228.5</ele><time>2026-07-11T15:01:22Z</time></trkpt>
      <trkpt lat="41.392639" lon="-81.758369"><ele>228</ele><time>2026-07-11T15:01:23Z</time></trkpt>
      <trkpt lat="41.392646" lon="-81.758385"><ele>227.9</ele><time>2026-07-11T15:01:24Z</time></trkpt>
      <trkpt lat="41.392653" lon="-81.758405"><ele>227.6</ele><time>2026-07-11T15:01:25Z</time></trkpt>
      <trkpt lat="41.392659" lon="-81.758425"><ele>227.6</ele><time>2026-07-11T15:01:26Z</time></trkpt>
      <trkpt lat="41.392664" lon="-81.758449"><ele>227.9</ele><time>2026-07-11T15:01:27Z</time></trkpt>
      <trkpt lat="41.392672" lon="-81.758475"><ele>227.7</ele><time>2026-07-11T15:01:28Z</time></trkpt>
      <trkpt lat="41.392682" lon="-81.758506"><ele>227.6</ele><time>2026-07-11T15:01:29Z</time></trkpt>
      <trkpt lat="41.392691" lon="-81.758531"><ele>227.4</ele><time>2026-07-11T15:01:30Z</time></trkpt>
      <trkpt lat="41.392703" lon="-81.758556"><ele>227.5</ele><time>2026-07-11T15:01:31Z</time></trkpt>
      <trkpt lat="41.392718" lon="-81.758584"><ele>227.4</ele><time>2026-07-11T15:01:32Z</time></trkpt>
      <trkpt lat="41.392737" lon="-81.758611"><ele>227.7</ele><time>2026-07-11T15:01:33Z</time></trkpt>
      <trkpt lat="41.392758" lon="-81.758638"><ele>227.5</ele><time>2026-07-11T15:01:34Z</time></trkpt>
      <trkpt lat="41.392777" lon="-81.758664"><ele>227.6</ele><time>2026-07-11T15:01:35Z</time></trkpt>
      <trkpt lat="41.392795" lon="-81.758687"><ele>227.6</ele><time>2026-07-11T15:01:36Z</time></trkpt>
      <trkpt lat="41.392808" lon="-81.758705"><ele>227</ele><time>2026-07-11T15:01:37Z</time></trkpt>
      <trkpt lat="41.392816" lon="-81.758719"><ele>226.8</ele><time>2026-07-11T15:01:38Z</time></trkpt>
      <trkpt lat="41.392821" lon="-81.758722"><ele>227</ele><time>2026-07-11T15:01:39Z</time></trkpt>
      <trkpt lat="41.392823" lon="-81.758724"><ele>226.9</ele><time>2026-07-11T15:01:40Z</time></trkpt>
      <trkpt lat="41.392825" lon="-81.758723"><ele>226.6</ele><time>2026-07-11T15:01:41Z</time></trkpt>
      <trkpt lat="41.392825" lon="-81.758722"><ele>226.6</ele><time>2026-07-11T15:01:42Z</time></trkpt>
      <trkpt lat="41.392826" lon="-81.758723"><ele>227.2</ele><time>2026-07-11T15:01:43Z</time></trkpt>
      <trkpt lat="41.392829" lon="-81.758725"><ele>227.2</ele><time>2026-07-11T15:01:44Z</time></trkpt>
      <trkpt lat="41.392831" lon="-81.758728"><ele>227.2</ele><time>2026-07-11T15:01:45Z</time></trkpt>
      <trkpt lat="41.392833" lon="-81.75873"><ele>227.2</ele><time>2026-07-11T15:01:46Z</time></trkpt>
      <trkpt lat="41.392834" lon="-81.758732"><ele>227.2</ele><time>2026-07-11T15:01:47Z</time></trkpt>
      <trkpt lat="41.392834" lon="-81.758733"><ele>227.2</ele><time>2026-07-11T15:01:48Z</time></trkpt>
      <trkpt lat="41.392834" lon="-81.758733"><ele>227.2</ele><time>2026-07-11T15:01:49Z</time></trkpt>
      <trkpt lat="41.392833" lon="-81.758733"><ele>227.2</ele><time>2026-07-11T15:01:50Z</time></trkpt>
      <trkpt lat="41.392831" lon="-81.758734"><ele>227.2</ele><time>2026-07-11T15:01:51Z</time></trkpt>
      <trkpt lat="41.392829" lon="-81.758734"><ele>227.2</ele><time>2026-07-11T15:01:52Z</time></trkpt>
      <trkpt lat="41.392828" lon="-81.758733"><ele>227.2</ele><time>2026-07-11T15:01:53Z</time></trkpt>
      <trkpt lat="41.392827" lon="-81.758732"><ele>227.2</ele><time>2026-07-11T15:01:54Z</time></trkpt>
      <trkpt lat="41.392826" lon="-81.758732"><ele>227.2</ele><time>2026-07-11T15:01:55Z</time></trkpt>
      <trkpt lat="41.392826" lon="-81.758733"><ele>227.2</ele><time>2026-07-11T15:01:56Z</time></trkpt>
      <trkpt lat="41.392825" lon="-81.758734"><ele>227.2</ele><time>2026-07-11T15:01:57Z</time></trkpt>
      <trkpt lat="41.392826" lon="-81.758735"><ele>227.2</ele><time>2026-07-11T15:01:58Z</time></trkpt>
      <trkpt lat="41.392827" lon="-81.758736"><ele>227.2</ele><time>2026-07-11T15:01:59Z</time></trkpt>
      <trkpt lat="41.392827" lon="-81.758738"><ele>227.2</ele><time>2026-07-11T15:02:00Z</time></trkpt>
      <trkpt lat="41.392827" lon="-81.75874"><ele>227.2</ele><time>2026-07-11T15:02:01Z</time></trkpt>
      <trkpt lat="41.392828" lon="-81.75874"><ele>227.2</ele><time>2026-07-11T15:02:02Z</time></trkpt>
      <trkpt lat="41.392832" lon="-81.75874"><ele>227.2</ele><time>2026-07-11T15:02:03Z</time></trkpt>
      <trkpt lat="41.392835" lon="-81.758741"><ele>227.2</ele><time>2026-07-11T15:02:04Z</time></trkpt>
      <trkpt lat="41.392838" lon="-81.758742"><ele>227.2</ele><time>2026-07-11T15:02:05Z</time></trkpt>
      <trkpt lat="41.39284" lon="-81.758744"><ele>227.2</ele><time>2026-07-11T15:02:06Z</time></trkpt>
      <trkpt lat="41.392841" lon="-81.758746"><ele>227.2</ele><time>2026-07-11T15:02:07Z</time></trkpt>
      <trkpt lat="41.392842" lon="-81.758747"><ele>227.2</ele><time>2026-07-11T15:02:08Z</time></trkpt>
      <trkpt lat="41.392843" lon="-81.758749"><ele>227.2</ele><time>2026-07-11T15:02:09Z</time></trkpt>
      <trkpt lat="41.392843" lon="-81.75875"><ele>227.2</ele><time>2026-07-11T15:02:10Z</time></trkpt>
      <trkpt lat="41.392843" lon="-81.758751"><ele>227.2</ele><time>2026-07-11T15:02:11Z</time></trkpt>
      <trkpt lat="41.392843" lon="-81.758754"><ele>227.2</ele><time>2026-07-11T15:02:12Z</time></trkpt>
      <trkpt lat="41.392843" lon="-81.758755"><ele>227.2</ele><time>2026-07-11T15:02:13Z</time></trkpt>
      <trkpt lat="41.392843" lon="-81.758755"><ele>227.1</ele><time>2026-07-11T15:02:14Z</time></trkpt>
      <trkpt lat="41.392843" lon="-81.758755"><ele>227.1</ele><time>2026-07-11T15:02:15Z</time></trkpt>
      <trkpt lat="41.392842" lon="-81.758755"><ele>227.1</ele><time>2026-07-11T15:02:16Z</time></trkpt>
      <trkpt lat="41.392841" lon="-81.758756"><ele>227.1</ele><time>2026-07-11T15:02:17Z</time></trkpt>
      <trkpt lat="41.392842" lon="-81.758756"><ele>227.1</ele><time>2026-07-11T15:02:18Z</time></trkpt>
      <trkpt lat="41.392843" lon="-81.758756"><ele>227.1</ele><time>2026-07-11T15:02:19Z</time></trkpt>
      <trkpt lat="41.392845" lon="-81.758757"><ele>227.1</ele><time>2026-07-11T15:02:20Z</time></trkpt>
      <trkpt lat="41.392847" lon="-81.75876"><ele>227.1</ele><time>2026-07-11T15:02:21Z</time></trkpt>
      <trkpt lat="41.392851" lon="-81.758766"><ele>227.1</ele><time>2026-07-11T15:02:22Z</time></trkpt>
      <trkpt lat="41.392855" lon="-81.758775"><ele>227.1</ele><time>2026-07-11T15:02:23Z</time></trkpt>
      <trkpt lat="41.392859" lon="-81.758785"><ele>227.1</ele><time>2026-07-11T15:02:24Z</time></trkpt>
      <trkpt lat="41.392862" lon="-81.758793"><ele>227.1</ele><time>2026-07-11T15:02:25Z</time></trkpt>
      <trkpt lat="41.392862" lon="-81.758797"><ele>227.1</ele><time>2026-07-11T15:02:26Z</time></trkpt>
      <trkpt lat="41.392856" lon="-81.758793"><ele>227.1</ele><time>2026-07-11T15:02:27Z</time></trkpt>
      <trkpt lat="41.392855" lon="-81.7588"><ele>227.1</ele><time>2026-07-11T15:02:28Z</time></trkpt>
      <trkpt lat="41.392859" lon="-81.758812"><ele>227.1</ele><time>2026-07-11T15:02:29Z</time></trkpt>
      <trkpt lat="41.392866" lon="-81.758828"><ele>227.1</ele><time>2026-07-11T15:02:30Z</time></trkpt>
      <trkpt lat="41.392875" lon="-81.758843"><ele>227.1</ele><time>2026-07-11T15:02:31Z</time></trkpt>
      <trkpt lat="41.392886" lon="-81.758859"><ele>227.1</ele><time>2026-07-11T15:02:32Z</time></trkpt>
      <trkpt lat="41.392898" lon="-81.758875"><ele>227.1</ele><time>2026-07-11T15:02:33Z</time></trkpt>
      <trkpt lat="41.39291" lon="-81.758892"><ele>227.1</ele><time>2026-07-11T15:02:34Z</time></trkpt>
      <trkpt lat="41.392921" lon="-81.758909"><ele>227.1</ele><time>2026-07-11T15:02:35Z</time></trkpt>
      <trkpt lat="41.392932" lon="-81.758928"><ele>227.1</ele><time>2026-07-11T15:02:36Z</time></trkpt>
      <trkpt lat="41.392941" lon="-81.758947"><ele>227.1</ele><time>2026-07-11T15:02:37Z</time></trkpt>
      <trkpt lat="41.392948" lon="-81.758968"><ele>227.1</ele><time>2026-07-11T15:02:38Z</time></trkpt>
      <trkpt lat="41.39295" lon="-81.758986"><ele>227.1</ele><time>2026-07-11T15:02:39Z</time></trkpt>
      <trkpt lat="41.392949" lon="-81.759003"><ele>227</ele><time>2026-07-11T15:02:40Z</time></trkpt>
      <trkpt lat="41.392948" lon="-81.759018"><ele>227</ele><time>2026-07-11T15:02:41Z</time></trkpt>
      <trkpt lat="41.392946" lon="-81.759037"><ele>227</ele><time>2026-07-11T15:02:42Z</time></trkpt>
      <trkpt lat="41.392945" lon="-81.759056"><ele>227</ele><time>2026-07-11T15:02:43Z</time></trkpt>
      <trkpt lat="41.39295" lon="-81.759076"><ele>227</ele><time>2026-07-11T15:02:44Z</time></trkpt>
      <trkpt lat="41.392956" lon="-81.759087"><ele>227</ele><time>2026-07-11T15:02:45Z</time></trkpt>
      <trkpt lat="41.392961" lon="-81.759089"><ele>227</ele><time>2026-07-11T15:02:46Z</time></trkpt>
      <trkpt lat="41.392965" lon="-81.759086"><ele>227</ele><time>2026-07-11T15:02:47Z</time></trkpt>
      <trkpt lat="41.392967" lon="-81.759076"><ele>227</ele><time>2026-07-11T15:02:48Z</time></trkpt>
      <trkpt lat="41.392966" lon="-81.75907"><ele>227</ele><time>2026-07-11T15:02:49Z</time></trkpt>
      <trkpt lat="41.392963" lon="-81.759065"><ele>227</ele><time>2026-07-11T15:02:50Z</time></trkpt>
      <trkpt lat="41.392961" lon="-81.759063"><ele>227</ele><time>2026-07-11T15:02:51Z</time></trkpt>
      <trkpt lat="41.392961" lon="-81.759063"><ele>227</ele><time>2026-07-11T15:02:52Z</time></trkpt>
      <trkpt lat="41.392961" lon="-81.759063"><ele>227</ele><time>2026-07-11T15:02:53Z</time></trkpt>
      <trkpt lat="41.392963" lon="-81.759066"><ele>227</ele><time>2026-07-11T15:02:54Z</time></trkpt>
      <trkpt lat="41.392964" lon="-81.759069"><ele>227</ele><time>2026-07-11T15:02:55Z</time></trkpt>
      <trkpt lat="41.392967" lon="-81.759074"><ele>227</ele><time>2026-07-11T15:02:56Z</time></trkpt>
      <trkpt lat="41.39297" lon="-81.759079"><ele>227</ele><time>2026-07-11T15:02:57Z</time></trkpt>
      <trkpt lat="41.392977" lon="-81.759087"><ele>227</ele><time>2026-07-11T15:02:58Z</time></trkpt>
      <trkpt lat="41.392987" lon="-81.759096"><ele>227</ele><time>2026-07-11T15:02:59Z</time></trkpt>
      <trkpt lat="41.393004" lon="-81.759106"><ele>227</ele><time>2026-07-11T15:03:00Z</time></trkpt>
      <trkpt lat="41.393037" lon="-81.759119"><ele>227</ele><time>2026-07-11T15:03:01Z</time></trkpt>
      <trkpt lat="41.393068" lon="-81.759127"><ele>227</ele><time>2026-07-11T15:03:02Z</time></trkpt>
      <trkpt lat="41.393095" lon="-81.759129"><ele>227.1</ele><time>2026-07-11T15:03:03Z</time></trkpt>
      <trkpt lat="41.393123" lon="-81.759128"><ele>227.1</ele><time>2026-07-11T15:03:04Z</time></trkpt>
      <trkpt lat="41.393156" lon="-81.759126"><ele>227.1</ele><time>2026-07-11T15:03:05Z</time></trkpt>
      <trkpt lat="41.393193" lon="-81.759129"><ele>227.1</ele><time>2026-07-11T15:03:06Z</time></trkpt>
      <trkpt lat="41.393228" lon="-81.759138"><ele>227.1</ele><time>2026-07-11T15:03:07Z</time></trkpt>
      <trkpt lat="41.393261" lon="-81.759154"><ele>227.1</ele><time>2026-07-11T15:03:08Z</time></trkpt>
      <trkpt lat="41.393298" lon="-81.759192"><ele>227.1</ele><time>2026-07-11T15:03:09Z</time></trkpt>
      <trkpt lat="41.393335" lon="-81.759235"><ele>227.1</ele><time>2026-07-11T15:03:10Z</time></trkpt>
      <trkpt lat="41.393368" lon="-81.759276"><ele>227.1</ele><time>2026-07-11T15:03:11Z</time></trkpt>
      <trkpt lat="41.393398" lon="-81.759315"><ele>227.1</ele><time>2026-07-11T15:03:12Z</time></trkpt>
      <trkpt lat="41.39343" lon="-81.759363"><ele>227.1</ele><time>2026-07-11T15:03:13Z</time></trkpt>
      <trkpt lat="41.393451" lon="-81.759393"><ele>227.1</ele><time>2026-07-11T15:03:14Z</time></trkpt>
      <trkpt lat="41.393477" lon="-81.759428"><ele>227.1</ele><time>2026-07-11T15:03:15Z</time></trkpt>
      <trkpt lat="41.393502" lon="-81.759464"><ele>227.1</ele><time>2026-07-11T15:03:16Z</time></trkpt>
      <trkpt lat="41.393527" lon="-81.759503"><ele>227.1</ele><time>2026-07-11T15:03:17Z</time></trkpt>
      <trkpt lat="41.393551" lon="-81.759541"><ele>227.1</ele><time>2026-07-11T15:03:18Z</time></trkpt>
      <trkpt lat="41.393581" lon="-81.75958"><ele>227.1</ele><time>2026-07-11T15:03:19Z</time></trkpt>
      <trkpt lat="41.393608" lon="-81.75962"><ele>227.1</ele><time>2026-07-11T15:03:20Z</time></trkpt>
      <trkpt lat="41.39363" lon="-81.75966"><ele>227.1</ele><time>2026-07-11T15:03:21Z</time></trkpt>
      <trkpt lat="41.393651" lon="-81.759705"><ele>227.1</ele><time>2026-07-11T15:03:22Z</time></trkpt>
      <trkpt lat="41.393669" lon="-81.75975"><ele>227.1</ele><time>2026-07-11T15:03:23Z</time></trkpt>
      <trkpt lat="41.393674" lon="-81.759796"><ele>227.1</ele><time>2026-07-11T15:03:24Z</time></trkpt>
      <trkpt lat="41.393668" lon="-81.759842"><ele>227.1</ele><time>2026-07-11T15:03:25Z</time></trkpt>
      <trkpt lat="41.393654" lon="-81.759885"><ele>227.1</ele><time>2026-07-11T15:03:26Z</time></trkpt>
      <trkpt lat="41.393636" lon="-81.759923"><ele>227.1</ele><time>2026-07-11T15:03:27Z</time></trkpt>
      <trkpt lat="41.393615" lon="-81.759954"><ele>227.1</ele><time>2026-07-11T15:03:28Z</time></trkpt>
      <trkpt lat="41.393592" lon="-81.75999"><ele>227.1</ele><time>2026-07-11T15:03:29Z</time></trkpt>
      <trkpt lat="41.393569" lon="-81.760021"><ele>227.1</ele><time>2026-07-11T15:03:30Z</time></trkpt>
      <trkpt lat="41.393547" lon="-81.760049"><ele>227.1</ele><time>2026-07-11T15:03:31Z</time></trkpt>
      <trkpt lat="41.393526" lon="-81.760079"><ele>227.1</ele><time>2026-07-11T15:03:32Z</time></trkpt>
      <trkpt lat="41.393506" lon="-81.760112"><ele>227.1</ele><time>2026-07-11T15:03:33Z</time></trkpt>
      <trkpt lat="41.393487" lon="-81.760143"><ele>227.1</ele><time>2026-07-11T15:03:34Z</time></trkpt>
      <trkpt lat="41.393462" lon="-81.760166"><ele>227.1</ele><time>2026-07-11T15:03:35Z</time></trkpt>
      <trkpt lat="41.393438" lon="-81.760193"><ele>227.1</ele><time>2026-07-11T15:03:36Z</time></trkpt>
      <trkpt lat="41.393404" lon="-81.760236"><ele>227.1</ele><time>2026-07-11T15:03:37Z</time></trkpt>
      <trkpt lat="41.393381" lon="-81.760265"><ele>227.1</ele><time>2026-07-11T15:03:38Z</time></trkpt>
      <trkpt lat="41.393363" lon="-81.760287"><ele>227.1</ele><time>2026-07-11T15:03:39Z</time></trkpt>
      <trkpt lat="41.393347" lon="-81.760306"><ele>227.1</ele><time>2026-07-11T15:03:40Z</time></trkpt>
      <trkpt lat="41.393326" lon="-81.760332"><ele>227.1</ele><time>2026-07-11T15:03:41Z</time></trkpt>
      <trkpt lat="41.393304" lon="-81.760357"><ele>227.1</ele><time>2026-07-11T15:03:42Z</time></trkpt>
      <trkpt lat="41.393285" lon="-81.76038"><ele>227.1</ele><time>2026-07-11T15:03:43Z</time></trkpt>
      <trkpt lat="41.393259" lon="-81.760411"><ele>227.1</ele><time>2026-07-11T15:03:44Z</time></trkpt>
      <trkpt lat="41.393236" lon="-81.760436"><ele>227.1</ele><time>2026-07-11T15:03:45Z</time></trkpt>
      <trkpt lat="41.393214" lon="-81.760459"><ele>227.1</ele><time>2026-07-11T15:03:46Z</time></trkpt>
      <trkpt lat="41.393193" lon="-81.760479"><ele>227.1</ele><time>2026-07-11T15:03:47Z</time></trkpt>
      <trkpt lat="41.39317" lon="-81.760495"><ele>227.1</ele><time>2026-07-11T15:03:48Z</time></trkpt>
      <trkpt lat="41.393152" lon="-81.760515"><ele>227.1</ele><time>2026-07-11T15:03:49Z</time></trkpt>
      <trkpt lat="41.393138" lon="-81.760544"><ele>227.1</ele><time>2026-07-11T15:03:50Z</time></trkpt>
      <trkpt lat="41.393124" lon="-81.760575"><ele>227.1</ele><time>2026-07-11T15:03:51Z</time></trkpt>
      <trkpt lat="41.393107" lon="-81.760604"><ele>227.1</ele><time>2026-07-11T15:03:52Z</time></trkpt>
      <trkpt lat="41.393093" lon="-81.760635"><ele>227.1</ele><time>2026-07-11T15:03:53Z</time></trkpt>
      <trkpt lat="41.393076" lon="-81.760684"><ele>227.1</ele><time>2026-07-11T15:03:54Z</time></trkpt>
      <trkpt lat="41.393069" lon="-81.760714"><ele>227.1</ele><time>2026-07-11T15:03:55Z</time></trkpt>
      <trkpt lat="41.393066" lon="-81.760741"><ele>227.1</ele><time>2026-07-11T15:03:56Z</time></trkpt>
      <trkpt lat="41.393063" lon="-81.760773"><ele>227.1</ele><time>2026-07-11T15:03:57Z</time></trkpt>
      <trkpt lat="41.393057" lon="-81.760815"><ele>227.1</ele><time>2026-07-11T15:03:58Z</time></trkpt>
      <trkpt lat="41.39305" lon="-81.760851"><ele>227.1</ele><time>2026-07-11T15:03:59Z</time></trkpt>
      <trkpt lat="41.393044" lon="-81.760887"><ele>227.1</ele><time>2026-07-11T15:04:00Z</time></trkpt>
      <trkpt lat="41.393036" lon="-81.760922"><ele>227.1</ele><time>2026-07-11T15:04:01Z</time></trkpt>
      <trkpt lat="41.393027" lon="-81.760957"><ele>227.1</ele><time>2026-07-11T15:04:02Z</time></trkpt>
      <trkpt lat="41.393018" lon="-81.76099"><ele>227.1</ele><time>2026-07-11T15:04:03Z</time></trkpt>
      <trkpt lat="41.393011" lon="-81.761024"><ele>227.1</ele><time>2026-07-11T15:04:04Z</time></trkpt>
      <trkpt lat="41.393007" lon="-81.761057"><ele>227.1</ele><time>2026-07-11T15:04:05Z</time></trkpt>
      <trkpt lat="41.393" lon="-81.761088"><ele>227.1</ele><time>2026-07-11T15:04:06Z</time></trkpt>
      <trkpt lat="41.392994" lon="-81.761115"><ele>227.1</ele><time>2026-07-11T15:04:07Z</time></trkpt>
      <trkpt lat="41.39299" lon="-81.761142"><ele>227.1</ele><time>2026-07-11T15:04:08Z</time></trkpt>
      <trkpt lat="41.392988" lon="-81.761165"><ele>227.1</ele><time>2026-07-11T15:04:09Z</time></trkpt>
      <trkpt lat="41.39298" lon="-81.761183"><ele>227.1</ele><time>2026-07-11T15:04:10Z</time></trkpt>
      <trkpt lat="41.392969" lon="-81.761197"><ele>227.1</ele><time>2026-07-11T15:04:11Z</time></trkpt>
      <trkpt lat="41.392957" lon="-81.76121"><ele>227.1</ele><time>2026-07-11T15:04:12Z</time></trkpt>
      <trkpt lat="41.392943" lon="-81.761227"><ele>227.1</ele><time>2026-07-11T15:04:13Z</time></trkpt>
      <trkpt lat="41.39293" lon="-81.761245"><ele>227.1</ele><time>2026-07-11T15:04:14Z</time></trkpt>
      <trkpt lat="41.392915" lon="-81.76126"><ele>227.1</ele><time>2026-07-11T15:04:15Z</time></trkpt>
      <trkpt lat="41.39289" lon="-81.761278"><ele>227.1</ele><time>2026-07-11T15:04:16Z</time></trkpt>
      <trkpt lat="41.392868" lon="-81.761299"><ele>227.1</ele><time>2026-07-11T15:04:17Z</time></trkpt>
      <trkpt lat="41.392852" lon="-81.761328"><ele>227.1</ele><time>2026-07-11T15:04:18Z</time></trkpt>
      <trkpt lat="41.392835" lon="-81.761363"><ele>227.1</ele><time>2026-07-11T15:04:19Z</time></trkpt>
      <trkpt lat="41.392818" lon="-81.761397"><ele>227.1</ele><time>2026-07-11T15:04:20Z</time></trkpt>
      <trkpt lat="41.392802" lon="-81.761434"><ele>227.1</ele><time>2026-07-11T15:04:21Z</time></trkpt>
      <trkpt lat="41.392788" lon="-81.761473"><ele>227.1</ele><time>2026-07-11T15:04:22Z</time></trkpt>
      <trkpt lat="41.392776" lon="-81.761511"><ele>227.1</ele><time>2026-07-11T15:04:23Z</time></trkpt>
      <trkpt lat="41.392765" lon="-81.761547"><ele>227.1</ele><time>2026-07-11T15:04:24Z</time></trkpt>
      <trkpt lat="41.392755" lon="-81.761579"><ele>227.1</ele><time>2026-07-11T15:04:25Z</time></trkpt>
      <trkpt lat="41.392747" lon="-81.761612"><ele>227.1</ele><time>2026-07-11T15:04:26Z</time></trkpt>
      <trkpt lat="41.392738" lon="-81.761639"><ele>227.1</ele><time>2026-07-11T15:04:27Z</time></trkpt>
      <trkpt lat="41.392729" lon="-81.761666"><ele>227.1</ele><time>2026-07-11T15:04:28Z</time></trkpt>
      <trkpt lat="41.392719" lon="-81.761689"><ele>227.1</ele><time>2026-07-11T15:04:29Z</time></trkpt>
      <trkpt lat="41.392709" lon="-81.761714"><ele>227.1</ele><time>2026-07-11T15:04:30Z</time></trkpt>
      <trkpt lat="41.392706" lon="-81.761746"><ele>227.1</ele><time>2026-07-11T15:04:31Z</time></trkpt>
      <trkpt lat="41.392705" lon="-81.761778"><ele>227.1</ele><time>2026-07-11T15:04:32Z</time></trkpt>
      <trkpt lat="41.392702" lon="-81.761807"><ele>227.1</ele><time>2026-07-11T15:04:33Z</time></trkpt>
      <trkpt lat="41.392703" lon="-81.761838"><ele>227.1</ele><time>2026-07-11T15:04:34Z</time></trkpt>
      <trkpt lat="41.392705" lon="-81.761856"><ele>227.1</ele><time>2026-07-11T15:04:35Z</time></trkpt>
      <trkpt lat="41.392707" lon="-81.761876"><ele>227.1</ele><time>2026-07-11T15:04:36Z</time></trkpt>
      <trkpt lat="41.392707" lon="-81.761907"><ele>227.1</ele><time>2026-07-11T15:04:37Z</time></trkpt>
      <trkpt lat="41.392701" lon="-81.761939"><ele>227.1</ele><time>2026-07-11T15:04:38Z</time></trkpt>
      <trkpt lat="41.392697" lon="-81.761967"><ele>227.1</ele><time>2026-07-11T15:04:39Z</time></trkpt>
      <trkpt lat="41.392694" lon="-81.761998"><ele>227.1</ele><time>2026-07-11T15:04:40Z</time></trkpt>
      <trkpt lat="41.392688" lon="-81.762033"><ele>227.1</ele><time>2026-07-11T15:04:41Z</time></trkpt>
      <trkpt lat="41.39268" lon="-81.76207"><ele>227.1</ele><time>2026-07-11T15:04:42Z</time></trkpt>
      <trkpt lat="41.392672" lon="-81.762102"><ele>227.1</ele><time>2026-07-11T15:04:43Z</time></trkpt>
      <trkpt lat="41.392661" lon="-81.762151"><ele>227.1</ele><time>2026-07-11T15:04:44Z</time></trkpt>
      <trkpt lat="41.392659" lon="-81.762197"><ele>227.1</ele><time>2026-07-11T15:04:45Z</time></trkpt>
      <trkpt lat="41.392669" lon="-81.762232"><ele>227.1</ele><time>2026-07-11T15:04:46Z</time></trkpt>
      <trkpt lat="41.392684" lon="-81.762257"><ele>227.1</ele><time>2026-07-11T15:04:47Z</time></trkpt>
      <trkpt lat="41.3927" lon="-81.76228"><ele>227.1</ele><time>2026-07-11T15:04:48Z</time></trkpt>
      <trkpt lat="41.392716" lon="-81.762302"><ele>227.1</ele><time>2026-07-11T15:04:49Z</time></trkpt>
      <trkpt lat="41.392739" lon="-81.762326"><ele>227.1</ele><time>2026-07-11T15:04:50Z</time></trkpt>
      <trkpt lat="41.39276" lon="-81.762349"><ele>227.1</ele><time>2026-07-11T15:04:51Z</time></trkpt>
      <trkpt lat="41.392779" lon="-81.762374"><ele>227.1</ele><time>2026-07-11T15:04:52Z</time></trkpt>
      <trkpt lat="41.392795" lon="-81.762401"><ele>227.1</ele><time>2026-07-11T15:04:53Z</time></trkpt>
      <trkpt lat="41.39281" lon="-81.762428"><ele>227.1</ele><time>2026-07-11T15:04:54Z</time></trkpt>
      <trkpt lat="41.392826" lon="-81.762453"><ele>227.1</ele><time>2026-07-11T15:04:55Z</time></trkpt>
      <trkpt lat="41.392839" lon="-81.762475"><ele>227.1</ele><time>2026-07-11T15:04:56Z</time></trkpt>
      <trkpt lat="41.392855" lon="-81.762496"><ele>227</ele><time>2026-07-11T15:04:57Z</time></trkpt>
      <trkpt lat="41.392869" lon="-81.762514"><ele>227</ele><time>2026-07-11T15:04:58Z</time></trkpt>
      <trkpt lat="41.392881" lon="-81.76253"><ele>227</ele><time>2026-07-11T15:04:59Z</time></trkpt>
      <trkpt lat="41.392888" lon="-81.762548"><ele>227</ele><time>2026-07-11T15:05:00Z</time></trkpt>
      <trkpt lat="41.392884" lon="-81.762574"><ele>226.9</ele><time>2026-07-11T15:05:01Z</time></trkpt>
      <trkpt lat="41.392872" lon="-81.762595"><ele>226.8</ele><time>2026-07-11T15:05:02Z</time></trkpt>
      <trkpt lat="41.392854" lon="-81.762616"><ele>226.7</ele><time>2026-07-11T15:05:03Z</time></trkpt>
      <trkpt lat="41.392831" lon="-81.762642"><ele>226.8</ele><time>2026-07-11T15:05:04Z</time></trkpt>
      <trkpt lat="41.392818" lon="-81.762658"><ele>226.8</ele><time>2026-07-11T15:05:05Z</time></trkpt>
      <trkpt lat="41.392802" lon="-81.762679"><ele>226.8</ele><time>2026-07-11T15:05:06Z</time></trkpt>
      <trkpt lat="41.392785" lon="-81.7627"><ele>226.7</ele><time>2026-07-11T15:05:07Z</time></trkpt>
      <trkpt lat="41.392769" lon="-81.762722"><ele>226.7</ele><time>2026-07-11T15:05:08Z</time></trkpt>
      <trkpt lat="41.392751" lon="-81.762745"><ele>226.8</ele><time>2026-07-11T15:05:09Z</time></trkpt>
      <trkpt lat="41.392731" lon="-81.762769"><ele>227</ele><time>2026-07-11T15:05:10Z</time></trkpt>
      <trkpt lat="41.392703" lon="-81.762798"><ele>227.1</ele><time>2026-07-11T15:05:11Z</time></trkpt>
      <trkpt lat="41.392684" lon="-81.762818"><ele>227.1</ele><time>2026-07-11T15:05:12Z</time></trkpt>
      <trkpt lat="41.392665" lon="-81.762839"><ele>227</ele><time>2026-07-11T15:05:13Z</time></trkpt>
      <trkpt lat="41.39265" lon="-81.762861"><ele>227</ele><time>2026-07-11T15:05:14Z</time></trkpt>
      <trkpt lat="41.392627" lon="-81.762888"><ele>227</ele><time>2026-07-11T15:05:15Z</time></trkpt>
      <trkpt lat="41.392606" lon="-81.762912"><ele>227</ele><time>2026-07-11T15:05:16Z</time></trkpt>
      <trkpt lat="41.392589" lon="-81.762936"><ele>227</ele><time>2026-07-11T15:05:17Z</time></trkpt>
      <trkpt lat="41.39258" lon="-81.762965"><ele>226.95</ele><time>2026-07-11T15:05:18Z</time></trkpt>
      <trkpt lat="41.392575" lon="-81.762994"><ele>226.9</ele><time>2026-07-11T15:05:19Z</time></trkpt>
      <trkpt lat="41.392582" lon="-81.763022"><ele>226.2</ele><time>2026-07-11T15:05:20Z</time></trkpt>
      <trkpt lat="41.392594" lon="-81.763035"><ele>226.2</ele><time>2026-07-11T15:05:21Z</time></trkpt>
      <trkpt lat="41.392603" lon="-81.763048"><ele>226.2</ele><time>2026-07-11T15:05:22Z</time></trkpt>
      <trkpt lat="41.392606" lon="-81.76307"><ele>226.6</ele><time>2026-07-11T15:05:23Z</time></trkpt>
      <trkpt lat="41.392601" lon="-81.763096"><ele>227</ele><time>2026-07-11T15:05:24Z</time></trkpt>
      <trkpt lat="41.392598" lon="-81.763122"><ele>227</ele><time>2026-07-11T15:05:25Z</time></trkpt>
      <trkpt lat="41.392602" lon="-81.763143"><ele>227</ele><time>2026-07-11T15:05:26Z</time></trkpt>
      <trkpt lat="41.392614" lon="-81.763171"><ele>226.9</ele><time>2026-07-11T15:05:27Z</time></trkpt>
      <trkpt lat="41.392628" lon="-81.763195"><ele>227</ele><time>2026-07-11T15:05:28Z</time></trkpt>
      <trkpt lat="41.392644" lon="-81.763216"><ele>227</ele><time>2026-07-11T15:05:29Z</time></trkpt>
      <trkpt lat="41.392657" lon="-81.763236"><ele>226.9</ele><time>2026-07-11T15:05:30Z</time></trkpt>
      <trkpt lat="41.392671" lon="-81.763259"><ele>226.8</ele><time>2026-07-11T15:05:31Z</time></trkpt>
      <trkpt lat="41.392681" lon="-81.763281"><ele>226.8</ele><time>2026-07-11T15:05:32Z</time></trkpt>
      <trkpt lat="41.392692" lon="-81.763299"><ele>226.8</ele><time>2026-07-11T15:05:33Z</time></trkpt>
      <trkpt lat="41.392703" lon="-81.76332"><ele>226.8</ele><time>2026-07-11T15:05:34Z</time></trkpt>
      <trkpt lat="41.392717" lon="-81.763344"><ele>226.8</ele><time>2026-07-11T15:05:35Z</time></trkpt>
      <trkpt lat="41.392737" lon="-81.763373"><ele>226.8</ele><time>2026-07-11T15:05:36Z</time></trkpt>
      <trkpt lat="41.392751" lon="-81.763392"><ele>226.8</ele><time>2026-07-11T15:05:37Z</time></trkpt>
      <trkpt lat="41.392766" lon="-81.763416"><ele>226.9</ele><time>2026-07-11T15:05:38Z</time></trkpt>
      <trkpt lat="41.392783" lon="-81.763448"><ele>226.9</ele><time>2026-07-11T15:05:39Z</time></trkpt>
      <trkpt lat="41.3928" lon="-81.763476"><ele>226.9</ele><time>2026-07-11T15:05:40Z</time></trkpt>
      <trkpt lat="41.392821" lon="-81.76351"><ele>227.1</ele><time>2026-07-11T15:05:41Z</time></trkpt>
      <trkpt lat="41.392836" lon="-81.763532"><ele>227.1</ele><time>2026-07-11T15:05:42Z</time></trkpt>
      <trkpt lat="41.392853" lon="-81.763559"><ele>227.1</ele><time>2026-07-11T15:05:43Z</time></trkpt>
      <trkpt lat="41.392874" lon="-81.763593"><ele>227.299</ele><time>2026-07-11T15:05:44Z</time></trkpt>
      <trkpt lat="41.392889" lon="-81.763617"><ele>227.299</ele><time>2026-07-11T15:05:45Z</time></trkpt>
      <trkpt lat="41.392905" lon="-81.763641"><ele>227.299</ele><time>2026-07-11T15:05:46Z</time></trkpt>
      <trkpt lat="41.392925" lon="-81.763671"><ele>227.299</ele><time>2026-07-11T15:05:47Z</time></trkpt>
      <trkpt lat="41.39294" lon="-81.763695"><ele>227.3</ele><time>2026-07-11T15:05:48Z</time></trkpt>
      <trkpt lat="41.392954" lon="-81.763718"><ele>227.3</ele><time>2026-07-11T15:05:49Z</time></trkpt>
      <trkpt lat="41.392971" lon="-81.763748"><ele>227.4</ele><time>2026-07-11T15:05:50Z</time></trkpt>
      <trkpt lat="41.392985" lon="-81.763775"><ele>227.4</ele><time>2026-07-11T15:05:51Z</time></trkpt>
      <trkpt lat="41.392997" lon="-81.7638"><ele>227.3</ele><time>2026-07-11T15:05:52Z</time></trkpt>
      <trkpt lat="41.393013" lon="-81.76383"><ele>227.2</ele><time>2026-07-11T15:05:53Z</time></trkpt>
      <trkpt lat="41.39303" lon="-81.76386"><ele>227.3</ele><time>2026-07-11T15:05:54Z</time></trkpt>
      <trkpt lat="41.39304" lon="-81.763879"><ele>227.2</ele><time>2026-07-11T15:05:55Z</time></trkpt>
      <trkpt lat="41.393053" lon="-81.7639"><ele>227.1</ele><time>2026-07-11T15:05:56Z</time></trkpt>
      <trkpt lat="41.393067" lon="-81.76392"><ele>227.1</ele><time>2026-07-11T15:05:57Z</time></trkpt>
      <trkpt lat="41.39308" lon="-81.763941"><ele>227.1</ele><time>2026-07-11T15:05:58Z</time></trkpt>
      <trkpt lat="41.393093" lon="-81.763963"><ele>227</ele><time>2026-07-11T15:05:59Z</time></trkpt>
      <trkpt lat="41.393105" lon="-81.763988"><ele>227</ele><time>2026-07-11T15:06:00Z</time></trkpt>
      <trkpt lat="41.393114" lon="-81.764013"><ele>227.1</ele><time>2026-07-11T15:06:01Z</time></trkpt>
      <trkpt lat="41.393121" lon="-81.764039"><ele>227.1</ele><time>2026-07-11T15:06:02Z</time></trkpt>
      <trkpt lat="41.393126" lon="-81.764062"><ele>227.1</ele><time>2026-07-11T15:06:03Z</time></trkpt>
      <trkpt lat="41.393134" lon="-81.764084"><ele>227.1</ele><time>2026-07-11T15:06:04Z</time></trkpt>
      <trkpt lat="41.393149" lon="-81.764116"><ele>227.1</ele><time>2026-07-11T15:06:05Z</time></trkpt>
      <trkpt lat="41.393163" lon="-81.764145"><ele>227.1</ele><time>2026-07-11T15:06:06Z</time></trkpt>
      <trkpt lat="41.393178" lon="-81.764172"><ele>227.2</ele><time>2026-07-11T15:06:07Z</time></trkpt>
      <trkpt lat="41.393192" lon="-81.764196"><ele>227.2</ele><time>2026-07-11T15:06:08Z</time></trkpt>
      <trkpt lat="41.393208" lon="-81.76422"><ele>227.2</ele><time>2026-07-11T15:06:09Z</time></trkpt>
      <trkpt lat="41.393224" lon="-81.764246"><ele>227.2</ele><time>2026-07-11T15:06:10Z</time></trkpt>
      <trkpt lat="41.393237" lon="-81.764268"><ele>227.2</ele><time>2026-07-11T15:06:11Z</time></trkpt>
      <trkpt lat="41.39325" lon="-81.764294"><ele>227.299</ele><time>2026-07-11T15:06:12Z</time></trkpt>
      <trkpt lat="41.39326" lon="-81.764318"><ele>227.2</ele><time>2026-07-11T15:06:13Z</time></trkpt>
      <trkpt lat="41.393273" lon="-81.764347"><ele>227.2</ele><time>2026-07-11T15:06:14Z</time></trkpt>
      <trkpt lat="41.393286" lon="-81.764375"><ele>227</ele><time>2026-07-11T15:06:15Z</time></trkpt>
      <trkpt lat="41.393298" lon="-81.764405"><ele>227.1</ele><time>2026-07-11T15:06:16Z</time></trkpt>
      <trkpt lat="41.393308" lon="-81.764431"><ele>227</ele><time>2026-07-11T15:06:17Z</time></trkpt>
      <trkpt lat="41.393316" lon="-81.76446"><ele>227</ele><time>2026-07-11T15:06:18Z</time></trkpt>
      <trkpt lat="41.393326" lon="-81.764499"><ele>227</ele><time>2026-07-11T15:06:19Z</time></trkpt>
      <trkpt lat="41.393333" lon="-81.764535"><ele>227</ele><time>2026-07-11T15:06:20Z</time></trkpt>
      <trkpt lat="41.393339" lon="-81.764569"><ele>227</ele><time>2026-07-11T15:06:21Z</time></trkpt>
      <trkpt lat="41.393344" lon="-81.7646"><ele>227</ele><time>2026-07-11T15:06:22Z</time></trkpt>
      <trkpt lat="41.393348" lon="-81.764626"><ele>227</ele><time>2026-07-11T15:06:23Z</time></trkpt>
      <trkpt lat="41.393354" lon="-81.764655"><ele>227</ele><time>2026-07-11T15:06:24Z</time></trkpt>
      <trkpt lat="41.393356" lon="-81.76468"><ele>227</ele><time>2026-07-11T15:06:25Z</time></trkpt>
      <trkpt lat="41.393353" lon="-81.764711"><ele>227</ele><time>2026-07-11T15:06:26Z</time></trkpt>
      <trkpt lat="41.393346" lon="-81.764744"><ele>227</ele><time>2026-07-11T15:06:27Z</time></trkpt>
      <trkpt lat="41.393336" lon="-81.764775"><ele>227</ele><time>2026-07-11T15:06:28Z</time></trkpt>
      <trkpt lat="41.393321" lon="-81.764812"><ele>227.1</ele><time>2026-07-11T15:06:29Z</time></trkpt>
      <trkpt lat="41.393306" lon="-81.764846"><ele>227.1</ele><time>2026-07-11T15:06:30Z</time></trkpt>
      <trkpt lat="41.39329" lon="-81.764878"><ele>227.1</ele><time>2026-07-11T15:06:31Z</time></trkpt>
      <trkpt lat="41.393275" lon="-81.764907"><ele>227.1</ele><time>2026-07-11T15:06:32Z</time></trkpt>
      <trkpt lat="41.393254" lon="-81.76493"><ele>227.1</ele><time>2026-07-11T15:06:33Z</time></trkpt>
      <trkpt lat="41.393231" lon="-81.764948"><ele>227.1</ele><time>2026-07-11T15:06:34Z</time></trkpt>
      <trkpt lat="41.393211" lon="-81.764963"><ele>227</ele><time>2026-07-11T15:06:35Z</time></trkpt>
      <trkpt lat="41.393196" lon="-81.764978"><ele>227</ele><time>2026-07-11T15:06:36Z</time></trkpt>
      <trkpt lat="41.393186" lon="-81.764993"><ele>227</ele><time>2026-07-11T15:06:37Z</time></trkpt>
      <trkpt lat="41.393176" lon="-81.765003"><ele>227</ele><time>2026-07-11T15:06:38Z</time></trkpt>
      <trkpt lat="41.393164" lon="-81.765009"><ele>227.1</ele><time>2026-07-11T15:06:39Z</time></trkpt>
      <trkpt lat="41.393149" lon="-81.765015"><ele>227.1</ele><time>2026-07-11T15:06:40Z</time></trkpt>
      <trkpt lat="41.393136" lon="-81.765018"><ele>227.1</ele><time>2026-07-11T15:06:41Z</time></trkpt>
      <trkpt lat="41.393125" lon="-81.765019"><ele>227.1</ele><time>2026-07-11T15:06:42Z</time></trkpt>
      <trkpt lat="41.393105" lon="-81.765028"><ele>227.2</ele><time>2026-07-11T15:06:43Z</time></trkpt>
      <trkpt lat="41.39308" lon="-81.765041"><ele>227.2</ele><time>2026-07-11T15:06:44Z</time></trkpt>
      <trkpt lat="41.393048" lon="-81.765063"><ele>227.1</ele><time>2026-07-11T15:06:45Z</time></trkpt>
      <trkpt lat="41.393019" lon="-81.765083"><ele>227.1</ele><time>2026-07-11T15:06:46Z</time></trkpt>
      <trkpt lat="41.392993" lon="-81.765102"><ele>227.1</ele><time>2026-07-11T15:06:47Z</time></trkpt>
      <trkpt lat="41.392969" lon="-81.765118"><ele>227.1</ele><time>2026-07-11T15:06:48Z</time></trkpt>
      <trkpt lat="41.392934" lon="-81.765143"><ele>227</ele><time>2026-07-11T15:06:49Z</time></trkpt>
      <trkpt lat="41.392914" lon="-81.765155"><ele>227</ele><time>2026-07-11T15:06:50Z</time></trkpt>
      <trkpt lat="41.392892" lon="-81.76517"><ele>227</ele><time>2026-07-11T15:06:51Z</time></trkpt>
      <trkpt lat="41.392866" lon="-81.765188"><ele>227</ele><time>2026-07-11T15:06:52Z</time></trkpt>
      <trkpt lat="41.392848" lon="-81.765204"><ele>227</ele><time>2026-07-11T15:06:53Z</time></trkpt>
      <trkpt lat="41.392824" lon="-81.765224"><ele>227</ele><time>2026-07-11T15:06:54Z</time></trkpt>
      <trkpt lat="41.392802" lon="-81.765237"><ele>227</ele><time>2026-07-11T15:06:55Z</time></trkpt>
      <trkpt lat="41.392772" lon="-81.765246"><ele>227</ele><time>2026-07-11T15:06:56Z</time></trkpt>
      <trkpt lat="41.392746" lon="-81.765255"><ele>227</ele><time>2026-07-11T15:06:57Z</time></trkpt>
      <trkpt lat="41.39272" lon="-81.765269"><ele>227</ele><time>2026-07-11T15:06:58Z</time></trkpt>
      <trkpt lat="41.392688" lon="-81.765287"><ele>226.8</ele><time>2026-07-11T15:06:59Z</time></trkpt>
      <trkpt lat="41.392668" lon="-81.765303"><ele>226.8</ele><time>2026-07-11T15:07:00Z</time></trkpt>
      <trkpt lat="41.392644" lon="-81.765325"><ele>226.8</ele><time>2026-07-11T15:07:01Z</time></trkpt>
      <trkpt lat="41.39262" lon="-81.765343"><ele>226.9</ele><time>2026-07-11T15:07:02Z</time></trkpt>
      <trkpt lat="41.392596" lon="-81.765362"><ele>226.9</ele><time>2026-07-11T15:07:03Z</time></trkpt>
      <trkpt lat="41.39258" lon="-81.765382"><ele>226.9</ele><time>2026-07-11T15:07:04Z</time></trkpt>
      <trkpt lat="41.392563" lon="-81.765409"><ele>226.8</ele><time>2026-07-11T15:07:05Z</time></trkpt>
      <trkpt lat="41.392547" lon="-81.765435"><ele>226.9</ele><time>2026-07-11T15:07:06Z</time></trkpt>
      <trkpt lat="41.39253" lon="-81.765461"><ele>227</ele><time>2026-07-11T15:07:07Z</time></trkpt>
      <trkpt lat="41.392516" lon="-81.765483"><ele>227.1</ele><time>2026-07-11T15:07:08Z</time></trkpt>
      <trkpt lat="41.392502" lon="-81.765502"><ele>227.1</ele><time>2026-07-11T15:07:09Z</time></trkpt>
      <trkpt lat="41.392495" lon="-81.765515"><ele>227.1</ele><time>2026-07-11T15:07:10Z</time></trkpt>
      <trkpt lat="41.392484" lon="-81.76554"><ele>227.1</ele><time>2026-07-11T15:07:11Z</time></trkpt>
      <trkpt lat="41.392472" lon="-81.765567"><ele>227.1</ele><time>2026-07-11T15:07:12Z</time></trkpt>
      <trkpt lat="41.392455" lon="-81.765603"><ele>227</ele><time>2026-07-11T15:07:13Z</time></trkpt>
      <trkpt lat="41.392444" lon="-81.765627"><ele>226.9</ele><time>2026-07-11T15:07:14Z</time></trkpt>
      <trkpt lat="41.392431" lon="-81.765652"><ele>226.9</ele><time>2026-07-11T15:07:15Z</time></trkpt>
      <trkpt lat="41.392418" lon="-81.765675"><ele>227</ele><time>2026-07-11T15:07:16Z</time></trkpt>
      <trkpt lat="41.392401" lon="-81.765709"><ele>226.8</ele><time>2026-07-11T15:07:17Z</time></trkpt>
      <trkpt lat="41.392385" lon="-81.765743"><ele>226.8</ele><time>2026-07-11T15:07:18Z</time></trkpt>
      <trkpt lat="41.392369" lon="-81.765772"><ele>226.8</ele><time>2026-07-11T15:07:19Z</time></trkpt>
      <trkpt lat="41.392354" lon="-81.765793"><ele>226.8</ele><time>2026-07-11T15:07:20Z</time></trkpt>
      <trkpt lat="41.392341" lon="-81.765815"><ele>226.8</ele><time>2026-07-11T15:07:21Z</time></trkpt>
      <trkpt lat="41.392323" lon="-81.765852"><ele>226.8</ele><time>2026-07-11T15:07:22Z</time></trkpt>
      <trkpt lat="41.392307" lon="-81.765883"><ele>226.8</ele><time>2026-07-11T15:07:23Z</time></trkpt>
      <trkpt lat="41.392282" lon="-81.765924"><ele>226.9</ele><time>2026-07-11T15:07:24Z</time></trkpt>
      <trkpt lat="41.392261" lon="-81.765956"><ele>226.85</ele><time>2026-07-11T15:07:25Z</time></trkpt>
      <trkpt lat="41.392242" lon="-81.765986"><ele>226.8</ele><time>2026-07-11T15:07:26Z</time></trkpt>
      <trkpt lat="41.392224" lon="-81.766015"><ele>226.8</ele><time>2026-07-11T15:07:27Z</time></trkpt>
      <trkpt lat="41.392211" lon="-81.76604"><ele>226.8</ele><time>2026-07-11T15:07:28Z</time></trkpt>
      <trkpt lat="41.3922" lon="-81.766068"><ele>226.7</ele><time>2026-07-11T15:07:29Z</time></trkpt>
      <trkpt lat="41.392192" lon="-81.7661"><ele>226.7</ele><time>2026-07-11T15:07:30Z</time></trkpt>
      <trkpt lat="41.392189" lon="-81.766126"><ele>226.6</ele><time>2026-07-11T15:07:31Z</time></trkpt>
      <trkpt lat="41.392189" lon="-81.766156"><ele>226.6</ele><time>2026-07-11T15:07:32Z</time></trkpt>
      <trkpt lat="41.392187" lon="-81.766182"><ele>226.6</ele><time>2026-07-11T15:07:33Z</time></trkpt>
      <trkpt lat="41.392178" lon="-81.766215"><ele>226.6</ele><time>2026-07-11T15:07:34Z</time></trkpt>
      <trkpt lat="41.392172" lon="-81.766232"><ele>226.6</ele><time>2026-07-11T15:07:35Z</time></trkpt>
      <trkpt lat="41.392166" lon="-81.766251"><ele>226.5</ele><time>2026-07-11T15:07:36Z</time></trkpt>
      <trkpt lat="41.392161" lon="-81.766271"><ele>226.6</ele><time>2026-07-11T15:07:37Z</time></trkpt>
      <trkpt lat="41.392156" lon="-81.766289"><ele>226.6</ele><time>2026-07-11T15:07:38Z</time></trkpt>
      <trkpt lat="41.392152" lon="-81.766306"><ele>226.6</ele><time>2026-07-11T15:07:39Z</time></trkpt>
      <trkpt lat="41.392151" lon="-81.766327"><ele>226.6</ele><time>2026-07-11T15:07:40Z</time></trkpt>
      <trkpt lat="41.392149" lon="-81.766348"><ele>226.6</ele><time>2026-07-11T15:07:41Z</time></trkpt>
      <trkpt lat="41.392147" lon="-81.766377"><ele>226.6</ele><time>2026-07-11T15:07:42Z</time></trkpt>
      <trkpt lat="41.392144" lon="-81.766409"><ele>226.5</ele><time>2026-07-11T15:07:43Z</time></trkpt>
      <trkpt lat="41.392139" lon="-81.766452"><ele>226.5</ele><time>2026-07-11T15:07:44Z</time></trkpt>
      <trkpt lat="41.392135" lon="-81.766485"><ele>226.5</ele><time>2026-07-11T15:07:45Z</time></trkpt>
      <trkpt lat="41.392132" lon="-81.76651"><ele>226.5</ele><time>2026-07-11T15:07:46Z</time></trkpt>
      <trkpt lat="41.392124" lon="-81.766544"><ele>226.45</ele><time>2026-07-11T15:07:47Z</time></trkpt>
      <trkpt lat="41.392115" lon="-81.76658"><ele>226.4</ele><time>2026-07-11T15:07:48Z</time></trkpt>
      <trkpt lat="41.392106" lon="-81.766615"><ele>226.5</ele><time>2026-07-11T15:07:49Z</time></trkpt>
      <trkpt lat="41.392095" lon="-81.76665"><ele>226.4</ele><time>2026-07-11T15:07:50Z</time></trkpt>
      <trkpt lat="41.39208" lon="-81.766684"><ele>226.3</ele><time>2026-07-11T15:07:51Z</time></trkpt>
      <trkpt lat="41.392067" lon="-81.766715"><ele>226.3</ele><time>2026-07-11T15:07:52Z</time></trkpt>
      <trkpt lat="41.392048" lon="-81.76675"><ele>226.3</ele><time>2026-07-11T15:07:53Z</time></trkpt>
      <trkpt lat="41.392038" lon="-81.766779"><ele>226.3</ele><time>2026-07-11T15:07:54Z</time></trkpt>
      <trkpt lat="41.392031" lon="-81.76681"><ele>226.4</ele><time>2026-07-11T15:07:55Z</time></trkpt>
      <trkpt lat="41.392025" lon="-81.766838"><ele>226.4</ele><time>2026-07-11T15:07:56Z</time></trkpt>
      <trkpt lat="41.392017" lon="-81.766859"><ele>226.5</ele><time>2026-07-11T15:07:57Z</time></trkpt>
      <trkpt lat="41.392008" lon="-81.766877"><ele>226.5</ele><time>2026-07-11T15:07:58Z</time></trkpt>
      <trkpt lat="41.391997" lon="-81.766894"><ele>226.3</ele><time>2026-07-11T15:07:59Z</time></trkpt>
      <trkpt lat="41.391989" lon="-81.766923"><ele>226.3</ele><time>2026-07-11T15:08:00Z</time></trkpt>
      <trkpt lat="41.391984" lon="-81.766942"><ele>226.3</ele><time>2026-07-11T15:08:01Z</time></trkpt>
      <trkpt lat="41.391977" lon="-81.76697"><ele>226.3</ele><time>2026-07-11T15:08:02Z</time></trkpt>
      <trkpt lat="41.391968" lon="-81.767002"><ele>226.3</ele><time>2026-07-11T15:08:03Z</time></trkpt>
      <trkpt lat="41.391959" lon="-81.76703"><ele>226.3</ele><time>2026-07-11T15:08:04Z</time></trkpt>
      <trkpt lat="41.391949" lon="-81.767056"><ele>226.3</ele><time>2026-07-11T15:08:05Z</time></trkpt>
      <trkpt lat="41.391934" lon="-81.767089"><ele>226.3</ele><time>2026-07-11T15:08:06Z</time></trkpt>
      <trkpt lat="41.391915" lon="-81.767132"><ele>226.2</ele><time>2026-07-11T15:08:07Z</time></trkpt>
      <trkpt lat="41.391894" lon="-81.767173"><ele>226.1</ele><time>2026-07-11T15:08:08Z</time></trkpt>
      <trkpt lat="41.391875" lon="-81.767209"><ele>226.1</ele><time>2026-07-11T15:08:09Z</time></trkpt>
      <trkpt lat="41.391854" lon="-81.76724"><ele>226</ele><time>2026-07-11T15:08:10Z</time></trkpt>
      <trkpt lat="41.391839" lon="-81.767258"><ele>226</ele><time>2026-07-11T15:08:11Z</time></trkpt>
      <trkpt lat="41.39182" lon="-81.767276"><ele>225.7</ele><time>2026-07-11T15:08:12Z</time></trkpt>
      <trkpt lat="41.391803" lon="-81.767296"><ele>225.7</ele><time>2026-07-11T15:08:13Z</time></trkpt>
      <trkpt lat="41.391787" lon="-81.767316"><ele>225.7</ele><time>2026-07-11T15:08:14Z</time></trkpt>
      <trkpt lat="41.391771" lon="-81.767336"><ele>225.7</ele><time>2026-07-11T15:08:15Z</time></trkpt>
      <trkpt lat="41.391754" lon="-81.767355"><ele>225.5</ele><time>2026-07-11T15:08:16Z</time></trkpt>
      <trkpt lat="41.391739" lon="-81.76737"><ele>225.6</ele><time>2026-07-11T15:08:17Z</time></trkpt>
      <trkpt lat="41.391727" lon="-81.767384"><ele>226.2</ele><time>2026-07-11T15:08:18Z</time></trkpt>
      <trkpt lat="41.391715" lon="-81.767399"><ele>225.799</ele><time>2026-07-11T15:08:19Z</time></trkpt>
      <trkpt lat="41.391705" lon="-81.767411"><ele>225.6</ele><time>2026-07-11T15:08:20Z</time></trkpt>
      <trkpt lat="41.391694" lon="-81.767423"><ele>225.6</ele><time>2026-07-11T15:08:21Z</time></trkpt>
      <trkpt lat="41.391683" lon="-81.767438"><ele>225.5</ele><time>2026-07-11T15:08:22Z</time></trkpt>
      <trkpt lat="41.391671" lon="-81.767452"><ele>225.5</ele><time>2026-07-11T15:08:23Z</time></trkpt>
      <trkpt lat="41.39165" lon="-81.76748"><ele>225.6</ele><time>2026-07-11T15:08:24Z</time></trkpt>
      <trkpt lat="41.391627" lon="-81.767512"><ele>225.6</ele><time>2026-07-11T15:08:25Z</time></trkpt>
      <trkpt lat="41.391604" lon="-81.767543"><ele>225.6</ele><time>2026-07-11T15:08:26Z</time></trkpt>
      <trkpt lat="41.391583" lon="-81.767573"><ele>225.6</ele><time>2026-07-11T15:08:27Z</time></trkpt>
      <trkpt lat="41.391569" lon="-81.767607"><ele>225.4</ele><time>2026-07-11T15:08:28Z</time></trkpt>
      <trkpt lat="41.391565" lon="-81.767643"><ele>225.4</ele><time>2026-07-11T15:08:29Z</time></trkpt>
      <trkpt lat="41.391569" lon="-81.767674"><ele>225.4</ele><time>2026-07-11T15:08:30Z</time></trkpt>
      <trkpt lat="41.39158" lon="-81.767697"><ele>225.3</ele><time>2026-07-11T15:08:31Z</time></trkpt>
      <trkpt lat="41.391592" lon="-81.767717"><ele>225.3</ele><time>2026-07-11T15:08:32Z</time></trkpt>
      <trkpt lat="41.391602" lon="-81.767732"><ele>225.3</ele><time>2026-07-11T15:08:33Z</time></trkpt>
      <trkpt lat="41.391612" lon="-81.767747"><ele>225.3</ele><time>2026-07-11T15:08:34Z</time></trkpt>
      <trkpt lat="41.391621" lon="-81.767764"><ele>225.4</ele><time>2026-07-11T15:08:35Z</time></trkpt>
      <trkpt lat="41.391635" lon="-81.767785"><ele>225.4</ele><time>2026-07-11T15:08:36Z</time></trkpt>
      <trkpt lat="41.391647" lon="-81.767803"><ele>225.4</ele><time>2026-07-11T15:08:37Z</time></trkpt>
      <trkpt lat="41.391663" lon="-81.767824"><ele>225.3</ele><time>2026-07-11T15:08:38Z</time></trkpt>
      <trkpt lat="41.391676" lon="-81.767845"><ele>225.3</ele><time>2026-07-11T15:08:39Z</time></trkpt>
      <trkpt lat="41.391686" lon="-81.767869"><ele>225.4</ele><time>2026-07-11T15:08:40Z</time></trkpt>
      <trkpt lat="41.391694" lon="-81.76789"><ele>225.4</ele><time>2026-07-11T15:08:41Z</time></trkpt>
      <trkpt lat="41.3917" lon="-81.767907"><ele>225.5</ele><time>2026-07-11T15:08:42Z</time></trkpt>
      <trkpt lat="41.391706" lon="-81.76792"><ele>225.4</ele><time>2026-07-11T15:08:43Z</time></trkpt>
      <trkpt lat="41.391711" lon="-81.767927"><ele>225.5</ele><time>2026-07-11T15:08:44Z</time></trkpt>
      <trkpt lat="41.391712" lon="-81.767927"><ele>225.5</ele><time>2026-07-11T15:08:45Z</time></trkpt>
      <trkpt lat="41.391713" lon="-81.767926"><ele>225.5</ele><time>2026-07-11T15:08:46Z</time></trkpt>
      <trkpt lat="41.391714" lon="-81.767927"><ele>225</ele><time>2026-07-11T15:08:47Z</time></trkpt>
      <trkpt lat="41.391716" lon="-81.76793"><ele>225</ele><time>2026-07-11T15:08:48Z</time></trkpt>
      <trkpt lat="41.391717" lon="-81.767932"><ele>225</ele><time>2026-07-11T15:08:49Z</time></trkpt>
      <trkpt lat="41.391717" lon="-81.767933"><ele>225</ele><time>2026-07-11T15:08:50Z</time></trkpt>
      <trkpt lat="41.391717" lon="-81.767935"><ele>225</ele><time>2026-07-11T15:08:51Z</time></trkpt>
      <trkpt lat="41.391718" lon="-81.767936"><ele>225</ele><time>2026-07-11T15:08:52Z</time></trkpt>
      <trkpt lat="41.391719" lon="-81.76794"><ele>225</ele><time>2026-07-11T15:08:53Z</time></trkpt>
      <trkpt lat="41.391721" lon="-81.767945"><ele>225</ele><time>2026-07-11T15:08:54Z</time></trkpt>
      <trkpt lat="41.391725" lon="-81.767953"><ele>225</ele><time>2026-07-11T15:08:55Z</time></trkpt>
      <trkpt lat="41.39173" lon="-81.76796"><ele>225</ele><time>2026-07-11T15:08:56Z</time></trkpt>
      <trkpt lat="41.391734" lon="-81.767968"><ele>225</ele><time>2026-07-11T15:08:57Z</time></trkpt>
      <trkpt lat="41.391738" lon="-81.767977"><ele>225</ele><time>2026-07-11T15:08:58Z</time></trkpt>
      <trkpt lat="41.391743" lon="-81.767987"><ele>225</ele><time>2026-07-11T15:08:59Z</time></trkpt>
      <trkpt lat="41.391747" lon="-81.767997"><ele>225</ele><time>2026-07-11T15:09:00Z</time></trkpt>
      <trkpt lat="41.39175" lon="-81.768008"><ele>225</ele><time>2026-07-11T15:09:01Z</time></trkpt>
      <trkpt lat="41.391754" lon="-81.768018"><ele>225</ele><time>2026-07-11T15:09:02Z</time></trkpt>
      <trkpt lat="41.391762" lon="-81.768037"><ele>225</ele><time>2026-07-11T15:09:03Z</time></trkpt>
      <trkpt lat="41.391771" lon="-81.768049"><ele>225</ele><time>2026-07-11T15:09:04Z</time></trkpt>
      <trkpt lat="41.39178" lon="-81.768059"><ele>225</ele><time>2026-07-11T15:09:05Z</time></trkpt>
      <trkpt lat="41.391785" lon="-81.768067"><ele>225</ele><time>2026-07-11T15:09:06Z</time></trkpt>
      <trkpt lat="41.39179" lon="-81.768071"><ele>225</ele><time>2026-07-11T15:09:07Z</time></trkpt>
      <trkpt lat="41.391793" lon="-81.768076"><ele>225</ele><time>2026-07-11T15:09:08Z</time></trkpt>
      <trkpt lat="41.391795" lon="-81.768082"><ele>225</ele><time>2026-07-11T15:09:09Z</time></trkpt>
      <trkpt lat="41.391796" lon="-81.76809"><ele>225</ele><time>2026-07-11T15:09:10Z</time></trkpt>
      <trkpt lat="41.3918" lon="-81.768097"><ele>225</ele><time>2026-07-11T15:09:11Z</time></trkpt>
      <trkpt lat="41.391807" lon="-81.768108"><ele>225</ele><time>2026-07-11T15:09:12Z</time></trkpt>
      <trkpt lat="41.391816" lon="-81.76812"><ele>225</ele><time>2026-07-11T15:09:13Z</time></trkpt>
      <trkpt lat="41.391825" lon="-81.768131"><ele>225</ele><time>2026-07-11T15:09:14Z</time></trkpt>
      <trkpt lat="41.391833" lon="-81.768144"><ele>225</ele><time>2026-07-11T15:09:15Z</time></trkpt>
      <trkpt lat="41.39184" lon="-81.76816"><ele>225</ele><time>2026-07-11T15:09:16Z</time></trkpt>
      <trkpt lat="41.391847" lon="-81.768177"><ele>225</ele><time>2026-07-11T15:09:17Z</time></trkpt>
      <trkpt lat="41.391855" lon="-81.768193"><ele>225</ele><time>2026-07-11T15:09:18Z</time></trkpt>
      <trkpt lat="41.391865" lon="-81.768211"><ele>225</ele><time>2026-07-11T15:09:19Z</time></trkpt>
      <trkpt lat="41.391874" lon="-81.768226"><ele>225.3</ele><time>2026-07-11T15:09:20Z</time></trkpt>
      <trkpt lat="41.391883" lon="-81.768242"><ele>225.3</ele><time>2026-07-11T15:09:21Z</time></trkpt>
      <trkpt lat="41.391891" lon="-81.768256"><ele>225.3</ele><time>2026-07-11T15:09:22Z</time></trkpt>
      <trkpt lat="41.3919" lon="-81.768271"><ele>225.3</ele><time>2026-07-11T15:09:23Z</time></trkpt>
      <trkpt lat="41.39191" lon="-81.768289"><ele>225.3</ele><time>2026-07-11T15:09:24Z</time></trkpt>
      <trkpt lat="41.391918" lon="-81.768301"><ele>225.3</ele><time>2026-07-11T15:09:25Z</time></trkpt>
      <trkpt lat="41.391927" lon="-81.768313"><ele>225.3</ele><time>2026-07-11T15:09:26Z</time></trkpt>
      <trkpt lat="41.391941" lon="-81.768323"><ele>225.3</ele><time>2026-07-11T15:09:27Z</time></trkpt>
      <trkpt lat="41.391958" lon="-81.76833"><ele>225</ele><time>2026-07-11T15:09:28Z</time></trkpt>
      <trkpt lat="41.391971" lon="-81.768339"><ele>225</ele><time>2026-07-11T15:09:29Z</time></trkpt>
      <trkpt lat="41.391983" lon="-81.76835"><ele>225</ele><time>2026-07-11T15:09:30Z</time></trkpt>
      <trkpt lat="41.391995" lon="-81.768363"><ele>225</ele><time>2026-07-11T15:09:31Z</time></trkpt>
      <trkpt lat="41.392008" lon="-81.768376"><ele>225</ele><time>2026-07-11T15:09:32Z</time></trkpt>
      <trkpt lat="41.39202" lon="-81.768388"><ele>225</ele><time>2026-07-11T15:09:33Z</time></trkpt>
      <trkpt lat="41.392031" lon="-81.768401"><ele>225</ele><time>2026-07-11T15:09:34Z</time></trkpt>
      <trkpt lat="41.392041" lon="-81.768413"><ele>225</ele><time>2026-07-11T15:09:35Z</time></trkpt>
      <trkpt lat="41.392052" lon="-81.768425"><ele>225</ele><time>2026-07-11T15:09:36Z</time></trkpt>
      <trkpt lat="41.392063" lon="-81.768438"><ele>225</ele><time>2026-07-11T15:09:37Z</time></trkpt>
      <trkpt lat="41.392073" lon="-81.76845"><ele>225</ele><time>2026-07-11T15:09:38Z</time></trkpt>
      <trkpt lat="41.392082" lon="-81.768461"><ele>225</ele><time>2026-07-11T15:09:39Z</time></trkpt>
      <trkpt lat="41.392091" lon="-81.768471"><ele>225</ele><time>2026-07-11T15:09:40Z</time></trkpt>
      <trkpt lat="41.392103" lon="-81.768484"><ele>225</ele><time>2026-07-11T15:09:41Z</time></trkpt>
      <trkpt lat="41.392112" lon="-81.768493"><ele>225</ele><time>2026-07-11T15:09:42Z</time></trkpt>
      <trkpt lat="41.392121" lon="-81.768503"><ele>225</ele><time>2026-07-11T15:09:43Z</time></trkpt>
      <trkpt lat="41.392131" lon="-81.768512"><ele>225</ele><time>2026-07-11T15:09:44Z</time></trkpt>
      <trkpt lat="41.392138" lon="-81.768519"><ele>225</ele><time>2026-07-11T15:09:45Z</time></trkpt>
      <trkpt lat="41.392144" lon="-81.768525"><ele>225</ele><time>2026-07-11T15:09:46Z</time></trkpt>
      <trkpt lat="41.392153" lon="-81.768535"><ele>225.3</ele><time>2026-07-11T15:09:47Z</time></trkpt>
      <trkpt lat="41.392163" lon="-81.768547"><ele>225.3</ele><time>2026-07-11T15:09:48Z</time></trkpt>
      <trkpt lat="41.392172" lon="-81.768561"><ele>225.3</ele><time>2026-07-11T15:09:49Z</time></trkpt>
      <trkpt lat="41.39218" lon="-81.768574"><ele>225.3</ele><time>2026-07-11T15:09:50Z</time></trkpt>
      <trkpt lat="41.39219" lon="-81.768586"><ele>225.3</ele><time>2026-07-11T15:09:51Z</time></trkpt>
      <trkpt lat="41.392199" lon="-81.768595"><ele>225.3</ele><time>2026-07-11T15:09:52Z</time></trkpt>
      <trkpt lat="41.392209" lon="-81.768603"><ele>225.3</ele><time>2026-07-11T15:09:53Z</time></trkpt>
      <trkpt lat="41.392221" lon="-81.768609"><ele>225.5</ele><time>2026-07-11T15:09:54Z</time></trkpt>
      <trkpt lat="41.392233" lon="-81.768622"><ele>225.5</ele><time>2026-07-11T15:09:55Z</time></trkpt>
      <trkpt lat="41.392239" lon="-81.768631"><ele>225.5</ele><time>2026-07-11T15:09:56Z</time></trkpt>
      <trkpt lat="41.392249" lon="-81.76864"><ele>225.5</ele><time>2026-07-11T15:09:57Z</time></trkpt>
      <trkpt lat="41.392255" lon="-81.768645"><ele>225.5</ele><time>2026-07-11T15:09:58Z</time></trkpt>
      <trkpt lat="41.392263" lon="-81.768649"><ele>225.5</ele><time>2026-07-11T15:09:59Z</time></trkpt>
      <trkpt lat="41.392268" lon="-81.768654"><ele>225.5</ele><time>2026-07-11T15:10:00Z</time></trkpt>
      <trkpt lat="41.392272" lon="-81.76866"><ele>225.5</ele><time>2026-07-11T15:10:01Z</time></trkpt>
      <trkpt lat="41.392273" lon="-81.768667"><ele>226.5</ele><time>2026-07-11T15:10:02Z</time></trkpt>
      <trkpt lat="41.392273" lon="-81.768669"><ele>226.5</ele><time>2026-07-11T15:10:03Z</time></trkpt>
      <trkpt lat="41.392273" lon="-81.768672"><ele>226.5</ele><time>2026-07-11T15:10:04Z</time></trkpt>
      <trkpt lat="41.392274" lon="-81.768677"><ele>226.5</ele><time>2026-07-11T15:10:05Z</time></trkpt>
      <trkpt lat="41.392276" lon="-81.768692"><ele>226.5</ele><time>2026-07-11T15:10:06Z</time></trkpt>
      <trkpt lat="41.392276" lon="-81.76871"><ele>226.5</ele><time>2026-07-11T15:10:07Z</time></trkpt>
      <trkpt lat="41.392272" lon="-81.768728"><ele>226.5</ele><time>2026-07-11T15:10:08Z</time></trkpt>
      <trkpt lat="41.392269" lon="-81.768742"><ele>226.5</ele><time>2026-07-11T15:10:09Z</time></trkpt>
      <trkpt lat="41.392265" lon="-81.768757"><ele>225.5</ele><time>2026-07-11T15:10:10Z</time></trkpt>
      <trkpt lat="41.392262" lon="-81.768771"><ele>225.5</ele><time>2026-07-11T15:10:11Z</time></trkpt>
      <trkpt lat="41.392258" lon="-81.76879"><ele>225.5</ele><time>2026-07-11T15:10:12Z</time></trkpt>
      <trkpt lat="41.392253" lon="-81.768813"><ele>225.5</ele><time>2026-07-11T15:10:13Z</time></trkpt>
      <trkpt lat="41.392249" lon="-81.768832"><ele>225.5</ele><time>2026-07-11T15:10:14Z</time></trkpt>
      <trkpt lat="41.392248" lon="-81.768851"><ele>225.5</ele><time>2026-07-11T15:10:15Z</time></trkpt>
      <trkpt lat="41.392248" lon="-81.76887"><ele>225.5</ele><time>2026-07-11T15:10:16Z</time></trkpt>
      <trkpt lat="41.392245" lon="-81.768883"><ele>225.5</ele><time>2026-07-11T15:10:17Z</time></trkpt>
      <trkpt lat="41.392244" lon="-81.768897"><ele>226.5</ele><time>2026-07-11T15:10:18Z</time></trkpt>
      <trkpt lat="41.392241" lon="-81.768914"><ele>226.5</ele><time>2026-07-11T15:10:19Z</time></trkpt>
      <trkpt lat="41.392236" lon="-81.768933"><ele>226.5</ele><time>2026-07-11T15:10:20Z</time></trkpt>
      <trkpt lat="41.39223" lon="-81.768951"><ele>226.5</ele><time>2026-07-11T15:10:21Z</time></trkpt>
      <trkpt lat="41.392225" lon="-81.768962"><ele>226.5</ele><time>2026-07-11T15:10:22Z</time></trkpt>
      <trkpt lat="41.392219" lon="-81.768965"><ele>226.5</ele><time>2026-07-11T15:10:23Z</time></trkpt>
      <trkpt lat="41.392215" lon="-81.768962"><ele>226.5</ele><time>2026-07-11T15:10:24Z</time></trkpt>
      <trkpt lat="41.392215" lon="-81.768961"><ele>226.5</ele><time>2026-07-11T15:10:25Z</time></trkpt>
      <trkpt lat="41.392216" lon="-81.76896"><ele>226</ele><time>2026-07-11T15:10:26Z</time></trkpt>
      <trkpt lat="41.392217" lon="-81.76896"><ele>226</ele><time>2026-07-11T15:10:27Z</time></trkpt>
      <trkpt lat="41.392218" lon="-81.76896"><ele>226</ele><time>2026-07-11T15:10:28Z</time></trkpt>
      <trkpt lat="41.392218" lon="-81.76896"><ele>226</ele><time>2026-07-11T15:10:29Z</time></trkpt>
      <trkpt lat="41.392219" lon="-81.76896"><ele>226</ele><time>2026-07-11T15:10:30Z</time></trkpt>
      <trkpt lat="41.39222" lon="-81.76896"><ele>226</ele><time>2026-07-11T15:10:31Z</time></trkpt>
      <trkpt lat="41.39222" lon="-81.768959"><ele>226</ele><time>2026-07-11T15:10:32Z</time></trkpt>
      <trkpt lat="41.392222" lon="-81.768956"><ele>226</ele><time>2026-07-11T15:10:33Z</time></trkpt>
      <trkpt lat="41.392224" lon="-81.768954"><ele>225.75</ele><time>2026-07-11T15:10:34Z</time></trkpt>
      <trkpt lat="41.392226" lon="-81.768954"><ele>225.5</ele><time>2026-07-11T15:10:35Z</time></trkpt>
      <trkpt lat="41.392226" lon="-81.768957"><ele>225.5</ele><time>2026-07-11T15:10:36Z</time></trkpt>
      <trkpt lat="41.392225" lon="-81.768964"><ele>225.5</ele><time>2026-07-11T15:10:37Z</time></trkpt>
      <trkpt lat="41.392224" lon="-81.768974"><ele>225.5</ele><time>2026-07-11T15:10:38Z</time></trkpt>
      <trkpt lat="41.392221" lon="-81.768981"><ele>225.5</ele><time>2026-07-11T15:10:39Z</time></trkpt>
      <trkpt lat="41.392218" lon="-81.768989"><ele>225.5</ele><time>2026-07-11T15:10:40Z</time></trkpt>
      <trkpt lat="41.39221" lon="-81.76901"><ele>225.5</ele><time>2026-07-11T15:10:41Z</time></trkpt>
      <trkpt lat="41.392203" lon="-81.769034"><ele>225.5</ele><time>2026-07-11T15:10:42Z</time></trkpt>
      <trkpt lat="41.392196" lon="-81.769058"><ele>225.5</ele><time>2026-07-11T15:10:43Z</time></trkpt>
      <trkpt lat="41.392189" lon="-81.769082"><ele>225.5</ele><time>2026-07-11T15:10:44Z</time></trkpt>
      <trkpt lat="41.39218" lon="-81.769105"><ele>225.5</ele><time>2026-07-11T15:10:45Z</time></trkpt>
      <trkpt lat="41.392168" lon="-81.769131"><ele>225.5</ele><time>2026-07-11T15:10:46Z</time></trkpt>
      <trkpt lat="41.392155" lon="-81.769159"><ele>225.5</ele><time>2026-07-11T15:10:47Z</time></trkpt>
      <trkpt lat="41.392139" lon="-81.769198"><ele>225.5</ele><time>2026-07-11T15:10:48Z</time></trkpt>
      <trkpt lat="41.392126" lon="-81.769241"><ele>225.5</ele><time>2026-07-11T15:10:49Z</time></trkpt>
      <trkpt lat="41.392114" lon="-81.769295"><ele>225.5</ele><time>2026-07-11T15:10:50Z</time></trkpt>
      <trkpt lat="41.3921" lon="-81.769354"><ele>225.5</ele><time>2026-07-11T15:10:51Z</time></trkpt>
      <trkpt lat="41.392083" lon="-81.769412"><ele>225.5</ele><time>2026-07-11T15:10:52Z</time></trkpt>
      <trkpt lat="41.392064" lon="-81.769471"><ele>225.5</ele><time>2026-07-11T15:10:53Z</time></trkpt>
      <trkpt lat="41.392045" lon="-81.769531"><ele>225.5</ele><time>2026-07-11T15:10:54Z</time></trkpt>
      <trkpt lat="41.392028" lon="-81.769593"><ele>225.5</ele><time>2026-07-11T15:10:55Z</time></trkpt>
      <trkpt lat="41.392009" lon="-81.769651"><ele>225.5</ele><time>2026-07-11T15:10:56Z</time></trkpt>
      <trkpt lat="41.391988" lon="-81.769701"><ele>225.5</ele><time>2026-07-11T15:10:57Z</time></trkpt>
      <trkpt lat="41.391968" lon="-81.769746"><ele>225.5</ele><time>2026-07-11T15:10:58Z</time></trkpt>
      <trkpt lat="41.391951" lon="-81.769788"><ele>225.5</ele><time>2026-07-11T15:10:59Z</time></trkpt>
      <trkpt lat="41.391932" lon="-81.76983"><ele>225.5</ele><time>2026-07-11T15:11:00Z</time></trkpt>
      <trkpt lat="41.391917" lon="-81.769857"><ele>225.5</ele><time>2026-07-11T15:11:01Z</time></trkpt>
      <trkpt lat="41.3919" lon="-81.769885"><ele>225.5</ele><time>2026-07-11T15:11:02Z</time></trkpt>
      <trkpt lat="41.39188" lon="-81.769919"><ele>225.5</ele><time>2026-07-11T15:11:03Z</time></trkpt>
      <trkpt lat="41.391862" lon="-81.76995"><ele>225.5</ele><time>2026-07-11T15:11:04Z</time></trkpt>
      <trkpt lat="41.391844" lon="-81.769983"><ele>225.5</ele><time>2026-07-11T15:11:05Z</time></trkpt>
      <trkpt lat="41.391826" lon="-81.770014"><ele>225.5</ele><time>2026-07-11T15:11:06Z</time></trkpt>
      <trkpt lat="41.391805" lon="-81.770045"><ele>225.5</ele><time>2026-07-11T15:11:07Z</time></trkpt>
      <trkpt lat="41.391782" lon="-81.770073"><ele>225.5</ele><time>2026-07-11T15:11:08Z</time></trkpt>
      <trkpt lat="41.391755" lon="-81.770099"><ele>225.5</ele><time>2026-07-11T15:11:09Z</time></trkpt>
      <trkpt lat="41.391723" lon="-81.77012"><ele>225.5</ele><time>2026-07-11T15:11:10Z</time></trkpt>
      <trkpt lat="41.391685" lon="-81.770133"><ele>225.5</ele><time>2026-07-11T15:11:11Z</time></trkpt>
      <trkpt lat="41.391646" lon="-81.770137"><ele>225.5</ele><time>2026-07-11T15:11:12Z</time></trkpt>
      <trkpt lat="41.391604" lon="-81.770138"><ele>225.5</ele><time>2026-07-11T15:11:13Z</time></trkpt>
      <trkpt lat="41.391563" lon="-81.770135"><ele>225.5</ele><time>2026-07-11T15:11:14Z</time></trkpt>
      <trkpt lat="41.391524" lon="-81.770128"><ele>225.5</ele><time>2026-07-11T15:11:15Z</time></trkpt>
      <trkpt lat="41.391495" lon="-81.770121"><ele>225.5</ele><time>2026-07-11T15:11:16Z</time></trkpt>
      <trkpt lat="41.391467" lon="-81.770113"><ele>225.5</ele><time>2026-07-11T15:11:17Z</time></trkpt>
      <trkpt lat="41.391441" lon="-81.770106"><ele>225.5</ele><time>2026-07-11T15:11:18Z</time></trkpt>
      <trkpt lat="41.391418" lon="-81.7701"><ele>225.5</ele><time>2026-07-11T15:11:19Z</time></trkpt>
      <trkpt lat="41.391395" lon="-81.770097"><ele>225.5</ele><time>2026-07-11T15:11:20Z</time></trkpt>
      <trkpt lat="41.391372" lon="-81.770096"><ele>225.5</ele><time>2026-07-11T15:11:21Z</time></trkpt>
      <trkpt lat="41.391351" lon="-81.770096"><ele>225.5</ele><time>2026-07-11T15:11:22Z</time></trkpt>
      <trkpt lat="41.391334" lon="-81.770098"><ele>225.5</ele><time>2026-07-11T15:11:23Z</time></trkpt>
      <trkpt lat="41.391316" lon="-81.770101"><ele>225.5</ele><time>2026-07-11T15:11:24Z</time></trkpt>
      <trkpt lat="41.391298" lon="-81.770103"><ele>225.5</ele><time>2026-07-11T15:11:25Z</time></trkpt>
      <trkpt lat="41.391275" lon="-81.770106"><ele>225.5</ele><time>2026-07-11T15:11:26Z</time></trkpt>
      <trkpt lat="41.391253" lon="-81.770107"><ele>225.5</ele><time>2026-07-11T15:11:27Z</time></trkpt>
      <trkpt lat="41.391234" lon="-81.770109"><ele>225.5</ele><time>2026-07-11T15:11:28Z</time></trkpt>
      <trkpt lat="41.391209" lon="-81.770113"><ele>225.5</ele><time>2026-07-11T15:11:29Z</time></trkpt>
      <trkpt lat="41.391189" lon="-81.770118"><ele>225.5</ele><time>2026-07-11T15:11:30Z</time></trkpt>
      <trkpt lat="41.391172" lon="-81.770126"><ele>225.5</ele><time>2026-07-11T15:11:31Z</time></trkpt>
      <trkpt lat="41.391161" lon="-81.770125"><ele>225.5</ele><time>2026-07-11T15:11:32Z</time></trkpt>
      <trkpt lat="41.39115" lon="-81.770123"><ele>225.5</ele><time>2026-07-11T15:11:33Z</time></trkpt>
      <trkpt lat="41.391134" lon="-81.770121"><ele>225.5</ele><time>2026-07-11T15:11:34Z</time></trkpt>
      <trkpt lat="41.391114" lon="-81.770116"><ele>225.5</ele><time>2026-07-11T15:11:35Z</time></trkpt>
      <trkpt lat="41.391089" lon="-81.770109"><ele>225.5</ele><time>2026-07-11T15:11:36Z</time></trkpt>
      <trkpt lat="41.391063" lon="-81.770102"><ele>225.5</ele><time>2026-07-11T15:11:37Z</time></trkpt>
      <trkpt lat="41.391036" lon="-81.770098"><ele>225.5</ele><time>2026-07-11T15:11:38Z</time></trkpt>
      <trkpt lat="41.391007" lon="-81.770098"><ele>225.5</ele><time>2026-07-11T15:11:39Z</time></trkpt>
      <trkpt lat="41.390974" lon="-81.770105"><ele>225.5</ele><time>2026-07-11T15:11:40Z</time></trkpt>
      <trkpt lat="41.390942" lon="-81.770121"><ele>225.5</ele><time>2026-07-11T15:11:41Z</time></trkpt>
      <trkpt lat="41.390914" lon="-81.770139"><ele>225.5</ele><time>2026-07-11T15:11:42Z</time></trkpt>
      <trkpt lat="41.390879" lon="-81.77017"><ele>225.5</ele><time>2026-07-11T15:11:43Z</time></trkpt>
      <trkpt lat="41.39084" lon="-81.770211"><ele>225.5</ele><time>2026-07-11T15:11:44Z</time></trkpt>
      <trkpt lat="41.390805" lon="-81.770248"><ele>225.5</ele><time>2026-07-11T15:11:45Z</time></trkpt>
      <trkpt lat="41.390772" lon="-81.770285"><ele>225.5</ele><time>2026-07-11T15:11:46Z</time></trkpt>
      <trkpt lat="41.39074" lon="-81.77032"><ele>225.5</ele><time>2026-07-11T15:11:47Z</time></trkpt>
      <trkpt lat="41.39071" lon="-81.770356"><ele>225.5</ele><time>2026-07-11T15:11:48Z</time></trkpt>
      <trkpt lat="41.390687" lon="-81.770395"><ele>225.5</ele><time>2026-07-11T15:11:49Z</time></trkpt>
      <trkpt lat="41.39067" lon="-81.770436"><ele>225.5</ele><time>2026-07-11T15:11:50Z</time></trkpt>
      <trkpt lat="41.390654" lon="-81.770486"><ele>225.5</ele><time>2026-07-11T15:11:51Z</time></trkpt>
      <trkpt lat="41.390646" lon="-81.770532"><ele>225.5</ele><time>2026-07-11T15:11:52Z</time></trkpt>
      <trkpt lat="41.39064" lon="-81.770575"><ele>225.5</ele><time>2026-07-11T15:11:53Z</time></trkpt>
      <trkpt lat="41.39063" lon="-81.770614"><ele>225.5</ele><time>2026-07-11T15:11:54Z</time></trkpt>
      <trkpt lat="41.390618" lon="-81.770655"><ele>225.5</ele><time>2026-07-11T15:11:55Z</time></trkpt>
      <trkpt lat="41.390608" lon="-81.77069"><ele>225.5</ele><time>2026-07-11T15:11:56Z</time></trkpt>
      <trkpt lat="41.390599" lon="-81.770727"><ele>225.5</ele><time>2026-07-11T15:11:57Z</time></trkpt>
      <trkpt lat="41.390587" lon="-81.77077"><ele>225.5</ele><time>2026-07-11T15:11:58Z</time></trkpt>
      <trkpt lat="41.390579" lon="-81.770802"><ele>225.5</ele><time>2026-07-11T15:11:59Z</time></trkpt>
      <trkpt lat="41.390571" lon="-81.77083"><ele>225.5</ele><time>2026-07-11T15:12:00Z</time></trkpt>
      <trkpt lat="41.390563" lon="-81.770858"><ele>225.5</ele><time>2026-07-11T15:12:01Z</time></trkpt>
      <trkpt lat="41.390556" lon="-81.770885"><ele>225.5</ele><time>2026-07-11T15:12:02Z</time></trkpt>
      <trkpt lat="41.390547" lon="-81.770907"><ele>225.5</ele><time>2026-07-11T15:12:03Z</time></trkpt>
      <trkpt lat="41.390537" lon="-81.770927"><ele>225.5</ele><time>2026-07-11T15:12:04Z</time></trkpt>
      <trkpt lat="41.390526" lon="-81.770951"><ele>225.5</ele><time>2026-07-11T15:12:05Z</time></trkpt>
      <trkpt lat="41.390514" lon="-81.77098"><ele>225.5</ele><time>2026-07-11T15:12:06Z</time></trkpt>
      <trkpt lat="41.3905" lon="-81.771011"><ele>225.5</ele><time>2026-07-11T15:12:07Z</time></trkpt>
      <trkpt lat="41.390483" lon="-81.771038"><ele>225.5</ele><time>2026-07-11T15:12:08Z</time></trkpt>
      <trkpt lat="41.390464" lon="-81.771061"><ele>225.5</ele><time>2026-07-11T15:12:09Z</time></trkpt>
      <trkpt lat="41.390439" lon="-81.771079"><ele>225.5</ele><time>2026-07-11T15:12:10Z</time></trkpt>
      <trkpt lat="41.390413" lon="-81.771094"><ele>225.5</ele><time>2026-07-11T15:12:11Z</time></trkpt>
      <trkpt lat="41.390375" lon="-81.771111"><ele>225.5</ele><time>2026-07-11T15:12:12Z</time></trkpt>
      <trkpt lat="41.390323" lon="-81.771133"><ele>225.5</ele><time>2026-07-11T15:12:13Z</time></trkpt>
      <trkpt lat="41.390269" lon="-81.771168"><ele>225.5</ele><time>2026-07-11T15:12:14Z</time></trkpt>
      <trkpt lat="41.390181" lon="-81.771235"><ele>225.5</ele><time>2026-07-11T15:12:15Z</time></trkpt>
      <trkpt lat="41.390122" lon="-81.771308"><ele>225.5</ele><time>2026-07-11T15:12:16Z</time></trkpt>
      <trkpt lat="41.390089" lon="-81.771377"><ele>223.7</ele><time>2026-07-11T15:12:17Z</time></trkpt>
      <trkpt lat="41.39007" lon="-81.771437"><ele>223.6</ele><time>2026-07-11T15:12:18Z</time></trkpt>
      <trkpt lat="41.390056" lon="-81.771491"><ele>223.6</ele><time>2026-07-11T15:12:19Z</time></trkpt>
      <trkpt lat="41.390041" lon="-81.771536"><ele>224.5</ele><time>2026-07-11T15:12:20Z</time></trkpt>
      <trkpt lat="41.390026" lon="-81.771572"><ele>224.5</ele><time>2026-07-11T15:12:21Z</time></trkpt>
      <trkpt lat="41.390013" lon="-81.771602"><ele>224.5</ele><time>2026-07-11T15:12:22Z</time></trkpt>
      <trkpt lat="41.390001" lon="-81.771627"><ele>224.5</ele><time>2026-07-11T15:12:23Z</time></trkpt>
      <trkpt lat="41.38999" lon="-81.77165"><ele>224.5</ele><time>2026-07-11T15:12:24Z</time></trkpt>
      <trkpt lat="41.389978" lon="-81.771675"><ele>224.5</ele><time>2026-07-11T15:12:25Z</time></trkpt>
      <trkpt lat="41.389962" lon="-81.7717"><ele>224.5</ele><time>2026-07-11T15:12:26Z</time></trkpt>
      <trkpt lat="41.38994" lon="-81.771726"><ele>224.5</ele><time>2026-07-11T15:12:27Z</time></trkpt>
      <trkpt lat="41.389911" lon="-81.771753"><ele>224.5</ele><time>2026-07-11T15:12:28Z</time></trkpt>
      <trkpt lat="41.389882" lon="-81.771779"><ele>224.5</ele><time>2026-07-11T15:12:29Z</time></trkpt>
      <trkpt lat="41.389853" lon="-81.771804"><ele>224.5</ele><time>2026-07-11T15:12:30Z</time></trkpt>
      <trkpt lat="41.389823" lon="-81.771827"><ele>224.5</ele><time>2026-07-11T15:12:31Z</time></trkpt>
      <trkpt lat="41.389794" lon="-81.771847"><ele>225.5</ele><time>2026-07-11T15:12:32Z</time></trkpt>
      <trkpt lat="41.389766" lon="-81.771865"><ele>225.5</ele><time>2026-07-11T15:12:33Z</time></trkpt>
      <trkpt lat="41.389734" lon="-81.771886"><ele>225.5</ele><time>2026-07-11T15:12:34Z</time></trkpt>
      <trkpt lat="41.389696" lon="-81.771909"><ele>225.5</ele><time>2026-07-11T15:12:35Z</time></trkpt>
      <trkpt lat="41.389652" lon="-81.771933"><ele>225.5</ele><time>2026-07-11T15:12:36Z</time></trkpt>
      <trkpt lat="41.389602" lon="-81.771959"><ele>224.5</ele><time>2026-07-11T15:12:37Z</time></trkpt>
      <trkpt lat="41.389547" lon="-81.771986"><ele>224.5</ele><time>2026-07-11T15:12:38Z</time></trkpt>
      <trkpt lat="41.389489" lon="-81.772014"><ele>224.5</ele><time>2026-07-11T15:12:39Z</time></trkpt>
      <trkpt lat="41.389428" lon="-81.772045"><ele>224.5</ele><time>2026-07-11T15:12:40Z</time></trkpt>
      <trkpt lat="41.389363" lon="-81.772078"><ele>224.5</ele><time>2026-07-11T15:12:41Z</time></trkpt>
      <trkpt lat="41.389297" lon="-81.772117"><ele>224.5</ele><time>2026-07-11T15:12:42Z</time></trkpt>
      <trkpt lat="41.389238" lon="-81.772155"><ele>224.5</ele><time>2026-07-11T15:12:43Z</time></trkpt>
      <trkpt lat="41.389188" lon="-81.772194"><ele>224.5</ele><time>2026-07-11T15:12:44Z</time></trkpt>
      <trkpt lat="41.389143" lon="-81.772236"><ele>224.5</ele><time>2026-07-11T15:12:45Z</time></trkpt>
      <trkpt lat="41.389104" lon="-81.772275"><ele>224.5</ele><time>2026-07-11T15:12:46Z</time></trkpt>
      <trkpt lat="41.389065" lon="-81.772314"><ele>224.5</ele><time>2026-07-11T15:12:47Z</time></trkpt>
      <trkpt lat="41.389029" lon="-81.772346"><ele>224.5</ele><time>2026-07-11T15:12:48Z</time></trkpt>
      <trkpt lat="41.38899" lon="-81.772377"><ele>224.2</ele><time>2026-07-11T15:12:49Z</time></trkpt>
      <trkpt lat="41.388944" lon="-81.772406"><ele>224.2</ele><time>2026-07-11T15:12:50Z</time></trkpt>
      <trkpt lat="41.388899" lon="-81.772431"><ele>224.2</ele><time>2026-07-11T15:12:51Z</time></trkpt>
      <trkpt lat="41.388854" lon="-81.772453"><ele>224.2</ele><time>2026-07-11T15:12:52Z</time></trkpt>
      <trkpt lat="41.388807" lon="-81.772475"><ele>224.2</ele><time>2026-07-11T15:12:53Z</time></trkpt>
      <trkpt lat="41.388757" lon="-81.772496"><ele>224.2</ele><time>2026-07-11T15:12:54Z</time></trkpt>
      <trkpt lat="41.388709" lon="-81.772515"><ele>224.2</ele><time>2026-07-11T15:12:55Z</time></trkpt>
      <trkpt lat="41.388661" lon="-81.772531"><ele>224.2</ele><time>2026-07-11T15:12:56Z</time></trkpt>
      <trkpt lat="41.388616" lon="-81.772547"><ele>224.2</ele><time>2026-07-11T15:12:57Z</time></trkpt>
      <trkpt lat="41.388578" lon="-81.772562"><ele>224.2</ele><time>2026-07-11T15:12:58Z</time></trkpt>
      <trkpt lat="41.388543" lon="-81.772579"><ele>224.2</ele><time>2026-07-11T15:12:59Z</time></trkpt>
      <trkpt lat="41.38851" lon="-81.772598"><ele>224.2</ele><time>2026-07-11T15:13:00Z</time></trkpt>
      <trkpt lat="41.388478" lon="-81.772614"><ele>224.2</ele><time>2026-07-11T15:13:01Z</time></trkpt>
      <trkpt lat="41.388445" lon="-81.772629"><ele>224.2</ele><time>2026-07-11T15:13:02Z</time></trkpt>
      <trkpt lat="41.388411" lon="-81.772645"><ele>224.2</ele><time>2026-07-11T15:13:03Z</time></trkpt>
      <trkpt lat="41.38838" lon="-81.772662"><ele>224.2</ele><time>2026-07-11T15:13:04Z</time></trkpt>
      <trkpt lat="41.388348" lon="-81.77268"><ele>224.2</ele><time>2026-07-11T15:13:05Z</time></trkpt>
      <trkpt lat="41.388313" lon="-81.772701"><ele>224.2</ele><time>2026-07-11T15:13:06Z</time></trkpt>
      <trkpt lat="41.388277" lon="-81.772723"><ele>224.2</ele><time>2026-07-11T15:13:07Z</time></trkpt>
      <trkpt lat="41.388244" lon="-81.772748"><ele>224.2</ele><time>2026-07-11T15:13:08Z</time></trkpt>
      <trkpt lat="41.388218" lon="-81.772772"><ele>224.2</ele><time>2026-07-11T15:13:09Z</time></trkpt>
      <trkpt lat="41.388196" lon="-81.772799"><ele>224.2</ele><time>2026-07-11T15:13:10Z</time></trkpt>
      <trkpt lat="41.388176" lon="-81.772829"><ele>224.2</ele><time>2026-07-11T15:13:11Z</time></trkpt>
      <trkpt lat="41.388163" lon="-81.772857"><ele>224.2</ele><time>2026-07-11T15:13:12Z</time></trkpt>
      <trkpt lat="41.388154" lon="-81.772885"><ele>224.2</ele><time>2026-07-11T15:13:13Z</time></trkpt>
      <trkpt lat="41.388146" lon="-81.77291"><ele>224.2</ele><time>2026-07-11T15:13:14Z</time></trkpt>
      <trkpt lat="41.388138" lon="-81.772933"><ele>224.2</ele><time>2026-07-11T15:13:15Z</time></trkpt>
      <trkpt lat="41.388132" lon="-81.772955"><ele>224.2</ele><time>2026-07-11T15:13:16Z</time></trkpt>
      <trkpt lat="41.388126" lon="-81.772976"><ele>224.2</ele><time>2026-07-11T15:13:17Z</time></trkpt>
      <trkpt lat="41.388121" lon="-81.772995"><ele>224.2</ele><time>2026-07-11T15:13:18Z</time></trkpt>
      <trkpt lat="41.388118" lon="-81.773012"><ele>224.2</ele><time>2026-07-11T15:13:19Z</time></trkpt>
      <trkpt lat="41.388114" lon="-81.77303"><ele>224.2</ele><time>2026-07-11T15:13:20Z</time></trkpt>
      <trkpt lat="41.38811" lon="-81.773048"><ele>224.2</ele><time>2026-07-11T15:13:21Z</time></trkpt>
      <trkpt lat="41.388107" lon="-81.773068"><ele>224.2</ele><time>2026-07-11T15:13:22Z</time></trkpt>
      <trkpt lat="41.388105" lon="-81.773089"><ele>224.2</ele><time>2026-07-11T15:13:23Z</time></trkpt>
      <trkpt lat="41.388102" lon="-81.773116"><ele>224.2</ele><time>2026-07-11T15:13:24Z</time></trkpt>
      <trkpt lat="41.3881" lon="-81.773141"><ele>224.2</ele><time>2026-07-11T15:13:25Z</time></trkpt>
      <trkpt lat="41.388099" lon="-81.77317"><ele>224.2</ele><time>2026-07-11T15:13:26Z</time></trkpt>
      <trkpt lat="41.388097" lon="-81.773199"><ele>224.2</ele><time>2026-07-11T15:13:27Z</time></trkpt>
      <trkpt lat="41.388091" lon="-81.773225"><ele>224.2</ele><time>2026-07-11T15:13:28Z</time></trkpt>
      <trkpt lat="41.388081" lon="-81.773249"><ele>224.2</ele><time>2026-07-11T15:13:29Z</time></trkpt>
      <trkpt lat="41.388067" lon="-81.773272"><ele>224.2</ele><time>2026-07-11T15:13:30Z</time></trkpt>
      <trkpt lat="41.38805" lon="-81.773288"><ele>224.2</ele><time>2026-07-11T15:13:31Z</time></trkpt>
      <trkpt lat="41.388028" lon="-81.773303"><ele>224.2</ele><time>2026-07-11T15:13:32Z</time></trkpt>
      <trkpt lat="41.388006" lon="-81.77332"><ele>224.2</ele><time>2026-07-11T15:13:33Z</time></trkpt>
      <trkpt lat="41.387984" lon="-81.773338"><ele>224.2</ele><time>2026-07-11T15:13:34Z</time></trkpt>
      <trkpt lat="41.38796" lon="-81.773356"><ele>224.2</ele><time>2026-07-11T15:13:35Z</time></trkpt>
      <trkpt lat="41.387936" lon="-81.773375"><ele>224.2</ele><time>2026-07-11T15:13:36Z</time></trkpt>
      <trkpt lat="41.387913" lon="-81.773397"><ele>224.2</ele><time>2026-07-11T15:13:37Z</time></trkpt>
      <trkpt lat="41.387894" lon="-81.773419"><ele>224.2</ele><time>2026-07-11T15:13:38Z</time></trkpt>
      <trkpt lat="41.387874" lon="-81.773441"><ele>224.2</ele><time>2026-07-11T15:13:39Z</time></trkpt>
      <trkpt lat="41.387854" lon="-81.773463"><ele>224.2</ele><time>2026-07-11T15:13:40Z</time></trkpt>
      <trkpt lat="41.387836" lon="-81.773485"><ele>224.2</ele><time>2026-07-11T15:13:41Z</time></trkpt>
      <trkpt lat="41.387821" lon="-81.773509"><ele>224.2</ele><time>2026-07-11T15:13:42Z</time></trkpt>
      <trkpt lat="41.387805" lon="-81.773534"><ele>224.2</ele><time>2026-07-11T15:13:43Z</time></trkpt>
      <trkpt lat="41.387786" lon="-81.773558"><ele>224.2</ele><time>2026-07-11T15:13:44Z</time></trkpt>
      <trkpt lat="41.387765" lon="-81.773583"><ele>224.2</ele><time>2026-07-11T15:13:45Z</time></trkpt>
      <trkpt lat="41.387741" lon="-81.773609"><ele>224.2</ele><time>2026-07-11T15:13:46Z</time></trkpt>
      <trkpt lat="41.387719" lon="-81.773633"><ele>224.2</ele><time>2026-07-11T15:13:47Z</time></trkpt>
      <trkpt lat="41.387696" lon="-81.773657"><ele>224.2</ele><time>2026-07-11T15:13:48Z</time></trkpt>
      <trkpt lat="41.387674" lon="-81.773679"><ele>224.2</ele><time>2026-07-11T15:13:49Z</time></trkpt>
      <trkpt lat="41.387654" lon="-81.7737"><ele>224.2</ele><time>2026-07-11T15:13:50Z</time></trkpt>
      <trkpt lat="41.387635" lon="-81.773722"><ele>224.2</ele><time>2026-07-11T15:13:51Z</time></trkpt>
      <trkpt lat="41.387616" lon="-81.773745"><ele>224.2</ele><time>2026-07-11T15:13:52Z</time></trkpt>
      <trkpt lat="41.387598" lon="-81.773768"><ele>224.2</ele><time>2026-07-11T15:13:53Z</time></trkpt>
      <trkpt lat="41.387583" lon="-81.773788"><ele>224.2</ele><time>2026-07-11T15:13:54Z</time></trkpt>
      <trkpt lat="41.387571" lon="-81.773808"><ele>224.2</ele><time>2026-07-11T15:13:55Z</time></trkpt>
      <trkpt lat="41.38756" lon="-81.773832"><ele>224.2</ele><time>2026-07-11T15:13:56Z</time></trkpt>
      <trkpt lat="41.387551" lon="-81.773853"><ele>224.2</ele><time>2026-07-11T15:13:57Z</time></trkpt>
      <trkpt lat="41.387541" lon="-81.773878"><ele>224.2</ele><time>2026-07-11T15:13:58Z</time></trkpt>
      <trkpt lat="41.387529" lon="-81.773904"><ele>224.2</ele><time>2026-07-11T15:13:59Z</time></trkpt>
      <trkpt lat="41.387516" lon="-81.773931"><ele>224.2</ele><time>2026-07-11T15:14:00Z</time></trkpt>
      <trkpt lat="41.387501" lon="-81.773958"><ele>224.2</ele><time>2026-07-11T15:14:01Z</time></trkpt>
      <trkpt lat="41.387488" lon="-81.773984"><ele>224.2</ele><time>2026-07-11T15:14:02Z</time></trkpt>
      <trkpt lat="41.387475" lon="-81.774012"><ele>224.2</ele><time>2026-07-11T15:14:03Z</time></trkpt>
      <trkpt lat="41.387463" lon="-81.77404"><ele>224.2</ele><time>2026-07-11T15:14:04Z</time></trkpt>
      <trkpt lat="41.38745" lon="-81.774069"><ele>224.2</ele><time>2026-07-11T15:14:05Z</time></trkpt>
      <trkpt lat="41.387437" lon="-81.774093"><ele>224.2</ele><time>2026-07-11T15:14:06Z</time></trkpt>
      <trkpt lat="41.387421" lon="-81.774116"><ele>224.2</ele><time>2026-07-11T15:14:07Z</time></trkpt>
      <trkpt lat="41.387403" lon="-81.774138"><ele>224.2</ele><time>2026-07-11T15:14:08Z</time></trkpt>
      <trkpt lat="41.387385" lon="-81.774159"><ele>224.2</ele><time>2026-07-11T15:14:09Z</time></trkpt>
      <trkpt lat="41.387366" lon="-81.774179"><ele>224.2</ele><time>2026-07-11T15:14:10Z</time></trkpt>
      <trkpt lat="41.387345" lon="-81.774202"><ele>224.2</ele><time>2026-07-11T15:14:11Z</time></trkpt>
      <trkpt lat="41.38732" lon="-81.774229"><ele>224.2</ele><time>2026-07-11T15:14:12Z</time></trkpt>
      <trkpt lat="41.387296" lon="-81.774258"><ele>224.2</ele><time>2026-07-11T15:14:13Z</time></trkpt>
      <trkpt lat="41.387274" lon="-81.774288"><ele>224.2</ele><time>2026-07-11T15:14:14Z</time></trkpt>
      <trkpt lat="41.387252" lon="-81.774321"><ele>224.2</ele><time>2026-07-11T15:14:15Z</time></trkpt>
      <trkpt lat="41.387232" lon="-81.774356"><ele>224.2</ele><time>2026-07-11T15:14:16Z</time></trkpt>
      <trkpt lat="41.387217" lon="-81.774392"><ele>224.2</ele><time>2026-07-11T15:14:17Z</time></trkpt>
      <trkpt lat="41.387203" lon="-81.774422"><ele>224.2</ele><time>2026-07-11T15:14:18Z</time></trkpt>
      <trkpt lat="41.387192" lon="-81.774456"><ele>224.2</ele><time>2026-07-11T15:14:19Z</time></trkpt>
      <trkpt lat="41.387182" lon="-81.774486"><ele>224.2</ele><time>2026-07-11T15:14:20Z</time></trkpt>
      <trkpt lat="41.387173" lon="-81.774517"><ele>224.2</ele><time>2026-07-11T15:14:21Z</time></trkpt>
      <trkpt lat="41.387164" lon="-81.774552"><ele>224.2</ele><time>2026-07-11T15:14:22Z</time></trkpt>
      <trkpt lat="41.387154" lon="-81.774588"><ele>224.2</ele><time>2026-07-11T15:14:23Z</time></trkpt>
      <trkpt lat="41.387143" lon="-81.77462"><ele>224.2</ele><time>2026-07-11T15:14:24Z</time></trkpt>
      <trkpt lat="41.387131" lon="-81.774653"><ele>224.2</ele><time>2026-07-11T15:14:25Z</time></trkpt>
      <trkpt lat="41.387117" lon="-81.774682"><ele>224.2</ele><time>2026-07-11T15:14:26Z</time></trkpt>
      <trkpt lat="41.387103" lon="-81.774711"><ele>224.2</ele><time>2026-07-11T15:14:27Z</time></trkpt>
      <trkpt lat="41.387089" lon="-81.774737"><ele>224.2</ele><time>2026-07-11T15:14:28Z</time></trkpt>
      <trkpt lat="41.387075" lon="-81.774761"><ele>224.2</ele><time>2026-07-11T15:14:29Z</time></trkpt>
      <trkpt lat="41.387064" lon="-81.774782"><ele>224.2</ele><time>2026-07-11T15:14:30Z</time></trkpt>
      <trkpt lat="41.387054" lon="-81.7748"><ele>224.2</ele><time>2026-07-11T15:14:31Z</time></trkpt>
      <trkpt lat="41.387044" lon="-81.774818"><ele>224.2</ele><time>2026-07-11T15:14:32Z</time></trkpt>
      <trkpt lat="41.387038" lon="-81.774832"><ele>224.2</ele><time>2026-07-11T15:14:33Z</time></trkpt>
      <trkpt lat="41.387035" lon="-81.774839"><ele>224.2</ele><time>2026-07-11T15:14:34Z</time></trkpt>
      <trkpt lat="41.387033" lon="-81.774841"><ele>224.2</ele><time>2026-07-11T15:14:35Z</time></trkpt>
      <trkpt lat="41.387027" lon="-81.774844"><ele>224.2</ele><time>2026-07-11T15:14:36Z</time></trkpt>
      <trkpt lat="41.387017" lon="-81.774848"><ele>224.799</ele><time>2026-07-11T15:14:37Z</time></trkpt>
      <trkpt lat="41.387007" lon="-81.774851"><ele>224.799</ele><time>2026-07-11T15:14:38Z</time></trkpt>
      <trkpt lat="41.387001" lon="-81.774853"><ele>224.8</ele><time>2026-07-11T15:14:39Z</time></trkpt>
      <trkpt lat="41.386995" lon="-81.774855"><ele>224.8</ele><time>2026-07-11T15:14:40Z</time></trkpt>
      <trkpt lat="41.386991" lon="-81.774858"><ele>224.8</ele><time>2026-07-11T15:14:41Z</time></trkpt>
      <trkpt lat="41.386986" lon="-81.774859"><ele>224.8</ele><time>2026-07-11T15:14:42Z</time></trkpt>
      <trkpt lat="41.386983" lon="-81.774859"><ele>224.8</ele><time>2026-07-11T15:14:43Z</time></trkpt>
      <trkpt lat="41.386981" lon="-81.774858"><ele>225.1</ele><time>2026-07-11T15:14:44Z</time></trkpt>
      <trkpt lat="41.386979" lon="-81.774855"><ele>225.1</ele><time>2026-07-11T15:14:45Z</time></trkpt>
      <trkpt lat="41.386977" lon="-81.774854"><ele>225.1</ele><time>2026-07-11T15:14:46Z</time></trkpt>
      <trkpt lat="41.386975" lon="-81.774853"><ele>225.1</ele><time>2026-07-11T15:14:47Z</time></trkpt>
      <trkpt lat="41.386972" lon="-81.774853"><ele>225.1</ele><time>2026-07-11T15:14:48Z</time></trkpt>
      <trkpt lat="41.386971" lon="-81.774851"><ele>225.1</ele><time>2026-07-11T15:14:49Z</time></trkpt>
      <trkpt lat="41.38697" lon="-81.77485"><ele>225.1</ele><time>2026-07-11T15:14:50Z</time></trkpt>
      <trkpt lat="41.386968" lon="-81.774848"><ele>225.1</ele><time>2026-07-11T15:14:51Z</time></trkpt>
      <trkpt lat="41.386966" lon="-81.77485"><ele>225.1</ele><time>2026-07-11T15:14:52Z</time></trkpt>
      <trkpt lat="41.386964" lon="-81.774854"><ele>225.1</ele><time>2026-07-11T15:14:53Z</time></trkpt>
      <trkpt lat="41.386959" lon="-81.77486"><ele>225.1</ele><time>2026-07-11T15:14:54Z</time></trkpt>
      <trkpt lat="41.386953" lon="-81.774871"><ele>225.1</ele><time>2026-07-11T15:14:55Z</time></trkpt>
      <trkpt lat="41.386944" lon="-81.774888"><ele>225.1</ele><time>2026-07-11T15:14:56Z</time></trkpt>
      <trkpt lat="41.386931" lon="-81.774911"><ele>225.1</ele><time>2026-07-11T15:14:57Z</time></trkpt>
      <trkpt lat="41.386913" lon="-81.77494"><ele>225.1</ele><time>2026-07-11T15:14:58Z</time></trkpt>
      <trkpt lat="41.386894" lon="-81.774969"><ele>225.1</ele><time>2026-07-11T15:14:59Z</time></trkpt>
      <trkpt lat="41.386875" lon="-81.774997"><ele>224.799</ele><time>2026-07-11T15:15:00Z</time></trkpt>
      <trkpt lat="41.386854" lon="-81.775024"><ele>224.799</ele><time>2026-07-11T15:15:01Z</time></trkpt>
      <trkpt lat="41.386834" lon="-81.775051"><ele>224.799</ele><time>2026-07-11T15:15:02Z</time></trkpt>
      <trkpt lat="41.386819" lon="-81.77508"><ele>224.799</ele><time>2026-07-11T15:15:03Z</time></trkpt>
      <trkpt lat="41.386806" lon="-81.77511"><ele>224.799</ele><time>2026-07-11T15:15:04Z</time></trkpt>
      <trkpt lat="41.386795" lon="-81.775137"><ele>224.799</ele><time>2026-07-11T15:15:05Z</time></trkpt>
      <trkpt lat="41.386784" lon="-81.775159"><ele>224.8</ele><time>2026-07-11T15:15:06Z</time></trkpt>
      <trkpt lat="41.386771" lon="-81.775184"><ele>224.8</ele><time>2026-07-11T15:15:07Z</time></trkpt>
      <trkpt lat="41.386758" lon="-81.775209"><ele>224.8</ele><time>2026-07-11T15:15:08Z</time></trkpt>
      <trkpt lat="41.386744" lon="-81.775239"><ele>224.8</ele><time>2026-07-11T15:15:09Z</time></trkpt>
      <trkpt lat="41.38673" lon="-81.775269"><ele>224.8</ele><time>2026-07-11T15:15:10Z</time></trkpt>
      <trkpt lat="41.386713" lon="-81.775302"><ele>224.8</ele><time>2026-07-11T15:15:11Z</time></trkpt>
      <trkpt lat="41.386697" lon="-81.775336"><ele>224.8</ele><time>2026-07-11T15:15:12Z</time></trkpt>
      <trkpt lat="41.386681" lon="-81.77537"><ele>224.8</ele><time>2026-07-11T15:15:13Z</time></trkpt>
      <trkpt lat="41.386666" lon="-81.775404"><ele>224.8</ele><time>2026-07-11T15:15:14Z</time></trkpt>
      <trkpt lat="41.386649" lon="-81.77544"><ele>224.8</ele><time>2026-07-11T15:15:15Z</time></trkpt>
      <trkpt lat="41.386632" lon="-81.775471"><ele>224.8</ele><time>2026-07-11T15:15:16Z</time></trkpt>
      <trkpt lat="41.386613" lon="-81.775505"><ele>224.8</ele><time>2026-07-11T15:15:17Z</time></trkpt>
      <trkpt lat="41.386593" lon="-81.775543"><ele>224.8</ele><time>2026-07-11T15:15:18Z</time></trkpt>
      <trkpt lat="41.386575" lon="-81.775574"><ele>224.8</ele><time>2026-07-11T15:15:19Z</time></trkpt>
      <trkpt lat="41.386559" lon="-81.775608"><ele>224.8</ele><time>2026-07-11T15:15:20Z</time></trkpt>
      <trkpt lat="41.386546" lon="-81.775644"><ele>224.8</ele><time>2026-07-11T15:15:21Z</time></trkpt>
      <trkpt lat="41.386533" lon="-81.775678"><ele>224.8</ele><time>2026-07-11T15:15:22Z</time></trkpt>
      <trkpt lat="41.386518" lon="-81.775714"><ele>224.8</ele><time>2026-07-11T15:15:23Z</time></trkpt>
      <trkpt lat="41.386504" lon="-81.775754"><ele>224.8</ele><time>2026-07-11T15:15:24Z</time></trkpt>
      <trkpt lat="41.386489" lon="-81.775792"><ele>224.8</ele><time>2026-07-11T15:15:25Z</time></trkpt>
      <trkpt lat="41.386474" lon="-81.775833"><ele>224.8</ele><time>2026-07-11T15:15:26Z</time></trkpt>
      <trkpt lat="41.386461" lon="-81.775876"><ele>224.8</ele><time>2026-07-11T15:15:27Z</time></trkpt>
      <trkpt lat="41.386451" lon="-81.775909"><ele>224.8</ele><time>2026-07-11T15:15:28Z</time></trkpt>
      <trkpt lat="41.386442" lon="-81.775941"><ele>224.8</ele><time>2026-07-11T15:15:29Z</time></trkpt>
      <trkpt lat="41.386431" lon="-81.77597"><ele>224.8</ele><time>2026-07-11T15:15:30Z</time></trkpt>
      <trkpt lat="41.386415" lon="-81.776008"><ele>224.8</ele><time>2026-07-11T15:15:31Z</time></trkpt>
      <trkpt lat="41.3864" lon="-81.776043"><ele>224.8</ele><time>2026-07-11T15:15:32Z</time></trkpt>
      <trkpt lat="41.386381" lon="-81.776077"><ele>224.8</ele><time>2026-07-11T15:15:33Z</time></trkpt>
      <trkpt lat="41.386362" lon="-81.776113"><ele>224.8</ele><time>2026-07-11T15:15:34Z</time></trkpt>
      <trkpt lat="41.386344" lon="-81.776148"><ele>224.8</ele><time>2026-07-11T15:15:35Z</time></trkpt>
      <trkpt lat="41.386327" lon="-81.776179"><ele>224.8</ele><time>2026-07-11T15:15:36Z</time></trkpt>
      <trkpt lat="41.386311" lon="-81.776212"><ele>224.8</ele><time>2026-07-11T15:15:37Z</time></trkpt>
      <trkpt lat="41.386295" lon="-81.776247"><ele>224.8</ele><time>2026-07-11T15:15:38Z</time></trkpt>
      <trkpt lat="41.386277" lon="-81.776283"><ele>224.8</ele><time>2026-07-11T15:15:39Z</time></trkpt>
      <trkpt lat="41.386261" lon="-81.776312"><ele>224.8</ele><time>2026-07-11T15:15:40Z</time></trkpt>
      <trkpt lat="41.386242" lon="-81.776348"><ele>224.8</ele><time>2026-07-11T15:15:41Z</time></trkpt>
      <trkpt lat="41.386228" lon="-81.776381"><ele>224.8</ele><time>2026-07-11T15:15:42Z</time></trkpt>
      <trkpt lat="41.386212" lon="-81.776409"><ele>224.8</ele><time>2026-07-11T15:15:43Z</time></trkpt>
      <trkpt lat="41.386194" lon="-81.776446"><ele>224.8</ele><time>2026-07-11T15:15:44Z</time></trkpt>
      <trkpt lat="41.386176" lon="-81.776479"><ele>224.8</ele><time>2026-07-11T15:15:45Z</time></trkpt>
      <trkpt lat="41.386159" lon="-81.776507"><ele>224.8</ele><time>2026-07-11T15:15:46Z</time></trkpt>
      <trkpt lat="41.386139" lon="-81.776542"><ele>224.8</ele><time>2026-07-11T15:15:47Z</time></trkpt>
      <trkpt lat="41.386119" lon="-81.776581"><ele>224.8</ele><time>2026-07-11T15:15:48Z</time></trkpt>
      <trkpt lat="41.3861" lon="-81.776617"><ele>224.8</ele><time>2026-07-11T15:15:49Z</time></trkpt>
      <trkpt lat="41.386082" lon="-81.776655"><ele>224.8</ele><time>2026-07-11T15:15:50Z</time></trkpt>
      <trkpt lat="41.386068" lon="-81.776691"><ele>224.8</ele><time>2026-07-11T15:15:51Z</time></trkpt>
      <trkpt lat="41.386054" lon="-81.776728"><ele>224.8</ele><time>2026-07-11T15:15:52Z</time></trkpt>
      <trkpt lat="41.386043" lon="-81.77676"><ele>224.8</ele><time>2026-07-11T15:15:53Z</time></trkpt>
      <trkpt lat="41.38603" lon="-81.776798"><ele>224.8</ele><time>2026-07-11T15:15:54Z</time></trkpt>
      <trkpt lat="41.386016" lon="-81.776832"><ele>224.8</ele><time>2026-07-11T15:15:55Z</time></trkpt>
      <trkpt lat="41.386003" lon="-81.776867"><ele>224.8</ele><time>2026-07-11T15:15:56Z</time></trkpt>
      <trkpt lat="41.385991" lon="-81.776905"><ele>224.8</ele><time>2026-07-11T15:15:57Z</time></trkpt>
      <trkpt lat="41.38598" lon="-81.776941"><ele>224.8</ele><time>2026-07-11T15:15:58Z</time></trkpt>
      <trkpt lat="41.385968" lon="-81.776976"><ele>224.8</ele><time>2026-07-11T15:15:59Z</time></trkpt>
      <trkpt lat="41.385956" lon="-81.777014"><ele>224.8</ele><time>2026-07-11T15:16:00Z</time></trkpt>
      <trkpt lat="41.385944" lon="-81.777051"><ele>224.8</ele><time>2026-07-11T15:16:01Z</time></trkpt>
      <trkpt lat="41.385932" lon="-81.777086"><ele>224.8</ele><time>2026-07-11T15:16:02Z</time></trkpt>
      <trkpt lat="41.385918" lon="-81.777121"><ele>224.8</ele><time>2026-07-11T15:16:03Z</time></trkpt>
      <trkpt lat="41.385905" lon="-81.777156"><ele>224.8</ele><time>2026-07-11T15:16:04Z</time></trkpt>
      <trkpt lat="41.385891" lon="-81.77719"><ele>224.8</ele><time>2026-07-11T15:16:05Z</time></trkpt>
      <trkpt lat="41.385876" lon="-81.777222"><ele>224.8</ele><time>2026-07-11T15:16:06Z</time></trkpt>
      <trkpt lat="41.385864" lon="-81.777252"><ele>224.8</ele><time>2026-07-11T15:16:07Z</time></trkpt>
      <trkpt lat="41.385855" lon="-81.77728"><ele>224.8</ele><time>2026-07-11T15:16:08Z</time></trkpt>
      <trkpt lat="41.385846" lon="-81.777306"><ele>224.8</ele><time>2026-07-11T15:16:09Z</time></trkpt>
      <trkpt lat="41.385839" lon="-81.77733"><ele>224.8</ele><time>2026-07-11T15:16:10Z</time></trkpt>
      <trkpt lat="41.385829" lon="-81.777354"><ele>224.8</ele><time>2026-07-11T15:16:11Z</time></trkpt>
      <trkpt lat="41.385817" lon="-81.777382"><ele>224.8</ele><time>2026-07-11T15:16:12Z</time></trkpt>
      <trkpt lat="41.385804" lon="-81.777408"><ele>224.8</ele><time>2026-07-11T15:16:13Z</time></trkpt>
      <trkpt lat="41.385791" lon="-81.777433"><ele>224.8</ele><time>2026-07-11T15:16:14Z</time></trkpt>
      <trkpt lat="41.385781" lon="-81.777456"><ele>224.8</ele><time>2026-07-11T15:16:15Z</time></trkpt>
      <trkpt lat="41.385771" lon="-81.777479"><ele>224.8</ele><time>2026-07-11T15:16:16Z</time></trkpt>
      <trkpt lat="41.385761" lon="-81.7775"><ele>224.8</ele><time>2026-07-11T15:16:17Z</time></trkpt>
      <trkpt lat="41.38575" lon="-81.777522"><ele>224.8</ele><time>2026-07-11T15:16:18Z</time></trkpt>
      <trkpt lat="41.385738" lon="-81.777547"><ele>224.8</ele><time>2026-07-11T15:16:19Z</time></trkpt>
      <trkpt lat="41.385725" lon="-81.777573"><ele>224.8</ele><time>2026-07-11T15:16:20Z</time></trkpt>
      <trkpt lat="41.385714" lon="-81.777603"><ele>224.8</ele><time>2026-07-11T15:16:21Z</time></trkpt>
      <trkpt lat="41.385706" lon="-81.77763"><ele>224.8</ele><time>2026-07-11T15:16:22Z</time></trkpt>
      <trkpt lat="41.3857" lon="-81.777656"><ele>224.8</ele><time>2026-07-11T15:16:23Z</time></trkpt>
      <trkpt lat="41.385694" lon="-81.777682"><ele>224.8</ele><time>2026-07-11T15:16:24Z</time></trkpt>
      <trkpt lat="41.385686" lon="-81.777707"><ele>224.8</ele><time>2026-07-11T15:16:25Z</time></trkpt>
      <trkpt lat="41.385675" lon="-81.777736"><ele>224.8</ele><time>2026-07-11T15:16:26Z</time></trkpt>
      <trkpt lat="41.385665" lon="-81.777762"><ele>224.8</ele><time>2026-07-11T15:16:27Z</time></trkpt>
      <trkpt lat="41.385656" lon="-81.777799"><ele>224.8</ele><time>2026-07-11T15:16:28Z</time></trkpt>
      <trkpt lat="41.38565" lon="-81.777839"><ele>224.8</ele><time>2026-07-11T15:16:29Z</time></trkpt>
      <trkpt lat="41.385641" lon="-81.777877"><ele>224.8</ele><time>2026-07-11T15:16:30Z</time></trkpt>
      <trkpt lat="41.385633" lon="-81.777913"><ele>224.8</ele><time>2026-07-11T15:16:31Z</time></trkpt>
      <trkpt lat="41.385624" lon="-81.77795"><ele>224.8</ele><time>2026-07-11T15:16:32Z</time></trkpt>
      <trkpt lat="41.385615" lon="-81.777986"><ele>224.8</ele><time>2026-07-11T15:16:33Z</time></trkpt>
      <trkpt lat="41.385604" lon="-81.778026"><ele>224.8</ele><time>2026-07-11T15:16:34Z</time></trkpt>
      <trkpt lat="41.385595" lon="-81.778063"><ele>224.8</ele><time>2026-07-11T15:16:35Z</time></trkpt>
      <trkpt lat="41.385583" lon="-81.7781"><ele>224.8</ele><time>2026-07-11T15:16:36Z</time></trkpt>
      <trkpt lat="41.385568" lon="-81.778143"><ele>224.8</ele><time>2026-07-11T15:16:37Z</time></trkpt>
      <trkpt lat="41.385554" lon="-81.778189"><ele>224.8</ele><time>2026-07-11T15:16:38Z</time></trkpt>
      <trkpt lat="41.385539" lon="-81.778228"><ele>224.8</ele><time>2026-07-11T15:16:39Z</time></trkpt>
      <trkpt lat="41.385524" lon="-81.778269"><ele>224.8</ele><time>2026-07-11T15:16:40Z</time></trkpt>
      <trkpt lat="41.385509" lon="-81.77831"><ele>224.8</ele><time>2026-07-11T15:16:41Z</time></trkpt>
      <trkpt lat="41.385497" lon="-81.778345"><ele>224.8</ele><time>2026-07-11T15:16:42Z</time></trkpt>
      <trkpt lat="41.385485" lon="-81.778382"><ele>224.8</ele><time>2026-07-11T15:16:43Z</time></trkpt>
      <trkpt lat="41.385477" lon="-81.778416"><ele>224.8</ele><time>2026-07-11T15:16:44Z</time></trkpt>
      <trkpt lat="41.385469" lon="-81.778443"><ele>224.8</ele><time>2026-07-11T15:16:45Z</time></trkpt>
      <trkpt lat="41.385463" lon="-81.778462"><ele>224.8</ele><time>2026-07-11T15:16:46Z</time></trkpt>
      <trkpt lat="41.385456" lon="-81.778486"><ele>224.8</ele><time>2026-07-11T15:16:47Z</time></trkpt>
      <trkpt lat="41.385446" lon="-81.778513"><ele>224.8</ele><time>2026-07-11T15:16:48Z</time></trkpt>
      <trkpt lat="41.385435" lon="-81.778543"><ele>224.8</ele><time>2026-07-11T15:16:49Z</time></trkpt>
      <trkpt lat="41.385425" lon="-81.77857"><ele>224.8</ele><time>2026-07-11T15:16:50Z</time></trkpt>
      <trkpt lat="41.385419" lon="-81.778599"><ele>224.8</ele><time>2026-07-11T15:16:51Z</time></trkpt>
      <trkpt lat="41.385413" lon="-81.778627"><ele>224.8</ele><time>2026-07-11T15:16:52Z</time></trkpt>
      <trkpt lat="41.385405" lon="-81.778657"><ele>224.8</ele><time>2026-07-11T15:16:53Z</time></trkpt>
      <trkpt lat="41.385398" lon="-81.778689"><ele>224.8</ele><time>2026-07-11T15:16:54Z</time></trkpt>
      <trkpt lat="41.385389" lon="-81.77872"><ele>224.8</ele><time>2026-07-11T15:16:55Z</time></trkpt>
      <trkpt lat="41.385383" lon="-81.778757"><ele>224.8</ele><time>2026-07-11T15:16:56Z</time></trkpt>
      <trkpt lat="41.385376" lon="-81.778793"><ele>224.8</ele><time>2026-07-11T15:16:57Z</time></trkpt>
      <trkpt lat="41.385369" lon="-81.778826"><ele>224.8</ele><time>2026-07-11T15:16:58Z</time></trkpt>
      <trkpt lat="41.385361" lon="-81.778866"><ele>224.8</ele><time>2026-07-11T15:16:59Z</time></trkpt>
      <trkpt lat="41.385353" lon="-81.778901"><ele>224.8</ele><time>2026-07-11T15:17:00Z</time></trkpt>
      <trkpt lat="41.385343" lon="-81.778935"><ele>224.8</ele><time>2026-07-11T15:17:01Z</time></trkpt>
      <trkpt lat="41.385334" lon="-81.778975"><ele>224.8</ele><time>2026-07-11T15:17:02Z</time></trkpt>
      <trkpt lat="41.385327" lon="-81.779011"><ele>224.8</ele><time>2026-07-11T15:17:03Z</time></trkpt>
      <trkpt lat="41.385319" lon="-81.779048"><ele>224.8</ele><time>2026-07-11T15:17:04Z</time></trkpt>
      <trkpt lat="41.385314" lon="-81.779078"><ele>224.8</ele><time>2026-07-11T15:17:05Z</time></trkpt>
      <trkpt lat="41.385309" lon="-81.779104"><ele>224.8</ele><time>2026-07-11T15:17:06Z</time></trkpt>
      <trkpt lat="41.3853" lon="-81.779136"><ele>224.8</ele><time>2026-07-11T15:17:07Z</time></trkpt>
      <trkpt lat="41.385288" lon="-81.779178"><ele>224.8</ele><time>2026-07-11T15:17:08Z</time></trkpt>
      <trkpt lat="41.385277" lon="-81.779221"><ele>224.8</ele><time>2026-07-11T15:17:09Z</time></trkpt>
      <trkpt lat="41.385263" lon="-81.779263"><ele>224.8</ele><time>2026-07-11T15:17:10Z</time></trkpt>
      <trkpt lat="41.385251" lon="-81.779298"><ele>224.8</ele><time>2026-07-11T15:17:11Z</time></trkpt>
      <trkpt lat="41.385239" lon="-81.77933"><ele>224.8</ele><time>2026-07-11T15:17:12Z</time></trkpt>
      <trkpt lat="41.385228" lon="-81.779362"><ele>224.8</ele><time>2026-07-11T15:17:13Z</time></trkpt>
      <trkpt lat="41.385217" lon="-81.779398"><ele>224.8</ele><time>2026-07-11T15:17:14Z</time></trkpt>
      <trkpt lat="41.385208" lon="-81.779437"><ele>224.8</ele><time>2026-07-11T15:17:15Z</time></trkpt>
      <trkpt lat="41.385201" lon="-81.779475"><ele>224.8</ele><time>2026-07-11T15:17:16Z</time></trkpt>
      <trkpt lat="41.385196" lon="-81.779511"><ele>224.8</ele><time>2026-07-11T15:17:17Z</time></trkpt>
      <trkpt lat="41.38519" lon="-81.77955"><ele>224.8</ele><time>2026-07-11T15:17:18Z</time></trkpt>
      <trkpt lat="41.385186" lon="-81.779583"><ele>224.8</ele><time>2026-07-11T15:17:19Z</time></trkpt>
      <trkpt lat="41.385182" lon="-81.779615"><ele>224.8</ele><time>2026-07-11T15:17:20Z</time></trkpt>
      <trkpt lat="41.385178" lon="-81.779644"><ele>224.8</ele><time>2026-07-11T15:17:21Z</time></trkpt>
      <trkpt lat="41.38517" lon="-81.779681"><ele>224.8</ele><time>2026-07-11T15:17:22Z</time></trkpt>
      <trkpt lat="41.385163" lon="-81.779724"><ele>224.8</ele><time>2026-07-11T15:17:23Z</time></trkpt>
      <trkpt lat="41.385155" lon="-81.779763"><ele>224.8</ele><time>2026-07-11T15:17:24Z</time></trkpt>
      <trkpt lat="41.385147" lon="-81.779799"><ele>224.8</ele><time>2026-07-11T15:17:25Z</time></trkpt>
      <trkpt lat="41.385139" lon="-81.779835"><ele>225.1</ele><time>2026-07-11T15:17:26Z</time></trkpt>
      <trkpt lat="41.385132" lon="-81.779869"><ele>225.1</ele><time>2026-07-11T15:17:27Z</time></trkpt>
      <trkpt lat="41.385125" lon="-81.779903"><ele>225.1</ele><time>2026-07-11T15:17:28Z</time></trkpt>
      <trkpt lat="41.385119" lon="-81.77994"><ele>225.1</ele><time>2026-07-11T15:17:29Z</time></trkpt>
      <trkpt lat="41.385114" lon="-81.779976"><ele>225.1</ele><time>2026-07-11T15:17:30Z</time></trkpt>
      <trkpt lat="41.385111" lon="-81.780017"><ele>225.1</ele><time>2026-07-11T15:17:31Z</time></trkpt>
      <trkpt lat="41.385108" lon="-81.78005"><ele>225.1</ele><time>2026-07-11T15:17:32Z</time></trkpt>
      <trkpt lat="41.385104" lon="-81.780086"><ele>225.1</ele><time>2026-07-11T15:17:33Z</time></trkpt>
      <trkpt lat="41.385098" lon="-81.780124"><ele>225.1</ele><time>2026-07-11T15:17:34Z</time></trkpt>
      <trkpt lat="41.385091" lon="-81.780162"><ele>225.1</ele><time>2026-07-11T15:17:35Z</time></trkpt>
      <trkpt lat="41.385082" lon="-81.780201"><ele>225.1</ele><time>2026-07-11T15:17:36Z</time></trkpt>
      <trkpt lat="41.385069" lon="-81.780242"><ele>225.2</ele><time>2026-07-11T15:17:37Z</time></trkpt>
      <trkpt lat="41.385053" lon="-81.780283"><ele>225.2</ele><time>2026-07-11T15:17:38Z</time></trkpt>
      <trkpt lat="41.38504" lon="-81.780323"><ele>225.2</ele><time>2026-07-11T15:17:39Z</time></trkpt>
      <trkpt lat="41.385029" lon="-81.780358"><ele>225.299</ele><time>2026-07-11T15:17:40Z</time></trkpt>
      <trkpt lat="41.385021" lon="-81.78039"><ele>225.2</ele><time>2026-07-11T15:17:41Z</time></trkpt>
      <trkpt lat="41.385017" lon="-81.780422"><ele>225.2</ele><time>2026-07-11T15:17:42Z</time></trkpt>
      <trkpt lat="41.385013" lon="-81.780447"><ele>225.299</ele><time>2026-07-11T15:17:43Z</time></trkpt>
      <trkpt lat="41.385008" lon="-81.780467"><ele>225.2</ele><time>2026-07-11T15:17:44Z</time></trkpt>
      <trkpt lat="41.385002" lon="-81.780507"><ele>225.2</ele><time>2026-07-11T15:17:45Z</time></trkpt>
      <trkpt lat="41.384995" lon="-81.780549"><ele>225.2</ele><time>2026-07-11T15:17:46Z</time></trkpt>
      <trkpt lat="41.384988" lon="-81.780591"><ele>225.2</ele><time>2026-07-11T15:17:47Z</time></trkpt>
      <trkpt lat="41.384981" lon="-81.780627"><ele>225.2</ele><time>2026-07-11T15:17:48Z</time></trkpt>
      <trkpt lat="41.384974" lon="-81.780662"><ele>225.2</ele><time>2026-07-11T15:17:49Z</time></trkpt>
      <trkpt lat="41.384968" lon="-81.780696"><ele>225.5</ele><time>2026-07-11T15:17:50Z</time></trkpt>
      <trkpt lat="41.384961" lon="-81.780728"><ele>225.5</ele><time>2026-07-11T15:17:51Z</time></trkpt>
      <trkpt lat="41.384952" lon="-81.780761"><ele>225.5</ele><time>2026-07-11T15:17:52Z</time></trkpt>
      <trkpt lat="41.384943" lon="-81.780796"><ele>225.5</ele><time>2026-07-11T15:17:53Z</time></trkpt>
      <trkpt lat="41.384931" lon="-81.780831"><ele>225.4</ele><time>2026-07-11T15:17:54Z</time></trkpt>
      <trkpt lat="41.384921" lon="-81.780866"><ele>225.4</ele><time>2026-07-11T15:17:55Z</time></trkpt>
      <trkpt lat="41.384911" lon="-81.780901"><ele>225.5</ele><time>2026-07-11T15:17:56Z</time></trkpt>
      <trkpt lat="41.384901" lon="-81.780934"><ele>225.6</ele><time>2026-07-11T15:17:57Z</time></trkpt>
      <trkpt lat="41.384891" lon="-81.780968"><ele>225.6</ele><time>2026-07-11T15:17:58Z</time></trkpt>
      <trkpt lat="41.384881" lon="-81.781"><ele>225.6</ele><time>2026-07-11T15:17:59Z</time></trkpt>
      <trkpt lat="41.384872" lon="-81.781031"><ele>225.6</ele><time>2026-07-11T15:18:00Z</time></trkpt>
      <trkpt lat="41.384861" lon="-81.781063"><ele>225.6</ele><time>2026-07-11T15:18:01Z</time></trkpt>
      <trkpt lat="41.384848" lon="-81.781096"><ele>225.6</ele><time>2026-07-11T15:18:02Z</time></trkpt>
      <trkpt lat="41.384836" lon="-81.78113"><ele>225.6</ele><time>2026-07-11T15:18:03Z</time></trkpt>
      <trkpt lat="41.384826" lon="-81.781163"><ele>225.6</ele><time>2026-07-11T15:18:04Z</time></trkpt>
      <trkpt lat="41.384818" lon="-81.781197"><ele>225.7</ele><time>2026-07-11T15:18:05Z</time></trkpt>
      <trkpt lat="41.384813" lon="-81.78123"><ele>225.9</ele><time>2026-07-11T15:18:06Z</time></trkpt>
      <trkpt lat="41.384806" lon="-81.781261"><ele>225.8</ele><time>2026-07-11T15:18:07Z</time></trkpt>
      <trkpt lat="41.384801" lon="-81.781293"><ele>225.6</ele><time>2026-07-11T15:18:08Z</time></trkpt>
      <trkpt lat="41.384798" lon="-81.781326"><ele>225.3</ele><time>2026-07-11T15:18:09Z</time></trkpt>
      <trkpt lat="41.384794" lon="-81.781358"><ele>225.6</ele><time>2026-07-11T15:18:10Z</time></trkpt>
      <trkpt lat="41.384788" lon="-81.781389"><ele>225.5</ele><time>2026-07-11T15:18:11Z</time></trkpt>
      <trkpt lat="41.384781" lon="-81.781421"><ele>225.6</ele><time>2026-07-11T15:18:12Z</time></trkpt>
      <trkpt lat="41.384774" lon="-81.781455"><ele>225.5</ele><time>2026-07-11T15:18:13Z</time></trkpt>
      <trkpt lat="41.384765" lon="-81.781488"><ele>225.6</ele><time>2026-07-11T15:18:14Z</time></trkpt>
      <trkpt lat="41.384754" lon="-81.78152"><ele>225.5</ele><time>2026-07-11T15:18:15Z</time></trkpt>
      <trkpt lat="41.384744" lon="-81.781554"><ele>225.4</ele><time>2026-07-11T15:18:16Z</time></trkpt>
      <trkpt lat="41.384736" lon="-81.781583"><ele>225.5</ele><time>2026-07-11T15:18:17Z</time></trkpt>
      <trkpt lat="41.384724" lon="-81.781611"><ele>225.5</ele><time>2026-07-11T15:18:18Z</time></trkpt>
      <trkpt lat="41.384714" lon="-81.78164"><ele>225.5</ele><time>2026-07-11T15:18:19Z</time></trkpt>
      <trkpt lat="41.384699" lon="-81.781677"><ele>225.5</ele><time>2026-07-11T15:18:20Z</time></trkpt>
      <trkpt lat="41.384687" lon="-81.781711"><ele>225.5</ele><time>2026-07-11T15:18:21Z</time></trkpt>
      <trkpt lat="41.384676" lon="-81.781743"><ele>225.5</ele><time>2026-07-11T15:18:22Z</time></trkpt>
      <trkpt lat="41.384667" lon="-81.781779"><ele>225.5</ele><time>2026-07-11T15:18:23Z</time></trkpt>
      <trkpt lat="41.38466" lon="-81.78181"><ele>225.5</ele><time>2026-07-11T15:18:24Z</time></trkpt>
      <trkpt lat="41.384654" lon="-81.781836"><ele>225.5</ele><time>2026-07-11T15:18:25Z</time></trkpt>
      <trkpt lat="41.384649" lon="-81.781862"><ele>225.6</ele><time>2026-07-11T15:18:26Z</time></trkpt>
      <trkpt lat="41.38464" lon="-81.78189"><ele>225.7</ele><time>2026-07-11T15:18:27Z</time></trkpt>
      <trkpt lat="41.384632" lon="-81.781919"><ele>225.6</ele><time>2026-07-11T15:18:28Z</time></trkpt>
      <trkpt lat="41.384623" lon="-81.781953"><ele>225.6</ele><time>2026-07-11T15:18:29Z</time></trkpt>
      <trkpt lat="41.384613" lon="-81.781987"><ele>225.799</ele><time>2026-07-11T15:18:30Z</time></trkpt>
      <trkpt lat="41.384603" lon="-81.782017"><ele>225.999</ele><time>2026-07-11T15:18:31Z</time></trkpt>
      <trkpt lat="41.384594" lon="-81.782056"><ele>226.099</ele><time>2026-07-11T15:18:32Z</time></trkpt>
      <trkpt lat="41.384584" lon="-81.782096"><ele>226.1</ele><time>2026-07-11T15:18:33Z</time></trkpt>
      <trkpt lat="41.384574" lon="-81.782134"><ele>226</ele><time>2026-07-11T15:18:34Z</time></trkpt>
      <trkpt lat="41.384565" lon="-81.782173"><ele>225.9</ele><time>2026-07-11T15:18:35Z</time></trkpt>
      <trkpt lat="41.384557" lon="-81.782208"><ele>226</ele><time>2026-07-11T15:18:36Z</time></trkpt>
      <trkpt lat="41.384552" lon="-81.782238"><ele>225.8</ele><time>2026-07-11T15:18:37Z</time></trkpt>
      <trkpt lat="41.384545" lon="-81.78227"><ele>225.8</ele><time>2026-07-11T15:18:38Z</time></trkpt>
      <trkpt lat="41.384533" lon="-81.782302"><ele>225.8</ele><time>2026-07-11T15:18:39Z</time></trkpt>
      <trkpt lat="41.384523" lon="-81.782334"><ele>225.7</ele><time>2026-07-11T15:18:40Z</time></trkpt>
      <trkpt lat="41.384509" lon="-81.782369"><ele>225.7</ele><time>2026-07-11T15:18:41Z</time></trkpt>
      <trkpt lat="41.384495" lon="-81.782403"><ele>225.6</ele><time>2026-07-11T15:18:42Z</time></trkpt>
      <trkpt lat="41.384481" lon="-81.782438"><ele>225.6</ele><time>2026-07-11T15:18:43Z</time></trkpt>
      <trkpt lat="41.384469" lon="-81.782469"><ele>225.6</ele><time>2026-07-11T15:18:44Z</time></trkpt>
      <trkpt lat="41.384459" lon="-81.7825"><ele>225.6</ele><time>2026-07-11T15:18:45Z</time></trkpt>
      <trkpt lat="41.384451" lon="-81.782533"><ele>225.6</ele><time>2026-07-11T15:18:46Z</time></trkpt>
      <trkpt lat="41.384443" lon="-81.782563"><ele>225.6</ele><time>2026-07-11T15:18:47Z</time></trkpt>
      <trkpt lat="41.384436" lon="-81.782592"><ele>225.6</ele><time>2026-07-11T15:18:48Z</time></trkpt>
      <trkpt lat="41.384429" lon="-81.782623"><ele>225.7</ele><time>2026-07-11T15:18:49Z</time></trkpt>
      <trkpt lat="41.384421" lon="-81.782659"><ele>225.7</ele><time>2026-07-11T15:18:50Z</time></trkpt>
      <trkpt lat="41.384413" lon="-81.782699"><ele>225.6</ele><time>2026-07-11T15:18:51Z</time></trkpt>
      <trkpt lat="41.384404" lon="-81.782738"><ele>225.5</ele><time>2026-07-11T15:18:52Z</time></trkpt>
      <trkpt lat="41.384392" lon="-81.782776"><ele>225.5</ele><time>2026-07-11T15:18:53Z</time></trkpt>
      <trkpt lat="41.384381" lon="-81.782811"><ele>225.4</ele><time>2026-07-11T15:18:54Z</time></trkpt>
      <trkpt lat="41.384371" lon="-81.782843"><ele>225.3</ele><time>2026-07-11T15:18:55Z</time></trkpt>
      <trkpt lat="41.384361" lon="-81.782871"><ele>225.3</ele><time>2026-07-11T15:18:56Z</time></trkpt>
      <trkpt lat="41.384349" lon="-81.782899"><ele>225.2</ele><time>2026-07-11T15:18:57Z</time></trkpt>
      <trkpt lat="41.384336" lon="-81.78293"><ele>225.1</ele><time>2026-07-11T15:18:58Z</time></trkpt>
      <trkpt lat="41.384326" lon="-81.782962"><ele>225.3</ele><time>2026-07-11T15:18:59Z</time></trkpt>
      <trkpt lat="41.384317" lon="-81.782991"><ele>225.3</ele><time>2026-07-11T15:19:00Z</time></trkpt>
      <trkpt lat="41.384307" lon="-81.783024"><ele>225.3</ele><time>2026-07-11T15:19:01Z</time></trkpt>
      <trkpt lat="41.384297" lon="-81.783057"><ele>225.1</ele><time>2026-07-11T15:19:02Z</time></trkpt>
      <trkpt lat="41.384286" lon="-81.783087"><ele>225.1</ele><time>2026-07-11T15:19:03Z</time></trkpt>
      <trkpt lat="41.384276" lon="-81.783121"><ele>225.1</ele><time>2026-07-11T15:19:04Z</time></trkpt>
      <trkpt lat="41.384266" lon="-81.78315"><ele>225.2</ele><time>2026-07-11T15:19:05Z</time></trkpt>
      <trkpt lat="41.384256" lon="-81.783178"><ele>225.3</ele><time>2026-07-11T15:19:06Z</time></trkpt>
      <trkpt lat="41.384245" lon="-81.783211"><ele>225.3</ele><time>2026-07-11T15:19:07Z</time></trkpt>
      <trkpt lat="41.384231" lon="-81.783245"><ele>225.3</ele><time>2026-07-11T15:19:08Z</time></trkpt>
      <trkpt lat="41.384216" lon="-81.783281"><ele>225.3</ele><time>2026-07-11T15:19:09Z</time></trkpt>
      <trkpt lat="41.3842" lon="-81.78332"><ele>225.3</ele><time>2026-07-11T15:19:10Z</time></trkpt>
      <trkpt lat="41.384185" lon="-81.783358"><ele>225.3</ele><time>2026-07-11T15:19:11Z</time></trkpt>
      <trkpt lat="41.384169" lon="-81.783397"><ele>225.3</ele><time>2026-07-11T15:19:12Z</time></trkpt>
      <trkpt lat="41.384153" lon="-81.783437"><ele>225.2</ele><time>2026-07-11T15:19:13Z</time></trkpt>
      <trkpt lat="41.384139" lon="-81.783476"><ele>225.3</ele><time>2026-07-11T15:19:14Z</time></trkpt>
      <trkpt lat="41.38413" lon="-81.783509"><ele>225.3</ele><time>2026-07-11T15:19:15Z</time></trkpt>
      <trkpt lat="41.384121" lon="-81.783542"><ele>225.5</ele><time>2026-07-11T15:19:16Z</time></trkpt>
      <trkpt lat="41.384109" lon="-81.783577"><ele>225.5</ele><time>2026-07-11T15:19:17Z</time></trkpt>
      <trkpt lat="41.384098" lon="-81.783612"><ele>225.5</ele><time>2026-07-11T15:19:18Z</time></trkpt>
      <trkpt lat="41.384088" lon="-81.78365"><ele>225.5</ele><time>2026-07-11T15:19:19Z</time></trkpt>
      <trkpt lat="41.384078" lon="-81.78369"><ele>225.6</ele><time>2026-07-11T15:19:20Z</time></trkpt>
      <trkpt lat="41.384065" lon="-81.783724"><ele>225.5</ele><time>2026-07-11T15:19:21Z</time></trkpt>
      <trkpt lat="41.384053" lon="-81.783758"><ele>225.5</ele><time>2026-07-11T15:19:22Z</time></trkpt>
      <trkpt lat="41.384042" lon="-81.78379"><ele>225.5</ele><time>2026-07-11T15:19:23Z</time></trkpt>
      <trkpt lat="41.384028" lon="-81.78382"><ele>225.5</ele><time>2026-07-11T15:19:24Z</time></trkpt>
      <trkpt lat="41.384012" lon="-81.783856"><ele>225.5</ele><time>2026-07-11T15:19:25Z</time></trkpt>
      <trkpt lat="41.383996" lon="-81.783889"><ele>225.6</ele><time>2026-07-11T15:19:26Z</time></trkpt>
      <trkpt lat="41.383981" lon="-81.783928"><ele>225.5</ele><time>2026-07-11T15:19:27Z</time></trkpt>
      <trkpt lat="41.383968" lon="-81.783964"><ele>225.7</ele><time>2026-07-11T15:19:28Z</time></trkpt>
      <trkpt lat="41.383954" lon="-81.783995"><ele>225.5</ele><time>2026-07-11T15:19:29Z</time></trkpt>
      <trkpt lat="41.38394" lon="-81.784029"><ele>225.7</ele><time>2026-07-11T15:19:30Z</time></trkpt>
      <trkpt lat="41.383927" lon="-81.784061"><ele>225.7</ele><time>2026-07-11T15:19:31Z</time></trkpt>
      <trkpt lat="41.383916" lon="-81.784089"><ele>225.6</ele><time>2026-07-11T15:19:32Z</time></trkpt>
      <trkpt lat="41.383907" lon="-81.784122"><ele>225.6</ele><time>2026-07-11T15:19:33Z</time></trkpt>
      <trkpt lat="41.383893" lon="-81.784156"><ele>225.6</ele><time>2026-07-11T15:19:34Z</time></trkpt>
      <trkpt lat="41.383881" lon="-81.784188"><ele>225.5</ele><time>2026-07-11T15:19:35Z</time></trkpt>
      <trkpt lat="41.383869" lon="-81.784218"><ele>225.6</ele><time>2026-07-11T15:19:36Z</time></trkpt>
      <trkpt lat="41.383857" lon="-81.784249"><ele>225.6</ele><time>2026-07-11T15:19:37Z</time></trkpt>
      <trkpt lat="41.38384" lon="-81.784282"><ele>225.6</ele><time>2026-07-11T15:19:38Z</time></trkpt>
      <trkpt lat="41.383822" lon="-81.784313"><ele>225.5</ele><time>2026-07-11T15:19:39Z</time></trkpt>
      <trkpt lat="41.383809" lon="-81.784341"><ele>225.6</ele><time>2026-07-11T15:19:40Z</time></trkpt>
      <trkpt lat="41.3838" lon="-81.784367"><ele>225.5</ele><time>2026-07-11T15:19:41Z</time></trkpt>
      <trkpt lat="41.383793" lon="-81.784396"><ele>225.5</ele><time>2026-07-11T15:19:42Z</time></trkpt>
      <trkpt lat="41.383788" lon="-81.784423"><ele>225.6</ele><time>2026-07-11T15:19:43Z</time></trkpt>
      <trkpt lat="41.383784" lon="-81.784447"><ele>225.6</ele><time>2026-07-11T15:19:44Z</time></trkpt>
      <trkpt lat="41.383781" lon="-81.784463"><ele>225.6</ele><time>2026-07-11T15:19:45Z</time></trkpt>
      <trkpt lat="41.383779" lon="-81.784469"><ele>225.6</ele><time>2026-07-11T15:19:46Z</time></trkpt>
      <trkpt lat="41.383776" lon="-81.784474"><ele>225.5</ele><time>2026-07-11T15:19:47Z</time></trkpt>
      <trkpt lat="41.383776" lon="-81.784476"><ele>225.5</ele><time>2026-07-11T15:19:48Z</time></trkpt>
      <trkpt lat="41.383774" lon="-81.784478"><ele>225.5</ele><time>2026-07-11T15:19:49Z</time></trkpt>
      <trkpt lat="41.38377" lon="-81.784481"><ele>225.5</ele><time>2026-07-11T15:19:50Z</time></trkpt>
      <trkpt lat="41.383765" lon="-81.784484"><ele>225.2</ele><time>2026-07-11T15:19:51Z</time></trkpt>
      <trkpt lat="41.383762" lon="-81.784487"><ele>225.2</ele><time>2026-07-11T15:19:52Z</time></trkpt>
      <trkpt lat="41.383758" lon="-81.78449"><ele>225.1</ele><time>2026-07-11T15:19:53Z</time></trkpt>
      <trkpt lat="41.383756" lon="-81.784491"><ele>225.1</ele><time>2026-07-11T15:19:54Z</time></trkpt>
      <trkpt lat="41.383755" lon="-81.784491"><ele>225.2</ele><time>2026-07-11T15:19:55Z</time></trkpt>
      <trkpt lat="41.383753" lon="-81.784491"><ele>225.299</ele><time>2026-07-11T15:19:56Z</time></trkpt>
      <trkpt lat="41.38375" lon="-81.784492"><ele>225.299</ele><time>2026-07-11T15:19:57Z</time></trkpt>
      <trkpt lat="41.383748" lon="-81.784493"><ele>225.299</ele><time>2026-07-11T15:19:58Z</time></trkpt>
      <trkpt lat="41.383747" lon="-81.784493"><ele>225.299</ele><time>2026-07-11T15:19:59Z</time></trkpt>
      <trkpt lat="41.383746" lon="-81.784494"><ele>225.299</ele><time>2026-07-11T15:20:00Z</time></trkpt>
      <trkpt lat="41.383745" lon="-81.784493"><ele>225.299</ele><time>2026-07-11T15:20:01Z</time></trkpt>
      <trkpt lat="41.383745" lon="-81.784492"><ele>225.299</ele><time>2026-07-11T15:20:02Z</time></trkpt>
      <trkpt lat="41.383746" lon="-81.78449"><ele>225.3</ele><time>2026-07-11T15:20:03Z</time></trkpt>
      <trkpt lat="41.383746" lon="-81.784488"><ele>225.2</ele><time>2026-07-11T15:20:04Z</time></trkpt>
      <trkpt lat="41.383746" lon="-81.784487"><ele>225.2</ele><time>2026-07-11T15:20:05Z</time></trkpt>
      <trkpt lat="41.383745" lon="-81.784487"><ele>225.2</ele><time>2026-07-11T15:20:06Z</time></trkpt>
      <trkpt lat="41.383743" lon="-81.784486"><ele>225.3</ele><time>2026-07-11T15:20:07Z</time></trkpt>
      <trkpt lat="41.383742" lon="-81.784486"><ele>225.3</ele><time>2026-07-11T15:20:08Z</time></trkpt>
      <trkpt lat="41.383742" lon="-81.784484"><ele>225.2</ele><time>2026-07-11T15:20:09Z</time></trkpt>
      <trkpt lat="41.383742" lon="-81.784482"><ele>225.3</ele><time>2026-07-11T15:20:10Z</time></trkpt>
      <trkpt lat="41.383741" lon="-81.784479"><ele>225.4</ele><time>2026-07-11T15:20:11Z</time></trkpt>
      <trkpt lat="41.383741" lon="-81.784478"><ele>225.4</ele><time>2026-07-11T15:20:12Z</time></trkpt>
      <trkpt lat="41.38374" lon="-81.784475"><ele>225.4</ele><time>2026-07-11T15:20:13Z</time></trkpt>
      <trkpt lat="41.383738" lon="-81.784474"><ele>225.4</ele><time>2026-07-11T15:20:14Z</time></trkpt>
      <trkpt lat="41.383736" lon="-81.784474"><ele>225.5</ele><time>2026-07-11T15:20:15Z</time></trkpt>
      <trkpt lat="41.383734" lon="-81.784474"><ele>225.4</ele><time>2026-07-11T15:20:16Z</time></trkpt>
      <trkpt lat="41.383732" lon="-81.784475"><ele>225.4</ele><time>2026-07-11T15:20:17Z</time></trkpt>
      <trkpt lat="41.383731" lon="-81.784474"><ele>225.4</ele><time>2026-07-11T15:20:18Z</time></trkpt>
      <trkpt lat="41.38373" lon="-81.784473"><ele>225.4</ele><time>2026-07-11T15:20:19Z</time></trkpt>
      <trkpt lat="41.38373" lon="-81.784471"><ele>225.4</ele><time>2026-07-11T15:20:20Z</time></trkpt>
      <trkpt lat="41.38373" lon="-81.784469"><ele>225.2</ele><time>2026-07-11T15:20:21Z</time></trkpt>
      <trkpt lat="41.383729" lon="-81.784467"><ele>227</ele><time>2026-07-11T15:20:22Z</time></trkpt>
      <trkpt lat="41.383728" lon="-81.784464"><ele>227</ele><time>2026-07-11T15:20:23Z</time></trkpt>
      <trkpt lat="41.383728" lon="-81.78446"><ele>227</ele><time>2026-07-11T15:20:24Z</time></trkpt>
      <trkpt lat="41.383728" lon="-81.784457"><ele>227</ele><time>2026-07-11T15:20:25Z</time></trkpt>
      <trkpt lat="41.383728" lon="-81.784454"><ele>227</ele><time>2026-07-11T15:20:26Z</time></trkpt>
      <trkpt lat="41.383729" lon="-81.784453"><ele>227.1</ele><time>2026-07-11T15:20:27Z</time></trkpt>
      <trkpt lat="41.38373" lon="-81.784452"><ele>227</ele><time>2026-07-11T15:20:28Z</time></trkpt>
      <trkpt lat="41.38373" lon="-81.784452"><ele>227</ele><time>2026-07-11T15:20:29Z</time></trkpt>
      <trkpt lat="41.38373" lon="-81.784452"><ele>227</ele><time>2026-07-11T15:20:30Z</time></trkpt>
      <trkpt lat="41.383731" lon="-81.784452"><ele>227</ele><time>2026-07-11T15:20:31Z</time></trkpt>
      <trkpt lat="41.383731" lon="-81.784453"><ele>227</ele><time>2026-07-11T15:20:32Z</time></trkpt>
      <trkpt lat="41.383732" lon="-81.784453"><ele>227</ele><time>2026-07-11T15:20:33Z</time></trkpt>
      <trkpt lat="41.383732" lon="-81.784452"><ele>227</ele><time>2026-07-11T15:20:34Z</time></trkpt>
      <trkpt lat="41.383732" lon="-81.784451"><ele>226.8</ele><time>2026-07-11T15:20:35Z</time></trkpt>
      <trkpt lat="41.383732" lon="-81.78445"><ele>226.8</ele><time>2026-07-11T15:20:36Z</time></trkpt>
      <trkpt lat="41.383732" lon="-81.784448"><ele>226.8</ele><time>2026-07-11T15:20:37Z</time></trkpt>
      <trkpt lat="41.383732" lon="-81.784447"><ele>226.8</ele><time>2026-07-11T15:20:38Z</time></trkpt>
      <trkpt lat="41.383732" lon="-81.784446"><ele>226.8</ele><time>2026-07-11T15:20:39Z</time></trkpt>
      <trkpt lat="41.383732" lon="-81.784444"><ele>226.8</ele><time>2026-07-11T15:20:40Z</time></trkpt>
      <trkpt lat="41.383732" lon="-81.784443"><ele>226.8</ele><time>2026-07-11T15:20:41Z</time></trkpt>
      <trkpt lat="41.383731" lon="-81.784442"><ele>226.8</ele><time>2026-07-11T15:20:42Z</time></trkpt>
      <trkpt lat="41.38373" lon="-81.784442"><ele>227</ele><time>2026-07-11T15:20:43Z</time></trkpt>
      <trkpt lat="41.38373" lon="-81.784443"><ele>227</ele><time>2026-07-11T15:20:44Z</time></trkpt>
      <trkpt lat="41.38373" lon="-81.784445"><ele>227</ele><time>2026-07-11T15:20:45Z</time></trkpt>
      <trkpt lat="41.38373" lon="-81.784447"><ele>227</ele><time>2026-07-11T15:20:46Z</time></trkpt>
      <trkpt lat="41.38373" lon="-81.784449"><ele>227</ele><time>2026-07-11T15:20:47Z</time></trkpt>
      <trkpt lat="41.38373" lon="-81.784451"><ele>227</ele><time>2026-07-11T15:20:48Z</time></trkpt>
      <trkpt lat="41.383728" lon="-81.784454"><ele>227</ele><time>2026-07-11T15:20:49Z</time></trkpt>
      <trkpt lat="41.383726" lon="-81.784455"><ele>227</ele><time>2026-07-11T15:20:50Z</time></trkpt>
      <trkpt lat="41.383725" lon="-81.784455"><ele>227</ele><time>2026-07-11T15:20:51Z</time></trkpt>
      <trkpt lat="41.383723" lon="-81.784456"><ele>227</ele><time>2026-07-11T15:20:52Z</time></trkpt>
      <trkpt lat="41.383721" lon="-81.784457"><ele>227</ele><time>2026-07-11T15:20:53Z</time></trkpt>
      <trkpt lat="41.383719" lon="-81.784458"><ele>227</ele><time>2026-07-11T15:20:54Z</time></trkpt>
      <trkpt lat="41.383717" lon="-81.784459"><ele>227</ele><time>2026-07-11T15:20:55Z</time></trkpt>
      <trkpt lat="41.383716" lon="-81.78446"><ele>227</ele><time>2026-07-11T15:20:56Z</time></trkpt>
      <trkpt lat="41.383715" lon="-81.784461"><ele>227</ele><time>2026-07-11T15:20:57Z</time></trkpt>
      <trkpt lat="41.383715" lon="-81.784461"><ele>227</ele><time>2026-07-11T15:20:58Z</time></trkpt>
      <trkpt lat="41.383715" lon="-81.784461"><ele>227.1</ele><time>2026-07-11T15:20:59Z</time></trkpt>
      <trkpt lat="41.383716" lon="-81.784462"><ele>227.1</ele><time>2026-07-11T15:21:00Z</time></trkpt>
      <trkpt lat="41.383716" lon="-81.784462"><ele>227.1</ele><time>2026-07-11T15:21:01Z</time></trkpt>
      <trkpt lat="41.383715" lon="-81.784463"><ele>227.1</ele><time>2026-07-11T15:21:02Z</time></trkpt>
      <trkpt lat="41.383714" lon="-81.784463"><ele>227.1</ele><time>2026-07-11T15:21:03Z</time></trkpt>
      <trkpt lat="41.383713" lon="-81.784463"><ele>227.1</ele><time>2026-07-11T15:21:04Z</time></trkpt>
      <trkpt lat="41.383713" lon="-81.784464"><ele>227.1</ele><time>2026-07-11T15:21:05Z</time></trkpt>
      <trkpt lat="41.383712" lon="-81.784464"><ele>227.1</ele><time>2026-07-11T15:21:06Z</time></trkpt>
      <trkpt lat="41.383712" lon="-81.784465"><ele>227.299</ele><time>2026-07-11T15:21:07Z</time></trkpt>
      <trkpt lat="41.383712" lon="-81.784467"><ele>227.299</ele><time>2026-07-11T15:21:08Z</time></trkpt>
      <trkpt lat="41.383713" lon="-81.784468"><ele>227.299</ele><time>2026-07-11T15:21:09Z</time></trkpt>
      <trkpt lat="41.383714" lon="-81.784469"><ele>227.299</ele><time>2026-07-11T15:21:10Z</time></trkpt>
      <trkpt lat="41.383714" lon="-81.784472"><ele>227.299</ele><time>2026-07-11T15:21:11Z</time></trkpt>
      <trkpt lat="41.383714" lon="-81.784479"><ele>227.299</ele><time>2026-07-11T15:21:12Z</time></trkpt>
      <trkpt lat="41.383713" lon="-81.784488"><ele>227.299</ele><time>2026-07-11T15:21:13Z</time></trkpt>
      <trkpt lat="41.383712" lon="-81.784501"><ele>227.3</ele><time>2026-07-11T15:21:14Z</time></trkpt>
      <trkpt lat="41.383709" lon="-81.784522"><ele>227.3</ele><time>2026-07-11T15:21:15Z</time></trkpt>
      <trkpt lat="41.383702" lon="-81.784551"><ele>227.3</ele><time>2026-07-11T15:21:16Z</time></trkpt>
      <trkpt lat="41.383692" lon="-81.784584"><ele>227.3</ele><time>2026-07-11T15:21:17Z</time></trkpt>
      <trkpt lat="41.383679" lon="-81.784621"><ele>227.3</ele><time>2026-07-11T15:21:18Z</time></trkpt>
      <trkpt lat="41.383664" lon="-81.784662"><ele>227.3</ele><time>2026-07-11T15:21:19Z</time></trkpt>
      <trkpt lat="41.383646" lon="-81.784701"><ele>227.3</ele><time>2026-07-11T15:21:20Z</time></trkpt>
      <trkpt lat="41.383628" lon="-81.78474"><ele>227.3</ele><time>2026-07-11T15:21:21Z</time></trkpt>
      <trkpt lat="41.383609" lon="-81.78478"><ele>227.3</ele><time>2026-07-11T15:21:22Z</time></trkpt>
      <trkpt lat="41.38359" lon="-81.784818"><ele>227.3</ele><time>2026-07-11T15:21:23Z</time></trkpt>
      <trkpt lat="41.383573" lon="-81.784852"><ele>227.3</ele><time>2026-07-11T15:21:24Z</time></trkpt>
      <trkpt lat="41.383556" lon="-81.784887"><ele>227.3</ele><time>2026-07-11T15:21:25Z</time></trkpt>
      <trkpt lat="41.383539" lon="-81.784925"><ele>227.3</ele><time>2026-07-11T15:21:26Z</time></trkpt>
      <trkpt lat="41.383526" lon="-81.784961"><ele>227.3</ele><time>2026-07-11T15:21:27Z</time></trkpt>
      <trkpt lat="41.383513" lon="-81.784997"><ele>227.3</ele><time>2026-07-11T15:21:28Z</time></trkpt>
      <trkpt lat="41.383499" lon="-81.785034"><ele>227.3</ele><time>2026-07-11T15:21:29Z</time></trkpt>
      <trkpt lat="41.383483" lon="-81.785071"><ele>227.3</ele><time>2026-07-11T15:21:30Z</time></trkpt>
      <trkpt lat="41.383467" lon="-81.785108"><ele>227.3</ele><time>2026-07-11T15:21:31Z</time></trkpt>
      <trkpt lat="41.383449" lon="-81.785145"><ele>227.3</ele><time>2026-07-11T15:21:32Z</time></trkpt>
      <trkpt lat="41.383433" lon="-81.78518"><ele>227.3</ele><time>2026-07-11T15:21:33Z</time></trkpt>
      <trkpt lat="41.383418" lon="-81.785212"><ele>227.3</ele><time>2026-07-11T15:21:34Z</time></trkpt>
      <trkpt lat="41.383404" lon="-81.785246"><ele>227.3</ele><time>2026-07-11T15:21:35Z</time></trkpt>
      <trkpt lat="41.383391" lon="-81.785282"><ele>227.3</ele><time>2026-07-11T15:21:36Z</time></trkpt>
      <trkpt lat="41.383378" lon="-81.785318"><ele>227.3</ele><time>2026-07-11T15:21:37Z</time></trkpt>
      <trkpt lat="41.383363" lon="-81.785355"><ele>227.3</ele><time>2026-07-11T15:21:38Z</time></trkpt>
      <trkpt lat="41.383348" lon="-81.785392"><ele>227.3</ele><time>2026-07-11T15:21:39Z</time></trkpt>
      <trkpt lat="41.383332" lon="-81.785431"><ele>227.3</ele><time>2026-07-11T15:21:40Z</time></trkpt>
      <trkpt lat="41.383317" lon="-81.78547"><ele>227.3</ele><time>2026-07-11T15:21:41Z</time></trkpt>
      <trkpt lat="41.383302" lon="-81.785508"><ele>227.3</ele><time>2026-07-11T15:21:42Z</time></trkpt>
      <trkpt lat="41.383287" lon="-81.785546"><ele>227.3</ele><time>2026-07-11T15:21:43Z</time></trkpt>
      <trkpt lat="41.383272" lon="-81.785585"><ele>227.3</ele><time>2026-07-11T15:21:44Z</time></trkpt>
      <trkpt lat="41.383256" lon="-81.785625"><ele>227.3</ele><time>2026-07-11T15:21:45Z</time></trkpt>
      <trkpt lat="41.383241" lon="-81.785664"><ele>227.3</ele><time>2026-07-11T15:21:46Z</time></trkpt>
      <trkpt lat="41.383227" lon="-81.785701"><ele>227.3</ele><time>2026-07-11T15:21:47Z</time></trkpt>
      <trkpt lat="41.383211" lon="-81.785738"><ele>227.3</ele><time>2026-07-11T15:21:48Z</time></trkpt>
      <trkpt lat="41.383196" lon="-81.785769"><ele>227.3</ele><time>2026-07-11T15:21:49Z</time></trkpt>
      <trkpt lat="41.383182" lon="-81.785804"><ele>227.3</ele><time>2026-07-11T15:21:50Z</time></trkpt>
      <trkpt lat="41.383167" lon="-81.785841"><ele>227.3</ele><time>2026-07-11T15:21:51Z</time></trkpt>
      <trkpt lat="41.383154" lon="-81.785883"><ele>227.3</ele><time>2026-07-11T15:21:52Z</time></trkpt>
      <trkpt lat="41.383141" lon="-81.785923"><ele>227.3</ele><time>2026-07-11T15:21:53Z</time></trkpt>
      <trkpt lat="41.383126" lon="-81.785967"><ele>227.3</ele><time>2026-07-11T15:21:54Z</time></trkpt>
      <trkpt lat="41.38311" lon="-81.786008"><ele>227.3</ele><time>2026-07-11T15:21:55Z</time></trkpt>
      <trkpt lat="41.383095" lon="-81.786045"><ele>227.3</ele><time>2026-07-11T15:21:56Z</time></trkpt>
      <trkpt lat="41.38308" lon="-81.786078"><ele>227.3</ele><time>2026-07-11T15:21:57Z</time></trkpt>
      <trkpt lat="41.383063" lon="-81.786111"><ele>227.3</ele><time>2026-07-11T15:21:58Z</time></trkpt>
      <trkpt lat="41.383048" lon="-81.786144"><ele>227.3</ele><time>2026-07-11T15:21:59Z</time></trkpt>
      <trkpt lat="41.383033" lon="-81.786184"><ele>227.3</ele><time>2026-07-11T15:22:00Z</time></trkpt>
      <trkpt lat="41.383022" lon="-81.786222"><ele>227.3</ele><time>2026-07-11T15:22:01Z</time></trkpt>
      <trkpt lat="41.38301" lon="-81.78626"><ele>227.3</ele><time>2026-07-11T15:22:02Z</time></trkpt>
      <trkpt lat="41.382996" lon="-81.786301"><ele>227.3</ele><time>2026-07-11T15:22:03Z</time></trkpt>
      <trkpt lat="41.382983" lon="-81.786339"><ele>227.3</ele><time>2026-07-11T15:22:04Z</time></trkpt>
      <trkpt lat="41.382971" lon="-81.786377"><ele>227.3</ele><time>2026-07-11T15:22:05Z</time></trkpt>
      <trkpt lat="41.382959" lon="-81.786414"><ele>227.3</ele><time>2026-07-11T15:22:06Z</time></trkpt>
      <trkpt lat="41.382947" lon="-81.786451"><ele>227.3</ele><time>2026-07-11T15:22:07Z</time></trkpt>
      <trkpt lat="41.382936" lon="-81.786486"><ele>227.3</ele><time>2026-07-11T15:22:08Z</time></trkpt>
      <trkpt lat="41.382923" lon="-81.786522"><ele>227.3</ele><time>2026-07-11T15:22:09Z</time></trkpt>
      <trkpt lat="41.382911" lon="-81.786561"><ele>227.3</ele><time>2026-07-11T15:22:10Z</time></trkpt>
      <trkpt lat="41.382898" lon="-81.786604"><ele>227.3</ele><time>2026-07-11T15:22:11Z</time></trkpt>
      <trkpt lat="41.382886" lon="-81.786645"><ele>227.3</ele><time>2026-07-11T15:22:12Z</time></trkpt>
      <trkpt lat="41.382875" lon="-81.786685"><ele>227.3</ele><time>2026-07-11T15:22:13Z</time></trkpt>
      <trkpt lat="41.382864" lon="-81.786727"><ele>227.3</ele><time>2026-07-11T15:22:14Z</time></trkpt>
      <trkpt lat="41.382854" lon="-81.786765"><ele>227.3</ele><time>2026-07-11T15:22:15Z</time></trkpt>
      <trkpt lat="41.382844" lon="-81.786801"><ele>227.3</ele><time>2026-07-11T15:22:16Z</time></trkpt>
      <trkpt lat="41.382834" lon="-81.786836"><ele>227.3</ele><time>2026-07-11T15:22:17Z</time></trkpt>
      <trkpt lat="41.382825" lon="-81.786869"><ele>227.3</ele><time>2026-07-11T15:22:18Z</time></trkpt>
      <trkpt lat="41.382817" lon="-81.786898"><ele>227.3</ele><time>2026-07-11T15:22:19Z</time></trkpt>
      <trkpt lat="41.38281" lon="-81.786925"><ele>227.3</ele><time>2026-07-11T15:22:20Z</time></trkpt>
      <trkpt lat="41.382802" lon="-81.786951"><ele>227.3</ele><time>2026-07-11T15:22:21Z</time></trkpt>
      <trkpt lat="41.382792" lon="-81.786974"><ele>227.3</ele><time>2026-07-11T15:22:22Z</time></trkpt>
      <trkpt lat="41.382783" lon="-81.786996"><ele>227.3</ele><time>2026-07-11T15:22:23Z</time></trkpt>
      <trkpt lat="41.382773" lon="-81.787021"><ele>227.3</ele><time>2026-07-11T15:22:24Z</time></trkpt>
      <trkpt lat="41.382765" lon="-81.787049"><ele>227.3</ele><time>2026-07-11T15:22:25Z</time></trkpt>
      <trkpt lat="41.382756" lon="-81.787076"><ele>227.3</ele><time>2026-07-11T15:22:26Z</time></trkpt>
      <trkpt lat="41.382748" lon="-81.787106"><ele>227.3</ele><time>2026-07-11T15:22:27Z</time></trkpt>
      <trkpt lat="41.382739" lon="-81.78714"><ele>227.3</ele><time>2026-07-11T15:22:28Z</time></trkpt>
      <trkpt lat="41.382728" lon="-81.787177"><ele>227.3</ele><time>2026-07-11T15:22:29Z</time></trkpt>
      <trkpt lat="41.382718" lon="-81.787211"><ele>227.3</ele><time>2026-07-11T15:22:30Z</time></trkpt>
      <trkpt lat="41.382706" lon="-81.787246"><ele>227.3</ele><time>2026-07-11T15:22:31Z</time></trkpt>
      <trkpt lat="41.382693" lon="-81.787282"><ele>227.3</ele><time>2026-07-11T15:22:32Z</time></trkpt>
      <trkpt lat="41.38268" lon="-81.787318"><ele>227.3</ele><time>2026-07-11T15:22:33Z</time></trkpt>
      <trkpt lat="41.382667" lon="-81.787354"><ele>227.3</ele><time>2026-07-11T15:22:34Z</time></trkpt>
      <trkpt lat="41.382655" lon="-81.787386"><ele>227.3</ele><time>2026-07-11T15:22:35Z</time></trkpt>
      <trkpt lat="41.38264" lon="-81.787427"><ele>227.3</ele><time>2026-07-11T15:22:36Z</time></trkpt>
      <trkpt lat="41.382625" lon="-81.78747"><ele>227.3</ele><time>2026-07-11T15:22:37Z</time></trkpt>
      <trkpt lat="41.382611" lon="-81.787514"><ele>227.3</ele><time>2026-07-11T15:22:38Z</time></trkpt>
      <trkpt lat="41.382598" lon="-81.787555"><ele>227.3</ele><time>2026-07-11T15:22:39Z</time></trkpt>
      <trkpt lat="41.382585" lon="-81.787596"><ele>227.3</ele><time>2026-07-11T15:22:40Z</time></trkpt>
      <trkpt lat="41.382573" lon="-81.787636"><ele>227.3</ele><time>2026-07-11T15:22:41Z</time></trkpt>
      <trkpt lat="41.38256" lon="-81.787673"><ele>227.3</ele><time>2026-07-11T15:22:42Z</time></trkpt>
      <trkpt lat="41.382545" lon="-81.78771"><ele>227.3</ele><time>2026-07-11T15:22:43Z</time></trkpt>
      <trkpt lat="41.382529" lon="-81.787749"><ele>227.3</ele><time>2026-07-11T15:22:44Z</time></trkpt>
      <trkpt lat="41.382516" lon="-81.787789"><ele>227.3</ele><time>2026-07-11T15:22:45Z</time></trkpt>
      <trkpt lat="41.382504" lon="-81.787829"><ele>227.3</ele><time>2026-07-11T15:22:46Z</time></trkpt>
      <trkpt lat="41.382491" lon="-81.787869"><ele>227.3</ele><time>2026-07-11T15:22:47Z</time></trkpt>
      <trkpt lat="41.382476" lon="-81.787906"><ele>227.3</ele><time>2026-07-11T15:22:48Z</time></trkpt>
      <trkpt lat="41.382461" lon="-81.787943"><ele>227.3</ele><time>2026-07-11T15:22:49Z</time></trkpt>
      <trkpt lat="41.382445" lon="-81.78798"><ele>227.3</ele><time>2026-07-11T15:22:50Z</time></trkpt>
      <trkpt lat="41.38243" lon="-81.788018"><ele>227.3</ele><time>2026-07-11T15:22:51Z</time></trkpt>
      <trkpt lat="41.382418" lon="-81.788054"><ele>227.3</ele><time>2026-07-11T15:22:52Z</time></trkpt>
      <trkpt lat="41.382407" lon="-81.788089"><ele>227.3</ele><time>2026-07-11T15:22:53Z</time></trkpt>
      <trkpt lat="41.382397" lon="-81.788125"><ele>227.3</ele><time>2026-07-11T15:22:54Z</time></trkpt>
      <trkpt lat="41.382384" lon="-81.788163"><ele>227.3</ele><time>2026-07-11T15:22:55Z</time></trkpt>
      <trkpt lat="41.38237" lon="-81.788202"><ele>227.3</ele><time>2026-07-11T15:22:56Z</time></trkpt>
      <trkpt lat="41.382355" lon="-81.788243"><ele>227.3</ele><time>2026-07-11T15:22:57Z</time></trkpt>
      <trkpt lat="41.382338" lon="-81.788291"><ele>227.3</ele><time>2026-07-11T15:22:58Z</time></trkpt>
      <trkpt lat="41.382325" lon="-81.788333"><ele>227.3</ele><time>2026-07-11T15:22:59Z</time></trkpt>
      <trkpt lat="41.382312" lon="-81.788373"><ele>227.3</ele><time>2026-07-11T15:23:00Z</time></trkpt>
      <trkpt lat="41.382301" lon="-81.788412"><ele>227.3</ele><time>2026-07-11T15:23:01Z</time></trkpt>
      <trkpt lat="41.38229" lon="-81.788451"><ele>227.3</ele><time>2026-07-11T15:23:02Z</time></trkpt>
      <trkpt lat="41.382277" lon="-81.788491"><ele>227.3</ele><time>2026-07-11T15:23:03Z</time></trkpt>
      <trkpt lat="41.382264" lon="-81.78853"><ele>227.3</ele><time>2026-07-11T15:23:04Z</time></trkpt>
      <trkpt lat="41.382252" lon="-81.788569"><ele>227.3</ele><time>2026-07-11T15:23:05Z</time></trkpt>
      <trkpt lat="41.382238" lon="-81.788606"><ele>227.3</ele><time>2026-07-11T15:23:06Z</time></trkpt>
      <trkpt lat="41.382224" lon="-81.788647"><ele>227.3</ele><time>2026-07-11T15:23:07Z</time></trkpt>
      <trkpt lat="41.382212" lon="-81.788689"><ele>227.3</ele><time>2026-07-11T15:23:08Z</time></trkpt>
      <trkpt lat="41.3822" lon="-81.788735"><ele>227.3</ele><time>2026-07-11T15:23:09Z</time></trkpt>
      <trkpt lat="41.382186" lon="-81.788777"><ele>227.3</ele><time>2026-07-11T15:23:10Z</time></trkpt>
      <trkpt lat="41.382173" lon="-81.788813"><ele>227.3</ele><time>2026-07-11T15:23:11Z</time></trkpt>
      <trkpt lat="41.38216" lon="-81.788849"><ele>227.3</ele><time>2026-07-11T15:23:12Z</time></trkpt>
      <trkpt lat="41.382148" lon="-81.788886"><ele>227.3</ele><time>2026-07-11T15:23:13Z</time></trkpt>
      <trkpt lat="41.382136" lon="-81.788926"><ele>227.3</ele><time>2026-07-11T15:23:14Z</time></trkpt>
      <trkpt lat="41.382123" lon="-81.788973"><ele>227.3</ele><time>2026-07-11T15:23:15Z</time></trkpt>
      <trkpt lat="41.382115" lon="-81.789013"><ele>227.3</ele><time>2026-07-11T15:23:16Z</time></trkpt>
      <trkpt lat="41.382107" lon="-81.78905"><ele>227.3</ele><time>2026-07-11T15:23:17Z</time></trkpt>
      <trkpt lat="41.382097" lon="-81.789083"><ele>227.3</ele><time>2026-07-11T15:23:18Z</time></trkpt>
      <trkpt lat="41.382085" lon="-81.789118"><ele>227.3</ele><time>2026-07-11T15:23:19Z</time></trkpt>
      <trkpt lat="41.382074" lon="-81.789143"><ele>227.3</ele><time>2026-07-11T15:23:20Z</time></trkpt>
      <trkpt lat="41.382065" lon="-81.78917"><ele>227.3</ele><time>2026-07-11T15:23:21Z</time></trkpt>
      <trkpt lat="41.382054" lon="-81.789207"><ele>227.3</ele><time>2026-07-11T15:23:22Z</time></trkpt>
      <trkpt lat="41.382042" lon="-81.789249"><ele>227.3</ele><time>2026-07-11T15:23:23Z</time></trkpt>
      <trkpt lat="41.382032" lon="-81.78929"><ele>227.3</ele><time>2026-07-11T15:23:24Z</time></trkpt>
      <trkpt lat="41.382022" lon="-81.789334"><ele>227.3</ele><time>2026-07-11T15:23:25Z</time></trkpt>
      <trkpt lat="41.382011" lon="-81.789378"><ele>227.3</ele><time>2026-07-11T15:23:26Z</time></trkpt>
      <trkpt lat="41.381999" lon="-81.78942"><ele>227.3</ele><time>2026-07-11T15:23:27Z</time></trkpt>
      <trkpt lat="41.381987" lon="-81.789465"><ele>227.3</ele><time>2026-07-11T15:23:28Z</time></trkpt>
      <trkpt lat="41.381978" lon="-81.789506"><ele>227.3</ele><time>2026-07-11T15:23:29Z</time></trkpt>
      <trkpt lat="41.381969" lon="-81.789547"><ele>227.3</ele><time>2026-07-11T15:23:30Z</time></trkpt>
      <trkpt lat="41.381959" lon="-81.789587"><ele>227.3</ele><time>2026-07-11T15:23:31Z</time></trkpt>
      <trkpt lat="41.381948" lon="-81.789625"><ele>227.3</ele><time>2026-07-11T15:23:32Z</time></trkpt>
      <trkpt lat="41.381936" lon="-81.789666"><ele>227.3</ele><time>2026-07-11T15:23:33Z</time></trkpt>
      <trkpt lat="41.381926" lon="-81.789704"><ele>227.3</ele><time>2026-07-11T15:23:34Z</time></trkpt>
      <trkpt lat="41.381918" lon="-81.789738"><ele>227.3</ele><time>2026-07-11T15:23:35Z</time></trkpt>
      <trkpt lat="41.38191" lon="-81.789772"><ele>227.3</ele><time>2026-07-11T15:23:36Z</time></trkpt>
      <trkpt lat="41.381902" lon="-81.789805"><ele>227.3</ele><time>2026-07-11T15:23:37Z</time></trkpt>
      <trkpt lat="41.381893" lon="-81.789839"><ele>227.3</ele><time>2026-07-11T15:23:38Z</time></trkpt>
      <trkpt lat="41.381885" lon="-81.789877"><ele>227.3</ele><time>2026-07-11T15:23:39Z</time></trkpt>
      <trkpt lat="41.381876" lon="-81.789913"><ele>227.3</ele><time>2026-07-11T15:23:40Z</time></trkpt>
      <trkpt lat="41.381866" lon="-81.789948"><ele>227.3</ele><time>2026-07-11T15:23:41Z</time></trkpt>
      <trkpt lat="41.381858" lon="-81.789985"><ele>227.3</ele><time>2026-07-11T15:23:42Z</time></trkpt>
      <trkpt lat="41.381848" lon="-81.790021"><ele>227.1</ele><time>2026-07-11T15:23:43Z</time></trkpt>
      <trkpt lat="41.381835" lon="-81.790057"><ele>227.1</ele><time>2026-07-11T15:23:44Z</time></trkpt>
      <trkpt lat="41.381824" lon="-81.790091"><ele>227.1</ele><time>2026-07-11T15:23:45Z</time></trkpt>
      <trkpt lat="41.381813" lon="-81.790125"><ele>227</ele><time>2026-07-11T15:23:46Z</time></trkpt>
      <trkpt lat="41.381804" lon="-81.79016"><ele>227.1</ele><time>2026-07-11T15:23:47Z</time></trkpt>
      <trkpt lat="41.381795" lon="-81.790195"><ele>227.1</ele><time>2026-07-11T15:23:48Z</time></trkpt>
      <trkpt lat="41.381786" lon="-81.790231"><ele>227.1</ele><time>2026-07-11T15:23:49Z</time></trkpt>
      <trkpt lat="41.381776" lon="-81.790269"><ele>227.1</ele><time>2026-07-11T15:23:50Z</time></trkpt>
      <trkpt lat="41.381765" lon="-81.79031"><ele>227.1</ele><time>2026-07-11T15:23:51Z</time></trkpt>
      <trkpt lat="41.381756" lon="-81.790348"><ele>227</ele><time>2026-07-11T15:23:52Z</time></trkpt>
      <trkpt lat="41.381743" lon="-81.790387"><ele>227</ele><time>2026-07-11T15:23:53Z</time></trkpt>
      <trkpt lat="41.381728" lon="-81.790424"><ele>227</ele><time>2026-07-11T15:23:54Z</time></trkpt>
      <trkpt lat="41.381714" lon="-81.790455"><ele>227</ele><time>2026-07-11T15:23:55Z</time></trkpt>
      <trkpt lat="41.3817" lon="-81.790487"><ele>227</ele><time>2026-07-11T15:23:56Z</time></trkpt>
      <trkpt lat="41.381687" lon="-81.79052"><ele>227.1</ele><time>2026-07-11T15:23:57Z</time></trkpt>
      <trkpt lat="41.381674" lon="-81.790554"><ele>227.299</ele><time>2026-07-11T15:23:58Z</time></trkpt>
      <trkpt lat="41.381659" lon="-81.790591"><ele>227.1</ele><time>2026-07-11T15:23:59Z</time></trkpt>
      <trkpt lat="41.381646" lon="-81.790626"><ele>227.1</ele><time>2026-07-11T15:24:00Z</time></trkpt>
      <trkpt lat="41.381635" lon="-81.790659"><ele>227.1</ele><time>2026-07-11T15:24:01Z</time></trkpt>
      <trkpt lat="41.381622" lon="-81.790696"><ele>226.9</ele><time>2026-07-11T15:24:02Z</time></trkpt>
      <trkpt lat="41.381613" lon="-81.79073"><ele>226.9</ele><time>2026-07-11T15:24:03Z</time></trkpt>
      <trkpt lat="41.381602" lon="-81.790765"><ele>226.8</ele><time>2026-07-11T15:24:04Z</time></trkpt>
      <trkpt lat="41.381589" lon="-81.7908"><ele>226.8</ele><time>2026-07-11T15:24:05Z</time></trkpt>
      <trkpt lat="41.381575" lon="-81.790835"><ele>227</ele><time>2026-07-11T15:24:06Z</time></trkpt>
      <trkpt lat="41.381564" lon="-81.790871"><ele>227</ele><time>2026-07-11T15:24:07Z</time></trkpt>
      <trkpt lat="41.381554" lon="-81.79091"><ele>226.9</ele><time>2026-07-11T15:24:08Z</time></trkpt>
      <trkpt lat="41.381546" lon="-81.790944"><ele>226.9</ele><time>2026-07-11T15:24:09Z</time></trkpt>
      <trkpt lat="41.381539" lon="-81.790977"><ele>226.9</ele><time>2026-07-11T15:24:10Z</time></trkpt>
      <trkpt lat="41.381532" lon="-81.791009"><ele>227</ele><time>2026-07-11T15:24:11Z</time></trkpt>
      <trkpt lat="41.381526" lon="-81.791041"><ele>227</ele><time>2026-07-11T15:24:12Z</time></trkpt>
      <trkpt lat="41.381517" lon="-81.791075"><ele>227</ele><time>2026-07-11T15:24:13Z</time></trkpt>
      <trkpt lat="41.381506" lon="-81.791111"><ele>226.9</ele><time>2026-07-11T15:24:14Z</time></trkpt>
      <trkpt lat="41.381494" lon="-81.791149"><ele>226.8</ele><time>2026-07-11T15:24:15Z</time></trkpt>
      <trkpt lat="41.38148" lon="-81.791188"><ele>226.5</ele><time>2026-07-11T15:24:16Z</time></trkpt>
      <trkpt lat="41.381466" lon="-81.791225"><ele>226.7</ele><time>2026-07-11T15:24:17Z</time></trkpt>
      <trkpt lat="41.381451" lon="-81.791263"><ele>226.799</ele><time>2026-07-11T15:24:18Z</time></trkpt>
      <trkpt lat="41.381436" lon="-81.791301"><ele>226.799</ele><time>2026-07-11T15:24:19Z</time></trkpt>
      <trkpt lat="41.381421" lon="-81.79134"><ele>226.799</ele><time>2026-07-11T15:24:20Z</time></trkpt>
      <trkpt lat="41.381404" lon="-81.791382"><ele>226.799</ele><time>2026-07-11T15:24:21Z</time></trkpt>
      <trkpt lat="41.381385" lon="-81.791426"><ele>226.799</ele><time>2026-07-11T15:24:22Z</time></trkpt>
      <trkpt lat="41.381366" lon="-81.791463"><ele>226.7</ele><time>2026-07-11T15:24:23Z</time></trkpt>
      <trkpt lat="41.381347" lon="-81.7915"><ele>226.799</ele><time>2026-07-11T15:24:24Z</time></trkpt>
      <trkpt lat="41.381332" lon="-81.791529"><ele>226.7</ele><time>2026-07-11T15:24:25Z</time></trkpt>
      <trkpt lat="41.381321" lon="-81.791552"><ele>226.6</ele><time>2026-07-11T15:24:26Z</time></trkpt>
      <trkpt lat="41.381303" lon="-81.791591"><ele>226.6</ele><time>2026-07-11T15:24:27Z</time></trkpt>
      <trkpt lat="41.381289" lon="-81.791626"><ele>226.6</ele><time>2026-07-11T15:24:28Z</time></trkpt>
      <trkpt lat="41.381278" lon="-81.791659"><ele>226.6</ele><time>2026-07-11T15:24:29Z</time></trkpt>
      <trkpt lat="41.381267" lon="-81.79169"><ele>226.6</ele><time>2026-07-11T15:24:30Z</time></trkpt>
      <trkpt lat="41.381252" lon="-81.791723"><ele>226.6</ele><time>2026-07-11T15:24:31Z</time></trkpt>
      <trkpt lat="41.381234" lon="-81.791759"><ele>226.6</ele><time>2026-07-11T15:24:32Z</time></trkpt>
      <trkpt lat="41.381216" lon="-81.791795"><ele>226.7</ele><time>2026-07-11T15:24:33Z</time></trkpt>
      <trkpt lat="41.381197" lon="-81.791835"><ele>226.7</ele><time>2026-07-11T15:24:34Z</time></trkpt>
      <trkpt lat="41.381177" lon="-81.791874"><ele>226.6</ele><time>2026-07-11T15:24:35Z</time></trkpt>
      <trkpt lat="41.381162" lon="-81.791912"><ele>226.6</ele><time>2026-07-11T15:24:36Z</time></trkpt>
      <trkpt lat="41.38115" lon="-81.791948"><ele>226.6</ele><time>2026-07-11T15:24:37Z</time></trkpt>
      <trkpt lat="41.38114" lon="-81.791978"><ele>226.5</ele><time>2026-07-11T15:24:38Z</time></trkpt>
      <trkpt lat="41.38113" lon="-81.792005"><ele>226.5</ele><time>2026-07-11T15:24:39Z</time></trkpt>
      <trkpt lat="41.38112" lon="-81.792026"><ele>226.5</ele><time>2026-07-11T15:24:40Z</time></trkpt>
      <trkpt lat="41.381107" lon="-81.792052"><ele>226.3</ele><time>2026-07-11T15:24:41Z</time></trkpt>
      <trkpt lat="41.381095" lon="-81.79208"><ele>226.3</ele><time>2026-07-11T15:24:42Z</time></trkpt>
      <trkpt lat="41.381081" lon="-81.792109"><ele>226.3</ele><time>2026-07-11T15:24:43Z</time></trkpt>
      <trkpt lat="41.381066" lon="-81.792143"><ele>226.3</ele><time>2026-07-11T15:24:44Z</time></trkpt>
      <trkpt lat="41.381052" lon="-81.792182"><ele>226.3</ele><time>2026-07-11T15:24:45Z</time></trkpt>
      <trkpt lat="41.38104" lon="-81.792216"><ele>226.5</ele><time>2026-07-11T15:24:46Z</time></trkpt>
      <trkpt lat="41.381024" lon="-81.792249"><ele>226.6</ele><time>2026-07-11T15:24:47Z</time></trkpt>
      <trkpt lat="41.381009" lon="-81.792281"><ele>226.6</ele><time>2026-07-11T15:24:48Z</time></trkpt>
      <trkpt lat="41.380991" lon="-81.792317"><ele>226.5</ele><time>2026-07-11T15:24:49Z</time></trkpt>
      <trkpt lat="41.380972" lon="-81.792357"><ele>226.5</ele><time>2026-07-11T15:24:50Z</time></trkpt>
      <trkpt lat="41.380955" lon="-81.792394"><ele>226.6</ele><time>2026-07-11T15:24:51Z</time></trkpt>
      <trkpt lat="41.38094" lon="-81.792433"><ele>226.6</ele><time>2026-07-11T15:24:52Z</time></trkpt>
      <trkpt lat="41.380927" lon="-81.792469"><ele>226.5</ele><time>2026-07-11T15:24:53Z</time></trkpt>
      <trkpt lat="41.380914" lon="-81.792508"><ele>226.4</ele><time>2026-07-11T15:24:54Z</time></trkpt>
      <trkpt lat="41.380899" lon="-81.792548"><ele>226.4</ele><time>2026-07-11T15:24:55Z</time></trkpt>
      <trkpt lat="41.380884" lon="-81.792585"><ele>226.4</ele><time>2026-07-11T15:24:56Z</time></trkpt>
      <trkpt lat="41.380867" lon="-81.792621"><ele>226.3</ele><time>2026-07-11T15:24:57Z</time></trkpt>
      <trkpt lat="41.380849" lon="-81.792656"><ele>226.3</ele><time>2026-07-11T15:24:58Z</time></trkpt>
      <trkpt lat="41.380826" lon="-81.792694"><ele>226.3</ele><time>2026-07-11T15:24:59Z</time></trkpt>
      <trkpt lat="41.380802" lon="-81.792733"><ele>226.3</ele><time>2026-07-11T15:25:00Z</time></trkpt>
      <trkpt lat="41.380775" lon="-81.792773"><ele>226.3</ele><time>2026-07-11T15:25:01Z</time></trkpt>
      <trkpt lat="41.380747" lon="-81.792813"><ele>226.3</ele><time>2026-07-11T15:25:02Z</time></trkpt>
      <trkpt lat="41.38072" lon="-81.792857"><ele>226.2</ele><time>2026-07-11T15:25:03Z</time></trkpt>
      <trkpt lat="41.380697" lon="-81.792897"><ele>226.4</ele><time>2026-07-11T15:25:04Z</time></trkpt>
      <trkpt lat="41.380678" lon="-81.792933"><ele>226.3</ele><time>2026-07-11T15:25:05Z</time></trkpt>
      <trkpt lat="41.380659" lon="-81.79297"><ele>226.1</ele><time>2026-07-11T15:25:06Z</time></trkpt>
      <trkpt lat="41.380641" lon="-81.793006"><ele>226.1</ele><time>2026-07-11T15:25:07Z</time></trkpt>
      <trkpt lat="41.380622" lon="-81.793042"><ele>226.1</ele><time>2026-07-11T15:25:08Z</time></trkpt>
      <trkpt lat="41.380603" lon="-81.793078"><ele>226.1</ele><time>2026-07-11T15:25:09Z</time></trkpt>
      <trkpt lat="41.380589" lon="-81.793109"><ele>226.1</ele><time>2026-07-11T15:25:10Z</time></trkpt>
      <trkpt lat="41.380576" lon="-81.793136"><ele>226</ele><time>2026-07-11T15:25:11Z</time></trkpt>
      <trkpt lat="41.380563" lon="-81.793164"><ele>226.1</ele><time>2026-07-11T15:25:12Z</time></trkpt>
      <trkpt lat="41.380547" lon="-81.793204"><ele>226.1</ele><time>2026-07-11T15:25:13Z</time></trkpt>
      <trkpt lat="41.380531" lon="-81.793245"><ele>226.299</ele><time>2026-07-11T15:25:14Z</time></trkpt>
      <trkpt lat="41.380521" lon="-81.793278"><ele>226.299</ele><time>2026-07-11T15:25:15Z</time></trkpt>
      <trkpt lat="41.38051" lon="-81.793313"><ele>226.299</ele><time>2026-07-11T15:25:16Z</time></trkpt>
      <trkpt lat="41.380494" lon="-81.793352"><ele>226.3</ele><time>2026-07-11T15:25:17Z</time></trkpt>
      <trkpt lat="41.380474" lon="-81.793388"><ele>226.3</ele><time>2026-07-11T15:25:18Z</time></trkpt>
      <trkpt lat="41.380454" lon="-81.793427"><ele>226.2</ele><time>2026-07-11T15:25:19Z</time></trkpt>
      <trkpt lat="41.380434" lon="-81.793468"><ele>226.3</ele><time>2026-07-11T15:25:20Z</time></trkpt>
      <trkpt lat="41.380416" lon="-81.79351"><ele>226.2</ele><time>2026-07-11T15:25:21Z</time></trkpt>
      <trkpt lat="41.380401" lon="-81.793556"><ele>226.2</ele><time>2026-07-11T15:25:22Z</time></trkpt>
      <trkpt lat="41.380391" lon="-81.793594"><ele>226.1</ele><time>2026-07-11T15:25:23Z</time></trkpt>
      <trkpt lat="41.380379" lon="-81.793627"><ele>226.1</ele><time>2026-07-11T15:25:24Z</time></trkpt>
      <trkpt lat="41.380366" lon="-81.79366"><ele>225.8</ele><time>2026-07-11T15:25:25Z</time></trkpt>
      <trkpt lat="41.380352" lon="-81.793694"><ele>225.8</ele><time>2026-07-11T15:25:26Z</time></trkpt>
      <trkpt lat="41.380338" lon="-81.793726"><ele>226.1</ele><time>2026-07-11T15:25:27Z</time></trkpt>
      <trkpt lat="41.380321" lon="-81.793758"><ele>226.1</ele><time>2026-07-11T15:25:28Z</time></trkpt>
      <trkpt lat="41.380302" lon="-81.793792"><ele>225.7</ele><time>2026-07-11T15:25:29Z</time></trkpt>
      <trkpt lat="41.380283" lon="-81.793826"><ele>225.7</ele><time>2026-07-11T15:25:30Z</time></trkpt>
      <trkpt lat="41.380264" lon="-81.79386"><ele>225.7</ele><time>2026-07-11T15:25:31Z</time></trkpt>
      <trkpt lat="41.380247" lon="-81.793896"><ele>225.7</ele><time>2026-07-11T15:25:32Z</time></trkpt>
      <trkpt lat="41.380231" lon="-81.793931"><ele>226</ele><time>2026-07-11T15:25:33Z</time></trkpt>
      <trkpt lat="41.380215" lon="-81.793968"><ele>226</ele><time>2026-07-11T15:25:34Z</time></trkpt>
      <trkpt lat="41.380198" lon="-81.794005"><ele>226</ele><time>2026-07-11T15:25:35Z</time></trkpt>
      <trkpt lat="41.38018" lon="-81.79404"><ele>226</ele><time>2026-07-11T15:25:36Z</time></trkpt>
      <trkpt lat="41.380162" lon="-81.794076"><ele>226</ele><time>2026-07-11T15:25:37Z</time></trkpt>
      <trkpt lat="41.380145" lon="-81.794112"><ele>226</ele><time>2026-07-11T15:25:38Z</time></trkpt>
      <trkpt lat="41.380129" lon="-81.794145"><ele>225.9</ele><time>2026-07-11T15:25:39Z</time></trkpt>
      <trkpt lat="41.380114" lon="-81.794179"><ele>226</ele><time>2026-07-11T15:25:40Z</time></trkpt>
      <trkpt lat="41.380098" lon="-81.794214"><ele>225.8</ele><time>2026-07-11T15:25:41Z</time></trkpt>
      <trkpt lat="41.380082" lon="-81.794248"><ele>225.8</ele><time>2026-07-11T15:25:42Z</time></trkpt>
      <trkpt lat="41.380064" lon="-81.794286"><ele>225.8</ele><time>2026-07-11T15:25:43Z</time></trkpt>
      <trkpt lat="41.380043" lon="-81.794323"><ele>225.8</ele><time>2026-07-11T15:25:44Z</time></trkpt>
      <trkpt lat="41.380023" lon="-81.794357"><ele>225.8</ele><time>2026-07-11T15:25:45Z</time></trkpt>
      <trkpt lat="41.380006" lon="-81.794388"><ele>225.8</ele><time>2026-07-11T15:25:46Z</time></trkpt>
      <trkpt lat="41.379993" lon="-81.794414"><ele>225.8</ele><time>2026-07-11T15:25:47Z</time></trkpt>
      <trkpt lat="41.379977" lon="-81.794449"><ele>225.8</ele><time>2026-07-11T15:25:48Z</time></trkpt>
      <trkpt lat="41.379964" lon="-81.79448"><ele>225.8</ele><time>2026-07-11T15:25:49Z</time></trkpt>
      <trkpt lat="41.379953" lon="-81.794511"><ele>225.5</ele><time>2026-07-11T15:25:50Z</time></trkpt>
      <trkpt lat="41.379942" lon="-81.794546"><ele>225.5</ele><time>2026-07-11T15:25:51Z</time></trkpt>
      <trkpt lat="41.37993" lon="-81.794578"><ele>225.8</ele><time>2026-07-11T15:25:52Z</time></trkpt>
      <trkpt lat="41.379914" lon="-81.794611"><ele>225.5</ele><time>2026-07-11T15:25:53Z</time></trkpt>
      <trkpt lat="41.379901" lon="-81.794644"><ele>225.5</ele><time>2026-07-11T15:25:54Z</time></trkpt>
      <trkpt lat="41.379889" lon="-81.794686"><ele>225.5</ele><time>2026-07-11T15:25:55Z</time></trkpt>
      <trkpt lat="41.379877" lon="-81.794723"><ele>225.5</ele><time>2026-07-11T15:25:56Z</time></trkpt>
      <trkpt lat="41.379863" lon="-81.794761"><ele>225.5</ele><time>2026-07-11T15:25:57Z</time></trkpt>
      <trkpt lat="41.379848" lon="-81.794798"><ele>225.5</ele><time>2026-07-11T15:25:58Z</time></trkpt>
      <trkpt lat="41.379829" lon="-81.794836"><ele>225.5</ele><time>2026-07-11T15:25:59Z</time></trkpt>
      <trkpt lat="41.37981" lon="-81.794875"><ele>225.5</ele><time>2026-07-11T15:26:00Z</time></trkpt>
      <trkpt lat="41.379794" lon="-81.794901"><ele>225.6</ele><time>2026-07-11T15:26:01Z</time></trkpt>
      <trkpt lat="41.379776" lon="-81.794929"><ele>225.7</ele><time>2026-07-11T15:26:02Z</time></trkpt>
      <trkpt lat="41.379757" lon="-81.794964"><ele>225.7</ele><time>2026-07-11T15:26:03Z</time></trkpt>
      <trkpt lat="41.379741" lon="-81.794998"><ele>225.7</ele><time>2026-07-11T15:26:04Z</time></trkpt>
      <trkpt lat="41.379727" lon="-81.79503"><ele>225.6</ele><time>2026-07-11T15:26:05Z</time></trkpt>
      <trkpt lat="41.379717" lon="-81.795062"><ele>225.6</ele><time>2026-07-11T15:26:06Z</time></trkpt>
      <trkpt lat="41.379709" lon="-81.795089"><ele>225.799</ele><time>2026-07-11T15:26:07Z</time></trkpt>
      <trkpt lat="41.379701" lon="-81.795112"><ele>225.799</ele><time>2026-07-11T15:26:08Z</time></trkpt>
      <trkpt lat="41.379697" lon="-81.795131"><ele>225.6</ele><time>2026-07-11T15:26:09Z</time></trkpt>
      <trkpt lat="41.379695" lon="-81.795145"><ele>225.6</ele><time>2026-07-11T15:26:10Z</time></trkpt>
      <trkpt lat="41.379694" lon="-81.795156"><ele>225.7</ele><time>2026-07-11T15:26:11Z</time></trkpt>
      <trkpt lat="41.379691" lon="-81.795167"><ele>224.5</ele><time>2026-07-11T15:26:12Z</time></trkpt>
      <trkpt lat="41.37969" lon="-81.795175"><ele>224.5</ele><time>2026-07-11T15:26:13Z</time></trkpt>
      <trkpt lat="41.37969" lon="-81.795181"><ele>224.5</ele><time>2026-07-11T15:26:14Z</time></trkpt>
      <trkpt lat="41.379689" lon="-81.795185"><ele>224.5</ele><time>2026-07-11T15:26:15Z</time></trkpt>
      <trkpt lat="41.379689" lon="-81.795189"><ele>224.5</ele><time>2026-07-11T15:26:16Z</time></trkpt>
      <trkpt lat="41.379688" lon="-81.795193"><ele>224.5</ele><time>2026-07-11T15:26:17Z</time></trkpt>
      <trkpt lat="41.379686" lon="-81.795196"><ele>224.5</ele><time>2026-07-11T15:26:18Z</time></trkpt>
      <trkpt lat="41.379684" lon="-81.795198"><ele>224.5</ele><time>2026-07-11T15:26:19Z</time></trkpt>
      <trkpt lat="41.379681" lon="-81.795201"><ele>224.5</ele><time>2026-07-11T15:26:20Z</time></trkpt>
      <trkpt lat="41.379677" lon="-81.795202"><ele>224.5</ele><time>2026-07-11T15:26:21Z</time></trkpt>
      <trkpt lat="41.379674" lon="-81.795204"><ele>224.5</ele><time>2026-07-11T15:26:22Z</time></trkpt>
      <trkpt lat="41.379672" lon="-81.795205"><ele>224.5</ele><time>2026-07-11T15:26:23Z</time></trkpt>
      <trkpt lat="41.379669" lon="-81.795206"><ele>224.5</ele><time>2026-07-11T15:26:24Z</time></trkpt>
      <trkpt lat="41.379668" lon="-81.795206"><ele>224.5</ele><time>2026-07-11T15:26:25Z</time></trkpt>
      <trkpt lat="41.379668" lon="-81.795205"><ele>224.5</ele><time>2026-07-11T15:26:26Z</time></trkpt>
      <trkpt lat="41.379668" lon="-81.795203"><ele>224.5</ele><time>2026-07-11T15:26:27Z</time></trkpt>
      <trkpt lat="41.379669" lon="-81.7952"><ele>224.5</ele><time>2026-07-11T15:26:28Z</time></trkpt>
      <trkpt lat="41.37967" lon="-81.795197"><ele>224.5</ele><time>2026-07-11T15:26:29Z</time></trkpt>
      <trkpt lat="41.379671" lon="-81.795193"><ele>224.5</ele><time>2026-07-11T15:26:30Z</time></trkpt>
      <trkpt lat="41.379672" lon="-81.795188"><ele>224.5</ele><time>2026-07-11T15:26:31Z</time></trkpt>
      <trkpt lat="41.379673" lon="-81.795184"><ele>224.5</ele><time>2026-07-11T15:26:32Z</time></trkpt>
      <trkpt lat="41.379675" lon="-81.79518"><ele>224.5</ele><time>2026-07-11T15:26:33Z</time></trkpt>
      <trkpt lat="41.379677" lon="-81.795177"><ele>224.5</ele><time>2026-07-11T15:26:34Z</time></trkpt>
      <trkpt lat="41.379679" lon="-81.795174"><ele>224.5</ele><time>2026-07-11T15:26:35Z</time></trkpt>
      <trkpt lat="41.37968" lon="-81.795171"><ele>224.5</ele><time>2026-07-11T15:26:36Z</time></trkpt>
      <trkpt lat="41.379681" lon="-81.795169"><ele>224.5</ele><time>2026-07-11T15:26:37Z</time></trkpt>
      <trkpt lat="41.379683" lon="-81.795167"><ele>224.5</ele><time>2026-07-11T15:26:38Z</time></trkpt>
      <trkpt lat="41.379685" lon="-81.795164"><ele>224.5</ele><time>2026-07-11T15:26:39Z</time></trkpt>
      <trkpt lat="41.379686" lon="-81.795163"><ele>224.5</ele><time>2026-07-11T15:26:40Z</time></trkpt>
      <trkpt lat="41.379687" lon="-81.795162"><ele>224.5</ele><time>2026-07-11T15:26:41Z</time></trkpt>
      <trkpt lat="41.379687" lon="-81.795162"><ele>224.5</ele><time>2026-07-11T15:26:42Z</time></trkpt>
      <trkpt lat="41.379686" lon="-81.795163"><ele>224.5</ele><time>2026-07-11T15:26:43Z</time></trkpt>
      <trkpt lat="41.379685" lon="-81.795164"><ele>224.5</ele><time>2026-07-11T15:26:44Z</time></trkpt>
      <trkpt lat="41.379683" lon="-81.795165"><ele>224.5</ele><time>2026-07-11T15:26:45Z</time></trkpt>
      <trkpt lat="41.379681" lon="-81.795167"><ele>224.5</ele><time>2026-07-11T15:26:46Z</time></trkpt>
      <trkpt lat="41.379679" lon="-81.795169"><ele>224.5</ele><time>2026-07-11T15:26:47Z</time></trkpt>
      <trkpt lat="41.379677" lon="-81.795171"><ele>224.5</ele><time>2026-07-11T15:26:48Z</time></trkpt>
      <trkpt lat="41.379675" lon="-81.795174"><ele>224.5</ele><time>2026-07-11T15:26:49Z</time></trkpt>
      <trkpt lat="41.379674" lon="-81.795177"><ele>224.5</ele><time>2026-07-11T15:26:50Z</time></trkpt>
      <trkpt lat="41.379673" lon="-81.795179"><ele>224.5</ele><time>2026-07-11T15:26:51Z</time></trkpt>
      <trkpt lat="41.379672" lon="-81.79518"><ele>224.5</ele><time>2026-07-11T15:26:52Z</time></trkpt>
      <trkpt lat="41.379672" lon="-81.795181"><ele>224.5</ele><time>2026-07-11T15:26:53Z</time></trkpt>
      <trkpt lat="41.379672" lon="-81.795181"><ele>224.5</ele><time>2026-07-11T15:26:54Z</time></trkpt>
      <trkpt lat="41.379672" lon="-81.795181"><ele>224.5</ele><time>2026-07-11T15:26:55Z</time></trkpt>
      <trkpt lat="41.379672" lon="-81.795182"><ele>224.5</ele><time>2026-07-11T15:26:56Z</time></trkpt>
      <trkpt lat="41.379672" lon="-81.795182"><ele>224.5</ele><time>2026-07-11T15:26:57Z</time></trkpt>
      <trkpt lat="41.379672" lon="-81.795182"><ele>224.5</ele><time>2026-07-11T15:26:58Z</time></trkpt>
      <trkpt lat="41.379672" lon="-81.795183"><ele>224.5</ele><time>2026-07-11T15:26:59Z</time></trkpt>
      <trkpt lat="41.379672" lon="-81.795184"><ele>224.5</ele><time>2026-07-11T15:27:00Z</time></trkpt>
      <trkpt lat="41.379671" lon="-81.795185"><ele>224.5</ele><time>2026-07-11T15:27:01Z</time></trkpt>
      <trkpt lat="41.379671" lon="-81.795188"><ele>224.5</ele><time>2026-07-11T15:27:02Z</time></trkpt>
      <trkpt lat="41.379671" lon="-81.795192"><ele>224.5</ele><time>2026-07-11T15:27:03Z</time></trkpt>
      <trkpt lat="41.379671" lon="-81.795195"><ele>224.5</ele><time>2026-07-11T15:27:04Z</time></trkpt>
      <trkpt lat="41.379671" lon="-81.795196"><ele>224.5</ele><time>2026-07-11T15:27:05Z</time></trkpt>
      <trkpt lat="41.379671" lon="-81.795197"><ele>224.6</ele><time>2026-07-11T15:27:06Z</time></trkpt>
      <trkpt lat="41.379671" lon="-81.795197"><ele>224.6</ele><time>2026-07-11T15:27:07Z</time></trkpt>
      <trkpt lat="41.379672" lon="-81.795196"><ele>224.6</ele><time>2026-07-11T15:27:08Z</time></trkpt>
      <trkpt lat="41.379673" lon="-81.795196"><ele>224.6</ele><time>2026-07-11T15:27:09Z</time></trkpt>
      <trkpt lat="41.379676" lon="-81.795194"><ele>224.6</ele><time>2026-07-11T15:27:10Z</time></trkpt>
      <trkpt lat="41.379678" lon="-81.795192"><ele>224.6</ele><time>2026-07-11T15:27:11Z</time></trkpt>
      <trkpt lat="41.37968" lon="-81.795189"><ele>224.6</ele><time>2026-07-11T15:27:12Z</time></trkpt>
      <trkpt lat="41.379682" lon="-81.795186"><ele>224.6</ele><time>2026-07-11T15:27:13Z</time></trkpt>
      <trkpt lat="41.379683" lon="-81.795182"><ele>224.6</ele><time>2026-07-11T15:27:14Z</time></trkpt>
      <trkpt lat="41.379684" lon="-81.79518"><ele>224.6</ele><time>2026-07-11T15:27:15Z</time></trkpt>
      <trkpt lat="41.379684" lon="-81.795179"><ele>224.6</ele><time>2026-07-11T15:27:16Z</time></trkpt>
      <trkpt lat="41.379685" lon="-81.795178"><ele>224.6</ele><time>2026-07-11T15:27:17Z</time></trkpt>
      <trkpt lat="41.379685" lon="-81.795177"><ele>224.6</ele><time>2026-07-11T15:27:18Z</time></trkpt>
      <trkpt lat="41.379685" lon="-81.795177"><ele>224.6</ele><time>2026-07-11T15:27:19Z</time></trkpt>
      <trkpt lat="41.379685" lon="-81.795176"><ele>224.6</ele><time>2026-07-11T15:27:20Z</time></trkpt>
      <trkpt lat="41.379685" lon="-81.795176"><ele>224.6</ele><time>2026-07-11T15:27:21Z</time></trkpt>
      <trkpt lat="41.379685" lon="-81.795174"><ele>224.5</ele><time>2026-07-11T15:27:22Z</time></trkpt>
      <trkpt lat="41.379686" lon="-81.795173"><ele>224.5</ele><time>2026-07-11T15:27:23Z</time></trkpt>
      <trkpt lat="41.379686" lon="-81.795172"><ele>224.5</ele><time>2026-07-11T15:27:24Z</time></trkpt>
      <trkpt lat="41.379686" lon="-81.795171"><ele>224.5</ele><time>2026-07-11T15:27:25Z</time></trkpt>
      <trkpt lat="41.379686" lon="-81.795171"><ele>224.5</ele><time>2026-07-11T15:27:26Z</time></trkpt>
      <trkpt lat="41.379686" lon="-81.795171"><ele>224.5</ele><time>2026-07-11T15:27:27Z</time></trkpt>
      <trkpt lat="41.379686" lon="-81.795171"><ele>224.5</ele><time>2026-07-11T15:27:28Z</time></trkpt>
      <trkpt lat="41.379686" lon="-81.795172"><ele>224.5</ele><time>2026-07-11T15:27:29Z</time></trkpt>
      <trkpt lat="41.379686" lon="-81.795173"><ele>224.5</ele><time>2026-07-11T15:27:30Z</time></trkpt>
      <trkpt lat="41.379686" lon="-81.795175"><ele>224.5</ele><time>2026-07-11T15:27:31Z</time></trkpt>
      <trkpt lat="41.379685" lon="-81.795179"><ele>224.5</ele><time>2026-07-11T15:27:32Z</time></trkpt>
      <trkpt lat="41.379684" lon="-81.795183"><ele>224.5</ele><time>2026-07-11T15:27:33Z</time></trkpt>
      <trkpt lat="41.379684" lon="-81.795184"><ele>224.5</ele><time>2026-07-11T15:27:34Z</time></trkpt>
      <trkpt lat="41.379683" lon="-81.795185"><ele>224.5</ele><time>2026-07-11T15:27:35Z</time></trkpt>
      <trkpt lat="41.379683" lon="-81.795186"><ele>224.5</ele><time>2026-07-11T15:27:36Z</time></trkpt>
      <trkpt lat="41.379682" lon="-81.795186"><ele>224.5</ele><time>2026-07-11T15:27:37Z</time></trkpt>
      <trkpt lat="41.379681" lon="-81.795186"><ele>224.5</ele><time>2026-07-11T15:27:38Z</time></trkpt>
      <trkpt lat="41.379679" lon="-81.795185"><ele>224.5</ele><time>2026-07-11T15:27:39Z</time></trkpt>
      <trkpt lat="41.379677" lon="-81.795184"><ele>224.5</ele><time>2026-07-11T15:27:40Z</time></trkpt>
      <trkpt lat="41.379672" lon="-81.795183"><ele>224.5</ele><time>2026-07-11T15:27:41Z</time></trkpt>
      <trkpt lat="41.379669" lon="-81.795182"><ele>224.5</ele><time>2026-07-11T15:27:42Z</time></trkpt>
      <trkpt lat="41.379667" lon="-81.795181"><ele>224.5</ele><time>2026-07-11T15:27:43Z</time></trkpt>
      <trkpt lat="41.379667" lon="-81.795181"><ele>224.5</ele><time>2026-07-11T15:27:44Z</time></trkpt>
      <trkpt lat="41.379666" lon="-81.795182"><ele>224.6</ele><time>2026-07-11T15:27:45Z</time></trkpt>
      <trkpt lat="41.379667" lon="-81.795183"><ele>224.6</ele><time>2026-07-11T15:27:46Z</time></trkpt>
      <trkpt lat="41.379667" lon="-81.795184"><ele>224.6</ele><time>2026-07-11T15:27:47Z</time></trkpt>
      <trkpt lat="41.379668" lon="-81.795185"><ele>224.6</ele><time>2026-07-11T15:27:48Z</time></trkpt>
      <trkpt lat="41.379669" lon="-81.795185"><ele>224.6</ele><time>2026-07-11T15:27:49Z</time></trkpt>
      <trkpt lat="41.37967" lon="-81.795186"><ele>224.6</ele><time>2026-07-11T15:27:50Z</time></trkpt>
      <trkpt lat="41.379671" lon="-81.795188"><ele>224.6</ele><time>2026-07-11T15:27:51Z</time></trkpt>
      <trkpt lat="41.379671" lon="-81.795189"><ele>224.6</ele><time>2026-07-11T15:27:52Z</time></trkpt>
      <trkpt lat="41.379671" lon="-81.795189"><ele>224.55</ele><time>2026-07-11T15:27:53Z</time></trkpt>
      <trkpt lat="41.379671" lon="-81.79519"><ele>224.5</ele><time>2026-07-11T15:27:54Z</time></trkpt>
      <trkpt lat="41.379671" lon="-81.79519"><ele>224.5</ele><time>2026-07-11T15:27:55Z</time></trkpt>
      <trkpt lat="41.379671" lon="-81.79519"><ele>224.5</ele><time>2026-07-11T15:27:56Z</time></trkpt>
      <trkpt lat="41.379671" lon="-81.79519"><ele>224.5</ele><time>2026-07-11T15:27:57Z</time></trkpt>
      <trkpt lat="41.379671" lon="-81.79519"><ele>224.5</ele><time>2026-07-11T15:27:58Z</time></trkpt>
      <trkpt lat="41.37967" lon="-81.79519"><ele>224.5</ele><time>2026-07-11T15:27:59Z</time></trkpt>
      <trkpt lat="41.379669" lon="-81.795189"><ele>224.5</ele><time>2026-07-11T15:28:00Z</time></trkpt>
      <trkpt lat="41.379667" lon="-81.795189"><ele>224.5</ele><time>2026-07-11T15:28:01Z</time></trkpt>
      <trkpt lat="41.379666" lon="-81.79519"><ele>224.5</ele><time>2026-07-11T15:28:02Z</time></trkpt>
      <trkpt lat="41.379665" lon="-81.79519"><ele>224.5</ele><time>2026-07-11T15:28:03Z</time></trkpt>
      <trkpt lat="41.379664" lon="-81.795192"><ele>224.5</ele><time>2026-07-11T15:28:04Z</time></trkpt>
      <trkpt lat="41.379662" lon="-81.795194"><ele>224.5</ele><time>2026-07-11T15:28:05Z</time></trkpt>
      <trkpt lat="41.379661" lon="-81.795197"><ele>224.5</ele><time>2026-07-11T15:28:06Z</time></trkpt>
      <trkpt lat="41.37966" lon="-81.795199"><ele>224.5</ele><time>2026-07-11T15:28:07Z</time></trkpt>
      <trkpt lat="41.37966" lon="-81.795203"><ele>224.5</ele><time>2026-07-11T15:28:08Z</time></trkpt>
      <trkpt lat="41.379658" lon="-81.795205"><ele>224.5</ele><time>2026-07-11T15:28:09Z</time></trkpt>
      <trkpt lat="41.379655" lon="-81.795207"><ele>224.5</ele><time>2026-07-11T15:28:10Z</time></trkpt>
      <trkpt lat="41.379653" lon="-81.79521"><ele>224.5</ele><time>2026-07-11T15:28:11Z</time></trkpt>
      <trkpt lat="41.37965" lon="-81.795213"><ele>224.5</ele><time>2026-07-11T15:28:12Z</time></trkpt>
      <trkpt lat="41.379646" lon="-81.795217"><ele>224.5</ele><time>2026-07-11T15:28:13Z</time></trkpt>
      <trkpt lat="41.37964" lon="-81.795223"><ele>224.5</ele><time>2026-07-11T15:28:14Z</time></trkpt>
      <trkpt lat="41.379634" lon="-81.79523"><ele>224.5</ele><time>2026-07-11T15:28:15Z</time></trkpt>
      <trkpt lat="41.379629" lon="-81.79524"><ele>224.5</ele><time>2026-07-11T15:28:16Z</time></trkpt>
      <trkpt lat="41.379624" lon="-81.795252"><ele>224.6</ele><time>2026-07-11T15:28:17Z</time></trkpt>
      <trkpt lat="41.379618" lon="-81.79527"><ele>224.6</ele><time>2026-07-11T15:28:18Z</time></trkpt>
      <trkpt lat="41.379609" lon="-81.795291"><ele>224.6</ele><time>2026-07-11T15:28:19Z</time></trkpt>
      <trkpt lat="41.379598" lon="-81.795316"><ele>224.6</ele><time>2026-07-11T15:28:20Z</time></trkpt>
      <trkpt lat="41.379584" lon="-81.795343"><ele>224.6</ele><time>2026-07-11T15:28:21Z</time></trkpt>
      <trkpt lat="41.379566" lon="-81.795371"><ele>224.6</ele><time>2026-07-11T15:28:22Z</time></trkpt>
      <trkpt lat="41.379546" lon="-81.7954"><ele>224.6</ele><time>2026-07-11T15:28:23Z</time></trkpt>
      <trkpt lat="41.379526" lon="-81.79543"><ele>224.6</ele><time>2026-07-11T15:28:24Z</time></trkpt>
      <trkpt lat="41.379506" lon="-81.795459"><ele>224.6</ele><time>2026-07-11T15:28:25Z</time></trkpt>
      <trkpt lat="41.379485" lon="-81.795489"><ele>224.6</ele><time>2026-07-11T15:28:26Z</time></trkpt>
      <trkpt lat="41.379465" lon="-81.795519"><ele>224.6</ele><time>2026-07-11T15:28:27Z</time></trkpt>
      <trkpt lat="41.379446" lon="-81.795549"><ele>224.6</ele><time>2026-07-11T15:28:28Z</time></trkpt>
      <trkpt lat="41.379429" lon="-81.795579"><ele>224.6</ele><time>2026-07-11T15:28:29Z</time></trkpt>
      <trkpt lat="41.379413" lon="-81.79561"><ele>224.6</ele><time>2026-07-11T15:28:30Z</time></trkpt>
      <trkpt lat="41.379397" lon="-81.79564"><ele>224.6</ele><time>2026-07-11T15:28:31Z</time></trkpt>
      <trkpt lat="41.379381" lon="-81.795672"><ele>224.6</ele><time>2026-07-11T15:28:32Z</time></trkpt>
      <trkpt lat="41.379365" lon="-81.795705"><ele>224.6</ele><time>2026-07-11T15:28:33Z</time></trkpt>
      <trkpt lat="41.379348" lon="-81.795738"><ele>224.6</ele><time>2026-07-11T15:28:34Z</time></trkpt>
      <trkpt lat="41.37933" lon="-81.79577"><ele>224.6</ele><time>2026-07-11T15:28:35Z</time></trkpt>
      <trkpt lat="41.37931" lon="-81.795802"><ele>224.6</ele><time>2026-07-11T15:28:36Z</time></trkpt>
      <trkpt lat="41.379287" lon="-81.795832"><ele>224.6</ele><time>2026-07-11T15:28:37Z</time></trkpt>
      <trkpt lat="41.379264" lon="-81.79586"><ele>224.6</ele><time>2026-07-11T15:28:38Z</time></trkpt>
      <trkpt lat="41.379233" lon="-81.795895"><ele>224.6</ele><time>2026-07-11T15:28:39Z</time></trkpt>
      <trkpt lat="41.379204" lon="-81.795928"><ele>224.6</ele><time>2026-07-11T15:28:40Z</time></trkpt>
      <trkpt lat="41.379177" lon="-81.79596"><ele>224.6</ele><time>2026-07-11T15:28:41Z</time></trkpt>
      <trkpt lat="41.379152" lon="-81.795989"><ele>224.6</ele><time>2026-07-11T15:28:42Z</time></trkpt>
      <trkpt lat="41.379127" lon="-81.796015"><ele>224.6</ele><time>2026-07-11T15:28:43Z</time></trkpt>
      <trkpt lat="41.379104" lon="-81.79604"><ele>224.6</ele><time>2026-07-11T15:28:44Z</time></trkpt>
      <trkpt lat="41.379083" lon="-81.796062"><ele>224.6</ele><time>2026-07-11T15:28:45Z</time></trkpt>
      <trkpt lat="41.379063" lon="-81.796084"><ele>224.6</ele><time>2026-07-11T15:28:46Z</time></trkpt>
      <trkpt lat="41.379043" lon="-81.796105"><ele>224.6</ele><time>2026-07-11T15:28:47Z</time></trkpt>
      <trkpt lat="41.379023" lon="-81.796125"><ele>224.6</ele><time>2026-07-11T15:28:48Z</time></trkpt>
      <trkpt lat="41.379002" lon="-81.796144"><ele>224.6</ele><time>2026-07-11T15:28:49Z</time></trkpt>
      <trkpt lat="41.378982" lon="-81.796163"><ele>224.6</ele><time>2026-07-11T15:28:50Z</time></trkpt>
      <trkpt lat="41.378962" lon="-81.796181"><ele>224.6</ele><time>2026-07-11T15:28:51Z</time></trkpt>
      <trkpt lat="41.378944" lon="-81.796198"><ele>224.6</ele><time>2026-07-11T15:28:52Z</time></trkpt>
      <trkpt lat="41.378927" lon="-81.796216"><ele>224.6</ele><time>2026-07-11T15:28:53Z</time></trkpt>
      <trkpt lat="41.37891" lon="-81.796234"><ele>224.6</ele><time>2026-07-11T15:28:54Z</time></trkpt>
      <trkpt lat="41.378893" lon="-81.796253"><ele>224.6</ele><time>2026-07-11T15:28:55Z</time></trkpt>
      <trkpt lat="41.378876" lon="-81.796271"><ele>224.6</ele><time>2026-07-11T15:28:56Z</time></trkpt>
      <trkpt lat="41.37886" lon="-81.796289"><ele>224.6</ele><time>2026-07-11T15:28:57Z</time></trkpt>
      <trkpt lat="41.378843" lon="-81.796308"><ele>224.6</ele><time>2026-07-11T15:28:58Z</time></trkpt>
      <trkpt lat="41.378825" lon="-81.796329"><ele>224.6</ele><time>2026-07-11T15:28:59Z</time></trkpt>
      <trkpt lat="41.378806" lon="-81.796352"><ele>224.6</ele><time>2026-07-11T15:29:00Z</time></trkpt>
      <trkpt lat="41.378786" lon="-81.796374"><ele>224.6</ele><time>2026-07-11T15:29:01Z</time></trkpt>
      <trkpt lat="41.378765" lon="-81.796397"><ele>224.6</ele><time>2026-07-11T15:29:02Z</time></trkpt>
      <trkpt lat="41.378741" lon="-81.79642"><ele>224.6</ele><time>2026-07-11T15:29:03Z</time></trkpt>
      <trkpt lat="41.378715" lon="-81.796446"><ele>224.6</ele><time>2026-07-11T15:29:04Z</time></trkpt>
      <trkpt lat="41.378687" lon="-81.796473"><ele>224.6</ele><time>2026-07-11T15:29:05Z</time></trkpt>
      <trkpt lat="41.378659" lon="-81.7965"><ele>224.6</ele><time>2026-07-11T15:29:06Z</time></trkpt>
      <trkpt lat="41.378629" lon="-81.796525"><ele>224.6</ele><time>2026-07-11T15:29:07Z</time></trkpt>
      <trkpt lat="41.378601" lon="-81.79655"><ele>224.6</ele><time>2026-07-11T15:29:08Z</time></trkpt>
      <trkpt lat="41.378574" lon="-81.796576"><ele>224.6</ele><time>2026-07-11T15:29:09Z</time></trkpt>
      <trkpt lat="41.378548" lon="-81.796602"><ele>224.6</ele><time>2026-07-11T15:29:10Z</time></trkpt>
      <trkpt lat="41.378523" lon="-81.796629"><ele>224.6</ele><time>2026-07-11T15:29:11Z</time></trkpt>
      <trkpt lat="41.378497" lon="-81.796657"><ele>224.6</ele><time>2026-07-11T15:29:12Z</time></trkpt>
      <trkpt lat="41.378473" lon="-81.796686"><ele>224.6</ele><time>2026-07-11T15:29:13Z</time></trkpt>
      <trkpt lat="41.37845" lon="-81.796714"><ele>224.6</ele><time>2026-07-11T15:29:14Z</time></trkpt>
      <trkpt lat="41.378428" lon="-81.796742"><ele>224.6</ele><time>2026-07-11T15:29:15Z</time></trkpt>
      <trkpt lat="41.378409" lon="-81.796769"><ele>224.6</ele><time>2026-07-11T15:29:16Z</time></trkpt>
      <trkpt lat="41.378391" lon="-81.796796"><ele>224.6</ele><time>2026-07-11T15:29:17Z</time></trkpt>
      <trkpt lat="41.378371" lon="-81.796823"><ele>224.6</ele><time>2026-07-11T15:29:18Z</time></trkpt>
      <trkpt lat="41.378349" lon="-81.79685"><ele>224.6</ele><time>2026-07-11T15:29:19Z</time></trkpt>
      <trkpt lat="41.378325" lon="-81.796876"><ele>224.6</ele><time>2026-07-11T15:29:20Z</time></trkpt>
      <trkpt lat="41.3783" lon="-81.796902"><ele>224.6</ele><time>2026-07-11T15:29:21Z</time></trkpt>
      <trkpt lat="41.378275" lon="-81.796929"><ele>224.6</ele><time>2026-07-11T15:29:22Z</time></trkpt>
      <trkpt lat="41.37825" lon="-81.796956"><ele>224.6</ele><time>2026-07-11T15:29:23Z</time></trkpt>
      <trkpt lat="41.378224" lon="-81.796985"><ele>224.6</ele><time>2026-07-11T15:29:24Z</time></trkpt>
      <trkpt lat="41.378198" lon="-81.797016"><ele>224.6</ele><time>2026-07-11T15:29:25Z</time></trkpt>
      <trkpt lat="41.378171" lon="-81.797048"><ele>224.6</ele><time>2026-07-11T15:29:26Z</time></trkpt>
      <trkpt lat="41.378144" lon="-81.797079"><ele>224.6</ele><time>2026-07-11T15:29:27Z</time></trkpt>
      <trkpt lat="41.378114" lon="-81.797111"><ele>224.6</ele><time>2026-07-11T15:29:28Z</time></trkpt>
      <trkpt lat="41.378083" lon="-81.797145"><ele>224.6</ele><time>2026-07-11T15:29:29Z</time></trkpt>
      <trkpt lat="41.378052" lon="-81.797179"><ele>224.6</ele><time>2026-07-11T15:29:30Z</time></trkpt>
      <trkpt lat="41.378022" lon="-81.797214"><ele>224.6</ele><time>2026-07-11T15:29:31Z</time></trkpt>
      <trkpt lat="41.377995" lon="-81.797249"><ele>224.6</ele><time>2026-07-11T15:29:32Z</time></trkpt>
      <trkpt lat="41.377969" lon="-81.797283"><ele>224.6</ele><time>2026-07-11T15:29:33Z</time></trkpt>
      <trkpt lat="41.377944" lon="-81.797317"><ele>224.6</ele><time>2026-07-11T15:29:34Z</time></trkpt>
      <trkpt lat="41.37792" lon="-81.79735"><ele>224.6</ele><time>2026-07-11T15:29:35Z</time></trkpt>
      <trkpt lat="41.377893" lon="-81.797389"><ele>224.6</ele><time>2026-07-11T15:29:36Z</time></trkpt>
      <trkpt lat="41.377866" lon="-81.797427"><ele>224.6</ele><time>2026-07-11T15:29:37Z</time></trkpt>
      <trkpt lat="41.377839" lon="-81.797463"><ele>224.6</ele><time>2026-07-11T15:29:38Z</time></trkpt>
      <trkpt lat="41.377812" lon="-81.797499"><ele>224.6</ele><time>2026-07-11T15:29:39Z</time></trkpt>
      <trkpt lat="41.377786" lon="-81.797534"><ele>224.6</ele><time>2026-07-11T15:29:40Z</time></trkpt>
      <trkpt lat="41.377758" lon="-81.797568"><ele>224.6</ele><time>2026-07-11T15:29:41Z</time></trkpt>
      <trkpt lat="41.37773" lon="-81.797602"><ele>224.6</ele><time>2026-07-11T15:29:42Z</time></trkpt>
      <trkpt lat="41.377701" lon="-81.797637"><ele>224.6</ele><time>2026-07-11T15:29:43Z</time></trkpt>
      <trkpt lat="41.377671" lon="-81.797672"><ele>224.6</ele><time>2026-07-11T15:29:44Z</time></trkpt>
      <trkpt lat="41.377641" lon="-81.797709"><ele>224.6</ele><time>2026-07-11T15:29:45Z</time></trkpt>
      <trkpt lat="41.377614" lon="-81.797745"><ele>224.6</ele><time>2026-07-11T15:29:46Z</time></trkpt>
      <trkpt lat="41.377588" lon="-81.797781"><ele>224.6</ele><time>2026-07-11T15:29:47Z</time></trkpt>
      <trkpt lat="41.377564" lon="-81.797816"><ele>224.6</ele><time>2026-07-11T15:29:48Z</time></trkpt>
      <trkpt lat="41.377542" lon="-81.79785"><ele>224.6</ele><time>2026-07-11T15:29:49Z</time></trkpt>
      <trkpt lat="41.377515" lon="-81.797889"><ele>224.6</ele><time>2026-07-11T15:29:50Z</time></trkpt>
      <trkpt lat="41.377489" lon="-81.797928"><ele>224.6</ele><time>2026-07-11T15:29:51Z</time></trkpt>
      <trkpt lat="41.377463" lon="-81.797966"><ele>224.6</ele><time>2026-07-11T15:29:52Z</time></trkpt>
      <trkpt lat="41.377436" lon="-81.798006"><ele>224.6</ele><time>2026-07-11T15:29:53Z</time></trkpt>
      <trkpt lat="41.37741" lon="-81.798046"><ele>224.6</ele><time>2026-07-11T15:29:54Z</time></trkpt>
      <trkpt lat="41.377384" lon="-81.798085"><ele>224.6</ele><time>2026-07-11T15:29:55Z</time></trkpt>
      <trkpt lat="41.377358" lon="-81.798125"><ele>224.6</ele><time>2026-07-11T15:29:56Z</time></trkpt>
      <trkpt lat="41.377332" lon="-81.798164"><ele>224.6</ele><time>2026-07-11T15:29:57Z</time></trkpt>
      <trkpt lat="41.377306" lon="-81.798205"><ele>224.6</ele><time>2026-07-11T15:29:58Z</time></trkpt>
      <trkpt lat="41.37728" lon="-81.798246"><ele>224.6</ele><time>2026-07-11T15:29:59Z</time></trkpt>
      <trkpt lat="41.377256" lon="-81.798285"><ele>224.6</ele><time>2026-07-11T15:30:00Z</time></trkpt>
      <trkpt lat="41.377233" lon="-81.798322"><ele>224.6</ele><time>2026-07-11T15:30:01Z</time></trkpt>
      <trkpt lat="41.377214" lon="-81.798356"><ele>224.6</ele><time>2026-07-11T15:30:02Z</time></trkpt>
      <trkpt lat="41.377195" lon="-81.79839"><ele>224.6</ele><time>2026-07-11T15:30:03Z</time></trkpt>
      <trkpt lat="41.377175" lon="-81.798426"><ele>224.6</ele><time>2026-07-11T15:30:04Z</time></trkpt>
      <trkpt lat="41.377155" lon="-81.798464"><ele>224.6</ele><time>2026-07-11T15:30:05Z</time></trkpt>
      <trkpt lat="41.377136" lon="-81.798501"><ele>224.6</ele><time>2026-07-11T15:30:06Z</time></trkpt>
      <trkpt lat="41.377113" lon="-81.798541"><ele>224.6</ele><time>2026-07-11T15:30:07Z</time></trkpt>
      <trkpt lat="41.37709" lon="-81.79858"><ele>224.6</ele><time>2026-07-11T15:30:08Z</time></trkpt>
      <trkpt lat="41.377064" lon="-81.798621"><ele>224.6</ele><time>2026-07-11T15:30:09Z</time></trkpt>
      <trkpt lat="41.377043" lon="-81.798661"><ele>224.6</ele><time>2026-07-11T15:30:10Z</time></trkpt>
      <trkpt lat="41.377025" lon="-81.7987"><ele>224.6</ele><time>2026-07-11T15:30:11Z</time></trkpt>
      <trkpt lat="41.377004" lon="-81.798739"><ele>224.6</ele><time>2026-07-11T15:30:12Z</time></trkpt>
      <trkpt lat="41.376979" lon="-81.798782"><ele>224.6</ele><time>2026-07-11T15:30:13Z</time></trkpt>
      <trkpt lat="41.376954" lon="-81.798821"><ele>224.6</ele><time>2026-07-11T15:30:14Z</time></trkpt>
      <trkpt lat="41.376931" lon="-81.798854"><ele>224.6</ele><time>2026-07-11T15:30:15Z</time></trkpt>
      <trkpt lat="41.376914" lon="-81.798887"><ele>224.6</ele><time>2026-07-11T15:30:16Z</time></trkpt>
      <trkpt lat="41.376895" lon="-81.798929"><ele>224.6</ele><time>2026-07-11T15:30:17Z</time></trkpt>
      <trkpt lat="41.376877" lon="-81.798971"><ele>224.6</ele><time>2026-07-11T15:30:18Z</time></trkpt>
      <trkpt lat="41.376858" lon="-81.799015"><ele>224.6</ele><time>2026-07-11T15:30:19Z</time></trkpt>
      <trkpt lat="41.376841" lon="-81.799058"><ele>224.6</ele><time>2026-07-11T15:30:20Z</time></trkpt>
      <trkpt lat="41.376824" lon="-81.799095"><ele>224.6</ele><time>2026-07-11T15:30:21Z</time></trkpt>
      <trkpt lat="41.376807" lon="-81.799136"><ele>224.6</ele><time>2026-07-11T15:30:22Z</time></trkpt>
      <trkpt lat="41.376788" lon="-81.79918"><ele>224.6</ele><time>2026-07-11T15:30:23Z</time></trkpt>
      <trkpt lat="41.37677" lon="-81.799223"><ele>224.6</ele><time>2026-07-11T15:30:24Z</time></trkpt>
      <trkpt lat="41.376755" lon="-81.799266"><ele>224.6</ele><time>2026-07-11T15:30:25Z</time></trkpt>
      <trkpt lat="41.376739" lon="-81.799309"><ele>224.6</ele><time>2026-07-11T15:30:26Z</time></trkpt>
      <trkpt lat="41.376727" lon="-81.799347"><ele>224.6</ele><time>2026-07-11T15:30:27Z</time></trkpt>
      <trkpt lat="41.376714" lon="-81.799381"><ele>224.6</ele><time>2026-07-11T15:30:28Z</time></trkpt>
      <trkpt lat="41.376697" lon="-81.799415"><ele>224.6</ele><time>2026-07-11T15:30:29Z</time></trkpt>
      <trkpt lat="41.37668" lon="-81.799447"><ele>224.6</ele><time>2026-07-11T15:30:30Z</time></trkpt>
      <trkpt lat="41.37666" lon="-81.799481"><ele>224.6</ele><time>2026-07-11T15:30:31Z</time></trkpt>
      <trkpt lat="41.37664" lon="-81.799519"><ele>224.6</ele><time>2026-07-11T15:30:32Z</time></trkpt>
      <trkpt lat="41.37662" lon="-81.79956"><ele>224.6</ele><time>2026-07-11T15:30:33Z</time></trkpt>
      <trkpt lat="41.376602" lon="-81.799604"><ele>224.6</ele><time>2026-07-11T15:30:34Z</time></trkpt>
      <trkpt lat="41.376586" lon="-81.799648"><ele>224.6</ele><time>2026-07-11T15:30:35Z</time></trkpt>
      <trkpt lat="41.376568" lon="-81.799695"><ele>224.6</ele><time>2026-07-11T15:30:36Z</time></trkpt>
      <trkpt lat="41.376551" lon="-81.799742"><ele>224.6</ele><time>2026-07-11T15:30:37Z</time></trkpt>
      <trkpt lat="41.376536" lon="-81.799786"><ele>224.6</ele><time>2026-07-11T15:30:38Z</time></trkpt>
      <trkpt lat="41.376522" lon="-81.799829"><ele>224.6</ele><time>2026-07-11T15:30:39Z</time></trkpt>
      <trkpt lat="41.376513" lon="-81.799867"><ele>224.6</ele><time>2026-07-11T15:30:40Z</time></trkpt>
      <trkpt lat="41.376507" lon="-81.799905"><ele>224.6</ele><time>2026-07-11T15:30:41Z</time></trkpt>
      <trkpt lat="41.376497" lon="-81.799947"><ele>224.6</ele><time>2026-07-11T15:30:42Z</time></trkpt>
      <trkpt lat="41.376484" lon="-81.799992"><ele>224.6</ele><time>2026-07-11T15:30:43Z</time></trkpt>
      <trkpt lat="41.37647" lon="-81.800033"><ele>224.6</ele><time>2026-07-11T15:30:44Z</time></trkpt>
      <trkpt lat="41.376455" lon="-81.800073"><ele>224.6</ele><time>2026-07-11T15:30:45Z</time></trkpt>
      <trkpt lat="41.376441" lon="-81.800109"><ele>224.6</ele><time>2026-07-11T15:30:46Z</time></trkpt>
      <trkpt lat="41.376428" lon="-81.800142"><ele>224.6</ele><time>2026-07-11T15:30:47Z</time></trkpt>
      <trkpt lat="41.376416" lon="-81.800177"><ele>224.6</ele><time>2026-07-11T15:30:48Z</time></trkpt>
      <trkpt lat="41.376405" lon="-81.800217"><ele>224.6</ele><time>2026-07-11T15:30:49Z</time></trkpt>
      <trkpt lat="41.376391" lon="-81.800255"><ele>224.6</ele><time>2026-07-11T15:30:50Z</time></trkpt>
      <trkpt lat="41.376378" lon="-81.800289"><ele>224.6</ele><time>2026-07-11T15:30:51Z</time></trkpt>
      <trkpt lat="41.376364" lon="-81.800317"><ele>224.6</ele><time>2026-07-11T15:30:52Z</time></trkpt>
      <trkpt lat="41.376349" lon="-81.800347"><ele>224.6</ele><time>2026-07-11T15:30:53Z</time></trkpt>
      <trkpt lat="41.376331" lon="-81.80038"><ele>224.6</ele><time>2026-07-11T15:30:54Z</time></trkpt>
      <trkpt lat="41.376313" lon="-81.800415"><ele>224.6</ele><time>2026-07-11T15:30:55Z</time></trkpt>
      <trkpt lat="41.376296" lon="-81.800449"><ele>224.6</ele><time>2026-07-11T15:30:56Z</time></trkpt>
      <trkpt lat="41.376278" lon="-81.800485"><ele>224.6</ele><time>2026-07-11T15:30:57Z</time></trkpt>
      <trkpt lat="41.376259" lon="-81.800522"><ele>224.6</ele><time>2026-07-11T15:30:58Z</time></trkpt>
      <trkpt lat="41.376239" lon="-81.800558"><ele>224.6</ele><time>2026-07-11T15:30:59Z</time></trkpt>
      <trkpt lat="41.376219" lon="-81.800593"><ele>224.6</ele><time>2026-07-11T15:31:00Z</time></trkpt>
      <trkpt lat="41.376197" lon="-81.800629"><ele>224.6</ele><time>2026-07-11T15:31:01Z</time></trkpt>
      <trkpt lat="41.376173" lon="-81.800667"><ele>224.6</ele><time>2026-07-11T15:31:02Z</time></trkpt>
      <trkpt lat="41.376149" lon="-81.800703"><ele>224.6</ele><time>2026-07-11T15:31:03Z</time></trkpt>
      <trkpt lat="41.376125" lon="-81.800739"><ele>224.6</ele><time>2026-07-11T15:31:04Z</time></trkpt>
      <trkpt lat="41.3761" lon="-81.800774"><ele>224.6</ele><time>2026-07-11T15:31:05Z</time></trkpt>
      <trkpt lat="41.376074" lon="-81.800809"><ele>224.6</ele><time>2026-07-11T15:31:06Z</time></trkpt>
      <trkpt lat="41.376049" lon="-81.800844"><ele>224.6</ele><time>2026-07-11T15:31:07Z</time></trkpt>
      <trkpt lat="41.376027" lon="-81.800875"><ele>224.6</ele><time>2026-07-11T15:31:08Z</time></trkpt>
      <trkpt lat="41.376007" lon="-81.800904"><ele>224.6</ele><time>2026-07-11T15:31:09Z</time></trkpt>
      <trkpt lat="41.375984" lon="-81.80094"><ele>224.6</ele><time>2026-07-11T15:31:10Z</time></trkpt>
      <trkpt lat="41.375962" lon="-81.800971"><ele>224.6</ele><time>2026-07-11T15:31:11Z</time></trkpt>
      <trkpt lat="41.375943" lon="-81.800994"><ele>224.6</ele><time>2026-07-11T15:31:12Z</time></trkpt>
      <trkpt lat="41.37592" lon="-81.801018"><ele>224.6</ele><time>2026-07-11T15:31:13Z</time></trkpt>
      <trkpt lat="41.375898" lon="-81.801046"><ele>224.6</ele><time>2026-07-11T15:31:14Z</time></trkpt>
      <trkpt lat="41.375871" lon="-81.80108"><ele>224.6</ele><time>2026-07-11T15:31:15Z</time></trkpt>
      <trkpt lat="41.375842" lon="-81.801115"><ele>224.6</ele><time>2026-07-11T15:31:16Z</time></trkpt>
      <trkpt lat="41.375812" lon="-81.801147"><ele>224.6</ele><time>2026-07-11T15:31:17Z</time></trkpt>
      <trkpt lat="41.375781" lon="-81.801177"><ele>224.6</ele><time>2026-07-11T15:31:18Z</time></trkpt>
      <trkpt lat="41.37575" lon="-81.801203"><ele>224.6</ele><time>2026-07-11T15:31:19Z</time></trkpt>
      <trkpt lat="41.375722" lon="-81.801227"><ele>224.6</ele><time>2026-07-11T15:31:20Z</time></trkpt>
      <trkpt lat="41.375693" lon="-81.80125"><ele>224.6</ele><time>2026-07-11T15:31:21Z</time></trkpt>
      <trkpt lat="41.375667" lon="-81.801274"><ele>224.6</ele><time>2026-07-11T15:31:22Z</time></trkpt>
      <trkpt lat="41.375642" lon="-81.8013"><ele>224.6</ele><time>2026-07-11T15:31:23Z</time></trkpt>
      <trkpt lat="41.375616" lon="-81.801327"><ele>224.6</ele><time>2026-07-11T15:31:24Z</time></trkpt>
      <trkpt lat="41.375592" lon="-81.801354"><ele>224.6</ele><time>2026-07-11T15:31:25Z</time></trkpt>
      <trkpt lat="41.375568" lon="-81.80138"><ele>224.6</ele><time>2026-07-11T15:31:26Z</time></trkpt>
      <trkpt lat="41.375544" lon="-81.801406"><ele>224.6</ele><time>2026-07-11T15:31:27Z</time></trkpt>
      <trkpt lat="41.375522" lon="-81.801433"><ele>224.6</ele><time>2026-07-11T15:31:28Z</time></trkpt>
      <trkpt lat="41.375504" lon="-81.801458"><ele>224.6</ele><time>2026-07-11T15:31:29Z</time></trkpt>
      <trkpt lat="41.375484" lon="-81.801484"><ele>224.6</ele><time>2026-07-11T15:31:30Z</time></trkpt>
      <trkpt lat="41.375463" lon="-81.801512"><ele>224.6</ele><time>2026-07-11T15:31:31Z</time></trkpt>
      <trkpt lat="41.375443" lon="-81.801537"><ele>224.6</ele><time>2026-07-11T15:31:32Z</time></trkpt>
      <trkpt lat="41.37542" lon="-81.801564"><ele>224.6</ele><time>2026-07-11T15:31:33Z</time></trkpt>
      <trkpt lat="41.375396" lon="-81.801592"><ele>224.6</ele><time>2026-07-11T15:31:34Z</time></trkpt>
      <trkpt lat="41.37537" lon="-81.801621"><ele>224.6</ele><time>2026-07-11T15:31:35Z</time></trkpt>
      <trkpt lat="41.375345" lon="-81.801652"><ele>224.6</ele><time>2026-07-11T15:31:36Z</time></trkpt>
      <trkpt lat="41.375319" lon="-81.801684"><ele>224.6</ele><time>2026-07-11T15:31:37Z</time></trkpt>
      <trkpt lat="41.375293" lon="-81.801712"><ele>224.6</ele><time>2026-07-11T15:31:38Z</time></trkpt>
      <trkpt lat="41.375265" lon="-81.80174"><ele>224.6</ele><time>2026-07-11T15:31:39Z</time></trkpt>
      <trkpt lat="41.37524" lon="-81.801767"><ele>224.6</ele><time>2026-07-11T15:31:40Z</time></trkpt>
      <trkpt lat="41.375213" lon="-81.801796"><ele>224.6</ele><time>2026-07-11T15:31:41Z</time></trkpt>
      <trkpt lat="41.375184" lon="-81.801829"><ele>224.6</ele><time>2026-07-11T15:31:42Z</time></trkpt>
      <trkpt lat="41.375155" lon="-81.801865"><ele>224.6</ele><time>2026-07-11T15:31:43Z</time></trkpt>
      <trkpt lat="41.375125" lon="-81.801904"><ele>224.6</ele><time>2026-07-11T15:31:44Z</time></trkpt>
      <trkpt lat="41.375101" lon="-81.801937"><ele>224.6</ele><time>2026-07-11T15:31:45Z</time></trkpt>
      <trkpt lat="41.375078" lon="-81.801968"><ele>224.6</ele><time>2026-07-11T15:31:46Z</time></trkpt>
      <trkpt lat="41.375056" lon="-81.802003"><ele>224.6</ele><time>2026-07-11T15:31:47Z</time></trkpt>
      <trkpt lat="41.375029" lon="-81.802046"><ele>224.6</ele><time>2026-07-11T15:31:48Z</time></trkpt>
      <trkpt lat="41.375009" lon="-81.80208"><ele>224.6</ele><time>2026-07-11T15:31:49Z</time></trkpt>
      <trkpt lat="41.37499" lon="-81.80211"><ele>224.6</ele><time>2026-07-11T15:31:50Z</time></trkpt>
      <trkpt lat="41.374972" lon="-81.802138"><ele>224.6</ele><time>2026-07-11T15:31:51Z</time></trkpt>
      <trkpt lat="41.374952" lon="-81.802168"><ele>224.6</ele><time>2026-07-11T15:31:52Z</time></trkpt>
      <trkpt lat="41.37493" lon="-81.802199"><ele>224.6</ele><time>2026-07-11T15:31:53Z</time></trkpt>
      <trkpt lat="41.374906" lon="-81.80223"><ele>224.6</ele><time>2026-07-11T15:31:54Z</time></trkpt>
      <trkpt lat="41.374882" lon="-81.80226"><ele>224.6</ele><time>2026-07-11T15:31:55Z</time></trkpt>
      <trkpt lat="41.374858" lon="-81.80229"><ele>224.6</ele><time>2026-07-11T15:31:56Z</time></trkpt>
      <trkpt lat="41.374833" lon="-81.80232"><ele>224.6</ele><time>2026-07-11T15:31:57Z</time></trkpt>
      <trkpt lat="41.37481" lon="-81.802351"><ele>224.6</ele><time>2026-07-11T15:31:58Z</time></trkpt>
      <trkpt lat="41.374785" lon="-81.802384"><ele>224.6</ele><time>2026-07-11T15:31:59Z</time></trkpt>
      <trkpt lat="41.374759" lon="-81.802416"><ele>224.6</ele><time>2026-07-11T15:32:00Z</time></trkpt>
      <trkpt lat="41.374736" lon="-81.802445"><ele>224.6</ele><time>2026-07-11T15:32:01Z</time></trkpt>
      <trkpt lat="41.374712" lon="-81.802475"><ele>224.6</ele><time>2026-07-11T15:32:02Z</time></trkpt>
      <trkpt lat="41.374689" lon="-81.802506"><ele>224.6</ele><time>2026-07-11T15:32:03Z</time></trkpt>
      <trkpt lat="41.374667" lon="-81.802538"><ele>224.6</ele><time>2026-07-11T15:32:04Z</time></trkpt>
      <trkpt lat="41.374645" lon="-81.802568"><ele>224.6</ele><time>2026-07-11T15:32:05Z</time></trkpt>
      <trkpt lat="41.374629" lon="-81.802596"><ele>224.6</ele><time>2026-07-11T15:32:06Z</time></trkpt>
      <trkpt lat="41.374612" lon="-81.80263"><ele>224.6</ele><time>2026-07-11T15:32:07Z</time></trkpt>
      <trkpt lat="41.374594" lon="-81.802664"><ele>224.6</ele><time>2026-07-11T15:32:08Z</time></trkpt>
      <trkpt lat="41.374576" lon="-81.802696"><ele>224.6</ele><time>2026-07-11T15:32:09Z</time></trkpt>
      <trkpt lat="41.374557" lon="-81.802727"><ele>224.6</ele><time>2026-07-11T15:32:10Z</time></trkpt>
      <trkpt lat="41.374534" lon="-81.80276"><ele>224.6</ele><time>2026-07-11T15:32:11Z</time></trkpt>
      <trkpt lat="41.374515" lon="-81.802793"><ele>224.6</ele><time>2026-07-11T15:32:12Z</time></trkpt>
      <trkpt lat="41.374498" lon="-81.802831"><ele>224.6</ele><time>2026-07-11T15:32:13Z</time></trkpt>
      <trkpt lat="41.374478" lon="-81.802875"><ele>224.6</ele><time>2026-07-11T15:32:14Z</time></trkpt>
      <trkpt lat="41.374457" lon="-81.802915"><ele>224.6</ele><time>2026-07-11T15:32:15Z</time></trkpt>
      <trkpt lat="41.374434" lon="-81.802951"><ele>224.6</ele><time>2026-07-11T15:32:16Z</time></trkpt>
      <trkpt lat="41.374413" lon="-81.802985"><ele>224.6</ele><time>2026-07-11T15:32:17Z</time></trkpt>
      <trkpt lat="41.374389" lon="-81.80302"><ele>224.5</ele><time>2026-07-11T15:32:18Z</time></trkpt>
      <trkpt lat="41.374366" lon="-81.803053"><ele>224.5</ele><time>2026-07-11T15:32:19Z</time></trkpt>
      <trkpt lat="41.374344" lon="-81.803088"><ele>224.5</ele><time>2026-07-11T15:32:20Z</time></trkpt>
      <trkpt lat="41.374323" lon="-81.803127"><ele>224.4</ele><time>2026-07-11T15:32:21Z</time></trkpt>
      <trkpt lat="41.374301" lon="-81.803166"><ele>224.5</ele><time>2026-07-11T15:32:22Z</time></trkpt>
      <trkpt lat="41.37428" lon="-81.803206"><ele>224.5</ele><time>2026-07-11T15:32:23Z</time></trkpt>
      <trkpt lat="41.374261" lon="-81.803243"><ele>224.5</ele><time>2026-07-11T15:32:24Z</time></trkpt>
      <trkpt lat="41.374242" lon="-81.803282"><ele>224.5</ele><time>2026-07-11T15:32:25Z</time></trkpt>
      <trkpt lat="41.374222" lon="-81.803323"><ele>224.5</ele><time>2026-07-11T15:32:26Z</time></trkpt>
      <trkpt lat="41.374201" lon="-81.803366"><ele>224.5</ele><time>2026-07-11T15:32:27Z</time></trkpt>
      <trkpt lat="41.374181" lon="-81.803407"><ele>224.5</ele><time>2026-07-11T15:32:28Z</time></trkpt>
      <trkpt lat="41.374159" lon="-81.803449"><ele>224.5</ele><time>2026-07-11T15:32:29Z</time></trkpt>
      <trkpt lat="41.374138" lon="-81.803485"><ele>224.5</ele><time>2026-07-11T15:32:30Z</time></trkpt>
      <trkpt lat="41.374117" lon="-81.803515"><ele>224.4</ele><time>2026-07-11T15:32:31Z</time></trkpt>
      <trkpt lat="41.374096" lon="-81.803541"><ele>224.4</ele><time>2026-07-11T15:32:32Z</time></trkpt>
      <trkpt lat="41.374073" lon="-81.803567"><ele>224.3</ele><time>2026-07-11T15:32:33Z</time></trkpt>
      <trkpt lat="41.374051" lon="-81.803588"><ele>224.4</ele><time>2026-07-11T15:32:34Z</time></trkpt>
      <trkpt lat="41.374026" lon="-81.803615"><ele>224.3</ele><time>2026-07-11T15:32:35Z</time></trkpt>
      <trkpt lat="41.373996" lon="-81.80365"><ele>224.3</ele><time>2026-07-11T15:32:36Z</time></trkpt>
      <trkpt lat="41.37397" lon="-81.803683"><ele>224.3</ele><time>2026-07-11T15:32:37Z</time></trkpt>
      <trkpt lat="41.373946" lon="-81.803716"><ele>224.2</ele><time>2026-07-11T15:32:38Z</time></trkpt>
      <trkpt lat="41.373928" lon="-81.803747"><ele>224.3</ele><time>2026-07-11T15:32:39Z</time></trkpt>
      <trkpt lat="41.373911" lon="-81.803783"><ele>224</ele><time>2026-07-11T15:32:40Z</time></trkpt>
      <trkpt lat="41.373897" lon="-81.80382"><ele>224.3</ele><time>2026-07-11T15:32:41Z</time></trkpt>
      <trkpt lat="41.373886" lon="-81.80385"><ele>224.5</ele><time>2026-07-11T15:32:42Z</time></trkpt>
      <trkpt lat="41.373873" lon="-81.803877"><ele>224.4</ele><time>2026-07-11T15:32:43Z</time></trkpt>
      <trkpt lat="41.37386" lon="-81.803905"><ele>224.2</ele><time>2026-07-11T15:32:44Z</time></trkpt>
      <trkpt lat="41.373844" lon="-81.803937"><ele>224.3</ele><time>2026-07-11T15:32:45Z</time></trkpt>
      <trkpt lat="41.37383" lon="-81.803972"><ele>224.5</ele><time>2026-07-11T15:32:46Z</time></trkpt>
      <trkpt lat="41.373814" lon="-81.80401"><ele>224.3</ele><time>2026-07-11T15:32:47Z</time></trkpt>
      <trkpt lat="41.373798" lon="-81.804044"><ele>224.4</ele><time>2026-07-11T15:32:48Z</time></trkpt>
      <trkpt lat="41.373782" lon="-81.804078"><ele>224.3</ele><time>2026-07-11T15:32:49Z</time></trkpt>
      <trkpt lat="41.373762" lon="-81.80411"><ele>224.3</ele><time>2026-07-11T15:32:50Z</time></trkpt>
      <trkpt lat="41.373742" lon="-81.804146"><ele>224.2</ele><time>2026-07-11T15:32:51Z</time></trkpt>
      <trkpt lat="41.373721" lon="-81.804183"><ele>224.2</ele><time>2026-07-11T15:32:52Z</time></trkpt>
      <trkpt lat="41.373701" lon="-81.804218"><ele>224.3</ele><time>2026-07-11T15:32:53Z</time></trkpt>
      <trkpt lat="41.373681" lon="-81.804251"><ele>224.3</ele><time>2026-07-11T15:32:54Z</time></trkpt>
      <trkpt lat="41.373664" lon="-81.804283"><ele>224.3</ele><time>2026-07-11T15:32:55Z</time></trkpt>
      <trkpt lat="41.37365" lon="-81.804308"><ele>224.3</ele><time>2026-07-11T15:32:56Z</time></trkpt>
      <trkpt lat="41.373635" lon="-81.804329"><ele>224.2</ele><time>2026-07-11T15:32:57Z</time></trkpt>
      <trkpt lat="41.373617" lon="-81.804346"><ele>224.2</ele><time>2026-07-11T15:32:58Z</time></trkpt>
      <trkpt lat="41.373598" lon="-81.80437"><ele>224.2</ele><time>2026-07-11T15:32:59Z</time></trkpt>
      <trkpt lat="41.373576" lon="-81.804406"><ele>224.2</ele><time>2026-07-11T15:33:00Z</time></trkpt>
      <trkpt lat="41.373555" lon="-81.804446"><ele>224.2</ele><time>2026-07-11T15:33:01Z</time></trkpt>
      <trkpt lat="41.373537" lon="-81.804481"><ele>224.3</ele><time>2026-07-11T15:33:02Z</time></trkpt>
      <trkpt lat="41.373513" lon="-81.804512"><ele>224.3</ele><time>2026-07-11T15:33:03Z</time></trkpt>
      <trkpt lat="41.373486" lon="-81.804549"><ele>224.3</ele><time>2026-07-11T15:33:04Z</time></trkpt>
      <trkpt lat="41.373461" lon="-81.804584"><ele>224.3</ele><time>2026-07-11T15:33:05Z</time></trkpt>
      <trkpt lat="41.373436" lon="-81.804621"><ele>224.4</ele><time>2026-07-11T15:33:06Z</time></trkpt>
      <trkpt lat="41.373411" lon="-81.804655"><ele>224.4</ele><time>2026-07-11T15:33:07Z</time></trkpt>
      <trkpt lat="41.373388" lon="-81.804683"><ele>224.3</ele><time>2026-07-11T15:33:08Z</time></trkpt>
      <trkpt lat="41.373367" lon="-81.804711"><ele>224.3</ele><time>2026-07-11T15:33:09Z</time></trkpt>
      <trkpt lat="41.373347" lon="-81.804739"><ele>224.3</ele><time>2026-07-11T15:33:10Z</time></trkpt>
      <trkpt lat="41.373326" lon="-81.804765"><ele>224.4</ele><time>2026-07-11T15:33:11Z</time></trkpt>
      <trkpt lat="41.37331" lon="-81.804786"><ele>224.4</ele><time>2026-07-11T15:33:12Z</time></trkpt>
      <trkpt lat="41.37329" lon="-81.804812"><ele>224.4</ele><time>2026-07-11T15:33:13Z</time></trkpt>
      <trkpt lat="41.373272" lon="-81.804842"><ele>224.4</ele><time>2026-07-11T15:33:14Z</time></trkpt>
      <trkpt lat="41.373252" lon="-81.804873"><ele>224.4</ele><time>2026-07-11T15:33:15Z</time></trkpt>
      <trkpt lat="41.373228" lon="-81.804906"><ele>224.3</ele><time>2026-07-11T15:33:16Z</time></trkpt>
      <trkpt lat="41.373205" lon="-81.804934"><ele>224.1</ele><time>2026-07-11T15:33:17Z</time></trkpt>
      <trkpt lat="41.373189" lon="-81.804954"><ele>224.1</ele><time>2026-07-11T15:33:18Z</time></trkpt>
      <trkpt lat="41.37317" lon="-81.804977"><ele>224</ele><time>2026-07-11T15:33:19Z</time></trkpt>
      <trkpt lat="41.373156" lon="-81.805002"><ele>224.1</ele><time>2026-07-11T15:33:20Z</time></trkpt>
      <trkpt lat="41.373141" lon="-81.805028"><ele>224.1</ele><time>2026-07-11T15:33:21Z</time></trkpt>
      <trkpt lat="41.373125" lon="-81.805053"><ele>224.2</ele><time>2026-07-11T15:33:22Z</time></trkpt>
      <trkpt lat="41.373102" lon="-81.80508"><ele>224.2</ele><time>2026-07-11T15:33:23Z</time></trkpt>
      <trkpt lat="41.373079" lon="-81.80511"><ele>224.299</ele><time>2026-07-11T15:33:24Z</time></trkpt>
      <trkpt lat="41.37306" lon="-81.805138"><ele>224.299</ele><time>2026-07-11T15:33:25Z</time></trkpt>
      <trkpt lat="41.373041" lon="-81.805167"><ele>224.299</ele><time>2026-07-11T15:33:26Z</time></trkpt>
      <trkpt lat="41.373025" lon="-81.805188"><ele>223.999</ele><time>2026-07-11T15:33:27Z</time></trkpt>
      <trkpt lat="41.37301" lon="-81.805207"><ele>224.299</ele><time>2026-07-11T15:33:28Z</time></trkpt>
      <trkpt lat="41.372995" lon="-81.805226"><ele>224.399</ele><time>2026-07-11T15:33:29Z</time></trkpt>
      <trkpt lat="41.372979" lon="-81.805251"><ele>224.399</ele><time>2026-07-11T15:33:30Z</time></trkpt>
      <trkpt lat="41.372959" lon="-81.805281"><ele>224.3</ele><time>2026-07-11T15:33:31Z</time></trkpt>
      <trkpt lat="41.372938" lon="-81.805313"><ele>224.4</ele><time>2026-07-11T15:33:32Z</time></trkpt>
      <trkpt lat="41.372916" lon="-81.805341"><ele>224.3</ele><time>2026-07-11T15:33:33Z</time></trkpt>
      <trkpt lat="41.37289" lon="-81.805371"><ele>224.3</ele><time>2026-07-11T15:33:34Z</time></trkpt>
      <trkpt lat="41.372863" lon="-81.805403"><ele>224.2</ele><time>2026-07-11T15:33:35Z</time></trkpt>
      <trkpt lat="41.372836" lon="-81.805435"><ele>224.3</ele><time>2026-07-11T15:33:36Z</time></trkpt>
      <trkpt lat="41.372804" lon="-81.805467"><ele>224.3</ele><time>2026-07-11T15:33:37Z</time></trkpt>
      <trkpt lat="41.372773" lon="-81.805503"><ele>224.2</ele><time>2026-07-11T15:33:38Z</time></trkpt>
      <trkpt lat="41.372746" lon="-81.805537"><ele>224.2</ele><time>2026-07-11T15:33:39Z</time></trkpt>
      <trkpt lat="41.372717" lon="-81.80557"><ele>224.3</ele><time>2026-07-11T15:33:40Z</time></trkpt>
      <trkpt lat="41.372689" lon="-81.805598"><ele>224.2</ele><time>2026-07-11T15:33:41Z</time></trkpt>
      <trkpt lat="41.372663" lon="-81.805623"><ele>224.2</ele><time>2026-07-11T15:33:42Z</time></trkpt>
      <trkpt lat="41.372643" lon="-81.805647"><ele>224.1</ele><time>2026-07-11T15:33:43Z</time></trkpt>
      <trkpt lat="41.372624" lon="-81.80567"><ele>224.1</ele><time>2026-07-11T15:33:44Z</time></trkpt>
      <trkpt lat="41.372602" lon="-81.805697"><ele>224.2</ele><time>2026-07-11T15:33:45Z</time></trkpt>
      <trkpt lat="41.372579" lon="-81.805722"><ele>224.2</ele><time>2026-07-11T15:33:46Z</time></trkpt>
      <trkpt lat="41.372558" lon="-81.805747"><ele>224</ele><time>2026-07-11T15:33:47Z</time></trkpt>
      <trkpt lat="41.372533" lon="-81.805777"><ele>224</ele><time>2026-07-11T15:33:48Z</time></trkpt>
      <trkpt lat="41.372506" lon="-81.805809"><ele>224</ele><time>2026-07-11T15:33:49Z</time></trkpt>
      <trkpt lat="41.372482" lon="-81.805837"><ele>224</ele><time>2026-07-11T15:33:50Z</time></trkpt>
      <trkpt lat="41.372454" lon="-81.805867"><ele>224</ele><time>2026-07-11T15:33:51Z</time></trkpt>
      <trkpt lat="41.372428" lon="-81.805898"><ele>224.2</ele><time>2026-07-11T15:33:52Z</time></trkpt>
      <trkpt lat="41.372405" lon="-81.805927"><ele>224.2</ele><time>2026-07-11T15:33:53Z</time></trkpt>
      <trkpt lat="41.372386" lon="-81.80595"><ele>224.299</ele><time>2026-07-11T15:33:54Z</time></trkpt>
      <trkpt lat="41.372362" lon="-81.805978"><ele>224.299</ele><time>2026-07-11T15:33:55Z</time></trkpt>
      <trkpt lat="41.37234" lon="-81.806006"><ele>224.2</ele><time>2026-07-11T15:33:56Z</time></trkpt>
      <trkpt lat="41.372318" lon="-81.806032"><ele>224.1</ele><time>2026-07-11T15:33:57Z</time></trkpt>
      <trkpt lat="41.372296" lon="-81.806063"><ele>224.1</ele><time>2026-07-11T15:33:58Z</time></trkpt>
      <trkpt lat="41.372272" lon="-81.806095"><ele>224.2</ele><time>2026-07-11T15:33:59Z</time></trkpt>
      <trkpt lat="41.372248" lon="-81.806128"><ele>224.2</ele><time>2026-07-11T15:34:00Z</time></trkpt>
      <trkpt lat="41.372229" lon="-81.806157"><ele>224.299</ele><time>2026-07-11T15:34:01Z</time></trkpt>
      <trkpt lat="41.372213" lon="-81.806186"><ele>224.299</ele><time>2026-07-11T15:34:02Z</time></trkpt>
      <trkpt lat="41.372192" lon="-81.806218"><ele>224.2</ele><time>2026-07-11T15:34:03Z</time></trkpt>
      <trkpt lat="41.372169" lon="-81.80625"><ele>224.1</ele><time>2026-07-11T15:34:04Z</time></trkpt>
      <trkpt lat="41.372146" lon="-81.80628"><ele>224.2</ele><time>2026-07-11T15:34:05Z</time></trkpt>
      <trkpt lat="41.372124" lon="-81.806308"><ele>224.1</ele><time>2026-07-11T15:34:06Z</time></trkpt>
      <trkpt lat="41.372101" lon="-81.80633"><ele>224</ele><time>2026-07-11T15:34:07Z</time></trkpt>
      <trkpt lat="41.372076" lon="-81.806352"><ele>224</ele><time>2026-07-11T15:34:08Z</time></trkpt>
      <trkpt lat="41.372052" lon="-81.806378"><ele>224</ele><time>2026-07-11T15:34:09Z</time></trkpt>
      <trkpt lat="41.372025" lon="-81.806404"><ele>224.1</ele><time>2026-07-11T15:34:10Z</time></trkpt>
      <trkpt lat="41.371998" lon="-81.806435"><ele>224.1</ele><time>2026-07-11T15:34:11Z</time></trkpt>
      <trkpt lat="41.371974" lon="-81.806466"><ele>224.1</ele><time>2026-07-11T15:34:12Z</time></trkpt>
      <trkpt lat="41.37195" lon="-81.806495"><ele>224.1</ele><time>2026-07-11T15:34:13Z</time></trkpt>
      <trkpt lat="41.371926" lon="-81.806525"><ele>223.9</ele><time>2026-07-11T15:34:14Z</time></trkpt>
      <trkpt lat="41.371902" lon="-81.806561"><ele>224.1</ele><time>2026-07-11T15:34:15Z</time></trkpt>
      <trkpt lat="41.371877" lon="-81.806602"><ele>223.9</ele><time>2026-07-11T15:34:16Z</time></trkpt>
      <trkpt lat="41.37185" lon="-81.806637"><ele>223.8</ele><time>2026-07-11T15:34:17Z</time></trkpt>
      <trkpt lat="41.37182" lon="-81.806671"><ele>223.8</ele><time>2026-07-11T15:34:18Z</time></trkpt>
      <trkpt lat="41.371788" lon="-81.806703"><ele>223.8</ele><time>2026-07-11T15:34:19Z</time></trkpt>
      <trkpt lat="41.371758" lon="-81.806735"><ele>223.7</ele><time>2026-07-11T15:34:20Z</time></trkpt>
      <trkpt lat="41.371731" lon="-81.806763"><ele>223.7</ele><time>2026-07-11T15:34:21Z</time></trkpt>
      <trkpt lat="41.371709" lon="-81.806787"><ele>223.8</ele><time>2026-07-11T15:34:22Z</time></trkpt>
      <trkpt lat="41.371686" lon="-81.806812"><ele>223.8</ele><time>2026-07-11T15:34:23Z</time></trkpt>
      <trkpt lat="41.371669" lon="-81.806834"><ele>223.8</ele><time>2026-07-11T15:34:24Z</time></trkpt>
      <trkpt lat="41.371654" lon="-81.806859"><ele>223.9</ele><time>2026-07-11T15:34:25Z</time></trkpt>
      <trkpt lat="41.371636" lon="-81.806878"><ele>223.8</ele><time>2026-07-11T15:34:26Z</time></trkpt>
      <trkpt lat="41.371613" lon="-81.806902"><ele>223.8</ele><time>2026-07-11T15:34:27Z</time></trkpt>
      <trkpt lat="41.371591" lon="-81.806921"><ele>223.8</ele><time>2026-07-11T15:34:28Z</time></trkpt>
      <trkpt lat="41.371567" lon="-81.806941"><ele>223.9</ele><time>2026-07-11T15:34:29Z</time></trkpt>
      <trkpt lat="41.371551" lon="-81.806959"><ele>223.9</ele><time>2026-07-11T15:34:30Z</time></trkpt>
      <trkpt lat="41.371535" lon="-81.806974"><ele>223.8</ele><time>2026-07-11T15:34:31Z</time></trkpt>
      <trkpt lat="41.371519" lon="-81.806993"><ele>223.8</ele><time>2026-07-11T15:34:32Z</time></trkpt>
      <trkpt lat="41.3715" lon="-81.807016"><ele>223.9</ele><time>2026-07-11T15:34:33Z</time></trkpt>
      <trkpt lat="41.371482" lon="-81.80704"><ele>223.8</ele><time>2026-07-11T15:34:34Z</time></trkpt>
      <trkpt lat="41.371458" lon="-81.80707"><ele>223.9</ele><time>2026-07-11T15:34:35Z</time></trkpt>
      <trkpt lat="41.371435" lon="-81.807103"><ele>223.8</ele><time>2026-07-11T15:34:36Z</time></trkpt>
      <trkpt lat="41.37141" lon="-81.807137"><ele>223.8</ele><time>2026-07-11T15:34:37Z</time></trkpt>
      <trkpt lat="41.371383" lon="-81.807173"><ele>223.8</ele><time>2026-07-11T15:34:38Z</time></trkpt>
      <trkpt lat="41.371353" lon="-81.80721"><ele>223.8</ele><time>2026-07-11T15:34:39Z</time></trkpt>
      <trkpt lat="41.371321" lon="-81.807245"><ele>223.8</ele><time>2026-07-11T15:34:40Z</time></trkpt>
      <trkpt lat="41.371284" lon="-81.807283"><ele>223.9</ele><time>2026-07-11T15:34:41Z</time></trkpt>
      <trkpt lat="41.37125" lon="-81.807315"><ele>223.9</ele><time>2026-07-11T15:34:42Z</time></trkpt>
      <trkpt lat="41.371219" lon="-81.807339"><ele>223.8</ele><time>2026-07-11T15:34:43Z</time></trkpt>
      <trkpt lat="41.371188" lon="-81.807367"><ele>223.6</ele><time>2026-07-11T15:34:44Z</time></trkpt>
      <trkpt lat="41.371156" lon="-81.807396"><ele>223.6</ele><time>2026-07-11T15:34:45Z</time></trkpt>
      <trkpt lat="41.371123" lon="-81.807427"><ele>223.6</ele><time>2026-07-11T15:34:46Z</time></trkpt>
      <trkpt lat="41.371092" lon="-81.807461"><ele>223.6</ele><time>2026-07-11T15:34:47Z</time></trkpt>
      <trkpt lat="41.371061" lon="-81.807491"><ele>223.6</ele><time>2026-07-11T15:34:48Z</time></trkpt>
      <trkpt lat="41.371031" lon="-81.807523"><ele>223.7</ele><time>2026-07-11T15:34:49Z</time></trkpt>
      <trkpt lat="41.370998" lon="-81.807558"><ele>223.7</ele><time>2026-07-11T15:34:50Z</time></trkpt>
      <trkpt lat="41.370968" lon="-81.807591"><ele>223.8</ele><time>2026-07-11T15:34:51Z</time></trkpt>
      <trkpt lat="41.370942" lon="-81.807615"><ele>223.7</ele><time>2026-07-11T15:34:52Z</time></trkpt>
      <trkpt lat="41.37092" lon="-81.807637"><ele>223.799</ele><time>2026-07-11T15:34:53Z</time></trkpt>
      <trkpt lat="41.370905" lon="-81.807654"><ele>223.899</ele><time>2026-07-11T15:34:54Z</time></trkpt>
      <trkpt lat="41.370896" lon="-81.807668"><ele>223.999</ele><time>2026-07-11T15:34:55Z</time></trkpt>
      <trkpt lat="41.370891" lon="-81.807679"><ele>223.899</ele><time>2026-07-11T15:34:56Z</time></trkpt>
      <trkpt lat="41.370891" lon="-81.807682"><ele>223.899</ele><time>2026-07-11T15:34:57Z</time></trkpt>
      <trkpt lat="41.370892" lon="-81.807685"><ele>223.999</ele><time>2026-07-11T15:34:58Z</time></trkpt>
      <trkpt lat="41.370893" lon="-81.807688"><ele>222.999</ele><time>2026-07-11T15:34:59Z</time></trkpt>
      <trkpt lat="41.370893" lon="-81.80769"><ele>222.999</ele><time>2026-07-11T15:35:00Z</time></trkpt>
      <trkpt lat="41.370893" lon="-81.807693"><ele>223</ele><time>2026-07-11T15:35:01Z</time></trkpt>
      <trkpt lat="41.370892" lon="-81.807695"><ele>223</ele><time>2026-07-11T15:35:02Z</time></trkpt>
      <trkpt lat="41.370888" lon="-81.807698"><ele>224.8</ele><time>2026-07-11T15:35:03Z</time></trkpt>
      <trkpt lat="41.370885" lon="-81.8077"><ele>223</ele><time>2026-07-11T15:35:04Z</time></trkpt>
      <trkpt lat="41.37088" lon="-81.807704"><ele>223</ele><time>2026-07-11T15:35:05Z</time></trkpt>
      <trkpt lat="41.370876" lon="-81.807707"><ele>222.7</ele><time>2026-07-11T15:35:06Z</time></trkpt>
      <trkpt lat="41.37087" lon="-81.807711"><ele>222.7</ele><time>2026-07-11T15:35:07Z</time></trkpt>
      <trkpt lat="41.370866" lon="-81.807714"><ele>222.7</ele><time>2026-07-11T15:35:08Z</time></trkpt>
      <trkpt lat="41.370865" lon="-81.807713"><ele>222.7</ele><time>2026-07-11T15:35:09Z</time></trkpt>
      <trkpt lat="41.370863" lon="-81.807712"><ele>222.7</ele><time>2026-07-11T15:35:10Z</time></trkpt>
      <trkpt lat="41.370859" lon="-81.807712"><ele>222.7</ele><time>2026-07-11T15:35:11Z</time></trkpt>
      <trkpt lat="41.370858" lon="-81.807711"><ele>222.7</ele><time>2026-07-11T15:35:12Z</time></trkpt>
      <trkpt lat="41.370858" lon="-81.80771"><ele>222.7</ele><time>2026-07-11T15:35:13Z</time></trkpt>
      <trkpt lat="41.370858" lon="-81.807709"><ele>223</ele><time>2026-07-11T15:35:14Z</time></trkpt>
      <trkpt lat="41.370859" lon="-81.807707"><ele>223</ele><time>2026-07-11T15:35:15Z</time></trkpt>
      <trkpt lat="41.370854" lon="-81.807705"><ele>223</ele><time>2026-07-11T15:35:16Z</time></trkpt>
      <trkpt lat="41.370851" lon="-81.807705"><ele>223</ele><time>2026-07-11T15:35:17Z</time></trkpt>
      <trkpt lat="41.37085" lon="-81.807703"><ele>223</ele><time>2026-07-11T15:35:18Z</time></trkpt>
      <trkpt lat="41.37085" lon="-81.807707"><ele>223</ele><time>2026-07-11T15:35:19Z</time></trkpt>
      <trkpt lat="41.370852" lon="-81.807711"><ele>223</ele><time>2026-07-11T15:35:20Z</time></trkpt>
      <trkpt lat="41.370851" lon="-81.807715"><ele>223</ele><time>2026-07-11T15:35:21Z</time></trkpt>
      <trkpt lat="41.37085" lon="-81.807718"><ele>223</ele><time>2026-07-11T15:35:22Z</time></trkpt>
      <trkpt lat="41.370851" lon="-81.807719"><ele>223</ele><time>2026-07-11T15:35:23Z</time></trkpt>
      <trkpt lat="41.370852" lon="-81.807718"><ele>223</ele><time>2026-07-11T15:35:24Z</time></trkpt>
      <trkpt lat="41.370853" lon="-81.807716"><ele>223</ele><time>2026-07-11T15:35:25Z</time></trkpt>
      <trkpt lat="41.370855" lon="-81.807714"><ele>223</ele><time>2026-07-11T15:35:26Z</time></trkpt>
      <trkpt lat="41.370855" lon="-81.807713"><ele>223</ele><time>2026-07-11T15:35:27Z</time></trkpt>
      <trkpt lat="41.370856" lon="-81.807712"><ele>223</ele><time>2026-07-11T15:35:28Z</time></trkpt>
      <trkpt lat="41.370857" lon="-81.807712"><ele>223</ele><time>2026-07-11T15:35:29Z</time></trkpt>
      <trkpt lat="41.370859" lon="-81.807713"><ele>223</ele><time>2026-07-11T15:35:30Z</time></trkpt>
      <trkpt lat="41.370859" lon="-81.807712"><ele>223</ele><time>2026-07-11T15:35:31Z</time></trkpt>
      <trkpt lat="41.370859" lon="-81.807712"><ele>223</ele><time>2026-07-11T15:35:32Z</time></trkpt>
      <trkpt lat="41.370858" lon="-81.807712"><ele>223</ele><time>2026-07-11T15:35:33Z</time></trkpt>
      <trkpt lat="41.370856" lon="-81.807711"><ele>223</ele><time>2026-07-11T15:35:34Z</time></trkpt>
      <trkpt lat="41.370856" lon="-81.80771"><ele>223</ele><time>2026-07-11T15:35:35Z</time></trkpt>
      <trkpt lat="41.370855" lon="-81.80771"><ele>223</ele><time>2026-07-11T15:35:36Z</time></trkpt>
      <trkpt lat="41.370855" lon="-81.807709"><ele>223</ele><time>2026-07-11T15:35:37Z</time></trkpt>
      <trkpt lat="41.370853" lon="-81.807709"><ele>222.7</ele><time>2026-07-11T15:35:38Z</time></trkpt>
      <trkpt lat="41.370852" lon="-81.807709"><ele>222.7</ele><time>2026-07-11T15:35:39Z</time></trkpt>
      <trkpt lat="41.37085" lon="-81.807708"><ele>222.7</ele><time>2026-07-11T15:35:40Z</time></trkpt>
      <trkpt lat="41.37085" lon="-81.807707"><ele>222.7</ele><time>2026-07-11T15:35:41Z</time></trkpt>
      <trkpt lat="41.370848" lon="-81.807707"><ele>222.7</ele><time>2026-07-11T15:35:42Z</time></trkpt>
      <trkpt lat="41.370847" lon="-81.807706"><ele>222.7</ele><time>2026-07-11T15:35:43Z</time></trkpt>
      <trkpt lat="41.370848" lon="-81.807705"><ele>222.7</ele><time>2026-07-11T15:35:44Z</time></trkpt>
      <trkpt lat="41.370847" lon="-81.807704"><ele>222.7</ele><time>2026-07-11T15:35:45Z</time></trkpt>
      <trkpt lat="41.370848" lon="-81.807703"><ele>223</ele><time>2026-07-11T15:35:46Z</time></trkpt>
      <trkpt lat="41.370847" lon="-81.807701"><ele>223</ele><time>2026-07-11T15:35:47Z</time></trkpt>
      <trkpt lat="41.370844" lon="-81.807702"><ele>222.8</ele><time>2026-07-11T15:35:48Z</time></trkpt>
      <trkpt lat="41.370841" lon="-81.807706"><ele>223</ele><time>2026-07-11T15:35:49Z</time></trkpt>
      <trkpt lat="41.370833" lon="-81.807717"><ele>222.9</ele><time>2026-07-11T15:35:50Z</time></trkpt>
      <trkpt lat="41.370821" lon="-81.807735"><ele>223</ele><time>2026-07-11T15:35:51Z</time></trkpt>
      <trkpt lat="41.370804" lon="-81.80776"><ele>223</ele><time>2026-07-11T15:35:52Z</time></trkpt>
      <trkpt lat="41.370785" lon="-81.807787"><ele>223</ele><time>2026-07-11T15:35:53Z</time></trkpt>
      <trkpt lat="41.370765" lon="-81.807813"><ele>222.7</ele><time>2026-07-11T15:35:54Z</time></trkpt>
      <trkpt lat="41.370742" lon="-81.807837"><ele>222.7</ele><time>2026-07-11T15:35:55Z</time></trkpt>
      <trkpt lat="41.370721" lon="-81.807857"><ele>222.7</ele><time>2026-07-11T15:35:56Z</time></trkpt>
      <trkpt lat="41.370699" lon="-81.80787"><ele>222.7</ele><time>2026-07-11T15:35:57Z</time></trkpt>
      <trkpt lat="41.370676" lon="-81.80788"><ele>222.7</ele><time>2026-07-11T15:35:58Z</time></trkpt>
      <trkpt lat="41.37065" lon="-81.807891"><ele>222.7</ele><time>2026-07-11T15:35:59Z</time></trkpt>
      <trkpt lat="41.370622" lon="-81.807912"><ele>222.7</ele><time>2026-07-11T15:36:00Z</time></trkpt>
      <trkpt lat="41.370595" lon="-81.80794"><ele>222.7</ele><time>2026-07-11T15:36:01Z</time></trkpt>
      <trkpt lat="41.370565" lon="-81.807978"><ele>222.7</ele><time>2026-07-11T15:36:02Z</time></trkpt>
      <trkpt lat="41.370536" lon="-81.808019"><ele>222.7</ele><time>2026-07-11T15:36:03Z</time></trkpt>
      <trkpt lat="41.370511" lon="-81.808045"><ele>222.7</ele><time>2026-07-11T15:36:04Z</time></trkpt>
      <trkpt lat="41.370486" lon="-81.80807"><ele>222.7</ele><time>2026-07-11T15:36:05Z</time></trkpt>
      <trkpt lat="41.370461" lon="-81.808095"><ele>222.7</ele><time>2026-07-11T15:36:06Z</time></trkpt>
      <trkpt lat="41.370431" lon="-81.808123"><ele>222.7</ele><time>2026-07-11T15:36:07Z</time></trkpt>
      <trkpt lat="41.370398" lon="-81.808155"><ele>222.7</ele><time>2026-07-11T15:36:08Z</time></trkpt>
      <trkpt lat="41.370369" lon="-81.808189"><ele>222.7</ele><time>2026-07-11T15:36:09Z</time></trkpt>
      <trkpt lat="41.370345" lon="-81.808224"><ele>222.7</ele><time>2026-07-11T15:36:10Z</time></trkpt>
      <trkpt lat="41.370321" lon="-81.808262"><ele>222.7</ele><time>2026-07-11T15:36:11Z</time></trkpt>
      <trkpt lat="41.370295" lon="-81.808302"><ele>222.7</ele><time>2026-07-11T15:36:12Z</time></trkpt>
      <trkpt lat="41.370265" lon="-81.808344"><ele>222.7</ele><time>2026-07-11T15:36:13Z</time></trkpt>
      <trkpt lat="41.370234" lon="-81.808387"><ele>222.7</ele><time>2026-07-11T15:36:14Z</time></trkpt>
      <trkpt lat="41.370202" lon="-81.808426"><ele>222.7</ele><time>2026-07-11T15:36:15Z</time></trkpt>
      <trkpt lat="41.37017" lon="-81.808465"><ele>222.7</ele><time>2026-07-11T15:36:16Z</time></trkpt>
      <trkpt lat="41.370139" lon="-81.808502"><ele>222.7</ele><time>2026-07-11T15:36:17Z</time></trkpt>
      <trkpt lat="41.370109" lon="-81.808538"><ele>222.7</ele><time>2026-07-11T15:36:18Z</time></trkpt>
      <trkpt lat="41.370079" lon="-81.808574"><ele>222.7</ele><time>2026-07-11T15:36:19Z</time></trkpt>
      <trkpt lat="41.370051" lon="-81.808613"><ele>222.7</ele><time>2026-07-11T15:36:20Z</time></trkpt>
      <trkpt lat="41.370022" lon="-81.808655"><ele>222.7</ele><time>2026-07-11T15:36:21Z</time></trkpt>
      <trkpt lat="41.369993" lon="-81.808701"><ele>222.7</ele><time>2026-07-11T15:36:22Z</time></trkpt>
      <trkpt lat="41.369961" lon="-81.808746"><ele>222.7</ele><time>2026-07-11T15:36:23Z</time></trkpt>
      <trkpt lat="41.369924" lon="-81.808793"><ele>222.7</ele><time>2026-07-11T15:36:24Z</time></trkpt>
      <trkpt lat="41.369887" lon="-81.808837"><ele>222.7</ele><time>2026-07-11T15:36:25Z</time></trkpt>
      <trkpt lat="41.369851" lon="-81.80888"><ele>222.7</ele><time>2026-07-11T15:36:26Z</time></trkpt>
      <trkpt lat="41.369818" lon="-81.808919"><ele>222.7</ele><time>2026-07-11T15:36:27Z</time></trkpt>
      <trkpt lat="41.369787" lon="-81.808959"><ele>222.7</ele><time>2026-07-11T15:36:28Z</time></trkpt>
      <trkpt lat="41.36976" lon="-81.808999"><ele>222.7</ele><time>2026-07-11T15:36:29Z</time></trkpt>
      <trkpt lat="41.369736" lon="-81.809036"><ele>222.7</ele><time>2026-07-11T15:36:30Z</time></trkpt>
      <trkpt lat="41.369712" lon="-81.809073"><ele>222.7</ele><time>2026-07-11T15:36:31Z</time></trkpt>
      <trkpt lat="41.369682" lon="-81.809114"><ele>222.7</ele><time>2026-07-11T15:36:32Z</time></trkpt>
      <trkpt lat="41.369651" lon="-81.809155"><ele>222.7</ele><time>2026-07-11T15:36:33Z</time></trkpt>
      <trkpt lat="41.369621" lon="-81.809197"><ele>222.7</ele><time>2026-07-11T15:36:34Z</time></trkpt>
      <trkpt lat="41.369589" lon="-81.809241"><ele>222.7</ele><time>2026-07-11T15:36:35Z</time></trkpt>
      <trkpt lat="41.36956" lon="-81.809283"><ele>222.7</ele><time>2026-07-11T15:36:36Z</time></trkpt>
      <trkpt lat="41.369532" lon="-81.809326"><ele>222.7</ele><time>2026-07-11T15:36:37Z</time></trkpt>
      <trkpt lat="41.369504" lon="-81.809366"><ele>222.7</ele><time>2026-07-11T15:36:38Z</time></trkpt>
      <trkpt lat="41.369474" lon="-81.809409"><ele>222.7</ele><time>2026-07-11T15:36:39Z</time></trkpt>
      <trkpt lat="41.369446" lon="-81.80945"><ele>222.7</ele><time>2026-07-11T15:36:40Z</time></trkpt>
      <trkpt lat="41.369422" lon="-81.809486"><ele>222.7</ele><time>2026-07-11T15:36:41Z</time></trkpt>
      <trkpt lat="41.369396" lon="-81.809524"><ele>222.7</ele><time>2026-07-11T15:36:42Z</time></trkpt>
      <trkpt lat="41.369368" lon="-81.809566"><ele>222.7</ele><time>2026-07-11T15:36:43Z</time></trkpt>
      <trkpt lat="41.36934" lon="-81.809607"><ele>222.7</ele><time>2026-07-11T15:36:44Z</time></trkpt>
      <trkpt lat="41.369314" lon="-81.809647"><ele>222.7</ele><time>2026-07-11T15:36:45Z</time></trkpt>
      <trkpt lat="41.369288" lon="-81.809689"><ele>222.7</ele><time>2026-07-11T15:36:46Z</time></trkpt>
      <trkpt lat="41.369262" lon="-81.809728"><ele>222.7</ele><time>2026-07-11T15:36:47Z</time></trkpt>
      <trkpt lat="41.369235" lon="-81.809767"><ele>222.7</ele><time>2026-07-11T15:36:48Z</time></trkpt>
      <trkpt lat="41.369205" lon="-81.809805"><ele>222.7</ele><time>2026-07-11T15:36:49Z</time></trkpt>
      <trkpt lat="41.369174" lon="-81.80984"><ele>222.7</ele><time>2026-07-11T15:36:50Z</time></trkpt>
      <trkpt lat="41.369141" lon="-81.809869"><ele>222.7</ele><time>2026-07-11T15:36:51Z</time></trkpt>
      <trkpt lat="41.36911" lon="-81.809897"><ele>222.7</ele><time>2026-07-11T15:36:52Z</time></trkpt>
      <trkpt lat="41.369081" lon="-81.809925"><ele>222.7</ele><time>2026-07-11T15:36:53Z</time></trkpt>
      <trkpt lat="41.369051" lon="-81.809956"><ele>222.7</ele><time>2026-07-11T15:36:54Z</time></trkpt>
      <trkpt lat="41.369024" lon="-81.809989"><ele>222.7</ele><time>2026-07-11T15:36:55Z</time></trkpt>
      <trkpt lat="41.369" lon="-81.810013"><ele>222.7</ele><time>2026-07-11T15:36:56Z</time></trkpt>
      <trkpt lat="41.368976" lon="-81.810038"><ele>222.7</ele><time>2026-07-11T15:36:57Z</time></trkpt>
      <trkpt lat="41.36895" lon="-81.810069"><ele>222.7</ele><time>2026-07-11T15:36:58Z</time></trkpt>
      <trkpt lat="41.368924" lon="-81.8101"><ele>222.7</ele><time>2026-07-11T15:36:59Z</time></trkpt>
      <trkpt lat="41.368897" lon="-81.81013"><ele>222.7</ele><time>2026-07-11T15:37:00Z</time></trkpt>
      <trkpt lat="41.368867" lon="-81.810168"><ele>222.7</ele><time>2026-07-11T15:37:01Z</time></trkpt>
      <trkpt lat="41.368839" lon="-81.810201"><ele>222.7</ele><time>2026-07-11T15:37:02Z</time></trkpt>
      <trkpt lat="41.368811" lon="-81.810238"><ele>222.7</ele><time>2026-07-11T15:37:03Z</time></trkpt>
      <trkpt lat="41.368783" lon="-81.810273"><ele>222.7</ele><time>2026-07-11T15:37:04Z</time></trkpt>
      <trkpt lat="41.368754" lon="-81.81031"><ele>222.7</ele><time>2026-07-11T15:37:05Z</time></trkpt>
      <trkpt lat="41.368728" lon="-81.810345"><ele>222.7</ele><time>2026-07-11T15:37:06Z</time></trkpt>
      <trkpt lat="41.368701" lon="-81.810378"><ele>222.7</ele><time>2026-07-11T15:37:07Z</time></trkpt>
      <trkpt lat="41.368672" lon="-81.810414"><ele>222.7</ele><time>2026-07-11T15:37:08Z</time></trkpt>
      <trkpt lat="41.36864" lon="-81.81045"><ele>222.7</ele><time>2026-07-11T15:37:09Z</time></trkpt>
      <trkpt lat="41.368606" lon="-81.810485"><ele>222.7</ele><time>2026-07-11T15:37:10Z</time></trkpt>
      <trkpt lat="41.368575" lon="-81.810515"><ele>222.7</ele><time>2026-07-11T15:37:11Z</time></trkpt>
      <trkpt lat="41.36854" lon="-81.810546"><ele>222.7</ele><time>2026-07-11T15:37:12Z</time></trkpt>
      <trkpt lat="41.368505" lon="-81.810577"><ele>222.7</ele><time>2026-07-11T15:37:13Z</time></trkpt>
      <trkpt lat="41.36847" lon="-81.81061"><ele>222.7</ele><time>2026-07-11T15:37:14Z</time></trkpt>
      <trkpt lat="41.368436" lon="-81.810644"><ele>222.7</ele><time>2026-07-11T15:37:15Z</time></trkpt>
      <trkpt lat="41.368402" lon="-81.810678"><ele>222.7</ele><time>2026-07-11T15:37:16Z</time></trkpt>
      <trkpt lat="41.368363" lon="-81.810712"><ele>222.7</ele><time>2026-07-11T15:37:17Z</time></trkpt>
      <trkpt lat="41.368321" lon="-81.810753"><ele>222.7</ele><time>2026-07-11T15:37:18Z</time></trkpt>
      <trkpt lat="41.368285" lon="-81.810791"><ele>222.7</ele><time>2026-07-11T15:37:19Z</time></trkpt>
      <trkpt lat="41.368249" lon="-81.810828"><ele>222.7</ele><time>2026-07-11T15:37:20Z</time></trkpt>
      <trkpt lat="41.368214" lon="-81.810863"><ele>222.7</ele><time>2026-07-11T15:37:21Z</time></trkpt>
      <trkpt lat="41.368181" lon="-81.810899"><ele>222.7</ele><time>2026-07-11T15:37:22Z</time></trkpt>
      <trkpt lat="41.36815" lon="-81.810936"><ele>222.7</ele><time>2026-07-11T15:37:23Z</time></trkpt>
      <trkpt lat="41.368121" lon="-81.810976"><ele>222.7</ele><time>2026-07-11T15:37:24Z</time></trkpt>
      <trkpt lat="41.368095" lon="-81.81101"><ele>222.7</ele><time>2026-07-11T15:37:25Z</time></trkpt>
      <trkpt lat="41.36807" lon="-81.811041"><ele>222.7</ele><time>2026-07-11T15:37:26Z</time></trkpt>
      <trkpt lat="41.368044" lon="-81.811071"><ele>222.299</ele><time>2026-07-11T15:37:27Z</time></trkpt>
      <trkpt lat="41.368018" lon="-81.811104"><ele>222.299</ele><time>2026-07-11T15:37:28Z</time></trkpt>
      <trkpt lat="41.367986" lon="-81.81114"><ele>222.299</ele><time>2026-07-11T15:37:29Z</time></trkpt>
      <trkpt lat="41.367947" lon="-81.811178"><ele>222.399</ele><time>2026-07-11T15:37:30Z</time></trkpt>
      <trkpt lat="41.367915" lon="-81.811206"><ele>222.599</ele><time>2026-07-11T15:37:31Z</time></trkpt>
      <trkpt lat="41.367883" lon="-81.811233"><ele>222.799</ele><time>2026-07-11T15:37:32Z</time></trkpt>
      <trkpt lat="41.367847" lon="-81.811261"><ele>222.799</ele><time>2026-07-11T15:37:33Z</time></trkpt>
      <trkpt lat="41.367812" lon="-81.811288"><ele>222.6</ele><time>2026-07-11T15:37:34Z</time></trkpt>
      <trkpt lat="41.367784" lon="-81.811314"><ele>222.6</ele><time>2026-07-11T15:37:35Z</time></trkpt>
      <trkpt lat="41.36776" lon="-81.811342"><ele>223.1</ele><time>2026-07-11T15:37:36Z</time></trkpt>
      <trkpt lat="41.367735" lon="-81.811375"><ele>223.5</ele><time>2026-07-11T15:37:37Z</time></trkpt>
      <trkpt lat="41.367709" lon="-81.811409"><ele>223.5</ele><time>2026-07-11T15:37:38Z</time></trkpt>
      <trkpt lat="41.367685" lon="-81.811441"><ele>223.4</ele><time>2026-07-11T15:37:39Z</time></trkpt>
      <trkpt lat="41.367661" lon="-81.811471"><ele>223.3</ele><time>2026-07-11T15:37:40Z</time></trkpt>
      <trkpt lat="41.367639" lon="-81.811502"><ele>223.3</ele><time>2026-07-11T15:37:41Z</time></trkpt>
      <trkpt lat="41.367617" lon="-81.81153"><ele>223.1</ele><time>2026-07-11T15:37:42Z</time></trkpt>
      <trkpt lat="41.367597" lon="-81.811559"><ele>223.1</ele><time>2026-07-11T15:37:43Z</time></trkpt>
      <trkpt lat="41.367575" lon="-81.811585"><ele>223.1</ele><time>2026-07-11T15:37:44Z</time></trkpt>
      <trkpt lat="41.367554" lon="-81.811613"><ele>223.1</ele><time>2026-07-11T15:37:45Z</time></trkpt>
      <trkpt lat="41.367533" lon="-81.811639"><ele>223.1</ele><time>2026-07-11T15:37:46Z</time></trkpt>
      <trkpt lat="41.367514" lon="-81.811662"><ele>223</ele><time>2026-07-11T15:37:47Z</time></trkpt>
      <trkpt lat="41.367498" lon="-81.811686"><ele>222.9</ele><time>2026-07-11T15:37:48Z</time></trkpt>
      <trkpt lat="41.367484" lon="-81.811708"><ele>222.9</ele><time>2026-07-11T15:37:49Z</time></trkpt>
      <trkpt lat="41.36747" lon="-81.811731"><ele>222.8</ele><time>2026-07-11T15:37:50Z</time></trkpt>
      <trkpt lat="41.367459" lon="-81.81175"><ele>222.8</ele><time>2026-07-11T15:37:51Z</time></trkpt>
      <trkpt lat="41.367447" lon="-81.811768"><ele>222.7</ele><time>2026-07-11T15:37:52Z</time></trkpt>
      <trkpt lat="41.367433" lon="-81.811781"><ele>222.7</ele><time>2026-07-11T15:37:53Z</time></trkpt>
      <trkpt lat="41.367419" lon="-81.811792"><ele>222.799</ele><time>2026-07-11T15:37:54Z</time></trkpt>
      <trkpt lat="41.367404" lon="-81.811804"><ele>222.799</ele><time>2026-07-11T15:37:55Z</time></trkpt>
      <trkpt lat="41.367382" lon="-81.811814"><ele>222.7</ele><time>2026-07-11T15:37:56Z</time></trkpt>
      <trkpt lat="41.367357" lon="-81.811818"><ele>222.6</ele><time>2026-07-11T15:37:57Z</time></trkpt>
      <trkpt lat="41.367333" lon="-81.811821"><ele>222.5</ele><time>2026-07-11T15:37:58Z</time></trkpt>
      <trkpt lat="41.367305" lon="-81.811825"><ele>222.5</ele><time>2026-07-11T15:37:59Z</time></trkpt>
      <trkpt lat="41.367276" lon="-81.811835"><ele>222.5</ele><time>2026-07-11T15:38:00Z</time></trkpt>
      <trkpt lat="41.367245" lon="-81.811847"><ele>222.6</ele><time>2026-07-11T15:38:01Z</time></trkpt>
      <trkpt lat="41.367213" lon="-81.811857"><ele>222.6</ele><time>2026-07-11T15:38:02Z</time></trkpt>
      <trkpt lat="41.367182" lon="-81.811868"><ele>222.5</ele><time>2026-07-11T15:38:03Z</time></trkpt>
      <trkpt lat="41.36715" lon="-81.811884"><ele>222.4</ele><time>2026-07-11T15:38:04Z</time></trkpt>
      <trkpt lat="41.367125" lon="-81.811899"><ele>222.3</ele><time>2026-07-11T15:38:05Z</time></trkpt>
      <trkpt lat="41.367095" lon="-81.811919"><ele>222.3</ele><time>2026-07-11T15:38:06Z</time></trkpt>
      <trkpt lat="41.367063" lon="-81.81194"><ele>222.5</ele><time>2026-07-11T15:38:07Z</time></trkpt>
      <trkpt lat="41.367032" lon="-81.811962"><ele>222.4</ele><time>2026-07-11T15:38:08Z</time></trkpt>
      <trkpt lat="41.367" lon="-81.811983"><ele>222.5</ele><time>2026-07-11T15:38:09Z</time></trkpt>
      <trkpt lat="41.36697" lon="-81.812008"><ele>222.5</ele><time>2026-07-11T15:38:10Z</time></trkpt>
      <trkpt lat="41.366938" lon="-81.812033"><ele>222.6</ele><time>2026-07-11T15:38:11Z</time></trkpt>
      <trkpt lat="41.366907" lon="-81.812059"><ele>222.6</ele><time>2026-07-11T15:38:12Z</time></trkpt>
      <trkpt lat="41.366877" lon="-81.81208"><ele>222.7</ele><time>2026-07-11T15:38:13Z</time></trkpt>
      <trkpt lat="41.366847" lon="-81.812103"><ele>222.799</ele><time>2026-07-11T15:38:14Z</time></trkpt>
      <trkpt lat="41.366819" lon="-81.812125"><ele>222.799</ele><time>2026-07-11T15:38:15Z</time></trkpt>
      <trkpt lat="41.366791" lon="-81.812149"><ele>222.899</ele><time>2026-07-11T15:38:16Z</time></trkpt>
      <trkpt lat="41.366761" lon="-81.812173"><ele>222.899</ele><time>2026-07-11T15:38:17Z</time></trkpt>
      <trkpt lat="41.366734" lon="-81.812194"><ele>222.899</ele><time>2026-07-11T15:38:18Z</time></trkpt>
      <trkpt lat="41.366709" lon="-81.812216"><ele>222.9</ele><time>2026-07-11T15:38:19Z</time></trkpt>
      <trkpt lat="41.366681" lon="-81.812241"><ele>222.9</ele><time>2026-07-11T15:38:20Z</time></trkpt>
      <trkpt lat="41.366654" lon="-81.812269"><ele>222.9</ele><time>2026-07-11T15:38:21Z</time></trkpt>
      <trkpt lat="41.366628" lon="-81.812296"><ele>223</ele><time>2026-07-11T15:38:22Z</time></trkpt>
      <trkpt lat="41.366604" lon="-81.812326"><ele>223</ele><time>2026-07-11T15:38:23Z</time></trkpt>
      <trkpt lat="41.366582" lon="-81.812348"><ele>223.1</ele><time>2026-07-11T15:38:24Z</time></trkpt>
      <trkpt lat="41.36656" lon="-81.81237"><ele>223</ele><time>2026-07-11T15:38:25Z</time></trkpt>
      <trkpt lat="41.366538" lon="-81.812398"><ele>223</ele><time>2026-07-11T15:38:26Z</time></trkpt>
      <trkpt lat="41.366521" lon="-81.81243"><ele>223</ele><time>2026-07-11T15:38:27Z</time></trkpt>
      <trkpt lat="41.366499" lon="-81.812462"><ele>222.8</ele><time>2026-07-11T15:38:28Z</time></trkpt>
      <trkpt lat="41.366478" lon="-81.812488"><ele>222.9</ele><time>2026-07-11T15:38:29Z</time></trkpt>
      <trkpt lat="41.366456" lon="-81.812511"><ele>222.9</ele><time>2026-07-11T15:38:30Z</time></trkpt>
      <trkpt lat="41.366436" lon="-81.812531"><ele>223.1</ele><time>2026-07-11T15:38:31Z</time></trkpt>
      <trkpt lat="41.366416" lon="-81.812553"><ele>223.2</ele><time>2026-07-11T15:38:32Z</time></trkpt>
      <trkpt lat="41.366395" lon="-81.812578"><ele>223.299</ele><time>2026-07-11T15:38:33Z</time></trkpt>
      <trkpt lat="41.366377" lon="-81.8126"><ele>223.299</ele><time>2026-07-11T15:38:34Z</time></trkpt>
      <trkpt lat="41.366361" lon="-81.812623"><ele>223.299</ele><time>2026-07-11T15:38:35Z</time></trkpt>
      <trkpt lat="41.366341" lon="-81.812648"><ele>223.399</ele><time>2026-07-11T15:38:36Z</time></trkpt>
      <trkpt lat="41.36632" lon="-81.812672"><ele>223.4</ele><time>2026-07-11T15:38:37Z</time></trkpt>
      <trkpt lat="41.366294" lon="-81.812696"><ele>223.5</ele><time>2026-07-11T15:38:38Z</time></trkpt>
      <trkpt lat="41.36627" lon="-81.812719"><ele>223.5</ele><time>2026-07-11T15:38:39Z</time></trkpt>
      <trkpt lat="41.366248" lon="-81.812743"><ele>223.5</ele><time>2026-07-11T15:38:40Z</time></trkpt>
      <trkpt lat="41.366223" lon="-81.812776"><ele>223.5</ele><time>2026-07-11T15:38:41Z</time></trkpt>
      <trkpt lat="41.366206" lon="-81.812808"><ele>223.5</ele><time>2026-07-11T15:38:42Z</time></trkpt>
      <trkpt lat="41.366182" lon="-81.812848"><ele>223.5</ele><time>2026-07-11T15:38:43Z</time></trkpt>
      <trkpt lat="41.366156" lon="-81.812888"><ele>223.5</ele><time>2026-07-11T15:38:44Z</time></trkpt>
      <trkpt lat="41.366143" lon="-81.812919"><ele>223.4</ele><time>2026-07-11T15:38:45Z</time></trkpt>
      <trkpt lat="41.366133" lon="-81.81295"><ele>223.3</ele><time>2026-07-11T15:38:46Z</time></trkpt>
      <trkpt lat="41.366123" lon="-81.812982"><ele>223.3</ele><time>2026-07-11T15:38:47Z</time></trkpt>
      <trkpt lat="41.366114" lon="-81.813007"><ele>223</ele><time>2026-07-11T15:38:48Z</time></trkpt>
      <trkpt lat="41.366105" lon="-81.813033"><ele>222.7</ele><time>2026-07-11T15:38:49Z</time></trkpt>
      <trkpt lat="41.366099" lon="-81.813049"><ele>222.6</ele><time>2026-07-11T15:38:50Z</time></trkpt>
      <trkpt lat="41.366091" lon="-81.813056"><ele>222.6</ele><time>2026-07-11T15:38:51Z</time></trkpt>
      <trkpt lat="41.366073" lon="-81.813072"><ele>222.6</ele><time>2026-07-11T15:38:52Z</time></trkpt>
      <trkpt lat="41.366053" lon="-81.813082"><ele>222.5</ele><time>2026-07-11T15:38:53Z</time></trkpt>
      <trkpt lat="41.366032" lon="-81.8131"><ele>222.7</ele><time>2026-07-11T15:38:54Z</time></trkpt>
      <trkpt lat="41.366011" lon="-81.813118"><ele>222.7</ele><time>2026-07-11T15:38:55Z</time></trkpt>
      <trkpt lat="41.365983" lon="-81.813147"><ele>222.6</ele><time>2026-07-11T15:38:56Z</time></trkpt>
      <trkpt lat="41.365962" lon="-81.813177"><ele>222.6</ele><time>2026-07-11T15:38:57Z</time></trkpt>
      <trkpt lat="41.365939" lon="-81.813211"><ele>222.5</ele><time>2026-07-11T15:38:58Z</time></trkpt>
      <trkpt lat="41.365919" lon="-81.813245"><ele>222.5</ele><time>2026-07-11T15:38:59Z</time></trkpt>
      <trkpt lat="41.365899" lon="-81.813278"><ele>222.4</ele><time>2026-07-11T15:39:00Z</time></trkpt>
      <trkpt lat="41.365876" lon="-81.813307"><ele>222.6</ele><time>2026-07-11T15:39:01Z</time></trkpt>
      <trkpt lat="41.365853" lon="-81.813335"><ele>222.6</ele><time>2026-07-11T15:39:02Z</time></trkpt>
      <trkpt lat="41.365825" lon="-81.81337"><ele>222.5</ele><time>2026-07-11T15:39:03Z</time></trkpt>
      <trkpt lat="41.365797" lon="-81.813401"><ele>222.5</ele><time>2026-07-11T15:39:04Z</time></trkpt>
      <trkpt lat="41.365766" lon="-81.813432"><ele>222.4</ele><time>2026-07-11T15:39:05Z</time></trkpt>
      <trkpt lat="41.36573" lon="-81.81347"><ele>222.3</ele><time>2026-07-11T15:39:06Z</time></trkpt>
      <trkpt lat="41.365694" lon="-81.813507"><ele>222.3</ele><time>2026-07-11T15:39:07Z</time></trkpt>
      <trkpt lat="41.365659" lon="-81.813542"><ele>222.3</ele><time>2026-07-11T15:39:08Z</time></trkpt>
      <trkpt lat="41.365625" lon="-81.813578"><ele>222.3</ele><time>2026-07-11T15:39:09Z</time></trkpt>
      <trkpt lat="41.365594" lon="-81.813614"><ele>222.4</ele><time>2026-07-11T15:39:10Z</time></trkpt>
      <trkpt lat="41.365568" lon="-81.813645"><ele>222.4</ele><time>2026-07-11T15:39:11Z</time></trkpt>
      <trkpt lat="41.365538" lon="-81.813682"><ele>222.4</ele><time>2026-07-11T15:39:12Z</time></trkpt>
      <trkpt lat="41.365505" lon="-81.813718"><ele>222.5</ele><time>2026-07-11T15:39:13Z</time></trkpt>
      <trkpt lat="41.365475" lon="-81.813749"><ele>222.5</ele><time>2026-07-11T15:39:14Z</time></trkpt>
      <trkpt lat="41.365446" lon="-81.81378"><ele>222.5</ele><time>2026-07-11T15:39:15Z</time></trkpt>
      <trkpt lat="41.365422" lon="-81.813811"><ele>222.5</ele><time>2026-07-11T15:39:16Z</time></trkpt>
      <trkpt lat="41.365399" lon="-81.813838"><ele>222.5</ele><time>2026-07-11T15:39:17Z</time></trkpt>
      <trkpt lat="41.365376" lon="-81.813868"><ele>222.5</ele><time>2026-07-11T15:39:18Z</time></trkpt>
      <trkpt lat="41.365353" lon="-81.813896"><ele>222.6</ele><time>2026-07-11T15:39:19Z</time></trkpt>
      <trkpt lat="41.365327" lon="-81.81393"><ele>222.6</ele><time>2026-07-11T15:39:20Z</time></trkpt>
      <trkpt lat="41.365303" lon="-81.813958"><ele>222.6</ele><time>2026-07-11T15:39:21Z</time></trkpt>
      <trkpt lat="41.365275" lon="-81.813986"><ele>222.7</ele><time>2026-07-11T15:39:22Z</time></trkpt>
      <trkpt lat="41.365252" lon="-81.814015"><ele>222.7</ele><time>2026-07-11T15:39:23Z</time></trkpt>
      <trkpt lat="41.365229" lon="-81.814042"><ele>222.899</ele><time>2026-07-11T15:39:24Z</time></trkpt>
      <trkpt lat="41.365207" lon="-81.814067"><ele>222.899</ele><time>2026-07-11T15:39:25Z</time></trkpt>
      <trkpt lat="41.365193" lon="-81.814089"><ele>222.899</ele><time>2026-07-11T15:39:26Z</time></trkpt>
      <trkpt lat="41.365175" lon="-81.814116"><ele>222.899</ele><time>2026-07-11T15:39:27Z</time></trkpt>
      <trkpt lat="41.365151" lon="-81.814144"><ele>222.799</ele><time>2026-07-11T15:39:28Z</time></trkpt>
      <trkpt lat="41.365131" lon="-81.814167"><ele>222.799</ele><time>2026-07-11T15:39:29Z</time></trkpt>
      <trkpt lat="41.365106" lon="-81.814198"><ele>223.1</ele><time>2026-07-11T15:39:30Z</time></trkpt>
      <trkpt lat="41.365083" lon="-81.814232"><ele>223</ele><time>2026-07-11T15:39:31Z</time></trkpt>
      <trkpt lat="41.365059" lon="-81.814266"><ele>223</ele><time>2026-07-11T15:39:32Z</time></trkpt>
      <trkpt lat="41.365033" lon="-81.814296"><ele>223</ele><time>2026-07-11T15:39:33Z</time></trkpt>
      <trkpt lat="41.365005" lon="-81.814322"><ele>222.9</ele><time>2026-07-11T15:39:34Z</time></trkpt>
      <trkpt lat="41.364979" lon="-81.814349"><ele>222.9</ele><time>2026-07-11T15:39:35Z</time></trkpt>
      <trkpt lat="41.36495" lon="-81.814378"><ele>222.9</ele><time>2026-07-11T15:39:36Z</time></trkpt>
      <trkpt lat="41.364929" lon="-81.814403"><ele>222.9</ele><time>2026-07-11T15:39:37Z</time></trkpt>
      <trkpt lat="41.364908" lon="-81.814429"><ele>222.8</ele><time>2026-07-11T15:39:38Z</time></trkpt>
      <trkpt lat="41.364885" lon="-81.814457"><ele>222.8</ele><time>2026-07-11T15:39:39Z</time></trkpt>
      <trkpt lat="41.364861" lon="-81.814488"><ele>222.8</ele><time>2026-07-11T15:39:40Z</time></trkpt>
      <trkpt lat="41.364837" lon="-81.814523"><ele>222.8</ele><time>2026-07-11T15:39:41Z</time></trkpt>
      <trkpt lat="41.364816" lon="-81.814558"><ele>222.8</ele><time>2026-07-11T15:39:42Z</time></trkpt>
      <trkpt lat="41.364792" lon="-81.814594"><ele>222.8</ele><time>2026-07-11T15:39:43Z</time></trkpt>
      <trkpt lat="41.364766" lon="-81.814633"><ele>222.8</ele><time>2026-07-11T15:39:44Z</time></trkpt>
      <trkpt lat="41.364739" lon="-81.814669"><ele>222.8</ele><time>2026-07-11T15:39:45Z</time></trkpt>
      <trkpt lat="41.364716" lon="-81.814702"><ele>222.7</ele><time>2026-07-11T15:39:46Z</time></trkpt>
      <trkpt lat="41.364695" lon="-81.814729"><ele>222.6</ele><time>2026-07-11T15:39:47Z</time></trkpt>
      <trkpt lat="41.364673" lon="-81.814753"><ele>222.5</ele><time>2026-07-11T15:39:48Z</time></trkpt>
      <trkpt lat="41.364651" lon="-81.814779"><ele>222.5</ele><time>2026-07-11T15:39:49Z</time></trkpt>
      <trkpt lat="41.36463" lon="-81.814799"><ele>222.5</ele><time>2026-07-11T15:39:50Z</time></trkpt>
      <trkpt lat="41.364603" lon="-81.814825"><ele>222.5</ele><time>2026-07-11T15:39:51Z</time></trkpt>
      <trkpt lat="41.364571" lon="-81.814853"><ele>222.5</ele><time>2026-07-11T15:39:52Z</time></trkpt>
      <trkpt lat="41.364541" lon="-81.814883"><ele>222.4</ele><time>2026-07-11T15:39:53Z</time></trkpt>
      <trkpt lat="41.364513" lon="-81.814915"><ele>222.5</ele><time>2026-07-11T15:39:54Z</time></trkpt>
      <trkpt lat="41.364489" lon="-81.814948"><ele>222.4</ele><time>2026-07-11T15:39:55Z</time></trkpt>
      <trkpt lat="41.364465" lon="-81.814982"><ele>222.2</ele><time>2026-07-11T15:39:56Z</time></trkpt>
      <trkpt lat="41.364441" lon="-81.815016"><ele>222.2</ele><time>2026-07-11T15:39:57Z</time></trkpt>
      <trkpt lat="41.364415" lon="-81.815048"><ele>222</ele><time>2026-07-11T15:39:58Z</time></trkpt>
      <trkpt lat="41.36439" lon="-81.815078"><ele>222</ele><time>2026-07-11T15:39:59Z</time></trkpt>
      <trkpt lat="41.364364" lon="-81.815109"><ele>222.1</ele><time>2026-07-11T15:40:00Z</time></trkpt>
      <trkpt lat="41.364334" lon="-81.815143"><ele>222.1</ele><time>2026-07-11T15:40:01Z</time></trkpt>
      <trkpt lat="41.364306" lon="-81.815172"><ele>222.1</ele><time>2026-07-11T15:40:02Z</time></trkpt>
      <trkpt lat="41.364282" lon="-81.815201"><ele>222</ele><time>2026-07-11T15:40:03Z</time></trkpt>
      <trkpt lat="41.364256" lon="-81.815232"><ele>221.9</ele><time>2026-07-11T15:40:04Z</time></trkpt>
      <trkpt lat="41.364229" lon="-81.815268"><ele>221.9</ele><time>2026-07-11T15:40:05Z</time></trkpt>
      <trkpt lat="41.364201" lon="-81.815302"><ele>221.8</ele><time>2026-07-11T15:40:06Z</time></trkpt>
      <trkpt lat="41.364178" lon="-81.815335"><ele>221.9</ele><time>2026-07-11T15:40:07Z</time></trkpt>
      <trkpt lat="41.364158" lon="-81.81536"><ele>221.8</ele><time>2026-07-11T15:40:08Z</time></trkpt>
      <trkpt lat="41.364137" lon="-81.815389"><ele>221.8</ele><time>2026-07-11T15:40:09Z</time></trkpt>
      <trkpt lat="41.364115" lon="-81.815419"><ele>221.6</ele><time>2026-07-11T15:40:10Z</time></trkpt>
      <trkpt lat="41.364091" lon="-81.815453"><ele>221.6</ele><time>2026-07-11T15:40:11Z</time></trkpt>
      <trkpt lat="41.364064" lon="-81.815487"><ele>221.5</ele><time>2026-07-11T15:40:12Z</time></trkpt>
      <trkpt lat="41.364037" lon="-81.815525"><ele>221.5</ele><time>2026-07-11T15:40:13Z</time></trkpt>
      <trkpt lat="41.364006" lon="-81.815562"><ele>221.4</ele><time>2026-07-11T15:40:14Z</time></trkpt>
      <trkpt lat="41.363977" lon="-81.815597"><ele>221.3</ele><time>2026-07-11T15:40:15Z</time></trkpt>
      <trkpt lat="41.363947" lon="-81.815631"><ele>221.3</ele><time>2026-07-11T15:40:16Z</time></trkpt>
      <trkpt lat="41.363919" lon="-81.815668"><ele>221.2</ele><time>2026-07-11T15:40:17Z</time></trkpt>
      <trkpt lat="41.363888" lon="-81.815706"><ele>221.2</ele><time>2026-07-11T15:40:18Z</time></trkpt>
      <trkpt lat="41.363858" lon="-81.81574"><ele>221.1</ele><time>2026-07-11T15:40:19Z</time></trkpt>
      <trkpt lat="41.363829" lon="-81.815773"><ele>221.1</ele><time>2026-07-11T15:40:20Z</time></trkpt>
      <trkpt lat="41.363804" lon="-81.8158"><ele>221</ele><time>2026-07-11T15:40:21Z</time></trkpt>
      <trkpt lat="41.36378" lon="-81.815825"><ele>221</ele><time>2026-07-11T15:40:22Z</time></trkpt>
      <trkpt lat="41.363755" lon="-81.815854"><ele>220.9</ele><time>2026-07-11T15:40:23Z</time></trkpt>
      <trkpt lat="41.363725" lon="-81.815889"><ele>221</ele><time>2026-07-11T15:40:24Z</time></trkpt>
      <trkpt lat="41.363698" lon="-81.815924"><ele>221</ele><time>2026-07-11T15:40:25Z</time></trkpt>
      <trkpt lat="41.363673" lon="-81.815956"><ele>221</ele><time>2026-07-11T15:40:26Z</time></trkpt>
      <trkpt lat="41.363648" lon="-81.815992"><ele>220.7</ele><time>2026-07-11T15:40:27Z</time></trkpt>
      <trkpt lat="41.363622" lon="-81.816029"><ele>220.6</ele><time>2026-07-11T15:40:28Z</time></trkpt>
      <trkpt lat="41.363598" lon="-81.816064"><ele>220.6</ele><time>2026-07-11T15:40:29Z</time></trkpt>
      <trkpt lat="41.363574" lon="-81.8161"><ele>220.799</ele><time>2026-07-11T15:40:30Z</time></trkpt>
      <trkpt lat="41.363547" lon="-81.81614"><ele>220.799</ele><time>2026-07-11T15:40:31Z</time></trkpt>
      <trkpt lat="41.363519" lon="-81.816178"><ele>220.7</ele><time>2026-07-11T15:40:32Z</time></trkpt>
      <trkpt lat="41.363496" lon="-81.816208"><ele>220.6</ele><time>2026-07-11T15:40:33Z</time></trkpt>
      <trkpt lat="41.363476" lon="-81.816234"><ele>220.5</ele><time>2026-07-11T15:40:34Z</time></trkpt>
      <trkpt lat="41.363459" lon="-81.816259"><ele>220.5</ele><time>2026-07-11T15:40:35Z</time></trkpt>
      <trkpt lat="41.363443" lon="-81.816281"><ele>220.4</ele><time>2026-07-11T15:40:36Z</time></trkpt>
      <trkpt lat="41.36343" lon="-81.816298"><ele>220.3</ele><time>2026-07-11T15:40:37Z</time></trkpt>
      <trkpt lat="41.363418" lon="-81.816314"><ele>220.3</ele><time>2026-07-11T15:40:38Z</time></trkpt>
      <trkpt lat="41.363408" lon="-81.816334"><ele>220.3</ele><time>2026-07-11T15:40:39Z</time></trkpt>
      <trkpt lat="41.363397" lon="-81.816357"><ele>220.3</ele><time>2026-07-11T15:40:40Z</time></trkpt>
      <trkpt lat="41.363386" lon="-81.816381"><ele>220.3</ele><time>2026-07-11T15:40:41Z</time></trkpt>
      <trkpt lat="41.363372" lon="-81.816404"><ele>220.3</ele><time>2026-07-11T15:40:42Z</time></trkpt>
      <trkpt lat="41.363353" lon="-81.816429"><ele>220.3</ele><time>2026-07-11T15:40:43Z</time></trkpt>
      <trkpt lat="41.363332" lon="-81.816459"><ele>220.4</ele><time>2026-07-11T15:40:44Z</time></trkpt>
      <trkpt lat="41.363313" lon="-81.816489"><ele>220.5</ele><time>2026-07-11T15:40:45Z</time></trkpt>
      <trkpt lat="41.363299" lon="-81.816512"><ele>220.5</ele><time>2026-07-11T15:40:46Z</time></trkpt>
      <trkpt lat="41.363283" lon="-81.816534"><ele>220.6</ele><time>2026-07-11T15:40:47Z</time></trkpt>
      <trkpt lat="41.363265" lon="-81.81656"><ele>220.799</ele><time>2026-07-11T15:40:48Z</time></trkpt>
      <trkpt lat="41.363245" lon="-81.81659"><ele>220.899</ele><time>2026-07-11T15:40:49Z</time></trkpt>
      <trkpt lat="41.363224" lon="-81.81662"><ele>220.899</ele><time>2026-07-11T15:40:50Z</time></trkpt>
      <trkpt lat="41.363208" lon="-81.816647"><ele>220.899</ele><time>2026-07-11T15:40:51Z</time></trkpt>
      <trkpt lat="41.363195" lon="-81.816677"><ele>221</ele><time>2026-07-11T15:40:52Z</time></trkpt>
      <trkpt lat="41.363182" lon="-81.816712"><ele>221.1</ele><time>2026-07-11T15:40:53Z</time></trkpt>
      <trkpt lat="41.363168" lon="-81.816756"><ele>221.2</ele><time>2026-07-11T15:40:54Z</time></trkpt>
      <trkpt lat="41.363153" lon="-81.816798"><ele>221.299</ele><time>2026-07-11T15:40:55Z</time></trkpt>
      <trkpt lat="41.363137" lon="-81.816836"><ele>221.299</ele><time>2026-07-11T15:40:56Z</time></trkpt>
      <trkpt lat="41.363122" lon="-81.816868"><ele>221.1</ele><time>2026-07-11T15:40:57Z</time></trkpt>
      <trkpt lat="41.363107" lon="-81.816898"><ele>221.299</ele><time>2026-07-11T15:40:58Z</time></trkpt>
      <trkpt lat="41.363094" lon="-81.816925"><ele>221.299</ele><time>2026-07-11T15:40:59Z</time></trkpt>
      <trkpt lat="41.36308" lon="-81.816949"><ele>221.6</ele><time>2026-07-11T15:41:00Z</time></trkpt>
      <trkpt lat="41.363069" lon="-81.816968"><ele>221.6</ele><time>2026-07-11T15:41:01Z</time></trkpt>
      <trkpt lat="41.363058" lon="-81.816992"><ele>221.5</ele><time>2026-07-11T15:41:02Z</time></trkpt>
      <trkpt lat="41.363042" lon="-81.817022"><ele>221.6</ele><time>2026-07-11T15:41:03Z</time></trkpt>
      <trkpt lat="41.363024" lon="-81.817051"><ele>221.5</ele><time>2026-07-11T15:41:04Z</time></trkpt>
      <trkpt lat="41.363006" lon="-81.81708"><ele>221.3</ele><time>2026-07-11T15:41:05Z</time></trkpt>
      <trkpt lat="41.362986" lon="-81.817114"><ele>221.4</ele><time>2026-07-11T15:41:06Z</time></trkpt>
      <trkpt lat="41.362967" lon="-81.817144"><ele>221.5</ele><time>2026-07-11T15:41:07Z</time></trkpt>
      <trkpt lat="41.362951" lon="-81.817176"><ele>221.5</ele><time>2026-07-11T15:41:08Z</time></trkpt>
      <trkpt lat="41.362937" lon="-81.817214"><ele>221.5</ele><time>2026-07-11T15:41:09Z</time></trkpt>
      <trkpt lat="41.362925" lon="-81.817242"><ele>221.4</ele><time>2026-07-11T15:41:10Z</time></trkpt>
      <trkpt lat="41.362911" lon="-81.817274"><ele>221.3</ele><time>2026-07-11T15:41:11Z</time></trkpt>
      <trkpt lat="41.362895" lon="-81.81731"><ele>221.3</ele><time>2026-07-11T15:41:12Z</time></trkpt>
      <trkpt lat="41.36288" lon="-81.817346"><ele>221.4</ele><time>2026-07-11T15:41:13Z</time></trkpt>
      <trkpt lat="41.362865" lon="-81.817384"><ele>221.4</ele><time>2026-07-11T15:41:14Z</time></trkpt>
      <trkpt lat="41.362849" lon="-81.817423"><ele>221.6</ele><time>2026-07-11T15:41:15Z</time></trkpt>
      <trkpt lat="41.362835" lon="-81.817462"><ele>221.5</ele><time>2026-07-11T15:41:16Z</time></trkpt>
      <trkpt lat="41.362825" lon="-81.817497"><ele>221.5</ele><time>2026-07-11T15:41:17Z</time></trkpt>
      <trkpt lat="41.362817" lon="-81.817533"><ele>221.5</ele><time>2026-07-11T15:41:18Z</time></trkpt>
      <trkpt lat="41.362808" lon="-81.817569"><ele>221.4</ele><time>2026-07-11T15:41:19Z</time></trkpt>
      <trkpt lat="41.362796" lon="-81.817605"><ele>221.3</ele><time>2026-07-11T15:41:20Z</time></trkpt>
      <trkpt lat="41.362784" lon="-81.817639"><ele>221.4</ele><time>2026-07-11T15:41:21Z</time></trkpt>
      <trkpt lat="41.362776" lon="-81.817671"><ele>221.4</ele><time>2026-07-11T15:41:22Z</time></trkpt>
      <trkpt lat="41.36277" lon="-81.817708"><ele>221.6</ele><time>2026-07-11T15:41:23Z</time></trkpt>
      <trkpt lat="41.362768" lon="-81.817753"><ele>221.7</ele><time>2026-07-11T15:41:24Z</time></trkpt>
      <trkpt lat="41.362771" lon="-81.817793"><ele>221.5</ele><time>2026-07-11T15:41:25Z</time></trkpt>
      <trkpt lat="41.362776" lon="-81.817837"><ele>221.5</ele><time>2026-07-11T15:41:26Z</time></trkpt>
      <trkpt lat="41.362779" lon="-81.817884"><ele>221.3</ele><time>2026-07-11T15:41:27Z</time></trkpt>
      <trkpt lat="41.36278" lon="-81.817929"><ele>221.2</ele><time>2026-07-11T15:41:28Z</time></trkpt>
      <trkpt lat="41.36278" lon="-81.817978"><ele>221.2</ele><time>2026-07-11T15:41:29Z</time></trkpt>
      <trkpt lat="41.362781" lon="-81.818031"><ele>221.299</ele><time>2026-07-11T15:41:30Z</time></trkpt>
      <trkpt lat="41.362781" lon="-81.818088"><ele>221.299</ele><time>2026-07-11T15:41:31Z</time></trkpt>
      <trkpt lat="41.362778" lon="-81.818146"><ele>221.299</ele><time>2026-07-11T15:41:32Z</time></trkpt>
      <trkpt lat="41.362769" lon="-81.818201"><ele>221.1</ele><time>2026-07-11T15:41:33Z</time></trkpt>
      <trkpt lat="41.362758" lon="-81.818249"><ele>221</ele><time>2026-07-11T15:41:34Z</time></trkpt>
      <trkpt lat="41.362744" lon="-81.818303"><ele>220.8</ele><time>2026-07-11T15:41:35Z</time></trkpt>
      <trkpt lat="41.362729" lon="-81.818366"><ele>220.5</ele><time>2026-07-11T15:41:36Z</time></trkpt>
      <trkpt lat="41.362714" lon="-81.818433"><ele>220.1</ele><time>2026-07-11T15:41:37Z</time></trkpt>
      <trkpt lat="41.362704" lon="-81.818499"><ele>220</ele><time>2026-07-11T15:41:38Z</time></trkpt>
      <trkpt lat="41.362697" lon="-81.818572"><ele>220</ele><time>2026-07-11T15:41:39Z</time></trkpt>
      <trkpt lat="41.362695" lon="-81.818654"><ele>219.6</ele><time>2026-07-11T15:41:40Z</time></trkpt>
      <trkpt lat="41.362701" lon="-81.818744"><ele>219.2</ele><time>2026-07-11T15:41:41Z</time></trkpt>
      <trkpt lat="41.362714" lon="-81.818831"><ele>219</ele><time>2026-07-11T15:41:42Z</time></trkpt>
      <trkpt lat="41.36273" lon="-81.818921"><ele>217.8</ele><time>2026-07-11T15:41:43Z</time></trkpt>
      <trkpt lat="41.362748" lon="-81.819009"><ele>217.6</ele><time>2026-07-11T15:41:44Z</time></trkpt>
      <trkpt lat="41.362766" lon="-81.819097"><ele>217.3</ele><time>2026-07-11T15:41:45Z</time></trkpt>
      <trkpt lat="41.362781" lon="-81.819182"><ele>217.2</ele><time>2026-07-11T15:41:46Z</time></trkpt>
      <trkpt lat="41.362797" lon="-81.819264"><ele>217.1</ele><time>2026-07-11T15:41:47Z</time></trkpt>
      <trkpt lat="41.362811" lon="-81.819345"><ele>217</ele><time>2026-07-11T15:41:48Z</time></trkpt>
      <trkpt lat="41.362823" lon="-81.819427"><ele>216.9</ele><time>2026-07-11T15:41:49Z</time></trkpt>
      <trkpt lat="41.362834" lon="-81.819508"><ele>216.7</ele><time>2026-07-11T15:41:50Z</time></trkpt>
      <trkpt lat="41.362843" lon="-81.819589"><ele>216.6</ele><time>2026-07-11T15:41:51Z</time></trkpt>
      <trkpt lat="41.36285" lon="-81.819668"><ele>216.5</ele><time>2026-07-11T15:41:52Z</time></trkpt>
      <trkpt lat="41.362856" lon="-81.819743"><ele>216.6</ele><time>2026-07-11T15:41:53Z</time></trkpt>
      <trkpt lat="41.362859" lon="-81.819809"><ele>216.5</ele><time>2026-07-11T15:41:54Z</time></trkpt>
      <trkpt lat="41.36286" lon="-81.819868"><ele>216.5</ele><time>2026-07-11T15:41:55Z</time></trkpt>
      <trkpt lat="41.362857" lon="-81.819923"><ele>216.5</ele><time>2026-07-11T15:41:56Z</time></trkpt>
      <trkpt lat="41.362851" lon="-81.819977"><ele>216.2</ele><time>2026-07-11T15:41:57Z</time></trkpt>
      <trkpt lat="41.362844" lon="-81.820025"><ele>216.2</ele><time>2026-07-11T15:41:58Z</time></trkpt>
      <trkpt lat="41.362834" lon="-81.820074"><ele>216.1</ele><time>2026-07-11T15:41:59Z</time></trkpt>
      <trkpt lat="41.362825" lon="-81.820118"><ele>216.299</ele><time>2026-07-11T15:42:00Z</time></trkpt>
      <trkpt lat="41.362817" lon="-81.82016"><ele>216.399</ele><time>2026-07-11T15:42:01Z</time></trkpt>
      <trkpt lat="41.36281" lon="-81.820193"><ele>216.399</ele><time>2026-07-11T15:42:02Z</time></trkpt>
      <trkpt lat="41.362803" lon="-81.820219"><ele>216.399</ele><time>2026-07-11T15:42:03Z</time></trkpt>
      <trkpt lat="41.362797" lon="-81.820245"><ele>216.5</ele><time>2026-07-11T15:42:04Z</time></trkpt>
      <trkpt lat="41.362791" lon="-81.820272"><ele>216.6</ele><time>2026-07-11T15:42:05Z</time></trkpt>
      <trkpt lat="41.362784" lon="-81.820303"><ele>216.6</ele><time>2026-07-11T15:42:06Z</time></trkpt>
      <trkpt lat="41.362777" lon="-81.820335"><ele>216.6</ele><time>2026-07-11T15:42:07Z</time></trkpt>
      <trkpt lat="41.362769" lon="-81.820367"><ele>216.6</ele><time>2026-07-11T15:42:08Z</time></trkpt>
      <trkpt lat="41.362759" lon="-81.820398"><ele>216.7</ele><time>2026-07-11T15:42:09Z</time></trkpt>
      <trkpt lat="41.362747" lon="-81.820428"><ele>216.7</ele><time>2026-07-11T15:42:10Z</time></trkpt>
      <trkpt lat="41.362736" lon="-81.820459"><ele>216.799</ele><time>2026-07-11T15:42:11Z</time></trkpt>
      <trkpt lat="41.362721" lon="-81.820491"><ele>216.899</ele><time>2026-07-11T15:42:12Z</time></trkpt>
      <trkpt lat="41.362706" lon="-81.820523"><ele>216.9</ele><time>2026-07-11T15:42:13Z</time></trkpt>
      <trkpt lat="41.362691" lon="-81.820553"><ele>216.9</ele><time>2026-07-11T15:42:14Z</time></trkpt>
      <trkpt lat="41.362677" lon="-81.820582"><ele>216.9</ele><time>2026-07-11T15:42:15Z</time></trkpt>
      <trkpt lat="41.362665" lon="-81.820612"><ele>216.9</ele><time>2026-07-11T15:42:16Z</time></trkpt>
      <trkpt lat="41.362654" lon="-81.820639"><ele>216.9</ele><time>2026-07-11T15:42:17Z</time></trkpt>
      <trkpt lat="41.362642" lon="-81.82067"><ele>217</ele><time>2026-07-11T15:42:18Z</time></trkpt>
      <trkpt lat="41.362631" lon="-81.8207"><ele>217</ele><time>2026-07-11T15:42:19Z</time></trkpt>
      <trkpt lat="41.362619" lon="-81.82073"><ele>217</ele><time>2026-07-11T15:42:20Z</time></trkpt>
      <trkpt lat="41.362609" lon="-81.82076"><ele>217</ele><time>2026-07-11T15:42:21Z</time></trkpt>
      <trkpt lat="41.362601" lon="-81.820788"><ele>217.1</ele><time>2026-07-11T15:42:22Z</time></trkpt>
      <trkpt lat="41.362594" lon="-81.820815"><ele>217.4</ele><time>2026-07-11T15:42:23Z</time></trkpt>
      <trkpt lat="41.362587" lon="-81.820847"><ele>217.4</ele><time>2026-07-11T15:42:24Z</time></trkpt>
      <trkpt lat="41.362581" lon="-81.820878"><ele>217.5</ele><time>2026-07-11T15:42:25Z</time></trkpt>
      <trkpt lat="41.362574" lon="-81.820907"><ele>217.5</ele><time>2026-07-11T15:42:26Z</time></trkpt>
      <trkpt lat="41.362565" lon="-81.820927"><ele>217.3</ele><time>2026-07-11T15:42:27Z</time></trkpt>
      <trkpt lat="41.362553" lon="-81.820947"><ele>217.3</ele><time>2026-07-11T15:42:28Z</time></trkpt>
      <trkpt lat="41.362538" lon="-81.820965"><ele>217.4</ele><time>2026-07-11T15:42:29Z</time></trkpt>
      <trkpt lat="41.36252" lon="-81.820979"><ele>217.3</ele><time>2026-07-11T15:42:30Z</time></trkpt>
      <trkpt lat="41.362501" lon="-81.820988"><ele>217.5</ele><time>2026-07-11T15:42:31Z</time></trkpt>
      <trkpt lat="41.36248" lon="-81.820994"><ele>217.5</ele><time>2026-07-11T15:42:32Z</time></trkpt>
      <trkpt lat="41.362462" lon="-81.820997"><ele>217.5</ele><time>2026-07-11T15:42:33Z</time></trkpt>
      <trkpt lat="41.362443" lon="-81.821001"><ele>217.6</ele><time>2026-07-11T15:42:34Z</time></trkpt>
      <trkpt lat="41.362428" lon="-81.821007"><ele>217.6</ele><time>2026-07-11T15:42:35Z</time></trkpt>
      <trkpt lat="41.362414" lon="-81.821016"><ele>217.6</ele><time>2026-07-11T15:42:36Z</time></trkpt>
      <trkpt lat="41.3624" lon="-81.82103"><ele>217.7</ele><time>2026-07-11T15:42:37Z</time></trkpt>
      <trkpt lat="41.362386" lon="-81.821047"><ele>217.7</ele><time>2026-07-11T15:42:38Z</time></trkpt>
      <trkpt lat="41.36237" lon="-81.82107"><ele>217.7</ele><time>2026-07-11T15:42:39Z</time></trkpt>
      <trkpt lat="41.362354" lon="-81.821097"><ele>217.8</ele><time>2026-07-11T15:42:40Z</time></trkpt>
      <trkpt lat="41.362337" lon="-81.821127"><ele>217.8</ele><time>2026-07-11T15:42:41Z</time></trkpt>
      <trkpt lat="41.362319" lon="-81.821162"><ele>217.9</ele><time>2026-07-11T15:42:42Z</time></trkpt>
      <trkpt lat="41.362297" lon="-81.821201"><ele>218</ele><time>2026-07-11T15:42:43Z</time></trkpt>
      <trkpt lat="41.362273" lon="-81.821242"><ele>218</ele><time>2026-07-11T15:42:44Z</time></trkpt>
      <trkpt lat="41.362247" lon="-81.821284"><ele>218</ele><time>2026-07-11T15:42:45Z</time></trkpt>
      <trkpt lat="41.362223" lon="-81.821326"><ele>218.1</ele><time>2026-07-11T15:42:46Z</time></trkpt>
      <trkpt lat="41.362197" lon="-81.821371"><ele>218.1</ele><time>2026-07-11T15:42:47Z</time></trkpt>
      <trkpt lat="41.362169" lon="-81.821417"><ele>218.1</ele><time>2026-07-11T15:42:48Z</time></trkpt>
      <trkpt lat="41.362137" lon="-81.82147"><ele>218.1</ele><time>2026-07-11T15:42:49Z</time></trkpt>
      <trkpt lat="41.362107" lon="-81.821514"><ele>218.2</ele><time>2026-07-11T15:42:50Z</time></trkpt>
      <trkpt lat="41.362079" lon="-81.821551"><ele>218.299</ele><time>2026-07-11T15:42:51Z</time></trkpt>
      <trkpt lat="41.362055" lon="-81.821587"><ele>218.499</ele><time>2026-07-11T15:42:52Z</time></trkpt>
      <trkpt lat="41.362031" lon="-81.821621"><ele>218.499</ele><time>2026-07-11T15:42:53Z</time></trkpt>
      <trkpt lat="41.362011" lon="-81.821651"><ele>218.299</ele><time>2026-07-11T15:42:54Z</time></trkpt>
      <trkpt lat="41.361987" lon="-81.821683"><ele>218.499</ele><time>2026-07-11T15:42:55Z</time></trkpt>
      <trkpt lat="41.361964" lon="-81.821712"><ele>218.499</ele><time>2026-07-11T15:42:56Z</time></trkpt>
      <trkpt lat="41.361941" lon="-81.82174"><ele>218.599</ele><time>2026-07-11T15:42:57Z</time></trkpt>
      <trkpt lat="41.36192" lon="-81.821766"><ele>218.6</ele><time>2026-07-11T15:42:58Z</time></trkpt>
      <trkpt lat="41.361898" lon="-81.821793"><ele>218.6</ele><time>2026-07-11T15:42:59Z</time></trkpt>
      <trkpt lat="41.361874" lon="-81.821822"><ele>218.7</ele><time>2026-07-11T15:43:00Z</time></trkpt>
      <trkpt lat="41.361852" lon="-81.821854"><ele>218.799</ele><time>2026-07-11T15:43:01Z</time></trkpt>
      <trkpt lat="41.361833" lon="-81.821877"><ele>218.899</ele><time>2026-07-11T15:43:02Z</time></trkpt>
      <trkpt lat="41.361812" lon="-81.821901"><ele>218.899</ele><time>2026-07-11T15:43:03Z</time></trkpt>
      <trkpt lat="41.361787" lon="-81.821927"><ele>218.999</ele><time>2026-07-11T15:43:04Z</time></trkpt>
      <trkpt lat="41.361766" lon="-81.82195"><ele>219.099</ele><time>2026-07-11T15:43:05Z</time></trkpt>
      <trkpt lat="41.361746" lon="-81.82197"><ele>219.099</ele><time>2026-07-11T15:43:06Z</time></trkpt>
      <trkpt lat="41.361722" lon="-81.821997"><ele>219.3</ele><time>2026-07-11T15:43:07Z</time></trkpt>
      <trkpt lat="41.3617" lon="-81.82202"><ele>219.4</ele><time>2026-07-11T15:43:08Z</time></trkpt>
      <trkpt lat="41.361679" lon="-81.822044"><ele>219.5</ele><time>2026-07-11T15:43:09Z</time></trkpt>
      <trkpt lat="41.36166" lon="-81.822069"><ele>219.6</ele><time>2026-07-11T15:43:10Z</time></trkpt>
      <trkpt lat="41.361643" lon="-81.822089"><ele>219.6</ele><time>2026-07-11T15:43:11Z</time></trkpt>
      <trkpt lat="41.361623" lon="-81.822109"><ele>219.6</ele><time>2026-07-11T15:43:12Z</time></trkpt>
      <trkpt lat="41.361596" lon="-81.822135"><ele>219.799</ele><time>2026-07-11T15:43:13Z</time></trkpt>
      <trkpt lat="41.361569" lon="-81.822158"><ele>219.799</ele><time>2026-07-11T15:43:14Z</time></trkpt>
      <trkpt lat="41.361544" lon="-81.822181"><ele>219.799</ele><time>2026-07-11T15:43:15Z</time></trkpt>
      <trkpt lat="41.361523" lon="-81.822206"><ele>220</ele><time>2026-07-11T15:43:16Z</time></trkpt>
      <trkpt lat="41.361505" lon="-81.822228"><ele>220</ele><time>2026-07-11T15:43:17Z</time></trkpt>
      <trkpt lat="41.361484" lon="-81.822253"><ele>220</ele><time>2026-07-11T15:43:18Z</time></trkpt>
      <trkpt lat="41.361461" lon="-81.822277"><ele>220.1</ele><time>2026-07-11T15:43:19Z</time></trkpt>
      <trkpt lat="41.36144" lon="-81.822297"><ele>220.1</ele><time>2026-07-11T15:43:20Z</time></trkpt>
      <trkpt lat="41.361417" lon="-81.822319"><ele>220.1</ele><time>2026-07-11T15:43:21Z</time></trkpt>
      <trkpt lat="41.36139" lon="-81.822346"><ele>220.299</ele><time>2026-07-11T15:43:22Z</time></trkpt>
      <trkpt lat="41.361366" lon="-81.822366"><ele>220.299</ele><time>2026-07-11T15:43:23Z</time></trkpt>
      <trkpt lat="41.361342" lon="-81.822386"><ele>220.2</ele><time>2026-07-11T15:43:24Z</time></trkpt>
      <trkpt lat="41.361314" lon="-81.822411"><ele>220.3</ele><time>2026-07-11T15:43:25Z</time></trkpt>
      <trkpt lat="41.361283" lon="-81.822436"><ele>220.3</ele><time>2026-07-11T15:43:26Z</time></trkpt>
      <trkpt lat="41.361258" lon="-81.822455"><ele>220.3</ele><time>2026-07-11T15:43:27Z</time></trkpt>
      <trkpt lat="41.361235" lon="-81.822471"><ele>220.4</ele><time>2026-07-11T15:43:28Z</time></trkpt>
      <trkpt lat="41.361206" lon="-81.822495"><ele>220.4</ele><time>2026-07-11T15:43:29Z</time></trkpt>
      <trkpt lat="41.361179" lon="-81.822523"><ele>220.4</ele><time>2026-07-11T15:43:30Z</time></trkpt>
      <trkpt lat="41.361151" lon="-81.822549"><ele>220.3</ele><time>2026-07-11T15:43:31Z</time></trkpt>
      <trkpt lat="41.361126" lon="-81.822573"><ele>220.4</ele><time>2026-07-11T15:43:32Z</time></trkpt>
      <trkpt lat="41.361101" lon="-81.822595"><ele>220.5</ele><time>2026-07-11T15:43:33Z</time></trkpt>
      <trkpt lat="41.361077" lon="-81.822616"><ele>220.5</ele><time>2026-07-11T15:43:34Z</time></trkpt>
      <trkpt lat="41.361059" lon="-81.822637"><ele>220.5</ele><time>2026-07-11T15:43:35Z</time></trkpt>
      <trkpt lat="41.361041" lon="-81.822659"><ele>220.5</ele><time>2026-07-11T15:43:36Z</time></trkpt>
      <trkpt lat="41.361021" lon="-81.82268"><ele>220.5</ele><time>2026-07-11T15:43:37Z</time></trkpt>
      <trkpt lat="41.360998" lon="-81.822702"><ele>220.5</ele><time>2026-07-11T15:43:38Z</time></trkpt>
      <trkpt lat="41.360974" lon="-81.822724"><ele>220.5</ele><time>2026-07-11T15:43:39Z</time></trkpt>
      <trkpt lat="41.360945" lon="-81.822751"><ele>220.2</ele><time>2026-07-11T15:43:40Z</time></trkpt>
      <trkpt lat="41.360921" lon="-81.822772"><ele>220.5</ele><time>2026-07-11T15:43:41Z</time></trkpt>
      <trkpt lat="41.360896" lon="-81.822794"><ele>220.5</ele><time>2026-07-11T15:43:42Z</time></trkpt>
      <trkpt lat="41.360868" lon="-81.822817"><ele>220.2</ele><time>2026-07-11T15:43:43Z</time></trkpt>
      <trkpt lat="41.360844" lon="-81.822833"><ele>220.5</ele><time>2026-07-11T15:43:44Z</time></trkpt>
      <trkpt lat="41.360821" lon="-81.82285"><ele>220.5</ele><time>2026-07-11T15:43:45Z</time></trkpt>
      <trkpt lat="41.360798" lon="-81.822871"><ele>220.5</ele><time>2026-07-11T15:43:46Z</time></trkpt>
      <trkpt lat="41.360775" lon="-81.822888"><ele>220.6</ele><time>2026-07-11T15:43:47Z</time></trkpt>
      <trkpt lat="41.360748" lon="-81.822908"><ele>220.6</ele><time>2026-07-11T15:43:48Z</time></trkpt>
      <trkpt lat="41.360721" lon="-81.822931"><ele>220.799</ele><time>2026-07-11T15:43:49Z</time></trkpt>
      <trkpt lat="41.360688" lon="-81.822954"><ele>220.7</ele><time>2026-07-11T15:43:50Z</time></trkpt>
      <trkpt lat="41.360659" lon="-81.822971"><ele>220.799</ele><time>2026-07-11T15:43:51Z</time></trkpt>
      <trkpt lat="41.36063" lon="-81.822991"><ele>220.8</ele><time>2026-07-11T15:43:52Z</time></trkpt>
      <trkpt lat="41.360603" lon="-81.823007"><ele>220.8</ele><time>2026-07-11T15:43:53Z</time></trkpt>
      <trkpt lat="41.360575" lon="-81.823024"><ele>220.8</ele><time>2026-07-11T15:43:54Z</time></trkpt>
      <trkpt lat="41.360548" lon="-81.823041"><ele>221</ele><time>2026-07-11T15:43:55Z</time></trkpt>
      <trkpt lat="41.360524" lon="-81.823055"><ele>221</ele><time>2026-07-11T15:43:56Z</time></trkpt>
      <trkpt lat="41.360498" lon="-81.823066"><ele>221</ele><time>2026-07-11T15:43:57Z</time></trkpt>
      <trkpt lat="41.360467" lon="-81.823085"><ele>220.4</ele><time>2026-07-11T15:43:58Z</time></trkpt>
      <trkpt lat="41.360442" lon="-81.823099"><ele>220.4</ele><time>2026-07-11T15:43:59Z</time></trkpt>
      <trkpt lat="41.360413" lon="-81.823118"><ele>220.8</ele><time>2026-07-11T15:44:00Z</time></trkpt>
      <trkpt lat="41.360388" lon="-81.823133"><ele>220.6</ele><time>2026-07-11T15:44:01Z</time></trkpt>
      <trkpt lat="41.360363" lon="-81.823146"><ele>220.799</ele><time>2026-07-11T15:44:02Z</time></trkpt>
      <trkpt lat="41.360337" lon="-81.82316"><ele>220.799</ele><time>2026-07-11T15:44:03Z</time></trkpt>
      <trkpt lat="41.360305" lon="-81.823176"><ele>220.799</ele><time>2026-07-11T15:44:04Z</time></trkpt>
      <trkpt lat="41.360271" lon="-81.823194"><ele>220.2</ele><time>2026-07-11T15:44:05Z</time></trkpt>
      <trkpt lat="41.360237" lon="-81.823213"><ele>220.6</ele><time>2026-07-11T15:44:06Z</time></trkpt>
      <trkpt lat="41.360203" lon="-81.823233"><ele>220.6</ele><time>2026-07-11T15:44:07Z</time></trkpt>
      <trkpt lat="41.360169" lon="-81.823254"><ele>220.5</ele><time>2026-07-11T15:44:08Z</time></trkpt>
      <trkpt lat="41.360135" lon="-81.823277"><ele>220.5</ele><time>2026-07-11T15:44:09Z</time></trkpt>
      <trkpt lat="41.360105" lon="-81.823298"><ele>220.6</ele><time>2026-07-11T15:44:10Z</time></trkpt>
      <trkpt lat="41.360077" lon="-81.82332"><ele>220.5</ele><time>2026-07-11T15:44:11Z</time></trkpt>
      <trkpt lat="41.36005" lon="-81.823341"><ele>220.5</ele><time>2026-07-11T15:44:12Z</time></trkpt>
      <trkpt lat="41.360025" lon="-81.823362"><ele>220.6</ele><time>2026-07-11T15:44:13Z</time></trkpt>
      <trkpt lat="41.36" lon="-81.823383"><ele>220.6</ele><time>2026-07-11T15:44:14Z</time></trkpt>
      <trkpt lat="41.359974" lon="-81.823402"><ele>220.9</ele><time>2026-07-11T15:44:15Z</time></trkpt>
      <trkpt lat="41.359952" lon="-81.823422"><ele>221</ele><time>2026-07-11T15:44:16Z</time></trkpt>
      <trkpt lat="41.359932" lon="-81.823441"><ele>220.9</ele><time>2026-07-11T15:44:17Z</time></trkpt>
      <trkpt lat="41.359909" lon="-81.82346"><ele>220.9</ele><time>2026-07-11T15:44:18Z</time></trkpt>
      <trkpt lat="41.359886" lon="-81.823476"><ele>220.7</ele><time>2026-07-11T15:44:19Z</time></trkpt>
      <trkpt lat="41.359858" lon="-81.823493"><ele>220.6</ele><time>2026-07-11T15:44:20Z</time></trkpt>
      <trkpt lat="41.359829" lon="-81.823506"><ele>220.5</ele><time>2026-07-11T15:44:21Z</time></trkpt>
      <trkpt lat="41.359797" lon="-81.823525"><ele>220.5</ele><time>2026-07-11T15:44:22Z</time></trkpt>
      <trkpt lat="41.359764" lon="-81.823542"><ele>220.5</ele><time>2026-07-11T15:44:23Z</time></trkpt>
      <trkpt lat="41.359731" lon="-81.823562"><ele>220.6</ele><time>2026-07-11T15:44:24Z</time></trkpt>
      <trkpt lat="41.359703" lon="-81.82358"><ele>220.5</ele><time>2026-07-11T15:44:25Z</time></trkpt>
      <trkpt lat="41.359677" lon="-81.823594"><ele>220.4</ele><time>2026-07-11T15:44:26Z</time></trkpt>
      <trkpt lat="41.359652" lon="-81.823607"><ele>219.7</ele><time>2026-07-11T15:44:27Z</time></trkpt>
      <trkpt lat="41.359625" lon="-81.823617"><ele>219.7</ele><time>2026-07-11T15:44:28Z</time></trkpt>
      <trkpt lat="41.359598" lon="-81.823626"><ele>219.7</ele><time>2026-07-11T15:44:29Z</time></trkpt>
      <trkpt lat="41.359565" lon="-81.82364"><ele>220.1</ele><time>2026-07-11T15:44:30Z</time></trkpt>
      <trkpt lat="41.359533" lon="-81.823653"><ele>219.7</ele><time>2026-07-11T15:44:31Z</time></trkpt>
      <trkpt lat="41.359502" lon="-81.823663"><ele>219.7</ele><time>2026-07-11T15:44:32Z</time></trkpt>
      <trkpt lat="41.35948" lon="-81.823674"><ele>220.1</ele><time>2026-07-11T15:44:33Z</time></trkpt>
      <trkpt lat="41.359467" lon="-81.823686"><ele>219.7</ele><time>2026-07-11T15:44:34Z</time></trkpt>
      <trkpt lat="41.359459" lon="-81.823696"><ele>219.799</ele><time>2026-07-11T15:44:35Z</time></trkpt>
      <trkpt lat="41.359453" lon="-81.823693"><ele>219.799</ele><time>2026-07-11T15:44:36Z</time></trkpt>
      <trkpt lat="41.359441" lon="-81.82369"><ele>219.8</ele><time>2026-07-11T15:44:37Z</time></trkpt>
      <trkpt lat="41.359428" lon="-81.823693"><ele>219.9</ele><time>2026-07-11T15:44:38Z</time></trkpt>
      <trkpt lat="41.359423" lon="-81.823696"><ele>219.8</ele><time>2026-07-11T15:44:39Z</time></trkpt>
      <trkpt lat="41.359419" lon="-81.823698"><ele>219.8</ele><time>2026-07-11T15:44:40Z</time></trkpt>
      <trkpt lat="41.359416" lon="-81.823701"><ele>220.6</ele><time>2026-07-11T15:44:41Z</time></trkpt>
      <trkpt lat="41.359414" lon="-81.823703"><ele>220.6</ele><time>2026-07-11T15:44:42Z</time></trkpt>
      <trkpt lat="41.359412" lon="-81.823705"><ele>220.6</ele><time>2026-07-11T15:44:43Z</time></trkpt>
      <trkpt lat="41.359412" lon="-81.823706"><ele>220.6</ele><time>2026-07-11T15:44:44Z</time></trkpt>
      <trkpt lat="41.359412" lon="-81.823703"><ele>220.6</ele><time>2026-07-11T15:44:45Z</time></trkpt>
      <trkpt lat="41.359411" lon="-81.823699"><ele>220.6</ele><time>2026-07-11T15:44:46Z</time></trkpt>
      <trkpt lat="41.359409" lon="-81.823696"><ele>220.6</ele><time>2026-07-11T15:44:47Z</time></trkpt>
      <trkpt lat="41.359407" lon="-81.823693"><ele>220.6</ele><time>2026-07-11T15:44:48Z</time></trkpt>
      <trkpt lat="41.359405" lon="-81.823694"><ele>220.6</ele><time>2026-07-11T15:44:49Z</time></trkpt>
      <trkpt lat="41.359404" lon="-81.823697"><ele>220.6</ele><time>2026-07-11T15:44:50Z</time></trkpt>
      <trkpt lat="41.359404" lon="-81.8237"><ele>220.6</ele><time>2026-07-11T15:44:51Z</time></trkpt>
      <trkpt lat="41.359404" lon="-81.823706"><ele>220.6</ele><time>2026-07-11T15:44:52Z</time></trkpt>
      <trkpt lat="41.359404" lon="-81.823712"><ele>220.6</ele><time>2026-07-11T15:44:53Z</time></trkpt>
      <trkpt lat="41.359404" lon="-81.823719"><ele>220.6</ele><time>2026-07-11T15:44:54Z</time></trkpt>
      <trkpt lat="41.359404" lon="-81.823725"><ele>220.3</ele><time>2026-07-11T15:44:55Z</time></trkpt>
      <trkpt lat="41.359402" lon="-81.823736"><ele>220.3</ele><time>2026-07-11T15:44:56Z</time></trkpt>
      <trkpt lat="41.359402" lon="-81.82375"><ele>220.3</ele><time>2026-07-11T15:44:57Z</time></trkpt>
      <trkpt lat="41.359402" lon="-81.823765"><ele>220.3</ele><time>2026-07-11T15:44:58Z</time></trkpt>
      <trkpt lat="41.359401" lon="-81.823779"><ele>220.3</ele><time>2026-07-11T15:44:59Z</time></trkpt>
      <trkpt lat="41.359399" lon="-81.823793"><ele>220.3</ele><time>2026-07-11T15:45:00Z</time></trkpt>
      <trkpt lat="41.3594" lon="-81.823808"><ele>220.3</ele><time>2026-07-11T15:45:01Z</time></trkpt>
      <trkpt lat="41.359398" lon="-81.823821"><ele>220.3</ele><time>2026-07-11T15:45:02Z</time></trkpt>
      <trkpt lat="41.359395" lon="-81.823832"><ele>220.3</ele><time>2026-07-11T15:45:03Z</time></trkpt>
      <trkpt lat="41.359392" lon="-81.823844"><ele>220.3</ele><time>2026-07-11T15:45:04Z</time></trkpt>
      <trkpt lat="41.359389" lon="-81.823857"><ele>220.3</ele><time>2026-07-11T15:45:05Z</time></trkpt>
      <trkpt lat="41.359385" lon="-81.823871"><ele>220.3</ele><time>2026-07-11T15:45:06Z</time></trkpt>
      <trkpt lat="41.359381" lon="-81.823886"><ele>220.3</ele><time>2026-07-11T15:45:07Z</time></trkpt>
      <trkpt lat="41.359376" lon="-81.823903"><ele>220.3</ele><time>2026-07-11T15:45:08Z</time></trkpt>
      <trkpt lat="41.359369" lon="-81.82392"><ele>220.3</ele><time>2026-07-11T15:45:09Z</time></trkpt>
      <trkpt lat="41.359364" lon="-81.823935"><ele>220.3</ele><time>2026-07-11T15:45:10Z</time></trkpt>
      <trkpt lat="41.35936" lon="-81.823946"><ele>220.3</ele><time>2026-07-11T15:45:11Z</time></trkpt>
      <trkpt lat="41.359356" lon="-81.823954"><ele>220.3</ele><time>2026-07-11T15:45:12Z</time></trkpt>
      <trkpt lat="41.359353" lon="-81.823958"><ele>220.3</ele><time>2026-07-11T15:45:13Z</time></trkpt>
      <trkpt lat="41.359349" lon="-81.82396"><ele>220.3</ele><time>2026-07-11T15:45:14Z</time></trkpt>
      <trkpt lat="41.359342" lon="-81.823957"><ele>220.3</ele><time>2026-07-11T15:45:15Z</time></trkpt>
      <trkpt lat="41.359326" lon="-81.823942"><ele>220.3</ele><time>2026-07-11T15:45:16Z</time></trkpt>
      <trkpt lat="41.35932" lon="-81.823935"><ele>220.3</ele><time>2026-07-11T15:45:17Z</time></trkpt>
      <trkpt lat="41.359317" lon="-81.823931"><ele>220.3</ele><time>2026-07-11T15:45:18Z</time></trkpt>
      <trkpt lat="41.359317" lon="-81.823932"><ele>220</ele><time>2026-07-11T15:45:19Z</time></trkpt>
      <trkpt lat="41.359317" lon="-81.823934"><ele>220</ele><time>2026-07-11T15:45:20Z</time></trkpt>
      <trkpt lat="41.359318" lon="-81.823936"><ele>220</ele><time>2026-07-11T15:45:21Z</time></trkpt>
      <trkpt lat="41.35932" lon="-81.823937"><ele>220</ele><time>2026-07-11T15:45:22Z</time></trkpt>
      <trkpt lat="41.359321" lon="-81.823938"><ele>220</ele><time>2026-07-11T15:45:23Z</time></trkpt>
      <trkpt lat="41.359322" lon="-81.82394"><ele>220</ele><time>2026-07-11T15:45:24Z</time></trkpt>
      <trkpt lat="41.359323" lon="-81.823942"><ele>220</ele><time>2026-07-11T15:45:25Z</time></trkpt>
      <trkpt lat="41.359325" lon="-81.823944"><ele>220</ele><time>2026-07-11T15:45:26Z</time></trkpt>
      <trkpt lat="41.359325" lon="-81.823945"><ele>219.8</ele><time>2026-07-11T15:45:27Z</time></trkpt>
      <trkpt lat="41.359325" lon="-81.823946"><ele>219.8</ele><time>2026-07-11T15:45:28Z</time></trkpt>
      <trkpt lat="41.359326" lon="-81.823947"><ele>219.8</ele><time>2026-07-11T15:45:29Z</time></trkpt>
      <trkpt lat="41.359327" lon="-81.82395"><ele>219.8</ele><time>2026-07-11T15:45:30Z</time></trkpt>
      <trkpt lat="41.359327" lon="-81.823952"><ele>219.8</ele><time>2026-07-11T15:45:31Z</time></trkpt>
      <trkpt lat="41.359327" lon="-81.823954"><ele>219.8</ele><time>2026-07-11T15:45:32Z</time></trkpt>
      <trkpt lat="41.359328" lon="-81.823956"><ele>219.8</ele><time>2026-07-11T15:45:33Z</time></trkpt>
      <trkpt lat="41.359328" lon="-81.823957"><ele>220</ele><time>2026-07-11T15:45:34Z</time></trkpt>
      <trkpt lat="41.359328" lon="-81.823958"><ele>220</ele><time>2026-07-11T15:45:35Z</time></trkpt>
      <trkpt lat="41.359328" lon="-81.82396"><ele>220</ele><time>2026-07-11T15:45:36Z</time></trkpt>
      <trkpt lat="41.359329" lon="-81.823961"><ele>220</ele><time>2026-07-11T15:45:37Z</time></trkpt>
      <trkpt lat="41.35933" lon="-81.823962"><ele>220</ele><time>2026-07-11T15:45:38Z</time></trkpt>
      <trkpt lat="41.35933" lon="-81.823963"><ele>220</ele><time>2026-07-11T15:45:39Z</time></trkpt>
      <trkpt lat="41.35933" lon="-81.823963"><ele>220</ele><time>2026-07-11T15:45:40Z</time></trkpt>
      <trkpt lat="41.35933" lon="-81.823963"><ele>220</ele><time>2026-07-11T15:45:41Z</time></trkpt>
      <trkpt lat="41.35933" lon="-81.823962"><ele>220</ele><time>2026-07-11T15:45:42Z</time></trkpt>
      <trkpt lat="41.359329" lon="-81.823961"><ele>220</ele><time>2026-07-11T15:45:43Z</time></trkpt>
      <trkpt lat="41.359328" lon="-81.82396"><ele>220</ele><time>2026-07-11T15:45:44Z</time></trkpt>
      <trkpt lat="41.359327" lon="-81.82396"><ele>220</ele><time>2026-07-11T15:45:45Z</time></trkpt>
      <trkpt lat="41.359327" lon="-81.82396"><ele>220</ele><time>2026-07-11T15:45:46Z</time></trkpt>
      <trkpt lat="41.359327" lon="-81.82396"><ele>220</ele><time>2026-07-11T15:45:47Z</time></trkpt>
      <trkpt lat="41.359326" lon="-81.823959"><ele>220</ele><time>2026-07-11T15:45:48Z</time></trkpt>
      <trkpt lat="41.359325" lon="-81.823957"><ele>220</ele><time>2026-07-11T15:45:49Z</time></trkpt>
      <trkpt lat="41.35932" lon="-81.823952"><ele>220</ele><time>2026-07-11T15:45:50Z</time></trkpt>
      <trkpt lat="41.359314" lon="-81.823949"><ele>220</ele><time>2026-07-11T15:45:51Z</time></trkpt>
      <trkpt lat="41.359309" lon="-81.82395"><ele>220</ele><time>2026-07-11T15:45:52Z</time></trkpt>
      <trkpt lat="41.359301" lon="-81.823954"><ele>220</ele><time>2026-07-11T15:45:53Z</time></trkpt>
      <trkpt lat="41.35929" lon="-81.823962"><ele>220</ele><time>2026-07-11T15:45:54Z</time></trkpt>
      <trkpt lat="41.359278" lon="-81.823974"><ele>220</ele><time>2026-07-11T15:45:55Z</time></trkpt>
      <trkpt lat="41.359265" lon="-81.823987"><ele>220</ele><time>2026-07-11T15:45:56Z</time></trkpt>
      <trkpt lat="41.359249" lon="-81.823998"><ele>220</ele><time>2026-07-11T15:45:57Z</time></trkpt>
      <trkpt lat="41.359229" lon="-81.824009"><ele>219.5</ele><time>2026-07-11T15:45:58Z</time></trkpt>
      <trkpt lat="41.359205" lon="-81.824014"><ele>219.5</ele><time>2026-07-11T15:45:59Z</time></trkpt>
      <trkpt lat="41.359181" lon="-81.824017"><ele>219.5</ele><time>2026-07-11T15:46:00Z</time></trkpt>
      <trkpt lat="41.359156" lon="-81.824018"><ele>219.5</ele><time>2026-07-11T15:46:01Z</time></trkpt>
      <trkpt lat="41.359128" lon="-81.824019"><ele>219.5</ele><time>2026-07-11T15:46:02Z</time></trkpt>
      <trkpt lat="41.359102" lon="-81.824026"><ele>219.5</ele><time>2026-07-11T15:46:03Z</time></trkpt>
      <trkpt lat="41.359078" lon="-81.824037"><ele>219.5</ele><time>2026-07-11T15:46:04Z</time></trkpt>
      <trkpt lat="41.359055" lon="-81.824051"><ele>219.5</ele><time>2026-07-11T15:46:05Z</time></trkpt>
      <trkpt lat="41.359034" lon="-81.824064"><ele>219.5</ele><time>2026-07-11T15:46:06Z</time></trkpt>
      <trkpt lat="41.359012" lon="-81.824076"><ele>219.5</ele><time>2026-07-11T15:46:07Z</time></trkpt>
      <trkpt lat="41.35899" lon="-81.824087"><ele>219.5</ele><time>2026-07-11T15:46:08Z</time></trkpt>
      <trkpt lat="41.358967" lon="-81.824097"><ele>219.5</ele><time>2026-07-11T15:46:09Z</time></trkpt>
      <trkpt lat="41.358948" lon="-81.824105"><ele>219.5</ele><time>2026-07-11T15:46:10Z</time></trkpt>
      <trkpt lat="41.358923" lon="-81.824114"><ele>219.5</ele><time>2026-07-11T15:46:11Z</time></trkpt>
      <trkpt lat="41.358899" lon="-81.824125"><ele>219.5</ele><time>2026-07-11T15:46:12Z</time></trkpt>
      <trkpt lat="41.358872" lon="-81.824134"><ele>219.5</ele><time>2026-07-11T15:46:13Z</time></trkpt>
      <trkpt lat="41.358849" lon="-81.824143"><ele>219.5</ele><time>2026-07-11T15:46:14Z</time></trkpt>
      <trkpt lat="41.358829" lon="-81.824149"><ele>219.5</ele><time>2026-07-11T15:46:15Z</time></trkpt>
      <trkpt lat="41.358812" lon="-81.824157"><ele>219.5</ele><time>2026-07-11T15:46:16Z</time></trkpt>
      <trkpt lat="41.358786" lon="-81.82417"><ele>219.5</ele><time>2026-07-11T15:46:17Z</time></trkpt>
      <trkpt lat="41.358747" lon="-81.824189"><ele>219.5</ele><time>2026-07-11T15:46:18Z</time></trkpt>
      <trkpt lat="41.358719" lon="-81.824199"><ele>219.5</ele><time>2026-07-11T15:46:19Z</time></trkpt>
      <trkpt lat="41.358698" lon="-81.824208"><ele>219.5</ele><time>2026-07-11T15:46:20Z</time></trkpt>
      <trkpt lat="41.358676" lon="-81.824217"><ele>219.5</ele><time>2026-07-11T15:46:21Z</time></trkpt>
      <trkpt lat="41.358657" lon="-81.824225"><ele>219.5</ele><time>2026-07-11T15:46:22Z</time></trkpt>
      <trkpt lat="41.358623" lon="-81.824238"><ele>219.5</ele><time>2026-07-11T15:46:23Z</time></trkpt>
      <trkpt lat="41.358594" lon="-81.82424"><ele>219.5</ele><time>2026-07-11T15:46:24Z</time></trkpt>
      <trkpt lat="41.358569" lon="-81.824244"><ele>219.5</ele><time>2026-07-11T15:46:25Z</time></trkpt>
      <trkpt lat="41.358549" lon="-81.824244"><ele>219.5</ele><time>2026-07-11T15:46:26Z</time></trkpt>
      <trkpt lat="41.358524" lon="-81.824244"><ele>219.5</ele><time>2026-07-11T15:46:27Z</time></trkpt>
      <trkpt lat="41.358499" lon="-81.824242"><ele>219.5</ele><time>2026-07-11T15:46:28Z</time></trkpt>
      <trkpt lat="41.358473" lon="-81.824238"><ele>219.5</ele><time>2026-07-11T15:46:29Z</time></trkpt>
      <trkpt lat="41.358444" lon="-81.824232"><ele>219.5</ele><time>2026-07-11T15:46:30Z</time></trkpt>
      <trkpt lat="41.358407" lon="-81.824217"><ele>219.5</ele><time>2026-07-11T15:46:31Z</time></trkpt>
      <trkpt lat="41.35838" lon="-81.824206"><ele>219.5</ele><time>2026-07-11T15:46:32Z</time></trkpt>
      <trkpt lat="41.358355" lon="-81.824197"><ele>219.5</ele><time>2026-07-11T15:46:33Z</time></trkpt>
      <trkpt lat="41.358328" lon="-81.824189"><ele>219.5</ele><time>2026-07-11T15:46:34Z</time></trkpt>
      <trkpt lat="41.358297" lon="-81.824185"><ele>219.5</ele><time>2026-07-11T15:46:35Z</time></trkpt>
      <trkpt lat="41.358262" lon="-81.824191"><ele>219.5</ele><time>2026-07-11T15:46:36Z</time></trkpt>
      <trkpt lat="41.35823" lon="-81.824197"><ele>219.5</ele><time>2026-07-11T15:46:37Z</time></trkpt>
      <trkpt lat="41.358197" lon="-81.824198"><ele>219.5</ele><time>2026-07-11T15:46:38Z</time></trkpt>
      <trkpt lat="41.358164" lon="-81.8242"><ele>219.5</ele><time>2026-07-11T15:46:39Z</time></trkpt>
      <trkpt lat="41.358129" lon="-81.824204"><ele>219.5</ele><time>2026-07-11T15:46:40Z</time></trkpt>
      <trkpt lat="41.358084" lon="-81.824217"><ele>219.5</ele><time>2026-07-11T15:46:41Z</time></trkpt>
      <trkpt lat="41.358035" lon="-81.824229"><ele>219.5</ele><time>2026-07-11T15:46:42Z</time></trkpt>
      <trkpt lat="41.357978" lon="-81.824241"><ele>219.5</ele><time>2026-07-11T15:46:43Z</time></trkpt>
      <trkpt lat="41.357937" lon="-81.824247"><ele>219.5</ele><time>2026-07-11T15:46:44Z</time></trkpt>
      <trkpt lat="41.357878" lon="-81.824255"><ele>219.5</ele><time>2026-07-11T15:46:45Z</time></trkpt>
      <trkpt lat="41.357788" lon="-81.824272"><ele>219.5</ele><time>2026-07-11T15:46:46Z</time></trkpt>
      <trkpt lat="41.357715" lon="-81.824285"><ele>219.5</ele><time>2026-07-11T15:46:47Z</time></trkpt>
      <trkpt lat="41.35765" lon="-81.824294"><ele>217.6</ele><time>2026-07-11T15:46:48Z</time></trkpt>
      <trkpt lat="41.357591" lon="-81.8243"><ele>217.4</ele><time>2026-07-11T15:46:49Z</time></trkpt>
      <trkpt lat="41.357532" lon="-81.824304"><ele>217</ele><time>2026-07-11T15:46:50Z</time></trkpt>
      <trkpt lat="41.35747" lon="-81.82431"><ele>216.6</ele><time>2026-07-11T15:46:51Z</time></trkpt>
      <trkpt lat="41.357409" lon="-81.824313"><ele>216.4</ele><time>2026-07-11T15:46:52Z</time></trkpt>
      <trkpt lat="41.357352" lon="-81.824313"><ele>216.3</ele><time>2026-07-11T15:46:53Z</time></trkpt>
      <trkpt lat="41.3573" lon="-81.824308"><ele>216.1</ele><time>2026-07-11T15:46:54Z</time></trkpt>
      <trkpt lat="41.357247" lon="-81.824297"><ele>216.1</ele><time>2026-07-11T15:46:55Z</time></trkpt>
      <trkpt lat="41.357197" lon="-81.824281"><ele>216</ele><time>2026-07-11T15:46:56Z</time></trkpt>
      <trkpt lat="41.357151" lon="-81.824264"><ele>216.1</ele><time>2026-07-11T15:46:57Z</time></trkpt>
      <trkpt lat="41.357107" lon="-81.824249"><ele>215.9</ele><time>2026-07-11T15:46:58Z</time></trkpt>
      <trkpt lat="41.357063" lon="-81.824237"><ele>215.6</ele><time>2026-07-11T15:46:59Z</time></trkpt>
      <trkpt lat="41.35702" lon="-81.824224"><ele>215</ele><time>2026-07-11T15:47:00Z</time></trkpt>
      <trkpt lat="41.356974" lon="-81.824212"><ele>214.9</ele><time>2026-07-11T15:47:01Z</time></trkpt>
      <trkpt lat="41.35693" lon="-81.824199"><ele>214.8</ele><time>2026-07-11T15:47:02Z</time></trkpt>
      <trkpt lat="41.356888" lon="-81.824184"><ele>214.6</ele><time>2026-07-11T15:47:03Z</time></trkpt>
      <trkpt lat="41.356847" lon="-81.824171"><ele>214.7</ele><time>2026-07-11T15:47:04Z</time></trkpt>
      <trkpt lat="41.356808" lon="-81.824159"><ele>214.5</ele><time>2026-07-11T15:47:05Z</time></trkpt>
      <trkpt lat="41.356769" lon="-81.824147"><ele>214.5</ele><time>2026-07-11T15:47:06Z</time></trkpt>
      <trkpt lat="41.356731" lon="-81.824137"><ele>214.5</ele><time>2026-07-11T15:47:07Z</time></trkpt>
      <trkpt lat="41.35669" lon="-81.824126"><ele>214.8</ele><time>2026-07-11T15:47:08Z</time></trkpt>
      <trkpt lat="41.356651" lon="-81.824112"><ele>215</ele><time>2026-07-11T15:47:09Z</time></trkpt>
      <trkpt lat="41.356613" lon="-81.824101"><ele>215.1</ele><time>2026-07-11T15:47:10Z</time></trkpt>
      <trkpt lat="41.356574" lon="-81.824092"><ele>215.1</ele><time>2026-07-11T15:47:11Z</time></trkpt>
      <trkpt lat="41.356536" lon="-81.824085"><ele>215.1</ele><time>2026-07-11T15:47:12Z</time></trkpt>
      <trkpt lat="41.356497" lon="-81.824077"><ele>215.1</ele><time>2026-07-11T15:47:13Z</time></trkpt>
      <trkpt lat="41.35646" lon="-81.82407"><ele>215.1</ele><time>2026-07-11T15:47:14Z</time></trkpt>
      <trkpt lat="41.356422" lon="-81.824063"><ele>215.1</ele><time>2026-07-11T15:47:15Z</time></trkpt>
      <trkpt lat="41.356383" lon="-81.824058"><ele>215</ele><time>2026-07-11T15:47:16Z</time></trkpt>
      <trkpt lat="41.35635" lon="-81.824058"><ele>215</ele><time>2026-07-11T15:47:17Z</time></trkpt>
      <trkpt lat="41.356314" lon="-81.824061"><ele>215</ele><time>2026-07-11T15:47:18Z</time></trkpt>
      <trkpt lat="41.356274" lon="-81.824068"><ele>214.8</ele><time>2026-07-11T15:47:19Z</time></trkpt>
      <trkpt lat="41.356235" lon="-81.824079"><ele>214.8</ele><time>2026-07-11T15:47:20Z</time></trkpt>
      <trkpt lat="41.356196" lon="-81.824087"><ele>214.8</ele><time>2026-07-11T15:47:21Z</time></trkpt>
      <trkpt lat="41.356156" lon="-81.824098"><ele>214.7</ele><time>2026-07-11T15:47:22Z</time></trkpt>
      <trkpt lat="41.356116" lon="-81.824108"><ele>214.7</ele><time>2026-07-11T15:47:23Z</time></trkpt>
      <trkpt lat="41.356076" lon="-81.824113"><ele>214.6</ele><time>2026-07-11T15:47:24Z</time></trkpt>
      <trkpt lat="41.35604" lon="-81.824117"><ele>214.6</ele><time>2026-07-11T15:47:25Z</time></trkpt>
      <trkpt lat="41.356003" lon="-81.824121"><ele>214.6</ele><time>2026-07-11T15:47:26Z</time></trkpt>
      <trkpt lat="41.355968" lon="-81.824125"><ele>214.5</ele><time>2026-07-11T15:47:27Z</time></trkpt>
      <trkpt lat="41.355934" lon="-81.82413"><ele>214.2</ele><time>2026-07-11T15:47:28Z</time></trkpt>
      <trkpt lat="41.355902" lon="-81.824138"><ele>213.899</ele><time>2026-07-11T15:47:29Z</time></trkpt>
      <trkpt lat="41.355869" lon="-81.824146"><ele>213.7</ele><time>2026-07-11T15:47:30Z</time></trkpt>
      <trkpt lat="41.35584" lon="-81.824157"><ele>213.6</ele><time>2026-07-11T15:47:31Z</time></trkpt>
      <trkpt lat="41.355811" lon="-81.824165"><ele>213.6</ele><time>2026-07-11T15:47:32Z</time></trkpt>
      <trkpt lat="41.355784" lon="-81.824169"><ele>213.6</ele><time>2026-07-11T15:47:33Z</time></trkpt>
      <trkpt lat="41.355755" lon="-81.824175"><ele>213.6</ele><time>2026-07-11T15:47:34Z</time></trkpt>
      <trkpt lat="41.355726" lon="-81.824183"><ele>213.6</ele><time>2026-07-11T15:47:35Z</time></trkpt>
      <trkpt lat="41.355695" lon="-81.824194"><ele>213.799</ele><time>2026-07-11T15:47:36Z</time></trkpt>
      <trkpt lat="41.355666" lon="-81.824204"><ele>213.999</ele><time>2026-07-11T15:47:37Z</time></trkpt>
      <trkpt lat="41.355635" lon="-81.824212"><ele>214.099</ele><time>2026-07-11T15:47:38Z</time></trkpt>
      <trkpt lat="41.355606" lon="-81.824218"><ele>214.199</ele><time>2026-07-11T15:47:39Z</time></trkpt>
      <trkpt lat="41.355575" lon="-81.824224"><ele>214.299</ele><time>2026-07-11T15:47:40Z</time></trkpt>
      <trkpt lat="41.355546" lon="-81.824231"><ele>214.299</ele><time>2026-07-11T15:47:41Z</time></trkpt>
      <trkpt lat="41.355514" lon="-81.824241"><ele>214.3</ele><time>2026-07-11T15:47:42Z</time></trkpt>
      <trkpt lat="41.355483" lon="-81.824253"><ele>214.3</ele><time>2026-07-11T15:47:43Z</time></trkpt>
      <trkpt lat="41.355452" lon="-81.824264"><ele>214.3</ele><time>2026-07-11T15:47:44Z</time></trkpt>
      <trkpt lat="41.35542" lon="-81.82427"><ele>214.2</ele><time>2026-07-11T15:47:45Z</time></trkpt>
      <trkpt lat="41.355388" lon="-81.824277"><ele>214.1</ele><time>2026-07-11T15:47:46Z</time></trkpt>
      <trkpt lat="41.355356" lon="-81.824281"><ele>214.1</ele><time>2026-07-11T15:47:47Z</time></trkpt>
      <trkpt lat="41.355324" lon="-81.824287"><ele>214</ele><time>2026-07-11T15:47:48Z</time></trkpt>
      <trkpt lat="41.355288" lon="-81.8243"><ele>213.8</ele><time>2026-07-11T15:47:49Z</time></trkpt>
      <trkpt lat="41.35525" lon="-81.824313"><ele>213.6</ele><time>2026-07-11T15:47:50Z</time></trkpt>
      <trkpt lat="41.355213" lon="-81.824324"><ele>213.6</ele><time>2026-07-11T15:47:51Z</time></trkpt>
      <trkpt lat="41.355175" lon="-81.824335"><ele>213.5</ele><time>2026-07-11T15:47:52Z</time></trkpt>
      <trkpt lat="41.355135" lon="-81.824347"><ele>213.5</ele><time>2026-07-11T15:47:53Z</time></trkpt>
      <trkpt lat="41.355098" lon="-81.824356"><ele>213.5</ele><time>2026-07-11T15:47:54Z</time></trkpt>
      <trkpt lat="41.355062" lon="-81.824362"><ele>213.5</ele><time>2026-07-11T15:47:55Z</time></trkpt>
      <trkpt lat="41.355027" lon="-81.82437"><ele>213.7</ele><time>2026-07-11T15:47:56Z</time></trkpt>
      <trkpt lat="41.354993" lon="-81.824378"><ele>213.6</ele><time>2026-07-11T15:47:57Z</time></trkpt>
      <trkpt lat="41.354958" lon="-81.824386"><ele>213.6</ele><time>2026-07-11T15:47:58Z</time></trkpt>
      <trkpt lat="41.354924" lon="-81.824393"><ele>213.6</ele><time>2026-07-11T15:47:59Z</time></trkpt>
      <trkpt lat="41.354891" lon="-81.824398"><ele>213.6</ele><time>2026-07-11T15:48:00Z</time></trkpt>
      <trkpt lat="41.354858" lon="-81.824404"><ele>213.6</ele><time>2026-07-11T15:48:01Z</time></trkpt>
      <trkpt lat="41.354827" lon="-81.824412"><ele>213.6</ele><time>2026-07-11T15:48:02Z</time></trkpt>
      <trkpt lat="41.354798" lon="-81.824421"><ele>213.6</ele><time>2026-07-11T15:48:03Z</time></trkpt>
      <trkpt lat="41.354768" lon="-81.824426"><ele>213.6</ele><time>2026-07-11T15:48:04Z</time></trkpt>
      <trkpt lat="41.354737" lon="-81.824429"><ele>213.6</ele><time>2026-07-11T15:48:05Z</time></trkpt>
      <trkpt lat="41.354708" lon="-81.824434"><ele>213.6</ele><time>2026-07-11T15:48:06Z</time></trkpt>
      <trkpt lat="41.354677" lon="-81.82444"><ele>213.6</ele><time>2026-07-11T15:48:07Z</time></trkpt>
      <trkpt lat="41.354644" lon="-81.824445"><ele>213.6</ele><time>2026-07-11T15:48:08Z</time></trkpt>
      <trkpt lat="41.354607" lon="-81.824452"><ele>213.7</ele><time>2026-07-11T15:48:09Z</time></trkpt>
      <trkpt lat="41.35457" lon="-81.824461"><ele>213.6</ele><time>2026-07-11T15:48:10Z</time></trkpt>
      <trkpt lat="41.354535" lon="-81.82447"><ele>213.6</ele><time>2026-07-11T15:48:11Z</time></trkpt>
      <trkpt lat="41.354498" lon="-81.824479"><ele>213.6</ele><time>2026-07-11T15:48:12Z</time></trkpt>
      <trkpt lat="41.354462" lon="-81.824485"><ele>213.7</ele><time>2026-07-11T15:48:13Z</time></trkpt>
      <trkpt lat="41.354429" lon="-81.824489"><ele>213.6</ele><time>2026-07-11T15:48:14Z</time></trkpt>
      <trkpt lat="41.354395" lon="-81.824495"><ele>213.6</ele><time>2026-07-11T15:48:15Z</time></trkpt>
      <trkpt lat="41.354359" lon="-81.824499"><ele>213.5</ele><time>2026-07-11T15:48:16Z</time></trkpt>
      <trkpt lat="41.354322" lon="-81.8245"><ele>213.5</ele><time>2026-07-11T15:48:17Z</time></trkpt>
      <trkpt lat="41.354281" lon="-81.824501"><ele>213.5</ele><time>2026-07-11T15:48:18Z</time></trkpt>
      <trkpt lat="41.354241" lon="-81.824501"><ele>213.5</ele><time>2026-07-11T15:48:19Z</time></trkpt>
      <trkpt lat="41.354201" lon="-81.824504"><ele>213.6</ele><time>2026-07-11T15:48:20Z</time></trkpt>
      <trkpt lat="41.354164" lon="-81.824509"><ele>213.6</ele><time>2026-07-11T15:48:21Z</time></trkpt>
      <trkpt lat="41.354127" lon="-81.824513"><ele>213.6</ele><time>2026-07-11T15:48:22Z</time></trkpt>
      <trkpt lat="41.354093" lon="-81.824517"><ele>213.5</ele><time>2026-07-11T15:48:23Z</time></trkpt>
      <trkpt lat="41.35406" lon="-81.824521"><ele>213.5</ele><time>2026-07-11T15:48:24Z</time></trkpt>
      <trkpt lat="41.354025" lon="-81.824527"><ele>213.6</ele><time>2026-07-11T15:48:25Z</time></trkpt>
      <trkpt lat="41.353991" lon="-81.824533"><ele>213.799</ele><time>2026-07-11T15:48:26Z</time></trkpt>
      <trkpt lat="41.353959" lon="-81.82454"><ele>213.9</ele><time>2026-07-11T15:48:27Z</time></trkpt>
      <trkpt lat="41.353929" lon="-81.824547"><ele>214</ele><time>2026-07-11T15:48:28Z</time></trkpt>
      <trkpt lat="41.353895" lon="-81.824552"><ele>214.1</ele><time>2026-07-11T15:48:29Z</time></trkpt>
      <trkpt lat="41.353859" lon="-81.824554"><ele>214.1</ele><time>2026-07-11T15:48:30Z</time></trkpt>
      <trkpt lat="41.353823" lon="-81.824554"><ele>214.1</ele><time>2026-07-11T15:48:31Z</time></trkpt>
      <trkpt lat="41.353789" lon="-81.824553"><ele>214.1</ele><time>2026-07-11T15:48:32Z</time></trkpt>
      <trkpt lat="41.353755" lon="-81.824551"><ele>214.1</ele><time>2026-07-11T15:48:33Z</time></trkpt>
      <trkpt lat="41.35372" lon="-81.824549"><ele>214.1</ele><time>2026-07-11T15:48:34Z</time></trkpt>
      <trkpt lat="41.353684" lon="-81.824549"><ele>214.1</ele><time>2026-07-11T15:48:35Z</time></trkpt>
      <trkpt lat="41.353647" lon="-81.824548"><ele>214.2</ele><time>2026-07-11T15:48:36Z</time></trkpt>
      <trkpt lat="41.353608" lon="-81.824548"><ele>214.2</ele><time>2026-07-11T15:48:37Z</time></trkpt>
      <trkpt lat="41.35357" lon="-81.824546"><ele>214.2</ele><time>2026-07-11T15:48:38Z</time></trkpt>
      <trkpt lat="41.353534" lon="-81.824547"><ele>214.2</ele><time>2026-07-11T15:48:39Z</time></trkpt>
      <trkpt lat="41.353497" lon="-81.824547"><ele>214.2</ele><time>2026-07-11T15:48:40Z</time></trkpt>
      <trkpt lat="41.353457" lon="-81.824544"><ele>214.2</ele><time>2026-07-11T15:48:41Z</time></trkpt>
      <trkpt lat="41.353421" lon="-81.824541"><ele>214.2</ele><time>2026-07-11T15:48:42Z</time></trkpt>
      <trkpt lat="41.35338" lon="-81.824536"><ele>214.2</ele><time>2026-07-11T15:48:43Z</time></trkpt>
      <trkpt lat="41.353339" lon="-81.824531"><ele>214.299</ele><time>2026-07-11T15:48:44Z</time></trkpt>
      <trkpt lat="41.353298" lon="-81.824524"><ele>214.3</ele><time>2026-07-11T15:48:45Z</time></trkpt>
      <trkpt lat="41.353267" lon="-81.824519"><ele>214.4</ele><time>2026-07-11T15:48:46Z</time></trkpt>
      <trkpt lat="41.353241" lon="-81.824515"><ele>214.6</ele><time>2026-07-11T15:48:47Z</time></trkpt>
      <trkpt lat="41.353214" lon="-81.824512"><ele>214.7</ele><time>2026-07-11T15:48:48Z</time></trkpt>
      <trkpt lat="41.3532" lon="-81.824509"><ele>215</ele><time>2026-07-11T15:48:49Z</time></trkpt>
      <trkpt lat="41.353173" lon="-81.824506"><ele>215</ele><time>2026-07-11T15:48:50Z</time></trkpt>
      <trkpt lat="41.353141" lon="-81.824501"><ele>215</ele><time>2026-07-11T15:48:51Z</time></trkpt>
      <trkpt lat="41.353109" lon="-81.824496"><ele>214.8</ele><time>2026-07-11T15:48:52Z</time></trkpt>
      <trkpt lat="41.353078" lon="-81.824489"><ele>214.8</ele><time>2026-07-11T15:48:53Z</time></trkpt>
      <trkpt lat="41.353046" lon="-81.82448"><ele>215</ele><time>2026-07-11T15:48:54Z</time></trkpt>
      <trkpt lat="41.353014" lon="-81.824469"><ele>215</ele><time>2026-07-11T15:48:55Z</time></trkpt>
      <trkpt lat="41.352984" lon="-81.824458"><ele>215</ele><time>2026-07-11T15:48:56Z</time></trkpt>
      <trkpt lat="41.352954" lon="-81.824444"><ele>215</ele><time>2026-07-11T15:48:57Z</time></trkpt>
      <trkpt lat="41.352923" lon="-81.824435"><ele>215</ele><time>2026-07-11T15:48:58Z</time></trkpt>
      <trkpt lat="41.352892" lon="-81.824425"><ele>215</ele><time>2026-07-11T15:48:59Z</time></trkpt>
      <trkpt lat="41.352867" lon="-81.82442"><ele>215.1</ele><time>2026-07-11T15:49:00Z</time></trkpt>
      <trkpt lat="41.35282" lon="-81.824414"><ele>215</ele><time>2026-07-11T15:49:01Z</time></trkpt>
      <trkpt lat="41.352779" lon="-81.824406"><ele>215.1</ele><time>2026-07-11T15:49:02Z</time></trkpt>
      <trkpt lat="41.35274" lon="-81.824397"><ele>215</ele><time>2026-07-11T15:49:03Z</time></trkpt>
      <trkpt lat="41.352698" lon="-81.824383"><ele>214.8</ele><time>2026-07-11T15:49:04Z</time></trkpt>
      <trkpt lat="41.352658" lon="-81.82437"><ele>214.8</ele><time>2026-07-11T15:49:05Z</time></trkpt>
      <trkpt lat="41.352619" lon="-81.824358"><ele>214.8</ele><time>2026-07-11T15:49:06Z</time></trkpt>
      <trkpt lat="41.352583" lon="-81.824347"><ele>214.7</ele><time>2026-07-11T15:49:07Z</time></trkpt>
      <trkpt lat="41.352543" lon="-81.824335"><ele>214.6</ele><time>2026-07-11T15:49:08Z</time></trkpt>
      <trkpt lat="41.352505" lon="-81.824323"><ele>214.5</ele><time>2026-07-11T15:49:09Z</time></trkpt>
      <trkpt lat="41.352466" lon="-81.824312"><ele>214.4</ele><time>2026-07-11T15:49:10Z</time></trkpt>
      <trkpt lat="41.352427" lon="-81.824303"><ele>214.3</ele><time>2026-07-11T15:49:11Z</time></trkpt>
      <trkpt lat="41.352388" lon="-81.824295"><ele>214.4</ele><time>2026-07-11T15:49:12Z</time></trkpt>
      <trkpt lat="41.35235" lon="-81.82429"><ele>214.6</ele><time>2026-07-11T15:49:13Z</time></trkpt>
      <trkpt lat="41.352314" lon="-81.824287"><ele>214.5</ele><time>2026-07-11T15:49:14Z</time></trkpt>
      <trkpt lat="41.352277" lon="-81.824284"><ele>214.3</ele><time>2026-07-11T15:49:15Z</time></trkpt>
      <trkpt lat="41.352242" lon="-81.824279"><ele>213.8</ele><time>2026-07-11T15:49:16Z</time></trkpt>
      <trkpt lat="41.352209" lon="-81.824272"><ele>213.5</ele><time>2026-07-11T15:49:17Z</time></trkpt>
      <trkpt lat="41.352175" lon="-81.824264"><ele>213.3</ele><time>2026-07-11T15:49:18Z</time></trkpt>
      <trkpt lat="41.352139" lon="-81.824256"><ele>213.3</ele><time>2026-07-11T15:49:19Z</time></trkpt>
      <trkpt lat="41.352102" lon="-81.824247"><ele>213.1</ele><time>2026-07-11T15:49:20Z</time></trkpt>
      <trkpt lat="41.352063" lon="-81.824239"><ele>213.1</ele><time>2026-07-11T15:49:21Z</time></trkpt>
      <trkpt lat="41.352021" lon="-81.824233"><ele>213.299</ele><time>2026-07-11T15:49:22Z</time></trkpt>
      <trkpt lat="41.351977" lon="-81.824229"><ele>213.299</ele><time>2026-07-11T15:49:23Z</time></trkpt>
      <trkpt lat="41.351932" lon="-81.824224"><ele>213.299</ele><time>2026-07-11T15:49:24Z</time></trkpt>
      <trkpt lat="41.351887" lon="-81.824222"><ele>213.299</ele><time>2026-07-11T15:49:25Z</time></trkpt>
      <trkpt lat="41.351841" lon="-81.824221"><ele>213.2</ele><time>2026-07-11T15:49:26Z</time></trkpt>
      <trkpt lat="41.351794" lon="-81.824224"><ele>213.299</ele><time>2026-07-11T15:49:27Z</time></trkpt>
      <trkpt lat="41.351749" lon="-81.82423"><ele>213.299</ele><time>2026-07-11T15:49:28Z</time></trkpt>
      <trkpt lat="41.351706" lon="-81.824238"><ele>213.299</ele><time>2026-07-11T15:49:29Z</time></trkpt>
      <trkpt lat="41.351664" lon="-81.824248"><ele>213.3</ele><time>2026-07-11T15:49:30Z</time></trkpt>
      <trkpt lat="41.351623" lon="-81.82426"><ele>213.3</ele><time>2026-07-11T15:49:31Z</time></trkpt>
      <trkpt lat="41.351585" lon="-81.824273"><ele>213.3</ele><time>2026-07-11T15:49:32Z</time></trkpt>
      <trkpt lat="41.351548" lon="-81.824286"><ele>213.2</ele><time>2026-07-11T15:49:33Z</time></trkpt>
      <trkpt lat="41.351513" lon="-81.824299"><ele>213.3</ele><time>2026-07-11T15:49:34Z</time></trkpt>
      <trkpt lat="41.351478" lon="-81.824311"><ele>213.3</ele><time>2026-07-11T15:49:35Z</time></trkpt>
      <trkpt lat="41.351446" lon="-81.824322"><ele>213.3</ele><time>2026-07-11T15:49:36Z</time></trkpt>
      <trkpt lat="41.351415" lon="-81.824333"><ele>213.4</ele><time>2026-07-11T15:49:37Z</time></trkpt>
      <trkpt lat="41.351386" lon="-81.824344"><ele>213.5</ele><time>2026-07-11T15:49:38Z</time></trkpt>
      <trkpt lat="41.351359" lon="-81.824356"><ele>213.6</ele><time>2026-07-11T15:49:39Z</time></trkpt>
      <trkpt lat="41.351332" lon="-81.82437"><ele>213.6</ele><time>2026-07-11T15:49:40Z</time></trkpt>
      <trkpt lat="41.351302" lon="-81.824384"><ele>213.6</ele><time>2026-07-11T15:49:41Z</time></trkpt>
      <trkpt lat="41.351273" lon="-81.824398"><ele>213.6</ele><time>2026-07-11T15:49:42Z</time></trkpt>
      <trkpt lat="41.351242" lon="-81.824415"><ele>213.6</ele><time>2026-07-11T15:49:43Z</time></trkpt>
      <trkpt lat="41.351211" lon="-81.824431"><ele>213.6</ele><time>2026-07-11T15:49:44Z</time></trkpt>
      <trkpt lat="41.351181" lon="-81.824448"><ele>213.6</ele><time>2026-07-11T15:49:45Z</time></trkpt>
      <trkpt lat="41.351152" lon="-81.824465"><ele>213.799</ele><time>2026-07-11T15:49:46Z</time></trkpt>
      <trkpt lat="41.351122" lon="-81.824481"><ele>213.6</ele><time>2026-07-11T15:49:47Z</time></trkpt>
      <trkpt lat="41.351093" lon="-81.824495"><ele>213.6</ele><time>2026-07-11T15:49:48Z</time></trkpt>
      <trkpt lat="41.351066" lon="-81.824505"><ele>213.6</ele><time>2026-07-11T15:49:49Z</time></trkpt>
      <trkpt lat="41.351041" lon="-81.824509"><ele>213.6</ele><time>2026-07-11T15:49:50Z</time></trkpt>
      <trkpt lat="41.351018" lon="-81.824506"><ele>213.7</ele><time>2026-07-11T15:49:51Z</time></trkpt>
      <trkpt lat="41.351" lon="-81.824494"><ele>213.5</ele><time>2026-07-11T15:49:52Z</time></trkpt>
      <trkpt lat="41.350989" lon="-81.824477"><ele>213.6</ele><time>2026-07-11T15:49:53Z</time></trkpt>
      <trkpt lat="41.350979" lon="-81.824464"><ele>213.7</ele><time>2026-07-11T15:49:54Z</time></trkpt>
      <trkpt lat="41.350972" lon="-81.824456"><ele>214</ele><time>2026-07-11T15:49:55Z</time></trkpt>
      <trkpt lat="41.350968" lon="-81.82445"><ele>213.7</ele><time>2026-07-11T15:49:56Z</time></trkpt>
      <trkpt lat="41.350966" lon="-81.824445"><ele>213.5</ele><time>2026-07-11T15:49:57Z</time></trkpt>
      <trkpt lat="41.350968" lon="-81.824441"><ele>213.3</ele><time>2026-07-11T15:49:58Z</time></trkpt>
      <trkpt lat="41.35097" lon="-81.82444"><ele>213.1</ele><time>2026-07-11T15:49:59Z</time></trkpt>
      <trkpt lat="41.350972" lon="-81.82444"><ele>213.1</ele><time>2026-07-11T15:50:00Z</time></trkpt>
      <trkpt lat="41.350972" lon="-81.824439"><ele>213.1</ele><time>2026-07-11T15:50:01Z</time></trkpt>
      <trkpt lat="41.350972" lon="-81.824437"><ele>213.1</ele><time>2026-07-11T15:50:02Z</time></trkpt>
      <trkpt lat="41.35097" lon="-81.824432"><ele>213.1</ele><time>2026-07-11T15:50:03Z</time></trkpt>
      <trkpt lat="41.350966" lon="-81.824424"><ele>213.1</ele><time>2026-07-11T15:50:04Z</time></trkpt>
      <trkpt lat="41.35096" lon="-81.824412"><ele>213.1</ele><time>2026-07-11T15:50:05Z</time></trkpt>
      <trkpt lat="41.350952" lon="-81.824397"><ele>212.5</ele><time>2026-07-11T15:50:06Z</time></trkpt>
      <trkpt lat="41.350938" lon="-81.82437"><ele>212.5</ele><time>2026-07-11T15:50:07Z</time></trkpt>
      <trkpt lat="41.350923" lon="-81.824344"><ele>212.5</ele><time>2026-07-11T15:50:08Z</time></trkpt>
      <trkpt lat="41.350904" lon="-81.824321"><ele>212.5</ele><time>2026-07-11T15:50:09Z</time></trkpt>
      <trkpt lat="41.350883" lon="-81.824303"><ele>212.5</ele><time>2026-07-11T15:50:10Z</time></trkpt>
      <trkpt lat="41.35086" lon="-81.824287"><ele>212.5</ele><time>2026-07-11T15:50:11Z</time></trkpt>
      <trkpt lat="41.350833" lon="-81.824276"><ele>212.5</ele><time>2026-07-11T15:50:12Z</time></trkpt>
      <trkpt lat="41.350804" lon="-81.824271"><ele>212.5</ele><time>2026-07-11T15:50:13Z</time></trkpt>
      <trkpt lat="41.350774" lon="-81.824273"><ele>212.5</ele><time>2026-07-11T15:50:14Z</time></trkpt>
      <trkpt lat="41.350744" lon="-81.824283"><ele>212.5</ele><time>2026-07-11T15:50:15Z</time></trkpt>
      <trkpt lat="41.350711" lon="-81.824298"><ele>212.5</ele><time>2026-07-11T15:50:16Z</time></trkpt>
      <trkpt lat="41.350675" lon="-81.824322"><ele>212.5</ele><time>2026-07-11T15:50:17Z</time></trkpt>
      <trkpt lat="41.350643" lon="-81.824349"><ele>212.5</ele><time>2026-07-11T15:50:18Z</time></trkpt>
      <trkpt lat="41.350611" lon="-81.824374"><ele>212.5</ele><time>2026-07-11T15:50:19Z</time></trkpt>
      <trkpt lat="41.350579" lon="-81.824396"><ele>212.5</ele><time>2026-07-11T15:50:20Z</time></trkpt>
      <trkpt lat="41.350546" lon="-81.824419"><ele>212.5</ele><time>2026-07-11T15:50:21Z</time></trkpt>
      <trkpt lat="41.350515" lon="-81.824443"><ele>212.5</ele><time>2026-07-11T15:50:22Z</time></trkpt>
      <trkpt lat="41.350485" lon="-81.82447"><ele>212.5</ele><time>2026-07-11T15:50:23Z</time></trkpt>
      <trkpt lat="41.350454" lon="-81.824498"><ele>212.5</ele><time>2026-07-11T15:50:24Z</time></trkpt>
      <trkpt lat="41.350421" lon="-81.824529"><ele>212.5</ele><time>2026-07-11T15:50:25Z</time></trkpt>
      <trkpt lat="41.350387" lon="-81.824561"><ele>212.5</ele><time>2026-07-11T15:50:26Z</time></trkpt>
      <trkpt lat="41.350352" lon="-81.824592"><ele>212.5</ele><time>2026-07-11T15:50:27Z</time></trkpt>
      <trkpt lat="41.350318" lon="-81.824622"><ele>212.5</ele><time>2026-07-11T15:50:28Z</time></trkpt>
      <trkpt lat="41.350281" lon="-81.824649"><ele>212.5</ele><time>2026-07-11T15:50:29Z</time></trkpt>
      <trkpt lat="41.350244" lon="-81.824674"><ele>212.5</ele><time>2026-07-11T15:50:30Z</time></trkpt>
      <trkpt lat="41.350207" lon="-81.824699"><ele>212.5</ele><time>2026-07-11T15:50:31Z</time></trkpt>
      <trkpt lat="41.350168" lon="-81.824726"><ele>212.5</ele><time>2026-07-11T15:50:32Z</time></trkpt>
      <trkpt lat="41.350131" lon="-81.824753"><ele>212.5</ele><time>2026-07-11T15:50:33Z</time></trkpt>
      <trkpt lat="41.350095" lon="-81.824782"><ele>212.5</ele><time>2026-07-11T15:50:34Z</time></trkpt>
      <trkpt lat="41.350062" lon="-81.824812"><ele>212.5</ele><time>2026-07-11T15:50:35Z</time></trkpt>
      <trkpt lat="41.350029" lon="-81.824845"><ele>212.5</ele><time>2026-07-11T15:50:36Z</time></trkpt>
      <trkpt lat="41.349998" lon="-81.824877"><ele>212.5</ele><time>2026-07-11T15:50:37Z</time></trkpt>
      <trkpt lat="41.349967" lon="-81.824912"><ele>212.5</ele><time>2026-07-11T15:50:38Z</time></trkpt>
      <trkpt lat="41.349937" lon="-81.824948"><ele>212.5</ele><time>2026-07-11T15:50:39Z</time></trkpt>
      <trkpt lat="41.349908" lon="-81.824985"><ele>212.5</ele><time>2026-07-11T15:50:40Z</time></trkpt>
      <trkpt lat="41.349882" lon="-81.825024"><ele>212.5</ele><time>2026-07-11T15:50:41Z</time></trkpt>
      <trkpt lat="41.349856" lon="-81.825064"><ele>212.5</ele><time>2026-07-11T15:50:42Z</time></trkpt>
      <trkpt lat="41.349831" lon="-81.825104"><ele>212.5</ele><time>2026-07-11T15:50:43Z</time></trkpt>
      <trkpt lat="41.349807" lon="-81.825144"><ele>212.5</ele><time>2026-07-11T15:50:44Z</time></trkpt>
      <trkpt lat="41.349783" lon="-81.825185"><ele>212.5</ele><time>2026-07-11T15:50:45Z</time></trkpt>
      <trkpt lat="41.349761" lon="-81.825226"><ele>212.5</ele><time>2026-07-11T15:50:46Z</time></trkpt>
      <trkpt lat="41.349739" lon="-81.825266"><ele>212.5</ele><time>2026-07-11T15:50:47Z</time></trkpt>
      <trkpt lat="41.349719" lon="-81.825307"><ele>212.5</ele><time>2026-07-11T15:50:48Z</time></trkpt>
      <trkpt lat="41.3497" lon="-81.825352"><ele>212.5</ele><time>2026-07-11T15:50:49Z</time></trkpt>
      <trkpt lat="41.349684" lon="-81.825396"><ele>212.5</ele><time>2026-07-11T15:50:50Z</time></trkpt>
      <trkpt lat="41.349671" lon="-81.82544"><ele>212.5</ele><time>2026-07-11T15:50:51Z</time></trkpt>
      <trkpt lat="41.349659" lon="-81.825484"><ele>212.5</ele><time>2026-07-11T15:50:52Z</time></trkpt>
      <trkpt lat="41.349647" lon="-81.825527"><ele>212.5</ele><time>2026-07-11T15:50:53Z</time></trkpt>
      <trkpt lat="41.349639" lon="-81.825568"><ele>212.5</ele><time>2026-07-11T15:50:54Z</time></trkpt>
      <trkpt lat="41.349631" lon="-81.825606"><ele>212.5</ele><time>2026-07-11T15:50:55Z</time></trkpt>
      <trkpt lat="41.349623" lon="-81.825641"><ele>212.5</ele><time>2026-07-11T15:50:56Z</time></trkpt>
      <trkpt lat="41.349617" lon="-81.825674"><ele>212.5</ele><time>2026-07-11T15:50:57Z</time></trkpt>
      <trkpt lat="41.34961" lon="-81.825709"><ele>212.5</ele><time>2026-07-11T15:50:58Z</time></trkpt>
      <trkpt lat="41.349606" lon="-81.825748"><ele>212.5</ele><time>2026-07-11T15:50:59Z</time></trkpt>
      <trkpt lat="41.349601" lon="-81.825785"><ele>212.5</ele><time>2026-07-11T15:51:00Z</time></trkpt>
      <trkpt lat="41.349592" lon="-81.825824"><ele>212.5</ele><time>2026-07-11T15:51:01Z</time></trkpt>
      <trkpt lat="41.349578" lon="-81.825864"><ele>212.5</ele><time>2026-07-11T15:51:02Z</time></trkpt>
      <trkpt lat="41.34956" lon="-81.8259"><ele>212.5</ele><time>2026-07-11T15:51:03Z</time></trkpt>
      <trkpt lat="41.34954" lon="-81.825933"><ele>212.5</ele><time>2026-07-11T15:51:04Z</time></trkpt>
      <trkpt lat="41.349517" lon="-81.825962"><ele>212.5</ele><time>2026-07-11T15:51:05Z</time></trkpt>
      <trkpt lat="41.349492" lon="-81.825991"><ele>212.5</ele><time>2026-07-11T15:51:06Z</time></trkpt>
      <trkpt lat="41.349465" lon="-81.826023"><ele>212.5</ele><time>2026-07-11T15:51:07Z</time></trkpt>
      <trkpt lat="41.34944" lon="-81.826057"><ele>212.5</ele><time>2026-07-11T15:51:08Z</time></trkpt>
      <trkpt lat="41.349416" lon="-81.826089"><ele>212.5</ele><time>2026-07-11T15:51:09Z</time></trkpt>
      <trkpt lat="41.349392" lon="-81.826122"><ele>212.5</ele><time>2026-07-11T15:51:10Z</time></trkpt>
      <trkpt lat="41.349369" lon="-81.826153"><ele>212.5</ele><time>2026-07-11T15:51:11Z</time></trkpt>
      <trkpt lat="41.34935" lon="-81.826183"><ele>212.5</ele><time>2026-07-11T15:51:12Z</time></trkpt>
      <trkpt lat="41.349331" lon="-81.826212"><ele>212.5</ele><time>2026-07-11T15:51:13Z</time></trkpt>
      <trkpt lat="41.349313" lon="-81.826241"><ele>212.5</ele><time>2026-07-11T15:51:14Z</time></trkpt>
      <trkpt lat="41.349295" lon="-81.82627"><ele>212.5</ele><time>2026-07-11T15:51:15Z</time></trkpt>
      <trkpt lat="41.349279" lon="-81.826295"><ele>212.5</ele><time>2026-07-11T15:51:16Z</time></trkpt>
      <trkpt lat="41.349265" lon="-81.826322"><ele>212.5</ele><time>2026-07-11T15:51:17Z</time></trkpt>
      <trkpt lat="41.349251" lon="-81.826349"><ele>212.5</ele><time>2026-07-11T15:51:18Z</time></trkpt>
      <trkpt lat="41.349236" lon="-81.826376"><ele>212.5</ele><time>2026-07-11T15:51:19Z</time></trkpt>
      <trkpt lat="41.34922" lon="-81.826406"><ele>212.5</ele><time>2026-07-11T15:51:20Z</time></trkpt>
      <trkpt lat="41.349203" lon="-81.826433"><ele>212.5</ele><time>2026-07-11T15:51:21Z</time></trkpt>
      <trkpt lat="41.349187" lon="-81.826457"><ele>212.5</ele><time>2026-07-11T15:51:22Z</time></trkpt>
      <trkpt lat="41.34917" lon="-81.826482"><ele>212.5</ele><time>2026-07-11T15:51:23Z</time></trkpt>
      <trkpt lat="41.349155" lon="-81.826504"><ele>212.5</ele><time>2026-07-11T15:51:24Z</time></trkpt>
      <trkpt lat="41.34914" lon="-81.826528"><ele>212.5</ele><time>2026-07-11T15:51:25Z</time></trkpt>
      <trkpt lat="41.349124" lon="-81.826552"><ele>212.5</ele><time>2026-07-11T15:51:26Z</time></trkpt>
      <trkpt lat="41.349107" lon="-81.826575"><ele>214.1</ele><time>2026-07-11T15:51:27Z</time></trkpt>
      <trkpt lat="41.349089" lon="-81.826599"><ele>214.1</ele><time>2026-07-11T15:51:28Z</time></trkpt>
      <trkpt lat="41.349071" lon="-81.826622"><ele>214.299</ele><time>2026-07-11T15:51:29Z</time></trkpt>
      <trkpt lat="41.349054" lon="-81.826644"><ele>214.299</ele><time>2026-07-11T15:51:30Z</time></trkpt>
      <trkpt lat="41.349036" lon="-81.826666"><ele>214.299</ele><time>2026-07-11T15:51:31Z</time></trkpt>
      <trkpt lat="41.349017" lon="-81.826689"><ele>214.299</ele><time>2026-07-11T15:51:32Z</time></trkpt>
      <trkpt lat="41.348997" lon="-81.826712"><ele>214.2</ele><time>2026-07-11T15:51:33Z</time></trkpt>
      <trkpt lat="41.348975" lon="-81.826735"><ele>214.2</ele><time>2026-07-11T15:51:34Z</time></trkpt>
      <trkpt lat="41.348954" lon="-81.826759"><ele>214.1</ele><time>2026-07-11T15:51:35Z</time></trkpt>
      <trkpt lat="41.348932" lon="-81.826786"><ele>214.1</ele><time>2026-07-11T15:51:36Z</time></trkpt>
      <trkpt lat="41.34891" lon="-81.826816"><ele>214.2</ele><time>2026-07-11T15:51:37Z</time></trkpt>
      <trkpt lat="41.348887" lon="-81.826849"><ele>214.2</ele><time>2026-07-11T15:51:38Z</time></trkpt>
      <trkpt lat="41.348862" lon="-81.826886"><ele>212.5</ele><time>2026-07-11T15:51:39Z</time></trkpt>
      <trkpt lat="41.348836" lon="-81.826922"><ele>212.5</ele><time>2026-07-11T15:51:40Z</time></trkpt>
      <trkpt lat="41.348809" lon="-81.826959"><ele>212.5</ele><time>2026-07-11T15:51:41Z</time></trkpt>
      <trkpt lat="41.34878" lon="-81.826995"><ele>212.5</ele><time>2026-07-11T15:51:42Z</time></trkpt>
      <trkpt lat="41.348755" lon="-81.827028"><ele>212.5</ele><time>2026-07-11T15:51:43Z</time></trkpt>
      <trkpt lat="41.348731" lon="-81.827056"><ele>212.5</ele><time>2026-07-11T15:51:44Z</time></trkpt>
      <trkpt lat="41.34871" lon="-81.827083"><ele>212.5</ele><time>2026-07-11T15:51:45Z</time></trkpt>
      <trkpt lat="41.34869" lon="-81.827109"><ele>212.5</ele><time>2026-07-11T15:51:46Z</time></trkpt>
      <trkpt lat="41.348671" lon="-81.827132"><ele>212.5</ele><time>2026-07-11T15:51:47Z</time></trkpt>
      <trkpt lat="41.34865" lon="-81.827158"><ele>212.5</ele><time>2026-07-11T15:51:48Z</time></trkpt>
      <trkpt lat="41.348634" lon="-81.82718"><ele>212.5</ele><time>2026-07-11T15:51:49Z</time></trkpt>
      <trkpt lat="41.348619" lon="-81.827201"><ele>212.5</ele><time>2026-07-11T15:51:50Z</time></trkpt>
      <trkpt lat="41.348602" lon="-81.827224"><ele>212.5</ele><time>2026-07-11T15:51:51Z</time></trkpt>
      <trkpt lat="41.348586" lon="-81.827244"><ele>212.5</ele><time>2026-07-11T15:51:52Z</time></trkpt>
      <trkpt lat="41.348568" lon="-81.827265"><ele>212.5</ele><time>2026-07-11T15:51:53Z</time></trkpt>
      <trkpt lat="41.348551" lon="-81.827287"><ele>212.5</ele><time>2026-07-11T15:51:54Z</time></trkpt>
      <trkpt lat="41.348532" lon="-81.82731"><ele>212.5</ele><time>2026-07-11T15:51:55Z</time></trkpt>
      <trkpt lat="41.348514" lon="-81.827333"><ele>212.5</ele><time>2026-07-11T15:51:56Z</time></trkpt>
      <trkpt lat="41.348498" lon="-81.827353"><ele>212.5</ele><time>2026-07-11T15:51:57Z</time></trkpt>
      <trkpt lat="41.348479" lon="-81.827376"><ele>212.5</ele><time>2026-07-11T15:51:58Z</time></trkpt>
      <trkpt lat="41.348463" lon="-81.827392"><ele>212.5</ele><time>2026-07-11T15:51:59Z</time></trkpt>
      <trkpt lat="41.348449" lon="-81.82741"><ele>212.5</ele><time>2026-07-11T15:52:00Z</time></trkpt>
      <trkpt lat="41.348431" lon="-81.827434"><ele>212.5</ele><time>2026-07-11T15:52:01Z</time></trkpt>
      <trkpt lat="41.348414" lon="-81.827455"><ele>212.5</ele><time>2026-07-11T15:52:02Z</time></trkpt>
      <trkpt lat="41.348397" lon="-81.827477"><ele>212.5</ele><time>2026-07-11T15:52:03Z</time></trkpt>
      <trkpt lat="41.348377" lon="-81.827501"><ele>212.5</ele><time>2026-07-11T15:52:04Z</time></trkpt>
      <trkpt lat="41.348356" lon="-81.827523"><ele>212.5</ele><time>2026-07-11T15:52:05Z</time></trkpt>
      <trkpt lat="41.348334" lon="-81.827546"><ele>212.5</ele><time>2026-07-11T15:52:06Z</time></trkpt>
      <trkpt lat="41.348312" lon="-81.827569"><ele>212.5</ele><time>2026-07-11T15:52:07Z</time></trkpt>
      <trkpt lat="41.34829" lon="-81.827595"><ele>212.5</ele><time>2026-07-11T15:52:08Z</time></trkpt>
      <trkpt lat="41.348266" lon="-81.827625"><ele>212.5</ele><time>2026-07-11T15:52:09Z</time></trkpt>
      <trkpt lat="41.348245" lon="-81.827655"><ele>212.5</ele><time>2026-07-11T15:52:10Z</time></trkpt>
      <trkpt lat="41.348226" lon="-81.827685"><ele>212.5</ele><time>2026-07-11T15:52:11Z</time></trkpt>
      <trkpt lat="41.34821" lon="-81.827719"><ele>212.5</ele><time>2026-07-11T15:52:12Z</time></trkpt>
      <trkpt lat="41.348195" lon="-81.827751"><ele>212.5</ele><time>2026-07-11T15:52:13Z</time></trkpt>
      <trkpt lat="41.34818" lon="-81.827781"><ele>212.5</ele><time>2026-07-11T15:52:14Z</time></trkpt>
      <trkpt lat="41.348168" lon="-81.827812"><ele>212.5</ele><time>2026-07-11T15:52:15Z</time></trkpt>
      <trkpt lat="41.348154" lon="-81.827843"><ele>212.5</ele><time>2026-07-11T15:52:16Z</time></trkpt>
      <trkpt lat="41.348136" lon="-81.827874"><ele>212.5</ele><time>2026-07-11T15:52:17Z</time></trkpt>
      <trkpt lat="41.348115" lon="-81.827901"><ele>212.5</ele><time>2026-07-11T15:52:18Z</time></trkpt>
      <trkpt lat="41.348094" lon="-81.82792"><ele>212.5</ele><time>2026-07-11T15:52:19Z</time></trkpt>
      <trkpt lat="41.348073" lon="-81.82794"><ele>212.5</ele><time>2026-07-11T15:52:20Z</time></trkpt>
      <trkpt lat="41.34805" lon="-81.82796"><ele>212.5</ele><time>2026-07-11T15:52:21Z</time></trkpt>
      <trkpt lat="41.34803" lon="-81.82798"><ele>212.5</ele><time>2026-07-11T15:52:22Z</time></trkpt>
      <trkpt lat="41.348011" lon="-81.828003"><ele>212.5</ele><time>2026-07-11T15:52:23Z</time></trkpt>
      <trkpt lat="41.347995" lon="-81.828022"><ele>212.5</ele><time>2026-07-11T15:52:24Z</time></trkpt>
      <trkpt lat="41.347978" lon="-81.828043"><ele>212.5</ele><time>2026-07-11T15:52:25Z</time></trkpt>
      <trkpt lat="41.34796" lon="-81.828068"><ele>212.5</ele><time>2026-07-11T15:52:26Z</time></trkpt>
      <trkpt lat="41.347941" lon="-81.828092"><ele>212.5</ele><time>2026-07-11T15:52:27Z</time></trkpt>
      <trkpt lat="41.347923" lon="-81.828116"><ele>212.5</ele><time>2026-07-11T15:52:28Z</time></trkpt>
      <trkpt lat="41.347906" lon="-81.828138"><ele>212.5</ele><time>2026-07-11T15:52:29Z</time></trkpt>
      <trkpt lat="41.347886" lon="-81.828165"><ele>212.5</ele><time>2026-07-11T15:52:30Z</time></trkpt>
      <trkpt lat="41.347866" lon="-81.828194"><ele>212.5</ele><time>2026-07-11T15:52:31Z</time></trkpt>
      <trkpt lat="41.347848" lon="-81.828219"><ele>212.5</ele><time>2026-07-11T15:52:32Z</time></trkpt>
      <trkpt lat="41.347829" lon="-81.828248"><ele>212.5</ele><time>2026-07-11T15:52:33Z</time></trkpt>
      <trkpt lat="41.34781" lon="-81.828276"><ele>213</ele><time>2026-07-11T15:52:34Z</time></trkpt>
      <trkpt lat="41.347791" lon="-81.828306"><ele>213.5</ele><time>2026-07-11T15:52:35Z</time></trkpt>
      <trkpt lat="41.347769" lon="-81.82834"><ele>213.6</ele><time>2026-07-11T15:52:36Z</time></trkpt>
      <trkpt lat="41.347745" lon="-81.828374"><ele>213.1</ele><time>2026-07-11T15:52:37Z</time></trkpt>
      <trkpt lat="41.347722" lon="-81.828403"><ele>213.1</ele><time>2026-07-11T15:52:38Z</time></trkpt>
      <trkpt lat="41.347701" lon="-81.828432"><ele>213.7</ele><time>2026-07-11T15:52:39Z</time></trkpt>
      <trkpt lat="41.347682" lon="-81.828453"><ele>213.799</ele><time>2026-07-11T15:52:40Z</time></trkpt>
      <trkpt lat="41.347663" lon="-81.828473"><ele>212.799</ele><time>2026-07-11T15:52:41Z</time></trkpt>
      <trkpt lat="41.347644" lon="-81.82849"><ele>212.7</ele><time>2026-07-11T15:52:42Z</time></trkpt>
      <trkpt lat="41.347629" lon="-81.828505"><ele>212.7</ele><time>2026-07-11T15:52:43Z</time></trkpt>
      <trkpt lat="41.347614" lon="-81.828519"><ele>212.799</ele><time>2026-07-11T15:52:44Z</time></trkpt>
      <trkpt lat="41.347598" lon="-81.82853"><ele>213.399</ele><time>2026-07-11T15:52:45Z</time></trkpt>
      <trkpt lat="41.347588" lon="-81.828533"><ele>213.499</ele><time>2026-07-11T15:52:46Z</time></trkpt>
      <trkpt lat="41.34758" lon="-81.828524"><ele>213.499</ele><time>2026-07-11T15:52:47Z</time></trkpt>
      <trkpt lat="41.347575" lon="-81.828521"><ele>213.6</ele><time>2026-07-11T15:52:48Z</time></trkpt>
      <trkpt lat="41.347571" lon="-81.828526"><ele>213.7</ele><time>2026-07-11T15:52:49Z</time></trkpt>
      <trkpt lat="41.347563" lon="-81.82853"><ele>214.6</ele><time>2026-07-11T15:52:50Z</time></trkpt>
      <trkpt lat="41.347556" lon="-81.828536"><ele>214.6</ele><time>2026-07-11T15:52:51Z</time></trkpt>
      <trkpt lat="41.347548" lon="-81.828545"><ele>213.799</ele><time>2026-07-11T15:52:52Z</time></trkpt>
      <trkpt lat="41.347535" lon="-81.828555"><ele>213.799</ele><time>2026-07-11T15:52:53Z</time></trkpt>
      <trkpt lat="41.34752" lon="-81.828566"><ele>213.2</ele><time>2026-07-11T15:52:54Z</time></trkpt>
      <trkpt lat="41.347503" lon="-81.828577"><ele>212.7</ele><time>2026-07-11T15:52:55Z</time></trkpt>
      <trkpt lat="41.347489" lon="-81.828589"><ele>212.799</ele><time>2026-07-11T15:52:56Z</time></trkpt>
      <trkpt lat="41.347476" lon="-81.828598"><ele>212.7</ele><time>2026-07-11T15:52:57Z</time></trkpt>
      <trkpt lat="41.347461" lon="-81.82861"><ele>213.2</ele><time>2026-07-11T15:52:58Z</time></trkpt>
      <trkpt lat="41.347447" lon="-81.828621"><ele>212.899</ele><time>2026-07-11T15:52:59Z</time></trkpt>
      <trkpt lat="41.347435" lon="-81.828628"><ele>212.999</ele><time>2026-07-11T15:53:00Z</time></trkpt>
      <trkpt lat="41.347425" lon="-81.828633"><ele>214.599</ele><time>2026-07-11T15:53:01Z</time></trkpt>
      <trkpt lat="41.347413" lon="-81.828639"><ele>214.699</ele><time>2026-07-11T15:53:02Z</time></trkpt>
      <trkpt lat="41.347401" lon="-81.82865"><ele>214.899</ele><time>2026-07-11T15:53:03Z</time></trkpt>
      <trkpt lat="41.347388" lon="-81.828664"><ele>214.999</ele><time>2026-07-11T15:53:04Z</time></trkpt>
      <trkpt lat="41.347374" lon="-81.828682"><ele>215.099</ele><time>2026-07-11T15:53:05Z</time></trkpt>
      <trkpt lat="41.347358" lon="-81.828708"><ele>215.1</ele><time>2026-07-11T15:53:06Z</time></trkpt>
      <trkpt lat="41.347341" lon="-81.828733"><ele>215.2</ele><time>2026-07-11T15:53:07Z</time></trkpt>
      <trkpt lat="41.347323" lon="-81.828757"><ele>215.299</ele><time>2026-07-11T15:53:08Z</time></trkpt>
      <trkpt lat="41.347305" lon="-81.828778"><ele>214.799</ele><time>2026-07-11T15:53:09Z</time></trkpt>
      <trkpt lat="41.347287" lon="-81.828799"><ele>214.6</ele><time>2026-07-11T15:53:10Z</time></trkpt>
      <trkpt lat="41.347269" lon="-81.828817"><ele>215.5</ele><time>2026-07-11T15:53:11Z</time></trkpt>
      <trkpt lat="41.347253" lon="-81.828834"><ele>214.4</ele><time>2026-07-11T15:53:12Z</time></trkpt>
      <trkpt lat="41.347235" lon="-81.828852"><ele>215.1</ele><time>2026-07-11T15:53:13Z</time></trkpt>
      <trkpt lat="41.347215" lon="-81.82887"><ele>215.1</ele><time>2026-07-11T15:53:14Z</time></trkpt>
      <trkpt lat="41.347195" lon="-81.828888"><ele>215.1</ele><time>2026-07-11T15:53:15Z</time></trkpt>
      <trkpt lat="41.347175" lon="-81.828906"><ele>215.2</ele><time>2026-07-11T15:53:16Z</time></trkpt>
      <trkpt lat="41.347155" lon="-81.828924"><ele>215.5</ele><time>2026-07-11T15:53:17Z</time></trkpt>
      <trkpt lat="41.347136" lon="-81.82894"><ele>216.3</ele><time>2026-07-11T15:53:18Z</time></trkpt>
      <trkpt lat="41.347116" lon="-81.828956"><ele>216.4</ele><time>2026-07-11T15:53:19Z</time></trkpt>
      <trkpt lat="41.347097" lon="-81.828969"><ele>216.5</ele><time>2026-07-11T15:53:20Z</time></trkpt>
      <trkpt lat="41.347078" lon="-81.828982"><ele>215.9</ele><time>2026-07-11T15:53:21Z</time></trkpt>
      <trkpt lat="41.347059" lon="-81.828996"><ele>216</ele><time>2026-07-11T15:53:22Z</time></trkpt>
      <trkpt lat="41.34704" lon="-81.829009"><ele>216.1</ele><time>2026-07-11T15:53:23Z</time></trkpt>
      <trkpt lat="41.34702" lon="-81.829023"><ele>215.6</ele><time>2026-07-11T15:53:24Z</time></trkpt>
      <trkpt lat="41.346999" lon="-81.829037"><ele>215.7</ele><time>2026-07-11T15:53:25Z</time></trkpt>
      <trkpt lat="41.346978" lon="-81.82905"><ele>215.799</ele><time>2026-07-11T15:53:26Z</time></trkpt>
      <trkpt lat="41.346959" lon="-81.829063"><ele>215.899</ele><time>2026-07-11T15:53:27Z</time></trkpt>
      <trkpt lat="41.346941" lon="-81.829074"><ele>215.999</ele><time>2026-07-11T15:53:28Z</time></trkpt>
      <trkpt lat="41.346924" lon="-81.829084"><ele>217.099</ele><time>2026-07-11T15:53:29Z</time></trkpt>
      <trkpt lat="41.346908" lon="-81.829093"><ele>217.199</ele><time>2026-07-11T15:53:30Z</time></trkpt>
      <trkpt lat="41.346892" lon="-81.829103"><ele>217.199</ele><time>2026-07-11T15:53:31Z</time></trkpt>
      <trkpt lat="41.346878" lon="-81.829113"><ele>217.299</ele><time>2026-07-11T15:53:32Z</time></trkpt>
      <trkpt lat="41.346866" lon="-81.829125"><ele>217.3</ele><time>2026-07-11T15:53:33Z</time></trkpt>
      <trkpt lat="41.346855" lon="-81.829138"><ele>217.3</ele><time>2026-07-11T15:53:34Z</time></trkpt>
      <trkpt lat="41.346844" lon="-81.82915"><ele>217.4</ele><time>2026-07-11T15:53:35Z</time></trkpt>
      <trkpt lat="41.346834" lon="-81.829163"><ele>217.2</ele><time>2026-07-11T15:53:36Z</time></trkpt>
      <trkpt lat="41.346825" lon="-81.829176"><ele>217.5</ele><time>2026-07-11T15:53:37Z</time></trkpt>
      <trkpt lat="41.346814" lon="-81.82919"><ele>217.5</ele><time>2026-07-11T15:53:38Z</time></trkpt>
      <trkpt lat="41.346804" lon="-81.829206"><ele>217.5</ele><time>2026-07-11T15:53:39Z</time></trkpt>
      <trkpt lat="41.346795" lon="-81.829224"><ele>217.5</ele><time>2026-07-11T15:53:40Z</time></trkpt>
      <trkpt lat="41.346787" lon="-81.829244"><ele>217.5</ele><time>2026-07-11T15:53:41Z</time></trkpt>
      <trkpt lat="41.346776" lon="-81.829265"><ele>217.5</ele><time>2026-07-11T15:53:42Z</time></trkpt>
      <trkpt lat="41.346762" lon="-81.829283"><ele>219.3</ele><time>2026-07-11T15:53:43Z</time></trkpt>
      <trkpt lat="41.346743" lon="-81.8293"><ele>217.6</ele><time>2026-07-11T15:53:44Z</time></trkpt>
      <trkpt lat="41.346723" lon="-81.829315"><ele>219.3</ele><time>2026-07-11T15:53:45Z</time></trkpt>
      <trkpt lat="41.346705" lon="-81.82933"><ele>219.3</ele><time>2026-07-11T15:53:46Z</time></trkpt>
      <trkpt lat="41.346686" lon="-81.829347"><ele>219.3</ele><time>2026-07-11T15:53:47Z</time></trkpt>
      <trkpt lat="41.346668" lon="-81.82936"><ele>219.3</ele><time>2026-07-11T15:53:48Z</time></trkpt>
      <trkpt lat="41.346645" lon="-81.829373"><ele>219.3</ele><time>2026-07-11T15:53:49Z</time></trkpt>
      <trkpt lat="41.346621" lon="-81.829386"><ele>219.3</ele><time>2026-07-11T15:53:50Z</time></trkpt>
      <trkpt lat="41.346599" lon="-81.829395"><ele>219.3</ele><time>2026-07-11T15:53:51Z</time></trkpt>
      <trkpt lat="41.346578" lon="-81.829405"><ele>219.3</ele><time>2026-07-11T15:53:52Z</time></trkpt>
      <trkpt lat="41.346557" lon="-81.829416"><ele>219.3</ele><time>2026-07-11T15:53:53Z</time></trkpt>
      <trkpt lat="41.346533" lon="-81.829428"><ele>219.3</ele><time>2026-07-11T15:53:54Z</time></trkpt>
      <trkpt lat="41.346506" lon="-81.829438"><ele>219.3</ele><time>2026-07-11T15:53:55Z</time></trkpt>
      <trkpt lat="41.346478" lon="-81.829447"><ele>219.3</ele><time>2026-07-11T15:53:56Z</time></trkpt>
      <trkpt lat="41.346448" lon="-81.829456"><ele>219.3</ele><time>2026-07-11T15:53:57Z</time></trkpt>
      <trkpt lat="41.346416" lon="-81.829467"><ele>219.3</ele><time>2026-07-11T15:53:58Z</time></trkpt>
      <trkpt lat="41.34638" lon="-81.829476"><ele>219.3</ele><time>2026-07-11T15:53:59Z</time></trkpt>
      <trkpt lat="41.346341" lon="-81.829488"><ele>219.3</ele><time>2026-07-11T15:54:00Z</time></trkpt>
      <trkpt lat="41.346301" lon="-81.829497"><ele>219.3</ele><time>2026-07-11T15:54:01Z</time></trkpt>
      <trkpt lat="41.346265" lon="-81.829504"><ele>219.3</ele><time>2026-07-11T15:54:02Z</time></trkpt>
      <trkpt lat="41.346232" lon="-81.829511"><ele>219.3</ele><time>2026-07-11T15:54:03Z</time></trkpt>
      <trkpt lat="41.346199" lon="-81.829516"><ele>219.3</ele><time>2026-07-11T15:54:04Z</time></trkpt>
      <trkpt lat="41.346169" lon="-81.829523"><ele>219.3</ele><time>2026-07-11T15:54:05Z</time></trkpt>
      <trkpt lat="41.346139" lon="-81.82953"><ele>219.3</ele><time>2026-07-11T15:54:06Z</time></trkpt>
      <trkpt lat="41.34611" lon="-81.829536"><ele>219.3</ele><time>2026-07-11T15:54:07Z</time></trkpt>
      <trkpt lat="41.34608" lon="-81.829541"><ele>219.3</ele><time>2026-07-11T15:54:08Z</time></trkpt>
      <trkpt lat="41.346051" lon="-81.829548"><ele>220.5</ele><time>2026-07-11T15:54:09Z</time></trkpt>
      <trkpt lat="41.346022" lon="-81.829553"><ele>220.5</ele><time>2026-07-11T15:54:10Z</time></trkpt>
      <trkpt lat="41.345991" lon="-81.829557"><ele>220.5</ele><time>2026-07-11T15:54:11Z</time></trkpt>
      <trkpt lat="41.345961" lon="-81.829561"><ele>220.5</ele><time>2026-07-11T15:54:12Z</time></trkpt>
      <trkpt lat="41.34593" lon="-81.829567"><ele>220.5</ele><time>2026-07-11T15:54:13Z</time></trkpt>
      <trkpt lat="41.345902" lon="-81.829573"><ele>220.5</ele><time>2026-07-11T15:54:14Z</time></trkpt>
      <trkpt lat="41.345875" lon="-81.829582"><ele>220.5</ele><time>2026-07-11T15:54:15Z</time></trkpt>
      <trkpt lat="41.345849" lon="-81.829592"><ele>220.5</ele><time>2026-07-11T15:54:16Z</time></trkpt>
      <trkpt lat="41.345821" lon="-81.829601"><ele>220.5</ele><time>2026-07-11T15:54:17Z</time></trkpt>
      <trkpt lat="41.345794" lon="-81.829609"><ele>220.5</ele><time>2026-07-11T15:54:18Z</time></trkpt>
      <trkpt lat="41.345766" lon="-81.829616"><ele>220.5</ele><time>2026-07-11T15:54:19Z</time></trkpt>
      <trkpt lat="41.345738" lon="-81.829619"><ele>220.5</ele><time>2026-07-11T15:54:20Z</time></trkpt>
      <trkpt lat="41.345712" lon="-81.829622"><ele>220.5</ele><time>2026-07-11T15:54:21Z</time></trkpt>
      <trkpt lat="41.345687" lon="-81.829625"><ele>220.5</ele><time>2026-07-11T15:54:22Z</time></trkpt>
      <trkpt lat="41.34566" lon="-81.829626"><ele>220.5</ele><time>2026-07-11T15:54:23Z</time></trkpt>
      <trkpt lat="41.345631" lon="-81.829625"><ele>220.5</ele><time>2026-07-11T15:54:24Z</time></trkpt>
      <trkpt lat="41.345597" lon="-81.829625"><ele>220.5</ele><time>2026-07-11T15:54:25Z</time></trkpt>
      <trkpt lat="41.345566" lon="-81.82963"><ele>220.5</ele><time>2026-07-11T15:54:26Z</time></trkpt>
      <trkpt lat="41.345539" lon="-81.829635"><ele>220.5</ele><time>2026-07-11T15:54:27Z</time></trkpt>
      <trkpt lat="41.345512" lon="-81.829637"><ele>220.5</ele><time>2026-07-11T15:54:28Z</time></trkpt>
      <trkpt lat="41.345485" lon="-81.829638"><ele>220.5</ele><time>2026-07-11T15:54:29Z</time></trkpt>
      <trkpt lat="41.345454" lon="-81.829636"><ele>220.5</ele><time>2026-07-11T15:54:30Z</time></trkpt>
      <trkpt lat="41.345419" lon="-81.829635"><ele>220.5</ele><time>2026-07-11T15:54:31Z</time></trkpt>
      <trkpt lat="41.345383" lon="-81.829634"><ele>220.5</ele><time>2026-07-11T15:54:32Z</time></trkpt>
      <trkpt lat="41.345348" lon="-81.829633"><ele>220.5</ele><time>2026-07-11T15:54:33Z</time></trkpt>
      <trkpt lat="41.345313" lon="-81.829634"><ele>220.5</ele><time>2026-07-11T15:54:34Z</time></trkpt>
      <trkpt lat="41.345283" lon="-81.829634"><ele>220.5</ele><time>2026-07-11T15:54:35Z</time></trkpt>
      <trkpt lat="41.345256" lon="-81.829635"><ele>220.5</ele><time>2026-07-11T15:54:36Z</time></trkpt>
      <trkpt lat="41.345232" lon="-81.829634"><ele>220.5</ele><time>2026-07-11T15:54:37Z</time></trkpt>
      <trkpt lat="41.345206" lon="-81.829635"><ele>220.5</ele><time>2026-07-11T15:54:38Z</time></trkpt>
      <trkpt lat="41.345178" lon="-81.829634"><ele>220.5</ele><time>2026-07-11T15:54:39Z</time></trkpt>
      <trkpt lat="41.345146" lon="-81.829634"><ele>220.5</ele><time>2026-07-11T15:54:40Z</time></trkpt>
      <trkpt lat="41.345118" lon="-81.829633"><ele>220.5</ele><time>2026-07-11T15:54:41Z</time></trkpt>
      <trkpt lat="41.345092" lon="-81.829635"><ele>220.5</ele><time>2026-07-11T15:54:42Z</time></trkpt>
      <trkpt lat="41.345066" lon="-81.829641"><ele>220.5</ele><time>2026-07-11T15:54:43Z</time></trkpt>
      <trkpt lat="41.345035" lon="-81.829646"><ele>220.5</ele><time>2026-07-11T15:54:44Z</time></trkpt>
      <trkpt lat="41.345009" lon="-81.829647"><ele>220.5</ele><time>2026-07-11T15:54:45Z</time></trkpt>
      <trkpt lat="41.344979" lon="-81.829645"><ele>220.5</ele><time>2026-07-11T15:54:46Z</time></trkpt>
      <trkpt lat="41.344945" lon="-81.829647"><ele>220.5</ele><time>2026-07-11T15:54:47Z</time></trkpt>
      <trkpt lat="41.344914" lon="-81.829648"><ele>220.5</ele><time>2026-07-11T15:54:48Z</time></trkpt>
      <trkpt lat="41.344887" lon="-81.829652"><ele>220.5</ele><time>2026-07-11T15:54:49Z</time></trkpt>
      <trkpt lat="41.344863" lon="-81.829655"><ele>220.5</ele><time>2026-07-11T15:54:50Z</time></trkpt>
      <trkpt lat="41.344837" lon="-81.829659"><ele>220.5</ele><time>2026-07-11T15:54:51Z</time></trkpt>
      <trkpt lat="41.344811" lon="-81.829661"><ele>220.5</ele><time>2026-07-11T15:54:52Z</time></trkpt>
      <trkpt lat="41.344783" lon="-81.829661"><ele>220.5</ele><time>2026-07-11T15:54:53Z</time></trkpt>
      <trkpt lat="41.344752" lon="-81.829662"><ele>220.5</ele><time>2026-07-11T15:54:54Z</time></trkpt>
      <trkpt lat="41.344727" lon="-81.829668"><ele>220.5</ele><time>2026-07-11T15:54:55Z</time></trkpt>
      <trkpt lat="41.344704" lon="-81.829675"><ele>220.5</ele><time>2026-07-11T15:54:56Z</time></trkpt>
      <trkpt lat="41.344681" lon="-81.829684"><ele>220.5</ele><time>2026-07-11T15:54:57Z</time></trkpt>
      <trkpt lat="41.344656" lon="-81.829688"><ele>220.5</ele><time>2026-07-11T15:54:58Z</time></trkpt>
      <trkpt lat="41.344618" lon="-81.82969"><ele>220.5</ele><time>2026-07-11T15:54:59Z</time></trkpt>
      <trkpt lat="41.344581" lon="-81.829693"><ele>220.5</ele><time>2026-07-11T15:55:00Z</time></trkpt>
      <trkpt lat="41.344545" lon="-81.829694"><ele>220.5</ele><time>2026-07-11T15:55:01Z</time></trkpt>
      <trkpt lat="41.344509" lon="-81.829695"><ele>220.5</ele><time>2026-07-11T15:55:02Z</time></trkpt>
      <trkpt lat="41.344475" lon="-81.829698"><ele>220.5</ele><time>2026-07-11T15:55:03Z</time></trkpt>
      <trkpt lat="41.344445" lon="-81.8297"><ele>220.5</ele><time>2026-07-11T15:55:04Z</time></trkpt>
      <trkpt lat="41.344412" lon="-81.829705"><ele>220.5</ele><time>2026-07-11T15:55:05Z</time></trkpt>
      <trkpt lat="41.344376" lon="-81.829711"><ele>220.5</ele><time>2026-07-11T15:55:06Z</time></trkpt>
      <trkpt lat="41.344338" lon="-81.829715"><ele>220.5</ele><time>2026-07-11T15:55:07Z</time></trkpt>
      <trkpt lat="41.344303" lon="-81.829716"><ele>220.5</ele><time>2026-07-11T15:55:08Z</time></trkpt>
      <trkpt lat="41.344268" lon="-81.82972"><ele>220.5</ele><time>2026-07-11T15:55:09Z</time></trkpt>
      <trkpt lat="41.344234" lon="-81.829724"><ele>220.5</ele><time>2026-07-11T15:55:10Z</time></trkpt>
      <trkpt lat="41.3442" lon="-81.82973"><ele>220.5</ele><time>2026-07-11T15:55:11Z</time></trkpt>
      <trkpt lat="41.344168" lon="-81.829735"><ele>220.5</ele><time>2026-07-11T15:55:12Z</time></trkpt>
      <trkpt lat="41.344136" lon="-81.829739"><ele>220.5</ele><time>2026-07-11T15:55:13Z</time></trkpt>
      <trkpt lat="41.3441" lon="-81.829742"><ele>220.5</ele><time>2026-07-11T15:55:14Z</time></trkpt>
      <trkpt lat="41.344068" lon="-81.829744"><ele>220.5</ele><time>2026-07-11T15:55:15Z</time></trkpt>
      <trkpt lat="41.344039" lon="-81.829744"><ele>220.5</ele><time>2026-07-11T15:55:16Z</time></trkpt>
      <trkpt lat="41.344008" lon="-81.829746"><ele>220.5</ele><time>2026-07-11T15:55:17Z</time></trkpt>
      <trkpt lat="41.343975" lon="-81.82975"><ele>220.5</ele><time>2026-07-11T15:55:18Z</time></trkpt>
      <trkpt lat="41.343943" lon="-81.829754"><ele>220.5</ele><time>2026-07-11T15:55:19Z</time></trkpt>
      <trkpt lat="41.343912" lon="-81.829759"><ele>220.5</ele><time>2026-07-11T15:55:20Z</time></trkpt>
      <trkpt lat="41.343881" lon="-81.829764"><ele>220.5</ele><time>2026-07-11T15:55:21Z</time></trkpt>
      <trkpt lat="41.343851" lon="-81.829771"><ele>220.5</ele><time>2026-07-11T15:55:22Z</time></trkpt>
      <trkpt lat="41.343821" lon="-81.829777"><ele>220.5</ele><time>2026-07-11T15:55:23Z</time></trkpt>
      <trkpt lat="41.343794" lon="-81.829781"><ele>220.5</ele><time>2026-07-11T15:55:24Z</time></trkpt>
      <trkpt lat="41.343767" lon="-81.829785"><ele>220.5</ele><time>2026-07-11T15:55:25Z</time></trkpt>
      <trkpt lat="41.343739" lon="-81.829788"><ele>220.5</ele><time>2026-07-11T15:55:26Z</time></trkpt>
      <trkpt lat="41.343713" lon="-81.829792"><ele>220.5</ele><time>2026-07-11T15:55:27Z</time></trkpt>
      <trkpt lat="41.343691" lon="-81.829799"><ele>220.5</ele><time>2026-07-11T15:55:28Z</time></trkpt>
      <trkpt lat="41.343668" lon="-81.829806"><ele>220.5</ele><time>2026-07-11T15:55:29Z</time></trkpt>
      <trkpt lat="41.343643" lon="-81.829812"><ele>220.5</ele><time>2026-07-11T15:55:30Z</time></trkpt>
      <trkpt lat="41.34362" lon="-81.829818"><ele>220.5</ele><time>2026-07-11T15:55:31Z</time></trkpt>
      <trkpt lat="41.343595" lon="-81.829819"><ele>220.5</ele><time>2026-07-11T15:55:32Z</time></trkpt>
      <trkpt lat="41.343571" lon="-81.829821"><ele>220.5</ele><time>2026-07-11T15:55:33Z</time></trkpt>
      <trkpt lat="41.343548" lon="-81.829826"><ele>220.5</ele><time>2026-07-11T15:55:34Z</time></trkpt>
      <trkpt lat="41.343521" lon="-81.829834"><ele>220.5</ele><time>2026-07-11T15:55:35Z</time></trkpt>
      <trkpt lat="41.343496" lon="-81.829839"><ele>220.5</ele><time>2026-07-11T15:55:36Z</time></trkpt>
      <trkpt lat="41.343469" lon="-81.829843"><ele>220.5</ele><time>2026-07-11T15:55:37Z</time></trkpt>
      <trkpt lat="41.343442" lon="-81.82985"><ele>220.5</ele><time>2026-07-11T15:55:38Z</time></trkpt>
      <trkpt lat="41.343415" lon="-81.829855"><ele>220.5</ele><time>2026-07-11T15:55:39Z</time></trkpt>
      <trkpt lat="41.34339" lon="-81.829859"><ele>220.5</ele><time>2026-07-11T15:55:40Z</time></trkpt>
      <trkpt lat="41.343374" lon="-81.829861"><ele>220.5</ele><time>2026-07-11T15:55:41Z</time></trkpt>
      <trkpt lat="41.343359" lon="-81.829863"><ele>220.5</ele><time>2026-07-11T15:55:42Z</time></trkpt>
      <trkpt lat="41.343344" lon="-81.829869"><ele>220.5</ele><time>2026-07-11T15:55:43Z</time></trkpt>
      <trkpt lat="41.343328" lon="-81.829873"><ele>220.5</ele><time>2026-07-11T15:55:44Z</time></trkpt>
      <trkpt lat="41.343311" lon="-81.829875"><ele>220.5</ele><time>2026-07-11T15:55:45Z</time></trkpt>
      <trkpt lat="41.343291" lon="-81.829874"><ele>220.5</ele><time>2026-07-11T15:55:46Z</time></trkpt>
      <trkpt lat="41.343269" lon="-81.829869"><ele>220.5</ele><time>2026-07-11T15:55:47Z</time></trkpt>
      <trkpt lat="41.343248" lon="-81.829863"><ele>220.5</ele><time>2026-07-11T15:55:48Z</time></trkpt>
      <trkpt lat="41.343225" lon="-81.829856"><ele>220.5</ele><time>2026-07-11T15:55:49Z</time></trkpt>
      <trkpt lat="41.3432" lon="-81.829847"><ele>220.5</ele><time>2026-07-11T15:55:50Z</time></trkpt>
      <trkpt lat="41.343177" lon="-81.829833"><ele>220.5</ele><time>2026-07-11T15:55:51Z</time></trkpt>
      <trkpt lat="41.343161" lon="-81.829816"><ele>220.5</ele><time>2026-07-11T15:55:52Z</time></trkpt>
      <trkpt lat="41.343147" lon="-81.829801"><ele>220.5</ele><time>2026-07-11T15:55:53Z</time></trkpt>
      <trkpt lat="41.34313" lon="-81.829788"><ele>220.5</ele><time>2026-07-11T15:55:54Z</time></trkpt>
      <trkpt lat="41.343106" lon="-81.829777"><ele>220.5</ele><time>2026-07-11T15:55:55Z</time></trkpt>
      <trkpt lat="41.343083" lon="-81.829778"><ele>220.5</ele><time>2026-07-11T15:55:56Z</time></trkpt>
      <trkpt lat="41.343061" lon="-81.82979"><ele>220.5</ele><time>2026-07-11T15:55:57Z</time></trkpt>
      <trkpt lat="41.34304" lon="-81.829809"><ele>220.5</ele><time>2026-07-11T15:55:58Z</time></trkpt>
      <trkpt lat="41.343018" lon="-81.829827"><ele>220.5</ele><time>2026-07-11T15:55:59Z</time></trkpt>
      <trkpt lat="41.342992" lon="-81.829846"><ele>220.5</ele><time>2026-07-11T15:56:00Z</time></trkpt>
      <trkpt lat="41.342964" lon="-81.829865"><ele>220.5</ele><time>2026-07-11T15:56:01Z</time></trkpt>
      <trkpt lat="41.342936" lon="-81.829884"><ele>220.5</ele><time>2026-07-11T15:56:02Z</time></trkpt>
      <trkpt lat="41.342905" lon="-81.829912"><ele>220.5</ele><time>2026-07-11T15:56:03Z</time></trkpt>
      <trkpt lat="41.342878" lon="-81.82994"><ele>220.5</ele><time>2026-07-11T15:56:04Z</time></trkpt>
      <trkpt lat="41.342856" lon="-81.829964"><ele>220.5</ele><time>2026-07-11T15:56:05Z</time></trkpt>
      <trkpt lat="41.342834" lon="-81.829991"><ele>220.5</ele><time>2026-07-11T15:56:06Z</time></trkpt>
      <trkpt lat="41.342806" lon="-81.83002"><ele>220.5</ele><time>2026-07-11T15:56:07Z</time></trkpt>
      <trkpt lat="41.342782" lon="-81.830051"><ele>220.5</ele><time>2026-07-11T15:56:08Z</time></trkpt>
      <trkpt lat="41.342757" lon="-81.830083"><ele>220.6</ele><time>2026-07-11T15:56:09Z</time></trkpt>
      <trkpt lat="41.342736" lon="-81.83011"><ele>220.5</ele><time>2026-07-11T15:56:10Z</time></trkpt>
      <trkpt lat="41.342712" lon="-81.830136"><ele>220.7</ele><time>2026-07-11T15:56:11Z</time></trkpt>
      <trkpt lat="41.342682" lon="-81.83016"><ele>220.799</ele><time>2026-07-11T15:56:12Z</time></trkpt>
      <trkpt lat="41.342649" lon="-81.830187"><ele>220.799</ele><time>2026-07-11T15:56:13Z</time></trkpt>
      <trkpt lat="41.342615" lon="-81.830212"><ele>220.799</ele><time>2026-07-11T15:56:14Z</time></trkpt>
      <trkpt lat="41.342577" lon="-81.830232"><ele>220.8</ele><time>2026-07-11T15:56:15Z</time></trkpt>
      <trkpt lat="41.342543" lon="-81.830253"><ele>220.8</ele><time>2026-07-11T15:56:16Z</time></trkpt>
      <trkpt lat="41.342513" lon="-81.830275"><ele>220.9</ele><time>2026-07-11T15:56:17Z</time></trkpt>
      <trkpt lat="41.342486" lon="-81.8303"><ele>221</ele><time>2026-07-11T15:56:18Z</time></trkpt>
      <trkpt lat="41.342458" lon="-81.830326"><ele>221</ele><time>2026-07-11T15:56:19Z</time></trkpt>
      <trkpt lat="41.342432" lon="-81.830352"><ele>221</ele><time>2026-07-11T15:56:20Z</time></trkpt>
      <trkpt lat="41.342406" lon="-81.830376"><ele>221.1</ele><time>2026-07-11T15:56:21Z</time></trkpt>
      <trkpt lat="41.342382" lon="-81.8304"><ele>221.1</ele><time>2026-07-11T15:56:22Z</time></trkpt>
      <trkpt lat="41.342358" lon="-81.830425"><ele>221</ele><time>2026-07-11T15:56:23Z</time></trkpt>
      <trkpt lat="41.342333" lon="-81.83045"><ele>221</ele><time>2026-07-11T15:56:24Z</time></trkpt>
      <trkpt lat="41.342307" lon="-81.830476"><ele>221</ele><time>2026-07-11T15:56:25Z</time></trkpt>
      <trkpt lat="41.342282" lon="-81.830502"><ele>220.9</ele><time>2026-07-11T15:56:26Z</time></trkpt>
      <trkpt lat="41.342258" lon="-81.830527"><ele>220.8</ele><time>2026-07-11T15:56:27Z</time></trkpt>
      <trkpt lat="41.342234" lon="-81.830553"><ele>220.8</ele><time>2026-07-11T15:56:28Z</time></trkpt>
      <trkpt lat="41.34221" lon="-81.830579"><ele>220.6</ele><time>2026-07-11T15:56:29Z</time></trkpt>
      <trkpt lat="41.342185" lon="-81.830605"><ele>220.6</ele><time>2026-07-11T15:56:30Z</time></trkpt>
      <trkpt lat="41.342159" lon="-81.830631"><ele>220.6</ele><time>2026-07-11T15:56:31Z</time></trkpt>
      <trkpt lat="41.342133" lon="-81.830657"><ele>220.6</ele><time>2026-07-11T15:56:32Z</time></trkpt>
      <trkpt lat="41.342106" lon="-81.830685"><ele>220.4</ele><time>2026-07-11T15:56:33Z</time></trkpt>
      <trkpt lat="41.342079" lon="-81.830714"><ele>220.5</ele><time>2026-07-11T15:56:34Z</time></trkpt>
      <trkpt lat="41.34205" lon="-81.830743"><ele>220.6</ele><time>2026-07-11T15:56:35Z</time></trkpt>
      <trkpt lat="41.34202" lon="-81.830772"><ele>220.4</ele><time>2026-07-11T15:56:36Z</time></trkpt>
      <trkpt lat="41.341989" lon="-81.830802"><ele>220.4</ele><time>2026-07-11T15:56:37Z</time></trkpt>
      <trkpt lat="41.341957" lon="-81.830834"><ele>220.2</ele><time>2026-07-11T15:56:38Z</time></trkpt>
      <trkpt lat="41.341927" lon="-81.830866"><ele>220.2</ele><time>2026-07-11T15:56:39Z</time></trkpt>
      <trkpt lat="41.341898" lon="-81.830901"><ele>220.1</ele><time>2026-07-11T15:56:40Z</time></trkpt>
      <trkpt lat="41.341869" lon="-81.830938"><ele>220.3</ele><time>2026-07-11T15:56:41Z</time></trkpt>
      <trkpt lat="41.341842" lon="-81.830978"><ele>220.1</ele><time>2026-07-11T15:56:42Z</time></trkpt>
      <trkpt lat="41.341815" lon="-81.831021"><ele>220</ele><time>2026-07-11T15:56:43Z</time></trkpt>
      <trkpt lat="41.341785" lon="-81.831068"><ele>219.6</ele><time>2026-07-11T15:56:44Z</time></trkpt>
      <trkpt lat="41.341755" lon="-81.831119"><ele>219.1</ele><time>2026-07-11T15:56:45Z</time></trkpt>
      <trkpt lat="41.341724" lon="-81.831172"><ele>219</ele><time>2026-07-11T15:56:46Z</time></trkpt>
      <trkpt lat="41.341691" lon="-81.831227"><ele>218.9</ele><time>2026-07-11T15:56:47Z</time></trkpt>
      <trkpt lat="41.341656" lon="-81.831285"><ele>218.7</ele><time>2026-07-11T15:56:48Z</time></trkpt>
      <trkpt lat="41.341618" lon="-81.831346"><ele>218.6</ele><time>2026-07-11T15:56:49Z</time></trkpt>
      <trkpt lat="41.34158" lon="-81.83141"><ele>218.4</ele><time>2026-07-11T15:56:50Z</time></trkpt>
      <trkpt lat="41.341541" lon="-81.831476"><ele>218.3</ele><time>2026-07-11T15:56:51Z</time></trkpt>
      <trkpt lat="41.341501" lon="-81.831544"><ele>218</ele><time>2026-07-11T15:56:52Z</time></trkpt>
      <trkpt lat="41.34146" lon="-81.831613"><ele>217.7</ele><time>2026-07-11T15:56:53Z</time></trkpt>
      <trkpt lat="41.341421" lon="-81.831683"><ele>217.5</ele><time>2026-07-11T15:56:54Z</time></trkpt>
      <trkpt lat="41.341383" lon="-81.831755"><ele>217.3</ele><time>2026-07-11T15:56:55Z</time></trkpt>
      <trkpt lat="41.341347" lon="-81.831827"><ele>217</ele><time>2026-07-11T15:56:56Z</time></trkpt>
      <trkpt lat="41.341311" lon="-81.831899"><ele>216.6</ele><time>2026-07-11T15:56:57Z</time></trkpt>
      <trkpt lat="41.341275" lon="-81.831972"><ele>216.299</ele><time>2026-07-11T15:56:58Z</time></trkpt>
      <trkpt lat="41.34124" lon="-81.832045"><ele>215.999</ele><time>2026-07-11T15:56:59Z</time></trkpt>
      <trkpt lat="41.341204" lon="-81.832118"><ele>215.7</ele><time>2026-07-11T15:57:00Z</time></trkpt>
      <trkpt lat="41.341173" lon="-81.832191"><ele>215.299</ele><time>2026-07-11T15:57:01Z</time></trkpt>
      <trkpt lat="41.341143" lon="-81.832265"><ele>214.899</ele><time>2026-07-11T15:57:02Z</time></trkpt>
      <trkpt lat="41.341115" lon="-81.832342"><ele>214.499</ele><time>2026-07-11T15:57:03Z</time></trkpt>
      <trkpt lat="41.34109" lon="-81.832422"><ele>213.999</ele><time>2026-07-11T15:57:04Z</time></trkpt>
      <trkpt lat="41.341069" lon="-81.832504"><ele>213.599</ele><time>2026-07-11T15:57:05Z</time></trkpt>
      <trkpt lat="41.34105" lon="-81.832588"><ele>213.399</ele><time>2026-07-11T15:57:06Z</time></trkpt>
      <trkpt lat="41.341036" lon="-81.832674"><ele>213.099</ele><time>2026-07-11T15:57:07Z</time></trkpt>
      <trkpt lat="41.341026" lon="-81.832763"><ele>212.599</ele><time>2026-07-11T15:57:08Z</time></trkpt>
      <trkpt lat="41.341019" lon="-81.832852"><ele>212.1</ele><time>2026-07-11T15:57:09Z</time></trkpt>
      <trkpt lat="41.341016" lon="-81.83294"><ele>212</ele><time>2026-07-11T15:57:10Z</time></trkpt>
      <trkpt lat="41.341018" lon="-81.833027"><ele>211.7</ele><time>2026-07-11T15:57:11Z</time></trkpt>
      <trkpt lat="41.341024" lon="-81.833114"><ele>211.5</ele><time>2026-07-11T15:57:12Z</time></trkpt>
      <trkpt lat="41.341033" lon="-81.833201"><ele>211.3</ele><time>2026-07-11T15:57:13Z</time></trkpt>
      <trkpt lat="41.341046" lon="-81.833288"><ele>211</ele><time>2026-07-11T15:57:14Z</time></trkpt>
      <trkpt lat="41.341064" lon="-81.833372"><ele>210.7</ele><time>2026-07-11T15:57:15Z</time></trkpt>
      <trkpt lat="41.341089" lon="-81.833453"><ele>210.5</ele><time>2026-07-11T15:57:16Z</time></trkpt>
      <trkpt lat="41.34112" lon="-81.833529"><ele>210.2</ele><time>2026-07-11T15:57:17Z</time></trkpt>
      <trkpt lat="41.341156" lon="-81.8336"><ele>210</ele><time>2026-07-11T15:57:18Z</time></trkpt>
      <trkpt lat="41.341196" lon="-81.833667"><ele>209.7</ele><time>2026-07-11T15:57:19Z</time></trkpt>
      <trkpt lat="41.341241" lon="-81.833729"><ele>209.5</ele><time>2026-07-11T15:57:20Z</time></trkpt>
      <trkpt lat="41.341287" lon="-81.833789"><ele>209.3</ele><time>2026-07-11T15:57:21Z</time></trkpt>
      <trkpt lat="41.341334" lon="-81.833846"><ele>209.2</ele><time>2026-07-11T15:57:22Z</time></trkpt>
      <trkpt lat="41.341381" lon="-81.833903"><ele>209</ele><time>2026-07-11T15:57:23Z</time></trkpt>
      <trkpt lat="41.341426" lon="-81.83396"><ele>208.8</ele><time>2026-07-11T15:57:24Z</time></trkpt>
      <trkpt lat="41.341468" lon="-81.834018"><ele>208.6</ele><time>2026-07-11T15:57:25Z</time></trkpt>
      <trkpt lat="41.341508" lon="-81.834078"><ele>208.5</ele><time>2026-07-11T15:57:26Z</time></trkpt>
      <trkpt lat="41.341545" lon="-81.83414"><ele>208.5</ele><time>2026-07-11T15:57:27Z</time></trkpt>
      <trkpt lat="41.341578" lon="-81.834203"><ele>208.3</ele><time>2026-07-11T15:57:28Z</time></trkpt>
      <trkpt lat="41.341608" lon="-81.834268"><ele>208.1</ele><time>2026-07-11T15:57:29Z</time></trkpt>
      <trkpt lat="41.341634" lon="-81.834334"><ele>207.8</ele><time>2026-07-11T15:57:30Z</time></trkpt>
      <trkpt lat="41.341657" lon="-81.834402"><ele>207.7</ele><time>2026-07-11T15:57:31Z</time></trkpt>
      <trkpt lat="41.341677" lon="-81.834469"><ele>207.6</ele><time>2026-07-11T15:57:32Z</time></trkpt>
      <trkpt lat="41.341694" lon="-81.834537"><ele>207.5</ele><time>2026-07-11T15:57:33Z</time></trkpt>
      <trkpt lat="41.341707" lon="-81.834605"><ele>207.4</ele><time>2026-07-11T15:57:34Z</time></trkpt>
      <trkpt lat="41.341718" lon="-81.834672"><ele>207.3</ele><time>2026-07-11T15:57:35Z</time></trkpt>
      <trkpt lat="41.341727" lon="-81.834739"><ele>207.3</ele><time>2026-07-11T15:57:36Z</time></trkpt>
      <trkpt lat="41.341733" lon="-81.834805"><ele>207.3</ele><time>2026-07-11T15:57:37Z</time></trkpt>
      <trkpt lat="41.341739" lon="-81.834871"><ele>207.2</ele><time>2026-07-11T15:57:38Z</time></trkpt>
      <trkpt lat="41.341742" lon="-81.834935"><ele>207.3</ele><time>2026-07-11T15:57:39Z</time></trkpt>
      <trkpt lat="41.341746" lon="-81.835"><ele>207.2</ele><time>2026-07-11T15:57:40Z</time></trkpt>
      <trkpt lat="41.34175" lon="-81.835063"><ele>207.1</ele><time>2026-07-11T15:57:41Z</time></trkpt>
      <trkpt lat="41.341754" lon="-81.835126"><ele>207</ele><time>2026-07-11T15:57:42Z</time></trkpt>
      <trkpt lat="41.341758" lon="-81.835189"><ele>207</ele><time>2026-07-11T15:57:43Z</time></trkpt>
      <trkpt lat="41.341763" lon="-81.835251"><ele>206.9</ele><time>2026-07-11T15:57:44Z</time></trkpt>
      <trkpt lat="41.341769" lon="-81.835313"><ele>206.8</ele><time>2026-07-11T15:57:45Z</time></trkpt>
      <trkpt lat="41.341776" lon="-81.835374"><ele>206.6</ele><time>2026-07-11T15:57:46Z</time></trkpt>
      <trkpt lat="41.341785" lon="-81.835433"><ele>206.5</ele><time>2026-07-11T15:57:47Z</time></trkpt>
      <trkpt lat="41.341795" lon="-81.835493"><ele>206.4</ele><time>2026-07-11T15:57:48Z</time></trkpt>
      <trkpt lat="41.341806" lon="-81.83555"><ele>206.3</ele><time>2026-07-11T15:57:49Z</time></trkpt>
      <trkpt lat="41.341817" lon="-81.835606"><ele>206.3</ele><time>2026-07-11T15:57:50Z</time></trkpt>
      <trkpt lat="41.341828" lon="-81.835659"><ele>206.1</ele><time>2026-07-11T15:57:51Z</time></trkpt>
      <trkpt lat="41.341836" lon="-81.835709"><ele>205.9</ele><time>2026-07-11T15:57:52Z</time></trkpt>
      <trkpt lat="41.341841" lon="-81.835754"><ele>205.8</ele><time>2026-07-11T15:57:53Z</time></trkpt>
      <trkpt lat="41.341842" lon="-81.835789"><ele>205.6</ele><time>2026-07-11T15:57:54Z</time></trkpt>
      <trkpt lat="41.341841" lon="-81.835819"><ele>205.5</ele><time>2026-07-11T15:57:55Z</time></trkpt>
      <trkpt lat="41.341839" lon="-81.835848"><ele>205.2</ele><time>2026-07-11T15:57:56Z</time></trkpt>
      <trkpt lat="41.341834" lon="-81.835875"><ele>205.1</ele><time>2026-07-11T15:57:57Z</time></trkpt>
      <trkpt lat="41.341828" lon="-81.835898"><ele>205</ele><time>2026-07-11T15:57:58Z</time></trkpt>
      <trkpt lat="41.341822" lon="-81.835915"><ele>205</ele><time>2026-07-11T15:57:59Z</time></trkpt>
      <trkpt lat="41.341817" lon="-81.835927"><ele>204.8</ele><time>2026-07-11T15:58:00Z</time></trkpt>
      <trkpt lat="41.341811" lon="-81.835936"><ele>204.8</ele><time>2026-07-11T15:58:01Z</time></trkpt>
      <trkpt lat="41.341808" lon="-81.835941"><ele>204.8</ele><time>2026-07-11T15:58:02Z</time></trkpt>
      <trkpt lat="41.341806" lon="-81.835944"><ele>204.6</ele><time>2026-07-11T15:58:03Z</time></trkpt>
      <trkpt lat="41.341806" lon="-81.835946"><ele>204.6</ele><time>2026-07-11T15:58:04Z</time></trkpt>
      <trkpt lat="41.341806" lon="-81.835947"><ele>204.5</ele><time>2026-07-11T15:58:05Z</time></trkpt>
      <trkpt lat="41.341807" lon="-81.835949"><ele>204.5</ele><time>2026-07-11T15:58:06Z</time></trkpt>
      <trkpt lat="41.341807" lon="-81.83595"><ele>204.7</ele><time>2026-07-11T15:58:07Z</time></trkpt>
      <trkpt lat="41.341808" lon="-81.835949"><ele>204.799</ele><time>2026-07-11T15:58:08Z</time></trkpt>
      <trkpt lat="41.34181" lon="-81.835949"><ele>204.799</ele><time>2026-07-11T15:58:09Z</time></trkpt>
      <trkpt lat="41.341811" lon="-81.835949"><ele>204.7</ele><time>2026-07-11T15:58:10Z</time></trkpt>
      <trkpt lat="41.341811" lon="-81.83595"><ele>204.799</ele><time>2026-07-11T15:58:11Z</time></trkpt>
      <trkpt lat="41.341812" lon="-81.835952"><ele>204.7</ele><time>2026-07-11T15:58:12Z</time></trkpt>
      <trkpt lat="41.341813" lon="-81.835957"><ele>204.7</ele><time>2026-07-11T15:58:13Z</time></trkpt>
      <trkpt lat="41.341813" lon="-81.835964"><ele>204.799</ele><time>2026-07-11T15:58:14Z</time></trkpt>
      <trkpt lat="41.341812" lon="-81.835974"><ele>204.799</ele><time>2026-07-11T15:58:15Z</time></trkpt>
      <trkpt lat="41.341811" lon="-81.83599"><ele>204.899</ele><time>2026-07-11T15:58:16Z</time></trkpt>
      <trkpt lat="41.341807" lon="-81.836012"><ele>204.899</ele><time>2026-07-11T15:58:17Z</time></trkpt>
      <trkpt lat="41.341802" lon="-81.836038"><ele>204.899</ele><time>2026-07-11T15:58:18Z</time></trkpt>
      <trkpt lat="41.341795" lon="-81.836065"><ele>204.999</ele><time>2026-07-11T15:58:19Z</time></trkpt>
      <trkpt lat="41.341786" lon="-81.836096"><ele>204.999</ele><time>2026-07-11T15:58:20Z</time></trkpt>
      <trkpt lat="41.341775" lon="-81.836132"><ele>205</ele><time>2026-07-11T15:58:21Z</time></trkpt>
      <trkpt lat="41.341763" lon="-81.836169"><ele>205.1</ele><time>2026-07-11T15:58:22Z</time></trkpt>
      <trkpt lat="41.34175" lon="-81.836208"><ele>205</ele><time>2026-07-11T15:58:23Z</time></trkpt>
      <trkpt lat="41.341736" lon="-81.836246"><ele>204.9</ele><time>2026-07-11T15:58:24Z</time></trkpt>
      <trkpt lat="41.341722" lon="-81.836281"><ele>204.8</ele><time>2026-07-11T15:58:25Z</time></trkpt>
      <trkpt lat="41.341707" lon="-81.836316"><ele>204.7</ele><time>2026-07-11T15:58:26Z</time></trkpt>
      <trkpt lat="41.341691" lon="-81.836352"><ele>204.7</ele><time>2026-07-11T15:58:27Z</time></trkpt>
      <trkpt lat="41.341673" lon="-81.836386"><ele>204.6</ele><time>2026-07-11T15:58:28Z</time></trkpt>
      <trkpt lat="41.341655" lon="-81.836412"><ele>204.6</ele><time>2026-07-11T15:58:29Z</time></trkpt>
      <trkpt lat="41.341637" lon="-81.836433"><ele>204.5</ele><time>2026-07-11T15:58:30Z</time></trkpt>
      <trkpt lat="41.341613" lon="-81.836448"><ele>204.5</ele><time>2026-07-11T15:58:31Z</time></trkpt>
      <trkpt lat="41.341584" lon="-81.836465"><ele>204.5</ele><time>2026-07-11T15:58:32Z</time></trkpt>
      <trkpt lat="41.341552" lon="-81.836485"><ele>204.6</ele><time>2026-07-11T15:58:33Z</time></trkpt>
      <trkpt lat="41.341518" lon="-81.836506"><ele>204.6</ele><time>2026-07-11T15:58:34Z</time></trkpt>
      <trkpt lat="41.341482" lon="-81.836526"><ele>204.6</ele><time>2026-07-11T15:58:35Z</time></trkpt>
      <trkpt lat="41.341447" lon="-81.836539"><ele>204.6</ele><time>2026-07-11T15:58:36Z</time></trkpt>
      <trkpt lat="41.341413" lon="-81.836544"><ele>204.6</ele><time>2026-07-11T15:58:37Z</time></trkpt>
      <trkpt lat="41.341377" lon="-81.836539"><ele>204.5</ele><time>2026-07-11T15:58:38Z</time></trkpt>
      <trkpt lat="41.341346" lon="-81.836529"><ele>204.5</ele><time>2026-07-11T15:58:39Z</time></trkpt>
      <trkpt lat="41.341315" lon="-81.836514"><ele>204.5</ele><time>2026-07-11T15:58:40Z</time></trkpt>
      <trkpt lat="41.341285" lon="-81.836496"><ele>204.5</ele><time>2026-07-11T15:58:41Z</time></trkpt>
      <trkpt lat="41.341255" lon="-81.836476"><ele>204.5</ele><time>2026-07-11T15:58:42Z</time></trkpt>
      <trkpt lat="41.341223" lon="-81.836458"><ele>204.5</ele><time>2026-07-11T15:58:43Z</time></trkpt>
      <trkpt lat="41.341191" lon="-81.836442"><ele>204.5</ele><time>2026-07-11T15:58:44Z</time></trkpt>
      <trkpt lat="41.341161" lon="-81.836423"><ele>204.5</ele><time>2026-07-11T15:58:45Z</time></trkpt>
      <trkpt lat="41.34113" lon="-81.836404"><ele>204.5</ele><time>2026-07-11T15:58:46Z</time></trkpt>
      <trkpt lat="41.341098" lon="-81.836384"><ele>204.4</ele><time>2026-07-11T15:58:47Z</time></trkpt>
      <trkpt lat="41.341069" lon="-81.836367"><ele>204.5</ele><time>2026-07-11T15:58:48Z</time></trkpt>
      <trkpt lat="41.341044" lon="-81.836353"><ele>204.4</ele><time>2026-07-11T15:58:49Z</time></trkpt>
      <trkpt lat="41.341028" lon="-81.836341"><ele>204.5</ele><time>2026-07-11T15:58:50Z</time></trkpt>
      <trkpt lat="41.341021" lon="-81.836335"><ele>204.5</ele><time>2026-07-11T15:58:51Z</time></trkpt>
      <trkpt lat="41.341012" lon="-81.836329"><ele>204.4</ele><time>2026-07-11T15:58:52Z</time></trkpt>
      <trkpt lat="41.340999" lon="-81.836324"><ele>204.5</ele><time>2026-07-11T15:58:53Z</time></trkpt>
      <trkpt lat="41.34098" lon="-81.83632"><ele>204.5</ele><time>2026-07-11T15:58:54Z</time></trkpt>
      <trkpt lat="41.340958" lon="-81.836316"><ele>204.6</ele><time>2026-07-11T15:58:55Z</time></trkpt>
      <trkpt lat="41.340934" lon="-81.836311"><ele>204.7</ele><time>2026-07-11T15:58:56Z</time></trkpt>
      <trkpt lat="41.340914" lon="-81.836311"><ele>204.8</ele><time>2026-07-11T15:58:57Z</time></trkpt>
      <trkpt lat="41.340892" lon="-81.836313"><ele>204.8</ele><time>2026-07-11T15:58:58Z</time></trkpt>
      <trkpt lat="41.340864" lon="-81.836315"><ele>204.8</ele><time>2026-07-11T15:58:59Z</time></trkpt>
      <trkpt lat="41.340829" lon="-81.836319"><ele>204.8</ele><time>2026-07-11T15:59:00Z</time></trkpt>
      <trkpt lat="41.340794" lon="-81.836324"><ele>204.8</ele><time>2026-07-11T15:59:01Z</time></trkpt>
      <trkpt lat="41.34076" lon="-81.836328"><ele>204.8</ele><time>2026-07-11T15:59:02Z</time></trkpt>
      <trkpt lat="41.340726" lon="-81.83633"><ele>204.8</ele><time>2026-07-11T15:59:03Z</time></trkpt>
      <trkpt lat="41.340694" lon="-81.836329"><ele>205</ele><time>2026-07-11T15:59:04Z</time></trkpt>
      <trkpt lat="41.340664" lon="-81.836323"><ele>205</ele><time>2026-07-11T15:59:05Z</time></trkpt>
      <trkpt lat="41.340635" lon="-81.836312"><ele>205</ele><time>2026-07-11T15:59:06Z</time></trkpt>
      <trkpt lat="41.340602" lon="-81.836297"><ele>205</ele><time>2026-07-11T15:59:07Z</time></trkpt>
      <trkpt lat="41.340571" lon="-81.836276"><ele>205</ele><time>2026-07-11T15:59:08Z</time></trkpt>
      <trkpt lat="41.340542" lon="-81.836257"><ele>205</ele><time>2026-07-11T15:59:09Z</time></trkpt>
      <trkpt lat="41.340513" lon="-81.836236"><ele>205</ele><time>2026-07-11T15:59:10Z</time></trkpt>
      <trkpt lat="41.340483" lon="-81.836215"><ele>205.1</ele><time>2026-07-11T15:59:11Z</time></trkpt>
      <trkpt lat="41.340452" lon="-81.836195"><ele>205.1</ele><time>2026-07-11T15:59:12Z</time></trkpt>
      <trkpt lat="41.340421" lon="-81.836172"><ele>205.1</ele><time>2026-07-11T15:59:13Z</time></trkpt>
      <trkpt lat="41.340392" lon="-81.836151"><ele>205.1</ele><time>2026-07-11T15:59:14Z</time></trkpt>
      <trkpt lat="41.340362" lon="-81.836125"><ele>205.2</ele><time>2026-07-11T15:59:15Z</time></trkpt>
      <trkpt lat="41.340333" lon="-81.836104"><ele>205.299</ele><time>2026-07-11T15:59:16Z</time></trkpt>
      <trkpt lat="41.340305" lon="-81.836085"><ele>205.299</ele><time>2026-07-11T15:59:17Z</time></trkpt>
      <trkpt lat="41.340279" lon="-81.836069"><ele>205.299</ele><time>2026-07-11T15:59:18Z</time></trkpt>
      <trkpt lat="41.340252" lon="-81.836053"><ele>205.399</ele><time>2026-07-11T15:59:19Z</time></trkpt>
      <trkpt lat="41.340222" lon="-81.836037"><ele>205.499</ele><time>2026-07-11T15:59:20Z</time></trkpt>
      <trkpt lat="41.34019" lon="-81.836021"><ele>205.399</ele><time>2026-07-11T15:59:21Z</time></trkpt>
      <trkpt lat="41.340155" lon="-81.836004"><ele>205.499</ele><time>2026-07-11T15:59:22Z</time></trkpt>
      <trkpt lat="41.340121" lon="-81.835987"><ele>205.599</ele><time>2026-07-11T15:59:23Z</time></trkpt>
      <trkpt lat="41.340087" lon="-81.835968"><ele>205.7</ele><time>2026-07-11T15:59:24Z</time></trkpt>
      <trkpt lat="41.340052" lon="-81.83595"><ele>205.7</ele><time>2026-07-11T15:59:25Z</time></trkpt>
      <trkpt lat="41.340014" lon="-81.83593"><ele>205.7</ele><time>2026-07-11T15:59:26Z</time></trkpt>
      <trkpt lat="41.339976" lon="-81.835912"><ele>205.799</ele><time>2026-07-11T15:59:27Z</time></trkpt>
      <trkpt lat="41.339935" lon="-81.835896"><ele>205.799</ele><time>2026-07-11T15:59:28Z</time></trkpt>
      <trkpt lat="41.339893" lon="-81.835883"><ele>205.799</ele><time>2026-07-11T15:59:29Z</time></trkpt>
      <trkpt lat="41.339851" lon="-81.835871"><ele>205.799</ele><time>2026-07-11T15:59:30Z</time></trkpt>
      <trkpt lat="41.339808" lon="-81.835861"><ele>205.7</ele><time>2026-07-11T15:59:31Z</time></trkpt>
      <trkpt lat="41.339762" lon="-81.835849"><ele>205.7</ele><time>2026-07-11T15:59:32Z</time></trkpt>
      <trkpt lat="41.339718" lon="-81.835837"><ele>205.8</ele><time>2026-07-11T15:59:33Z</time></trkpt>
      <trkpt lat="41.339677" lon="-81.835824"><ele>205.7</ele><time>2026-07-11T15:59:34Z</time></trkpt>
      <trkpt lat="41.339636" lon="-81.83581"><ele>205.6</ele><time>2026-07-11T15:59:35Z</time></trkpt>
      <trkpt lat="41.339595" lon="-81.835794"><ele>205.6</ele><time>2026-07-11T15:59:36Z</time></trkpt>
      <trkpt lat="41.339553" lon="-81.835778"><ele>205.6</ele><time>2026-07-11T15:59:37Z</time></trkpt>
      <trkpt lat="41.339506" lon="-81.835762"><ele>205.6</ele><time>2026-07-11T15:59:38Z</time></trkpt>
      <trkpt lat="41.339461" lon="-81.835747"><ele>205.5</ele><time>2026-07-11T15:59:39Z</time></trkpt>
      <trkpt lat="41.339416" lon="-81.835731"><ele>205.4</ele><time>2026-07-11T15:59:40Z</time></trkpt>
      <trkpt lat="41.339375" lon="-81.835717"><ele>205.3</ele><time>2026-07-11T15:59:41Z</time></trkpt>
      <trkpt lat="41.339337" lon="-81.835702"><ele>205.3</ele><time>2026-07-11T15:59:42Z</time></trkpt>
      <trkpt lat="41.339298" lon="-81.835689"><ele>205.3</ele><time>2026-07-11T15:59:43Z</time></trkpt>
      <trkpt lat="41.339261" lon="-81.835677"><ele>205.3</ele><time>2026-07-11T15:59:44Z</time></trkpt>
      <trkpt lat="41.339227" lon="-81.835666"><ele>205.2</ele><time>2026-07-11T15:59:45Z</time></trkpt>
      <trkpt lat="41.339192" lon="-81.835654"><ele>205.2</ele><time>2026-07-11T15:59:46Z</time></trkpt>
      <trkpt lat="41.339155" lon="-81.835642"><ele>205.1</ele><time>2026-07-11T15:59:47Z</time></trkpt>
      <trkpt lat="41.339118" lon="-81.83563"><ele>205.1</ele><time>2026-07-11T15:59:48Z</time></trkpt>
      <trkpt lat="41.339082" lon="-81.835617"><ele>205.1</ele><time>2026-07-11T15:59:49Z</time></trkpt>
      <trkpt lat="41.339042" lon="-81.8356"><ele>205.1</ele><time>2026-07-11T15:59:50Z</time></trkpt>
      <trkpt lat="41.339001" lon="-81.835582"><ele>205</ele><time>2026-07-11T15:59:51Z</time></trkpt>
      <trkpt lat="41.338958" lon="-81.835564"><ele>205</ele><time>2026-07-11T15:59:52Z</time></trkpt>
      <trkpt lat="41.338914" lon="-81.835545"><ele>205</ele><time>2026-07-11T15:59:53Z</time></trkpt>
      <trkpt lat="41.33887" lon="-81.835526"><ele>205</ele><time>2026-07-11T15:59:54Z</time></trkpt>
      <trkpt lat="41.338828" lon="-81.835509"><ele>205</ele><time>2026-07-11T15:59:55Z</time></trkpt>
      <trkpt lat="41.338787" lon="-81.835493"><ele>205</ele><time>2026-07-11T15:59:56Z</time></trkpt>
      <trkpt lat="41.338745" lon="-81.835478"><ele>205</ele><time>2026-07-11T15:59:57Z</time></trkpt>
      <trkpt lat="41.338705" lon="-81.835463"><ele>205</ele><time>2026-07-11T15:59:58Z</time></trkpt>
      <trkpt lat="41.338666" lon="-81.835448"><ele>205</ele><time>2026-07-11T15:59:59Z</time></trkpt>
      <trkpt lat="41.338628" lon="-81.835433"><ele>205</ele><time>2026-07-11T16:00:00Z</time></trkpt>
      <trkpt lat="41.338591" lon="-81.835418"><ele>205</ele><time>2026-07-11T16:00:01Z</time></trkpt>
      <trkpt lat="41.338553" lon="-81.835403"><ele>205.2</ele><time>2026-07-11T16:00:02Z</time></trkpt>
      <trkpt lat="41.338514" lon="-81.83539"><ele>205.2</ele><time>2026-07-11T16:00:03Z</time></trkpt>
      <trkpt lat="41.338478" lon="-81.835379"><ele>205.2</ele><time>2026-07-11T16:00:04Z</time></trkpt>
      <trkpt lat="41.338443" lon="-81.835369"><ele>205.2</ele><time>2026-07-11T16:00:05Z</time></trkpt>
      <trkpt lat="41.338408" lon="-81.835356"><ele>205.299</ele><time>2026-07-11T16:00:06Z</time></trkpt>
      <trkpt lat="41.338371" lon="-81.835341"><ele>205.399</ele><time>2026-07-11T16:00:07Z</time></trkpt>
      <trkpt lat="41.33834" lon="-81.835325"><ele>205.299</ele><time>2026-07-11T16:00:08Z</time></trkpt>
      <trkpt lat="41.338313" lon="-81.835309"><ele>205.2</ele><time>2026-07-11T16:00:09Z</time></trkpt>
      <trkpt lat="41.338288" lon="-81.835288"><ele>205.2</ele><time>2026-07-11T16:00:10Z</time></trkpt>
      <trkpt lat="41.338253" lon="-81.83526"><ele>205.1</ele><time>2026-07-11T16:00:11Z</time></trkpt>
      <trkpt lat="41.338211" lon="-81.835229"><ele>205.1</ele><time>2026-07-11T16:00:12Z</time></trkpt>
      <trkpt lat="41.338169" lon="-81.835201"><ele>205.1</ele><time>2026-07-11T16:00:13Z</time></trkpt>
      <trkpt lat="41.338128" lon="-81.835177"><ele>205.1</ele><time>2026-07-11T16:00:14Z</time></trkpt>
      <trkpt lat="41.33809" lon="-81.835155"><ele>205.1</ele><time>2026-07-11T16:00:15Z</time></trkpt>
      <trkpt lat="41.338055" lon="-81.835135"><ele>205.1</ele><time>2026-07-11T16:00:16Z</time></trkpt>
      <trkpt lat="41.338024" lon="-81.835114"><ele>205.1</ele><time>2026-07-11T16:00:17Z</time></trkpt>
      <trkpt lat="41.337991" lon="-81.83509"><ele>205.1</ele><time>2026-07-11T16:00:18Z</time></trkpt>
      <trkpt lat="41.337955" lon="-81.835065"><ele>205.1</ele><time>2026-07-11T16:00:19Z</time></trkpt>
      <trkpt lat="41.337916" lon="-81.835037"><ele>205.1</ele><time>2026-07-11T16:00:20Z</time></trkpt>
      <trkpt lat="41.33788" lon="-81.83501"><ele>205.1</ele><time>2026-07-11T16:00:21Z</time></trkpt>
      <trkpt lat="41.337847" lon="-81.834991"><ele>205</ele><time>2026-07-11T16:00:22Z</time></trkpt>
      <trkpt lat="41.337811" lon="-81.834969"><ele>205</ele><time>2026-07-11T16:00:23Z</time></trkpt>
      <trkpt lat="41.337776" lon="-81.834949"><ele>205</ele><time>2026-07-11T16:00:24Z</time></trkpt>
      <trkpt lat="41.33774" lon="-81.834927"><ele>205</ele><time>2026-07-11T16:00:25Z</time></trkpt>
      <trkpt lat="41.337706" lon="-81.834907"><ele>205</ele><time>2026-07-11T16:00:26Z</time></trkpt>
      <trkpt lat="41.337674" lon="-81.834885"><ele>205</ele><time>2026-07-11T16:00:27Z</time></trkpt>
      <trkpt lat="41.337642" lon="-81.834861"><ele>205.1</ele><time>2026-07-11T16:00:28Z</time></trkpt>
      <trkpt lat="41.337613" lon="-81.834837"><ele>205.299</ele><time>2026-07-11T16:00:29Z</time></trkpt>
      <trkpt lat="41.33758" lon="-81.834813"><ele>205.299</ele><time>2026-07-11T16:00:30Z</time></trkpt>
      <trkpt lat="41.337546" lon="-81.834789"><ele>205.299</ele><time>2026-07-11T16:00:31Z</time></trkpt>
      <trkpt lat="41.337507" lon="-81.834765"><ele>205.299</ele><time>2026-07-11T16:00:32Z</time></trkpt>
      <trkpt lat="41.337468" lon="-81.834741"><ele>205.299</ele><time>2026-07-11T16:00:33Z</time></trkpt>
      <trkpt lat="41.337432" lon="-81.834713"><ele>205.299</ele><time>2026-07-11T16:00:34Z</time></trkpt>
      <trkpt lat="41.337398" lon="-81.834683"><ele>205.499</ele><time>2026-07-11T16:00:35Z</time></trkpt>
      <trkpt lat="41.337362" lon="-81.834651"><ele>205.5</ele><time>2026-07-11T16:00:36Z</time></trkpt>
      <trkpt lat="41.337322" lon="-81.834616"><ele>205.5</ele><time>2026-07-11T16:00:37Z</time></trkpt>
      <trkpt lat="41.337283" lon="-81.834579"><ele>205.4</ele><time>2026-07-11T16:00:38Z</time></trkpt>
      <trkpt lat="41.337247" lon="-81.834541"><ele>205.3</ele><time>2026-07-11T16:00:39Z</time></trkpt>
      <trkpt lat="41.337212" lon="-81.834504"><ele>205.5</ele><time>2026-07-11T16:00:40Z</time></trkpt>
      <trkpt lat="41.33718" lon="-81.834467"><ele>205.5</ele><time>2026-07-11T16:00:41Z</time></trkpt>
      <trkpt lat="41.337145" lon="-81.834427"><ele>205.2</ele><time>2026-07-11T16:00:42Z</time></trkpt>
      <trkpt lat="41.337115" lon="-81.834389"><ele>205.5</ele><time>2026-07-11T16:00:43Z</time></trkpt>
      <trkpt lat="41.337088" lon="-81.834353"><ele>205.1</ele><time>2026-07-11T16:00:44Z</time></trkpt>
      <trkpt lat="41.337059" lon="-81.834318"><ele>205.1</ele><time>2026-07-11T16:00:45Z</time></trkpt>
      <trkpt lat="41.337032" lon="-81.834284"><ele>205.1</ele><time>2026-07-11T16:00:46Z</time></trkpt>
      <trkpt lat="41.337005" lon="-81.83425"><ele>205.1</ele><time>2026-07-11T16:00:47Z</time></trkpt>
      <trkpt lat="41.336983" lon="-81.834216"><ele>205.1</ele><time>2026-07-11T16:00:48Z</time></trkpt>
      <trkpt lat="41.336962" lon="-81.834185"><ele>205.1</ele><time>2026-07-11T16:00:49Z</time></trkpt>
      <trkpt lat="41.33694" lon="-81.834153"><ele>205.1</ele><time>2026-07-11T16:00:50Z</time></trkpt>
      <trkpt lat="41.33692" lon="-81.83412"><ele>205.1</ele><time>2026-07-11T16:00:51Z</time></trkpt>
      <trkpt lat="41.336901" lon="-81.834086"><ele>205</ele><time>2026-07-11T16:00:52Z</time></trkpt>
      <trkpt lat="41.33688" lon="-81.834047"><ele>205.1</ele><time>2026-07-11T16:00:53Z</time></trkpt>
      <trkpt lat="41.336857" lon="-81.834007"><ele>205.1</ele><time>2026-07-11T16:00:54Z</time></trkpt>
      <trkpt lat="41.33683" lon="-81.833969"><ele>205.2</ele><time>2026-07-11T16:00:55Z</time></trkpt>
      <trkpt lat="41.336804" lon="-81.833935"><ele>205.2</ele><time>2026-07-11T16:00:56Z</time></trkpt>
      <trkpt lat="41.336776" lon="-81.833898"><ele>205.2</ele><time>2026-07-11T16:00:57Z</time></trkpt>
      <trkpt lat="41.336751" lon="-81.833855"><ele>205.5</ele><time>2026-07-11T16:00:58Z</time></trkpt>
      <trkpt lat="41.336725" lon="-81.833811"><ele>205.5</ele><time>2026-07-11T16:00:59Z</time></trkpt>
      <trkpt lat="41.336699" lon="-81.833768"><ele>205.5</ele><time>2026-07-11T16:01:00Z</time></trkpt>
      <trkpt lat="41.336674" lon="-81.833732"><ele>205.5</ele><time>2026-07-11T16:01:01Z</time></trkpt>
      <trkpt lat="41.336642" lon="-81.833701"><ele>205.5</ele><time>2026-07-11T16:01:02Z</time></trkpt>
      <trkpt lat="41.336608" lon="-81.833675"><ele>205.5</ele><time>2026-07-11T16:01:03Z</time></trkpt>
      <trkpt lat="41.336574" lon="-81.83365"><ele>205.6</ele><time>2026-07-11T16:01:04Z</time></trkpt>
      <trkpt lat="41.336542" lon="-81.833626"><ele>205.6</ele><time>2026-07-11T16:01:05Z</time></trkpt>
      <trkpt lat="41.336516" lon="-81.833598"><ele>205.5</ele><time>2026-07-11T16:01:06Z</time></trkpt>
      <trkpt lat="41.336492" lon="-81.833567"><ele>205.5</ele><time>2026-07-11T16:01:07Z</time></trkpt>
      <trkpt lat="41.336466" lon="-81.833531"><ele>205.5</ele><time>2026-07-11T16:01:08Z</time></trkpt>
      <trkpt lat="41.336444" lon="-81.833491"><ele>205.2</ele><time>2026-07-11T16:01:09Z</time></trkpt>
      <trkpt lat="41.336425" lon="-81.833451"><ele>205.399</ele><time>2026-07-11T16:01:10Z</time></trkpt>
      <trkpt lat="41.336408" lon="-81.833408"><ele>205.299</ele><time>2026-07-11T16:01:11Z</time></trkpt>
      <trkpt lat="41.336395" lon="-81.833367"><ele>205.5</ele><time>2026-07-11T16:01:12Z</time></trkpt>
      <trkpt lat="41.336387" lon="-81.833326"><ele>205.1</ele><time>2026-07-11T16:01:13Z</time></trkpt>
      <trkpt lat="41.336381" lon="-81.833282"><ele>205.1</ele><time>2026-07-11T16:01:14Z</time></trkpt>
      <trkpt lat="41.33638" lon="-81.833241"><ele>205.1</ele><time>2026-07-11T16:01:15Z</time></trkpt>
      <trkpt lat="41.336379" lon="-81.833197"><ele>205.2</ele><time>2026-07-11T16:01:16Z</time></trkpt>
      <trkpt lat="41.336382" lon="-81.833153"><ele>205.2</ele><time>2026-07-11T16:01:17Z</time></trkpt>
      <trkpt lat="41.336385" lon="-81.83311"><ele>205.2</ele><time>2026-07-11T16:01:18Z</time></trkpt>
      <trkpt lat="41.336386" lon="-81.833074"><ele>205.299</ele><time>2026-07-11T16:01:19Z</time></trkpt>
      <trkpt lat="41.336383" lon="-81.833038"><ele>205.299</ele><time>2026-07-11T16:01:20Z</time></trkpt>
      <trkpt lat="41.336379" lon="-81.833007"><ele>205.3</ele><time>2026-07-11T16:01:21Z</time></trkpt>
      <trkpt lat="41.336371" lon="-81.832977"><ele>205.5</ele><time>2026-07-11T16:01:22Z</time></trkpt>
      <trkpt lat="41.336362" lon="-81.832947"><ele>205.6</ele><time>2026-07-11T16:01:23Z</time></trkpt>
      <trkpt lat="41.336344" lon="-81.832915"><ele>205.6</ele><time>2026-07-11T16:01:24Z</time></trkpt>
      <trkpt lat="41.336326" lon="-81.832889"><ele>205.7</ele><time>2026-07-11T16:01:25Z</time></trkpt>
      <trkpt lat="41.336308" lon="-81.832868"><ele>205.799</ele><time>2026-07-11T16:01:26Z</time></trkpt>
      <trkpt lat="41.336286" lon="-81.832852"><ele>205.899</ele><time>2026-07-11T16:01:27Z</time></trkpt>
      <trkpt lat="41.336267" lon="-81.832841"><ele>206.2</ele><time>2026-07-11T16:01:28Z</time></trkpt>
      <trkpt lat="41.336253" lon="-81.832834"><ele>206.299</ele><time>2026-07-11T16:01:29Z</time></trkpt>
      <trkpt lat="41.336245" lon="-81.832831"><ele>206.3</ele><time>2026-07-11T16:01:30Z</time></trkpt>
      <trkpt lat="41.336243" lon="-81.832831"><ele>206.5</ele><time>2026-07-11T16:01:31Z</time></trkpt>
      <trkpt lat="41.336241" lon="-81.83283"><ele>206.6</ele><time>2026-07-11T16:01:32Z</time></trkpt>
      <trkpt lat="41.336237" lon="-81.832828"><ele>206.5</ele><time>2026-07-11T16:01:33Z</time></trkpt>
      <trkpt lat="41.336233" lon="-81.832823"><ele>206.5</ele><time>2026-07-11T16:01:34Z</time></trkpt>
      <trkpt lat="41.336232" lon="-81.832821"><ele>206.5</ele><time>2026-07-11T16:01:35Z</time></trkpt>
      <trkpt lat="41.336232" lon="-81.83282"><ele>206.5</ele><time>2026-07-11T16:01:36Z</time></trkpt>
      <trkpt lat="41.336232" lon="-81.83282"><ele>206.4</ele><time>2026-07-11T16:01:37Z</time></trkpt>
      <trkpt lat="41.336233" lon="-81.832818"><ele>206.4</ele><time>2026-07-11T16:01:38Z</time></trkpt>
      <trkpt lat="41.336235" lon="-81.832817"><ele>206.4</ele><time>2026-07-11T16:01:39Z</time></trkpt>
      <trkpt lat="41.336236" lon="-81.832816"><ele>206.3</ele><time>2026-07-11T16:01:40Z</time></trkpt>
      <trkpt lat="41.336237" lon="-81.832815"><ele>206.4</ele><time>2026-07-11T16:01:41Z</time></trkpt>
      <trkpt lat="41.336238" lon="-81.832814"><ele>206.3</ele><time>2026-07-11T16:01:42Z</time></trkpt>
      <trkpt lat="41.336238" lon="-81.832814"><ele>206.1</ele><time>2026-07-11T16:01:43Z</time></trkpt>
      <trkpt lat="41.336239" lon="-81.832815"><ele>206.1</ele><time>2026-07-11T16:01:44Z</time></trkpt>
      <trkpt lat="41.33624" lon="-81.832816"><ele>206.1</ele><time>2026-07-11T16:01:45Z</time></trkpt>
      <trkpt lat="41.336241" lon="-81.832815"><ele>206.1</ele><time>2026-07-11T16:01:46Z</time></trkpt>
      <trkpt lat="41.336242" lon="-81.832815"><ele>206.1</ele><time>2026-07-11T16:01:47Z</time></trkpt>
      <trkpt lat="41.336243" lon="-81.832815"><ele>206.1</ele><time>2026-07-11T16:01:48Z</time></trkpt>
      <trkpt lat="41.336244" lon="-81.832814"><ele>206.1</ele><time>2026-07-11T16:01:49Z</time></trkpt>
      <trkpt lat="41.336245" lon="-81.832813"><ele>206.1</ele><time>2026-07-11T16:01:50Z</time></trkpt>
      <trkpt lat="41.336246" lon="-81.832812"><ele>206</ele><time>2026-07-11T16:01:51Z</time></trkpt>
      <trkpt lat="41.336246" lon="-81.832811"><ele>206</ele><time>2026-07-11T16:01:52Z</time></trkpt>
      <trkpt lat="41.336246" lon="-81.832811"><ele>206.1</ele><time>2026-07-11T16:01:53Z</time></trkpt>
      <trkpt lat="41.336246" lon="-81.83281"><ele>206.1</ele><time>2026-07-11T16:01:54Z</time></trkpt>
      <trkpt lat="41.336245" lon="-81.83281"><ele>206</ele><time>2026-07-11T16:01:55Z</time></trkpt>
      <trkpt lat="41.336243" lon="-81.83281"><ele>206</ele><time>2026-07-11T16:01:56Z</time></trkpt>
      <trkpt lat="41.336242" lon="-81.832809"><ele>206.3</ele><time>2026-07-11T16:01:57Z</time></trkpt>
      <trkpt lat="41.336241" lon="-81.83281"><ele>206.3</ele><time>2026-07-11T16:01:58Z</time></trkpt>
      <trkpt lat="41.336242" lon="-81.83281"><ele>206.3</ele><time>2026-07-11T16:01:59Z</time></trkpt>
      <trkpt lat="41.336243" lon="-81.832811"><ele>206.5</ele><time>2026-07-11T16:02:00Z</time></trkpt>
      <trkpt lat="41.336246" lon="-81.832813"><ele>206.5</ele><time>2026-07-11T16:02:01Z</time></trkpt>
      <trkpt lat="41.336246" lon="-81.832812"><ele>206.5</ele><time>2026-07-11T16:02:02Z</time></trkpt>
      <trkpt lat="41.336247" lon="-81.83281"><ele>206.3</ele><time>2026-07-11T16:02:03Z</time></trkpt>
      <trkpt lat="41.336248" lon="-81.832808"><ele>206.3</ele><time>2026-07-11T16:02:04Z</time></trkpt>
      <trkpt lat="41.336249" lon="-81.832806"><ele>206.3</ele><time>2026-07-11T16:02:05Z</time></trkpt>
      <trkpt lat="41.33625" lon="-81.832805"><ele>206.4</ele><time>2026-07-11T16:02:06Z</time></trkpt>
      <trkpt lat="41.33625" lon="-81.832805"><ele>206.4</ele><time>2026-07-11T16:02:07Z</time></trkpt>
      <trkpt lat="41.33625" lon="-81.832806"><ele>206.3</ele><time>2026-07-11T16:02:08Z</time></trkpt>
      <trkpt lat="41.336251" lon="-81.832808"><ele>206.3</ele><time>2026-07-11T16:02:09Z</time></trkpt>
      <trkpt lat="41.336252" lon="-81.832809"><ele>206.3</ele><time>2026-07-11T16:02:10Z</time></trkpt>
      <trkpt lat="41.336252" lon="-81.832809"><ele>206.3</ele><time>2026-07-11T16:02:11Z</time></trkpt>
      <trkpt lat="41.336252" lon="-81.832808"><ele>206.1</ele><time>2026-07-11T16:02:12Z</time></trkpt>
      <trkpt lat="41.336252" lon="-81.832806"><ele>206.1</ele><time>2026-07-11T16:02:13Z</time></trkpt>
      <trkpt lat="41.336252" lon="-81.832804"><ele>206.1</ele><time>2026-07-11T16:02:14Z</time></trkpt>
      <trkpt lat="41.336251" lon="-81.832804"><ele>206.1</ele><time>2026-07-11T16:02:15Z</time></trkpt>
      <trkpt lat="41.33625" lon="-81.832803"><ele>206.1</ele><time>2026-07-11T16:02:16Z</time></trkpt>
      <trkpt lat="41.33625" lon="-81.832803"><ele>206.1</ele><time>2026-07-11T16:02:17Z</time></trkpt>
      <trkpt lat="41.336249" lon="-81.832802"><ele>206</ele><time>2026-07-11T16:02:18Z</time></trkpt>
      <trkpt lat="41.336248" lon="-81.832801"><ele>206</ele><time>2026-07-11T16:02:19Z</time></trkpt>
      <trkpt lat="41.336246" lon="-81.8328"><ele>206</ele><time>2026-07-11T16:02:20Z</time></trkpt>
      <trkpt lat="41.336244" lon="-81.8328"><ele>206</ele><time>2026-07-11T16:02:21Z</time></trkpt>
      <trkpt lat="41.336243" lon="-81.832799"><ele>205.9</ele><time>2026-07-11T16:02:22Z</time></trkpt>
      <trkpt lat="41.336242" lon="-81.832798"><ele>206</ele><time>2026-07-11T16:02:23Z</time></trkpt>
      <trkpt lat="41.336242" lon="-81.832799"><ele>206</ele><time>2026-07-11T16:02:24Z</time></trkpt>
      <trkpt lat="41.336242" lon="-81.832802"><ele>206</ele><time>2026-07-11T16:02:25Z</time></trkpt>
      <trkpt lat="41.336242" lon="-81.832806"><ele>206</ele><time>2026-07-11T16:02:26Z</time></trkpt>
      <trkpt lat="41.336241" lon="-81.832809"><ele>206.2</ele><time>2026-07-11T16:02:27Z</time></trkpt>
      <trkpt lat="41.336241" lon="-81.832811"><ele>206.2</ele><time>2026-07-11T16:02:28Z</time></trkpt>
      <trkpt lat="41.33624" lon="-81.832814"><ele>206.299</ele><time>2026-07-11T16:02:29Z</time></trkpt>
      <trkpt lat="41.336239" lon="-81.832815"><ele>206.399</ele><time>2026-07-11T16:02:30Z</time></trkpt>
      <trkpt lat="41.33624" lon="-81.832816"><ele>206.499</ele><time>2026-07-11T16:02:31Z</time></trkpt>
      <trkpt lat="41.336241" lon="-81.832815"><ele>206.299</ele><time>2026-07-11T16:02:32Z</time></trkpt>
      <trkpt lat="41.336244" lon="-81.83281"><ele>206.3</ele><time>2026-07-11T16:02:33Z</time></trkpt>
      <trkpt lat="41.336248" lon="-81.83281"><ele>206.3</ele><time>2026-07-11T16:02:34Z</time></trkpt>
      <trkpt lat="41.336251" lon="-81.83281"><ele>206.3</ele><time>2026-07-11T16:02:35Z</time></trkpt>
      <trkpt lat="41.336253" lon="-81.83281"><ele>206.3</ele><time>2026-07-11T16:02:36Z</time></trkpt>
      <trkpt lat="41.336255" lon="-81.832808"><ele>206.3</ele><time>2026-07-11T16:02:37Z</time></trkpt>
      <trkpt lat="41.336256" lon="-81.832807"><ele>206.3</ele><time>2026-07-11T16:02:38Z</time></trkpt>
      <trkpt lat="41.336258" lon="-81.832808"><ele>206.3</ele><time>2026-07-11T16:02:39Z</time></trkpt>
      <trkpt lat="41.336258" lon="-81.83281"><ele>206.4</ele><time>2026-07-11T16:02:40Z</time></trkpt>
      <trkpt lat="41.336258" lon="-81.832811"><ele>206.1</ele><time>2026-07-11T16:02:41Z</time></trkpt>
      <trkpt lat="41.336258" lon="-81.832813"><ele>206.1</ele><time>2026-07-11T16:02:42Z</time></trkpt>
      <trkpt lat="41.336258" lon="-81.832814"><ele>206.1</ele><time>2026-07-11T16:02:43Z</time></trkpt>
      <trkpt lat="41.336257" lon="-81.832813"><ele>206.1</ele><time>2026-07-11T16:02:44Z</time></trkpt>
      <trkpt lat="41.336257" lon="-81.832813"><ele>206.1</ele><time>2026-07-11T16:02:45Z</time></trkpt>
      <trkpt lat="41.336257" lon="-81.832812"><ele>206.1</ele><time>2026-07-11T16:02:46Z</time></trkpt>
      <trkpt lat="41.336256" lon="-81.832811"><ele>206.1</ele><time>2026-07-11T16:02:47Z</time></trkpt>
      <trkpt lat="41.336255" lon="-81.83281"><ele>206.1</ele><time>2026-07-11T16:02:48Z</time></trkpt>
      <trkpt lat="41.336254" lon="-81.83281"><ele>206.1</ele><time>2026-07-11T16:02:49Z</time></trkpt>
      <trkpt lat="41.336255" lon="-81.832811"><ele>206.1</ele><time>2026-07-11T16:02:50Z</time></trkpt>
      <trkpt lat="41.336255" lon="-81.832812"><ele>206.1</ele><time>2026-07-11T16:02:51Z</time></trkpt>
      <trkpt lat="41.336255" lon="-81.832813"><ele>206.1</ele><time>2026-07-11T16:02:52Z</time></trkpt>
      <trkpt lat="41.336257" lon="-81.832813"><ele>206.1</ele><time>2026-07-11T16:02:53Z</time></trkpt>
      <trkpt lat="41.33626" lon="-81.832815"><ele>206.1</ele><time>2026-07-11T16:02:54Z</time></trkpt>
      <trkpt lat="41.336262" lon="-81.832815"><ele>206.4</ele><time>2026-07-11T16:02:55Z</time></trkpt>
      <trkpt lat="41.336264" lon="-81.832817"><ele>206.4</ele><time>2026-07-11T16:02:56Z</time></trkpt>
      <trkpt lat="41.336264" lon="-81.832818"><ele>206.4</ele><time>2026-07-11T16:02:57Z</time></trkpt>
      <trkpt lat="41.336264" lon="-81.832818"><ele>206.4</ele><time>2026-07-11T16:02:58Z</time></trkpt>
      <trkpt lat="41.336262" lon="-81.832819"><ele>206.3</ele><time>2026-07-11T16:02:59Z</time></trkpt>
      <trkpt lat="41.336258" lon="-81.832818"><ele>206.6</ele><time>2026-07-11T16:03:00Z</time></trkpt>
      <trkpt lat="41.336254" lon="-81.832816"><ele>206.5</ele><time>2026-07-11T16:03:01Z</time></trkpt>
      <trkpt lat="41.33625" lon="-81.832814"><ele>206.4</ele><time>2026-07-11T16:03:02Z</time></trkpt>
      <trkpt lat="41.336247" lon="-81.832811"><ele>206.4</ele><time>2026-07-11T16:03:03Z</time></trkpt>
      <trkpt lat="41.336244" lon="-81.832806"><ele>206.4</ele><time>2026-07-11T16:03:04Z</time></trkpt>
      <trkpt lat="41.33624" lon="-81.832797"><ele>206.5</ele><time>2026-07-11T16:03:05Z</time></trkpt>
      <trkpt lat="41.336231" lon="-81.83278"><ele>206.5</ele><time>2026-07-11T16:03:06Z</time></trkpt>
      <trkpt lat="41.336221" lon="-81.832754"><ele>206.5</ele><time>2026-07-11T16:03:07Z</time></trkpt>
      <trkpt lat="41.336209" lon="-81.832724"><ele>206.6</ele><time>2026-07-11T16:03:08Z</time></trkpt>
      <trkpt lat="41.336197" lon="-81.832692"><ele>206.8</ele><time>2026-07-11T16:03:09Z</time></trkpt>
      <trkpt lat="41.336184" lon="-81.832661"><ele>206.8</ele><time>2026-07-11T16:03:10Z</time></trkpt>
      <trkpt lat="41.336171" lon="-81.832631"><ele>206.5</ele><time>2026-07-11T16:03:11Z</time></trkpt>
      <trkpt lat="41.336157" lon="-81.832603"><ele>206.5</ele><time>2026-07-11T16:03:12Z</time></trkpt>
      <trkpt lat="41.336142" lon="-81.832576"><ele>206.5</ele><time>2026-07-11T16:03:13Z</time></trkpt>
      <trkpt lat="41.336125" lon="-81.83255"><ele>206.5</ele><time>2026-07-11T16:03:14Z</time></trkpt>
      <trkpt lat="41.336104" lon="-81.832524"><ele>206.5</ele><time>2026-07-11T16:03:15Z</time></trkpt>
      <trkpt lat="41.336079" lon="-81.832505"><ele>206.3</ele><time>2026-07-11T16:03:16Z</time></trkpt>
      <trkpt lat="41.336049" lon="-81.832492"><ele>206.2</ele><time>2026-07-11T16:03:17Z</time></trkpt>
      <trkpt lat="41.336008" lon="-81.832479"><ele>206.2</ele><time>2026-07-11T16:03:18Z</time></trkpt>
      <trkpt lat="41.335969" lon="-81.832468"><ele>206</ele><time>2026-07-11T16:03:19Z</time></trkpt>
      <trkpt lat="41.335934" lon="-81.83246"><ele>205.9</ele><time>2026-07-11T16:03:20Z</time></trkpt>
      <trkpt lat="41.335894" lon="-81.832451"><ele>205.6</ele><time>2026-07-11T16:03:21Z</time></trkpt>
      <trkpt lat="41.335855" lon="-81.832439"><ele>205.6</ele><time>2026-07-11T16:03:22Z</time></trkpt>
      <trkpt lat="41.335816" lon="-81.832424"><ele>205.5</ele><time>2026-07-11T16:03:23Z</time></trkpt>
      <trkpt lat="41.335777" lon="-81.832407"><ele>205.8</ele><time>2026-07-11T16:03:24Z</time></trkpt>
      <trkpt lat="41.335743" lon="-81.832385"><ele>205.8</ele><time>2026-07-11T16:03:25Z</time></trkpt>
      <trkpt lat="41.335712" lon="-81.832357"><ele>205.7</ele><time>2026-07-11T16:03:26Z</time></trkpt>
      <trkpt lat="41.335682" lon="-81.832319"><ele>205.6</ele><time>2026-07-11T16:03:27Z</time></trkpt>
      <trkpt lat="41.33565" lon="-81.832271"><ele>205.799</ele><time>2026-07-11T16:03:28Z</time></trkpt>
      <trkpt lat="41.335619" lon="-81.832221"><ele>205.899</ele><time>2026-07-11T16:03:29Z</time></trkpt>
      <trkpt lat="41.335589" lon="-81.832168"><ele>205.799</ele><time>2026-07-11T16:03:30Z</time></trkpt>
      <trkpt lat="41.335565" lon="-81.832124"><ele>205.799</ele><time>2026-07-11T16:03:31Z</time></trkpt>
      <trkpt lat="41.335542" lon="-81.832075"><ele>205.799</ele><time>2026-07-11T16:03:32Z</time></trkpt>
      <trkpt lat="41.335518" lon="-81.832025"><ele>205.799</ele><time>2026-07-11T16:03:33Z</time></trkpt>
      <trkpt lat="41.335493" lon="-81.831974"><ele>205.899</ele><time>2026-07-11T16:03:34Z</time></trkpt>
      <trkpt lat="41.335464" lon="-81.831925"><ele>205.899</ele><time>2026-07-11T16:03:35Z</time></trkpt>
      <trkpt lat="41.335434" lon="-81.831884"><ele>206</ele><time>2026-07-11T16:03:36Z</time></trkpt>
      <trkpt lat="41.335401" lon="-81.83185"><ele>206.1</ele><time>2026-07-11T16:03:37Z</time></trkpt>
      <trkpt lat="41.335365" lon="-81.83182"><ele>206.2</ele><time>2026-07-11T16:03:38Z</time></trkpt>
      <trkpt lat="41.335327" lon="-81.831793"><ele>206.299</ele><time>2026-07-11T16:03:39Z</time></trkpt>
      <trkpt lat="41.335291" lon="-81.831769"><ele>206.1</ele><time>2026-07-11T16:03:40Z</time></trkpt>
      <trkpt lat="41.335252" lon="-81.831746"><ele>206</ele><time>2026-07-11T16:03:41Z</time></trkpt>
      <trkpt lat="41.335214" lon="-81.831727"><ele>206</ele><time>2026-07-11T16:03:42Z</time></trkpt>
      <trkpt lat="41.335174" lon="-81.831707"><ele>206</ele><time>2026-07-11T16:03:43Z</time></trkpt>
      <trkpt lat="41.335134" lon="-81.831687"><ele>206.1</ele><time>2026-07-11T16:03:44Z</time></trkpt>
      <trkpt lat="41.335092" lon="-81.83166"><ele>206.1</ele><time>2026-07-11T16:03:45Z</time></trkpt>
      <trkpt lat="41.335053" lon="-81.831627"><ele>206</ele><time>2026-07-11T16:03:46Z</time></trkpt>
      <trkpt lat="41.335019" lon="-81.831596"><ele>206</ele><time>2026-07-11T16:03:47Z</time></trkpt>
      <trkpt lat="41.334993" lon="-81.831553"><ele>205.9</ele><time>2026-07-11T16:03:48Z</time></trkpt>
      <trkpt lat="41.334965" lon="-81.831501"><ele>205.9</ele><time>2026-07-11T16:03:49Z</time></trkpt>
      <trkpt lat="41.334936" lon="-81.831447"><ele>205.9</ele><time>2026-07-11T16:03:50Z</time></trkpt>
      <trkpt lat="41.334908" lon="-81.831394"><ele>206</ele><time>2026-07-11T16:03:51Z</time></trkpt>
      <trkpt lat="41.334884" lon="-81.831352"><ele>206</ele><time>2026-07-11T16:03:52Z</time></trkpt>
      <trkpt lat="41.334865" lon="-81.831318"><ele>206</ele><time>2026-07-11T16:03:53Z</time></trkpt>
      <trkpt lat="41.334852" lon="-81.831289"><ele>206.2</ele><time>2026-07-11T16:03:54Z</time></trkpt>
      <trkpt lat="41.334843" lon="-81.83127"><ele>206.299</ele><time>2026-07-11T16:03:55Z</time></trkpt>
      <trkpt lat="41.334834" lon="-81.831255"><ele>206.399</ele><time>2026-07-11T16:03:56Z</time></trkpt>
      <trkpt lat="41.334825" lon="-81.83125"><ele>206.499</ele><time>2026-07-11T16:03:57Z</time></trkpt>
      <trkpt lat="41.334815" lon="-81.831253"><ele>206.399</ele><time>2026-07-11T16:03:58Z</time></trkpt>
      <trkpt lat="41.334802" lon="-81.831259"><ele>206.499</ele><time>2026-07-11T16:03:59Z</time></trkpt>
      <trkpt lat="41.33479" lon="-81.831265"><ele>206.299</ele><time>2026-07-11T16:04:00Z</time></trkpt>
      <trkpt lat="41.334777" lon="-81.831276"><ele>206.299</ele><time>2026-07-11T16:04:01Z</time></trkpt>
      <trkpt lat="41.334763" lon="-81.831288"><ele>206.299</ele><time>2026-07-11T16:04:02Z</time></trkpt>
      <trkpt lat="41.334741" lon="-81.831309"><ele>206.3</ele><time>2026-07-11T16:04:03Z</time></trkpt>
      <trkpt lat="41.334717" lon="-81.831335"><ele>206.5</ele><time>2026-07-11T16:04:04Z</time></trkpt>
      <trkpt lat="41.334692" lon="-81.831359"><ele>206.6</ele><time>2026-07-11T16:04:05Z</time></trkpt>
      <trkpt lat="41.334666" lon="-81.831384"><ele>206.6</ele><time>2026-07-11T16:04:06Z</time></trkpt>
      <trkpt lat="41.334643" lon="-81.831409"><ele>206.6</ele><time>2026-07-11T16:04:07Z</time></trkpt>
      <trkpt lat="41.334621" lon="-81.831438"><ele>206.799</ele><time>2026-07-11T16:04:08Z</time></trkpt>
      <trkpt lat="41.334602" lon="-81.831462"><ele>206.499</ele><time>2026-07-11T16:04:09Z</time></trkpt>
      <trkpt lat="41.334581" lon="-81.831488"><ele>206.599</ele><time>2026-07-11T16:04:10Z</time></trkpt>
      <trkpt lat="41.334556" lon="-81.83152"><ele>206.599</ele><time>2026-07-11T16:04:11Z</time></trkpt>
      <trkpt lat="41.334528" lon="-81.831558"><ele>206.7</ele><time>2026-07-11T16:04:12Z</time></trkpt>
      <trkpt lat="41.334504" lon="-81.831598"><ele>206.7</ele><time>2026-07-11T16:04:13Z</time></trkpt>
      <trkpt lat="41.334484" lon="-81.831638"><ele>206.6</ele><time>2026-07-11T16:04:14Z</time></trkpt>
      <trkpt lat="41.334465" lon="-81.831684"><ele>206.6</ele><time>2026-07-11T16:04:15Z</time></trkpt>
      <trkpt lat="41.334448" lon="-81.831729"><ele>206.6</ele><time>2026-07-11T16:04:16Z</time></trkpt>
      <trkpt lat="41.334432" lon="-81.831779"><ele>206.5</ele><time>2026-07-11T16:04:17Z</time></trkpt>
      <trkpt lat="41.334417" lon="-81.831827"><ele>206.5</ele><time>2026-07-11T16:04:18Z</time></trkpt>
      <trkpt lat="41.334403" lon="-81.831874"><ele>206.5</ele><time>2026-07-11T16:04:19Z</time></trkpt>
      <trkpt lat="41.334392" lon="-81.831921"><ele>206.6</ele><time>2026-07-11T16:04:20Z</time></trkpt>
      <trkpt lat="41.334382" lon="-81.831957"><ele>206.6</ele><time>2026-07-11T16:04:21Z</time></trkpt>
      <trkpt lat="41.334374" lon="-81.831995"><ele>206.5</ele><time>2026-07-11T16:04:22Z</time></trkpt>
      <trkpt lat="41.334366" lon="-81.832034"><ele>206.5</ele><time>2026-07-11T16:04:23Z</time></trkpt>
      <trkpt lat="41.334359" lon="-81.832071"><ele>206.5</ele><time>2026-07-11T16:04:24Z</time></trkpt>
      <trkpt lat="41.33435" lon="-81.832102"><ele>206.5</ele><time>2026-07-11T16:04:25Z</time></trkpt>
      <trkpt lat="41.33434" lon="-81.832131"><ele>206.6</ele><time>2026-07-11T16:04:26Z</time></trkpt>
      <trkpt lat="41.33433" lon="-81.832155"><ele>206.5</ele><time>2026-07-11T16:04:27Z</time></trkpt>
      <trkpt lat="41.334321" lon="-81.832183"><ele>206.5</ele><time>2026-07-11T16:04:28Z</time></trkpt>
      <trkpt lat="41.334309" lon="-81.832215"><ele>206.5</ele><time>2026-07-11T16:04:29Z</time></trkpt>
      <trkpt lat="41.334296" lon="-81.832248"><ele>206.5</ele><time>2026-07-11T16:04:30Z</time></trkpt>
      <trkpt lat="41.334283" lon="-81.832282"><ele>206.4</ele><time>2026-07-11T16:04:31Z</time></trkpt>
      <trkpt lat="41.334269" lon="-81.832316"><ele>206.5</ele><time>2026-07-11T16:04:32Z</time></trkpt>
      <trkpt lat="41.334254" lon="-81.832357"><ele>206.5</ele><time>2026-07-11T16:04:33Z</time></trkpt>
      <trkpt lat="41.334235" lon="-81.832394"><ele>206.5</ele><time>2026-07-11T16:04:34Z</time></trkpt>
      <trkpt lat="41.334214" lon="-81.832424"><ele>206.5</ele><time>2026-07-11T16:04:35Z</time></trkpt>
      <trkpt lat="41.33419" lon="-81.83245"><ele>206.5</ele><time>2026-07-11T16:04:36Z</time></trkpt>
      <trkpt lat="41.334164" lon="-81.832472"><ele>206.5</ele><time>2026-07-11T16:04:37Z</time></trkpt>
      <trkpt lat="41.334136" lon="-81.832489"><ele>206.4</ele><time>2026-07-11T16:04:38Z</time></trkpt>
      <trkpt lat="41.334108" lon="-81.832503"><ele>206.1</ele><time>2026-07-11T16:04:39Z</time></trkpt>
      <trkpt lat="41.334077" lon="-81.832518"><ele>206.1</ele><time>2026-07-11T16:04:40Z</time></trkpt>
      <trkpt lat="41.334045" lon="-81.832532"><ele>206.1</ele><time>2026-07-11T16:04:41Z</time></trkpt>
      <trkpt lat="41.334014" lon="-81.832546"><ele>206</ele><time>2026-07-11T16:04:42Z</time></trkpt>
      <trkpt lat="41.333982" lon="-81.832564"><ele>206</ele><time>2026-07-11T16:04:43Z</time></trkpt>
      <trkpt lat="41.333951" lon="-81.832583"><ele>206</ele><time>2026-07-11T16:04:44Z</time></trkpt>
      <trkpt lat="41.333919" lon="-81.832604"><ele>206</ele><time>2026-07-11T16:04:45Z</time></trkpt>
      <trkpt lat="41.333885" lon="-81.832627"><ele>206</ele><time>2026-07-11T16:04:46Z</time></trkpt>
      <trkpt lat="41.333853" lon="-81.832646"><ele>205.8</ele><time>2026-07-11T16:04:47Z</time></trkpt>
      <trkpt lat="41.333824" lon="-81.832666"><ele>206</ele><time>2026-07-11T16:04:48Z</time></trkpt>
      <trkpt lat="41.333794" lon="-81.832685"><ele>206.1</ele><time>2026-07-11T16:04:49Z</time></trkpt>
      <trkpt lat="41.333765" lon="-81.832703"><ele>205.7</ele><time>2026-07-11T16:04:50Z</time></trkpt>
      <trkpt lat="41.333734" lon="-81.832721"><ele>206</ele><time>2026-07-11T16:04:51Z</time></trkpt>
      <trkpt lat="41.333707" lon="-81.832744"><ele>206</ele><time>2026-07-11T16:04:52Z</time></trkpt>
      <trkpt lat="41.333684" lon="-81.832769"><ele>206.1</ele><time>2026-07-11T16:04:53Z</time></trkpt>
      <trkpt lat="41.333666" lon="-81.832797"><ele>206.1</ele><time>2026-07-11T16:04:54Z</time></trkpt>
      <trkpt lat="41.333652" lon="-81.832825"><ele>206</ele><time>2026-07-11T16:04:55Z</time></trkpt>
      <trkpt lat="41.333637" lon="-81.832862"><ele>206</ele><time>2026-07-11T16:04:56Z</time></trkpt>
      <trkpt lat="41.333626" lon="-81.832901"><ele>206.1</ele><time>2026-07-11T16:04:57Z</time></trkpt>
      <trkpt lat="41.333615" lon="-81.832939"><ele>206</ele><time>2026-07-11T16:04:58Z</time></trkpt>
      <trkpt lat="41.333604" lon="-81.832978"><ele>206.1</ele><time>2026-07-11T16:04:59Z</time></trkpt>
      <trkpt lat="41.333592" lon="-81.833017"><ele>206.1</ele><time>2026-07-11T16:05:00Z</time></trkpt>
      <trkpt lat="41.333585" lon="-81.833053"><ele>206.1</ele><time>2026-07-11T16:05:01Z</time></trkpt>
      <trkpt lat="41.333578" lon="-81.833084"><ele>206.1</ele><time>2026-07-11T16:05:02Z</time></trkpt>
      <trkpt lat="41.333569" lon="-81.833118"><ele>206.1</ele><time>2026-07-11T16:05:03Z</time></trkpt>
      <trkpt lat="41.333555" lon="-81.833145"><ele>206</ele><time>2026-07-11T16:05:04Z</time></trkpt>
      <trkpt lat="41.333532" lon="-81.833171"><ele>206.2</ele><time>2026-07-11T16:05:05Z</time></trkpt>
      <trkpt lat="41.333505" lon="-81.833193"><ele>206.3</ele><time>2026-07-11T16:05:06Z</time></trkpt>
      <trkpt lat="41.333475" lon="-81.833209"><ele>206.3</ele><time>2026-07-11T16:05:07Z</time></trkpt>
      <trkpt lat="41.333446" lon="-81.833225"><ele>206</ele><time>2026-07-11T16:05:08Z</time></trkpt>
      <trkpt lat="41.333417" lon="-81.833248"><ele>206</ele><time>2026-07-11T16:05:09Z</time></trkpt>
      <trkpt lat="41.333391" lon="-81.833279"><ele>205.9</ele><time>2026-07-11T16:05:10Z</time></trkpt>
      <trkpt lat="41.333373" lon="-81.833314"><ele>206</ele><time>2026-07-11T16:05:11Z</time></trkpt>
      <trkpt lat="41.333363" lon="-81.833353"><ele>206</ele><time>2026-07-11T16:05:12Z</time></trkpt>
      <trkpt lat="41.333353" lon="-81.83339"><ele>206</ele><time>2026-07-11T16:05:13Z</time></trkpt>
      <trkpt lat="41.333337" lon="-81.833425"><ele>205.9</ele><time>2026-07-11T16:05:14Z</time></trkpt>
      <trkpt lat="41.333322" lon="-81.833459"><ele>206</ele><time>2026-07-11T16:05:15Z</time></trkpt>
      <trkpt lat="41.333302" lon="-81.833489"><ele>205.9</ele><time>2026-07-11T16:05:16Z</time></trkpt>
      <trkpt lat="41.333281" lon="-81.833511"><ele>205.9</ele><time>2026-07-11T16:05:17Z</time></trkpt>
      <trkpt lat="41.33326" lon="-81.833534"><ele>205.8</ele><time>2026-07-11T16:05:18Z</time></trkpt>
      <trkpt lat="41.333239" lon="-81.833553"><ele>206.1</ele><time>2026-07-11T16:05:19Z</time></trkpt>
      <trkpt lat="41.333217" lon="-81.83357"><ele>206.1</ele><time>2026-07-11T16:05:20Z</time></trkpt>
      <trkpt lat="41.333191" lon="-81.833591"><ele>206.2</ele><time>2026-07-11T16:05:21Z</time></trkpt>
      <trkpt lat="41.333168" lon="-81.83361"><ele>206.2</ele><time>2026-07-11T16:05:22Z</time></trkpt>
      <trkpt lat="41.333143" lon="-81.833629"><ele>206.3</ele><time>2026-07-11T16:05:23Z</time></trkpt>
      <trkpt lat="41.333126" lon="-81.83365"><ele>206.3</ele><time>2026-07-11T16:05:24Z</time></trkpt>
      <trkpt lat="41.333104" lon="-81.833668"><ele>206.3</ele><time>2026-07-11T16:05:25Z</time></trkpt>
      <trkpt lat="41.33308" lon="-81.833689"><ele>206.5</ele><time>2026-07-11T16:05:26Z</time></trkpt>
      <trkpt lat="41.33306" lon="-81.833707"><ele>206.5</ele><time>2026-07-11T16:05:27Z</time></trkpt>
      <trkpt lat="41.333039" lon="-81.833721"><ele>206.4</ele><time>2026-07-11T16:05:28Z</time></trkpt>
      <trkpt lat="41.33302" lon="-81.833735"><ele>206.5</ele><time>2026-07-11T16:05:29Z</time></trkpt>
      <trkpt lat="41.333003" lon="-81.833748"><ele>206.5</ele><time>2026-07-11T16:05:30Z</time></trkpt>
      <trkpt lat="41.332991" lon="-81.833759"><ele>206.5</ele><time>2026-07-11T16:05:31Z</time></trkpt>
      <trkpt lat="41.332981" lon="-81.833771"><ele>206.5</ele><time>2026-07-11T16:05:32Z</time></trkpt>
      <trkpt lat="41.33297" lon="-81.833782"><ele>206.4</ele><time>2026-07-11T16:05:33Z</time></trkpt>
      <trkpt lat="41.33296" lon="-81.833787"><ele>206.5</ele><time>2026-07-11T16:05:34Z</time></trkpt>
      <trkpt lat="41.332944" lon="-81.833796"><ele>206.5</ele><time>2026-07-11T16:05:35Z</time></trkpt>
      <trkpt lat="41.332934" lon="-81.833805"><ele>206.5</ele><time>2026-07-11T16:05:36Z</time></trkpt>
      <trkpt lat="41.332924" lon="-81.833814"><ele>206.5</ele><time>2026-07-11T16:05:37Z</time></trkpt>
      <trkpt lat="41.332913" lon="-81.833827"><ele>206.3</ele><time>2026-07-11T16:05:38Z</time></trkpt>
      <trkpt lat="41.332898" lon="-81.833836"><ele>206.3</ele><time>2026-07-11T16:05:39Z</time></trkpt>
      <trkpt lat="41.332879" lon="-81.833836"><ele>206.3</ele><time>2026-07-11T16:05:40Z</time></trkpt>
      <trkpt lat="41.332866" lon="-81.833827"><ele>206.3</ele><time>2026-07-11T16:05:41Z</time></trkpt>
      <trkpt lat="41.33286" lon="-81.833815"><ele>206.5</ele><time>2026-07-11T16:05:42Z</time></trkpt>
      <trkpt lat="41.332869" lon="-81.833804"><ele>206.3</ele><time>2026-07-11T16:05:43Z</time></trkpt>
      <trkpt lat="41.332887" lon="-81.833791"><ele>206.5</ele><time>2026-07-11T16:05:44Z</time></trkpt>
      <trkpt lat="41.332906" lon="-81.833777"><ele>206.5</ele><time>2026-07-11T16:05:45Z</time></trkpt>
      <trkpt lat="41.332927" lon="-81.833757"><ele>206.5</ele><time>2026-07-11T16:05:46Z</time></trkpt>
      <trkpt lat="41.332949" lon="-81.833735"><ele>206.4</ele><time>2026-07-11T16:05:47Z</time></trkpt>
      <trkpt lat="41.332971" lon="-81.833713"><ele>206.5</ele><time>2026-07-11T16:05:48Z</time></trkpt>
      <trkpt lat="41.332994" lon="-81.833691"><ele>206.2</ele><time>2026-07-11T16:05:49Z</time></trkpt>
      <trkpt lat="41.333017" lon="-81.833672"><ele>206.2</ele><time>2026-07-11T16:05:50Z</time></trkpt>
      <trkpt lat="41.333043" lon="-81.833657"><ele>206.4</ele><time>2026-07-11T16:05:51Z</time></trkpt>
      <trkpt lat="41.333067" lon="-81.833643"><ele>206.5</ele><time>2026-07-11T16:05:52Z</time></trkpt>
      <trkpt lat="41.333092" lon="-81.833639"><ele>206.4</ele><time>2026-07-11T16:05:53Z</time></trkpt>
      <trkpt lat="41.333114" lon="-81.833638"><ele>206.3</ele><time>2026-07-11T16:05:54Z</time></trkpt>
      <trkpt lat="41.333132" lon="-81.833645"><ele>206.4</ele><time>2026-07-11T16:05:55Z</time></trkpt>
      <trkpt lat="41.333147" lon="-81.833664"><ele>206.4</ele><time>2026-07-11T16:05:56Z</time></trkpt>
      <trkpt lat="41.333161" lon="-81.833689"><ele>206.3</ele><time>2026-07-11T16:05:57Z</time></trkpt>
      <trkpt lat="41.333179" lon="-81.833712"><ele>206.5</ele><time>2026-07-11T16:05:58Z</time></trkpt>
      <trkpt lat="41.333188" lon="-81.833726"><ele>206.4</ele><time>2026-07-11T16:05:59Z</time></trkpt>
      <trkpt lat="41.333197" lon="-81.833751"><ele>206.3</ele><time>2026-07-11T16:06:00Z</time></trkpt>
      <trkpt lat="41.333206" lon="-81.833773"><ele>206.3</ele><time>2026-07-11T16:06:01Z</time></trkpt>
      <trkpt lat="41.333219" lon="-81.833796"><ele>206.2</ele><time>2026-07-11T16:06:02Z</time></trkpt>
      <trkpt lat="41.333234" lon="-81.833819"><ele>206.1</ele><time>2026-07-11T16:06:03Z</time></trkpt>
      <trkpt lat="41.333249" lon="-81.833843"><ele>206.3</ele><time>2026-07-11T16:06:04Z</time></trkpt>
      <trkpt lat="41.333265" lon="-81.833868"><ele>206.3</ele><time>2026-07-11T16:06:05Z</time></trkpt>
      <trkpt lat="41.333281" lon="-81.833889"><ele>206.3</ele><time>2026-07-11T16:06:06Z</time></trkpt>
      <trkpt lat="41.333299" lon="-81.833908"><ele>206</ele><time>2026-07-11T16:06:07Z</time></trkpt>
      <trkpt lat="41.333319" lon="-81.833924"><ele>205.7</ele><time>2026-07-11T16:06:08Z</time></trkpt>
      <trkpt lat="41.333338" lon="-81.83394"><ele>205.9</ele><time>2026-07-11T16:06:09Z</time></trkpt>
      <trkpt lat="41.333355" lon="-81.833955"><ele>206</ele><time>2026-07-11T16:06:10Z</time></trkpt>
      <trkpt lat="41.333374" lon="-81.833971"><ele>206.1</ele><time>2026-07-11T16:06:11Z</time></trkpt>
      <trkpt lat="41.33339" lon="-81.833989"><ele>206.1</ele><time>2026-07-11T16:06:12Z</time></trkpt>
      <trkpt lat="41.333408" lon="-81.834012"><ele>206</ele><time>2026-07-11T16:06:13Z</time></trkpt>
      <trkpt lat="41.333422" lon="-81.834032"><ele>206</ele><time>2026-07-11T16:06:14Z</time></trkpt>
      <trkpt lat="41.333438" lon="-81.834056"><ele>205.9</ele><time>2026-07-11T16:06:15Z</time></trkpt>
      <trkpt lat="41.333451" lon="-81.834075"><ele>206</ele><time>2026-07-11T16:06:16Z</time></trkpt>
      <trkpt lat="41.333461" lon="-81.834095"><ele>206.3</ele><time>2026-07-11T16:06:17Z</time></trkpt>
      <trkpt lat="41.333469" lon="-81.834114"><ele>206</ele><time>2026-07-11T16:06:18Z</time></trkpt>
      <trkpt lat="41.333468" lon="-81.834122"><ele>205.9</ele><time>2026-07-11T16:06:19Z</time></trkpt>
      <trkpt lat="41.333463" lon="-81.834129"><ele>205.9</ele><time>2026-07-11T16:06:20Z</time></trkpt>
      <trkpt lat="41.333463" lon="-81.834134"><ele>206.1</ele><time>2026-07-11T16:06:21Z</time></trkpt>
      <trkpt lat="41.333464" lon="-81.834141"><ele>206.1</ele><time>2026-07-11T16:06:22Z</time></trkpt>
      <trkpt lat="41.333464" lon="-81.834148"><ele>206.1</ele><time>2026-07-11T16:06:23Z</time></trkpt>
      <trkpt lat="41.333463" lon="-81.834152"><ele>206.299</ele><time>2026-07-11T16:06:24Z</time></trkpt>
      <trkpt lat="41.333465" lon="-81.834155"><ele>206.2</ele><time>2026-07-11T16:06:25Z</time></trkpt>
      <trkpt lat="41.333466" lon="-81.834156"><ele>206.1</ele><time>2026-07-11T16:06:26Z</time></trkpt>
      <trkpt lat="41.333466" lon="-81.834156"><ele>206.2</ele><time>2026-07-11T16:06:27Z</time></trkpt>
      <trkpt lat="41.333466" lon="-81.834155"><ele>206.1</ele><time>2026-07-11T16:06:28Z</time></trkpt>
      <trkpt lat="41.333465" lon="-81.834152"><ele>206.2</ele><time>2026-07-11T16:06:29Z</time></trkpt>
      <trkpt lat="41.333463" lon="-81.83415"><ele>206.1</ele><time>2026-07-11T16:06:30Z</time></trkpt>
      <trkpt lat="41.333461" lon="-81.834148"><ele>205.9</ele><time>2026-07-11T16:06:31Z</time></trkpt>
      <trkpt lat="41.333461" lon="-81.834146"><ele>205.8</ele><time>2026-07-11T16:06:32Z</time></trkpt>
      <trkpt lat="41.333462" lon="-81.834145"><ele>206.1</ele><time>2026-07-11T16:06:33Z</time></trkpt>
      <trkpt lat="41.333464" lon="-81.834145"><ele>206.1</ele><time>2026-07-11T16:06:34Z</time></trkpt>
      <trkpt lat="41.333466" lon="-81.834145"><ele>206.1</ele><time>2026-07-11T16:06:35Z</time></trkpt>
      <trkpt lat="41.333469" lon="-81.834146"><ele>205.9</ele><time>2026-07-11T16:06:36Z</time></trkpt>
      <trkpt lat="41.333469" lon="-81.834148"><ele>206</ele><time>2026-07-11T16:06:37Z</time></trkpt>
      <trkpt lat="41.333469" lon="-81.834149"><ele>205.8</ele><time>2026-07-11T16:06:38Z</time></trkpt>
      <trkpt lat="41.333469" lon="-81.83415"><ele>205.7</ele><time>2026-07-11T16:06:39Z</time></trkpt>
      <trkpt lat="41.333468" lon="-81.83415"><ele>206</ele><time>2026-07-11T16:06:40Z</time></trkpt>
      <trkpt lat="41.333468" lon="-81.834151"><ele>205.8</ele><time>2026-07-11T16:06:41Z</time></trkpt>
      <trkpt lat="41.333469" lon="-81.834151"><ele>205.7</ele><time>2026-07-11T16:06:42Z</time></trkpt>
      <trkpt lat="41.333469" lon="-81.834151"><ele>205.6</ele><time>2026-07-11T16:06:43Z</time></trkpt>
      <trkpt lat="41.33347" lon="-81.834151"><ele>205.6</ele><time>2026-07-11T16:06:44Z</time></trkpt>
      <trkpt lat="41.333471" lon="-81.834151"><ele>205.5</ele><time>2026-07-11T16:06:45Z</time></trkpt>
      <trkpt lat="41.333475" lon="-81.83415"><ele>205.8</ele><time>2026-07-11T16:06:46Z</time></trkpt>
      <trkpt lat="41.333479" lon="-81.834149"><ele>205.8</ele><time>2026-07-11T16:06:47Z</time></trkpt>
      <trkpt lat="41.333483" lon="-81.834148"><ele>205.7</ele><time>2026-07-11T16:06:48Z</time></trkpt>
      <trkpt lat="41.333487" lon="-81.834147"><ele>205.5</ele><time>2026-07-11T16:06:49Z</time></trkpt>
      <trkpt lat="41.333488" lon="-81.834146"><ele>205.8</ele><time>2026-07-11T16:06:50Z</time></trkpt>
      <trkpt lat="41.333484" lon="-81.834151"><ele>205.8</ele><time>2026-07-11T16:06:51Z</time></trkpt>
      <trkpt lat="41.333482" lon="-81.834154"><ele>205.8</ele><time>2026-07-11T16:06:52Z</time></trkpt>
      <trkpt lat="41.333483" lon="-81.834154"><ele>205.8</ele><time>2026-07-11T16:06:53Z</time></trkpt>
      <trkpt lat="41.333486" lon="-81.834152"><ele>205.8</ele><time>2026-07-11T16:06:54Z</time></trkpt>
      <trkpt lat="41.333488" lon="-81.834151"><ele>205.8</ele><time>2026-07-11T16:06:55Z</time></trkpt>
      <trkpt lat="41.333488" lon="-81.834149"><ele>205.8</ele><time>2026-07-11T16:06:56Z</time></trkpt>
      <trkpt lat="41.333489" lon="-81.834147"><ele>205.8</ele><time>2026-07-11T16:06:57Z</time></trkpt>
      <trkpt lat="41.333492" lon="-81.834144"><ele>205.9</ele><time>2026-07-11T16:06:58Z</time></trkpt>
      <trkpt lat="41.333495" lon="-81.834141"><ele>205.8</ele><time>2026-07-11T16:06:59Z</time></trkpt>
      <trkpt lat="41.3335" lon="-81.834136"><ele>205.8</ele><time>2026-07-11T16:07:00Z</time></trkpt>
      <trkpt lat="41.333503" lon="-81.834131"><ele>205.6</ele><time>2026-07-11T16:07:01Z</time></trkpt>
      <trkpt lat="41.333507" lon="-81.834127"><ele>205.65</ele><time>2026-07-11T16:07:02Z</time></trkpt>
      <trkpt lat="41.33351" lon="-81.834121"><ele>205.7</ele><time>2026-07-11T16:07:03Z</time></trkpt>
      <trkpt lat="41.333513" lon="-81.834116"><ele>205.7</ele><time>2026-07-11T16:07:04Z</time></trkpt>
      <trkpt lat="41.333516" lon="-81.834112"><ele>205.7</ele><time>2026-07-11T16:07:05Z</time></trkpt>
      <trkpt lat="41.333518" lon="-81.83411"><ele>205.5</ele><time>2026-07-11T16:07:06Z</time></trkpt>
      <trkpt lat="41.33352" lon="-81.834107"><ele>205.4</ele><time>2026-07-11T16:07:07Z</time></trkpt>
      <trkpt lat="41.33352" lon="-81.834105"><ele>205.5</ele><time>2026-07-11T16:07:08Z</time></trkpt>
      <trkpt lat="41.333521" lon="-81.834105"><ele>205.5</ele><time>2026-07-11T16:07:09Z</time></trkpt>
      <trkpt lat="41.333523" lon="-81.834103"><ele>205.7</ele><time>2026-07-11T16:07:10Z</time></trkpt>
      <trkpt lat="41.333525" lon="-81.834102"><ele>205.5</ele><time>2026-07-11T16:07:11Z</time></trkpt>
      <trkpt lat="41.333525" lon="-81.8341"><ele>205.5</ele><time>2026-07-11T16:07:12Z</time></trkpt>
      <trkpt lat="41.333526" lon="-81.834098"><ele>205.5</ele><time>2026-07-11T16:07:13Z</time></trkpt>
      <trkpt lat="41.333525" lon="-81.834097"><ele>205.5</ele><time>2026-07-11T16:07:14Z</time></trkpt>
      <trkpt lat="41.333525" lon="-81.834097"><ele>205.7</ele><time>2026-07-11T16:07:15Z</time></trkpt>
      <trkpt lat="41.333525" lon="-81.834098"><ele>205.9</ele><time>2026-07-11T16:07:16Z</time></trkpt>
      <trkpt lat="41.333526" lon="-81.834098"><ele>205.5</ele><time>2026-07-11T16:07:17Z</time></trkpt>
      <trkpt lat="41.333525" lon="-81.834099"><ele>205.6</ele><time>2026-07-11T16:07:18Z</time></trkpt>
      <trkpt lat="41.333522" lon="-81.8341"><ele>205.799</ele><time>2026-07-11T16:07:19Z</time></trkpt>
      <trkpt lat="41.33352" lon="-81.8341"><ele>205.899</ele><time>2026-07-11T16:07:20Z</time></trkpt>
      <trkpt lat="41.33352" lon="-81.8341"><ele>205.799</ele><time>2026-07-11T16:07:21Z</time></trkpt>
      <trkpt lat="41.333518" lon="-81.834101"><ele>205.6</ele><time>2026-07-11T16:07:22Z</time></trkpt>
      <trkpt lat="41.333517" lon="-81.834102"><ele>205.6</ele><time>2026-07-11T16:07:23Z</time></trkpt>
      <trkpt lat="41.333517" lon="-81.834101"><ele>205.6</ele><time>2026-07-11T16:07:24Z</time></trkpt>
      <trkpt lat="41.333516" lon="-81.8341"><ele>205.6</ele><time>2026-07-11T16:07:25Z</time></trkpt>
      <trkpt lat="41.333515" lon="-81.8341"><ele>205.7</ele><time>2026-07-11T16:07:26Z</time></trkpt>
      <trkpt lat="41.333515" lon="-81.8341"><ele>205.799</ele><time>2026-07-11T16:07:27Z</time></trkpt>
      <trkpt lat="41.333515" lon="-81.8341"><ele>205.6</ele><time>2026-07-11T16:07:28Z</time></trkpt>
      <trkpt lat="41.333515" lon="-81.8341"><ele>205.6</ele><time>2026-07-11T16:07:29Z</time></trkpt>
      <trkpt lat="41.333515" lon="-81.8341"><ele>205.6</ele><time>2026-07-11T16:07:30Z</time></trkpt>
      <trkpt lat="41.333515" lon="-81.834101"><ele>205.8</ele><time>2026-07-11T16:07:31Z</time></trkpt>
      <trkpt lat="41.333515" lon="-81.834102"><ele>205.8</ele><time>2026-07-11T16:07:32Z</time></trkpt>
      <trkpt lat="41.333515" lon="-81.834102"><ele>205.6</ele><time>2026-07-11T16:07:33Z</time></trkpt>
      <trkpt lat="41.333517" lon="-81.834101"><ele>205.6</ele><time>2026-07-11T16:07:34Z</time></trkpt>
      <trkpt lat="41.333518" lon="-81.8341"><ele>205.6</ele><time>2026-07-11T16:07:35Z</time></trkpt>
      <trkpt lat="41.33352" lon="-81.834097"><ele>205.7</ele><time>2026-07-11T16:07:36Z</time></trkpt>
      <trkpt lat="41.333522" lon="-81.834093"><ele>205.6</ele><time>2026-07-11T16:07:37Z</time></trkpt>
      <trkpt lat="41.333523" lon="-81.83409"><ele>205.7</ele><time>2026-07-11T16:07:38Z</time></trkpt>
      <trkpt lat="41.333524" lon="-81.834087"><ele>205.7</ele><time>2026-07-11T16:07:39Z</time></trkpt>
      <trkpt lat="41.333522" lon="-81.834083"><ele>205.799</ele><time>2026-07-11T16:07:40Z</time></trkpt>
      <trkpt lat="41.333522" lon="-81.834082"><ele>205.6</ele><time>2026-07-11T16:07:41Z</time></trkpt>
      <trkpt lat="41.333522" lon="-81.834082"><ele>205.6</ele><time>2026-07-11T16:07:42Z</time></trkpt>
      <trkpt lat="41.333522" lon="-81.834081"><ele>205.6</ele><time>2026-07-11T16:07:43Z</time></trkpt>
      <trkpt lat="41.333522" lon="-81.834079"><ele>205.6</ele><time>2026-07-11T16:07:44Z</time></trkpt>
      <trkpt lat="41.333522" lon="-81.834077"><ele>205.6</ele><time>2026-07-11T16:07:45Z</time></trkpt>
      <trkpt lat="41.333521" lon="-81.834076"><ele>205.799</ele><time>2026-07-11T16:07:46Z</time></trkpt>
      <trkpt lat="41.33352" lon="-81.834075"><ele>205.7</ele><time>2026-07-11T16:07:47Z</time></trkpt>
      <trkpt lat="41.33352" lon="-81.834073"><ele>205.799</ele><time>2026-07-11T16:07:48Z</time></trkpt>
      <trkpt lat="41.333519" lon="-81.83407"><ele>205.6</ele><time>2026-07-11T16:07:49Z</time></trkpt>
      <trkpt lat="41.333518" lon="-81.834069"><ele>205.6</ele><time>2026-07-11T16:07:50Z</time></trkpt>
      <trkpt lat="41.333518" lon="-81.834068"><ele>205.6</ele><time>2026-07-11T16:07:51Z</time></trkpt>
    </trkseg>
  </trk>
</gpx>
