<?xml version="1.0" encoding="UTF-8"?>
<gpx version="1.1" creator="HoldMyTrack" xmlns="http://www.topografix.com/GPX/1/1">
  <trk>
    <type>Solowheel</type>
    <trkseg>
      <trkpt lat="41.50886008981615" lon="-81.69290145859122"><ele>146</ele><time>2026-10-04T19:18:00Z</time></trkpt>
      <trkpt lat="41.50891335681081" lon="-81.69283457100391"><ele>141</ele><time>2026-10-04T19:18:03Z</time></trkpt>
      <trkpt lat="41.50896373204887" lon="-81.6927071660757"><ele>143</ele><time>2026-10-04T19:18:06Z</time></trkpt>
      <trkpt lat="41.5090399235487" lon="-81.69254296459258"><ele>140</ele><time>2026-10-04T19:18:09Z</time></trkpt>
      <trkpt lat="41.50913338176906" lon="-81.69235772453249"><ele>140</ele><time>2026-10-04T19:18:12Z</time></trkpt>
      <trkpt lat="41.509211333468556" lon="-81.69217399321496"><ele>139</ele><time>2026-10-04T19:18:15Z</time></trkpt>
      <trkpt lat="41.50926824659109" lon="-81.69201138429344"><ele>140</ele><time>2026-10-04T19:18:18Z</time></trkpt>
      <trkpt lat="41.50932469870895" lon="-81.69185263104737"><ele>141</ele><time>2026-10-04T19:18:21Z</time></trkpt>
      <trkpt lat="41.50937549304217" lon="-81.69172883033752"><ele>141</ele><time>2026-10-04T19:18:24Z</time></trkpt>
      <trkpt lat="41.50941698346287" lon="-81.69163956306875"><ele>141</ele><time>2026-10-04T19:18:27Z</time></trkpt>
      <trkpt lat="41.50944808032364" lon="-81.69158122502267"><ele>142</ele><time>2026-10-04T19:18:30Z</time></trkpt>
      <trkpt lat="41.50947079528123" lon="-81.69152062386274"><ele>142</ele><time>2026-10-04T19:18:33Z</time></trkpt>
      <trkpt lat="41.50952188298106" lon="-81.6913947276771"><ele>142</ele><time>2026-10-04T19:18:39Z</time></trkpt>
      <trkpt lat="41.50955268647522" lon="-81.69134099967778"><ele>142</ele><time>2026-10-04T19:18:42Z</time></trkpt>
      <trkpt lat="41.50960624683648" lon="-81.69124150648713"><ele>143</ele><time>2026-10-04T19:18:48Z</time></trkpt>
      <trkpt lat="41.50964652188122" lon="-81.69114301912487"><ele>142</ele><time>2026-10-04T19:18:51Z</time></trkpt>
      <trkpt lat="41.50970632676035" lon="-81.69096699915826"><ele>142</ele><time>2026-10-04T19:18:54Z</time></trkpt>
      <trkpt lat="41.5097936661914" lon="-81.69074261561036"><ele>142</ele><time>2026-10-04T19:18:57Z</time></trkpt>
      <trkpt lat="41.50987258180976" lon="-81.69045469723642"><ele>142</ele><time>2026-10-04T19:19:00Z</time></trkpt>
      <trkpt lat="41.50997102726251" lon="-81.69019938446581"><ele>140</ele><time>2026-10-04T19:19:03Z</time></trkpt>
      <trkpt lat="41.51005983352661" lon="-81.68993317522109"><ele>141</ele><time>2026-10-04T19:19:06Z</time></trkpt>
      <trkpt lat="41.510176132433116" lon="-81.6896649543196"><ele>141</ele><time>2026-10-04T19:19:09Z</time></trkpt>
      <trkpt lat="41.51028442662209" lon="-81.68938608840108"><ele>142</ele><time>2026-10-04T19:19:12Z</time></trkpt>
      <trkpt lat="41.51042096782476" lon="-81.68911350890994"><ele>143</ele><time>2026-10-04T19:19:15Z</time></trkpt>
      <trkpt lat="41.51055713184178" lon="-81.68885040096939"><ele>143</ele><time>2026-10-04T19:19:18Z</time></trkpt>
      <trkpt lat="41.5106864226982" lon="-81.68860137462616"><ele>143</ele><time>2026-10-04T19:19:21Z</time></trkpt>
      <trkpt lat="41.51081215124577" lon="-81.68836433440447"><ele>144</ele><time>2026-10-04T19:19:24Z</time></trkpt>
      <trkpt lat="41.510898945853114" lon="-81.68822469189763"><ele>144</ele><time>2026-10-04T19:19:27Z</time></trkpt>
      <trkpt lat="41.510940310545266" lon="-81.68813056312501"><ele>144</ele><time>2026-10-04T19:19:30Z</time></trkpt>
      <trkpt lat="41.51096901856363" lon="-81.68807272799313"><ele>144</ele><time>2026-10-04T19:19:33Z</time></trkpt>
      <trkpt lat="41.51099843904376" lon="-81.68799896724522"><ele>143</ele><time>2026-10-04T19:19:36Z</time></trkpt>
      <trkpt lat="41.511032888665795" lon="-81.68787843547761"><ele>143</ele><time>2026-10-04T19:19:39Z</time></trkpt>
      <trkpt lat="41.51107945013791" lon="-81.68779796920717"><ele>144</ele><time>2026-10-04T19:19:42Z</time></trkpt>
      <trkpt lat="41.51113141793758" lon="-81.6877029184252"><ele>144</ele><time>2026-10-04T19:19:45Z</time></trkpt>
      <trkpt lat="41.51120861526579" lon="-81.68760149739683"><ele>144</ele><time>2026-10-04T19:19:48Z</time></trkpt>
      <trkpt lat="41.51126108597964" lon="-81.68753025121987"><ele>143</ele><time>2026-10-04T19:19:51Z</time></trkpt>
      <trkpt lat="41.511292518116534" lon="-81.6874576639384"><ele>143</ele><time>2026-10-04T19:19:54Z</time></trkpt>
      <trkpt lat="41.51135182008147" lon="-81.68730880133808"><ele>143</ele><time>2026-10-04T19:19:57Z</time></trkpt>
      <trkpt lat="41.51146112009883" lon="-81.68711551465094"><ele>143</ele><time>2026-10-04T19:20:00Z</time></trkpt>
      <trkpt lat="41.51156660635024" lon="-81.68690755963326"><ele>143</ele><time>2026-10-04T19:20:03Z</time></trkpt>
      <trkpt lat="41.51166752446443" lon="-81.68667814694345"><ele>143</ele><time>2026-10-04T19:20:06Z</time></trkpt>
      <trkpt lat="41.511807586066425" lon="-81.68646994046867"><ele>143</ele><time>2026-10-04T19:20:09Z</time></trkpt>
      <trkpt lat="41.511931722052395" lon="-81.68624815531075"><ele>143</ele><time>2026-10-04T19:20:12Z</time></trkpt>
      <trkpt lat="41.512078111991286" lon="-81.68603986501694"><ele>143</ele><time>2026-10-04T19:20:15Z</time></trkpt>
      <trkpt lat="41.51221092324704" lon="-81.6858328320086"><ele>143</ele><time>2026-10-04T19:20:18Z</time></trkpt>
      <trkpt lat="41.51237105950713" lon="-81.6856185067445"><ele>143</ele><time>2026-10-04T19:20:21Z</time></trkpt>
      <trkpt lat="41.512524699792266" lon="-81.68542387895286"><ele>143</ele><time>2026-10-04T19:20:24Z</time></trkpt>
      <trkpt lat="41.512663629837334" lon="-81.68523838743567"><ele>143</ele><time>2026-10-04T19:20:27Z</time></trkpt>
      <trkpt lat="41.51282967533916" lon="-81.68501727283001"><ele>143</ele><time>2026-10-04T19:20:30Z</time></trkpt>
      <trkpt lat="41.51297933422029" lon="-81.6848087310791"><ele>142</ele><time>2026-10-04T19:20:33Z</time></trkpt>
      <trkpt lat="41.51313121430576" lon="-81.6846115887165"><ele>143</ele><time>2026-10-04T19:20:36Z</time></trkpt>
      <trkpt lat="41.513295457698405" lon="-81.68439550325274"><ele>142</ele><time>2026-10-04T19:20:39Z</time></trkpt>
      <trkpt lat="41.513469675555825" lon="-81.68417170643806"><ele>142</ele><time>2026-10-04T19:20:42Z</time></trkpt>
      <trkpt lat="41.51365520898253" lon="-81.6839558724314"><ele>143</ele><time>2026-10-04T19:20:45Z</time></trkpt>
      <trkpt lat="41.513840574771166" lon="-81.68372763320804"><ele>143</ele><time>2026-10-04T19:20:48Z</time></trkpt>
      <trkpt lat="41.5140148345381" lon="-81.68347768485546"><ele>143</ele><time>2026-10-04T19:20:51Z</time></trkpt>
      <trkpt lat="41.51417715009302" lon="-81.68325413949788"><ele>144</ele><time>2026-10-04T19:20:54Z</time></trkpt>
      <trkpt lat="41.51433921419084" lon="-81.68302590027452"><ele>144</ele><time>2026-10-04T19:20:57Z</time></trkpt>
      <trkpt lat="41.51450178120285" lon="-81.68277511373162"><ele>143</ele><time>2026-10-04T19:21:00Z</time></trkpt>
      <trkpt lat="41.51466941926628" lon="-81.68250622227788"><ele>144</ele><time>2026-10-04T19:21:03Z</time></trkpt>
      <trkpt lat="41.51482230518013" lon="-81.68225945904851"><ele>144</ele><time>2026-10-04T19:21:06Z</time></trkpt>
      <trkpt lat="41.51494174730033" lon="-81.68203230947256"><ele>144</ele><time>2026-10-04T19:21:09Z</time></trkpt>
      <trkpt lat="41.515061566606164" lon="-81.68180616572499"><ele>144</ele><time>2026-10-04T19:21:12Z</time></trkpt>
      <trkpt lat="41.51517623104155" lon="-81.68161162175238"><ele>144</ele><time>2026-10-04T19:21:15Z</time></trkpt>
      <trkpt lat="41.51532861404121" lon="-81.68146200478077"><ele>144</ele><time>2026-10-04T19:21:18Z</time></trkpt>
      <trkpt lat="41.51550182607025" lon="-81.68133895844221"><ele>143</ele><time>2026-10-04T19:21:21Z</time></trkpt>
      <trkpt lat="41.51568090543151" lon="-81.68126896955073"><ele>143</ele><time>2026-10-04T19:21:24Z</time></trkpt>
      <trkpt lat="41.51585684157908" lon="-81.68124684132636"><ele>142</ele><time>2026-10-04T19:21:27Z</time></trkpt>
      <trkpt lat="41.51601517572999" lon="-81.68120962567627"><ele>143</ele><time>2026-10-04T19:21:30Z</time></trkpt>
      <trkpt lat="41.51617279741913" lon="-81.68113561347127"><ele>142</ele><time>2026-10-04T19:21:33Z</time></trkpt>
      <trkpt lat="41.51633641216904" lon="-81.68102933093905"><ele>142</ele><time>2026-10-04T19:21:36Z</time></trkpt>
      <trkpt lat="41.51648309547454" lon="-81.68086102232337"><ele>143</ele><time>2026-10-04T19:21:39Z</time></trkpt>
      <trkpt lat="41.51661309879273" lon="-81.68068340979517"><ele>143</ele><time>2026-10-04T19:21:42Z</time></trkpt>
      <trkpt lat="41.51669708546251" lon="-81.68049967847764"><ele>143</ele><time>2026-10-04T19:21:45Z</time></trkpt>
      <trkpt lat="41.5168019849807" lon="-81.68030387721956"><ele>143</ele><time>2026-10-04T19:21:48Z</time></trkpt>
      <trkpt lat="41.5168955270201" lon="-81.68012626469135"><ele>143</ele><time>2026-10-04T19:21:51Z</time></trkpt>
      <trkpt lat="41.51696811430156" lon="-81.67991084977984"><ele>142</ele><time>2026-10-04T19:21:54Z</time></trkpt>
      <trkpt lat="41.517009269446135" lon="-81.67964774183929"><ele>142</ele><time>2026-10-04T19:21:57Z</time></trkpt>
      <trkpt lat="41.517000049352646" lon="-81.67937734164298"><ele>142</ele><time>2026-10-04T19:22:00Z</time></trkpt>
      <trkpt lat="41.5169756161049" lon="-81.67912035249174"><ele>142</ele><time>2026-10-04T19:22:03Z</time></trkpt>
      <trkpt lat="41.51695223059505" lon="-81.6788491141051"><ele>142</ele><time>2026-10-04T19:22:06Z</time></trkpt>
      <trkpt lat="41.51694305241108" lon="-81.67855122126639"><ele>141</ele><time>2026-10-04T19:22:09Z</time></trkpt>
      <trkpt lat="41.5169893624261" lon="-81.67824293486774"><ele>141</ele><time>2026-10-04T19:22:12Z</time></trkpt>
      <trkpt lat="41.51709409430623" lon="-81.67795384302735"><ele>140</ele><time>2026-10-04T19:22:15Z</time></trkpt>
      <trkpt lat="41.517232144251466" lon="-81.67766743339598"><ele>141</ele><time>2026-10-04T19:22:18Z</time></trkpt>
      <trkpt lat="41.5173678053543" lon="-81.67736727744341"><ele>141</ele><time>2026-10-04T19:22:21Z</time></trkpt>
      <trkpt lat="41.51750803459436" lon="-81.6770915966481"><ele>142</ele><time>2026-10-04T19:22:24Z</time></trkpt>
      <trkpt lat="41.517648599110544" lon="-81.67683058418334"><ele>143</ele><time>2026-10-04T19:22:27Z</time></trkpt>
      <trkpt lat="41.51780022773892" lon="-81.67655549012125"><ele>143</ele><time>2026-10-04T19:22:30Z</time></trkpt>
      <trkpt lat="41.51795001234859" lon="-81.67626455426216"><ele>144</ele><time>2026-10-04T19:22:33Z</time></trkpt>
      <trkpt lat="41.5180956479162" lon="-81.67598367668688"><ele>144</ele><time>2026-10-04T19:22:36Z</time></trkpt>
      <trkpt lat="41.51823239866644" lon="-81.67569994926453"><ele>145</ele><time>2026-10-04T19:22:39Z</time></trkpt>
      <trkpt lat="41.51837598066777" lon="-81.67542795650661"><ele>145</ele><time>2026-10-04T19:22:42Z</time></trkpt>
      <trkpt lat="41.51851688046008" lon="-81.67516065761447"><ele>144</ele><time>2026-10-04T19:22:45Z</time></trkpt>
      <trkpt lat="41.518653966486454" lon="-81.67489025741816"><ele>144</ele><time>2026-10-04T19:22:48Z</time></trkpt>
      <trkpt lat="41.51880756486207" lon="-81.67461005039513"><ele>143</ele><time>2026-10-04T19:22:51Z</time></trkpt>
      <trkpt lat="41.518954331986606" lon="-81.67433713562787"><ele>143</ele><time>2026-10-04T19:22:54Z</time></trkpt>
      <trkpt lat="41.51909946464002" lon="-81.67406086809933"><ele>144</ele><time>2026-10-04T19:22:57Z</time></trkpt>
      <trkpt lat="41.51925205718726" lon="-81.67377278208733"><ele>143</ele><time>2026-10-04T19:23:00Z</time></trkpt>
      <trkpt lat="41.51940100360662" lon="-81.67348427698016"><ele>142</ele><time>2026-10-04T19:23:03Z</time></trkpt>
      <trkpt lat="41.51954877655953" lon="-81.67319669388235"><ele>142</ele><time>2026-10-04T19:23:06Z</time></trkpt>
      <trkpt lat="41.5197025006637" lon="-81.67291263118386"><ele>142</ele><time>2026-10-04T19:23:09Z</time></trkpt>
      <trkpt lat="41.51984675321728" lon="-81.67263426817954"><ele>141</ele><time>2026-10-04T19:23:12Z</time></trkpt>
      <trkpt lat="41.51999343652278" lon="-81.67236822657287"><ele>142</ele><time>2026-10-04T19:23:15Z</time></trkpt>
      <trkpt lat="41.52013014536351" lon="-81.67209858074784"><ele>142</ele><time>2026-10-04T19:23:18Z</time></trkpt>
      <trkpt lat="41.52026857249439" lon="-81.67182348668575"><ele>142</ele><time>2026-10-04T19:23:21Z</time></trkpt>
      <trkpt lat="41.520407418720424" lon="-81.67155459523201"><ele>142</ele><time>2026-10-04T19:23:24Z</time></trkpt>
      <trkpt lat="41.52054802514613" lon="-81.67130221612751"><ele>143</ele><time>2026-10-04T19:23:27Z</time></trkpt>
      <trkpt lat="41.52068288996816" lon="-81.67105176486075"><ele>142</ele><time>2026-10-04T19:23:30Z</time></trkpt>
      <trkpt lat="41.52081972453743" lon="-81.67077776044607"><ele>142</ele><time>2026-10-04T19:23:33Z</time></trkpt>
      <trkpt lat="41.52097294572741" lon="-81.67049772106111"><ele>142</ele><time>2026-10-04T19:23:36Z</time></trkpt>
      <trkpt lat="41.52111929375678" lon="-81.67021474801004"><ele>142</ele><time>2026-10-04T19:23:39Z</time></trkpt>
      <trkpt lat="41.52127171866596" lon="-81.66992029175162"><ele>142</ele><time>2026-10-04T19:23:42Z</time></trkpt>
      <trkpt lat="41.52140901423991" lon="-81.66963840834796"><ele>141</ele><time>2026-10-04T19:23:45Z</time></trkpt>
      <trkpt lat="41.52153767645359" lon="-81.66935417801142"><ele>142</ele><time>2026-10-04T19:23:48Z</time></trkpt>
      <trkpt lat="41.52168469503522" lon="-81.66906357742846"><ele>142</ele><time>2026-10-04T19:23:51Z</time></trkpt>
      <trkpt lat="41.52184076607227" lon="-81.6688009724021"><ele>142</ele><time>2026-10-04T19:23:54Z</time></trkpt>
      <trkpt lat="41.521978145465255" lon="-81.66853233240545"><ele>141</ele><time>2026-10-04T19:23:57Z</time></trkpt>
      <trkpt lat="41.522120092995465" lon="-81.66825891472399"><ele>141</ele><time>2026-10-04T19:24:00Z</time></trkpt>
      <trkpt lat="41.522268117405474" lon="-81.66797937825322"><ele>142</ele><time>2026-10-04T19:24:03Z</time></trkpt>
      <trkpt lat="41.52241660282016" lon="-81.66769824922085"><ele>142</ele><time>2026-10-04T19:24:06Z</time></trkpt>
      <trkpt lat="41.52253788895905" lon="-81.66744318790734"><ele>143</ele><time>2026-10-04T19:24:09Z</time></trkpt>
      <trkpt lat="41.522670364938676" lon="-81.66719407774508"><ele>144</ele><time>2026-10-04T19:24:12Z</time></trkpt>
      <trkpt lat="41.5228030923754" lon="-81.66695544496179"><ele>144</ele><time>2026-10-04T19:24:15Z</time></trkpt>
      <trkpt lat="41.52293305378407" lon="-81.66670189239085"><ele>144</ele><time>2026-10-04T19:24:18Z</time></trkpt>
      <trkpt lat="41.523072947748005" lon="-81.66644951328635"><ele>144</ele><time>2026-10-04T19:24:21Z</time></trkpt>
      <trkpt lat="41.52319540735334" lon="-81.6662120539695"><ele>144</ele><time>2026-10-04T19:24:24Z</time></trkpt>
      <trkpt lat="41.523323566652834" lon="-81.66595883667469"><ele>143</ele><time>2026-10-04T19:24:27Z</time></trkpt>
      <trkpt lat="41.52346371207386" lon="-81.66569690220058"><ele>142</ele><time>2026-10-04T19:24:30Z</time></trkpt>
      <trkpt lat="41.52360142674297" lon="-81.66542122140527"><ele>141</ele><time>2026-10-04T19:24:33Z</time></trkpt>
      <trkpt lat="41.52374169789255" lon="-81.66513514705002"><ele>142</ele><time>2026-10-04T19:24:36Z</time></trkpt>
      <trkpt lat="41.52389466762543" lon="-81.66484865359962"><ele>142</ele><time>2026-10-04T19:24:39Z</time></trkpt>
      <trkpt lat="41.52404721826315" lon="-81.66456626728177"><ele>142</ele><time>2026-10-04T19:24:42Z</time></trkpt>
      <trkpt lat="41.52419696096331" lon="-81.66427969001234"><ele>141</ele><time>2026-10-04T19:24:45Z</time></trkpt>
      <trkpt lat="41.52434766758233" lon="-81.66400979273021"><ele>140</ele><time>2026-10-04T19:24:48Z</time></trkpt>
      <trkpt lat="41.52448429260403" lon="-81.66373025625944"><ele>140</ele><time>2026-10-04T19:24:51Z</time></trkpt>
      <trkpt lat="41.524590868502855" lon="-81.66351324878633"><ele>141</ele><time>2026-10-04T19:24:54Z</time></trkpt>
      <trkpt lat="41.524681518785655" lon="-81.66333069093525"><ele>141</ele><time>2026-10-04T19:24:57Z</time></trkpt>
      <trkpt lat="41.524811019189656" lon="-81.66313321329653"><ele>141</ele><time>2026-10-04T19:25:00Z</time></trkpt>
      <trkpt lat="41.52492568362504" lon="-81.66289483197033"><ele>141</ele><time>2026-10-04T19:25:03Z</time></trkpt>
      <trkpt lat="41.525043323636055" lon="-81.66264614090323"><ele>142</ele><time>2026-10-04T19:25:06Z</time></trkpt>
      <trkpt lat="41.52516704052687" lon="-81.66242133826017"><ele>141</ele><time>2026-10-04T19:25:09Z</time></trkpt>
      <trkpt lat="41.5252733649686" lon="-81.66222352534533"><ele>141</ele><time>2026-10-04T19:25:12Z</time></trkpt>
      <trkpt lat="41.525375791825354" lon="-81.66199293918908"><ele>142</ele><time>2026-10-04T19:25:15Z</time></trkpt>
      <trkpt lat="41.525504286400974" lon="-81.66177148930728"><ele>142</ele><time>2026-10-04T19:25:18Z</time></trkpt>
      <trkpt lat="41.525638438761234" lon="-81.66153654456139"><ele>142</ele><time>2026-10-04T19:25:21Z</time></trkpt>
      <trkpt lat="41.52576768770814" lon="-81.66131283156574"><ele>141</ele><time>2026-10-04T19:25:24Z</time></trkpt>
      <trkpt lat="41.52588608209044" lon="-81.66108031757176"><ele>141</ele><time>2026-10-04T19:25:27Z</time></trkpt>
      <trkpt lat="41.52601118199527" lon="-81.66088937781751"><ele>141</ele><time>2026-10-04T19:25:30Z</time></trkpt>
      <trkpt lat="41.526113525033" lon="-81.66066717356443"><ele>143</ele><time>2026-10-04T19:25:33Z</time></trkpt>
      <trkpt lat="41.52622035238892" lon="-81.66045628488064"><ele>142</ele><time>2026-10-04T19:25:36Z</time></trkpt>
      <trkpt lat="41.526333591900766" lon="-81.66023533791304"><ele>142</ele><time>2026-10-04T19:25:39Z</time></trkpt>
      <trkpt lat="41.526409070938826" lon="-81.66001916863024"><ele>141</ele><time>2026-10-04T19:25:42Z</time></trkpt>
      <trkpt lat="41.52652541175485" lon="-81.6597901750356"><ele>141</ele><time>2026-10-04T19:25:45Z</time></trkpt>
      <trkpt lat="41.526654032059014" lon="-81.659548105672"><ele>141</ele><time>2026-10-04T19:25:48Z</time></trkpt>
      <trkpt lat="41.52680276893079" lon="-81.65927368216217"><ele>141</ele><time>2026-10-04T19:25:51Z</time></trkpt>
      <trkpt lat="41.52694555465132" lon="-81.65898048318923"><ele>142</ele><time>2026-10-04T19:25:54Z</time></trkpt>
      <trkpt lat="41.52708419132978" lon="-81.65870932862163"><ele>141</ele><time>2026-10-04T19:25:57Z</time></trkpt>
      <trkpt lat="41.52722270227969" lon="-81.6584307141602"><ele>141</ele><time>2026-10-04T19:26:00Z</time></trkpt>
      <trkpt lat="41.527361129410565" lon="-81.65818277746439"><ele>141</ele><time>2026-10-04T19:26:03Z</time></trkpt>
      <trkpt lat="41.52749218046665" lon="-81.65794489905238"><ele>141</ele><time>2026-10-04T19:26:06Z</time></trkpt>
      <trkpt lat="41.52762046549469" lon="-81.6577282268554"><ele>141</ele><time>2026-10-04T19:26:09Z</time></trkpt>
      <trkpt lat="41.5277169412002" lon="-81.65757483802736"><ele>141</ele><time>2026-10-04T19:26:12Z</time></trkpt>
      <trkpt lat="41.52785059064627" lon="-81.65740409865975"><ele>140</ele><time>2026-10-04T19:26:15Z</time></trkpt>
      <trkpt lat="41.52796952985227" lon="-81.65720854885876"><ele>140</ele><time>2026-10-04T19:26:18Z</time></trkpt>
      <trkpt lat="41.528094043023884" lon="-81.65698600932956"><ele>140</ele><time>2026-10-04T19:26:21Z</time></trkpt>
      <trkpt lat="41.52821105439216" lon="-81.65673513896763"><ele>140</ele><time>2026-10-04T19:26:24Z</time></trkpt>
      <trkpt lat="41.52833640575409" lon="-81.65648904629052"><ele>139</ele><time>2026-10-04T19:26:27Z</time></trkpt>
      <trkpt lat="41.52844507712871" lon="-81.65624714456499"><ele>139</ele><time>2026-10-04T19:26:30Z</time></trkpt>
      <trkpt lat="41.52853396721184" lon="-81.65605888701975"><ele>138</ele><time>2026-10-04T19:26:33Z</time></trkpt>
      <trkpt lat="41.5286112902686" lon="-81.65589359588921"><ele>138</ele><time>2026-10-04T19:26:36Z</time></trkpt>
      <trkpt lat="41.528686601668596" lon="-81.6557320766151"><ele>138</ele><time>2026-10-04T19:26:39Z</time></trkpt>
      <trkpt lat="41.52874070685357" lon="-81.65560157038271"><ele>139</ele><time>2026-10-04T19:26:42Z</time></trkpt>
      <trkpt lat="41.528794057667255" lon="-81.65548640303314"><ele>138</ele><time>2026-10-04T19:26:45Z</time></trkpt>
      <trkpt lat="41.528866603039205" lon="-81.65534776635468"><ele>138</ele><time>2026-10-04T19:26:48Z</time></trkpt>
      <trkpt lat="41.52895214036107" lon="-81.65519705973566"><ele>138</ele><time>2026-10-04T19:26:51Z</time></trkpt>
      <trkpt lat="41.52903792914003" lon="-81.65506144054234"><ele>137</ele><time>2026-10-04T19:26:54Z</time></trkpt>
      <trkpt lat="41.52910611592233" lon="-81.65494568645954"><ele>136</ele><time>2026-10-04T19:26:57Z</time></trkpt>
      <trkpt lat="41.529166884720325" lon="-81.65482423268259"><ele>136</ele><time>2026-10-04T19:27:00Z</time></trkpt>
      <trkpt lat="41.52923662215471" lon="-81.65469473227859"><ele>136</ele><time>2026-10-04T19:27:03Z</time></trkpt>
      <trkpt lat="41.52935824356973" lon="-81.65453136898577"><ele>136</ele><time>2026-10-04T19:27:06Z</time></trkpt>
      <trkpt lat="41.529494994319975" lon="-81.6542988549918"><ele>137</ele><time>2026-10-04T19:27:09Z</time></trkpt>
      <trkpt lat="41.52963589411229" lon="-81.65405737236142"><ele>137</ele><time>2026-10-04T19:27:12Z</time></trkpt>
      <trkpt lat="41.52979615610093" lon="-81.65381689555943"><ele>137</ele><time>2026-10-04T19:27:15Z</time></trkpt>
      <trkpt lat="41.5299218846485" lon="-81.65356485173106"><ele>139</ele><time>2026-10-04T19:27:18Z</time></trkpt>
      <trkpt lat="41.530041033402085" lon="-81.65336988866329"><ele>140</ele><time>2026-10-04T19:27:21Z</time></trkpt>
      <trkpt lat="41.53018306475133" lon="-81.65316788479686"><ele>139</ele><time>2026-10-04T19:27:24Z</time></trkpt>
      <trkpt lat="41.530326353386045" lon="-81.65294417180121"><ele>139</ele><time>2026-10-04T19:27:27Z</time></trkpt>
      <trkpt lat="41.530486615374684" lon="-81.65274635888636"><ele>139</ele><time>2026-10-04T19:27:30Z</time></trkpt>
      <trkpt lat="41.53065664228052" lon="-81.65255374275148"><ele>140</ele><time>2026-10-04T19:27:33Z</time></trkpt>
      <trkpt lat="41.53082113713026" lon="-81.65240714326501"><ele>141</ele><time>2026-10-04T19:27:36Z</time></trkpt>
      <trkpt lat="41.531031941995025" lon="-81.6522852703929"><ele>139</ele><time>2026-10-04T19:27:39Z</time></trkpt>
      <trkpt lat="41.53124962002039" lon="-81.65218091569841"><ele>140</ele><time>2026-10-04T19:27:42Z</time></trkpt>
      <trkpt lat="41.531448690220714" lon="-81.65205862373114"><ele>141</ele><time>2026-10-04T19:27:45Z</time></trkpt>
      <trkpt lat="41.531624123454094" lon="-81.65189090184867"><ele>141</ele><time>2026-10-04T19:27:48Z</time></trkpt>
      <trkpt lat="41.53178970795125" lon="-81.6516805998981"><ele>141</ele><time>2026-10-04T19:27:51Z</time></trkpt>
      <trkpt lat="41.53191547840834" lon="-81.65144079364836"><ele>142</ele><time>2026-10-04T19:27:54Z</time></trkpt>
      <trkpt lat="41.53206647839397" lon="-81.65117374621332"><ele>141</ele><time>2026-10-04T19:27:57Z</time></trkpt>
      <trkpt lat="41.532218903303146" lon="-81.65091013535857"><ele>141</ele><time>2026-10-04T19:28:00Z</time></trkpt>
      <trkpt lat="41.53236843645573" lon="-81.65066647343338"><ele>141</ele><time>2026-10-04T19:28:03Z</time></trkpt>
      <trkpt lat="41.53250724077225" lon="-81.65042096748948"><ele>141</ele><time>2026-10-04T19:28:06Z</time></trkpt>
      <trkpt lat="41.532659875229" lon="-81.65016045793891"><ele>141</ele><time>2026-10-04T19:28:09Z</time></trkpt>
      <trkpt lat="41.5328007331118" lon="-81.64987203665078"><ele>141</ele><time>2026-10-04T19:28:12Z</time></trkpt>
      <trkpt lat="41.5329421358183" lon="-81.64959032088518"><ele>141</ele><time>2026-10-04T19:28:15Z</time></trkpt>
      <trkpt lat="41.53307683300227" lon="-81.64932989515364"><ele>141</ele><time>2026-10-04T19:28:18Z</time></trkpt>
      <trkpt lat="41.5332151344046" lon="-81.64908329956234"><ele>141</ele><time>2026-10-04T19:28:21Z</time></trkpt>
      <trkpt lat="41.53332887683064" lon="-81.64885866455734"><ele>141</ele><time>2026-10-04T19:28:24Z</time></trkpt>
      <trkpt lat="41.533389310352504" lon="-81.6486188583076"><ele>141</ele><time>2026-10-04T19:28:27Z</time></trkpt>
      <trkpt lat="41.533460724167526" lon="-81.64835583418608"><ele>141</ele><time>2026-10-04T19:28:30Z</time></trkpt>
      <trkpt lat="41.533598438836634" lon="-81.64812734350562"><ele>141</ele><time>2026-10-04T19:28:33Z</time></trkpt>
      <trkpt lat="41.53373506385833" lon="-81.64789248257875"><ele>141</ele><time>2026-10-04T19:28:36Z</time></trkpt>
      <trkpt lat="41.53385509271175" lon="-81.64766248315573"><ele>141</ele><time>2026-10-04T19:28:39Z</time></trkpt>
      <trkpt lat="41.533960117958486" lon="-81.64746643044055"><ele>141</ele><time>2026-10-04T19:28:42Z</time></trkpt>
      <trkpt lat="41.53403325006366" lon="-81.64731639437377"><ele>142</ele><time>2026-10-04T19:28:45Z</time></trkpt>
      <trkpt lat="41.534110866487026" lon="-81.64711539633572"><ele>141</ele><time>2026-10-04T19:28:48Z</time></trkpt>
      <trkpt lat="41.53424824588001" lon="-81.6469625942409"><ele>142</ele><time>2026-10-04T19:28:51Z</time></trkpt>
      <trkpt lat="41.534382440149784" lon="-81.64679822511971"><ele>142</ele><time>2026-10-04T19:28:54Z</time></trkpt>
      <trkpt lat="41.53452107682824" lon="-81.64662756957114"><ele>142</ele><time>2026-10-04T19:28:57Z</time></trkpt>
      <trkpt lat="41.5346554806456" lon="-81.64645842276514"><ele>143</ele><time>2026-10-04T19:29:00Z</time></trkpt>
      <trkpt lat="41.53479545842856" lon="-81.64628114551306"><ele>143</ele><time>2026-10-04T19:29:03Z</time></trkpt>
      <trkpt lat="41.53492286335677" lon="-81.64609825238585"><ele>143</ele><time>2026-10-04T19:29:06Z</time></trkpt>
      <trkpt lat="41.535053118132055" lon="-81.64590639062226"><ele>144</ele><time>2026-10-04T19:29:09Z</time></trkpt>
      <trkpt lat="41.5351914614439" lon="-81.64570715278387"><ele>144</ele><time>2026-10-04T19:29:12Z</time></trkpt>
      <trkpt lat="41.53531195130199" lon="-81.64550766348839"><ele>144</ele><time>2026-10-04T19:29:15Z</time></trkpt>
      <trkpt lat="41.53544057160616" lon="-81.64529719389975"><ele>143</ele><time>2026-10-04T19:29:18Z</time></trkpt>
      <trkpt lat="41.535576903261244" lon="-81.6450750734657"><ele>143</ele><time>2026-10-04T19:29:21Z</time></trkpt>
      <trkpt lat="41.53571222908795" lon="-81.64484163746238"><ele>142</ele><time>2026-10-04T19:29:24Z</time></trkpt>
      <trkpt lat="41.53584353160113" lon="-81.64461683481932"><ele>143</ele><time>2026-10-04T19:29:27Z</time></trkpt>
      <trkpt lat="41.53598124627024" lon="-81.6444032639265"><ele>143</ele><time>2026-10-04T19:29:30Z</time></trkpt>
      <trkpt lat="41.53610366396606" lon="-81.64419455453753"><ele>142</ele><time>2026-10-04T19:29:33Z</time></trkpt>
      <trkpt lat="41.53623429592699" lon="-81.64399062283337"><ele>142</ele><time>2026-10-04T19:29:36Z</time></trkpt>
      <trkpt lat="41.53635813854635" lon="-81.64378325454891"><ele>143</ele><time>2026-10-04T19:29:39Z</time></trkpt>
      <trkpt lat="41.53643764089793" lon="-81.64364780299366"><ele>143</ele><time>2026-10-04T19:29:42Z</time></trkpt>
      <trkpt lat="41.53650796506554" lon="-81.64348427206278"><ele>142</ele><time>2026-10-04T19:29:45Z</time></trkpt>
      <trkpt lat="41.53661051765084" lon="-81.64330548606813"><ele>141</ele><time>2026-10-04T19:29:48Z</time></trkpt>
      <trkpt lat="41.536732600070536" lon="-81.64309141226113"><ele>142</ele><time>2026-10-04T19:29:51Z</time></trkpt>
      <trkpt lat="41.536862310022116" lon="-81.64285470731556"><ele>142</ele><time>2026-10-04T19:29:54Z</time></trkpt>
      <trkpt lat="41.536985943093896" lon="-81.64264130406082"><ele>141</ele><time>2026-10-04T19:29:57Z</time></trkpt>
      <trkpt lat="41.53712441213429" lon="-81.64243636652827"><ele>140</ele><time>2026-10-04T19:30:00Z</time></trkpt>
      <trkpt lat="41.53724959585816" lon="-81.64219915866852"><ele>140</ele><time>2026-10-04T19:30:03Z</time></trkpt>
      <trkpt lat="41.53739141765982" lon="-81.64195423945785"><ele>139</ele><time>2026-10-04T19:30:06Z</time></trkpt>
      <trkpt lat="41.53752385172993" lon="-81.64171300828457"><ele>140</ele><time>2026-10-04T19:30:09Z</time></trkpt>
      <trkpt lat="41.53767376206815" lon="-81.64149633608758"><ele>140</ele><time>2026-10-04T19:30:12Z</time></trkpt>
      <trkpt lat="41.53781864326447" lon="-81.64134110324085"><ele>139</ele><time>2026-10-04T19:30:15Z</time></trkpt>
      <trkpt lat="41.53793867211789" lon="-81.64118763059378"><ele>140</ele><time>2026-10-04T19:30:18Z</time></trkpt>
      <trkpt lat="41.538008912466466" lon="-81.64103046990931"><ele>141</ele><time>2026-10-04T19:30:21Z</time></trkpt>
      <trkpt lat="41.53808091301471" lon="-81.64087381213903"><ele>140</ele><time>2026-10-04T19:30:24Z</time></trkpt>
      <trkpt lat="41.538179609924555" lon="-81.6406821180135"><ele>140</ele><time>2026-10-04T19:30:27Z</time></trkpt>
      <trkpt lat="41.5382931008935" lon="-81.64045379497111"><ele>140</ele><time>2026-10-04T19:30:30Z</time></trkpt>
      <trkpt lat="41.53842289466411" lon="-81.64020233787596"><ele>139</ele><time>2026-10-04T19:30:33Z</time></trkpt>
      <trkpt lat="41.53854703065008" lon="-81.63997367955744"><ele>139</ele><time>2026-10-04T19:30:36Z</time></trkpt>
      <trkpt lat="41.53867443557829" lon="-81.63975742645562"><ele>138</ele><time>2026-10-04T19:30:39Z</time></trkpt>
      <trkpt lat="41.53883377555758" lon="-81.63955081254244"><ele>138</ele><time>2026-10-04T19:30:42Z</time></trkpt>
      <trkpt lat="41.53899378608912" lon="-81.63932877592742"><ele>138</ele><time>2026-10-04T19:30:45Z</time></trkpt>
      <trkpt lat="41.53914235532284" lon="-81.63914931938052"><ele>138</ele><time>2026-10-04T19:30:48Z</time></trkpt>
      <trkpt lat="41.53930756263435" lon="-81.63895963691175"><ele>138</ele><time>2026-10-04T19:30:51Z</time></trkpt>
      <trkpt lat="41.539444690570235" lon="-81.63873123005033"><ele>139</ele><time>2026-10-04T19:30:54Z</time></trkpt>
      <trkpt lat="41.53951195534319" lon="-81.6385184135288"><ele>140</ele><time>2026-10-04T19:30:57Z</time></trkpt>
      <trkpt lat="41.53953316155821" lon="-81.63837474770844"><ele>140</ele><time>2026-10-04T19:31:00Z</time></trkpt>
      <trkpt lat="41.539552356116474" lon="-81.63830190896988"><ele>141</ele><time>2026-10-04T19:31:03Z</time></trkpt>
      <trkpt lat="41.53957448434085" lon="-81.6382197663188"><ele>141</ele><time>2026-10-04T19:31:06Z</time></trkpt>
      <trkpt lat="41.53959481045604" lon="-81.63810275495052"><ele>141</ele><time>2026-10-04T19:31:09Z</time></trkpt>
      <trkpt lat="41.539615178480744" lon="-81.63800879381597"><ele>140</ele><time>2026-10-04T19:31:12Z</time></trkpt>
      <trkpt lat="41.539625111036" lon="-81.63784710690379"><ele>141</ele><time>2026-10-04T19:31:15Z</time></trkpt>
      <trkpt lat="41.53965884819627" lon="-81.6376135032624"><ele>141</ele><time>2026-10-04T19:31:18Z</time></trkpt>
      <trkpt lat="41.53969543520361" lon="-81.63732868619263"><ele>140</ele><time>2026-10-04T19:31:21Z</time></trkpt>
      <trkpt lat="41.539737386628985" lon="-81.637028362602"><ele>141</ele><time>2026-10-04T19:31:24Z</time></trkpt>
      <trkpt lat="41.53977221343666" lon="-81.63675519637764"><ele>141</ele><time>2026-10-04T19:31:27Z</time></trkpt>
      <trkpt lat="41.53981642797589" lon="-81.63647431880236"><ele>142</ele><time>2026-10-04T19:31:30Z</time></trkpt>
      <trkpt lat="41.539847566746175" lon="-81.63616393692791"><ele>143</ele><time>2026-10-04T19:31:33Z</time></trkpt>
      <trkpt lat="41.539878621697426" lon="-81.63584416732192"><ele>143</ele><time>2026-10-04T19:31:36Z</time></trkpt>
      <trkpt lat="41.5399023424834" lon="-81.6355137526989"><ele>143</ele><time>2026-10-04T19:31:39Z</time></trkpt>
      <trkpt lat="41.53991483151913" lon="-81.63517227396369"><ele>142</ele><time>2026-10-04T19:31:42Z</time></trkpt>
      <trkpt lat="41.53990540187806" lon="-81.63489039056003"><ele>142</ele><time>2026-10-04T19:31:45Z</time></trkpt>
      <trkpt lat="41.53989727143198" lon="-81.634636586532"><ele>142</ele><time>2026-10-04T19:31:48Z</time></trkpt>
      <trkpt lat="41.53989412821829" lon="-81.6344132926315"><ele>141</ele><time>2026-10-04T19:31:51Z</time></trkpt>
      <trkpt lat="41.539881974458694" lon="-81.63414808921516"><ele>142</ele><time>2026-10-04T19:31:54Z</time></trkpt>
      <trkpt lat="41.53986512683332" lon="-81.63386444561183"><ele>142</ele><time>2026-10-04T19:31:57Z</time></trkpt>
      <trkpt lat="41.539851212874055" lon="-81.63356009870768"><ele>142</ele><time>2026-10-04T19:32:00Z</time></trkpt>
      <trkpt lat="41.53983889147639" lon="-81.63330822251737"><ele>142</ele><time>2026-10-04T19:32:03Z</time></trkpt>
      <trkpt lat="41.539821876212955" lon="-81.6330389957875"><ele>141</ele><time>2026-10-04T19:32:06Z</time></trkpt>
      <trkpt lat="41.53981395531446" lon="-81.63278267718852"><ele>142</ele><time>2026-10-04T19:32:09Z</time></trkpt>
      <trkpt lat="41.53981051873416" lon="-81.63258503191173"><ele>144</ele><time>2026-10-04T19:32:12Z</time></trkpt>
      <trkpt lat="41.539824097417295" lon="-81.63246852345765"><ele>144</ele><time>2026-10-04T19:32:15Z</time></trkpt>
      <trkpt lat="41.53979656286538" lon="-81.63234002888203"><ele>146</ele><time>2026-10-04T19:33:30Z</time></trkpt>
      <trkpt lat="41.539794467389584" lon="-81.6321288049221"><ele>146</ele><time>2026-10-04T19:33:33Z</time></trkpt>
      <trkpt lat="41.53978734277189" lon="-81.63192562758923"><ele>146</ele><time>2026-10-04T19:33:36Z</time></trkpt>
      <trkpt lat="41.53976181987673" lon="-81.63180124014616"><ele>146</ele><time>2026-10-04T19:33:39Z</time></trkpt>
      <trkpt lat="41.539669199846685" lon="-81.63175329566002"><ele>146</ele><time>2026-10-04T19:33:42Z</time></trkpt>
      <trkpt lat="41.53951786458492" lon="-81.63172412663698"><ele>147</ele><time>2026-10-04T19:33:45Z</time></trkpt>
      <trkpt lat="41.539350603707135" lon="-81.63170082494617"><ele>147</ele><time>2026-10-04T19:33:48Z</time></trkpt>
      <trkpt lat="41.53912835754454" lon="-81.63174248300493"><ele>147</ele><time>2026-10-04T19:33:52Z</time></trkpt>
      <trkpt lat="41.53893331065774" lon="-81.6316958796233"><ele>146</ele><time>2026-10-04T19:33:55Z</time></trkpt>
      <trkpt lat="41.53865113388747" lon="-81.63155749440193"><ele>146</ele><time>2026-10-04T19:34:00Z</time></trkpt>
      <trkpt lat="41.53849979862571" lon="-81.63155456073582"><ele>145</ele><time>2026-10-04T19:34:03Z</time></trkpt>
      <trkpt lat="41.53833304066211" lon="-81.63146470673382"><ele>145</ele><time>2026-10-04T19:34:06Z</time></trkpt>
      <trkpt lat="41.538170096464455" lon="-81.63133428432047"><ele>144</ele><time>2026-10-04T19:34:09Z</time></trkpt>
      <trkpt lat="41.53797953389585" lon="-81.63117066957057"><ele>142</ele><time>2026-10-04T19:34:12Z</time></trkpt>
      <trkpt lat="41.53780560940504" lon="-81.63098584860563"><ele>142</ele><time>2026-10-04T19:34:15Z</time></trkpt>
      <trkpt lat="41.53758290223777" lon="-81.63078954443336"><ele>142</ele><time>2026-10-04T19:34:19Z</time></trkpt>
      <trkpt lat="41.537339030765" lon="-81.63057941012084"><ele>142</ele><time>2026-10-04T19:34:24Z</time></trkpt>
      <trkpt lat="41.537218037992716" lon="-81.6304743848741"><ele>142</ele><time>2026-10-04T19:34:27Z</time></trkpt>
      <trkpt lat="41.53713958337903" lon="-81.63037505932152"><ele>141</ele><time>2026-10-04T19:34:30Z</time></trkpt>
      <trkpt lat="41.53700878378004" lon="-81.63030079565942"><ele>136</ele><time>2026-10-04T19:34:33Z</time></trkpt>
      <trkpt lat="41.53685560449958" lon="-81.6302188206464"><ele>135</ele><time>2026-10-04T19:34:36Z</time></trkpt>
      <trkpt lat="41.536685661412776" lon="-81.63013516925275"><ele>134</ele><time>2026-10-04T19:34:39Z</time></trkpt>
      <trkpt lat="41.536514880135655" lon="-81.63007096387446"><ele>132</ele><time>2026-10-04T19:34:42Z</time></trkpt>
      <trkpt lat="41.53636618517339" lon="-81.63000256754458"><ele>134</ele><time>2026-10-04T19:34:45Z</time></trkpt>
      <trkpt lat="41.53622918296605" lon="-81.62993819452822"><ele>139</ele><time>2026-10-04T19:34:48Z</time></trkpt>
      <trkpt lat="41.53616728261113" lon="-81.62992193363607"><ele>140</ele><time>2026-10-04T19:34:51Z</time></trkpt>
      <trkpt lat="41.53611866757274" lon="-81.62991941906512"><ele>142</ele><time>2026-10-04T19:34:54Z</time></trkpt>
      <trkpt lat="41.53601624071598" lon="-81.6299183294177"><ele>144</ele><time>2026-10-04T19:34:57Z</time></trkpt>
      <trkpt lat="41.535839843563735" lon="-81.62991095334291"><ele>145</ele><time>2026-10-04T19:35:00Z</time></trkpt>
      <trkpt lat="41.535658752545714" lon="-81.62990491837263"><ele>146</ele><time>2026-10-04T19:35:03Z</time></trkpt>
      <trkpt lat="41.53551370371133" lon="-81.62988614290953"><ele>146</ele><time>2026-10-04T19:35:06Z</time></trkpt>
      <trkpt lat="41.53542242478579" lon="-81.6298752464354"><ele>145</ele><time>2026-10-04T19:35:09Z</time></trkpt>
      <trkpt lat="41.53537783306092" lon="-81.62993182428181"><ele>145</ele><time>2026-10-04T19:35:12Z</time></trkpt>
      <trkpt lat="41.53533039148897" lon="-81.62998270243406"><ele>145</ele><time>2026-10-04T19:35:18Z</time></trkpt>
      <trkpt lat="41.535263168625534" lon="-81.62996417842805"><ele>144</ele><time>2026-10-04T19:35:21Z</time></trkpt>
      <trkpt lat="41.53511313255876" lon="-81.6300018131733"><ele>144</ele><time>2026-10-04T19:35:24Z</time></trkpt>
      <trkpt lat="41.53497139457613" lon="-81.63005545735359"><ele>145</ele><time>2026-10-04T19:35:27Z</time></trkpt>
      <trkpt lat="41.53486469294876" lon="-81.63009451702237"><ele>145</ele><time>2026-10-04T19:35:30Z</time></trkpt>
      <trkpt lat="41.534745753742754" lon="-81.6301466524601"><ele>145</ele><time>2026-10-04T19:35:33Z</time></trkpt>
      <trkpt lat="41.534613613039255" lon="-81.63019199855626"><ele>144</ele><time>2026-10-04T19:35:36Z</time></trkpt>
      <trkpt lat="41.534482394345105" lon="-81.63025922141969"><ele>144</ele><time>2026-10-04T19:35:39Z</time></trkpt>
      <trkpt lat="41.53432904742658" lon="-81.63033809512854"><ele>145</ele><time>2026-10-04T19:35:42Z</time></trkpt>
      <trkpt lat="41.534163882024586" lon="-81.6304191481322"><ele>145</ele><time>2026-10-04T19:35:45Z</time></trkpt>
      <trkpt lat="41.534014977514744" lon="-81.63046239875257"><ele>145</ele><time>2026-10-04T19:35:48Z</time></trkpt>
      <trkpt lat="41.53384109493345" lon="-81.63053875789046"><ele>144</ele><time>2026-10-04T19:35:51Z</time></trkpt>
      <trkpt lat="41.53367110993713" lon="-81.63056759163737"><ele>143</ele><time>2026-10-04T19:35:54Z</time></trkpt>
      <trkpt lat="41.533475602045655" lon="-81.63055158220232"><ele>143</ele><time>2026-10-04T19:35:57Z</time></trkpt>
      <trkpt lat="41.53327523265034" lon="-81.63052417337894"><ele>142</ele><time>2026-10-04T19:36:00Z</time></trkpt>
      <trkpt lat="41.533070295117795" lon="-81.63045527413487"><ele>142</ele><time>2026-10-04T19:36:03Z</time></trkpt>
      <trkpt lat="41.53286879416555" lon="-81.63037908263505"><ele>142</ele><time>2026-10-04T19:36:06Z</time></trkpt>
      <trkpt lat="41.53266406618059" lon="-81.63027757778764"><ele>142</ele><time>2026-10-04T19:36:09Z</time></trkpt>
      <trkpt lat="41.53248494490981" lon="-81.63015251979232"><ele>142</ele><time>2026-10-04T19:36:12Z</time></trkpt>
      <trkpt lat="41.53237065766007" lon="-81.6300760768354"><ele>143</ele><time>2026-10-04T19:36:15Z</time></trkpt>
      <trkpt lat="41.53228122275323" lon="-81.63002779707313"><ele>143</ele><time>2026-10-04T19:36:18Z</time></trkpt>
      <trkpt lat="41.53200273402035" lon="-81.62994498386979"><ele>142</ele><time>2026-10-04T19:36:21Z</time></trkpt>
      <trkpt lat="41.5318672824651" lon="-81.62978815846145"><ele>149</ele><time>2026-10-04T19:36:24Z</time></trkpt>
      <trkpt lat="41.531765945255756" lon="-81.62968061864376"><ele>149</ele><time>2026-10-04T19:36:27Z</time></trkpt>
      <trkpt lat="41.531586488708854" lon="-81.62957416847348"><ele>149</ele><time>2026-10-04T19:36:30Z</time></trkpt>
      <trkpt lat="41.53139751870185" lon="-81.6294780280441"><ele>152</ele><time>2026-10-04T19:36:33Z</time></trkpt>
      <trkpt lat="41.531239142641425" lon="-81.62936705164611"><ele>152</ele><time>2026-10-04T19:36:36Z</time></trkpt>
      <trkpt lat="41.53106425423175" lon="-81.62926521152258"><ele>152</ele><time>2026-10-04T19:36:39Z</time></trkpt>
      <trkpt lat="41.53087499085814" lon="-81.62920838221908"><ele>152</ele><time>2026-10-04T19:36:42Z</time></trkpt>
      <trkpt lat="41.530716069974005" lon="-81.62917451933026"><ele>153</ele><time>2026-10-04T19:36:45Z</time></trkpt>
      <trkpt lat="41.53055949602276" lon="-81.62916546687484"><ele>155</ele><time>2026-10-04T19:36:48Z</time></trkpt>
      <trkpt lat="41.53040338307619" lon="-81.62911995314062"><ele>151</ele><time>2026-10-04T19:36:51Z</time></trkpt>
      <trkpt lat="41.53024882078171" lon="-81.62908617407084"><ele>151</ele><time>2026-10-04T19:36:54Z</time></trkpt>
      <trkpt lat="41.53008487075567" lon="-81.62905055098236"><ele>149</ele><time>2026-10-04T19:36:57Z</time></trkpt>
      <trkpt lat="41.52993701398373" lon="-81.62904250435531"><ele>148</ele><time>2026-10-04T19:37:00Z</time></trkpt>
      <trkpt lat="41.52981556020677" lon="-81.62902515381575"><ele>148</ele><time>2026-10-04T19:37:03Z</time></trkpt>
      <trkpt lat="41.529654250480235" lon="-81.62898701615632"><ele>148</ele><time>2026-10-04T19:37:06Z</time></trkpt>
      <trkpt lat="41.52951729018241" lon="-81.62894820794463"><ele>148</ele><time>2026-10-04T19:37:09Z</time></trkpt>
      <trkpt lat="41.529350322671235" lon="-81.62889481522143"><ele>149</ele><time>2026-10-04T19:37:12Z</time></trkpt>
      <trkpt lat="41.52914873789996" lon="-81.62881988100708"><ele>149</ele><time>2026-10-04T19:37:15Z</time></trkpt>
      <trkpt lat="41.52894941624254" lon="-81.62873044610023"><ele>148</ele><time>2026-10-04T19:37:18Z</time></trkpt>
      <trkpt lat="41.52876094914973" lon="-81.62860387936234"><ele>148</ele><time>2026-10-04T19:37:21Z</time></trkpt>
      <trkpt lat="41.52858107350767" lon="-81.62848980166018"><ele>148</ele><time>2026-10-04T19:37:24Z</time></trkpt>
      <trkpt lat="41.52840731665492" lon="-81.62836323492229"><ele>147</ele><time>2026-10-04T19:37:27Z</time></trkpt>
      <trkpt lat="41.52824449818581" lon="-81.62824362516403"><ele>147</ele><time>2026-10-04T19:37:30Z</time></trkpt>
      <trkpt lat="41.5281054424122" lon="-81.62807950749993"><ele>148</ele><time>2026-10-04T19:37:33Z</time></trkpt>
      <trkpt lat="41.52795444242656" lon="-81.62793240509927"><ele>148</ele><time>2026-10-04T19:37:36Z</time></trkpt>
      <trkpt lat="41.5278237266466" lon="-81.62778781726956"><ele>148</ele><time>2026-10-04T19:37:39Z</time></trkpt>
      <trkpt lat="41.52766882907599" lon="-81.62763694301248"><ele>148</ele><time>2026-10-04T19:37:42Z</time></trkpt>
      <trkpt lat="41.52749130036682" lon="-81.62748523056507"><ele>147</ele><time>2026-10-04T19:37:45Z</time></trkpt>
      <trkpt lat="41.52731980662793" lon="-81.62736520171165"><ele>146</ele><time>2026-10-04T19:37:48Z</time></trkpt>
      <trkpt lat="41.52715024072677" lon="-81.6272403113544"><ele>146</ele><time>2026-10-04T19:37:51Z</time></trkpt>
      <trkpt lat="41.52698834426701" lon="-81.62712581455708"><ele>146</ele><time>2026-10-04T19:37:54Z</time></trkpt>
      <trkpt lat="41.52681932318956" lon="-81.62703847512603"><ele>146</ele><time>2026-10-04T19:37:57Z</time></trkpt>
      <trkpt lat="41.52667008340359" lon="-81.62694384343922"><ele>144</ele><time>2026-10-04T19:38:00Z</time></trkpt>
      <trkpt lat="41.526539786718786" lon="-81.6268600244075"><ele>143</ele><time>2026-10-04T19:38:03Z</time></trkpt>
      <trkpt lat="41.52643501292914" lon="-81.62679120898247"><ele>144</ele><time>2026-10-04T19:38:06Z</time></trkpt>
      <trkpt lat="41.526361336000264" lon="-81.62674770690501"><ele>144</ele><time>2026-10-04T19:38:09Z</time></trkpt>
      <trkpt lat="41.526267542503774" lon="-81.62667788565159"><ele>144</ele><time>2026-10-04T19:38:12Z</time></trkpt>
      <trkpt lat="41.52617806568742" lon="-81.62661057896912"><ele>144</ele><time>2026-10-04T19:38:15Z</time></trkpt>
      <trkpt lat="41.52604273986071" lon="-81.62655517458916"><ele>144</ele><time>2026-10-04T19:38:18Z</time></trkpt>
      <trkpt lat="41.525961980223656" lon="-81.62650228478014"><ele>144</ele><time>2026-10-04T19:38:21Z</time></trkpt>
      <trkpt lat="41.525893583893776" lon="-81.62648149766028"><ele>144</ele><time>2026-10-04T19:38:24Z</time></trkpt>
      <trkpt lat="41.52583193499595" lon="-81.62645953707397"><ele>144</ele><time>2026-10-04T19:38:27Z</time></trkpt>
      <trkpt lat="41.52577296830714" lon="-81.62639608606696"><ele>144</ele><time>2026-10-04T19:38:30Z</time></trkpt>
      <trkpt lat="41.525691663846374" lon="-81.62632199004292"><ele>144</ele><time>2026-10-04T19:38:33Z</time></trkpt>
      <trkpt lat="41.525594727136195" lon="-81.62618201225996"><ele>144</ele><time>2026-10-04T19:38:36Z</time></trkpt>
      <trkpt lat="41.525478973053396" lon="-81.62608897313476"><ele>145</ele><time>2026-10-04T19:38:39Z</time></trkpt>
      <trkpt lat="41.52531766332686" lon="-81.62594815716147"><ele>146</ele><time>2026-10-04T19:38:42Z</time></trkpt>
      <trkpt lat="41.52516590896994" lon="-81.6257981210947"><ele>145</ele><time>2026-10-04T19:38:45Z</time></trkpt>
      <trkpt lat="41.525046676397324" lon="-81.62562042474747"><ele>144</ele><time>2026-10-04T19:38:48Z</time></trkpt>
      <trkpt lat="41.524906321428716" lon="-81.6254428960383"><ele>144</ele><time>2026-10-04T19:38:51Z</time></trkpt>
      <trkpt lat="41.524757416918874" lon="-81.62528397515416"><ele>143</ele><time>2026-10-04T19:38:54Z</time></trkpt>
      <trkpt lat="41.52462712023407" lon="-81.62515640258789"><ele>143</ele><time>2026-10-04T19:38:57Z</time></trkpt>
      <trkpt lat="41.52450470253825" lon="-81.62499848753214"><ele>143</ele><time>2026-10-04T19:39:00Z</time></trkpt>
      <trkpt lat="41.52434687130153" lon="-81.62475935183465"><ele>142</ele><time>2026-10-04T19:39:03Z</time></trkpt>
      <trkpt lat="41.52423480525613" lon="-81.62457092665136"><ele>142</ele><time>2026-10-04T19:39:06Z</time></trkpt>
      <trkpt lat="41.52412248775363" lon="-81.62439750507474"><ele>143</ele><time>2026-10-04T19:39:09Z</time></trkpt>
      <trkpt lat="41.52402353938669" lon="-81.62426507100463"><ele>143</ele><time>2026-10-04T19:39:12Z</time></trkpt>
      <trkpt lat="41.52391264680773" lon="-81.62410187534988"><ele>144</ele><time>2026-10-04T19:39:15Z</time></trkpt>
      <trkpt lat="41.52382161933929" lon="-81.62395460531116"><ele>145</ele><time>2026-10-04T19:39:18Z</time></trkpt>
      <trkpt lat="41.52373415417969" lon="-81.6237932536751"><ele>144</ele><time>2026-10-04T19:39:21Z</time></trkpt>
      <trkpt lat="41.52365243062377" lon="-81.6236743144691"><ele>144</ele><time>2026-10-04T19:39:24Z</time></trkpt>
      <trkpt lat="41.52358462102711" lon="-81.6235012281686"><ele>142</ele><time>2026-10-04T19:39:27Z</time></trkpt>
      <trkpt lat="41.52350813616067" lon="-81.623391257599"><ele>141</ele><time>2026-10-04T19:39:30Z</time></trkpt>
      <trkpt lat="41.52345960494131" lon="-81.6232821252197"><ele>141</ele><time>2026-10-04T19:39:33Z</time></trkpt>
      <trkpt lat="41.52338098268956" lon="-81.62318271584809"><ele>141</ele><time>2026-10-04T19:39:36Z</time></trkpt>
      <trkpt lat="41.52323781978339" lon="-81.62300175055861"><ele>142</ele><time>2026-10-04T19:39:39Z</time></trkpt>
      <trkpt lat="41.52308816090226" lon="-81.62286856211722"><ele>142</ele><time>2026-10-04T19:39:42Z</time></trkpt>
      <trkpt lat="41.522915535606444" lon="-81.62273989990354"><ele>143</ele><time>2026-10-04T19:39:45Z</time></trkpt>
      <trkpt lat="41.52274194639176" lon="-81.62260721437633"><ele>143</ele><time>2026-10-04T19:39:48Z</time></trkpt>
      <trkpt lat="41.52259593363851" lon="-81.62246832624078"><ele>143</ele><time>2026-10-04T19:39:51Z</time></trkpt>
      <trkpt lat="41.52246790006757" lon="-81.62237009033561"><ele>143</ele><time>2026-10-04T19:39:54Z</time></trkpt>
      <trkpt lat="41.52232251595706" lon="-81.62226774729788"><ele>144</ele><time>2026-10-04T19:39:57Z</time></trkpt>
      <trkpt lat="41.522145573981106" lon="-81.6221959143877"><ele>145</ele><time>2026-10-04T19:40:00Z</time></trkpt>
      <trkpt lat="41.52198325842619" lon="-81.62209977395833"><ele>146</ele><time>2026-10-04T19:40:03Z</time></trkpt>
      <trkpt lat="41.521853799931705" lon="-81.62201578728855"><ele>146</ele><time>2026-10-04T19:40:06Z</time></trkpt>
      <trkpt lat="41.521717007271945" lon="-81.62191512063146"><ele>146</ele><time>2026-10-04T19:40:09Z</time></trkpt>
      <trkpt lat="41.521609257906675" lon="-81.62181604653597"><ele>147</ele><time>2026-10-04T19:40:12Z</time></trkpt>
      <trkpt lat="41.521537634544075" lon="-81.62176013924181"><ele>146</ele><time>2026-10-04T19:40:15Z</time></trkpt>
      <trkpt lat="41.521489773876965" lon="-81.6217022202909"><ele>147</ele><time>2026-10-04T19:40:18Z</time></trkpt>
      <trkpt lat="41.52142561040819" lon="-81.62163189612329"><ele>148</ele><time>2026-10-04T19:40:21Z</time></trkpt>
      <trkpt lat="41.521343174390495" lon="-81.621528044343"><ele>148</ele><time>2026-10-04T19:40:24Z</time></trkpt>
      <trkpt lat="41.5212858421728" lon="-81.6213829535991"><ele>147</ele><time>2026-10-04T19:40:27Z</time></trkpt>
      <trkpt lat="41.52116153854877" lon="-81.62118488922715"><ele>146</ele><time>2026-10-04T19:40:30Z</time></trkpt>
      <trkpt lat="41.52104448527098" lon="-81.62106268107891"><ele>146</ele><time>2026-10-04T19:40:33Z</time></trkpt>
      <trkpt lat="41.52095320634544" lon="-81.62093477323651"><ele>146</ele><time>2026-10-04T19:40:36Z</time></trkpt>
      <trkpt lat="41.52081951498985" lon="-81.62076503969729"><ele>146</ele><time>2026-10-04T19:40:39Z</time></trkpt>
      <trkpt lat="41.520702294074" lon="-81.62057829089463"><ele>146</ele><time>2026-10-04T19:40:42Z</time></trkpt>
      <trkpt lat="41.52058633044362" lon="-81.62033689208329"><ele>145</ele><time>2026-10-04T19:40:45Z</time></trkpt>
      <trkpt lat="41.52051483280957" lon="-81.6201202198863"><ele>145</ele><time>2026-10-04T19:40:48Z</time></trkpt>
      <trkpt lat="41.52040561661124" lon="-81.619802294299"><ele>143</ele><time>2026-10-04T19:40:51Z</time></trkpt>
      <trkpt lat="41.52029443066567" lon="-81.61952217109501"><ele>143</ele><time>2026-10-04T19:40:54Z</time></trkpt>
      <trkpt lat="41.52017498854548" lon="-81.61926065571606"><ele>144</ele><time>2026-10-04T19:40:57Z</time></trkpt>
      <trkpt lat="41.52002604212612" lon="-81.61905379034579"><ele>143</ele><time>2026-10-04T19:41:00Z</time></trkpt>
      <trkpt lat="41.519865528680384" lon="-81.6188754234463"><ele>145</ele><time>2026-10-04T19:41:03Z</time></trkpt>
      <trkpt lat="41.519718426279724" lon="-81.61872354336083"><ele>146</ele><time>2026-10-04T19:41:06Z</time></trkpt>
      <trkpt lat="41.519543370231986" lon="-81.6185953002423"><ele>147</ele><time>2026-10-04T19:41:09Z</time></trkpt>
      <trkpt lat="41.51933562476188" lon="-81.6184916999191"><ele>148</ele><time>2026-10-04T19:41:12Z</time></trkpt>
      <trkpt lat="41.51916576549411" lon="-81.61843704991043"><ele>148</ele><time>2026-10-04T19:41:15Z</time></trkpt>
      <trkpt lat="41.51895772665739" lon="-81.61842715926468"><ele>148</ele><time>2026-10-04T19:41:18Z</time></trkpt>
      <trkpt lat="41.518780323676765" lon="-81.61841995082796"><ele>148</ele><time>2026-10-04T19:41:21Z</time></trkpt>
      <trkpt lat="41.518623917363584" lon="-81.61845808848739"><ele>148</ele><time>2026-10-04T19:41:24Z</time></trkpt>
      <trkpt lat="41.518452926538885" lon="-81.61855456419289"><ele>149</ele><time>2026-10-04T19:41:27Z</time></trkpt>
      <trkpt lat="41.518295095302165" lon="-81.6186748445034"><ele>148</ele><time>2026-10-04T19:41:30Z</time></trkpt>
      <trkpt lat="41.51817544363439" lon="-81.61876738071442"><ele>147</ele><time>2026-10-04T19:41:33Z</time></trkpt>
      <trkpt lat="41.51805344503373" lon="-81.61892470903695"><ele>146</ele><time>2026-10-04T19:41:36Z</time></trkpt>
      <trkpt lat="41.51787801180035" lon="-81.61906611174345"><ele>146</ele><time>2026-10-04T19:41:39Z</time></trkpt>
      <trkpt lat="41.517748343758285" lon="-81.61916418001056"><ele>146</ele><time>2026-10-04T19:41:42Z</time></trkpt>
      <trkpt lat="41.517666494473815" lon="-81.61918044090271"><ele>146</ele><time>2026-10-04T19:41:45Z</time></trkpt>
      <trkpt lat="41.517535359598696" lon="-81.61919913254678"><ele>146</ele><time>2026-10-04T19:41:48Z</time></trkpt>
      <trkpt lat="41.51737513951957" lon="-81.61924397572875"><ele>146</ele><time>2026-10-04T19:41:51Z</time></trkpt>
      <trkpt lat="41.517180763185024" lon="-81.61924405954778"><ele>145</ele><time>2026-10-04T19:41:54Z</time></trkpt>
      <trkpt lat="41.51696807239205" lon="-81.61917574703693"><ele>147</ele><time>2026-10-04T19:41:57Z</time></trkpt>
      <trkpt lat="41.51676699053496" lon="-81.61907030269504"><ele>147</ele><time>2026-10-04T19:42:00Z</time></trkpt>
      <trkpt lat="41.51656263973564" lon="-81.61899419501424"><ele>148</ele><time>2026-10-04T19:42:03Z</time></trkpt>
      <trkpt lat="41.51636574883014" lon="-81.61886980757117"><ele>149</ele><time>2026-10-04T19:42:06Z</time></trkpt>
      <trkpt lat="41.51619961950928" lon="-81.61882739514112"><ele>148</ele><time>2026-10-04T19:42:09Z</time></trkpt>
      <trkpt lat="41.515973350033164" lon="-81.61883560940623"><ele>149</ele><time>2026-10-04T19:42:13Z</time></trkpt>
      <trkpt lat="41.515599894337356" lon="-81.61883569322526"><ele>149</ele><time>2026-10-04T19:42:18Z</time></trkpt>
      <trkpt lat="41.515396758913994" lon="-81.61882739514112"><ele>149</ele><time>2026-10-04T19:42:21Z</time></trkpt>
      <trkpt lat="41.51517924852669" lon="-81.6188389621675"><ele>148</ele><time>2026-10-04T19:42:24Z</time></trkpt>
      <trkpt lat="41.515025733970106" lon="-81.61883451975882"><ele>147</ele><time>2026-10-04T19:42:27Z</time></trkpt>
      <trkpt lat="41.51491350028664" lon="-81.6188579890877"><ele>147</ele><time>2026-10-04T19:42:30Z</time></trkpt>
      <trkpt lat="41.51464993134141" lon="-81.61886368878186"><ele>150</ele><time>2026-10-04T19:42:33Z</time></trkpt>
      <trkpt lat="41.51448296383023" lon="-81.61882228218019"><ele>149</ele><time>2026-10-04T19:42:36Z</time></trkpt>
      <trkpt lat="41.51432010345161" lon="-81.61869848147035"><ele>149</ele><time>2026-10-04T19:42:39Z</time></trkpt>
      <trkpt lat="41.51419617701322" lon="-81.61853285506368"><ele>149</ele><time>2026-10-04T19:42:42Z</time></trkpt>
      <trkpt lat="41.514109591953456" lon="-81.6184433363378"><ele>148</ele><time>2026-10-04T19:42:45Z</time></trkpt>
      <trkpt lat="41.514028958044946" lon="-81.61831702105701"><ele>147</ele><time>2026-10-04T19:42:48Z</time></trkpt>
      <trkpt lat="41.513959974981844" lon="-81.6182556655258"><ele>148</ele><time>2026-10-04T19:42:51Z</time></trkpt>
      <trkpt lat="41.5138715878129" lon="-81.61812013015151"><ele>150</ele><time>2026-10-04T19:42:54Z</time></trkpt>
      <trkpt lat="41.51377921923995" lon="-81.61803698167205"><ele>150</ele><time>2026-10-04T19:42:57Z</time></trkpt>
      <trkpt lat="41.513677588663995" lon="-81.61798811517656"><ele>153</ele><time>2026-10-04T19:43:00Z</time></trkpt>
      <trkpt lat="41.513593727722764" lon="-81.6179617960006"><ele>154</ele><time>2026-10-04T19:43:03Z</time></trkpt>
      <trkpt lat="41.513503370806575" lon="-81.61790002137423"><ele>156</ele><time>2026-10-04T19:43:09Z</time></trkpt>
      <trkpt lat="41.51341481599957" lon="-81.61781125701964"><ele>156</ele><time>2026-10-04T19:43:12Z</time></trkpt>
      <trkpt lat="41.51329407468438" lon="-81.61765929311514"><ele>156</ele><time>2026-10-04T19:43:15Z</time></trkpt>
      <trkpt lat="41.513164448551834" lon="-81.61749509163201"><ele>155</ele><time>2026-10-04T19:43:18Z</time></trkpt>
      <trkpt lat="41.51301437057555" lon="-81.617376152426"><ele>155</ele><time>2026-10-04T19:43:21Z</time></trkpt>
      <trkpt lat="41.51283445302397" lon="-81.61734815686941"><ele>155</ele><time>2026-10-04T19:43:24Z</time></trkpt>
      <trkpt lat="41.51266287546605" lon="-81.61729266867042"><ele>154</ele><time>2026-10-04T19:43:27Z</time></trkpt>
      <trkpt lat="41.51246376335621" lon="-81.61724195815623"><ele>154</ele><time>2026-10-04T19:43:30Z</time></trkpt>
      <trkpt lat="41.51228711474687" lon="-81.61719719879329"><ele>154</ele><time>2026-10-04T19:43:33Z</time></trkpt>
      <trkpt lat="41.512161176651716" lon="-81.61712595261633"><ele>156</ele><time>2026-10-04T19:43:36Z</time></trkpt>
      <trkpt lat="41.512108161114156" lon="-81.61709904670715"><ele>156</ele><time>2026-10-04T19:43:39Z</time></trkpt>
      <trkpt lat="41.51205196045339" lon="-81.61711019463837"><ele>157</ele><time>2026-10-04T19:43:42Z</time></trkpt>
      <trkpt lat="41.51197476312518" lon="-81.61718068644404"><ele>157</ele><time>2026-10-04T19:43:45Z</time></trkpt>
      <trkpt lat="41.51190083473921" lon="-81.61721630953252"><ele>158</ele><time>2026-10-04T19:43:48Z</time></trkpt>
      <trkpt lat="41.5118424128741" lon="-81.61721421405673"><ele>158</ele><time>2026-10-04T19:43:51Z</time></trkpt>
      <trkpt lat="41.511797276325524" lon="-81.61720943637192"><ele>158</ele><time>2026-10-04T19:43:54Z</time></trkpt>
      <trkpt lat="41.51174367405474" lon="-81.61718814633787"><ele>158</ele><time>2026-10-04T19:43:58Z</time></trkpt>
      <trkpt lat="41.511714211665094" lon="-81.61712469533086"><ele>158</ele><time>2026-10-04T19:44:02Z</time></trkpt>
      <trkpt lat="41.5116579271853" lon="-81.61711480468512"><ele>159</ele><time>2026-10-04T19:44:07Z</time></trkpt>
      <trkpt lat="41.51162641122937" lon="-81.61703903228045"><ele>158</ele><time>2026-10-04T19:44:25Z</time></trkpt>
      <trkpt lat="41.511616981588304" lon="-81.61688128486276"><ele>157</ele><time>2026-10-04T19:44:28Z</time></trkpt>
      <trkpt lat="41.51167163159698" lon="-81.61675740033388"><ele>158</ele><time>2026-10-04T19:44:31Z</time></trkpt>
      <trkpt lat="41.51173671707511" lon="-81.61669034510851"><ele>158</ele><time>2026-10-04T19:44:34Z</time></trkpt>
      <trkpt lat="41.51166312396526" lon="-81.61650191992521"><ele>158</ele><time>2026-10-04T19:44:37Z</time></trkpt>
      <trkpt lat="41.511600385420024" lon="-81.61630217917264"><ele>158</ele><time>2026-10-04T19:44:40Z</time></trkpt>
      <trkpt lat="41.51153546757996" lon="-81.61610025912523"><ele>159</ele><time>2026-10-04T19:44:43Z</time></trkpt>
      <trkpt lat="41.51150114368647" lon="-81.6159468702972"><ele>160</ele><time>2026-10-04T19:44:46Z</time></trkpt>
      <trkpt lat="41.511486265808344" lon="-81.61583723500371"><ele>161</ele><time>2026-10-04T19:44:49Z</time></trkpt>
      <trkpt lat="41.51149154640734" lon="-81.61574662663043"><ele>162</ele><time>2026-10-04T19:44:52Z</time></trkpt>
      <trkpt lat="41.51149267796427" lon="-81.61568250507116"><ele>162</ele><time>2026-10-04T19:44:56Z</time></trkpt>
      <trkpt lat="41.51148354168981" lon="-81.61560245789587"><ele>162</ele><time>2026-10-04T19:45:27Z</time></trkpt>
      <trkpt lat="41.51148760691285" lon="-81.6154719516635"><ele>162</ele><time>2026-10-04T19:45:30Z</time></trkpt>
      <trkpt lat="41.51147951837629" lon="-81.61533599719405"><ele>162</ele><time>2026-10-04T19:45:33Z</time></trkpt>
      <trkpt lat="41.51143345981836" lon="-81.6152330674231"><ele>162</ele><time>2026-10-04T19:45:36Z</time></trkpt>
      <trkpt lat="41.51142805349082" lon="-81.61514924839139"><ele>162</ele><time>2026-10-04T19:45:39Z</time></trkpt>
      <trkpt lat="41.51140877511352" lon="-81.61508127115667"><ele>162</ele><time>2026-10-04T19:45:42Z</time></trkpt>
      <trkpt lat="41.51134901214391" lon="-81.61504581570625"><ele>162</ele><time>2026-10-04T19:45:45Z</time></trkpt>
      <trkpt lat="41.511286441236734" lon="-81.61502486094832"><ele>162</ele><time>2026-10-04T19:45:48Z</time></trkpt>
      <trkpt lat="41.511248387396336" lon="-81.61498404107988"><ele>163</ele><time>2026-10-04T19:45:51Z</time></trkpt>
      <trkpt lat="41.511243651621044" lon="-81.61489536054432"><ele>163</ele><time>2026-10-04T19:45:56Z</time></trkpt>
      <trkpt lat="41.51123774237931" lon="-81.61479494534433"><ele>162</ele><time>2026-10-04T19:45:59Z</time></trkpt>
      <trkpt lat="41.51115559972823" lon="-81.61465094424784"><ele>161</ele><time>2026-10-04T19:46:02Z</time></trkpt>
      <trkpt lat="41.511048562824726" lon="-81.61455170251429"><ele>161</ele><time>2026-10-04T19:46:05Z</time></trkpt>
      <trkpt lat="41.51093561667949" lon="-81.61451482214034"><ele>161</ele><time>2026-10-04T19:46:08Z</time></trkpt>
      <trkpt lat="41.51081604883075" lon="-81.61450476385653"><ele>161</ele><time>2026-10-04T19:46:11Z</time></trkpt>
      <trkpt lat="41.51070272549987" lon="-81.61451892927289"><ele>162</ele><time>2026-10-04T19:46:14Z</time></trkpt>
      <trkpt lat="41.51055486872792" lon="-81.61451272666454"><ele>162</ele><time>2026-10-04T19:46:20Z</time></trkpt>
      <trkpt lat="41.51049083098769" lon="-81.61435120739043"><ele>163</ele><time>2026-10-04T19:46:32Z</time></trkpt>
      <trkpt lat="41.51041275355965" lon="-81.61425825208426"><ele>162</ele><time>2026-10-04T19:46:35Z</time></trkpt>
      <trkpt lat="41.51035973802209" lon="-81.61415314301848"><ele>163</ele><time>2026-10-04T19:46:38Z</time></trkpt>
      <trkpt lat="41.51032256428152" lon="-81.6140691563487"><ele>164</ele><time>2026-10-04T19:46:41Z</time></trkpt>
      <trkpt lat="41.51028991676867" lon="-81.61398776806891"><ele>164</ele><time>2026-10-04T19:46:44Z</time></trkpt>
      <trkpt lat="41.510254964232445" lon="-81.61392012611032"><ele>165</ele><time>2026-10-04T19:46:47Z</time></trkpt>
      <trkpt lat="41.510304543189704" lon="-81.61399765871465"><ele>164</ele><time>2026-10-04T19:46:56Z</time></trkpt>
      <trkpt lat="41.510361498221755" lon="-81.61416915245354"><ele>163</ele><time>2026-10-04T19:46:59Z</time></trkpt>
      <trkpt lat="41.510363509878516" lon="-81.61426537670195"><ele>163</ele><time>2026-10-04T19:47:02Z</time></trkpt>
      <trkpt lat="41.51026187930256" lon="-81.61432974971831"><ele>161</ele><time>2026-10-04T19:47:05Z</time></trkpt>
      <trkpt lat="41.51010463479906" lon="-81.6144095454365"><ele>160</ele><time>2026-10-04T19:47:08Z</time></trkpt>
      <trkpt lat="41.50997903198004" lon="-81.61442253738642"><ele>159</ele><time>2026-10-04T19:47:11Z</time></trkpt>
      <trkpt lat="41.50987308472395" lon="-81.61437568254769"><ele>159</ele><time>2026-10-04T19:47:14Z</time></trkpt>
      <trkpt lat="41.50975548662245" lon="-81.61436663009226"><ele>159</ele><time>2026-10-04T19:47:17Z</time></trkpt>
      <trkpt lat="41.50962410029024" lon="-81.61439043469727"><ele>159</ele><time>2026-10-04T19:47:20Z</time></trkpt>
      <trkpt lat="41.50946505367756" lon="-81.6144750919193"><ele>160</ele><time>2026-10-04T19:47:23Z</time></trkpt>
      <trkpt lat="41.50926108006388" lon="-81.61460610106587"><ele>161</ele><time>2026-10-04T19:47:28Z</time></trkpt>
      <trkpt lat="41.50916322134435" lon="-81.61462185904384"><ele>162</ele><time>2026-10-04T19:47:31Z</time></trkpt>
      <trkpt lat="41.50904922746122" lon="-81.61463426426053"><ele>163</ele><time>2026-10-04T19:47:34Z</time></trkpt>
      <trkpt lat="41.508943322114646" lon="-81.6146048437804"><ele>164</ele><time>2026-10-04T19:47:37Z</time></trkpt>
      <trkpt lat="41.50883603375405" lon="-81.6145805362612"><ele>164</ele><time>2026-10-04T19:47:40Z</time></trkpt>
      <trkpt lat="41.508733816444874" lon="-81.61455958150327"><ele>164</ele><time>2026-10-04T19:47:43Z</time></trkpt>
      <trkpt lat="41.5086160087958" lon="-81.61450057290494"><ele>164</ele><time>2026-10-04T19:47:46Z</time></trkpt>
      <trkpt lat="41.508496147580445" lon="-81.61444642581046"><ele>163</ele><time>2026-10-04T19:47:49Z</time></trkpt>
      <trkpt lat="41.50836748536676" lon="-81.61437375470996"><ele>163</ele><time>2026-10-04T19:47:52Z</time></trkpt>
      <trkpt lat="41.50824339129031" lon="-81.6142940428108"><ele>163</ele><time>2026-10-04T19:47:55Z</time></trkpt>
      <trkpt lat="41.508171265013516" lon="-81.61423360928893"><ele>163</ele><time>2026-10-04T19:47:58Z</time></trkpt>
      <trkpt lat="41.508120889775455" lon="-81.61419270560145"><ele>163</ele><time>2026-10-04T19:48:02Z</time></trkpt>
      <trkpt lat="41.50804654229432" lon="-81.61410653963685"><ele>164</ele><time>2026-10-04T19:48:05Z</time></trkpt>
      <trkpt lat="41.50802034884691" lon="-81.61397787742317"><ele>164</ele><time>2026-10-04T19:48:08Z</time></trkpt>
      <trkpt lat="41.50804050732404" lon="-81.61387654021382"><ele>164</ele><time>2026-10-04T19:48:11Z</time></trkpt>
      <trkpt lat="41.50808434467763" lon="-81.61380931735039"><ele>165</ele><time>2026-10-04T19:48:14Z</time></trkpt>
      <trkpt lat="41.50814247317612" lon="-81.61378299817443"><ele>164</ele><time>2026-10-04T19:48:17Z</time></trkpt>
      <trkpt lat="41.50817403104156" lon="-81.61383018828928"><ele>165</ele><time>2026-10-04T19:48:38Z</time></trkpt>
      <trkpt lat="41.5080924751237" lon="-81.61379020661116"><ele>164</ele><time>2026-10-04T19:49:14Z</time></trkpt>
      <trkpt lat="41.50799101218581" lon="-81.61389917135239"><ele>165</ele><time>2026-10-04T19:49:17Z</time></trkpt>
      <trkpt lat="41.50788376573473" lon="-81.61392674781382"><ele>164</ele><time>2026-10-04T19:49:20Z</time></trkpt>
      <trkpt lat="41.507811094634235" lon="-81.6138463653624"><ele>164</ele><time>2026-10-04T19:49:23Z</time></trkpt>
      <trkpt lat="41.507756863720715" lon="-81.6137012746185"><ele>164</ele><time>2026-10-04T19:49:26Z</time></trkpt>
      <trkpt lat="41.50766558479518" lon="-81.61357554607093"><ele>165</ele><time>2026-10-04T19:49:29Z</time></trkpt>
      <trkpt lat="41.50756022427231" lon="-81.61346599459648"><ele>165</ele><time>2026-10-04T19:49:32Z</time></trkpt>
      <trkpt lat="41.507474896498024" lon="-81.6133320517838"><ele>165</ele><time>2026-10-04T19:49:35Z</time></trkpt>
      <trkpt lat="41.50742720346898" lon="-81.61321420222521"><ele>166</ele><time>2026-10-04T19:49:38Z</time></trkpt>
      <trkpt lat="41.50737749878317" lon="-81.61310221999884"><ele>166</ele><time>2026-10-04T19:49:41Z</time></trkpt>
      <trkpt lat="41.50732825510204" lon="-81.61297707818449"><ele>166</ele><time>2026-10-04T19:49:44Z</time></trkpt>
      <trkpt lat="41.5072853397578" lon="-81.61283358000219"><ele>165</ele><time>2026-10-04T19:49:47Z</time></trkpt>
      <trkpt lat="41.50723555125296" lon="-81.61269284784794"><ele>166</ele><time>2026-10-04T19:49:50Z</time></trkpt>
      <trkpt lat="41.5071843797341" lon="-81.61258011125028"><ele>167</ele><time>2026-10-04T19:49:53Z</time></trkpt>
      <trkpt lat="41.507102362811565" lon="-81.61242680624127"><ele>166</ele><time>2026-10-04T19:49:56Z</time></trkpt>
      <trkpt lat="41.506984094157815" lon="-81.6122910194099"><ele>166</ele><time>2026-10-04T19:49:59Z</time></trkpt>
      <trkpt lat="41.50684105698019" lon="-81.61219052039087"><ele>166</ele><time>2026-10-04T19:50:02Z</time></trkpt>
      <trkpt lat="41.50671239476651" lon="-81.61207996308804"><ele>166</ele><time>2026-10-04T19:50:05Z</time></trkpt>
      <trkpt lat="41.506611476652324" lon="-81.61203620955348"><ele>167</ele><time>2026-10-04T19:50:08Z</time></trkpt>
      <trkpt lat="41.50656424462795" lon="-81.61199245601892"><ele>167</ele><time>2026-10-04T19:50:11Z</time></trkpt>
      <trkpt lat="41.50653976947069" lon="-81.61189782433212"><ele>167</ele><time>2026-10-04T19:50:14Z</time></trkpt>
      <trkpt lat="41.506562400609255" lon="-81.61180520430207"><ele>167</ele><time>2026-10-04T19:50:17Z</time></trkpt>
      <trkpt lat="41.50658125989139" lon="-81.6117384005338"><ele>167</ele><time>2026-10-04T19:50:20Z</time></trkpt>
      <trkpt lat="41.50663025211543" lon="-81.61173521541059"><ele>166</ele><time>2026-10-04T19:50:23Z</time></trkpt>
      <trkpt lat="41.50669973809272" lon="-81.61175156012177"><ele>167</ele><time>2026-10-04T19:50:26Z</time></trkpt>
      <trkpt lat="41.50677609723061" lon="-81.61175625398755"><ele>167</ele><time>2026-10-04T19:50:48Z</time></trkpt>
      <trkpt lat="41.50682789739221" lon="-81.61171551793814"><ele>167</ele><time>2026-10-04T19:50:51Z</time></trkpt>
      <trkpt lat="41.506784185767174" lon="-81.61177033558488"><ele>166</ele><time>2026-10-04T19:51:03Z</time></trkpt>
      <trkpt lat="41.506774462759495" lon="-81.6118623688817"><ele>166</ele><time>2026-10-04T19:51:06Z</time></trkpt>
      <trkpt lat="41.506782844662666" lon="-81.61200620234013"><ele>166</ele><time>2026-10-04T19:51:09Z</time></trkpt>
      <trkpt lat="41.50667224545032" lon="-81.61203880794346"><ele>166</ele><time>2026-10-04T19:51:12Z</time></trkpt>
      <trkpt lat="41.50650921743363" lon="-81.61198725923896"><ele>165</ele><time>2026-10-04T19:51:15Z</time></trkpt>
      <trkpt lat="41.50630620773882" lon="-81.61194467917085"><ele>166</ele><time>2026-10-04T19:51:18Z</time></trkpt>
      <trkpt lat="41.50609640870243" lon="-81.61192397587001"><ele>166</ele><time>2026-10-04T19:51:21Z</time></trkpt>
      <trkpt lat="41.50588367599994" lon="-81.61192112602293"><ele>167</ele><time>2026-10-04T19:51:24Z</time></trkpt>
      <trkpt lat="41.505699693225324" lon="-81.61193604581058"><ele>169</ele><time>2026-10-04T19:51:27Z</time></trkpt>
      <trkpt lat="41.50552002713084" lon="-81.61197661422193"><ele>169</ele><time>2026-10-04T19:51:30Z</time></trkpt>
      <trkpt lat="41.50538348592818" lon="-81.61199974827468"><ele>169</ele><time>2026-10-04T19:51:33Z</time></trkpt>
      <trkpt lat="41.505281268619" lon="-81.61191324703395"><ele>170</ele><time>2026-10-04T19:51:36Z</time></trkpt>
      <trkpt lat="41.50517771020532" lon="-81.6117259953171"><ele>169</ele><time>2026-10-04T19:51:39Z</time></trkpt>
      <trkpt lat="41.50510017760098" lon="-81.61154611967504"><ele>170</ele><time>2026-10-04T19:51:42Z</time></trkpt>
      <trkpt lat="41.50502084288746" lon="-81.6114188823849"><ele>170</ele><time>2026-10-04T19:51:45Z</time></trkpt>
      <trkpt lat="41.50497671216726" lon="-81.61131067201495"><ele>171</ele><time>2026-10-04T19:51:48Z</time></trkpt>
      <trkpt lat="41.504927217029035" lon="-81.61120329983532"><ele>172</ele><time>2026-10-04T19:51:51Z</time></trkpt>
      <trkpt lat="41.504883505403996" lon="-81.6111266054213"><ele>172</ele><time>2026-10-04T19:51:54Z</time></trkpt>
      <trkpt lat="41.50484008714557" lon="-81.6110510006547"><ele>173</ele><time>2026-10-04T19:51:57Z</time></trkpt>
      <trkpt lat="41.50481108576059" lon="-81.61099861375988"><ele>174</ele><time>2026-10-04T19:52:09Z</time></trkpt>
      <trkpt lat="41.504783090204" lon="-81.61092921160161"><ele>174</ele><time>2026-10-04T19:52:13Z</time></trkpt>
      <trkpt lat="41.50471196975559" lon="-81.61087942309678"><ele>174</ele><time>2026-10-04T19:52:16Z</time></trkpt>
      <trkpt lat="41.50462546851486" lon="-81.6108142118901"><ele>175</ele><time>2026-10-04T19:52:19Z</time></trkpt>
      <trkpt lat="41.50454324204475" lon="-81.6107071749866"><ele>175</ele><time>2026-10-04T19:52:22Z</time></trkpt>
      <trkpt lat="41.5044712414965" lon="-81.61063374951482"><ele>175</ele><time>2026-10-04T19:52:25Z</time></trkpt>
      <trkpt lat="41.504413238726556" lon="-81.61063886247575"><ele>176</ele><time>2026-10-04T19:52:28Z</time></trkpt>
      <trkpt lat="41.50436990428716" lon="-81.61061078310013"><ele>175</ele><time>2026-10-04T19:52:32Z</time></trkpt>
      <trkpt lat="41.504333736374974" lon="-81.61057474091649"><ele>175</ele><time>2026-10-04T19:52:36Z</time></trkpt>
      <trkpt lat="41.504303184337914" lon="-81.61051749251783"><ele>175</ele><time>2026-10-04T19:52:40Z</time></trkpt>
      <trkpt lat="41.50423935614526" lon="-81.61049502901733"><ele>175</ele><time>2026-10-04T19:52:43Z</time></trkpt>
      <trkpt lat="41.504161739721894" lon="-81.61043509840965"><ele>175</ele><time>2026-10-04T19:52:46Z</time></trkpt>
      <trkpt lat="41.50406790431589" lon="-81.61034449003637"><ele>176</ele><time>2026-10-04T19:52:49Z</time></trkpt>
      <trkpt lat="41.50394888129085" lon="-81.61032680422068"><ele>176</ele><time>2026-10-04T19:52:52Z</time></trkpt>
      <trkpt lat="41.503850729204714" lon="-81.61037030629814"><ele>177</ele><time>2026-10-04T19:52:55Z</time></trkpt>
      <trkpt lat="41.50382210500538" lon="-81.61056040786207"><ele>177</ele><time>2026-10-04T19:52:58Z</time></trkpt>
      <trkpt lat="41.5037719393149" lon="-81.61078127101064"><ele>175</ele><time>2026-10-04T19:53:01Z</time></trkpt>
      <trkpt lat="41.50369109585881" lon="-81.61097321659327"><ele>174</ele><time>2026-10-04T19:53:04Z</time></trkpt>
      <trkpt lat="41.5035951230675" lon="-81.61090691573918"><ele>174</ele><time>2026-10-04T19:53:07Z</time></trkpt>
      <trkpt lat="41.50351394433528" lon="-81.61070516332984"><ele>174</ele><time>2026-10-04T19:53:10Z</time></trkpt>
      <trkpt lat="41.50342165958136" lon="-81.6104426421225"><ele>175</ele><time>2026-10-04T19:53:13Z</time></trkpt>
      <trkpt lat="41.50329714640975" lon="-81.61018515005708"><ele>175</ele><time>2026-10-04T19:53:16Z</time></trkpt>
      <trkpt lat="41.50318281725049" lon="-81.60992061719298"><ele>174</ele><time>2026-10-04T19:53:19Z</time></trkpt>
      <trkpt lat="41.50305055081844" lon="-81.60962389782071"><ele>174</ele><time>2026-10-04T19:53:22Z</time></trkpt>
      <trkpt lat="41.502900179475546" lon="-81.60943069495261"><ele>174</ele><time>2026-10-04T19:53:25Z</time></trkpt>
      <trkpt lat="41.502730906941" lon="-81.60926724784076"><ele>173</ele><time>2026-10-04T19:53:28Z</time></trkpt>
      <trkpt lat="41.50258619338274" lon="-81.60907580517232"><ele>173</ele><time>2026-10-04T19:53:31Z</time></trkpt>
      <trkpt lat="41.50241742376238" lon="-81.60890758037567"><ele>173</ele><time>2026-10-04T19:53:34Z</time></trkpt>
      <trkpt lat="41.50226265192032" lon="-81.6087660100311"><ele>174</ele><time>2026-10-04T19:53:37Z</time></trkpt>
      <trkpt lat="41.50208864361048" lon="-81.60862519405782"><ele>173</ele><time>2026-10-04T19:53:40Z</time></trkpt>
      <trkpt lat="41.501901391893625" lon="-81.60847943276167"><ele>173</ele><time>2026-10-04T19:53:43Z</time></trkpt>
      <trkpt lat="41.501713804900646" lon="-81.60837206058204"><ele>172</ele><time>2026-10-04T19:53:46Z</time></trkpt>
      <trkpt lat="41.50157688651234" lon="-81.60826276056468"><ele>173</ele><time>2026-10-04T19:53:49Z</time></trkpt>
      <trkpt lat="41.50148866698146" lon="-81.60823199898005"><ele>172</ele><time>2026-10-04T19:53:52Z</time></trkpt>
      <trkpt lat="41.5013666683808" lon="-81.60822755657136"><ele>173</ele><time>2026-10-04T19:53:55Z</time></trkpt>
      <trkpt lat="41.50123624596745" lon="-81.60830793902278"><ele>175</ele><time>2026-10-04T19:53:58Z</time></trkpt>
      <trkpt lat="41.50114341638982" lon="-81.60846082493663"><ele>174</ele><time>2026-10-04T19:54:01Z</time></trkpt>
      <trkpt lat="41.50109802838415" lon="-81.60861211828887"><ele>175</ele><time>2026-10-04T19:54:04Z</time></trkpt>
      <trkpt lat="41.50108964648098" lon="-81.6086867172271"><ele>175</ele><time>2026-10-04T19:54:07Z</time></trkpt>
      <trkpt lat="41.50107275694609" lon="-81.60879090428352"><ele>175</ele><time>2026-10-04T19:54:10Z</time></trkpt>
      <trkpt lat="41.501072882674634" lon="-81.6089063230902"><ele>175</ele><time>2026-10-04T19:54:13Z</time></trkpt>
      <trkpt lat="41.50106898508966" lon="-81.60903951153159"><ele>175</ele><time>2026-10-04T19:54:16Z</time></trkpt>
      <trkpt lat="41.50106764398515" lon="-81.6091286111623"><ele>176</ele><time>2026-10-04T19:54:19Z</time></trkpt>
      <trkpt lat="41.50106362067163" lon="-81.60906432196498"><ele>176</ele><time>2026-10-04T19:54:23Z</time></trkpt>
      <trkpt lat="41.501071960665286" lon="-81.60895342938602"><ele>176</ele><time>2026-10-04T19:54:26Z</time></trkpt>
      <trkpt lat="41.50107485242188" lon="-81.60888897255063"><ele>175</ele><time>2026-10-04T19:54:29Z</time></trkpt>
      <trkpt lat="41.50105046108365" lon="-81.60883599892259"><ele>176</ele><time>2026-10-04T19:55:14Z</time></trkpt>
      <trkpt lat="41.50099074002355" lon="-81.60879869945347"><ele>176</ele><time>2026-10-04T19:55:17Z</time></trkpt>
      <trkpt lat="41.50089128874242" lon="-81.608707588166"><ele>177</ele><time>2026-10-04T19:55:20Z</time></trkpt>
      <trkpt lat="41.500813672319055" lon="-81.60861672833562"><ele>177</ele><time>2026-10-04T19:55:23Z</time></trkpt>
      <trkpt lat="41.500757513567805" lon="-81.60845160484314"><ele>176</ele><time>2026-10-04T19:55:26Z</time></trkpt>
      <trkpt lat="41.50064972229302" lon="-81.6083069331944"><ele>175</ele><time>2026-10-04T19:55:29Z</time></trkpt>
      <trkpt lat="41.50056845974177" lon="-81.60819763317704"><ele>175</ele><time>2026-10-04T19:55:32Z</time></trkpt>
      <trkpt lat="41.5004358580336" lon="-81.6081097908318"><ele>176</ele><time>2026-10-04T19:55:35Z</time></trkpt>
      <trkpt lat="41.50025434792042" lon="-81.60804131068289"><ele>176</ele><time>2026-10-04T19:55:38Z</time></trkpt>
      <trkpt lat="41.50007430464029" lon="-81.60798448137939"><ele>177</ele><time>2026-10-04T19:55:41Z</time></trkpt>
      <trkpt lat="41.49992238264531" lon="-81.60792765207589"><ele>178</ele><time>2026-10-04T19:55:44Z</time></trkpt>
      <trkpt lat="41.49979501962662" lon="-81.60781575366855"><ele>178</ele><time>2026-10-04T19:55:47Z</time></trkpt>
      <trkpt lat="41.49963785894215" lon="-81.60768013447523"><ele>177</ele><time>2026-10-04T19:55:50Z</time></trkpt>
      <trkpt lat="41.49951577652246" lon="-81.6075542382896"><ele>177</ele><time>2026-10-04T19:55:53Z</time></trkpt>
      <trkpt lat="41.499375589191914" lon="-81.60741803236306"><ele>178</ele><time>2026-10-04T19:55:56Z</time></trkpt>
      <trkpt lat="41.49923112709075" lon="-81.60726279951632"><ele>178</ele><time>2026-10-04T19:55:59Z</time></trkpt>
      <trkpt lat="41.49911562446505" lon="-81.60705015063286"><ele>178</ele><time>2026-10-04T19:56:02Z</time></trkpt>
      <trkpt lat="41.499013281427324" lon="-81.60681394860148"><ele>178</ele><time>2026-10-04T19:56:05Z</time></trkpt>
      <trkpt lat="41.49891961365938" lon="-81.60664555616677"><ele>177</ele><time>2026-10-04T19:56:08Z</time></trkpt>
      <trkpt lat="41.498853312805295" lon="-81.60647531971335"><ele>177</ele><time>2026-10-04T19:56:11Z</time></trkpt>
      <trkpt lat="41.49869464337826" lon="-81.6061445698142"><ele>178</ele><time>2026-10-04T19:56:14Z</time></trkpt>
      <trkpt lat="41.49857339914888" lon="-81.60600199364126"><ele>179</ele><time>2026-10-04T19:56:17Z</time></trkpt>
      <trkpt lat="41.498434343375266" lon="-81.60588280297816"><ele>180</ele><time>2026-10-04T19:56:20Z</time></trkpt>
      <trkpt lat="41.49824260734022" lon="-81.60586444661021"><ele>182</ele><time>2026-10-04T19:56:23Z</time></trkpt>
      <trkpt lat="41.49804282467812" lon="-81.6059460863471"><ele>182</ele><time>2026-10-04T19:56:26Z</time></trkpt>
      <trkpt lat="41.49786081165075" lon="-81.60609335638583"><ele>181</ele><time>2026-10-04T19:56:29Z</time></trkpt>
      <trkpt lat="41.497706794179976" lon="-81.60630105994642"><ele>182</ele><time>2026-10-04T19:56:32Z</time></trkpt>
      <trkpt lat="41.497614341787994" lon="-81.60655570216477"><ele>184</ele><time>2026-10-04T19:56:35Z</time></trkpt>
      <trkpt lat="41.49754364043474" lon="-81.60682786256075"><ele>185</ele><time>2026-10-04T19:56:38Z</time></trkpt>
      <trkpt lat="41.497401064261794" lon="-81.60704067908227"><ele>185</ele><time>2026-10-04T19:56:41Z</time></trkpt>
      <trkpt lat="41.4972020778805" lon="-81.60718040540814"><ele>184</ele><time>2026-10-04T19:56:44Z</time></trkpt>
      <trkpt lat="41.49697446729988" lon="-81.60725592635572"><ele>184</ele><time>2026-10-04T19:56:47Z</time></trkpt>
      <trkpt lat="41.496773469261825" lon="-81.60720764659345"><ele>187</ele><time>2026-10-04T19:56:50Z</time></trkpt>
      <trkpt lat="41.496601765975356" lon="-81.60702299326658"><ele>189</ele><time>2026-10-04T19:56:53Z</time></trkpt>
      <trkpt lat="41.496423818171024" lon="-81.606799447909"><ele>190</ele><time>2026-10-04T19:56:56Z</time></trkpt>
      <trkpt lat="41.49627763777971" lon="-81.60653441213071"><ele>190</ele><time>2026-10-04T19:56:59Z</time></trkpt>
      <trkpt lat="41.49617986287922" lon="-81.6062399558723"><ele>191</ele><time>2026-10-04T19:57:02Z</time></trkpt>
      <trkpt lat="41.49606804829091" lon="-81.6059793625027"><ele>192</ele><time>2026-10-04T19:57:05Z</time></trkpt>
      <trkpt lat="41.4959380030632" lon="-81.60573477856815"><ele>193</ele><time>2026-10-04T19:57:08Z</time></trkpt>
      <trkpt lat="41.495781764388084" lon="-81.60552958957851"><ele>195</ele><time>2026-10-04T19:57:11Z</time></trkpt>
      <trkpt lat="41.49560159537941" lon="-81.60533655434847"><ele>195</ele><time>2026-10-04T19:57:14Z</time></trkpt>
      <trkpt lat="41.49544003419578" lon="-81.60516212694347"><ele>195</ele><time>2026-10-04T19:57:17Z</time></trkpt>
      <trkpt lat="41.49523031897843" lon="-81.60504293628037"><ele>195</ele><time>2026-10-04T19:57:20Z</time></trkpt>
      <trkpt lat="41.49499575141817" lon="-81.60494939424098"><ele>196</ele><time>2026-10-04T19:57:23Z</time></trkpt>
      <trkpt lat="41.494761100038886" lon="-81.6048809979111"><ele>197</ele><time>2026-10-04T19:57:26Z</time></trkpt>
      <trkpt lat="41.49453051388264" lon="-81.60481100901961"><ele>198</ele><time>2026-10-04T19:57:29Z</time></trkpt>
      <trkpt lat="41.49431811645627" lon="-81.60466675646603"><ele>198</ele><time>2026-10-04T19:57:32Z</time></trkpt>
      <trkpt lat="41.494144443422556" lon="-81.60445360466838"><ele>200</ele><time>2026-10-04T19:57:35Z</time></trkpt>
      <trkpt lat="41.49399616755545" lon="-81.60418798215687"><ele>201</ele><time>2026-10-04T19:57:38Z</time></trkpt>
      <trkpt lat="41.493865326046944" lon="-81.60390190780163"><ele>203</ele><time>2026-10-04T19:57:41Z</time></trkpt>
      <trkpt lat="41.49381025694311" lon="-81.60357635468245"><ele>204</ele><time>2026-10-04T19:57:44Z</time></trkpt>
      <trkpt lat="41.49377379566431" lon="-81.60325733944774"><ele>204</ele><time>2026-10-04T19:57:47Z</time></trkpt>
      <trkpt lat="41.493739262223244" lon="-81.60313479602337"><ele>204</ele><time>2026-10-04T19:57:50Z</time></trkpt>
      <trkpt lat="41.493673883378506" lon="-81.60310981795192"><ele>207</ele><time>2026-10-04T19:57:57Z</time></trkpt>
      <trkpt lat="41.493557333014905" lon="-81.60312532447278"><ele>208</ele><time>2026-10-04T19:58:00Z</time></trkpt>
      <trkpt lat="41.49348981678486" lon="-81.60304293036461"><ele>209</ele><time>2026-10-04T19:58:03Z</time></trkpt>
      <trkpt lat="41.493475483730435" lon="-81.60284746438265"><ele>210</ele><time>2026-10-04T19:58:06Z</time></trkpt>
      <trkpt lat="41.493455744348466" lon="-81.60262232646346"><ele>210</ele><time>2026-10-04T19:58:09Z</time></trkpt>
      <trkpt lat="41.493429341353476" lon="-81.60238050855696"><ele>212</ele><time>2026-10-04T19:58:12Z</time></trkpt>
      <trkpt lat="41.493395268917084" lon="-81.60219090990722"><ele>215</ele><time>2026-10-04T19:58:15Z</time></trkpt>
      <trkpt lat="41.49338319897652" lon="-81.6020277980715"><ele>216</ele><time>2026-10-04T19:58:18Z</time></trkpt>
      <trkpt lat="41.49337171576917" lon="-81.60189108923078"><ele>215</ele><time>2026-10-04T19:58:21Z</time></trkpt>
      <trkpt lat="41.493414086289704" lon="-81.60180249251425"><ele>215</ele><time>2026-10-04T19:58:24Z</time></trkpt>
      <trkpt lat="41.49344996083528" lon="-81.60171062685549"><ele>214</ele><time>2026-10-04T19:58:27Z</time></trkpt>
      <trkpt lat="41.49343830998987" lon="-81.60161163657904"><ele>213</ele><time>2026-10-04T19:58:46Z</time></trkpt>
      <trkpt lat="41.49339765775949" lon="-81.60144902765751"><ele>213</ele><time>2026-10-04T19:58:49Z</time></trkpt>
      <trkpt lat="41.493341624736786" lon="-81.60125557333231"><ele>213</ele><time>2026-10-04T19:58:52Z</time></trkpt>
      <trkpt lat="41.49327553343028" lon="-81.60101442597806"><ele>211</ele><time>2026-10-04T19:58:55Z</time></trkpt>
      <trkpt lat="41.49321811739355" lon="-81.600749976933"><ele>211</ele><time>2026-10-04T19:58:58Z</time></trkpt>
      <trkpt lat="41.49315575603396" lon="-81.60048494115472"><ele>210</ele><time>2026-10-04T19:59:01Z</time></trkpt>
      <trkpt lat="41.493101650848985" lon="-81.6002232581377"><ele>211</ele><time>2026-10-04T19:59:04Z</time></trkpt>
      <trkpt lat="41.49304716847837" lon="-81.59997004084289"><ele>211</ele><time>2026-10-04T19:59:07Z</time></trkpt>
      <trkpt lat="41.49299406912178" lon="-81.59969989210367"><ele>212</ele><time>2026-10-04T19:59:10Z</time></trkpt>
      <trkpt lat="41.49292596615851" lon="-81.59942865371704"><ele>212</ele><time>2026-10-04T19:59:13Z</time></trkpt>
      <trkpt lat="41.4928461285308" lon="-81.59911232069135"><ele>214</ele><time>2026-10-04T19:59:16Z</time></trkpt>
      <trkpt lat="41.492839003913105" lon="-81.59882876090705"><ele>213</ele><time>2026-10-04T19:59:19Z</time></trkpt>
      <trkpt lat="41.49284361395985" lon="-81.59854872152209"><ele>212</ele><time>2026-10-04T19:59:22Z</time></trkpt>
      <trkpt lat="41.49283803999424" lon="-81.5982752200216"><ele>212</ele><time>2026-10-04T19:59:25Z</time></trkpt>
      <trkpt lat="41.492843655869365" lon="-81.59800758585334"><ele>212</ele><time>2026-10-04T19:59:28Z</time></trkpt>
      <trkpt lat="41.492864484898746" lon="-81.59773827530444"><ele>213</ele><time>2026-10-04T19:59:31Z</time></trkpt>
      <trkpt lat="41.49287533946335" lon="-81.59754197113216"><ele>216</ele><time>2026-10-04T19:59:34Z</time></trkpt>
      <trkpt lat="41.49287186097354" lon="-81.59742403775454"><ele>220</ele><time>2026-10-04T19:59:37Z</time></trkpt>
      <trkpt lat="41.49287286680192" lon="-81.59727836027741"><ele>219</ele><time>2026-10-04T19:59:40Z</time></trkpt>
      <trkpt lat="41.49291180074215" lon="-81.59705942496657"><ele>222</ele><time>2026-10-04T19:59:43Z</time></trkpt>
      <trkpt lat="41.492920350283384" lon="-81.59686756320298"><ele>224</ele><time>2026-10-04T19:59:46Z</time></trkpt>
      <trkpt lat="41.49292068555951" lon="-81.59673009999096"><ele>224</ele><time>2026-10-04T19:59:49Z</time></trkpt>
      <trkpt lat="41.492914482951164" lon="-81.59656011499465"><ele>225</ele><time>2026-10-04T19:59:52Z</time></trkpt>
      <trkpt lat="41.49289641994983" lon="-81.59632022492588"><ele>225</ele><time>2026-10-04T19:59:55Z</time></trkpt>
      <trkpt lat="41.49287923704833" lon="-81.59606348723173"><ele>226</ele><time>2026-10-04T19:59:58Z</time></trkpt>
      <trkpt lat="41.49284068029374" lon="-81.59578436985612"><ele>227</ele><time>2026-10-04T20:00:01Z</time></trkpt>
      <trkpt lat="41.49280132725835" lon="-81.59553266130388"><ele>228</ele><time>2026-10-04T20:00:04Z</time></trkpt>
      <trkpt lat="41.49274152237922" lon="-81.59528304822743"><ele>227</ele><time>2026-10-04T20:00:07Z</time></trkpt>
      <trkpt lat="41.492669731378555" lon="-81.59501700662076"><ele>227</ele><time>2026-10-04T20:00:10Z</time></trkpt>
      <trkpt lat="41.49258285295218" lon="-81.59474459476769"><ele>227</ele><time>2026-10-04T20:00:13Z</time></trkpt>
      <trkpt lat="41.492509678937495" lon="-81.5944594424218"><ele>226</ele><time>2026-10-04T20:00:16Z</time></trkpt>
      <trkpt lat="41.492411652579904" lon="-81.59418401308358"><ele>227</ele><time>2026-10-04T20:00:19Z</time></trkpt>
      <trkpt lat="41.492339107207954" lon="-81.5939308796078"><ele>227</ele><time>2026-10-04T20:00:22Z</time></trkpt>
      <trkpt lat="41.492270710878074" lon="-81.5937012154609"><ele>227</ele><time>2026-10-04T20:00:25Z</time></trkpt>
      <trkpt lat="41.492227711714804" lon="-81.59356182441115"><ele>228</ele><time>2026-10-04T20:00:28Z</time></trkpt>
      <trkpt lat="41.49221824016422" lon="-81.59344548359513"><ele>227</ele><time>2026-10-04T20:00:31Z</time></trkpt>
      <trkpt lat="41.492281942628324" lon="-81.593405501917"><ele>227</ele><time>2026-10-04T20:00:34Z</time></trkpt>
      <trkpt lat="41.49236031342298" lon="-81.59337834455073"><ele>227</ele><time>2026-10-04T20:00:37Z</time></trkpt>
      <trkpt lat="41.492453939281404" lon="-81.59335194155574"><ele>227</ele><time>2026-10-04T20:00:40Z</time></trkpt>
      <trkpt lat="41.4924991177395" lon="-81.59325446002185"><ele>228</ele><time>2026-10-04T20:00:43Z</time></trkpt>
      <trkpt lat="41.492510600946844" lon="-81.59308916889131"><ele>227</ele><time>2026-10-04T20:00:46Z</time></trkpt>
      <trkpt lat="41.492475271224976" lon="-81.59289529547095"><ele>228</ele><time>2026-10-04T20:00:49Z</time></trkpt>
      <trkpt lat="41.49241182021797" lon="-81.59269488416612"><ele>230</ele><time>2026-10-04T20:00:52Z</time></trkpt>
      <trkpt lat="41.49232343304902" lon="-81.59249497577548"><ele>229</ele><time>2026-10-04T20:00:55Z</time></trkpt>
      <trkpt lat="41.49224828928709" lon="-81.59228593111038"><ele>228</ele><time>2026-10-04T20:00:58Z</time></trkpt>
      <trkpt lat="41.49212750606239" lon="-81.59206456504762"><ele>227</ele><time>2026-10-04T20:01:01Z</time></trkpt>
      <trkpt lat="41.49201288353652" lon="-81.59183205105364"><ele>227</ele><time>2026-10-04T20:01:04Z</time></trkpt>
      <trkpt lat="41.49189239367843" lon="-81.59157380461693"><ele>227</ele><time>2026-10-04T20:01:07Z</time></trkpt>
      <trkpt lat="41.49179302621633" lon="-81.59129653126001"><ele>227</ele><time>2026-10-04T20:01:10Z</time></trkpt>
      <trkpt lat="41.491711093112826" lon="-81.59101163037121"><ele>227</ele><time>2026-10-04T20:01:13Z</time></trkpt>
      <trkpt lat="41.49161784444004" lon="-81.59075086936355"><ele>228</ele><time>2026-10-04T20:01:16Z</time></trkpt>
      <trkpt lat="41.491530505008996" lon="-81.59047082997859"><ele>227</ele><time>2026-10-04T20:01:19Z</time></trkpt>
      <trkpt lat="41.4914845302701" lon="-81.59020327962935"><ele>228</ele><time>2026-10-04T20:01:22Z</time></trkpt>
      <trkpt lat="41.491469191387296" lon="-81.58995903097093"><ele>228</ele><time>2026-10-04T20:01:25Z</time></trkpt>
      <trkpt lat="41.49141357745975" lon="-81.58970950171351"><ele>228</ele><time>2026-10-04T20:01:28Z</time></trkpt>
      <trkpt lat="41.49131982587278" lon="-81.58943113870919"><ele>229</ele><time>2026-10-04T20:01:31Z</time></trkpt>
      <trkpt lat="41.49118194356561" lon="-81.58918471075594"><ele>229</ele><time>2026-10-04T20:01:34Z</time></trkpt>
      <trkpt lat="41.49105625692755" lon="-81.58895010128617"><ele>230</ele><time>2026-10-04T20:01:37Z</time></trkpt>
      <trkpt lat="41.49096003267914" lon="-81.58866176381707"><ele>230</ele><time>2026-10-04T20:01:40Z</time></trkpt>
      <trkpt lat="41.4908740343526" lon="-81.58837267197669"><ele>230</ele><time>2026-10-04T20:01:43Z</time></trkpt>
      <trkpt lat="41.49078229442239" lon="-81.58806555904448"><ele>231</ele><time>2026-10-04T20:01:46Z</time></trkpt>
      <trkpt lat="41.49066406767815" lon="-81.58773858100176"><ele>231</ele><time>2026-10-04T20:01:49Z</time></trkpt>
      <trkpt lat="41.49058498442173" lon="-81.58742467872798"><ele>233</ele><time>2026-10-04T20:01:52Z</time></trkpt>
      <trkpt lat="41.490535447373986" lon="-81.58710641786456"><ele>232</ele><time>2026-10-04T20:01:55Z</time></trkpt>
      <trkpt lat="41.49049756117165" lon="-81.58678907901049"><ele>232</ele><time>2026-10-04T20:01:58Z</time></trkpt>
      <trkpt lat="41.4904612256214" lon="-81.5865414775908"><ele>233</ele><time>2026-10-04T20:02:01Z</time></trkpt>
      <trkpt lat="41.490411311388016" lon="-81.58628012984991"><ele>233</ele><time>2026-10-04T20:02:04Z</time></trkpt>
      <trkpt lat="41.49039433803409" lon="-81.58599765971303"><ele>235</ele><time>2026-10-04T20:02:07Z</time></trkpt>
      <trkpt lat="41.490372251719236" lon="-81.58570144325495"><ele>237</ele><time>2026-10-04T20:02:10Z</time></trkpt>
      <trkpt lat="41.49036190006882" lon="-81.58543791621923"><ele>237</ele><time>2026-10-04T20:02:13Z</time></trkpt>
      <trkpt lat="41.49040712043643" lon="-81.58516156487167"><ele>238</ele><time>2026-10-04T20:02:16Z</time></trkpt>
      <trkpt lat="41.49050133302808" lon="-81.58489879220724"><ele>239</ele><time>2026-10-04T20:02:19Z</time></trkpt>
      <trkpt lat="41.490529286675155" lon="-81.58461313694715"><ele>240</ele><time>2026-10-04T20:02:22Z</time></trkpt>
      <trkpt lat="41.490497225895524" lon="-81.5842778608203"><ele>241</ele><time>2026-10-04T20:02:25Z</time></trkpt>
      <trkpt lat="41.4905175101012" lon="-81.58398013561964"><ele>241</ele><time>2026-10-04T20:02:28Z</time></trkpt>
      <trkpt lat="41.49052367080003" lon="-81.58369867131114"><ele>240</ele><time>2026-10-04T20:02:31Z</time></trkpt>
      <trkpt lat="41.4906071126461" lon="-81.58344360999763"><ele>241</ele><time>2026-10-04T20:02:34Z</time></trkpt>
      <trkpt lat="41.490733260288835" lon="-81.58322962000966"><ele>241</ele><time>2026-10-04T20:02:37Z</time></trkpt>
      <trkpt lat="41.49091166909784" lon="-81.5830690227449"><ele>241</ele><time>2026-10-04T20:02:40Z</time></trkpt>
      <trkpt lat="41.491066231392324" lon="-81.5829945076257"><ele>242</ele><time>2026-10-04T20:02:43Z</time></trkpt>
      <trkpt lat="41.49113286752254" lon="-81.58290507271886"><ele>241</ele><time>2026-10-04T20:02:46Z</time></trkpt>
      <trkpt lat="41.49117662105709" lon="-81.58283743076026"><ele>241</ele><time>2026-10-04T20:02:49Z</time></trkpt>
      <trkpt lat="41.491260481998324" lon="-81.58276073634624"><ele>242</ele><time>2026-10-04T20:02:52Z</time></trkpt>
      <trkpt lat="41.49135737679899" lon="-81.58264053985476"><ele>242</ele><time>2026-10-04T20:02:55Z</time></trkpt>
      <trkpt lat="41.49148197378963" lon="-81.5825370233506"><ele>243</ele><time>2026-10-04T20:02:58Z</time></trkpt>
      <trkpt lat="41.491586957126856" lon="-81.58246242441237"><ele>243</ele><time>2026-10-04T20:03:01Z</time></trkpt>
      <trkpt lat="41.49167655967176" lon="-81.58238908275962"><ele>243</ele><time>2026-10-04T20:03:04Z</time></trkpt>
      <trkpt lat="41.49173804093152" lon="-81.58234415575862"><ele>243</ele><time>2026-10-04T20:03:07Z</time></trkpt>
      <trkpt lat="41.491689551621675" lon="-81.58237734809518"><ele>242</ele><time>2026-10-04T20:03:16Z</time></trkpt>
      <trkpt lat="41.4915828499943" lon="-81.58245898783207"><ele>241</ele><time>2026-10-04T20:03:19Z</time></trkpt>
      <trkpt lat="41.49145904928446" lon="-81.58255185931921"><ele>242</ele><time>2026-10-04T20:03:22Z</time></trkpt>
      <trkpt lat="41.49134115781635" lon="-81.58263224177063"><ele>241</ele><time>2026-10-04T20:03:25Z</time></trkpt>
      <trkpt lat="41.491256123408675" lon="-81.58270499669015"><ele>242</ele><time>2026-10-04T20:03:28Z</time></trkpt>
      <trkpt lat="41.49118709843606" lon="-81.58276593312621"><ele>242</ele><time>2026-10-04T20:03:31Z</time></trkpt>
      <trkpt lat="41.49111891165376" lon="-81.58280733972788"><ele>242</ele><time>2026-10-04T20:03:34Z</time></trkpt>
      <trkpt lat="41.49107771459967" lon="-81.58275201916695"><ele>242</ele><time>2026-10-04T20:03:44Z</time></trkpt>
      <trkpt lat="41.491027674637735" lon="-81.5826028212905"><ele>242</ele><time>2026-10-04T20:03:47Z</time></trkpt>
      <trkpt lat="41.49096116423607" lon="-81.58246259205043"><ele>243</ele><time>2026-10-04T20:03:50Z</time></trkpt>
      <trkpt lat="41.49085509125143" lon="-81.58233040943742"><ele>243</ele><time>2026-10-04T20:03:53Z</time></trkpt>
      <trkpt lat="41.49075111374259" lon="-81.5822846442461"><ele>242</ele><time>2026-10-04T20:03:56Z</time></trkpt>
      <trkpt lat="41.49069793056697" lon="-81.5821931976825"><ele>242</ele><time>2026-10-04T20:03:59Z</time></trkpt>
      <trkpt lat="41.49065011180937" lon="-81.582102002576"><ele>242</ele><time>2026-10-04T20:04:02Z</time></trkpt>
      <trkpt lat="41.490612770430744" lon="-81.58199806697667"><ele>242</ele><time>2026-10-04T20:04:05Z</time></trkpt>
      <trkpt lat="41.490581086836755" lon="-81.5818734280765"><ele>242</ele><time>2026-10-04T20:04:08Z</time></trkpt>
      <trkpt lat="41.49055359419435" lon="-81.58175666816533"><ele>242</ele><time>2026-10-04T20:04:11Z</time></trkpt>
      <trkpt lat="41.49049961473793" lon="-81.5816477034241"><ele>243</ele><time>2026-10-04T20:04:14Z</time></trkpt>
      <trkpt lat="41.490421746857464" lon="-81.58155223354697"><ele>243</ele><time>2026-10-04T20:04:17Z</time></trkpt>
      <trkpt lat="41.49035096168518" lon="-81.58144284971058"><ele>242</ele><time>2026-10-04T20:04:20Z</time></trkpt>
      <trkpt lat="41.49029094725847" lon="-81.58134302124381"><ele>242</ele><time>2026-10-04T20:04:23Z</time></trkpt>
      <trkpt lat="41.49026144295931" lon="-81.58126758411527"><ele>243</ele><time>2026-10-04T20:04:26Z</time></trkpt>
      <trkpt lat="41.49021693505347" lon="-81.58119432628155"><ele>243</ele><time>2026-10-04T20:04:29Z</time></trkpt>
      <trkpt lat="41.490157381631434" lon="-81.58108552917838"><ele>243</ele><time>2026-10-04T20:04:32Z</time></trkpt>
      <trkpt lat="41.49007771164179" lon="-81.58091956749558"><ele>243</ele><time>2026-10-04T20:04:35Z</time></trkpt>
      <trkpt lat="41.48998928256333" lon="-81.58074631355703"><ele>242</ele><time>2026-10-04T20:04:38Z</time></trkpt>
      <trkpt lat="41.48995743133128" lon="-81.58058278262615"><ele>242</ele><time>2026-10-04T20:04:41Z</time></trkpt>
      <trkpt lat="41.48988907691091" lon="-81.58043509349227"><ele>242</ele><time>2026-10-04T20:04:44Z</time></trkpt>
      <trkpt lat="41.4898216444999" lon="-81.5802919305861"><ele>243</ele><time>2026-10-04T20:04:47Z</time></trkpt>
      <trkpt lat="41.489769173786044" lon="-81.58015832304955"><ele>242</ele><time>2026-10-04T20:04:50Z</time></trkpt>
      <trkpt lat="41.489689042791724" lon="-81.58007877878845"><ele>242</ele><time>2026-10-04T20:04:53Z</time></trkpt>
      <trkpt lat="41.48964407388121" lon="-81.57998850569129"><ele>242</ele><time>2026-10-04T20:04:56Z</time></trkpt>
      <trkpt lat="41.4895798265934" lon="-81.57984743826091"><ele>241</ele><time>2026-10-04T20:04:59Z</time></trkpt>
      <trkpt lat="41.48948255460709" lon="-81.57968969084322"><ele>241</ele><time>2026-10-04T20:05:02Z</time></trkpt>
      <trkpt lat="41.48943574167788" lon="-81.57956530340016"><ele>241</ele><time>2026-10-04T20:05:05Z</time></trkpt>
      <trkpt lat="41.48943586740643" lon="-81.57949464395642"><ele>241</ele><time>2026-10-04T20:05:08Z</time></trkpt>
      <trkpt lat="41.48941558320075" lon="-81.57938576303422"><ele>240</ele><time>2026-10-04T20:05:11Z</time></trkpt>
      <trkpt lat="41.489360220730305" lon="-81.57921535894275"><ele>240</ele><time>2026-10-04T20:05:14Z</time></trkpt>
      <trkpt lat="41.48921387270093" lon="-81.57891964539886"><ele>239</ele><time>2026-10-04T20:05:17Z</time></trkpt>
      <trkpt lat="41.48904803674668" lon="-81.57864270731807"><ele>239</ele><time>2026-10-04T20:05:20Z</time></trkpt>
      <trkpt lat="41.48890587966889" lon="-81.57839133404195"><ele>239</ele><time>2026-10-04T20:05:23Z</time></trkpt>
      <trkpt lat="41.488756220787764" lon="-81.57812654972076"><ele>239</ele><time>2026-10-04T20:05:26Z</time></trkpt>
      <trkpt lat="41.48860480170697" lon="-81.57784181647003"><ele>239</ele><time>2026-10-04T20:05:29Z</time></trkpt>
      <trkpt lat="41.48847165517509" lon="-81.57756127417088"><ele>239</ele><time>2026-10-04T20:05:32Z</time></trkpt>
      <trkpt lat="41.488316799513996" lon="-81.57728601247072"><ele>238</ele><time>2026-10-04T20:05:35Z</time></trkpt>
      <trkpt lat="41.48817460052669" lon="-81.57701594755054"><ele>238</ele><time>2026-10-04T20:05:38Z</time></trkpt>
      <trkpt lat="41.48804166354239" lon="-81.57674361951649"><ele>238</ele><time>2026-10-04T20:05:41Z</time></trkpt>
      <trkpt lat="41.48790034465492" lon="-81.57646450214088"><ele>239</ele><time>2026-10-04T20:05:44Z</time></trkpt>
      <trkpt lat="41.48774963803589" lon="-81.57619485631585"><ele>239</ele><time>2026-10-04T20:05:47Z</time></trkpt>
      <trkpt lat="41.4875963749364" lon="-81.5759436506778"><ele>239</ele><time>2026-10-04T20:05:50Z</time></trkpt>
      <trkpt lat="41.48745648097247" lon="-81.57569353468716"><ele>238</ele><time>2026-10-04T20:05:53Z</time></trkpt>
      <trkpt lat="41.48731390479952" lon="-81.57540368847549"><ele>237</ele><time>2026-10-04T20:05:56Z</time></trkpt>
      <trkpt lat="41.48717116098851" lon="-81.57511769793928"><ele>238</ele><time>2026-10-04T20:05:59Z</time></trkpt>
      <trkpt lat="41.48703365586698" lon="-81.57481125555933"><ele>240</ele><time>2026-10-04T20:06:02Z</time></trkpt>
      <trkpt lat="41.486887307837605" lon="-81.5744755603373"><ele>244</ele><time>2026-10-04T20:06:05Z</time></trkpt>
      <trkpt lat="41.48675030563027" lon="-81.57416576519608"><ele>244</ele><time>2026-10-04T20:06:08Z</time></trkpt>
      <trkpt lat="41.486651482991874" lon="-81.57383929006755"><ele>246</ele><time>2026-10-04T20:06:11Z</time></trkpt>
      <trkpt lat="41.4865828352049" lon="-81.57353502698243"><ele>248</ele><time>2026-10-04T20:06:14Z</time></trkpt>
      <trkpt lat="41.48650886490941" lon="-81.57324417494237"><ele>249</ele><time>2026-10-04T20:06:17Z</time></trkpt>
      <trkpt lat="41.486427476629615" lon="-81.57298559322953"><ele>249</ele><time>2026-10-04T20:06:20Z</time></trkpt>
      <trkpt lat="41.4862995268777" lon="-81.57270731404424"><ele>250</ele><time>2026-10-04T20:06:23Z</time></trkpt>
      <trkpt lat="41.48615661542863" lon="-81.57245384529233"><ele>251</ele><time>2026-10-04T20:06:26Z</time></trkpt>
      <trkpt lat="41.48602979723364" lon="-81.57220574095845"><ele>251</ele><time>2026-10-04T20:06:29Z</time></trkpt>
      <trkpt lat="41.48591211531311" lon="-81.57193215563893"><ele>251</ele><time>2026-10-04T20:06:32Z</time></trkpt>
      <trkpt lat="41.48577180225402" lon="-81.57165454700589"><ele>251</ele><time>2026-10-04T20:06:35Z</time></trkpt>
      <trkpt lat="41.48566019721329" lon="-81.57136604189873"><ele>251</ele><time>2026-10-04T20:06:38Z</time></trkpt>
      <trkpt lat="41.48557155858725" lon="-81.57106295228004"><ele>251</ele><time>2026-10-04T20:06:41Z</time></trkpt>
      <trkpt lat="41.485509532503784" lon="-81.5707385726273"><ele>251</ele><time>2026-10-04T20:06:44Z</time></trkpt>
      <trkpt lat="41.485469341278076" lon="-81.57043950632215"><ele>250</ele><time>2026-10-04T20:06:47Z</time></trkpt>
      <trkpt lat="41.48545207455754" lon="-81.5701119415462"><ele>248</ele><time>2026-10-04T20:06:50Z</time></trkpt>
      <trkpt lat="41.485451152548194" lon="-81.56978974118829"><ele>248</ele><time>2026-10-04T20:06:53Z</time></trkpt>
      <trkpt lat="41.485449224710464" lon="-81.56944088637829"><ele>247</ele><time>2026-10-04T20:06:56Z</time></trkpt>
      <trkpt lat="41.485455804504454" lon="-81.5691118966788"><ele>246</ele><time>2026-10-04T20:06:59Z</time></trkpt>
      <trkpt lat="41.48546259384602" lon="-81.56878190115094"><ele>247</ele><time>2026-10-04T20:07:02Z</time></trkpt>
      <trkpt lat="41.485476633533835" lon="-81.56844235025346"><ele>246</ele><time>2026-10-04T20:07:05Z</time></trkpt>
      <trkpt lat="41.485456391237676" lon="-81.56814085319638"><ele>246</ele><time>2026-10-04T20:07:08Z</time></trkpt>
      <trkpt lat="41.48542428854853" lon="-81.56781697645783"><ele>247</ele><time>2026-10-04T20:07:11Z</time></trkpt>
      <trkpt lat="41.4853895874694" lon="-81.56750391237438"><ele>247</ele><time>2026-10-04T20:07:14Z</time></trkpt>
      <trkpt lat="41.485351994633675" lon="-81.56721683219075"><ele>247</ele><time>2026-10-04T20:07:17Z</time></trkpt>
      <trkpt lat="41.485258201137185" lon="-81.56694307923317"><ele>247</ele><time>2026-10-04T20:07:20Z</time></trkpt>
      <trkpt lat="41.48513875901699" lon="-81.5666635427624"><ele>247</ele><time>2026-10-04T20:07:23Z</time></trkpt>
      <trkpt lat="41.48498863913119" lon="-81.56638476066291"><ele>248</ele><time>2026-10-04T20:07:26Z</time></trkpt>
      <trkpt lat="41.484863203950226" lon="-81.56612575985491"><ele>248</ele><time>2026-10-04T20:07:29Z</time></trkpt>
      <trkpt lat="41.48472113069147" lon="-81.56583088450134"><ele>249</ele><time>2026-10-04T20:07:32Z</time></trkpt>
      <trkpt lat="41.48463634774089" lon="-81.56560205854475"><ele>251</ele><time>2026-10-04T20:07:35Z</time></trkpt>
      <trkpt lat="41.48461870383471" lon="-81.5654819458723"><ele>252</ele><time>2026-10-04T20:07:38Z</time></trkpt>
      <trkpt lat="41.484569208696485" lon="-81.56532981432974"><ele>252</ele><time>2026-10-04T20:07:41Z</time></trkpt>
      <trkpt lat="41.48452805355191" lon="-81.56510459259152"><ele>253</ele><time>2026-10-04T20:07:44Z</time></trkpt>
      <trkpt lat="41.484515690244734" lon="-81.56483603641391"><ele>253</ele><time>2026-10-04T20:07:47Z</time></trkpt>
      <trkpt lat="41.48451066110283" lon="-81.5645431727171"><ele>253</ele><time>2026-10-04T20:07:50Z</time></trkpt>
      <trkpt lat="41.48452587425709" lon="-81.56425718218088"><ele>254</ele><time>2026-10-04T20:07:53Z</time></trkpt>
      <trkpt lat="41.48455864749849" lon="-81.5639575291425"><ele>254</ele><time>2026-10-04T20:07:56Z</time></trkpt>
      <trkpt lat="41.48459456395358" lon="-81.56364480033517"><ele>253</ele><time>2026-10-04T20:07:59Z</time></trkpt>
      <trkpt lat="41.48464946541935" lon="-81.56333332881331"><ele>254</ele><time>2026-10-04T20:08:02Z</time></trkpt>
      <trkpt lat="41.484707300551236" lon="-81.56299830414355"><ele>254</ele><time>2026-10-04T20:08:05Z</time></trkpt>
      <trkpt lat="41.48473751731217" lon="-81.56266604550183"><ele>254</ele><time>2026-10-04T20:08:08Z</time></trkpt>
      <trkpt lat="41.48473156616092" lon="-81.56233311630785"><ele>255</ele><time>2026-10-04T20:08:11Z</time></trkpt>
      <trkpt lat="41.48470382206142" lon="-81.56200571916997"><ele>256</ele><time>2026-10-04T20:08:14Z</time></trkpt>
      <trkpt lat="41.48464787285775" lon="-81.56166633591056"><ele>256</ele><time>2026-10-04T20:08:17Z</time></trkpt>
      <trkpt lat="41.484580524265766" lon="-81.56134195625782"><ele>256</ele><time>2026-10-04T20:08:20Z</time></trkpt>
      <trkpt lat="41.48452222812921" lon="-81.56102428212762"><ele>257</ele><time>2026-10-04T20:08:23Z</time></trkpt>
      <trkpt lat="41.484445785172284" lon="-81.56069093383849"><ele>258</ele><time>2026-10-04T20:08:26Z</time></trkpt>
      <trkpt lat="41.484382040798664" lon="-81.5603624470532"><ele>260</ele><time>2026-10-04T20:08:29Z</time></trkpt>
      <trkpt lat="41.484320727176964" lon="-81.55999481678009"><ele>262</ele><time>2026-10-04T20:08:32Z</time></trkpt>
      <trkpt lat="41.484263646416366" lon="-81.55964830890298"><ele>263</ele><time>2026-10-04T20:08:35Z</time></trkpt>
      <trkpt lat="41.48425153456628" lon="-81.5593227557838"><ele>262</ele><time>2026-10-04T20:08:38Z</time></trkpt>
      <trkpt lat="41.484222072176635" lon="-81.55897557735443"><ele>262</ele><time>2026-10-04T20:08:41Z</time></trkpt>
      <trkpt lat="41.48421285208315" lon="-81.5586541313678"><ele>262</ele><time>2026-10-04T20:08:44Z</time></trkpt>
      <trkpt lat="41.484249690547585" lon="-81.55833553522825"><ele>264</ele><time>2026-10-04T20:08:47Z</time></trkpt>
      <trkpt lat="41.48429709021002" lon="-81.55803839676082"><ele>265</ele><time>2026-10-04T20:08:50Z</time></trkpt>
      <trkpt lat="41.48434453178197" lon="-81.55771703459322"><ele>266</ele><time>2026-10-04T20:08:53Z</time></trkpt>
      <trkpt lat="41.484409868717194" lon="-81.5574143640697"><ele>268</ele><time>2026-10-04T20:08:56Z</time></trkpt>
      <trkpt lat="41.48444574326277" lon="-81.55711320228875"><ele>268</ele><time>2026-10-04T20:08:59Z</time></trkpt>
      <trkpt lat="41.48445655591786" lon="-81.55682721175253"><ele>268</ele><time>2026-10-04T20:09:02Z</time></trkpt>
      <trkpt lat="41.48442596197128" lon="-81.55660240910947"><ele>268</ele><time>2026-10-04T20:09:05Z</time></trkpt>
      <trkpt lat="41.484343903139234" lon="-81.55644625425339"><ele>268</ele><time>2026-10-04T20:09:08Z</time></trkpt>
      <trkpt lat="41.48428183514625" lon="-81.55636587180197"><ele>268</ele><time>2026-10-04T20:09:11Z</time></trkpt>
      <trkpt lat="41.484353081323206" lon="-81.55638439580798"><ele>267</ele><time>2026-10-04T20:09:17Z</time></trkpt>
      <trkpt lat="41.48447302635759" lon="-81.55652957037091"><ele>267</ele><time>2026-10-04T20:09:20Z</time></trkpt>
      <trkpt lat="41.484627882018685" lon="-81.5566215198487"><ele>269</ele><time>2026-10-04T20:09:23Z</time></trkpt>
      <trkpt lat="41.48477473296225" lon="-81.55656829476357"><ele>268</ele><time>2026-10-04T20:09:26Z</time></trkpt>
      <trkpt lat="41.484880931675434" lon="-81.55635120347142"><ele>270</ele><time>2026-10-04T20:09:29Z</time></trkpt>
      <trkpt lat="41.48497656919062" lon="-81.55610159039497"><ele>271</ele><time>2026-10-04T20:09:32Z</time></trkpt>
      <trkpt lat="41.48505942430347" lon="-81.55582448467612"><ele>271</ele><time>2026-10-04T20:09:35Z</time></trkpt>
      <trkpt lat="41.485140225850046" lon="-81.55552223324776"><ele>271</ele><time>2026-10-04T20:09:38Z</time></trkpt>
      <trkpt lat="41.48520778398961" lon="-81.555211013183"><ele>272</ele><time>2026-10-04T20:09:41Z</time></trkpt>
      <trkpt lat="41.48525916505605" lon="-81.55488101765513"><ele>272</ele><time>2026-10-04T20:09:44Z</time></trkpt>
      <trkpt lat="41.48529030382633" lon="-81.55455102212727"><ele>272</ele><time>2026-10-04T20:09:47Z</time></trkpt>
      <trkpt lat="41.48530719336122" lon="-81.55422320589423"><ele>271</ele><time>2026-10-04T20:09:50Z</time></trkpt>
      <trkpt lat="41.4852902200073" lon="-81.55389186926186"><ele>272</ele><time>2026-10-04T20:09:53Z</time></trkpt>
      <trkpt lat="41.48525564465672" lon="-81.55353982932866"><ele>273</ele><time>2026-10-04T20:09:56Z</time></trkpt>
      <trkpt lat="41.48521633353084" lon="-81.55320287682116"><ele>274</ele><time>2026-10-04T20:09:59Z</time></trkpt>
      <trkpt lat="41.48516868241131" lon="-81.5528744738549"><ele>273</ele><time>2026-10-04T20:10:02Z</time></trkpt>
      <trkpt lat="41.485126563347876" lon="-81.5525396168232"><ele>274</ele><time>2026-10-04T20:10:05Z</time></trkpt>
      <trkpt lat="41.48508959915489" lon="-81.55219989828765"><ele>274</ele><time>2026-10-04T20:10:08Z</time></trkpt>
      <trkpt lat="41.48508260026574" lon="-81.55185774900019"><ele>275</ele><time>2026-10-04T20:10:11Z</time></trkpt>
      <trkpt lat="41.48508637212217" lon="-81.5515012666583"><ele>275</ele><time>2026-10-04T20:10:14Z</time></trkpt>
      <trkpt lat="41.48510477039963" lon="-81.55115559697151"><ele>274</ele><time>2026-10-04T20:10:17Z</time></trkpt>
      <trkpt lat="41.48512895219028" lon="-81.55083213932812"><ele>274</ele><time>2026-10-04T20:10:20Z</time></trkpt>
      <trkpt lat="41.48515619337559" lon="-81.55051530338824"><ele>274</ele><time>2026-10-04T20:10:23Z</time></trkpt>
      <trkpt lat="41.48519801907241" lon="-81.55019846744835"><ele>274</ele><time>2026-10-04T20:10:26Z</time></trkpt>
      <trkpt lat="41.485207406803966" lon="-81.54990158043802"><ele>274</ele><time>2026-10-04T20:10:29Z</time></trkpt>
      <trkpt lat="41.48520556278527" lon="-81.5496279951185"><ele>274</ele><time>2026-10-04T20:10:32Z</time></trkpt>
      <trkpt lat="41.48517547175288" lon="-81.54935298487544"><ele>275</ele><time>2026-10-04T20:10:35Z</time></trkpt>
      <trkpt lat="41.485129916109145" lon="-81.54908769764006"><ele>276</ele><time>2026-10-04T20:10:38Z</time></trkpt>
      <trkpt lat="41.4850552752614" lon="-81.54883976094425"><ele>276</ele><time>2026-10-04T20:10:41Z</time></trkpt>
      <trkpt lat="41.4850129885599" lon="-81.54869961552322"><ele>274</ele><time>2026-10-04T20:10:44Z</time></trkpt>
      <trkpt lat="41.4849950093776" lon="-81.54862853698432"><ele>274</ele><time>2026-10-04T20:10:47Z</time></trkpt>
      <trkpt lat="41.484975814819336" lon="-81.54848487116396"><ele>273</ele><time>2026-10-04T20:10:50Z</time></trkpt>
      <trkpt lat="41.48494463413954" lon="-81.54824523255229"><ele>274</ele><time>2026-10-04T20:10:53Z</time></trkpt>
      <trkpt lat="41.48490465246141" lon="-81.54795178212225"><ele>274</ele><time>2026-10-04T20:10:56Z</time></trkpt>
      <trkpt lat="41.4848792552948" lon="-81.54761516489089"><ele>274</ele><time>2026-10-04T20:10:59Z</time></trkpt>
      <trkpt lat="41.48487208876759" lon="-81.5472689922899"><ele>275</ele><time>2026-10-04T20:11:02Z</time></trkpt>
      <trkpt lat="41.48485762998462" lon="-81.54695031233132"><ele>276</ele><time>2026-10-04T20:11:05Z</time></trkpt>
      <trkpt lat="41.484862407669425" lon="-81.546621741727"><ele>275</ele><time>2026-10-04T20:11:08Z</time></trkpt>
      <trkpt lat="41.484857546165586" lon="-81.54626400209963"><ele>274</ele><time>2026-10-04T20:11:11Z</time></trkpt>
      <trkpt lat="41.484868065454066" lon="-81.54592109844089"><ele>274</ele><time>2026-10-04T20:11:14Z</time></trkpt>
      <trkpt lat="41.484853900037706" lon="-81.54557987116277"><ele>276</ele><time>2026-10-04T20:11:17Z</time></trkpt>
      <trkpt lat="41.48484371602535" lon="-81.54526479542255"><ele>277</ele><time>2026-10-04T20:11:20Z</time></trkpt>
      <trkpt lat="41.48480608128011" lon="-81.54494385235012"><ele>277</ele><time>2026-10-04T20:11:23Z</time></trkpt>
      <trkpt lat="41.48476039990783" lon="-81.54463388957083"><ele>277</ele><time>2026-10-04T20:11:26Z</time></trkpt>
      <trkpt lat="41.484693470411" lon="-81.54432015493512"><ele>277</ele><time>2026-10-04T20:11:29Z</time></trkpt>
      <trkpt lat="41.48462306242436" lon="-81.54401270672679"><ele>276</ele><time>2026-10-04T20:11:32Z</time></trkpt>
      <trkpt lat="41.48459062445909" lon="-81.54373878613114"><ele>276</ele><time>2026-10-04T20:11:35Z</time></trkpt>
      <trkpt lat="41.48458249401301" lon="-81.54355807229877"><ele>278</ele><time>2026-10-04T20:11:38Z</time></trkpt>
      <trkpt lat="41.4845700468868" lon="-81.54346872121096"><ele>278</ele><time>2026-10-04T20:11:41Z</time></trkpt>
      <trkpt lat="41.48455081041902" lon="-81.5433094650507"><ele>279</ele><time>2026-10-04T20:11:44Z</time></trkpt>
      <trkpt lat="41.48455592337996" lon="-81.54308315366507"><ele>280</ele><time>2026-10-04T20:11:47Z</time></trkpt>
      <trkpt lat="41.484578009694815" lon="-81.5428104903549"><ele>280</ele><time>2026-10-04T20:11:50Z</time></trkpt>
      <trkpt lat="41.48461287841201" lon="-81.54249725863338"><ele>280</ele><time>2026-10-04T20:11:53Z</time></trkpt>
      <trkpt lat="41.48468370549381" lon="-81.54218385927379"><ele>281</ele><time>2026-10-04T20:11:56Z</time></trkpt>
      <trkpt lat="41.484768404625356" lon="-81.54187926091254"><ele>281</ele><time>2026-10-04T20:11:59Z</time></trkpt>
      <trkpt lat="41.48487112484872" lon="-81.54157390818"><ele>282</ele><time>2026-10-04T20:12:02Z</time></trkpt>
      <trkpt lat="41.48495980538428" lon="-81.54126369394362"><ele>283</ele><time>2026-10-04T20:12:05Z</time></trkpt>
      <trkpt lat="41.48504802491516" lon="-81.54094635508955"><ele>284</ele><time>2026-10-04T20:12:08Z</time></trkpt>
      <trkpt lat="41.48512907791883" lon="-81.5406156051904"><ele>284</ele><time>2026-10-04T20:12:11Z</time></trkpt>
      <trkpt lat="41.48515929467976" lon="-81.54024755582213"><ele>285</ele><time>2026-10-04T20:12:14Z</time></trkpt>
      <trkpt lat="41.48515795357525" lon="-81.53992862440646"><ele>285</ele><time>2026-10-04T20:12:17Z</time></trkpt>
      <trkpt lat="41.48511813953519" lon="-81.5396118722856"><ele>284</ele><time>2026-10-04T20:12:20Z</time></trkpt>
      <trkpt lat="41.48503092583269" lon="-81.53931230306625"><ele>284</ele><time>2026-10-04T20:12:23Z</time></trkpt>
      <trkpt lat="41.48492367938161" lon="-81.53906143270433"><ele>283</ele><time>2026-10-04T20:12:26Z</time></trkpt>
      <trkpt lat="41.484844512306154" lon="-81.53894542716444"><ele>284</ele><time>2026-10-04T20:12:29Z</time></trkpt>
      <trkpt lat="41.48478051647544" lon="-81.53888331726193"><ele>284</ele><time>2026-10-04T20:12:32Z</time></trkpt>
      <trkpt lat="41.484687183983624" lon="-81.53870729729533"><ele>285</ele><time>2026-10-04T20:12:35Z</time></trkpt>
      <trkpt lat="41.48454661946744" lon="-81.5385605301708"><ele>284</ele><time>2026-10-04T20:12:38Z</time></trkpt>
      <trkpt lat="41.48439733777195" lon="-81.53837956488132"><ele>284</ele><time>2026-10-04T20:12:41Z</time></trkpt>
      <trkpt lat="41.48428049404174" lon="-81.53829339891672"><ele>283</ele><time>2026-10-04T20:12:44Z</time></trkpt>
      <trkpt lat="41.48425715044141" lon="-81.5381791535765"><ele>283</ele><time>2026-10-04T20:12:47Z</time></trkpt>
      <trkpt lat="41.48427295032889" lon="-81.53807303868234"><ele>283</ele><time>2026-10-04T20:12:50Z</time></trkpt>
      <trkpt lat="41.484307860955596" lon="-81.53794043697417"><ele>283</ele><time>2026-10-04T20:12:53Z</time></trkpt>
      <trkpt lat="41.48425027728081" lon="-81.53771974146366"><ele>283</ele><time>2026-10-04T20:12:56Z</time></trkpt>
      <trkpt lat="41.48412417154759" lon="-81.5374365169555"><ele>284</ele><time>2026-10-04T20:12:59Z</time></trkpt>
      <trkpt lat="41.484005064703524" lon="-81.53713099658489"><ele>285</ele><time>2026-10-04T20:13:02Z</time></trkpt>
      <trkpt lat="41.48392275441438" lon="-81.53681131079793"><ele>285</ele><time>2026-10-04T20:13:05Z</time></trkpt>
      <trkpt lat="41.483849748037755" lon="-81.53658231720328"><ele>285</ele><time>2026-10-04T20:13:08Z</time></trkpt>
      <trkpt lat="41.48376169614494" lon="-81.53647502884269"><ele>285</ele><time>2026-10-04T20:13:11Z</time></trkpt>
      <trkpt lat="41.483673811890185" lon="-81.53646564111114"><ele>286</ele><time>2026-10-04T20:13:14Z</time></trkpt>
      <trkpt lat="41.48352503310889" lon="-81.53646865859628"><ele>286</ele><time>2026-10-04T20:13:17Z</time></trkpt>
      <trkpt lat="41.483346708118916" lon="-81.53646916151047"><ele>286</ele><time>2026-10-04T20:13:20Z</time></trkpt>
      <trkpt lat="41.48314935620874" lon="-81.53646991588175"><ele>287</ele><time>2026-10-04T20:13:23Z</time></trkpt>
      <trkpt lat="41.482954351231456" lon="-81.53646882623434"><ele>287</ele><time>2026-10-04T20:13:26Z</time></trkpt>
      <trkpt lat="41.48277359548956" lon="-81.53646832332015"><ele>288</ele><time>2026-10-04T20:13:29Z</time></trkpt>
      <trkpt lat="41.482587391510606" lon="-81.53646446764469"><ele>288</ele><time>2026-10-04T20:13:32Z</time></trkpt>
      <trkpt lat="41.48239205125719" lon="-81.53646061196923"><ele>288</ele><time>2026-10-04T20:13:35Z</time></trkpt>
      <trkpt lat="41.48219335824251" lon="-81.53645633719862"><ele>290</ele><time>2026-10-04T20:13:38Z</time></trkpt>
      <trkpt lat="41.48202349897474" lon="-81.5364671498537"><ele>289</ele><time>2026-10-04T20:13:41Z</time></trkpt>
      <trkpt lat="41.48184571880847" lon="-81.5364777110517"><ele>289</ele><time>2026-10-04T20:13:44Z</time></trkpt>
      <trkpt lat="41.48164706770331" lon="-81.53647569939494"><ele>290</ele><time>2026-10-04T20:13:47Z</time></trkpt>
      <trkpt lat="41.48144841659814" lon="-81.5364740230143"><ele>291</ele><time>2026-10-04T20:13:50Z</time></trkpt>
      <trkpt lat="41.48125651292503" lon="-81.53647712431848"><ele>290</ele><time>2026-10-04T20:13:53Z</time></trkpt>
      <trkpt lat="41.4810785651207" lon="-81.53648206964135"><ele>290</ele><time>2026-10-04T20:13:56Z</time></trkpt>
      <trkpt lat="41.48087706416845" lon="-81.5364607796073"><ele>291</ele><time>2026-10-04T20:13:59Z</time></trkpt>
      <trkpt lat="41.48069375194609" lon="-81.53644585981965"><ele>291</ele><time>2026-10-04T20:14:02Z</time></trkpt>
      <trkpt lat="41.480515343137085" lon="-81.5364534035325"><ele>291</ele><time>2026-10-04T20:14:05Z</time></trkpt>
      <trkpt lat="41.48033307865262" lon="-81.53645943850279"><ele>290</ele><time>2026-10-04T20:14:08Z</time></trkpt>
      <trkpt lat="41.480145952664316" lon="-81.5364367235452"><ele>290</ele><time>2026-10-04T20:14:11Z</time></trkpt>
      <trkpt lat="41.47996402345598" lon="-81.53644661419094"><ele>289</ele><time>2026-10-04T20:14:14Z</time></trkpt>
      <trkpt lat="41.479772413149476" lon="-81.53644351288676"><ele>289</ele><time>2026-10-04T20:14:17Z</time></trkpt>
      <trkpt lat="41.47963809315115" lon="-81.53652364388108"><ele>289</ele><time>2026-10-04T20:14:20Z</time></trkpt>
      <trkpt lat="41.47953575011343" lon="-81.53645860031247"><ele>289</ele><time>2026-10-04T20:14:23Z</time></trkpt>
      <trkpt lat="41.479374817572534" lon="-81.53643001802266"><ele>289</ele><time>2026-10-04T20:14:26Z</time></trkpt>
      <trkpt lat="41.47921308875084" lon="-81.53640034608543"><ele>289</ele><time>2026-10-04T20:14:29Z</time></trkpt>
      <trkpt lat="41.479027178138494" lon="-81.53639104217291"><ele>288</ele><time>2026-10-04T20:14:32Z</time></trkpt>
      <trkpt lat="41.47882974240929" lon="-81.53639246709645"><ele>288</ele><time>2026-10-04T20:14:35Z</time></trkpt>
      <trkpt lat="41.47863142658025" lon="-81.53638869524002"><ele>288</ele><time>2026-10-04T20:14:38Z</time></trkpt>
      <trkpt lat="41.47842322010547" lon="-81.53638249263167"><ele>288</ele><time>2026-10-04T20:14:41Z</time></trkpt>
      <trkpt lat="41.47816459648311" lon="-81.5363963227719"><ele>292</ele><time>2026-10-04T20:14:44Z</time></trkpt>
      <trkpt lat="41.477941260673106" lon="-81.5364087279886"><ele>293</ele><time>2026-10-04T20:14:47Z</time></trkpt>
      <trkpt lat="41.47775778081268" lon="-81.53643429279327"><ele>292</ele><time>2026-10-04T20:14:50Z</time></trkpt>
      <trkpt lat="41.477665160782635" lon="-81.53643974103034"><ele>292</ele><time>2026-10-04T20:14:53Z</time></trkpt>
      <trkpt lat="41.4776661247015" lon="-81.53633806854486"><ele>292</ele><time>2026-10-04T20:14:56Z</time></trkpt>
      <trkpt lat="41.47767362650484" lon="-81.5362237393856"><ele>292</ele><time>2026-10-04T20:14:59Z</time></trkpt>
      <trkpt lat="41.477660927921534" lon="-81.53607244603336"><ele>292</ele><time>2026-10-04T20:15:02Z</time></trkpt>
      <trkpt lat="41.47762760985643" lon="-81.53601352125406"><ele>291</ele><time>2026-10-04T20:15:16Z</time></trkpt>
      <trkpt lat="41.477629663422704" lon="-81.53587253764272"><ele>292</ele><time>2026-10-04T20:15:19Z</time></trkpt>
      <trkpt lat="41.477640978991985" lon="-81.53570582158864"><ele>291</ele><time>2026-10-04T20:15:22Z</time></trkpt>
      <trkpt lat="41.47767207585275" lon="-81.53551110997796"><ele>292</ele><time>2026-10-04T20:15:25Z</time></trkpt>
      <trkpt lat="41.477719601243734" lon="-81.5353312343359"><ele>291</ele><time>2026-10-04T20:15:28Z</time></trkpt>
      <trkpt lat="41.47777416743338" lon="-81.53516334481537"><ele>289</ele><time>2026-10-04T20:15:31Z</time></trkpt>
      <trkpt lat="41.47788975387812" lon="-81.53494818136096"><ele>289</ele><time>2026-10-04T20:15:34Z</time></trkpt>
      <trkpt lat="41.477988827973604" lon="-81.5347199421376"><ele>289</ele><time>2026-10-04T20:15:37Z</time></trkpt>
      <trkpt lat="41.478036982007325" lon="-81.53446219861507"><ele>288</ele><time>2026-10-04T20:15:40Z</time></trkpt>
      <trkpt lat="41.477982248179615" lon="-81.5341847576201"><ele>289</ele><time>2026-10-04T20:15:43Z</time></trkpt>
      <trkpt lat="41.4779304061085" lon="-81.53387378901243"><ele>289</ele><time>2026-10-04T20:15:46Z</time></trkpt>
      <trkpt lat="41.47791523486376" lon="-81.5335576236248"><ele>289</ele><time>2026-10-04T20:15:49Z</time></trkpt>
      <trkpt lat="41.47791603114456" lon="-81.53322561644018"><ele>290</ele><time>2026-10-04T20:15:52Z</time></trkpt>
      <trkpt lat="41.47790102753788" lon="-81.53287684544921"><ele>290</ele><time>2026-10-04T20:15:55Z</time></trkpt>
      <trkpt lat="41.477900482714176" lon="-81.53254978358746"><ele>290</ele><time>2026-10-04T20:15:58Z</time></trkpt>
      <trkpt lat="41.47789780050516" lon="-81.53221157379448"><ele>291</ele><time>2026-10-04T20:16:01Z</time></trkpt>
      <trkpt lat="41.47789549548179" lon="-81.53188928961754"><ele>292</ele><time>2026-10-04T20:16:04Z</time></trkpt>
      <trkpt lat="41.47790065035224" lon="-81.53155694715679"><ele>292</ele><time>2026-10-04T20:16:07Z</time></trkpt>
      <trkpt lat="41.47789671085775" lon="-81.53123885393143"><ele>294</ele><time>2026-10-04T20:16:10Z</time></trkpt>
      <trkpt lat="41.4779042545706" lon="-81.53091455809772"><ele>294</ele><time>2026-10-04T20:16:13Z</time></trkpt>
      <trkpt lat="41.47789637558162" lon="-81.53060166165233"><ele>295</ele><time>2026-10-04T20:16:16Z</time></trkpt>
      <trkpt lat="41.477927723899484" lon="-81.53030125424266"><ele>296</ele><time>2026-10-04T20:16:19Z</time></trkpt>
      <trkpt lat="41.47804423235357" lon="-81.53005348518491"><ele>295</ele><time>2026-10-04T20:16:22Z</time></trkpt>
      <trkpt lat="41.478162040002644" lon="-81.52981594204903"><ele>295</ele><time>2026-10-04T20:16:25Z</time></trkpt>
      <trkpt lat="41.47819162812084" lon="-81.52952441945672"><ele>295</ele><time>2026-10-04T20:16:28Z</time></trkpt>
      <trkpt lat="41.47819171193987" lon="-81.52920481748879"><ele>295</ele><time>2026-10-04T20:16:31Z</time></trkpt>
      <trkpt lat="41.47815705277026" lon="-81.528877671808"><ele>297</ele><time>2026-10-04T20:16:34Z</time></trkpt>
      <trkpt lat="41.47816174663603" lon="-81.52856946922839"><ele>297</ele><time>2026-10-04T20:16:37Z</time></trkpt>
      <trkpt lat="41.478137439116836" lon="-81.52827979065478"><ele>297</ele><time>2026-10-04T20:16:40Z</time></trkpt>
      <trkpt lat="41.47812679409981" lon="-81.52797561138868"><ele>297</ele><time>2026-10-04T20:16:43Z</time></trkpt>
      <trkpt lat="41.47809867281467" lon="-81.527688363567"><ele>296</ele><time>2026-10-04T20:16:46Z</time></trkpt>
      <trkpt lat="41.4780945237726" lon="-81.52738091535866"><ele>297</ele><time>2026-10-04T20:16:49Z</time></trkpt>
      <trkpt lat="41.478091506287456" lon="-81.52708679437637"><ele>297</ele><time>2026-10-04T20:16:52Z</time></trkpt>
      <trkpt lat="41.4781204238534" lon="-81.52680189348757"><ele>298</ele><time>2026-10-04T20:16:55Z</time></trkpt>
      <trkpt lat="41.478164973668754" lon="-81.52649469673634"><ele>298</ele><time>2026-10-04T20:16:58Z</time></trkpt>
      <trkpt lat="41.478171637281775" lon="-81.52617266401649"><ele>298</ele><time>2026-10-04T20:17:01Z</time></trkpt>
      <trkpt lat="41.47812008857727" lon="-81.52586915530264"><ele>299</ele><time>2026-10-04T20:17:04Z</time></trkpt>
      <trkpt lat="41.47815499920398" lon="-81.5256126690656"><ele>298</ele><time>2026-10-04T20:17:07Z</time></trkpt>
      <trkpt lat="41.47817897144705" lon="-81.5253277681768"><ele>298</ele><time>2026-10-04T20:17:10Z</time></trkpt>
      <trkpt lat="41.47820545826107" lon="-81.52517404407263"><ele>298</ele><time>2026-10-04T20:17:13Z</time></trkpt>
      <trkpt lat="41.47822817321867" lon="-81.52507488615811"><ele>299</ele><time>2026-10-04T20:17:16Z</time></trkpt>
      <trkpt lat="41.47824766114354" lon="-81.52490087784827"><ele>299</ele><time>2026-10-04T20:17:19Z</time></trkpt>
      <trkpt lat="41.478217276744545" lon="-81.52468739077449"><ele>299</ele><time>2026-10-04T20:17:22Z</time></trkpt>
      <trkpt lat="41.478145737200975" lon="-81.52442210353911"><ele>300</ele><time>2026-10-04T20:17:25Z</time></trkpt>
      <trkpt lat="41.47810655180365" lon="-81.52414223179221"><ele>301</ele><time>2026-10-04T20:17:28Z</time></trkpt>
      <trkpt lat="41.47808681242168" lon="-81.52391013689339"><ele>301</ele><time>2026-10-04T20:17:31Z</time></trkpt>
      <trkpt lat="41.47806979715824" lon="-81.52366178110242"><ele>302</ele><time>2026-10-04T20:17:34Z</time></trkpt>
      <trkpt lat="41.47810797672719" lon="-81.52340730652213"><ele>303</ele><time>2026-10-04T20:17:37Z</time></trkpt>
      <trkpt lat="41.478147455491126" lon="-81.52317076921463"><ele>302</ele><time>2026-10-04T20:17:40Z</time></trkpt>
      <trkpt lat="41.47815458010882" lon="-81.52293649502099"><ele>302</ele><time>2026-10-04T20:17:43Z</time></trkpt>
      <trkpt lat="41.478090710006654" lon="-81.52262544259429"><ele>301</ele><time>2026-10-04T20:17:46Z</time></trkpt>
      <trkpt lat="41.47800391539931" lon="-81.52234188281"><ele>300</ele><time>2026-10-04T20:17:49Z</time></trkpt>
      <trkpt lat="41.477932166308165" lon="-81.52202035300434"><ele>301</ele><time>2026-10-04T20:17:52Z</time></trkpt>
      <trkpt lat="41.4779002731666" lon="-81.52170779183507"><ele>302</ele><time>2026-10-04T20:17:55Z</time></trkpt>
      <trkpt lat="41.477961796335876" lon="-81.52149279601872"><ele>302</ele><time>2026-10-04T20:17:58Z</time></trkpt>
      <trkpt lat="41.477953204885125" lon="-81.5211793128401"><ele>302</ele><time>2026-10-04T20:18:01Z</time></trkpt>
      <trkpt lat="41.477963724173605" lon="-81.52087857015431"><ele>302</ele><time>2026-10-04T20:18:04Z</time></trkpt>
      <trkpt lat="41.478018248453736" lon="-81.52056651189923"><ele>303</ele><time>2026-10-04T20:18:07Z</time></trkpt>
      <trkpt lat="41.478022523224354" lon="-81.52020676061511"><ele>305</ele><time>2026-10-04T20:18:10Z</time></trkpt>
      <trkpt lat="41.47802742663771" lon="-81.51988556608558"><ele>304</ele><time>2026-10-04T20:18:13Z</time></trkpt>
      <trkpt lat="41.478025037795305" lon="-81.51952899992466"><ele>305</ele><time>2026-10-04T20:18:16Z</time></trkpt>
      <trkpt lat="41.478042639791965" lon="-81.51922507211566"><ele>306</ele><time>2026-10-04T20:18:19Z</time></trkpt>
      <trkpt lat="41.47801397368312" lon="-81.51901384815574"><ele>308</ele><time>2026-10-04T20:18:22Z</time></trkpt>
      <trkpt lat="41.477943398058414" lon="-81.51886330917478"><ele>308</ele><time>2026-10-04T20:18:25Z</time></trkpt>
      <trkpt lat="41.47794637363404" lon="-81.51866960339248"><ele>309</ele><time>2026-10-04T20:18:28Z</time></trkpt>
      <trkpt lat="41.47795236669481" lon="-81.51842644438148"><ele>310</ele><time>2026-10-04T20:18:31Z</time></trkpt>
      <trkpt lat="41.47794767282903" lon="-81.51815235614777"><ele>311</ele><time>2026-10-04T20:18:34Z</time></trkpt>
      <trkpt lat="41.47793899755925" lon="-81.51786971837282"><ele>311</ele><time>2026-10-04T20:18:37Z</time></trkpt>
      <trkpt lat="41.47792919073254" lon="-81.5175995696336"><ele>313</ele><time>2026-10-04T20:18:40Z</time></trkpt>
      <trkpt lat="41.47793694399297" lon="-81.51738993823528"><ele>314</ele><time>2026-10-04T20:18:43Z</time></trkpt>
      <trkpt lat="41.47792655043304" lon="-81.51733118109405"><ele>314</ele><time>2026-10-04T20:18:46Z</time></trkpt>
      <trkpt lat="41.47793241776526" lon="-81.51725172065198"><ele>315</ele><time>2026-10-04T20:19:33Z</time></trkpt>
      <trkpt lat="41.47794616408646" lon="-81.51719355024397"><ele>312</ele><time>2026-10-04T20:20:03Z</time></trkpt>
      <trkpt lat="41.477940045297146" lon="-81.51705608703196"><ele>312</ele><time>2026-10-04T20:20:06Z</time></trkpt>
      <trkpt lat="41.477970303967595" lon="-81.51685282588005"><ele>313</ele><time>2026-10-04T20:20:09Z</time></trkpt>
      <trkpt lat="41.47800999227911" lon="-81.5165894664824"><ele>313</ele><time>2026-10-04T20:20:12Z</time></trkpt>
      <trkpt lat="41.4780522370711" lon="-81.51632912456989"><ele>313</ele><time>2026-10-04T20:20:15Z</time></trkpt>
      <trkpt lat="41.47807113826275" lon="-81.51605528779328"><ele>313</ele><time>2026-10-04T20:20:18Z</time></trkpt>
      <trkpt lat="41.47802906110883" lon="-81.51578958146274"><ele>314</ele><time>2026-10-04T20:20:21Z</time></trkpt>
      <trkpt lat="41.47796967532486" lon="-81.51554189622402"><ele>315</ele><time>2026-10-04T20:20:24Z</time></trkpt>
      <trkpt lat="41.47794964257628" lon="-81.51535280048847"><ele>314</ele><time>2026-10-04T20:20:27Z</time></trkpt>
      <trkpt lat="41.47801556624472" lon="-81.51514878496528"><ele>314</ele><time>2026-10-04T20:20:30Z</time></trkpt>
      <trkpt lat="41.4780961163342" lon="-81.51492029428482"><ele>314</ele><time>2026-10-04T20:20:33Z</time></trkpt>
      <trkpt lat="41.47813505027443" lon="-81.51463866233826"><ele>314</ele><time>2026-10-04T20:20:36Z</time></trkpt>
      <trkpt lat="41.47809112910181" lon="-81.51432660408318"><ele>314</ele><time>2026-10-04T20:20:39Z</time></trkpt>
      <trkpt lat="41.47803807165474" lon="-81.51405670680106"><ele>314</ele><time>2026-10-04T20:20:42Z</time></trkpt>
      <trkpt lat="41.47808115463704" lon="-81.51383550837636"><ele>314</ele><time>2026-10-04T20:20:45Z</time></trkpt>
      <trkpt lat="41.478155460208654" lon="-81.51354348286986"><ele>314</ele><time>2026-10-04T20:20:48Z</time></trkpt>
      <trkpt lat="41.478135217912495" lon="-81.51327735744417"><ele>314</ele><time>2026-10-04T20:20:51Z</time></trkpt>
      <trkpt lat="41.47812821902335" lon="-81.51303017511964"><ele>315</ele><time>2026-10-04T20:20:54Z</time></trkpt>
      <trkpt lat="41.478165560401976" lon="-81.5127504710108"><ele>315</ele><time>2026-10-04T20:20:57Z</time></trkpt>
      <trkpt lat="41.47821182850748" lon="-81.51252776384354"><ele>315</ele><time>2026-10-04T20:21:00Z</time></trkpt>
      <trkpt lat="41.478248541243374" lon="-81.51233179494739"><ele>315</ele><time>2026-10-04T20:21:03Z</time></trkpt>
      <trkpt lat="41.478278380818665" lon="-81.51215937919915"><ele>313</ele><time>2026-10-04T20:21:06Z</time></trkpt>
      <trkpt lat="41.47829996421933" lon="-81.51191974058747"><ele>313</ele><time>2026-10-04T20:21:09Z</time></trkpt>
      <trkpt lat="41.47832900751382" lon="-81.51163274422288"><ele>313</ele><time>2026-10-04T20:21:12Z</time></trkpt>
      <trkpt lat="41.47834962699562" lon="-81.51138665154576"><ele>313</ele><time>2026-10-04T20:21:15Z</time></trkpt>
      <trkpt lat="41.478356793522835" lon="-81.51118950918317"><ele>312</ele><time>2026-10-04T20:21:18Z</time></trkpt>
      <trkpt lat="41.478394009172916" lon="-81.51100938208401"><ele>312</ele><time>2026-10-04T20:21:21Z</time></trkpt>
      <trkpt lat="41.47841508965939" lon="-81.5108563285321"><ele>311</ele><time>2026-10-04T20:21:24Z</time></trkpt>
      <trkpt lat="41.4783794246614" lon="-81.51056346483529"><ele>311</ele><time>2026-10-04T20:21:27Z</time></trkpt>
      <trkpt lat="41.478354781866074" lon="-81.51021335273981"><ele>311</ele><time>2026-10-04T20:21:30Z</time></trkpt>
      <trkpt lat="41.47833399474621" lon="-81.50988503359258"><ele>310</ele><time>2026-10-04T20:21:33Z</time></trkpt>
      <trkpt lat="41.47834782488644" lon="-81.50966844521463"><ele>310</ele><time>2026-10-04T20:21:36Z</time></trkpt>
      <trkpt lat="41.478360649198294" lon="-81.50943567976356"><ele>308</ele><time>2026-10-04T20:21:39Z</time></trkpt>
      <trkpt lat="41.47834652569145" lon="-81.50921196676791"><ele>308</ele><time>2026-10-04T20:21:42Z</time></trkpt>
      <trkpt lat="41.47832712158561" lon="-81.50901608169079"><ele>308</ele><time>2026-10-04T20:21:45Z</time></trkpt>
      <trkpt lat="41.478266436606646" lon="-81.50877292267978"><ele>309</ele><time>2026-10-04T20:21:48Z</time></trkpt>
      <trkpt lat="41.47822997532785" lon="-81.50846991688013"><ele>308</ele><time>2026-10-04T20:21:51Z</time></trkpt>
      <trkpt lat="41.478191167116165" lon="-81.50820077396929"><ele>310</ele><time>2026-10-04T20:21:54Z</time></trkpt>
      <trkpt lat="41.478155544027686" lon="-81.50788092054427"><ele>312</ele><time>2026-10-04T20:21:57Z</time></trkpt>
      <trkpt lat="41.47813140414655" lon="-81.5076323132962"><ele>314</ele><time>2026-10-04T20:22:00Z</time></trkpt>
      <trkpt lat="41.478115394711494" lon="-81.50742058642209"><ele>319</ele><time>2026-10-04T20:22:03Z</time></trkpt>
      <trkpt lat="41.47819313686341" lon="-81.50720911100507"><ele>320</ele><time>2026-10-04T20:22:06Z</time></trkpt>
      <trkpt lat="41.478263209573925" lon="-81.50700853206217"><ele>320</ele><time>2026-10-04T20:22:09Z</time></trkpt>
      <trkpt lat="41.478221006691456" lon="-81.50677802972496"><ele>320</ele><time>2026-10-04T20:22:12Z</time></trkpt>
      <trkpt lat="41.47814167197794" lon="-81.5065357927233"><ele>321</ele><time>2026-10-04T20:22:15Z</time></trkpt>
      <trkpt lat="41.47812926676124" lon="-81.50630344636738"><ele>321</ele><time>2026-10-04T20:22:18Z</time></trkpt>
      <trkpt lat="41.47813961841166" lon="-81.50605064816773"><ele>321</ele><time>2026-10-04T20:22:21Z</time></trkpt>
      <trkpt lat="41.47819862700999" lon="-81.50585275143385"><ele>321</ele><time>2026-10-04T20:22:24Z</time></trkpt>
      <trkpt lat="41.47822280880064" lon="-81.50559014640749"><ele>322</ele><time>2026-10-04T20:22:27Z</time></trkpt>
      <trkpt lat="41.47824108134955" lon="-81.50530222803354"><ele>323</ele><time>2026-10-04T20:22:30Z</time></trkpt>
      <trkpt lat="41.47823726758361" lon="-81.50500358082354"><ele>324</ele><time>2026-10-04T20:22:33Z</time></trkpt>
      <trkpt lat="41.47824007552117" lon="-81.50471172295511"><ele>326</ele><time>2026-10-04T20:22:36Z</time></trkpt>
      <trkpt lat="41.47820248268545" lon="-81.50444517843425"><ele>327</ele><time>2026-10-04T20:22:39Z</time></trkpt>
      <trkpt lat="41.478150095790625" lon="-81.50426622480154"><ele>328</ele><time>2026-10-04T20:22:42Z</time></trkpt>
      <trkpt lat="41.478125494904816" lon="-81.50410185568035"><ele>328</ele><time>2026-10-04T20:22:45Z</time></trkpt>
      <trkpt lat="41.478112251497805" lon="-81.50393296033144"><ele>330</ele><time>2026-10-04T20:22:48Z</time></trkpt>
      <trkpt lat="41.47811744827777" lon="-81.50386028923094"><ele>330</ele><time>2026-10-04T20:22:51Z</time></trkpt>
      <trkpt lat="41.47809620015323" lon="-81.50371628813446"><ele>329</ele><time>2026-10-04T20:22:54Z</time></trkpt>
      <trkpt lat="41.47808257956058" lon="-81.50349710136652"><ele>330</ele><time>2026-10-04T20:22:57Z</time></trkpt>
      <trkpt lat="41.478094146586955" lon="-81.5032890625298"><ele>332</ele><time>2026-10-04T20:23:00Z</time></trkpt>
      <trkpt lat="41.478126836009324" lon="-81.50305110029876"><ele>332</ele><time>2026-10-04T20:23:03Z</time></trkpt>
      <trkpt lat="41.478171427734196" lon="-81.50279268622398"><ele>332</ele><time>2026-10-04T20:23:06Z</time></trkpt>
      <trkpt lat="41.47818240802735" lon="-81.50253963656723"><ele>332</ele><time>2026-10-04T20:23:09Z</time></trkpt>
      <trkpt lat="41.47818006109446" lon="-81.5022839885205"><ele>332</ele><time>2026-10-04T20:23:12Z</time></trkpt>
      <trkpt lat="41.47810990456492" lon="-81.50201593525708"><ele>332</ele><time>2026-10-04T20:23:15Z</time></trkpt>
      <trkpt lat="41.47810177411884" lon="-81.50175291113555"><ele>333</ele><time>2026-10-04T20:23:18Z</time></trkpt>
      <trkpt lat="41.47813161369413" lon="-81.50145786814392"><ele>332</ele><time>2026-10-04T20:23:21Z</time></trkpt>
      <trkpt lat="41.47817905526608" lon="-81.50118235498667"><ele>332</ele><time>2026-10-04T20:23:24Z</time></trkpt>
      <trkpt lat="41.478175576776266" lon="-81.50094456039369"><ele>330</ele><time>2026-10-04T20:23:27Z</time></trkpt>
      <trkpt lat="41.478158477693796" lon="-81.5006744954735"><ele>331</ele><time>2026-10-04T20:23:30Z</time></trkpt>
      <trkpt lat="41.4781399955973" lon="-81.50039604865015"><ele>330</ele><time>2026-10-04T20:23:33Z</time></trkpt>
      <trkpt lat="41.47814506664872" lon="-81.50012606754899"><ele>330</ele><time>2026-10-04T20:23:36Z</time></trkpt>
      <trkpt lat="41.47816711105406" lon="-81.49983949027956"><ele>332</ele><time>2026-10-04T20:23:39Z</time></trkpt>
      <trkpt lat="41.47817209828645" lon="-81.49954126216471"><ele>331</ele><time>2026-10-04T20:23:42Z</time></trkpt>
      <trkpt lat="41.47817775607109" lon="-81.49926574900746"><ele>332</ele><time>2026-10-04T20:23:45Z</time></trkpt>
      <trkpt lat="41.47814506664872" lon="-81.49906408041716"><ele>332</ele><time>2026-10-04T20:23:48Z</time></trkpt>
      <trkpt lat="41.478128344751894" lon="-81.49886903353035"><ele>333</ele><time>2026-10-04T20:23:51Z</time></trkpt>
      <trkpt lat="41.47814188152552" lon="-81.49863048456609"><ele>332</ele><time>2026-10-04T20:23:54Z</time></trkpt>
      <trkpt lat="41.47813513409346" lon="-81.49839880876243"><ele>330</ele><time>2026-10-04T20:23:57Z</time></trkpt>
      <trkpt lat="41.47811916656792" lon="-81.49823527783155"><ele>331</ele><time>2026-10-04T20:24:00Z</time></trkpt>
      <trkpt lat="41.47806401364505" lon="-81.49810745380819"><ele>330</ele><time>2026-10-04T20:24:03Z</time></trkpt>
      <trkpt lat="41.477999556809664" lon="-81.49799572303891"><ele>332</ele><time>2026-10-04T20:24:06Z</time></trkpt>
      <trkpt lat="41.477975249290466" lon="-81.49794325232506"><ele>331</ele><time>2026-10-04T20:24:17Z</time></trkpt>
      <trkpt lat="41.477990546263754" lon="-81.49780771695077"><ele>330</ele><time>2026-10-04T20:24:20Z</time></trkpt>
      <trkpt lat="41.47799318656325" lon="-81.49763077497482"><ele>329</ele><time>2026-10-04T20:24:23Z</time></trkpt>
      <trkpt lat="41.47801720071584" lon="-81.49743748828769"><ele>328</ele><time>2026-10-04T20:24:26Z</time></trkpt>
      <trkpt lat="41.47808672860265" lon="-81.4972483087331"><ele>328</ele><time>2026-10-04T20:24:29Z</time></trkpt>
      <trkpt lat="41.478078262880445" lon="-81.4970104303211"><ele>327</ele><time>2026-10-04T20:24:32Z</time></trkpt>
      <trkpt lat="41.47813240997493" lon="-81.4967733900994"><ele>327</ele><time>2026-10-04T20:24:35Z</time></trkpt>
      <trkpt lat="41.478121262043715" lon="-81.49654674343765"><ele>327</ele><time>2026-10-04T20:24:38Z</time></trkpt>
      <trkpt lat="41.478162542916834" lon="-81.49641774594784"><ele>325</ele><time>2026-10-04T20:24:41Z</time></trkpt>
      <trkpt lat="41.47823068778962" lon="-81.49643224664032"><ele>325</ele><time>2026-10-04T20:24:44Z</time></trkpt>
      <trkpt lat="41.47833466529846" lon="-81.49644984863698"><ele>324</ele><time>2026-10-04T20:24:47Z</time></trkpt>
      <trkpt lat="41.47845113184303" lon="-81.49647348560393"><ele>325</ele><time>2026-10-04T20:24:50Z</time></trkpt>
      <trkpt lat="41.478631468489766" lon="-81.4965114556253"><ele>325</ele><time>2026-10-04T20:24:53Z</time></trkpt>
      <trkpt lat="41.47877064999193" lon="-81.496486896649"><ele>324</ele><time>2026-10-04T20:24:56Z</time></trkpt>
      <trkpt lat="41.47888497915119" lon="-81.49635471403599"><ele>324</ele><time>2026-10-04T20:24:59Z</time></trkpt>
      <trkpt lat="41.478920937515795" lon="-81.49612756446004"><ele>325</ele><time>2026-10-04T20:25:02Z</time></trkpt>
      <trkpt lat="41.47893221117556" lon="-81.49590100161731"><ele>325</ele><time>2026-10-04T20:25:05Z</time></trkpt>
      <trkpt lat="41.47893233690411" lon="-81.49566303938627"><ele>324</ele><time>2026-10-04T20:25:08Z</time></trkpt>
      <trkpt lat="41.478923074901104" lon="-81.49540655314922"><ele>323</ele><time>2026-10-04T20:25:11Z</time></trkpt>
      <trkpt lat="41.47891532164067" lon="-81.49512022733688"><ele>323</ele><time>2026-10-04T20:25:14Z</time></trkpt>
      <trkpt lat="41.47894884925336" lon="-81.49483649991453"><ele>322</ele><time>2026-10-04T20:25:17Z</time></trkpt>
      <trkpt lat="41.4790078997612" lon="-81.4945324882865"><ele>321</ele><time>2026-10-04T20:25:20Z</time></trkpt>
      <trkpt lat="41.47905073128641" lon="-81.49423325434327"><ele>321</ele><time>2026-10-04T20:25:23Z</time></trkpt>
      <trkpt lat="41.479062088765204" lon="-81.49396151304245"><ele>320</ele><time>2026-10-04T20:25:26Z</time></trkpt>
      <trkpt lat="41.47902722004801" lon="-81.49362975731492"><ele>320</ele><time>2026-10-04T20:25:29Z</time></trkpt>
      <trkpt lat="41.478978395462036" lon="-81.49334041401744"><ele>320</ele><time>2026-10-04T20:25:32Z</time></trkpt>
      <trkpt lat="41.47893761750311" lon="-81.4931418467313"><ele>319</ele><time>2026-10-04T20:25:35Z</time></trkpt>
      <trkpt lat="41.478904341347516" lon="-81.49304679594934"><ele>318</ele><time>2026-10-04T20:25:38Z</time></trkpt>
      <trkpt lat="41.478925589472055" lon="-81.49312575347722"><ele>318</ele><time>2026-10-04T20:25:42Z</time></trkpt>
      <trkpt lat="41.478965361602604" lon="-81.49325265549123"><ele>318</ele><time>2026-10-04T20:25:45Z</time></trkpt>
      <trkpt lat="41.47901146207005" lon="-81.49325936101377"><ele>318</ele><time>2026-10-04T20:25:48Z</time></trkpt>
      <trkpt lat="41.47906200494617" lon="-81.49307881481946"><ele>316</ele><time>2026-10-04T20:25:51Z</time></trkpt>
      <trkpt lat="41.47909947205335" lon="-81.49280732497573"><ele>315</ele><time>2026-10-04T20:25:54Z</time></trkpt>
      <trkpt lat="41.47912767715752" lon="-81.49252116680145"><ele>314</ele><time>2026-10-04T20:25:57Z</time></trkpt>
      <trkpt lat="41.47913245484233" lon="-81.49224498309195"><ele>315</ele><time>2026-10-04T20:26:00Z</time></trkpt>
      <trkpt lat="41.479119253344834" lon="-81.49202043190598"><ele>314</ele><time>2026-10-04T20:26:03Z</time></trkpt>
      <trkpt lat="41.47915973793715" lon="-81.49180459789932"><ele>314</ele><time>2026-10-04T20:26:06Z</time></trkpt>
      <trkpt lat="41.47913413122296" lon="-81.4915899373591"><ele>313</ele><time>2026-10-04T20:26:09Z</time></trkpt>
      <trkpt lat="41.47912931162864" lon="-81.49137653410435"><ele>312</ele><time>2026-10-04T20:26:12Z</time></trkpt>
      <trkpt lat="41.4791096560657" lon="-81.49121685884893"><ele>312</ele><time>2026-10-04T20:26:15Z</time></trkpt>
      <trkpt lat="41.479100729338825" lon="-81.49107813835144"><ele>312</ele><time>2026-10-04T20:26:18Z</time></trkpt>
      <trkpt lat="41.47903560195118" lon="-81.4909244980663"><ele>312</ele><time>2026-10-04T20:26:21Z</time></trkpt>
      <trkpt lat="41.47891230415553" lon="-81.4908452052623"><ele>312</ele><time>2026-10-04T20:26:24Z</time></trkpt>
      <trkpt lat="41.47888414096087" lon="-81.49067211896181"><ele>312</ele><time>2026-10-04T20:26:27Z</time></trkpt>
      <trkpt lat="41.47883703466505" lon="-81.49041119031608"><ele>312</ele><time>2026-10-04T20:26:30Z</time></trkpt>
      <trkpt lat="41.478795292787254" lon="-81.49019812233746"><ele>312</ele><time>2026-10-04T20:26:33Z</time></trkpt>
      <trkpt lat="41.4788678381592" lon="-81.49000760167837"><ele>312</ele><time>2026-10-04T20:26:36Z</time></trkpt>
      <trkpt lat="41.47886322811246" lon="-81.48973041214049"><ele>311</ele><time>2026-10-04T20:26:39Z</time></trkpt>
      <trkpt lat="41.47886926308274" lon="-81.48946294561028"><ele>310</ele><time>2026-10-04T20:26:42Z</time></trkpt>
      <trkpt lat="41.47886251565069" lon="-81.48918324150145"><ele>309</ele><time>2026-10-04T20:26:45Z</time></trkpt>
      <trkpt lat="41.47886586841196" lon="-81.48892080411315"><ele>309</ele><time>2026-10-04T20:26:48Z</time></trkpt>
      <trkpt lat="41.47881913930178" lon="-81.48879574611783"><ele>307</ele><time>2026-10-04T20:26:51Z</time></trkpt>
      <trkpt lat="41.478724968619645" lon="-81.48883723653853"><ele>308</ele><time>2026-10-04T20:26:54Z</time></trkpt>
      <trkpt lat="41.47863955702633" lon="-81.48891921155155"><ele>308</ele><time>2026-10-04T20:26:57Z</time></trkpt>
      <trkpt lat="41.4785787044093" lon="-81.4890010189265"><ele>308</ele><time>2026-10-04T20:27:00Z</time></trkpt>
      <trkpt lat="41.4785002078861" lon="-81.48900520987809"><ele>308</ele><time>2026-10-04T20:27:03Z</time></trkpt>
      <trkpt lat="41.47841559257358" lon="-81.488933628425"><ele>308</ele><time>2026-10-04T20:27:06Z</time></trkpt>
      <trkpt lat="41.47828114684671" lon="-81.48883908055723"><ele>309</ele><time>2026-10-04T20:27:09Z</time></trkpt>
      <trkpt lat="41.47815164644271" lon="-81.48876246996224"><ele>309</ele><time>2026-10-04T20:27:12Z</time></trkpt>
      <trkpt lat="41.47811413742602" lon="-81.48856004700065"><ele>309</ele><time>2026-10-04T20:27:15Z</time></trkpt>
      <trkpt lat="41.47810412105173" lon="-81.4882996212691"><ele>308</ele><time>2026-10-04T20:27:18Z</time></trkpt>
      <trkpt lat="41.47813609801233" lon="-81.48809803649783"><ele>308</ele><time>2026-10-04T20:27:21Z</time></trkpt>
      <trkpt lat="41.47815189789981" lon="-81.48786812089384"><ele>308</ele><time>2026-10-04T20:27:24Z</time></trkpt>
      <trkpt lat="41.47820591926575" lon="-81.48764348588884"><ele>308</ele><time>2026-10-04T20:27:27Z</time></trkpt>
      <trkpt lat="41.4781917957589" lon="-81.48737023584545"><ele>309</ele><time>2026-10-04T20:27:30Z</time></trkpt>
      <trkpt lat="41.478140791878104" lon="-81.48713235743344"><ele>307</ele><time>2026-10-04T20:27:33Z</time></trkpt>
      <trkpt lat="41.47807914298028" lon="-81.4869839977473"><ele>308</ele><time>2026-10-04T20:27:36Z</time></trkpt>
      <trkpt lat="41.47803186904639" lon="-81.48688341490924"><ele>309</ele><time>2026-10-04T20:27:39Z</time></trkpt>
      <trkpt lat="41.47802218794823" lon="-81.48677637800574"><ele>310</ele><time>2026-10-04T20:27:42Z</time></trkpt>
      <trkpt lat="41.47803052794188" lon="-81.48669641464949"><ele>310</ele><time>2026-10-04T20:27:45Z</time></trkpt>
      <trkpt lat="41.478047207929194" lon="-81.48654931224883"><ele>311</ele><time>2026-10-04T20:27:48Z</time></trkpt>
      <trkpt lat="41.47813119459897" lon="-81.48642928339541"><ele>312</ele><time>2026-10-04T20:27:51Z</time></trkpt>
      <trkpt lat="41.47816811688244" lon="-81.48626080714166"><ele>311</ele><time>2026-10-04T20:27:54Z</time></trkpt>
      <trkpt lat="41.47816593758762" lon="-81.48602770641446"><ele>310</ele><time>2026-10-04T20:27:57Z</time></trkpt>
      <trkpt lat="41.478138570673764" lon="-81.48575336672366"><ele>311</ele><time>2026-10-04T20:28:00Z</time></trkpt>
      <trkpt lat="41.47814485710114" lon="-81.48547701537609"><ele>312</ele><time>2026-10-04T20:28:03Z</time></trkpt>
      <trkpt lat="41.478162836283445" lon="-81.48518557660282"><ele>311</ele><time>2026-10-04T20:28:06Z</time></trkpt>
      <trkpt lat="41.4781463239342" lon="-81.48487787693739"><ele>310</ele><time>2026-10-04T20:28:09Z</time></trkpt>
      <trkpt lat="41.478157890960574" lon="-81.48459347896278"><ele>310</ele><time>2026-10-04T20:28:12Z</time></trkpt>
      <trkpt lat="41.478126123547554" lon="-81.48434931412339"><ele>310</ele><time>2026-10-04T20:28:15Z</time></trkpt>
      <trkpt lat="41.478047501295805" lon="-81.48420254699886"><ele>310</ele><time>2026-10-04T20:28:18Z</time></trkpt>
      <trkpt lat="41.478053159080446" lon="-81.48408863693476"><ele>310</ele><time>2026-10-04T20:28:21Z</time></trkpt>
      <trkpt lat="41.47807252127677" lon="-81.48390272632241"><ele>310</ele><time>2026-10-04T20:28:24Z</time></trkpt>
      <trkpt lat="41.47807729896158" lon="-81.48370767943561"><ele>310</ele><time>2026-10-04T20:28:27Z</time></trkpt>
      <trkpt lat="41.4780691685155" lon="-81.48351757787168"><ele>310</ele><time>2026-10-04T20:28:30Z</time></trkpt>
      <trkpt lat="41.478048004209995" lon="-81.48330283351243"><ele>310</ele><time>2026-10-04T20:28:33Z</time></trkpt>
      <trkpt lat="41.47804704029113" lon="-81.48312865756452"><ele>308</ele><time>2026-10-04T20:28:36Z</time></trkpt>
      <trkpt lat="41.47807478439063" lon="-81.48305548354983"><ele>308</ele><time>2026-10-04T20:28:39Z</time></trkpt>
      <trkpt lat="41.4781349664554" lon="-81.48294853046536"><ele>308</ele><time>2026-10-04T20:28:42Z</time></trkpt>
      <trkpt lat="41.478195106610656" lon="-81.48286630399525"><ele>308</ele><time>2026-10-04T20:28:45Z</time></trkpt>
      <trkpt lat="41.478322888724506" lon="-81.48281291127205"><ele>307</ele><time>2026-10-04T20:28:48Z</time></trkpt>
      <trkpt lat="41.47845670580864" lon="-81.4828431699425"><ele>308</ele><time>2026-10-04T20:28:51Z</time></trkpt>
      <trkpt lat="41.4785580849275" lon="-81.48281785659492"><ele>308</ele><time>2026-10-04T20:28:54Z</time></trkpt>
      <trkpt lat="41.4786685584113" lon="-81.48277594707906"><ele>308</ele><time>2026-10-04T20:28:57Z</time></trkpt>
      <trkpt lat="41.478744079358876" lon="-81.48264166899025"><ele>309</ele><time>2026-10-04T20:29:00Z</time></trkpt>
      <trkpt lat="41.47885979153216" lon="-81.48259875364602"><ele>309</ele><time>2026-10-04T20:29:03Z</time></trkpt>
      <trkpt lat="41.47894792724401" lon="-81.48264158517122"><ele>309</ele><time>2026-10-04T20:29:06Z</time></trkpt>
      <trkpt lat="41.478982670232654" lon="-81.48276781663299"><ele>309</ele><time>2026-10-04T20:29:09Z</time></trkpt>
      <trkpt lat="41.479011503979564" lon="-81.48290645331144"><ele>309</ele><time>2026-10-04T20:29:12Z</time></trkpt>
      <trkpt lat="41.4790684171021" lon="-81.48299496620893"><ele>310</ele><time>2026-10-04T20:29:15Z</time></trkpt>
      <trkpt lat="41.47911187727004" lon="-81.48305741138756"><ele>310</ele><time>2026-10-04T20:29:18Z</time></trkpt>
      <trkpt lat="41.47914477623999" lon="-81.48310912773013"><ele>310</ele><time>2026-10-04T20:29:21Z</time></trkpt>
      <trkpt lat="41.47918182425201" lon="-81.48316939361393"><ele>310</ele><time>2026-10-04T20:29:24Z</time></trkpt>
      <trkpt lat="41.47919888142496" lon="-81.48323058150709"><ele>309</ele><time>2026-10-04T20:29:28Z</time></trkpt>
    </trkseg>
  </trk>
</gpx>
