<?xml version="1.0" encoding="UTF-8"?>
<gpx version="1.1" creator="HoldMyTrack" xmlns="http://www.topografix.com/GPX/1/1" xmlns:gpxtpx="http://www.garmin.com/xmlschemas/TrackPointExtension/v1">
  <trk>
    <type>driving</type>
    <trkseg>
      <trkpt lat="42.876474" lon="-78.857728"><ele>178.77</ele><time>2026-07-17T15:38:00Z</time></trkpt>
      <trkpt lat="42.876828" lon="-78.857606"><ele>178.14</ele><time>2026-07-17T15:38:03Z</time></trkpt>
      <trkpt lat="42.876978" lon="-78.858485"><ele>178.01</ele><time>2026-07-17T15:38:07Z</time></trkpt>
      <trkpt lat="42.877014" lon="-78.858543"><ele>178</ele><time>2026-07-17T15:38:08Z</time></trkpt>
      <trkpt lat="42.877052" lon="-78.858761"><ele>178</ele><time>2026-07-17T15:38:10Z</time></trkpt>
      <trkpt lat="42.877573" lon="-78.858592"><ele>178</ele><time>2026-07-17T15:38:14Z</time></trkpt>
      <trkpt lat="42.878239" lon="-78.862446"><ele>179</ele><time>2026-07-17T15:38:24Z</time></trkpt>
      <trkpt lat="42.875431" lon="-78.863361"><ele>179.67</ele><time>2026-07-17T15:38:35Z</time></trkpt>
      <trkpt lat="42.875115" lon="-78.863462"><ele>181.08</ele><time>2026-07-17T15:38:37Z</time></trkpt>
      <trkpt lat="42.874055" lon="-78.863803"><ele>177</ele><time>2026-07-17T15:38:43Z</time></trkpt>
      <trkpt lat="42.873711" lon="-78.863909"><ele>177</ele><time>2026-07-17T15:38:46Z</time></trkpt>
      <trkpt lat="42.871745" lon="-78.864553"><ele>177</ele><time>2026-07-17T15:38:54Z</time></trkpt>
      <trkpt lat="42.870287" lon="-78.86501"><ele>177</ele><time>2026-07-17T15:39:01Z</time></trkpt>
      <trkpt lat="42.866927" lon="-78.86611"><ele>177</ele><time>2026-07-17T15:39:13Z</time></trkpt>
      <trkpt lat="42.866488" lon="-78.866243"><ele>177</ele><time>2026-07-17T15:39:16Z</time></trkpt>
      <trkpt lat="42.863247" lon="-78.867301"><ele>177</ele><time>2026-07-17T15:39:28Z</time></trkpt>
      <trkpt lat="42.863075" lon="-78.867428"><ele>177.24</ele><time>2026-07-17T15:39:30Z</time></trkpt>
      <trkpt lat="42.86231" lon="-78.867409"><ele>177.98</ele><time>2026-07-17T15:39:35Z</time></trkpt>
      <trkpt lat="42.861361" lon="-78.867399"><ele>178.32</ele><time>2026-07-17T15:39:40Z</time></trkpt>
      <trkpt lat="42.861137" lon="-78.867431"><ele>178.19</ele><time>2026-07-17T15:39:42Z</time></trkpt>
      <trkpt lat="42.860827" lon="-78.867514"><ele>178</ele><time>2026-07-17T15:39:45Z</time></trkpt>
      <trkpt lat="42.860564" lon="-78.867567"><ele>177.84</ele><time>2026-07-17T15:39:47Z</time></trkpt>
      <trkpt lat="42.859835" lon="-78.867772"><ele>177</ele><time>2026-07-17T15:39:52Z</time></trkpt>
      <trkpt lat="42.859647" lon="-78.867757"><ele>177</ele><time>2026-07-17T15:39:54Z</time></trkpt>
      <trkpt lat="42.858308" lon="-78.867047"><ele>177</ele><time>2026-07-17T15:40:01Z</time></trkpt>
      <trkpt lat="42.858027" lon="-78.866874"><ele>177</ele><time>2026-07-17T15:40:04Z</time></trkpt>
      <trkpt lat="42.857445" lon="-78.866416"><ele>177.92</ele><time>2026-07-17T15:40:08Z</time></trkpt>
      <trkpt lat="42.85676" lon="-78.865784"><ele>179.13</ele><time>2026-07-17T15:40:13Z</time></trkpt>
      <trkpt lat="42.856201" lon="-78.865313"><ele>180.08</ele><time>2026-07-17T15:40:17Z</time></trkpt>
      <trkpt lat="42.855613" lon="-78.864902"><ele>181.58</ele><time>2026-07-17T15:40:22Z</time></trkpt>
      <trkpt lat="42.854896" lon="-78.864475"><ele>183.33</ele><time>2026-07-17T15:40:27Z</time></trkpt>
      <trkpt lat="42.85368" lon="-78.863834"><ele>180.16</ele><time>2026-07-17T15:40:33Z</time></trkpt>
      <trkpt lat="42.853492" lon="-78.863773"><ele>179.74</ele><time>2026-07-17T15:40:35Z</time></trkpt>
      <trkpt lat="42.853378" lon="-78.863757"><ele>178.94</ele><time>2026-07-17T15:40:36Z</time></trkpt>
      <trkpt lat="42.853263" lon="-78.863792"><ele>178.38</ele><time>2026-07-17T15:40:37Z</time></trkpt>
      <trkpt lat="42.85315" lon="-78.863859"><ele>178</ele><time>2026-07-17T15:40:38Z</time></trkpt>
      <trkpt lat="42.853071" lon="-78.86398"><ele>179.53</ele><time>2026-07-17T15:40:39Z</time></trkpt>
      <trkpt lat="42.852897" lon="-78.864308"><ele>178.82</ele><time>2026-07-17T15:40:41Z</time></trkpt>
      <trkpt lat="42.852802" lon="-78.864534"><ele>178</ele><time>2026-07-17T15:40:43Z</time></trkpt>
      <trkpt lat="42.852391" lon="-78.864177"><ele>178</ele><time>2026-07-17T15:40:46Z</time></trkpt>
      <trkpt lat="42.851698" lon="-78.863686"><ele>178.51</ele><time>2026-07-17T15:40:51Z</time></trkpt>
      <trkpt lat="42.848908" lon="-78.862191"><ele>178</ele><time>2026-07-17T15:41:02Z</time></trkpt>
      <trkpt lat="42.847595" lon="-78.861542"><ele>178.01</ele><time>2026-07-17T15:41:08Z</time></trkpt>
      <trkpt lat="42.845635" lon="-78.860734"><ele>177.54</ele><time>2026-07-17T15:41:15Z</time></trkpt>
      <trkpt lat="42.845067" lon="-78.860521"><ele>178</ele><time>2026-07-17T15:41:19Z</time></trkpt>
      <trkpt lat="42.844488" lon="-78.860239"><ele>178</ele><time>2026-07-17T15:41:24Z</time></trkpt>
      <trkpt lat="42.843988" lon="-78.859944"><ele>178</ele><time>2026-07-17T15:41:28Z</time></trkpt>
      <trkpt lat="42.843622" lon="-78.859709"><ele>179</ele><time>2026-07-17T15:41:31Z</time></trkpt>
      <trkpt lat="42.843032" lon="-78.85942"><ele>179</ele><time>2026-07-17T15:41:35Z</time></trkpt>
      <trkpt lat="42.842256" lon="-78.859123"><ele>178.55</ele><time>2026-07-17T15:41:40Z</time></trkpt>
      <trkpt lat="42.841726" lon="-78.858939"><ele>178</ele><time>2026-07-17T15:41:44Z</time></trkpt>
      <trkpt lat="42.841348" lon="-78.858753"><ele>177.84</ele><time>2026-07-17T15:41:47Z</time></trkpt>
      <trkpt lat="42.84053" lon="-78.858294"><ele>177.02</ele><time>2026-07-17T15:41:52Z</time></trkpt>
      <trkpt lat="42.839196" lon="-78.857526"><ele>180</ele><time>2026-07-17T15:41:59Z</time></trkpt>
      <trkpt lat="42.83906" lon="-78.857439"><ele>180</ele><time>2026-07-17T15:42:00Z</time></trkpt>
      <trkpt lat="42.838726" lon="-78.857108"><ele>180.27</ele><time>2026-07-17T15:42:03Z</time></trkpt>
      <trkpt lat="42.838409" lon="-78.85681"><ele>181</ele><time>2026-07-17T15:42:06Z</time></trkpt>
      <trkpt lat="42.837975" lon="-78.856431"><ele>181.97</ele><time>2026-07-17T15:42:10Z</time></trkpt>
      <trkpt lat="42.837506" lon="-78.856083"><ele>183.2</ele><time>2026-07-17T15:42:14Z</time></trkpt>
      <trkpt lat="42.837057" lon="-78.855774"><ele>182.44</ele><time>2026-07-17T15:42:18Z</time></trkpt>
      <trkpt lat="42.836719" lon="-78.855573"><ele>182.99</ele><time>2026-07-17T15:42:21Z</time></trkpt>
      <trkpt lat="42.836363" lon="-78.855309"><ele>183.41</ele><time>2026-07-17T15:42:24Z</time></trkpt>
      <trkpt lat="42.834305" lon="-78.854225"><ele>184.04</ele><time>2026-07-17T15:42:33Z</time></trkpt>
      <trkpt lat="42.832045" lon="-78.853017"><ele>178.7</ele><time>2026-07-17T15:42:41Z</time></trkpt>
      <trkpt lat="42.831224" lon="-78.852588"><ele>177.63</ele><time>2026-07-17T15:42:47Z</time></trkpt>
      <trkpt lat="42.830052" lon="-78.851959"><ele>179.2</ele><time>2026-07-17T15:42:54Z</time></trkpt>
      <trkpt lat="42.829303" lon="-78.85158"><ele>180.79</ele><time>2026-07-17T15:42:59Z</time></trkpt>
      <trkpt lat="42.828767" lon="-78.851295"><ele>181.78</ele><time>2026-07-17T15:43:03Z</time></trkpt>
      <trkpt lat="42.827593" lon="-78.850664"><ele>181.59</ele><time>2026-07-17T15:43:10Z</time></trkpt>
      <trkpt lat="42.827374" lon="-78.850547"><ele>183.21</ele><time>2026-07-17T15:43:12Z</time></trkpt>
      <trkpt lat="42.82696" lon="-78.850356"><ele>182.7</ele><time>2026-07-17T15:43:15Z</time></trkpt>
      <trkpt lat="42.826502" lon="-78.850202"><ele>181.42</ele><time>2026-07-17T15:43:19Z</time></trkpt>
      <trkpt lat="42.826247" lon="-78.85014"><ele>180.71</ele><time>2026-07-17T15:43:21Z</time></trkpt>
      <trkpt lat="42.825743" lon="-78.850056"><ele>179.27</ele><time>2026-07-17T15:43:25Z</time></trkpt>
      <trkpt lat="42.824632" lon="-78.849962"><ele>176.56</ele><time>2026-07-17T15:43:31Z</time></trkpt>
      <trkpt lat="42.82408" lon="-78.849902"><ele>176</ele><time>2026-07-17T15:43:35Z</time></trkpt>
      <trkpt lat="42.823711" lon="-78.849818"><ele>176</ele><time>2026-07-17T15:43:38Z</time></trkpt>
      <trkpt lat="42.823286" lon="-78.849701"><ele>176.5</ele><time>2026-07-17T15:43:41Z</time></trkpt>
      <trkpt lat="42.821737" lon="-78.849036"><ele>176.8</ele><time>2026-07-17T15:43:49Z</time></trkpt>
      <trkpt lat="42.821125" lon="-78.848743"><ele>176.18</ele><time>2026-07-17T15:43:53Z</time></trkpt>
      <trkpt lat="42.820835" lon="-78.848527"><ele>176</ele><time>2026-07-17T15:43:55Z</time></trkpt>
      <trkpt lat="42.820194" lon="-78.84819"><ele>176.23</ele><time>2026-07-17T15:43:59Z</time></trkpt>
      <trkpt lat="42.818762" lon="-78.847461"><ele>176</ele><time>2026-07-17T15:44:05Z</time></trkpt>
      <trkpt lat="42.817669" lon="-78.846962"><ele>176</ele><time>2026-07-17T15:44:11Z</time></trkpt>
      <trkpt lat="42.816395" lon="-78.846321"><ele>177</ele><time>2026-07-17T15:44:17Z</time></trkpt>
      <trkpt lat="42.815858" lon="-78.846036"><ele>177</ele><time>2026-07-17T15:44:21Z</time></trkpt>
      <trkpt lat="42.815016" lon="-78.84569"><ele>177</ele><time>2026-07-17T15:44:26Z</time></trkpt>
      <trkpt lat="42.813899" lon="-78.845453"><ele>178</ele><time>2026-07-17T15:44:32Z</time></trkpt>
      <trkpt lat="42.81307" lon="-78.845371"><ele>178.43</ele><time>2026-07-17T15:44:37Z</time></trkpt>
      <trkpt lat="42.812374" lon="-78.845398"><ele>178</ele><time>2026-07-17T15:44:42Z</time></trkpt>
      <trkpt lat="42.811001" lon="-78.845515"><ele>177.33</ele><time>2026-07-17T15:44:49Z</time></trkpt>
      <trkpt lat="42.80975" lon="-78.845635"><ele>177.03</ele><time>2026-07-17T15:44:55Z</time></trkpt>
      <trkpt lat="42.806849" lon="-78.845967"><ele>178</ele><time>2026-07-17T15:45:06Z</time></trkpt>
      <trkpt lat="42.805272" lon="-78.84615"><ele>177.02</ele><time>2026-07-17T15:45:13Z</time></trkpt>
      <trkpt lat="42.804233" lon="-78.846242"><ele>178.27</ele><time>2026-07-17T15:45:18Z</time></trkpt>
      <trkpt lat="42.80397" lon="-78.846264"><ele>177.1</ele><time>2026-07-17T15:45:20Z</time></trkpt>
      <trkpt lat="42.801354" lon="-78.846482"><ele>177</ele><time>2026-07-17T15:45:31Z</time></trkpt>
      <trkpt lat="42.799606" lon="-78.846627"><ele>178.43</ele><time>2026-07-17T15:45:39Z</time></trkpt>
      <trkpt lat="42.798882" lon="-78.846709"><ele>180</ele><time>2026-07-17T15:45:44Z</time></trkpt>
      <trkpt lat="42.797786" lon="-78.84681"><ele>182</ele><time>2026-07-17T15:45:50Z</time></trkpt>
      <trkpt lat="42.797347" lon="-78.846849"><ele>181</ele><time>2026-07-17T15:45:53Z</time></trkpt>
      <trkpt lat="42.79499" lon="-78.846843"><ele>179</ele><time>2026-07-17T15:46:02Z</time></trkpt>
      <trkpt lat="42.794264" lon="-78.846821"><ele>179</ele><time>2026-07-17T15:46:06Z</time></trkpt>
      <trkpt lat="42.794084" lon="-78.846895"><ele>179.65</ele><time>2026-07-17T15:46:08Z</time></trkpt>
      <trkpt lat="42.793067" lon="-78.8469"><ele>181</ele><time>2026-07-17T15:46:14Z</time></trkpt>
      <trkpt lat="42.790989" lon="-78.84705"><ele>183.88</ele><time>2026-07-17T15:46:21Z</time></trkpt>
      <trkpt lat="42.78926" lon="-78.84715"><ele>182.49</ele><time>2026-07-17T15:46:28Z</time></trkpt>
      <trkpt lat="42.788801" lon="-78.847195"><ele>182.76</ele><time>2026-07-17T15:46:32Z</time></trkpt>
      <trkpt lat="42.788549" lon="-78.84721"><ele>183.43</ele><time>2026-07-17T15:46:34Z</time></trkpt>
      <trkpt lat="42.78754" lon="-78.847269"><ele>180.46</ele><time>2026-07-17T15:46:40Z</time></trkpt>
      <trkpt lat="42.786893" lon="-78.84735"><ele>179</ele><time>2026-07-17T15:46:45Z</time></trkpt>
      <trkpt lat="42.78655" lon="-78.847422"><ele>179.51</ele><time>2026-07-17T15:46:48Z</time></trkpt>
      <trkpt lat="42.786147" lon="-78.847543"><ele>180</ele><time>2026-07-17T15:46:51Z</time></trkpt>
      <trkpt lat="42.785277" lon="-78.847953"><ele>181</ele><time>2026-07-17T15:46:56Z</time></trkpt>
      <trkpt lat="42.784043" lon="-78.848904"><ele>181</ele><time>2026-07-17T15:47:03Z</time></trkpt>
      <trkpt lat="42.783587" lon="-78.849351"><ele>181.58</ele><time>2026-07-17T15:47:07Z</time></trkpt>
      <trkpt lat="42.781724" lon="-78.851327"><ele>182</ele><time>2026-07-17T15:47:15Z</time></trkpt>
      <trkpt lat="42.781061" lon="-78.852123"><ele>182.16</ele><time>2026-07-17T15:47:20Z</time></trkpt>
      <trkpt lat="42.780731" lon="-78.852496"><ele>182</ele><time>2026-07-17T15:47:23Z</time></trkpt>
      <trkpt lat="42.780455" lon="-78.85292"><ele>182</ele><time>2026-07-17T15:47:26Z</time></trkpt>
      <trkpt lat="42.779948" lon="-78.853734"><ele>181.91</ele><time>2026-07-17T15:47:31Z</time></trkpt>
      <trkpt lat="42.779369" lon="-78.854845"><ele>180.86</ele><time>2026-07-17T15:47:37Z</time></trkpt>
      <trkpt lat="42.778726" lon="-78.85589"><ele>180.7</ele><time>2026-07-17T15:47:43Z</time></trkpt>
      <trkpt lat="42.778366" lon="-78.856351"><ele>180</ele><time>2026-07-17T15:47:46Z</time></trkpt>
      <trkpt lat="42.777367" lon="-78.857444"><ele>179.81</ele><time>2026-07-17T15:47:52Z</time></trkpt>
      <trkpt lat="42.776947" lon="-78.857854"><ele>179.94</ele><time>2026-07-17T15:47:56Z</time></trkpt>
      <trkpt lat="42.776619" lon="-78.858124"><ele>179.51</ele><time>2026-07-17T15:47:59Z</time></trkpt>
      <trkpt lat="42.776173" lon="-78.858404"><ele>179.44</ele><time>2026-07-17T15:48:03Z</time></trkpt>
      <trkpt lat="42.774875" lon="-78.859003"><ele>180</ele><time>2026-07-17T15:48:10Z</time></trkpt>
      <trkpt lat="42.774199" lon="-78.859356"><ele>180</ele><time>2026-07-17T15:48:15Z</time></trkpt>
      <trkpt lat="42.773629" lon="-78.859794"><ele>179</ele><time>2026-07-17T15:48:19Z</time></trkpt>
      <trkpt lat="42.772867" lon="-78.860397"><ele>179.04</ele><time>2026-07-17T15:48:25Z</time></trkpt>
      <trkpt lat="42.770411" lon="-78.862389"><ele>181</ele><time>2026-07-17T15:48:35Z</time></trkpt>
      <trkpt lat="42.769458" lon="-78.863161"><ele>184.02</ele><time>2026-07-17T15:48:41Z</time></trkpt>
      <trkpt lat="42.769201" lon="-78.86341"><ele>185.29</ele><time>2026-07-17T15:48:43Z</time></trkpt>
      <trkpt lat="42.76891" lon="-78.86367"><ele>186.6</ele><time>2026-07-17T15:48:46Z</time></trkpt>
      <trkpt lat="42.768557" lon="-78.864021"><ele>188</ele><time>2026-07-17T15:48:50Z</time></trkpt>
      <trkpt lat="42.768251" lon="-78.864337"><ele>189</ele><time>2026-07-17T15:48:53Z</time></trkpt>
      <trkpt lat="42.767607" lon="-78.865153"><ele>191</ele><time>2026-07-17T15:48:58Z</time></trkpt>
      <trkpt lat="42.76721" lon="-78.865399"><ele>191.94</ele><time>2026-07-17T15:49:01Z</time></trkpt>
      <trkpt lat="42.766942" lon="-78.865431"><ele>192.12</ele><time>2026-07-17T15:49:03Z</time></trkpt>
      <trkpt lat="42.76642" lon="-78.86531"><ele>191.42</ele><time>2026-07-17T15:49:07Z</time></trkpt>
      <trkpt lat="42.765228" lon="-78.864589"><ele>185.81</ele><time>2026-07-17T15:49:13Z</time></trkpt>
      <trkpt lat="42.765021" lon="-78.864465"><ele>187.7</ele><time>2026-07-17T15:49:15Z</time></trkpt>
      <trkpt lat="42.764815" lon="-78.864341"><ele>186.24</ele><time>2026-07-17T15:49:17Z</time></trkpt>
      <trkpt lat="42.764271" lon="-78.864002"><ele>187.05</ele><time>2026-07-17T15:49:21Z</time></trkpt>
      <trkpt lat="42.763736" lon="-78.863693"><ele>189.61</ele><time>2026-07-17T15:49:25Z</time></trkpt>
      <trkpt lat="42.762788" lon="-78.863192"><ele>195</ele><time>2026-07-17T15:49:31Z</time></trkpt>
      <trkpt lat="42.761717" lon="-78.862624"><ele>197</ele><time>2026-07-17T15:49:37Z</time></trkpt>
      <trkpt lat="42.759759" lon="-78.861698"><ele>199</ele><time>2026-07-17T15:49:45Z</time></trkpt>
      <trkpt lat="42.759154" lon="-78.861391"><ele>199</ele><time>2026-07-17T15:49:50Z</time></trkpt>
      <trkpt lat="42.758601" lon="-78.861129"><ele>200</ele><time>2026-07-17T15:49:54Z</time></trkpt>
      <trkpt lat="42.758199" lon="-78.860904"><ele>201</ele><time>2026-07-17T15:49:58Z</time></trkpt>
      <trkpt lat="42.756884" lon="-78.860035"><ele>203.88</ele><time>2026-07-17T15:50:05Z</time></trkpt>
      <trkpt lat="42.755185" lon="-78.858742"><ele>206</ele><time>2026-07-17T15:50:13Z</time></trkpt>
      <trkpt lat="42.753927" lon="-78.857794"><ele>210</ele><time>2026-07-17T15:50:20Z</time></trkpt>
      <trkpt lat="42.752161" lon="-78.856448"><ele>213.08</ele><time>2026-07-17T15:50:27Z</time></trkpt>
      <trkpt lat="42.750639" lon="-78.855279"><ele>219</ele><time>2026-07-17T15:50:34Z</time></trkpt>
      <trkpt lat="42.750209" lon="-78.854946"><ele>220</ele><time>2026-07-17T15:50:37Z</time></trkpt>
      <trkpt lat="42.749545" lon="-78.854445"><ele>220</ele><time>2026-07-17T15:50:42Z</time></trkpt>
      <trkpt lat="42.747284" lon="-78.852692"><ele>221</ele><time>2026-07-17T15:50:51Z</time></trkpt>
      <trkpt lat="42.746699" lon="-78.8522"><ele>223</ele><time>2026-07-17T15:50:56Z</time></trkpt>
      <trkpt lat="42.746067" lon="-78.851702"><ele>224</ele><time>2026-07-17T15:51:01Z</time></trkpt>
      <trkpt lat="42.74569" lon="-78.851385"><ele>225</ele><time>2026-07-17T15:51:04Z</time></trkpt>
      <trkpt lat="42.744824" lon="-78.850568"><ele>226</ele><time>2026-07-17T15:51:09Z</time></trkpt>
      <trkpt lat="42.744635" lon="-78.850534"><ele>226</ele><time>2026-07-17T15:51:11Z</time></trkpt>
      <trkpt lat="42.742964" lon="-78.848927"><ele>228.05</ele><time>2026-07-17T15:51:19Z</time></trkpt>
      <trkpt lat="42.742847" lon="-78.848695"><ele>228.18</ele><time>2026-07-17T15:51:21Z</time></trkpt>
      <trkpt lat="42.742883" lon="-78.848502"><ele>228.69</ele><time>2026-07-17T15:51:22Z</time></trkpt>
      <trkpt lat="42.743911" lon="-78.846364"><ele>229.59</ele><time>2026-07-17T15:51:30Z</time></trkpt>
      <trkpt lat="42.744784" lon="-78.844512"><ele>231</ele><time>2026-07-17T15:51:37Z</time></trkpt>
      <trkpt lat="42.745543" lon="-78.842934"><ele>231</ele><time>2026-07-17T15:51:43Z</time></trkpt>
      <trkpt lat="42.745621" lon="-78.842733"><ele>230.99</ele><time>2026-07-17T15:51:44Z</time></trkpt>
      <trkpt lat="42.745666" lon="-78.842582"><ele>231.34</ele><time>2026-07-17T15:51:45Z</time></trkpt>
      <trkpt lat="42.745681" lon="-78.842436"><ele>231.46</ele><time>2026-07-17T15:51:46Z</time></trkpt>
      <trkpt lat="42.745686" lon="-78.842237"><ele>231.5</ele><time>2026-07-17T15:51:47Z</time></trkpt>
      <trkpt lat="42.745672" lon="-78.842072"><ele>231.39</ele><time>2026-07-17T15:51:48Z</time></trkpt>
      <trkpt lat="42.745614" lon="-78.841783"><ele>231.34</ele><time>2026-07-17T15:51:50Z</time></trkpt>
      <trkpt lat="42.745428" lon="-78.841495"><ele>231.48</ele><time>2026-07-17T15:51:52Z</time></trkpt>
      <trkpt lat="42.745337" lon="-78.841389"><ele>231.66</ele><time>2026-07-17T15:51:53Z</time></trkpt>
      <trkpt lat="42.745198" lon="-78.841276"><ele>232.07</ele><time>2026-07-17T15:51:55Z</time></trkpt>
      <trkpt lat="42.745094" lon="-78.841214"><ele>232.41</ele><time>2026-07-17T15:51:56Z</time></trkpt>
      <trkpt lat="42.744978" lon="-78.841178"><ele>232.89</ele><time>2026-07-17T15:51:57Z</time></trkpt>
      <trkpt lat="42.744868" lon="-78.841164"><ele>232.97</ele><time>2026-07-17T15:51:58Z</time></trkpt>
      <trkpt lat="42.744733" lon="-78.841162"><ele>232.98</ele><time>2026-07-17T15:51:59Z</time></trkpt>
      <trkpt lat="42.74457" lon="-78.841181"><ele>232.87</ele><time>2026-07-17T15:52:00Z</time></trkpt>
      <trkpt lat="42.744348" lon="-78.841224"><ele>233</ele><time>2026-07-17T15:52:02Z</time></trkpt>
      <trkpt lat="42.744174" lon="-78.84128"><ele>233</ele><time>2026-07-17T15:52:03Z</time></trkpt>
      <trkpt lat="42.744011" lon="-78.841345"><ele>232.98</ele><time>2026-07-17T15:52:05Z</time></trkpt>
      <trkpt lat="42.743697" lon="-78.841525"><ele>233</ele><time>2026-07-17T15:52:08Z</time></trkpt>
      <trkpt lat="42.743529" lon="-78.841646"><ele>233</ele><time>2026-07-17T15:52:10Z</time></trkpt>
      <trkpt lat="42.743335" lon="-78.841834"><ele>233</ele><time>2026-07-17T15:52:12Z</time></trkpt>
      <trkpt lat="42.743165" lon="-78.842015"><ele>232.46</ele><time>2026-07-17T15:52:14Z</time></trkpt>
      <trkpt lat="42.742833" lon="-78.842473"><ele>232.03</ele><time>2026-07-17T15:52:18Z</time></trkpt>
      <trkpt lat="42.742591" lon="-78.842841"><ele>232</ele><time>2026-07-17T15:52:21Z</time></trkpt>
      <trkpt lat="42.742302" lon="-78.843327"><ele>231.57</ele><time>2026-07-17T15:52:24Z</time></trkpt>
      <trkpt lat="42.742139" lon="-78.843524"><ele>232</ele><time>2026-07-17T15:52:26Z</time></trkpt>
      <trkpt lat="42.741475" lon="-78.844863"><ele>230.91</ele><time>2026-07-17T15:52:32Z</time></trkpt>
      <trkpt lat="42.740694" lon="-78.846769"><ele>229.02</ele><time>2026-07-17T15:52:39Z</time></trkpt>
      <trkpt lat="42.738392" lon="-78.852373"><ele>232.61</ele><time>2026-07-17T15:52:55Z</time></trkpt>
      <trkpt lat="42.737938" lon="-78.85342"><ele>231.95</ele><time>2026-07-17T15:53:00Z</time></trkpt>
      <trkpt lat="42.737346" lon="-78.854725"><ele>231</ele><time>2026-07-17T15:53:06Z</time></trkpt>
      <trkpt lat="42.736848" lon="-78.855797"><ele>230.53</ele><time>2026-07-17T15:53:12Z</time></trkpt>
      <trkpt lat="42.73606" lon="-78.85736"><ele>229.94</ele><time>2026-07-17T15:53:18Z</time></trkpt>
      <trkpt lat="42.734957" lon="-78.859548"><ele>232</ele><time>2026-07-17T15:53:26Z</time></trkpt>
      <trkpt lat="42.733992" lon="-78.861557"><ele>233</ele><time>2026-07-17T15:53:33Z</time></trkpt>
      <trkpt lat="42.733526" lon="-78.86263"><ele>234</ele><time>2026-07-17T15:53:38Z</time></trkpt>
      <trkpt lat="42.732901" lon="-78.864217"><ele>235.02</ele><time>2026-07-17T15:53:45Z</time></trkpt>
      <trkpt lat="42.732107" lon="-78.866363"><ele>237</ele><time>2026-07-17T15:53:53Z</time></trkpt>
      <trkpt lat="42.730689" lon="-78.870603"><ele>239</ele><time>2026-07-17T15:54:07Z</time></trkpt>
      <trkpt lat="42.729837" lon="-78.872783"><ele>237.96</ele><time>2026-07-17T15:54:14Z</time></trkpt>
      <trkpt lat="42.728482" lon="-78.875993"><ele>236.15</ele><time>2026-07-17T15:54:25Z</time></trkpt>
      <trkpt lat="42.727971" lon="-78.877152"><ele>236</ele><time>2026-07-17T15:54:31Z</time></trkpt>
      <trkpt lat="42.727366" lon="-78.87844"><ele>236.87</ele><time>2026-07-17T15:54:37Z</time></trkpt>
      <trkpt lat="42.72637" lon="-78.880482"><ele>236.47</ele><time>2026-07-17T15:54:45Z</time></trkpt>
      <trkpt lat="42.725474" lon="-78.882113"><ele>234.94</ele><time>2026-07-17T15:54:52Z</time></trkpt>
      <trkpt lat="42.722296" lon="-78.887381"><ele>232.57</ele><time>2026-07-17T15:55:10Z</time></trkpt>
      <trkpt lat="42.721798" lon="-78.888207"><ele>233</ele><time>2026-07-17T15:55:15Z</time></trkpt>
      <trkpt lat="42.720751" lon="-78.889975"><ele>234</ele><time>2026-07-17T15:55:23Z</time></trkpt>
      <trkpt lat="42.718917" lon="-78.893297"><ele>235.58</ele><time>2026-07-17T15:55:35Z</time></trkpt>
      <trkpt lat="42.717725" lon="-78.895657"><ele>235.03</ele><time>2026-07-17T15:55:43Z</time></trkpt>
      <trkpt lat="42.715518" lon="-78.900189"><ele>233</ele><time>2026-07-17T15:55:56Z</time></trkpt>
      <trkpt lat="42.714521" lon="-78.902137"><ele>232</ele><time>2026-07-17T15:56:04Z</time></trkpt>
      <trkpt lat="42.713052" lon="-78.904764"><ele>233.68</ele><time>2026-07-17T15:56:13Z</time></trkpt>
      <trkpt lat="42.712263" lon="-78.906069"><ele>233.96</ele><time>2026-07-17T15:56:20Z</time></trkpt>
      <trkpt lat="42.711944" lon="-78.906578"><ele>233.63</ele><time>2026-07-17T15:56:24Z</time></trkpt>
      <trkpt lat="42.710524" lon="-78.908837"><ele>232.9</ele><time>2026-07-17T15:56:32Z</time></trkpt>
      <trkpt lat="42.709564" lon="-78.910231"><ele>231.84</ele><time>2026-07-17T15:56:38Z</time></trkpt>
      <trkpt lat="42.708692" lon="-78.91152"><ele>230.94</ele><time>2026-07-17T15:56:44Z</time></trkpt>
      <trkpt lat="42.705357" lon="-78.916282"><ele>228.07</ele><time>2026-07-17T15:57:03Z</time></trkpt>
      <trkpt lat="42.704645" lon="-78.917252"><ele>227.53</ele><time>2026-07-17T15:57:09Z</time></trkpt>
      <trkpt lat="42.701913" lon="-78.920857"><ele>225.97</ele><time>2026-07-17T15:57:23Z</time></trkpt>
      <trkpt lat="42.698097" lon="-78.925501"><ele>223</ele><time>2026-07-17T15:57:42Z</time></trkpt>
      <trkpt lat="42.696547" lon="-78.927357"><ele>221.78</ele><time>2026-07-17T15:57:50Z</time></trkpt>
      <trkpt lat="42.696159" lon="-78.927822"><ele>222.91</ele><time>2026-07-17T15:57:53Z</time></trkpt>
      <trkpt lat="42.695963" lon="-78.928056"><ele>221.23</ele><time>2026-07-17T15:57:55Z</time></trkpt>
      <trkpt lat="42.694356" lon="-78.929981"><ele>219.64</ele><time>2026-07-17T15:58:03Z</time></trkpt>
      <trkpt lat="42.693607" lon="-78.930785"><ele>219.04</ele><time>2026-07-17T15:58:08Z</time></trkpt>
      <trkpt lat="42.692053" lon="-78.932647"><ele>221.17</ele><time>2026-07-17T15:58:16Z</time></trkpt>
      <trkpt lat="42.69059" lon="-78.93447"><ele>222.58</ele><time>2026-07-17T15:58:23Z</time></trkpt>
      <trkpt lat="42.689745" lon="-78.935448"><ele>223.36</ele><time>2026-07-17T15:58:29Z</time></trkpt>
      <trkpt lat="42.689302" lon="-78.935899"><ele>223.75</ele><time>2026-07-17T15:58:33Z</time></trkpt>
      <trkpt lat="42.688262" lon="-78.936993"><ele>224.45</ele><time>2026-07-17T15:58:39Z</time></trkpt>
      <trkpt lat="42.687392" lon="-78.937809"><ele>225.19</ele><time>2026-07-17T15:58:45Z</time></trkpt>
      <trkpt lat="42.686571" lon="-78.938487"><ele>225</ele><time>2026-07-17T15:58:50Z</time></trkpt>
      <trkpt lat="42.684956" lon="-78.939697"><ele>225</ele><time>2026-07-17T15:58:58Z</time></trkpt>
      <trkpt lat="42.684237" lon="-78.940195"><ele>224.2</ele><time>2026-07-17T15:59:03Z</time></trkpt>
      <trkpt lat="42.680603" lon="-78.942753"><ele>223</ele><time>2026-07-17T15:59:19Z</time></trkpt>
      <trkpt lat="42.677151" lon="-78.945267"><ele>225.38</ele><time>2026-07-17T15:59:33Z</time></trkpt>
      <trkpt lat="42.673769" lon="-78.947885"><ele>227.51</ele><time>2026-07-17T15:59:48Z</time></trkpt>
      <trkpt lat="42.670077" lon="-78.950915"><ele>229.87</ele><time>2026-07-17T16:00:03Z</time></trkpt>
      <trkpt lat="42.666511" lon="-78.953945"><ele>226.71</ele><time>2026-07-17T16:00:20Z</time></trkpt>
      <trkpt lat="42.664302" lon="-78.955945"><ele>225</ele><time>2026-07-17T16:00:30Z</time></trkpt>
      <trkpt lat="42.662963" lon="-78.957249"><ele>226</ele><time>2026-07-17T16:00:38Z</time></trkpt>
      <trkpt lat="42.662251" lon="-78.957919"><ele>225.91</ele><time>2026-07-17T16:00:43Z</time></trkpt>
      <trkpt lat="42.661595" lon="-78.958605"><ele>225.71</ele><time>2026-07-17T16:00:48Z</time></trkpt>
      <trkpt lat="42.660648" lon="-78.959567"><ele>225</ele><time>2026-07-17T16:00:55Z</time></trkpt>
      <trkpt lat="42.658628" lon="-78.961781"><ele>223.82</ele><time>2026-07-17T16:01:04Z</time></trkpt>
      <trkpt lat="42.656482" lon="-78.964348"><ele>226</ele><time>2026-07-17T16:01:14Z</time></trkpt>
      <trkpt lat="42.655636" lon="-78.965326"><ele>226.84</ele><time>2026-07-17T16:01:20Z</time></trkpt>
      <trkpt lat="42.654841" lon="-78.966176"><ele>227.86</ele><time>2026-07-17T16:01:26Z</time></trkpt>
      <trkpt lat="42.651299" lon="-78.969755"><ele>229.94</ele><time>2026-07-17T16:01:41Z</time></trkpt>
      <trkpt lat="42.649582" lon="-78.971669"><ele>228</ele><time>2026-07-17T16:01:49Z</time></trkpt>
      <trkpt lat="42.648957" lon="-78.972441"><ele>227</ele><time>2026-07-17T16:01:54Z</time></trkpt>
      <trkpt lat="42.648383" lon="-78.973188"><ele>226.91</ele><time>2026-07-17T16:01:59Z</time></trkpt>
      <trkpt lat="42.647834" lon="-78.973952"><ele>227.97</ele><time>2026-07-17T16:02:04Z</time></trkpt>
      <trkpt lat="42.646596" lon="-78.975737"><ele>230</ele><time>2026-07-17T16:02:12Z</time></trkpt>
      <trkpt lat="42.64587" lon="-78.976733"><ele>231</ele><time>2026-07-17T16:02:17Z</time></trkpt>
      <trkpt lat="42.645283" lon="-78.977505"><ele>232</ele><time>2026-07-17T16:02:22Z</time></trkpt>
      <trkpt lat="42.644683" lon="-78.978269"><ele>232.91</ele><time>2026-07-17T16:02:27Z</time></trkpt>
      <trkpt lat="42.643913" lon="-78.979162"><ele>232.48</ele><time>2026-07-17T16:02:32Z</time></trkpt>
      <trkpt lat="42.641886" lon="-78.981419"><ele>228.21</ele><time>2026-07-17T16:02:41Z</time></trkpt>
      <trkpt lat="42.640807" lon="-78.982707"><ele>226.84</ele><time>2026-07-17T16:02:47Z</time></trkpt>
      <trkpt lat="42.639651" lon="-78.984209"><ele>225.92</ele><time>2026-07-17T16:02:54Z</time></trkpt>
      <trkpt lat="42.638559" lon="-78.985797"><ele>224.9</ele><time>2026-07-17T16:03:01Z</time></trkpt>
      <trkpt lat="42.637838" lon="-78.986863"><ele>223.95</ele><time>2026-07-17T16:03:07Z</time></trkpt>
      <trkpt lat="42.637611" lon="-78.987231"><ele>224</ele><time>2026-07-17T16:03:10Z</time></trkpt>
      <trkpt lat="42.636981" lon="-78.988184"><ele>223.19</ele><time>2026-07-17T16:03:15Z</time></trkpt>
      <trkpt lat="42.635154" lon="-78.990734"><ele>222</ele><time>2026-07-17T16:03:24Z</time></trkpt>
      <trkpt lat="42.634025" lon="-78.992182"><ele>220.97</ele><time>2026-07-17T16:03:31Z</time></trkpt>
      <trkpt lat="42.633678" lon="-78.992603"><ele>220.34</ele><time>2026-07-17T16:03:35Z</time></trkpt>
      <trkpt lat="42.63292" lon="-78.99341"><ele>219.05</ele><time>2026-07-17T16:03:40Z</time></trkpt>
      <trkpt lat="42.631878" lon="-78.994568"><ele>217.24</ele><time>2026-07-17T16:03:47Z</time></trkpt>
      <trkpt lat="42.631304" lon="-78.995204"><ele>216.05</ele><time>2026-07-17T16:03:51Z</time></trkpt>
      <trkpt lat="42.628056" lon="-78.998812"><ele>217.98</ele><time>2026-07-17T16:04:06Z</time></trkpt>
      <trkpt lat="42.623761" lon="-79.003618"><ele>220.53</ele><time>2026-07-17T16:04:24Z</time></trkpt>
      <trkpt lat="42.621488" lon="-79.006279"><ele>222</ele><time>2026-07-17T16:04:34Z</time></trkpt>
      <trkpt lat="42.619151" lon="-79.00924"><ele>223.56</ele><time>2026-07-17T16:04:45Z</time></trkpt>
      <trkpt lat="42.61713" lon="-79.011987"><ele>219.34</ele><time>2026-07-17T16:04:55Z</time></trkpt>
      <trkpt lat="42.615014" lon="-79.015034"><ele>215</ele><time>2026-07-17T16:05:07Z</time></trkpt>
      <trkpt lat="42.613374" lon="-79.017351"><ele>211.45</ele><time>2026-07-17T16:05:15Z</time></trkpt>
      <trkpt lat="42.612645" lon="-79.018381"><ele>211.46</ele><time>2026-07-17T16:05:21Z</time></trkpt>
      <trkpt lat="42.611634" lon="-79.019755"><ele>211.87</ele><time>2026-07-17T16:05:28Z</time></trkpt>
      <trkpt lat="42.610497" lon="-79.021128"><ele>212.87</ele><time>2026-07-17T16:05:36Z</time></trkpt>
      <trkpt lat="42.609329" lon="-79.022372"><ele>214</ele><time>2026-07-17T16:05:42Z</time></trkpt>
      <trkpt lat="42.607812" lon="-79.024046"><ele>215</ele><time>2026-07-17T16:05:51Z</time></trkpt>
      <trkpt lat="42.606296" lon="-79.02572"><ele>211.78</ele><time>2026-07-17T16:05:58Z</time></trkpt>
      <trkpt lat="42.604654" lon="-79.027651"><ele>207</ele><time>2026-07-17T16:06:05Z</time></trkpt>
      <trkpt lat="42.604293" lon="-79.028154"><ele>206.06</ele><time>2026-07-17T16:06:09Z</time></trkpt>
      <trkpt lat="42.60339" lon="-79.029411"><ele>207.5</ele><time>2026-07-17T16:06:15Z</time></trkpt>
      <trkpt lat="42.601906" lon="-79.031814"><ele>210</ele><time>2026-07-17T16:06:24Z</time></trkpt>
      <trkpt lat="42.600705" lon="-79.033917"><ele>211.98</ele><time>2026-07-17T16:06:32Z</time></trkpt>
      <trkpt lat="42.598547" lon="-79.038387"><ele>210.67</ele><time>2026-07-17T16:06:48Z</time></trkpt>
      <trkpt lat="42.596328" lon="-79.042984"><ele>205.94</ele><time>2026-07-17T16:07:04Z</time></trkpt>
      <trkpt lat="42.594987" lon="-79.045761"><ele>206.49</ele><time>2026-07-17T16:07:14Z</time></trkpt>
      <trkpt lat="42.594103" lon="-79.047478"><ele>207</ele><time>2026-07-17T16:07:21Z</time></trkpt>
      <trkpt lat="42.593313" lon="-79.048808"><ele>207.46</ele><time>2026-07-17T16:07:28Z</time></trkpt>
      <trkpt lat="42.592491" lon="-79.050139"><ele>206</ele><time>2026-07-17T16:07:34Z</time></trkpt>
      <trkpt lat="42.591733" lon="-79.051212"><ele>204.96</ele><time>2026-07-17T16:07:40Z</time></trkpt>
      <trkpt lat="42.590343" lon="-79.0531"><ele>203.76</ele><time>2026-07-17T16:07:48Z</time></trkpt>
      <trkpt lat="42.588732" lon="-79.055031"><ele>202.21</ele><time>2026-07-17T16:07:56Z</time></trkpt>
      <trkpt lat="42.587436" lon="-79.056619"><ele>201.77</ele><time>2026-07-17T16:08:04Z</time></trkpt>
      <trkpt lat="42.586394" lon="-79.057949"><ele>201</ele><time>2026-07-17T16:08:10Z</time></trkpt>
      <trkpt lat="42.585319" lon="-79.059408"><ele>201.96</ele><time>2026-07-17T16:08:17Z</time></trkpt>
      <trkpt lat="42.584119" lon="-79.061168"><ele>203</ele><time>2026-07-17T16:08:24Z</time></trkpt>
      <trkpt lat="42.583391" lon="-79.062329"><ele>204</ele><time>2026-07-17T16:08:30Z</time></trkpt>
      <trkpt lat="42.582539" lon="-79.063743"><ele>204.05</ele><time>2026-07-17T16:08:36Z</time></trkpt>
      <trkpt lat="42.582065" lon="-79.064601"><ele>204.56</ele><time>2026-07-17T16:08:41Z</time></trkpt>
      <trkpt lat="42.581591" lon="-79.065459"><ele>203.06</ele><time>2026-07-17T16:08:46Z</time></trkpt>
      <trkpt lat="42.580548" lon="-79.067562"><ele>199.95</ele><time>2026-07-17T16:08:54Z</time></trkpt>
      <trkpt lat="42.579789" lon="-79.06915"><ele>197.07</ele><time>2026-07-17T16:09:00Z</time></trkpt>
      <trkpt lat="42.579063" lon="-79.07091"><ele>194.02</ele><time>2026-07-17T16:09:07Z</time></trkpt>
      <trkpt lat="42.577799" lon="-79.074042"><ele>198</ele><time>2026-07-17T16:09:17Z</time></trkpt>
      <trkpt lat="42.577135" lon="-79.075502"><ele>199.94</ele><time>2026-07-17T16:09:23Z</time></trkpt>
      <trkpt lat="42.576535" lon="-79.076789"><ele>201.86</ele><time>2026-07-17T16:09:29Z</time></trkpt>
      <trkpt lat="42.575839" lon="-79.078034"><ele>204</ele><time>2026-07-17T16:09:35Z</time></trkpt>
      <trkpt lat="42.574986" lon="-79.079536"><ele>205.86</ele><time>2026-07-17T16:09:41Z</time></trkpt>
      <trkpt lat="42.573912" lon="-79.081252"><ele>204.4</ele><time>2026-07-17T16:09:48Z</time></trkpt>
      <trkpt lat="42.573034" lon="-79.082448"><ele>203</ele><time>2026-07-17T16:09:55Z</time></trkpt>
      <trkpt lat="42.572458" lon="-79.083269"><ele>202</ele><time>2026-07-17T16:10:00Z</time></trkpt>
      <trkpt lat="42.570198" lon="-79.085933"><ele>195.9</ele><time>2026-07-17T16:10:11Z</time></trkpt>
      <trkpt lat="42.568976" lon="-79.087362"><ele>190.85</ele><time>2026-07-17T16:10:18Z</time></trkpt>
      <trkpt lat="42.563989" lon="-79.093144"><ele>184.62</ele><time>2026-07-17T16:10:42Z</time></trkpt>
      <trkpt lat="42.56013" lon="-79.097538"><ele>181.61</ele><time>2026-07-17T16:11:00Z</time></trkpt>
      <trkpt lat="42.555926" lon="-79.102324"><ele>182.18</ele><time>2026-07-17T16:11:19Z</time></trkpt>
      <trkpt lat="42.555074" lon="-79.103353"><ele>183.25</ele><time>2026-07-17T16:11:25Z</time></trkpt>
      <trkpt lat="42.554133" lon="-79.104425"><ele>187.45</ele><time>2026-07-17T16:11:31Z</time></trkpt>
      <trkpt lat="42.550593" lon="-79.108696"><ele>205</ele><time>2026-07-17T16:11:47Z</time></trkpt>
      <trkpt lat="42.549257" lon="-79.110421"><ele>211</ele><time>2026-07-17T16:11:55Z</time></trkpt>
      <trkpt lat="42.548493" lon="-79.111407"><ele>212</ele><time>2026-07-17T16:12:00Z</time></trkpt>
      <trkpt lat="42.548106" lon="-79.111882"><ele>213</ele><time>2026-07-17T16:12:03Z</time></trkpt>
      <trkpt lat="42.545781" lon="-79.114734"><ele>211.78</ele><time>2026-07-17T16:12:14Z</time></trkpt>
      <trkpt lat="42.541225" lon="-79.120348"><ele>215.1</ele><time>2026-07-17T16:12:37Z</time></trkpt>
      <trkpt lat="42.536585" lon="-79.126014"><ele>219.87</ele><time>2026-07-17T16:13:01Z</time></trkpt>
      <trkpt lat="42.534971" lon="-79.127985"><ele>218.94</ele><time>2026-07-17T16:13:10Z</time></trkpt>
      <trkpt lat="42.531743" lon="-79.131926"><ele>222.87</ele><time>2026-07-17T16:13:26Z</time></trkpt>
      <trkpt lat="42.529536" lon="-79.134648"><ele>232.58</ele><time>2026-07-17T16:13:36Z</time></trkpt>
      <trkpt lat="42.528165" lon="-79.136398"><ele>234</ele><time>2026-07-17T16:13:44Z</time></trkpt>
      <trkpt lat="42.52709" lon="-79.137986"><ele>234.3</ele><time>2026-07-17T16:13:52Z</time></trkpt>
      <trkpt lat="42.52388" lon="-79.1429"><ele>232.88</ele><time>2026-07-17T16:14:10Z</time></trkpt>
      <trkpt lat="42.522453" lon="-79.145084"><ele>235.65</ele><time>2026-07-17T16:14:19Z</time></trkpt>
      <trkpt lat="42.521026" lon="-79.147268"><ele>236</ele><time>2026-07-17T16:14:27Z</time></trkpt>
      <trkpt lat="42.520068" lon="-79.148758"><ele>235</ele><time>2026-07-17T16:14:33Z</time></trkpt>
      <trkpt lat="42.519404" lon="-79.149917"><ele>235</ele><time>2026-07-17T16:14:38Z</time></trkpt>
      <trkpt lat="42.51825" lon="-79.152228"><ele>232.9</ele><time>2026-07-17T16:14:47Z</time></trkpt>
      <trkpt lat="42.518105" lon="-79.152517"><ele>230.78</ele><time>2026-07-17T16:14:49Z</time></trkpt>
      <trkpt lat="42.516304" lon="-79.15614"><ele>230.47</ele><time>2026-07-17T16:15:02Z</time></trkpt>
      <trkpt lat="42.515355" lon="-79.158028"><ele>230.24</ele><time>2026-07-17T16:15:09Z</time></trkpt>
      <trkpt lat="42.514691" lon="-79.159444"><ele>230.08</ele><time>2026-07-17T16:15:15Z</time></trkpt>
      <trkpt lat="42.514216" lon="-79.160689"><ele>229.94</ele><time>2026-07-17T16:15:21Z</time></trkpt>
      <trkpt lat="42.513837" lon="-79.161933"><ele>229.8</ele><time>2026-07-17T16:15:26Z</time></trkpt>
      <trkpt lat="42.513426" lon="-79.163392"><ele>229.64</ele><time>2026-07-17T16:15:32Z</time></trkpt>
      <trkpt lat="42.513141" lon="-79.164894"><ele>229.48</ele><time>2026-07-17T16:15:38Z</time></trkpt>
      <trkpt lat="42.512983" lon="-79.166225"><ele>229.33</ele><time>2026-07-17T16:15:44Z</time></trkpt>
      <trkpt lat="42.512875" lon="-79.16734"><ele>229.21</ele><time>2026-07-17T16:15:49Z</time></trkpt>
      <trkpt lat="42.512799" lon="-79.168508"><ele>229.09</ele><time>2026-07-17T16:15:54Z</time></trkpt>
      <trkpt lat="42.512704" lon="-79.170482"><ele>228.88</ele><time>2026-07-17T16:16:00Z</time></trkpt>
      <trkpt lat="42.512685" lon="-79.1714"><ele>228.78</ele><time>2026-07-17T16:16:04Z</time></trkpt>
      <trkpt lat="42.512687" lon="-79.173101"><ele>230.82</ele><time>2026-07-17T16:16:10Z</time></trkpt>
      <trkpt lat="42.512668" lon="-79.177105"><ele>229.77</ele><time>2026-07-17T16:16:20Z</time></trkpt>
      <trkpt lat="42.512685" lon="-79.181717"><ele>228.58</ele><time>2026-07-17T16:16:32Z</time></trkpt>
      <trkpt lat="42.512679" lon="-79.188764"><ele>226.76</ele><time>2026-07-17T16:16:53Z</time></trkpt>
      <trkpt lat="42.512635" lon="-79.193553"><ele>225.53</ele><time>2026-07-17T16:17:07Z</time></trkpt>
      <trkpt lat="42.512584" lon="-79.19454"><ele>225.28</ele><time>2026-07-17T16:17:12Z</time></trkpt>
      <trkpt lat="42.512508" lon="-79.195501"><ele>225.04</ele><time>2026-07-17T16:17:16Z</time></trkpt>
      <trkpt lat="42.512394" lon="-79.196592"><ele>224.76</ele><time>2026-07-17T16:17:21Z</time></trkpt>
      <trkpt lat="42.512129" lon="-79.198205"><ele>224.34</ele><time>2026-07-17T16:17:28Z</time></trkpt>
      <trkpt lat="42.511913" lon="-79.199192"><ele>224.08</ele><time>2026-07-17T16:17:33Z</time></trkpt>
      <trkpt lat="42.511698" lon="-79.200076"><ele>223.85</ele><time>2026-07-17T16:17:38Z</time></trkpt>
      <trkpt lat="42.511426" lon="-79.201055"><ele>223.59</ele><time>2026-07-17T16:17:43Z</time></trkpt>
      <trkpt lat="42.511085" lon="-79.20211"><ele>223.3</ele><time>2026-07-17T16:17:48Z</time></trkpt>
      <trkpt lat="42.509227" lon="-79.206805"><ele>222</ele><time>2026-07-17T16:18:04Z</time></trkpt>
      <trkpt lat="42.508389" lon="-79.20896"><ele>221.12</ele><time>2026-07-17T16:18:11Z</time></trkpt>
      <trkpt lat="42.507737" lon="-79.210601"><ele>219.78</ele><time>2026-07-17T16:18:17Z</time></trkpt>
      <trkpt lat="42.506171" lon="-79.214539"><ele>220</ele><time>2026-07-17T16:18:30Z</time></trkpt>
      <trkpt lat="42.505521" lon="-79.216175"><ele>217.94</ele><time>2026-07-17T16:18:37Z</time></trkpt>
      <trkpt lat="42.50307" lon="-79.222318"><ele>220.51</ele><time>2026-07-17T16:18:57Z</time></trkpt>
      <trkpt lat="42.502177" lon="-79.224575"><ele>218.59</ele><time>2026-07-17T16:19:04Z</time></trkpt>
      <trkpt lat="42.50154" lon="-79.226186"><ele>218.98</ele><time>2026-07-17T16:19:10Z</time></trkpt>
      <trkpt lat="42.501412" lon="-79.226508"><ele>217.35</ele><time>2026-07-17T16:19:12Z</time></trkpt>
      <trkpt lat="42.500138" lon="-79.229731"><ele>217.67</ele><time>2026-07-17T16:19:22Z</time></trkpt>
      <trkpt lat="42.498784" lon="-79.233121"><ele>218</ele><time>2026-07-17T16:19:32Z</time></trkpt>
      <trkpt lat="42.498423" lon="-79.233954"><ele>217.41</ele><time>2026-07-17T16:19:36Z</time></trkpt>
      <trkpt lat="42.498037" lon="-79.234803"><ele>217.24</ele><time>2026-07-17T16:19:40Z</time></trkpt>
      <trkpt lat="42.49767" lon="-79.235567"><ele>217.03</ele><time>2026-07-17T16:19:44Z</time></trkpt>
      <trkpt lat="42.497316" lon="-79.236297"><ele>216.6</ele><time>2026-07-17T16:19:49Z</time></trkpt>
      <trkpt lat="42.49702" lon="-79.236869"><ele>218.51</ele><time>2026-07-17T16:19:53Z</time></trkpt>
      <trkpt lat="42.496873" lon="-79.237155"><ele>216.8</ele><time>2026-07-17T16:19:55Z</time></trkpt>
      <trkpt lat="42.496366" lon="-79.238108"><ele>217.05</ele><time>2026-07-17T16:20:00Z</time></trkpt>
      <trkpt lat="42.495069" lon="-79.240305"><ele>218.22</ele><time>2026-07-17T16:20:08Z</time></trkpt>
      <trkpt lat="42.493125" lon="-79.243315"><ele>218.82</ele><time>2026-07-17T16:20:18Z</time></trkpt>
      <trkpt lat="42.489188" lon="-79.249355"><ele>219.73</ele><time>2026-07-17T16:20:38Z</time></trkpt>
      <trkpt lat="42.486645" lon="-79.253248"><ele>219</ele><time>2026-07-17T16:20:52Z</time></trkpt>
      <trkpt lat="42.485187" lon="-79.255494"><ele>217.42</ele><time>2026-07-17T16:21:00Z</time></trkpt>
      <trkpt lat="42.482815" lon="-79.259144"><ele>220.6</ele><time>2026-07-17T16:21:14Z</time></trkpt>
      <trkpt lat="42.481708" lon="-79.260836"><ele>219</ele><time>2026-07-17T16:21:22Z</time></trkpt>
      <trkpt lat="42.481277" lon="-79.261514"><ele>219</ele><time>2026-07-17T16:21:26Z</time></trkpt>
      <trkpt lat="42.480948" lon="-79.262055"><ele>218.87</ele><time>2026-07-17T16:21:30Z</time></trkpt>
      <trkpt lat="42.480625" lon="-79.262612"><ele>218</ele><time>2026-07-17T16:21:33Z</time></trkpt>
      <trkpt lat="42.480372" lon="-79.263102"><ele>217.91</ele><time>2026-07-17T16:21:36Z</time></trkpt>
      <trkpt lat="42.480056" lon="-79.263685"><ele>217.99</ele><time>2026-07-17T16:21:40Z</time></trkpt>
      <trkpt lat="42.479917" lon="-79.263973"><ele>217</ele><time>2026-07-17T16:21:42Z</time></trkpt>
      <trkpt lat="42.477092" lon="-79.26983"><ele>218</ele><time>2026-07-17T16:22:00Z</time></trkpt>
      <trkpt lat="42.475337" lon="-79.273484"><ele>220</ele><time>2026-07-17T16:22:12Z</time></trkpt>
      <trkpt lat="42.473872" lon="-79.276534"><ele>218.98</ele><time>2026-07-17T16:22:22Z</time></trkpt>
      <trkpt lat="42.472989" lon="-79.27837"><ele>220.54</ele><time>2026-07-17T16:22:30Z</time></trkpt>
      <trkpt lat="42.472694" lon="-79.278982"><ele>219.5</ele><time>2026-07-17T16:22:34Z</time></trkpt>
      <trkpt lat="42.471074" lon="-79.282348"><ele>220.55</ele><time>2026-07-17T16:22:45Z</time></trkpt>
      <trkpt lat="42.468748" lon="-79.28716"><ele>221.94</ele><time>2026-07-17T16:22:59Z</time></trkpt>
      <trkpt lat="42.46647" lon="-79.291872"><ele>221</ele><time>2026-07-17T16:23:15Z</time></trkpt>
      <trkpt lat="42.465716" lon="-79.293391"><ele>220.71</ele><time>2026-07-17T16:23:21Z</time></trkpt>
      <trkpt lat="42.465355" lon="-79.294198"><ele>221.11</ele><time>2026-07-17T16:23:26Z</time></trkpt>
      <trkpt lat="42.465016" lon="-79.295029"><ele>220.64</ele><time>2026-07-17T16:23:31Z</time></trkpt>
      <trkpt lat="42.464767" lon="-79.295692"><ele>220.68</ele><time>2026-07-17T16:23:35Z</time></trkpt>
      <trkpt lat="42.464133" lon="-79.297486"><ele>221.06</ele><time>2026-07-17T16:23:42Z</time></trkpt>
      <trkpt lat="42.463697" lon="-79.298962"><ele>221.97</ele><time>2026-07-17T16:23:48Z</time></trkpt>
      <trkpt lat="42.463304" lon="-79.300412"><ele>222</ele><time>2026-07-17T16:23:55Z</time></trkpt>
      <trkpt lat="42.462987" lon="-79.301871"><ele>221</ele><time>2026-07-17T16:24:01Z</time></trkpt>
      <trkpt lat="42.462835" lon="-79.30267"><ele>219.94</ele><time>2026-07-17T16:24:06Z</time></trkpt>
      <trkpt lat="42.462589" lon="-79.30412"><ele>218.79</ele><time>2026-07-17T16:24:11Z</time></trkpt>
      <trkpt lat="42.462378" lon="-79.305797"><ele>217</ele><time>2026-07-17T16:24:17Z</time></trkpt>
      <trkpt lat="42.462272" lon="-79.306824"><ele>216.81</ele><time>2026-07-17T16:24:22Z</time></trkpt>
      <trkpt lat="42.462114" lon="-79.308575"><ele>215.56</ele><time>2026-07-17T16:24:28Z</time></trkpt>
      <trkpt lat="42.461818" lon="-79.31214"><ele>213.77</ele><time>2026-07-17T16:24:39Z</time></trkpt>
      <trkpt lat="42.461398" lon="-79.316557"><ele>214.62</ele><time>2026-07-17T16:24:52Z</time></trkpt>
      <trkpt lat="42.461133" lon="-79.318607"><ele>215.02</ele><time>2026-07-17T16:24:59Z</time></trkpt>
      <trkpt lat="42.460941" lon="-79.319872"><ele>215.27</ele><time>2026-07-17T16:25:04Z</time></trkpt>
      <trkpt lat="42.460263" lon="-79.323719"><ele>216.02</ele><time>2026-07-17T16:25:14Z</time></trkpt>
      <trkpt lat="42.460071" lon="-79.324709"><ele>216.51</ele><time>2026-07-17T16:25:18Z</time></trkpt>
      <trkpt lat="42.459639" lon="-79.327252"><ele>214.13</ele><time>2026-07-17T16:25:26Z</time></trkpt>
      <trkpt lat="42.459524" lon="-79.32841"><ele>213.05</ele><time>2026-07-17T16:25:31Z</time></trkpt>
      <trkpt lat="42.459378" lon="-79.329569"><ele>211.97</ele><time>2026-07-17T16:25:36Z</time></trkpt>
      <trkpt lat="42.45929" lon="-79.330608"><ele>211</ele><time>2026-07-17T16:25:41Z</time></trkpt>
      <trkpt lat="42.459207" lon="-79.331783"><ele>209.91</ele><time>2026-07-17T16:25:46Z</time></trkpt>
      <trkpt lat="42.459142" lon="-79.333709"><ele>208.13</ele><time>2026-07-17T16:25:52Z</time></trkpt>
      <trkpt lat="42.459157" lon="-79.343508"><ele>201.91</ele><time>2026-07-17T16:26:19Z</time></trkpt>
      <trkpt lat="42.45915" lon="-79.346194"><ele>200.05</ele><time>2026-07-17T16:26:26Z</time></trkpt>
      <trkpt lat="42.459112" lon="-79.349447"><ele>197.79</ele><time>2026-07-17T16:26:34Z</time></trkpt>
      <trkpt lat="42.459074" lon="-79.350718"><ele>196.91</ele><time>2026-07-17T16:26:40Z</time></trkpt>
      <trkpt lat="42.45903" lon="-79.351602"><ele>196.3</ele><time>2026-07-17T16:26:44Z</time></trkpt>
      <trkpt lat="42.458948" lon="-79.352692"><ele>195.54</ele><time>2026-07-17T16:26:49Z</time></trkpt>
      <trkpt lat="42.458846" lon="-79.35379"><ele>194.77</ele><time>2026-07-17T16:26:54Z</time></trkpt>
      <trkpt lat="42.458707" lon="-79.354838"><ele>194.04</ele><time>2026-07-17T16:26:59Z</time></trkpt>
      <trkpt lat="42.458549" lon="-79.35591"><ele>193.29</ele><time>2026-07-17T16:27:04Z</time></trkpt>
      <trkpt lat="42.458371" lon="-79.356898"><ele>192.59</ele><time>2026-07-17T16:27:09Z</time></trkpt>
      <trkpt lat="42.458169" lon="-79.357876"><ele>191.9</ele><time>2026-07-17T16:27:14Z</time></trkpt>
      <trkpt lat="42.457941" lon="-79.358906"><ele>191.5</ele><time>2026-07-17T16:27:19Z</time></trkpt>
      <trkpt lat="42.457561" lon="-79.360322"><ele>190.96</ele><time>2026-07-17T16:27:26Z</time></trkpt>
      <trkpt lat="42.457258" lon="-79.361137"><ele>190.64</ele><time>2026-07-17T16:27:31Z</time></trkpt>
      <trkpt lat="42.457166" lon="-79.361431"><ele>190.47</ele><time>2026-07-17T16:27:33Z</time></trkpt>
      <trkpt lat="42.456839" lon="-79.362588"><ele>190.86</ele><time>2026-07-17T16:27:39Z</time></trkpt>
      <trkpt lat="42.45644" lon="-79.363661"><ele>191.23</ele><time>2026-07-17T16:27:45Z</time></trkpt>
      <trkpt lat="42.456022" lon="-79.3647"><ele>191.59</ele><time>2026-07-17T16:27:51Z</time></trkpt>
      <trkpt lat="42.455477" lon="-79.365927"><ele>192.02</ele><time>2026-07-17T16:27:57Z</time></trkpt>
      <trkpt lat="42.455053" lon="-79.366845"><ele>192.34</ele><time>2026-07-17T16:28:02Z</time></trkpt>
      <trkpt lat="42.454654" lon="-79.367626"><ele>192.62</ele><time>2026-07-17T16:28:06Z</time></trkpt>
      <trkpt lat="42.453869" lon="-79.369008"><ele>193.12</ele><time>2026-07-17T16:28:13Z</time></trkpt>
      <trkpt lat="42.452957" lon="-79.370433"><ele>193.66</ele><time>2026-07-17T16:28:19Z</time></trkpt>
      <trkpt lat="42.452425" lon="-79.37118"><ele>193.95</ele><time>2026-07-17T16:28:24Z</time></trkpt>
      <trkpt lat="42.451659" lon="-79.372193"><ele>194.35</ele><time>2026-07-17T16:28:30Z</time></trkpt>
      <trkpt lat="42.451" lon="-79.372991"><ele>194.67</ele><time>2026-07-17T16:28:35Z</time></trkpt>
      <trkpt lat="42.450386" lon="-79.373677"><ele>194.96</ele><time>2026-07-17T16:28:40Z</time></trkpt>
      <trkpt lat="42.449024" lon="-79.375042"><ele>195.56</ele><time>2026-07-17T16:28:48Z</time></trkpt>
      <trkpt lat="42.448296" lon="-79.375686"><ele>195.86</ele><time>2026-07-17T16:28:54Z</time></trkpt>
      <trkpt lat="42.447466" lon="-79.37639"><ele>196.2</ele><time>2026-07-17T16:28:59Z</time></trkpt>
      <trkpt lat="42.44613" lon="-79.377368"><ele>196.71</ele><time>2026-07-17T16:29:06Z</time></trkpt>
      <trkpt lat="42.443843" lon="-79.37899"><ele>197.58</ele><time>2026-07-17T16:29:16Z</time></trkpt>
      <trkpt lat="42.441215" lon="-79.381033"><ele>198.63</ele><time>2026-07-17T16:29:27Z</time></trkpt>
      <trkpt lat="42.439181" lon="-79.38281"><ele>199.5</ele><time>2026-07-17T16:29:36Z</time></trkpt>
      <trkpt lat="42.437991" lon="-79.383951"><ele>200.03</ele><time>2026-07-17T16:29:43Z</time></trkpt>
      <trkpt lat="42.436407" lon="-79.385548"><ele>200.75</ele><time>2026-07-17T16:29:51Z</time></trkpt>
      <trkpt lat="42.434925" lon="-79.387144"><ele>201.45</ele><time>2026-07-17T16:29:59Z</time></trkpt>
      <trkpt lat="42.431447" lon="-79.391075"><ele>203.15</ele><time>2026-07-17T16:30:15Z</time></trkpt>
      <trkpt lat="42.429787" lon="-79.392981"><ele>203.96</ele><time>2026-07-17T16:30:23Z</time></trkpt>
      <trkpt lat="42.428697" lon="-79.394165"><ele>204.48</ele><time>2026-07-17T16:30:30Z</time></trkpt>
      <trkpt lat="42.427449" lon="-79.395453"><ele>205.06</ele><time>2026-07-17T16:30:37Z</time></trkpt>
      <trkpt lat="42.426322" lon="-79.396551"><ele>205.57</ele><time>2026-07-17T16:30:43Z</time></trkpt>
      <trkpt lat="42.42463" lon="-79.398045"><ele>206.3</ele><time>2026-07-17T16:30:50Z</time></trkpt>
      <trkpt lat="42.422628" lon="-79.399847"><ele>207.16</ele><time>2026-07-17T16:30:59Z</time></trkpt>
      <trkpt lat="42.421779" lon="-79.400637"><ele>207.54</ele><time>2026-07-17T16:31:05Z</time></trkpt>
      <trkpt lat="42.421253" lon="-79.401169"><ele>207.78</ele><time>2026-07-17T16:31:09Z</time></trkpt>
      <trkpt lat="42.420771" lon="-79.401684"><ele>208</ele><time>2026-07-17T16:31:13Z</time></trkpt>
      <trkpt lat="42.420398" lon="-79.402122"><ele>208.19</ele><time>2026-07-17T16:31:17Z</time></trkpt>
      <trkpt lat="42.419764" lon="-79.402894"><ele>208.51</ele><time>2026-07-17T16:31:22Z</time></trkpt>
      <trkpt lat="42.418719" lon="-79.404336"><ele>209</ele><time>2026-07-17T16:31:29Z</time></trkpt>
      <trkpt lat="42.41825" lon="-79.40504"><ele>210</ele><time>2026-07-17T16:31:34Z</time></trkpt>
      <trkpt lat="42.417698" lon="-79.405958"><ele>211</ele><time>2026-07-17T16:31:39Z</time></trkpt>
      <trkpt lat="42.41728" lon="-79.406679"><ele>211</ele><time>2026-07-17T16:31:43Z</time></trkpt>
      <trkpt lat="42.416799" lon="-79.407598"><ele>211.83</ele><time>2026-07-17T16:31:48Z</time></trkpt>
      <trkpt lat="42.416203" lon="-79.408851"><ele>212.36</ele><time>2026-07-17T16:31:53Z</time></trkpt>
      <trkpt lat="42.415683" lon="-79.410078"><ele>212.94</ele><time>2026-07-17T16:31:59Z</time></trkpt>
      <trkpt lat="42.415233" lon="-79.411254"><ele>212</ele><time>2026-07-17T16:32:05Z</time></trkpt>
      <trkpt lat="42.41479" lon="-79.412593"><ele>211.49</ele><time>2026-07-17T16:32:11Z</time></trkpt>
      <trkpt lat="42.414416" lon="-79.413949"><ele>210.8</ele><time>2026-07-17T16:32:17Z</time></trkpt>
      <trkpt lat="42.414067" lon="-79.415383"><ele>209.94</ele><time>2026-07-17T16:32:23Z</time></trkpt>
      <trkpt lat="42.413789" lon="-79.416833"><ele>209</ele><time>2026-07-17T16:32:29Z</time></trkpt>
      <trkpt lat="42.413599" lon="-79.418026"><ele>209</ele><time>2026-07-17T16:32:35Z</time></trkpt>
      <trkpt lat="42.413446" lon="-79.419331"><ele>210.83</ele><time>2026-07-17T16:32:41Z</time></trkpt>
      <trkpt lat="42.413339" lon="-79.420429"><ele>212</ele><time>2026-07-17T16:32:46Z</time></trkpt>
      <trkpt lat="42.413131" lon="-79.423827"><ele>214.68</ele><time>2026-07-17T16:32:55Z</time></trkpt>
      <trkpt lat="42.413012" lon="-79.425753"><ele>214.14</ele><time>2026-07-17T16:33:02Z</time></trkpt>
      <trkpt lat="42.412951" lon="-79.42664"><ele>213</ele><time>2026-07-17T16:33:07Z</time></trkpt>
      <trkpt lat="42.412878" lon="-79.427431"><ele>211.64</ele><time>2026-07-17T16:33:11Z</time></trkpt>
      <trkpt lat="42.412799" lon="-79.428084"><ele>210.97</ele><time>2026-07-17T16:33:15Z</time></trkpt>
      <trkpt lat="42.412716" lon="-79.428928"><ele>209.68</ele><time>2026-07-17T16:33:19Z</time></trkpt>
      <trkpt lat="42.412383" lon="-79.430895"><ele>206.79</ele><time>2026-07-17T16:33:26Z</time></trkpt>
      <trkpt lat="42.412131" lon="-79.432002"><ele>206.8</ele><time>2026-07-17T16:33:31Z</time></trkpt>
      <trkpt lat="42.411899" lon="-79.433055"><ele>206</ele><time>2026-07-17T16:33:36Z</time></trkpt>
      <trkpt lat="42.411583" lon="-79.434208"><ele>205.49</ele><time>2026-07-17T16:33:41Z</time></trkpt>
      <trkpt lat="42.411262" lon="-79.43515"><ele>204.95</ele><time>2026-07-17T16:33:46Z</time></trkpt>
      <trkpt lat="42.410972" lon="-79.436009"><ele>205</ele><time>2026-07-17T16:33:51Z</time></trkpt>
      <trkpt lat="42.41067" lon="-79.436787"><ele>204.3</ele><time>2026-07-17T16:33:55Z</time></trkpt>
      <trkpt lat="42.410317" lon="-79.437665"><ele>203.58</ele><time>2026-07-17T16:33:59Z</time></trkpt>
      <trkpt lat="42.409938" lon="-79.438483"><ele>203.59</ele><time>2026-07-17T16:34:03Z</time></trkpt>
      <trkpt lat="42.409524" lon="-79.439304"><ele>203</ele><time>2026-07-17T16:34:08Z</time></trkpt>
      <trkpt lat="42.409118" lon="-79.440076"><ele>203</ele><time>2026-07-17T16:34:13Z</time></trkpt>
      <trkpt lat="42.40866" lon="-79.440832"><ele>203</ele><time>2026-07-17T16:34:18Z</time></trkpt>
      <trkpt lat="42.407692" lon="-79.442269"><ele>204.02</ele><time>2026-07-17T16:34:25Z</time></trkpt>
      <trkpt lat="42.407178" lon="-79.442978"><ele>204.81</ele><time>2026-07-17T16:34:29Z</time></trkpt>
      <trkpt lat="42.40653" lon="-79.44376"><ele>206</ele><time>2026-07-17T16:34:35Z</time></trkpt>
      <trkpt lat="42.405687" lon="-79.444678"><ele>206.9</ele><time>2026-07-17T16:34:41Z</time></trkpt>
      <trkpt lat="42.40501" lon="-79.445292"><ele>206.19</ele><time>2026-07-17T16:34:46Z</time></trkpt>
      <trkpt lat="42.404485" lon="-79.445898"><ele>206</ele><time>2026-07-17T16:34:50Z</time></trkpt>
      <trkpt lat="42.403867" lon="-79.446661"><ele>205</ele><time>2026-07-17T16:34:55Z</time></trkpt>
      <trkpt lat="42.403299" lon="-79.447334"><ele>204.42</ele><time>2026-07-17T16:35:00Z</time></trkpt>
      <trkpt lat="42.402755" lon="-79.448077"><ele>203.98</ele><time>2026-07-17T16:35:05Z</time></trkpt>
      <trkpt lat="42.402263" lon="-79.448813"><ele>203.01</ele><time>2026-07-17T16:35:10Z</time></trkpt>
      <trkpt lat="42.401599" lon="-79.449837"><ele>202.77</ele><time>2026-07-17T16:35:16Z</time></trkpt>
      <trkpt lat="42.400589" lon="-79.45168"><ele>201.97</ele><time>2026-07-17T16:35:23Z</time></trkpt>
      <trkpt lat="42.399693" lon="-79.453712"><ele>203.64</ele><time>2026-07-17T16:35:30Z</time></trkpt>
      <trkpt lat="42.399421" lon="-79.454384"><ele>204</ele><time>2026-07-17T16:35:34Z</time></trkpt>
      <trkpt lat="42.398225" lon="-79.457967"><ele>206.59</ele><time>2026-07-17T16:35:45Z</time></trkpt>
      <trkpt lat="42.397463" lon="-79.460246"><ele>204.41</ele><time>2026-07-17T16:35:53Z</time></trkpt>
      <trkpt lat="42.397089" lon="-79.461319"><ele>202.77</ele><time>2026-07-17T16:35:59Z</time></trkpt>
      <trkpt lat="42.396645" lon="-79.462521"><ele>201</ele><time>2026-07-17T16:36:05Z</time></trkpt>
      <trkpt lat="42.396208" lon="-79.463662"><ele>199.42</ele><time>2026-07-17T16:36:11Z</time></trkpt>
      <trkpt lat="42.395433" lon="-79.46553"><ele>198.22</ele><time>2026-07-17T16:36:19Z</time></trkpt>
      <trkpt lat="42.394902" lon="-79.466726"><ele>197.93</ele><time>2026-07-17T16:36:25Z</time></trkpt>
      <trkpt lat="42.394027" lon="-79.468616"><ele>196.08</ele><time>2026-07-17T16:36:32Z</time></trkpt>
      <trkpt lat="42.393007" lon="-79.470821"><ele>198.29</ele><time>2026-07-17T16:36:39Z</time></trkpt>
      <trkpt lat="42.392007" lon="-79.472952"><ele>200.55</ele><time>2026-07-17T16:36:46Z</time></trkpt>
      <trkpt lat="42.391578" lon="-79.473866"><ele>199.42</ele><time>2026-07-17T16:36:51Z</time></trkpt>
      <trkpt lat="42.38997" lon="-79.477301"><ele>201.67</ele><time>2026-07-17T16:37:02Z</time></trkpt>
      <trkpt lat="42.389609" lon="-79.47803"><ele>201.61</ele><time>2026-07-17T16:37:06Z</time></trkpt>
      <trkpt lat="42.389153" lon="-79.478923"><ele>202.12</ele><time>2026-07-17T16:37:11Z</time></trkpt>
      <trkpt lat="42.388823" lon="-79.479535"><ele>202.87</ele><time>2026-07-17T16:37:15Z</time></trkpt>
      <trkpt lat="42.38817" lon="-79.480751"><ele>201.13</ele><time>2026-07-17T16:37:21Z</time></trkpt>
      <trkpt lat="42.387745" lon="-79.481498"><ele>201.22</ele><time>2026-07-17T16:37:25Z</time></trkpt>
      <trkpt lat="42.387213" lon="-79.482373"><ele>201.33</ele><time>2026-07-17T16:37:30Z</time></trkpt>
      <trkpt lat="42.386718" lon="-79.483215"><ele>200.31</ele><time>2026-07-17T16:37:35Z</time></trkpt>
      <trkpt lat="42.384392" lon="-79.486931"><ele>199.45</ele><time>2026-07-17T16:37:48Z</time></trkpt>
      <trkpt lat="42.383783" lon="-79.487952"><ele>199.61</ele><time>2026-07-17T16:37:53Z</time></trkpt>
      <trkpt lat="42.383476" lon="-79.488497"><ele>198.46</ele><time>2026-07-17T16:37:57Z</time></trkpt>
      <trkpt lat="42.383168" lon="-79.489042"><ele>199.35</ele><time>2026-07-17T16:38:01Z</time></trkpt>
      <trkpt lat="42.382616" lon="-79.490107"><ele>201.11</ele><time>2026-07-17T16:38:06Z</time></trkpt>
      <trkpt lat="42.38202" lon="-79.491334"><ele>203.25</ele><time>2026-07-17T16:38:12Z</time></trkpt>
      <trkpt lat="42.381463" lon="-79.492553"><ele>204.73</ele><time>2026-07-17T16:38:17Z</time></trkpt>
      <trkpt lat="42.37951" lon="-79.497445"><ele>203</ele><time>2026-07-17T16:38:31Z</time></trkpt>
      <trkpt lat="42.379072" lon="-79.49851"><ele>201.92</ele><time>2026-07-17T16:38:36Z</time></trkpt>
      <trkpt lat="42.378616" lon="-79.499548"><ele>201.14</ele><time>2026-07-17T16:38:41Z</time></trkpt>
      <trkpt lat="42.378197" lon="-79.500441"><ele>200.52</ele><time>2026-07-17T16:38:46Z</time></trkpt>
      <trkpt lat="42.377684" lon="-79.501488"><ele>201</ele><time>2026-07-17T16:38:52Z</time></trkpt>
      <trkpt lat="42.377069" lon="-79.502681"><ele>200</ele><time>2026-07-17T16:38:58Z</time></trkpt>
      <trkpt lat="42.37492" lon="-79.506693"><ele>198.61</ele><time>2026-07-17T16:39:10Z</time></trkpt>
      <trkpt lat="42.373112" lon="-79.510037"><ele>204</ele><time>2026-07-17T16:39:21Z</time></trkpt>
      <trkpt lat="42.371793" lon="-79.512285"><ele>207.72</ele><time>2026-07-17T16:39:29Z</time></trkpt>
      <trkpt lat="42.371251" lon="-79.513169"><ele>208.8</ele><time>2026-07-17T16:39:34Z</time></trkpt>
      <trkpt lat="42.369612" lon="-79.515839"><ele>207.34</ele><time>2026-07-17T16:39:43Z</time></trkpt>
      <trkpt lat="42.368669" lon="-79.517219"><ele>206.02</ele><time>2026-07-17T16:39:50Z</time></trkpt>
      <trkpt lat="42.366041" lon="-79.52108"><ele>209.89</ele><time>2026-07-17T16:40:05Z</time></trkpt>
      <trkpt lat="42.362604" lon="-79.526138"><ele>208.03</ele><time>2026-07-17T16:40:23Z</time></trkpt>
      <trkpt lat="42.361805" lon="-79.527349"><ele>208.64</ele><time>2026-07-17T16:40:29Z</time></trkpt>
      <trkpt lat="42.360456" lon="-79.529523"><ele>209.78</ele><time>2026-07-17T16:40:36Z</time></trkpt>
      <trkpt lat="42.359275" lon="-79.531426"><ele>208.82</ele><time>2026-07-17T16:40:44Z</time></trkpt>
      <trkpt lat="42.35862" lon="-79.532583"><ele>207.43</ele><time>2026-07-17T16:40:50Z</time></trkpt>
      <trkpt lat="42.356985" lon="-79.535477"><ele>209.53</ele><time>2026-07-17T16:41:00Z</time></trkpt>
      <trkpt lat="42.355577" lon="-79.538103"><ele>209.68</ele><time>2026-07-17T16:41:09Z</time></trkpt>
      <trkpt lat="42.353985" lon="-79.54127"><ele>207</ele><time>2026-07-17T16:41:19Z</time></trkpt>
      <trkpt lat="42.352704" lon="-79.544008"><ele>204.93</ele><time>2026-07-17T16:41:28Z</time></trkpt>
      <trkpt lat="42.350021" lon="-79.550085"><ele>207.94</ele><time>2026-07-17T16:41:46Z</time></trkpt>
      <trkpt lat="42.349113" lon="-79.55236"><ele>206.99</ele><time>2026-07-17T16:41:54Z</time></trkpt>
      <trkpt lat="42.348517" lon="-79.553991"><ele>205.89</ele><time>2026-07-17T16:42:00Z</time></trkpt>
      <trkpt lat="42.348149" lon="-79.555123"><ele>205</ele><time>2026-07-17T16:42:05Z</time></trkpt>
      <trkpt lat="42.347769" lon="-79.556385"><ele>204.92</ele><time>2026-07-17T16:42:11Z</time></trkpt>
      <trkpt lat="42.347331" lon="-79.557982"><ele>205.78</ele><time>2026-07-17T16:42:18Z</time></trkpt>
      <trkpt lat="42.346766" lon="-79.560471"><ele>205.96</ele><time>2026-07-17T16:42:26Z</time></trkpt>
      <trkpt lat="42.345718" lon="-79.565455"><ele>203.89</ele><time>2026-07-17T16:42:39Z</time></trkpt>
      <trkpt lat="42.34466" lon="-79.570461"><ele>198.67</ele><time>2026-07-17T16:42:55Z</time></trkpt>
      <trkpt lat="42.344356" lon="-79.571637"><ele>198.64</ele><time>2026-07-17T16:43:00Z</time></trkpt>
      <trkpt lat="42.344032" lon="-79.572839"><ele>199</ele><time>2026-07-17T16:43:05Z</time></trkpt>
      <trkpt lat="42.343633" lon="-79.574101"><ele>199.75</ele><time>2026-07-17T16:43:11Z</time></trkpt>
      <trkpt lat="42.343274" lon="-79.575096"><ele>200</ele><time>2026-07-17T16:43:16Z</time></trkpt>
      <trkpt lat="42.343163" lon="-79.575474"><ele>200</ele><time>2026-07-17T16:43:18Z</time></trkpt>
      <trkpt lat="42.342656" lon="-79.576701"><ele>199.52</ele><time>2026-07-17T16:43:23Z</time></trkpt>
      <trkpt lat="42.342211" lon="-79.577688"><ele>198.89</ele><time>2026-07-17T16:43:28Z</time></trkpt>
      <trkpt lat="42.341602" lon="-79.578924"><ele>197.54</ele><time>2026-07-17T16:43:34Z</time></trkpt>
      <trkpt lat="42.341063" lon="-79.579946"><ele>196.84</ele><time>2026-07-17T16:43:40Z</time></trkpt>
      <trkpt lat="42.337268" lon="-79.586258"><ele>199.97</ele><time>2026-07-17T16:44:03Z</time></trkpt>
      <trkpt lat="42.336417" lon="-79.587672"><ele>198.75</ele><time>2026-07-17T16:44:09Z</time></trkpt>
      <trkpt lat="42.334474" lon="-79.59077"><ele>195.82</ele><time>2026-07-17T16:44:20Z</time></trkpt>
      <trkpt lat="42.333605" lon="-79.592106"><ele>194.54</ele><time>2026-07-17T16:44:27Z</time></trkpt>
      <trkpt lat="42.332851" lon="-79.593407"><ele>193.97</ele><time>2026-07-17T16:44:33Z</time></trkpt>
      <trkpt lat="42.332687" lon="-79.593684"><ele>196</ele><time>2026-07-17T16:44:35Z</time></trkpt>
      <trkpt lat="42.331865" lon="-79.59507"><ele>197</ele><time>2026-07-17T16:44:42Z</time></trkpt>
      <trkpt lat="42.330344" lon="-79.597565"><ele>198</ele><time>2026-07-17T16:44:50Z</time></trkpt>
      <trkpt lat="42.329452" lon="-79.599129"><ele>198.86</ele><time>2026-07-17T16:44:57Z</time></trkpt>
      <trkpt lat="42.32692" lon="-79.6033"><ele>196.75</ele><time>2026-07-17T16:45:11Z</time></trkpt>
      <trkpt lat="42.326311" lon="-79.604253"><ele>196.7</ele><time>2026-07-17T16:45:16Z</time></trkpt>
      <trkpt lat="42.32555" lon="-79.605369"><ele>197.93</ele><time>2026-07-17T16:45:22Z</time></trkpt>
      <trkpt lat="42.324909" lon="-79.606261"><ele>198.28</ele><time>2026-07-17T16:45:27Z</time></trkpt>
      <trkpt lat="42.323982" lon="-79.607446"><ele>199.66</ele><time>2026-07-17T16:45:33Z</time></trkpt>
      <trkpt lat="42.322033" lon="-79.609835"><ele>201.9</ele><time>2026-07-17T16:45:43Z</time></trkpt>
      <trkpt lat="42.320473" lon="-79.611746"><ele>200.88</ele><time>2026-07-17T16:45:51Z</time></trkpt>
      <trkpt lat="42.318903" lon="-79.613688"><ele>199.79</ele><time>2026-07-17T16:45:59Z</time></trkpt>
      <trkpt lat="42.317725" lon="-79.615145"><ele>201.99</ele><time>2026-07-17T16:46:06Z</time></trkpt>
      <trkpt lat="42.31709" lon="-79.615995"><ele>202</ele><time>2026-07-17T16:46:11Z</time></trkpt>
      <trkpt lat="42.316507" lon="-79.616819"><ele>202.74</ele><time>2026-07-17T16:46:16Z</time></trkpt>
      <trkpt lat="42.315999" lon="-79.617565"><ele>203.64</ele><time>2026-07-17T16:46:21Z</time></trkpt>
      <trkpt lat="42.314983" lon="-79.61917"><ele>204.85</ele><time>2026-07-17T16:46:28Z</time></trkpt>
      <trkpt lat="42.314476" lon="-79.620054"><ele>204.18</ele><time>2026-07-17T16:46:33Z</time></trkpt>
      <trkpt lat="42.313911" lon="-79.621136"><ele>203.94</ele><time>2026-07-17T16:46:39Z</time></trkpt>
      <trkpt lat="42.312927" lon="-79.623196"><ele>202</ele><time>2026-07-17T16:46:46Z</time></trkpt>
      <trkpt lat="42.312508" lon="-79.624149"><ele>202</ele><time>2026-07-17T16:46:52Z</time></trkpt>
      <trkpt lat="42.31207" lon="-79.625221"><ele>202.52</ele><time>2026-07-17T16:46:58Z</time></trkpt>
      <trkpt lat="42.311607" lon="-79.626406"><ele>203</ele><time>2026-07-17T16:47:04Z</time></trkpt>
      <trkpt lat="42.311334" lon="-79.627135"><ele>203.22</ele><time>2026-07-17T16:47:08Z</time></trkpt>
      <trkpt lat="42.310756" lon="-79.628843"><ele>203.76</ele><time>2026-07-17T16:47:15Z</time></trkpt>
      <trkpt lat="42.309471" lon="-79.63283"><ele>201.88</ele><time>2026-07-17T16:47:27Z</time></trkpt>
      <trkpt lat="42.309364" lon="-79.633163"><ele>200.4</ele><time>2026-07-17T16:47:29Z</time></trkpt>
      <trkpt lat="42.308829" lon="-79.634824"><ele>202</ele><time>2026-07-17T16:47:36Z</time></trkpt>
      <trkpt lat="42.308709" lon="-79.635214"><ele>202.78</ele><time>2026-07-17T16:47:39Z</time></trkpt>
      <trkpt lat="42.307913" lon="-79.637701"><ele>203.1</ele><time>2026-07-17T16:47:46Z</time></trkpt>
      <trkpt lat="42.307437" lon="-79.639032"><ele>204.08</ele><time>2026-07-17T16:47:52Z</time></trkpt>
      <trkpt lat="42.306941" lon="-79.640276"><ele>204.5</ele><time>2026-07-17T16:47:58Z</time></trkpt>
      <trkpt lat="42.306453" lon="-79.641426"><ele>203.44</ele><time>2026-07-17T16:48:04Z</time></trkpt>
      <trkpt lat="42.306008" lon="-79.642396"><ele>203.1</ele><time>2026-07-17T16:48:09Z</time></trkpt>
      <trkpt lat="42.305151" lon="-79.644173"><ele>201.38</ele><time>2026-07-17T16:48:16Z</time></trkpt>
      <trkpt lat="42.304575" lon="-79.645361"><ele>203.52</ele><time>2026-07-17T16:48:22Z</time></trkpt>
      <trkpt lat="42.302974" lon="-79.648636"><ele>204.31</ele><time>2026-07-17T16:48:33Z</time></trkpt>
      <trkpt lat="42.302047" lon="-79.650576"><ele>205.33</ele><time>2026-07-17T16:48:41Z</time></trkpt>
      <trkpt lat="42.301412" lon="-79.651975"><ele>205.5</ele><time>2026-07-17T16:48:47Z</time></trkpt>
      <trkpt lat="42.300936" lon="-79.653065"><ele>206.56</ele><time>2026-07-17T16:48:52Z</time></trkpt>
      <trkpt lat="42.300314" lon="-79.654567"><ele>206.69</ele><time>2026-07-17T16:48:59Z</time></trkpt>
      <trkpt lat="42.299584" lon="-79.656395"><ele>205.86</ele><time>2026-07-17T16:49:06Z</time></trkpt>
      <trkpt lat="42.299086" lon="-79.657748"><ele>205.32</ele><time>2026-07-17T16:49:12Z</time></trkpt>
      <trkpt lat="42.298846" lon="-79.658412"><ele>206.77</ele><time>2026-07-17T16:49:16Z</time></trkpt>
      <trkpt lat="42.29873" lon="-79.658738"><ele>204.61</ele><time>2026-07-17T16:49:18Z</time></trkpt>
      <trkpt lat="42.298499" lon="-79.659391"><ele>204.81</ele><time>2026-07-17T16:49:22Z</time></trkpt>
      <trkpt lat="42.297699" lon="-79.661768"><ele>205.47</ele><time>2026-07-17T16:49:29Z</time></trkpt>
      <trkpt lat="42.297483" lon="-79.662427"><ele>204.56</ele><time>2026-07-17T16:49:33Z</time></trkpt>
      <trkpt lat="42.296622" lon="-79.665062"><ele>206.48</ele><time>2026-07-17T16:49:40Z</time></trkpt>
      <trkpt lat="42.294899" lon="-79.670343"><ele>203.06</ele><time>2026-07-17T16:49:55Z</time></trkpt>
      <trkpt lat="42.294239" lon="-79.672231"><ele>203.11</ele><time>2026-07-17T16:50:02Z</time></trkpt>
      <trkpt lat="42.293159" lon="-79.675072"><ele>205</ele><time>2026-07-17T16:50:12Z</time></trkpt>
      <trkpt lat="42.292124" lon="-79.677561"><ele>206.04</ele><time>2026-07-17T16:50:19Z</time></trkpt>
      <trkpt lat="42.291648" lon="-79.678642"><ele>206.95</ele><time>2026-07-17T16:50:24Z</time></trkpt>
      <trkpt lat="42.29048" lon="-79.681226"><ele>205.66</ele><time>2026-07-17T16:50:33Z</time></trkpt>
      <trkpt lat="42.289807" lon="-79.682634"><ele>204.82</ele><time>2026-07-17T16:50:40Z</time></trkpt>
      <trkpt lat="42.289185" lon="-79.683904"><ele>204</ele><time>2026-07-17T16:50:46Z</time></trkpt>
      <trkpt lat="42.288196" lon="-79.685801"><ele>203</ele><time>2026-07-17T16:50:53Z</time></trkpt>
      <trkpt lat="42.287705" lon="-79.686728"><ele>203.96</ele><time>2026-07-17T16:50:58Z</time></trkpt>
      <trkpt lat="42.286632" lon="-79.688667"><ele>204.5</ele><time>2026-07-17T16:51:05Z</time></trkpt>
      <trkpt lat="42.285889" lon="-79.689903"><ele>205</ele><time>2026-07-17T16:51:12Z</time></trkpt>
      <trkpt lat="42.284937" lon="-79.691517"><ele>206</ele><time>2026-07-17T16:51:19Z</time></trkpt>
      <trkpt lat="42.281495" lon="-79.696924"><ele>209</ele><time>2026-07-17T16:51:38Z</time></trkpt>
      <trkpt lat="42.280892" lon="-79.697954"><ele>209.67</ele><time>2026-07-17T16:51:44Z</time></trkpt>
      <trkpt lat="42.28032" lon="-79.698984"><ele>209.9</ele><time>2026-07-17T16:51:49Z</time></trkpt>
      <trkpt lat="42.279673" lon="-79.700272"><ele>209.81</ele><time>2026-07-17T16:51:55Z</time></trkpt>
      <trkpt lat="42.279057" lon="-79.701619"><ele>209.74</ele><time>2026-07-17T16:52:01Z</time></trkpt>
      <trkpt lat="42.278555" lon="-79.702804"><ele>208.97</ele><time>2026-07-17T16:52:06Z</time></trkpt>
      <trkpt lat="42.277964" lon="-79.704332"><ele>208.19</ele><time>2026-07-17T16:52:13Z</time></trkpt>
      <trkpt lat="42.277348" lon="-79.706203"><ele>207.33</ele><time>2026-07-17T16:52:20Z</time></trkpt>
      <trkpt lat="42.277012" lon="-79.707318"><ele>206.92</ele><time>2026-07-17T16:52:25Z</time></trkpt>
      <trkpt lat="42.276713" lon="-79.708434"><ele>206.57</ele><time>2026-07-17T16:52:30Z</time></trkpt>
      <trkpt lat="42.275583" lon="-79.713318"><ele>204</ele><time>2026-07-17T16:52:44Z</time></trkpt>
      <trkpt lat="42.275109" lon="-79.715421"><ele>205</ele><time>2026-07-17T16:52:52Z</time></trkpt>
      <trkpt lat="42.274605" lon="-79.717596"><ele>205.35</ele><time>2026-07-17T16:53:00Z</time></trkpt>
      <trkpt lat="42.273884" lon="-79.720767"><ele>203.66</ele><time>2026-07-17T16:53:09Z</time></trkpt>
      <trkpt lat="42.273566" lon="-79.722119"><ele>202.84</ele><time>2026-07-17T16:53:15Z</time></trkpt>
      <trkpt lat="42.273283" lon="-79.723246"><ele>202</ele><time>2026-07-17T16:53:21Z</time></trkpt>
      <trkpt lat="42.272995" lon="-79.724294"><ele>201.79</ele><time>2026-07-17T16:53:26Z</time></trkpt>
      <trkpt lat="42.272637" lon="-79.725443"><ele>200.86</ele><time>2026-07-17T16:53:31Z</time></trkpt>
      <trkpt lat="42.272251" lon="-79.726585"><ele>201.5</ele><time>2026-07-17T16:53:36Z</time></trkpt>
      <trkpt lat="42.271841" lon="-79.7277"><ele>201.89</ele><time>2026-07-17T16:53:41Z</time></trkpt>
      <trkpt lat="42.271324" lon="-79.728966"><ele>202.6</ele><time>2026-07-17T16:53:47Z</time></trkpt>
      <trkpt lat="42.270696" lon="-79.730365"><ele>202.75</ele><time>2026-07-17T16:53:53Z</time></trkpt>
      <trkpt lat="42.269645" lon="-79.732426"><ele>201.97</ele><time>2026-07-17T16:54:00Z</time></trkpt>
      <trkpt lat="42.269106" lon="-79.73337"><ele>201.58</ele><time>2026-07-17T16:54:05Z</time></trkpt>
      <trkpt lat="42.26842" lon="-79.73448"><ele>201</ele><time>2026-07-17T16:54:10Z</time></trkpt>
      <trkpt lat="42.267677" lon="-79.735653"><ele>201.64</ele><time>2026-07-17T16:54:16Z</time></trkpt>
      <trkpt lat="42.265519" lon="-79.73897"><ele>204</ele><time>2026-07-17T16:54:27Z</time></trkpt>
      <trkpt lat="42.264823" lon="-79.740062"><ele>204.85</ele><time>2026-07-17T16:54:33Z</time></trkpt>
      <trkpt lat="42.264348" lon="-79.740829"><ele>205</ele><time>2026-07-17T16:54:38Z</time></trkpt>
      <trkpt lat="42.263663" lon="-79.742055"><ele>205.97</ele><time>2026-07-17T16:54:44Z</time></trkpt>
      <trkpt lat="42.263258" lon="-79.742814"><ele>205.67</ele><time>2026-07-17T16:54:49Z</time></trkpt>
      <trkpt lat="42.262937" lon="-79.74347"><ele>205</ele><time>2026-07-17T16:54:53Z</time></trkpt>
      <trkpt lat="42.262346" lon="-79.744715"><ele>204.78</ele><time>2026-07-17T16:55:00Z</time></trkpt>
      <trkpt lat="42.261997" lon="-79.745487"><ele>204</ele><time>2026-07-17T16:55:04Z</time></trkpt>
      <trkpt lat="42.259202" lon="-79.752174"><ele>206</ele><time>2026-07-17T16:55:26Z</time></trkpt>
      <trkpt lat="42.258878" lon="-79.752903"><ele>206.51</ele><time>2026-07-17T16:55:30Z</time></trkpt>
      <trkpt lat="42.258491" lon="-79.753719"><ele>206.73</ele><time>2026-07-17T16:55:35Z</time></trkpt>
      <trkpt lat="42.258027" lon="-79.75462"><ele>207</ele><time>2026-07-17T16:55:40Z</time></trkpt>
      <trkpt lat="42.257582" lon="-79.755427"><ele>207.84</ele><time>2026-07-17T16:55:45Z</time></trkpt>
      <trkpt lat="42.257042" lon="-79.756336"><ele>207.98</ele><time>2026-07-17T16:55:50Z</time></trkpt>
      <trkpt lat="42.256381" lon="-79.757358"><ele>208.97</ele><time>2026-07-17T16:55:55Z</time></trkpt>
      <trkpt lat="42.255778" lon="-79.758259"><ele>209.85</ele><time>2026-07-17T16:56:00Z</time></trkpt>
      <trkpt lat="42.254933" lon="-79.759409"><ele>210.66</ele><time>2026-07-17T16:56:06Z</time></trkpt>
      <trkpt lat="42.25426" lon="-79.760224"><ele>212.34</ele><time>2026-07-17T16:56:11Z</time></trkpt>
      <trkpt lat="42.252968" lon="-79.761626"><ele>216.97</ele><time>2026-07-17T16:56:19Z</time></trkpt>
      <trkpt lat="42.252729" lon="-79.76191"><ele>216.92</ele><time>2026-07-17T16:56:22Z</time></trkpt>
      <trkpt lat="42.25242" lon="-79.76228"><ele>218.13</ele><time>2026-07-17T16:56:25Z</time></trkpt>
      <trkpt lat="42.251587" lon="-79.763226"><ele>220.78</ele><time>2026-07-17T16:56:31Z</time></trkpt>
      <trkpt lat="42.250376" lon="-79.76452"><ele>222</ele><time>2026-07-17T16:56:38Z</time></trkpt>
      <trkpt lat="42.24726" lon="-79.768102"><ele>227</ele><time>2026-07-17T16:56:53Z</time></trkpt>
      <trkpt lat="42.24536" lon="-79.770292"><ele>226.98</ele><time>2026-07-17T16:57:02Z</time></trkpt>
      <trkpt lat="42.244456" lon="-79.771347"><ele>226.08</ele><time>2026-07-17T16:57:08Z</time></trkpt>
      <trkpt lat="42.243332" lon="-79.772634"><ele>224.89</ele><time>2026-07-17T16:57:16Z</time></trkpt>
      <trkpt lat="42.242438" lon="-79.773688"><ele>223.96</ele><time>2026-07-17T16:57:23Z</time></trkpt>
      <trkpt lat="42.24188" lon="-79.774324"><ele>222.92</ele><time>2026-07-17T16:57:28Z</time></trkpt>
      <trkpt lat="42.241366" lon="-79.774885"><ele>223.7</ele><time>2026-07-17T16:57:32Z</time></trkpt>
      <trkpt lat="42.241096" lon="-79.77521"><ele>224.14</ele><time>2026-07-17T16:57:35Z</time></trkpt>
      <trkpt lat="42.240757" lon="-79.775597"><ele>225.77</ele><time>2026-07-17T16:57:39Z</time></trkpt>
      <trkpt lat="42.240431" lon="-79.775944"><ele>227</ele><time>2026-07-17T16:57:42Z</time></trkpt>
      <trkpt lat="42.239806" lon="-79.776569"><ele>229.19</ele><time>2026-07-17T16:57:46Z</time></trkpt>
      <trkpt lat="42.239509" lon="-79.77685"><ele>230.69</ele><time>2026-07-17T16:57:49Z</time></trkpt>
      <trkpt lat="42.239181" lon="-79.77714"><ele>231.88</ele><time>2026-07-17T16:57:52Z</time></trkpt>
      <trkpt lat="42.238883" lon="-79.77739"><ele>232.89</ele><time>2026-07-17T16:57:55Z</time></trkpt>
      <trkpt lat="42.238547" lon="-79.77766"><ele>234.21</ele><time>2026-07-17T16:57:58Z</time></trkpt>
      <trkpt lat="42.237674" lon="-79.778284"><ele>237.54</ele><time>2026-07-17T16:58:04Z</time></trkpt>
      <trkpt lat="42.236972" lon="-79.778716"><ele>240</ele><time>2026-07-17T16:58:09Z</time></trkpt>
      <trkpt lat="42.23662" lon="-79.778916"><ele>241.38</ele><time>2026-07-17T16:58:12Z</time></trkpt>
      <trkpt lat="42.236234" lon="-79.779119"><ele>242.8</ele><time>2026-07-17T16:58:15Z</time></trkpt>
      <trkpt lat="42.235603" lon="-79.779426"><ele>245.05</ele><time>2026-07-17T16:58:20Z</time></trkpt>
      <trkpt lat="42.235216" lon="-79.779588"><ele>246.37</ele><time>2026-07-17T16:58:23Z</time></trkpt>
      <trkpt lat="42.233775" lon="-79.78015"><ele>250.43</ele><time>2026-07-17T16:58:30Z</time></trkpt>
      <trkpt lat="42.233008" lon="-79.780434"><ele>253.22</ele><time>2026-07-17T16:58:35Z</time></trkpt>
      <trkpt lat="42.232285" lon="-79.780661"><ele>254.83</ele><time>2026-07-17T16:58:40Z</time></trkpt>
      <trkpt lat="42.231721" lon="-79.780861"><ele>252.4</ele><time>2026-07-17T16:58:44Z</time></trkpt>
      <trkpt lat="42.229307" lon="-79.781736"><ele>261.16</ele><time>2026-07-17T16:58:53Z</time></trkpt>
      <trkpt lat="42.228954" lon="-79.781878"><ele>263.16</ele><time>2026-07-17T16:58:56Z</time></trkpt>
      <trkpt lat="42.228103" lon="-79.78227"><ele>262.67</ele><time>2026-07-17T16:59:01Z</time></trkpt>
      <trkpt lat="42.227585" lon="-79.782543"><ele>262.37</ele><time>2026-07-17T16:59:05Z</time></trkpt>
      <trkpt lat="42.226976" lon="-79.782901"><ele>262</ele><time>2026-07-17T16:59:10Z</time></trkpt>
      <trkpt lat="42.226183" lon="-79.783442"><ele>260.83</ele><time>2026-07-17T16:59:15Z</time></trkpt>
      <trkpt lat="42.225878" lon="-79.783665"><ele>260</ele><time>2026-07-17T16:59:18Z</time></trkpt>
      <trkpt lat="42.225548" lon="-79.783924"><ele>260</ele><time>2026-07-17T16:59:21Z</time></trkpt>
      <trkpt lat="42.22517" lon="-79.784239"><ele>260.03</ele><time>2026-07-17T16:59:24Z</time></trkpt>
      <trkpt lat="42.224792" lon="-79.784574"><ele>260.77</ele><time>2026-07-17T16:59:28Z</time></trkpt>
      <trkpt lat="42.224456" lon="-79.784887"><ele>261</ele><time>2026-07-17T16:59:31Z</time></trkpt>
      <trkpt lat="42.224128" lon="-79.785221"><ele>261</ele><time>2026-07-17T16:59:34Z</time></trkpt>
      <trkpt lat="42.223723" lon="-79.78565"><ele>261.45</ele><time>2026-07-17T16:59:38Z</time></trkpt>
      <trkpt lat="42.223291" lon="-79.786136"><ele>262</ele><time>2026-07-17T16:59:42Z</time></trkpt>
      <trkpt lat="42.222951" lon="-79.786552"><ele>262.56</ele><time>2026-07-17T16:59:45Z</time></trkpt>
      <trkpt lat="42.222464" lon="-79.787179"><ele>263</ele><time>2026-07-17T16:59:50Z</time></trkpt>
      <trkpt lat="42.2134" lon="-79.799034"><ele>273</ele><time>2026-07-17T17:00:35Z</time></trkpt>
      <trkpt lat="42.209768" lon="-79.803769"><ele>281</ele><time>2026-07-17T17:00:52Z</time></trkpt>
      <trkpt lat="42.205621" lon="-79.809189"><ele>286.87</ele><time>2026-07-17T17:01:15Z</time></trkpt>
      <trkpt lat="42.204823" lon="-79.810251"><ele>288.01</ele><time>2026-07-17T17:01:21Z</time></trkpt>
      <trkpt lat="42.20455" lon="-79.810608"><ele>289.77</ele><time>2026-07-17T17:01:24Z</time></trkpt>
      <trkpt lat="42.202933" lon="-79.812716"><ele>291.75</ele><time>2026-07-17T17:01:32Z</time></trkpt>
      <trkpt lat="42.20212" lon="-79.813748"><ele>292.73</ele><time>2026-07-17T17:01:38Z</time></trkpt>
      <trkpt lat="42.201794" lon="-79.814141"><ele>293.12</ele><time>2026-07-17T17:01:41Z</time></trkpt>
      <trkpt lat="42.201438" lon="-79.814542"><ele>293.52</ele><time>2026-07-17T17:01:45Z</time></trkpt>
      <trkpt lat="42.200938" lon="-79.815127"><ele>294.09</ele><time>2026-07-17T17:01:50Z</time></trkpt>
      <trkpt lat="42.199108" lon="-79.817065"><ele>296.08</ele><time>2026-07-17T17:01:59Z</time></trkpt>
      <trkpt lat="42.19769" lon="-79.818546"><ele>297.61</ele><time>2026-07-17T17:02:07Z</time></trkpt>
      <trkpt lat="42.196928" lon="-79.819391"><ele>298.46</ele><time>2026-07-17T17:02:12Z</time></trkpt>
      <trkpt lat="42.19584" lon="-79.820565"><ele>299.66</ele><time>2026-07-17T17:02:19Z</time></trkpt>
      <trkpt lat="42.195309" lon="-79.821167"><ele>300.26</ele><time>2026-07-17T17:02:24Z</time></trkpt>
      <trkpt lat="42.194565" lon="-79.821998"><ele>303.96</ele><time>2026-07-17T17:02:29Z</time></trkpt>
      <trkpt lat="42.193972" lon="-79.822679"><ele>306</ele><time>2026-07-17T17:02:34Z</time></trkpt>
      <trkpt lat="42.19278" lon="-79.824154"><ele>311</ele><time>2026-07-17T17:02:42Z</time></trkpt>
      <trkpt lat="42.189786" lon="-79.827898"><ele>324</ele><time>2026-07-17T17:02:56Z</time></trkpt>
      <trkpt lat="42.18838" lon="-79.829694"><ele>329.02</ele><time>2026-07-17T17:03:05Z</time></trkpt>
      <trkpt lat="42.187802" lon="-79.830437"><ele>329.54</ele><time>2026-07-17T17:03:10Z</time></trkpt>
      <trkpt lat="42.18737" lon="-79.830993"><ele>332.96</ele><time>2026-07-17T17:03:14Z</time></trkpt>
      <trkpt lat="42.186662" lon="-79.831843"><ele>335.47</ele><time>2026-07-17T17:03:19Z</time></trkpt>
      <trkpt lat="42.185241" lon="-79.833678"><ele>340.65</ele><time>2026-07-17T17:03:27Z</time></trkpt>
      <trkpt lat="42.184841" lon="-79.83418"><ele>341.83</ele><time>2026-07-17T17:03:31Z</time></trkpt>
      <trkpt lat="42.184426" lon="-79.834721"><ele>344.05</ele><time>2026-07-17T17:03:35Z</time></trkpt>
      <trkpt lat="42.183097" lon="-79.836416"><ele>350.23</ele><time>2026-07-17T17:03:43Z</time></trkpt>
      <trkpt lat="42.182213" lon="-79.837511"><ele>354</ele><time>2026-07-17T17:03:49Z</time></trkpt>
      <trkpt lat="42.181805" lon="-79.837983"><ele>356.21</ele><time>2026-07-17T17:03:53Z</time></trkpt>
      <trkpt lat="42.181375" lon="-79.838458"><ele>358</ele><time>2026-07-17T17:03:57Z</time></trkpt>
      <trkpt lat="42.181019" lon="-79.838827"><ele>359.58</ele><time>2026-07-17T17:04:00Z</time></trkpt>
      <trkpt lat="42.18059" lon="-79.839255"><ele>360.98</ele><time>2026-07-17T17:04:04Z</time></trkpt>
      <trkpt lat="42.180232" lon="-79.839594"><ele>362</ele><time>2026-07-17T17:04:07Z</time></trkpt>
      <trkpt lat="42.178939" lon="-79.840775"><ele>367</ele><time>2026-07-17T17:04:15Z</time></trkpt>
      <trkpt lat="42.178239" lon="-79.841435"><ele>368.29</ele><time>2026-07-17T17:04:20Z</time></trkpt>
      <trkpt lat="42.176464" lon="-79.843079"><ele>372.71</ele><time>2026-07-17T17:04:28Z</time></trkpt>
      <trkpt lat="42.17424" lon="-79.845161"><ele>379.32</ele><time>2026-07-17T17:04:38Z</time></trkpt>
      <trkpt lat="42.17266" lon="-79.846641"><ele>377.84</ele><time>2026-07-17T17:04:46Z</time></trkpt>
      <trkpt lat="42.172329" lon="-79.84697"><ele>377.98</ele><time>2026-07-17T17:04:49Z</time></trkpt>
      <trkpt lat="42.171799" lon="-79.847545"><ele>376.55</ele><time>2026-07-17T17:04:54Z</time></trkpt>
      <trkpt lat="42.171424" lon="-79.847986"><ele>376</ele><time>2026-07-17T17:04:58Z</time></trkpt>
      <trkpt lat="42.171133" lon="-79.848341"><ele>375.93</ele><time>2026-07-17T17:05:01Z</time></trkpt>
      <trkpt lat="42.170899" lon="-79.848644"><ele>375</ele><time>2026-07-17T17:05:04Z</time></trkpt>
      <trkpt lat="42.170227" lon="-79.849601"><ele>373.94</ele><time>2026-07-17T17:05:10Z</time></trkpt>
      <trkpt lat="42.16985" lon="-79.850197"><ele>373</ele><time>2026-07-17T17:05:14Z</time></trkpt>
      <trkpt lat="42.169575" lon="-79.850659"><ele>372.12</ele><time>2026-07-17T17:05:17Z</time></trkpt>
      <trkpt lat="42.169268" lon="-79.851203"><ele>372</ele><time>2026-07-17T17:05:21Z</time></trkpt>
      <trkpt lat="42.169084" lon="-79.851557"><ele>370.16</ele><time>2026-07-17T17:05:23Z</time></trkpt>
      <trkpt lat="42.1689" lon="-79.851911"><ele>371.09</ele><time>2026-07-17T17:05:25Z</time></trkpt>
      <trkpt lat="42.168449" lon="-79.852868"><ele>373.14</ele><time>2026-07-17T17:05:31Z</time></trkpt>
      <trkpt lat="42.168163" lon="-79.853554"><ele>375.07</ele><time>2026-07-17T17:05:35Z</time></trkpt>
      <trkpt lat="42.167973" lon="-79.854039"><ele>376</ele><time>2026-07-17T17:05:38Z</time></trkpt>
      <trkpt lat="42.167725" lon="-79.854742"><ele>378.02</ele><time>2026-07-17T17:05:42Z</time></trkpt>
      <trkpt lat="42.167498" lon="-79.855434"><ele>380.12</ele><time>2026-07-17T17:05:46Z</time></trkpt>
      <trkpt lat="42.167091" lon="-79.856719"><ele>382.96</ele><time>2026-07-17T17:05:51Z</time></trkpt>
      <trkpt lat="42.166151" lon="-79.859742"><ele>380.45</ele><time>2026-07-17T17:06:00Z</time></trkpt>
      <trkpt lat="42.163757" lon="-79.867396"><ele>383.55</ele><time>2026-07-17T17:06:22Z</time></trkpt>
      <trkpt lat="42.161535" lon="-79.874472"><ele>380</ele><time>2026-07-17T17:06:42Z</time></trkpt>
      <trkpt lat="42.161038" lon="-79.875937"><ele>379.45</ele><time>2026-07-17T17:06:48Z</time></trkpt>
      <trkpt lat="42.160837" lon="-79.87649"><ele>379.53</ele><time>2026-07-17T17:06:52Z</time></trkpt>
      <trkpt lat="42.160565" lon="-79.877203"><ele>380</ele><time>2026-07-17T17:06:56Z</time></trkpt>
      <trkpt lat="42.160249" lon="-79.877994"><ele>381</ele><time>2026-07-17T17:07:01Z</time></trkpt>
      <trkpt lat="42.159662" lon="-79.879365"><ele>382</ele><time>2026-07-17T17:07:07Z</time></trkpt>
      <trkpt lat="42.158564" lon="-79.881787"><ele>382</ele><time>2026-07-17T17:07:15Z</time></trkpt>
      <trkpt lat="42.157506" lon="-79.884131"><ele>379.69</ele><time>2026-07-17T17:07:22Z</time></trkpt>
      <trkpt lat="42.156316" lon="-79.886742"><ele>377</ele><time>2026-07-17T17:07:31Z</time></trkpt>
      <trkpt lat="42.155229" lon="-79.889142"><ele>378</ele><time>2026-07-17T17:07:40Z</time></trkpt>
      <trkpt lat="42.154817" lon="-79.890026"><ele>378</ele><time>2026-07-17T17:07:45Z</time></trkpt>
      <trkpt lat="42.15336" lon="-79.893246"><ele>379.91</ele><time>2026-07-17T17:07:54Z</time></trkpt>
      <trkpt lat="42.152119" lon="-79.89597"><ele>375.55</ele><time>2026-07-17T17:08:03Z</time></trkpt>
      <trkpt lat="42.151529" lon="-79.897285"><ele>373.46</ele><time>2026-07-17T17:08:09Z</time></trkpt>
      <trkpt lat="42.15106" lon="-79.898282"><ele>371.85</ele><time>2026-07-17T17:08:14Z</time></trkpt>
      <trkpt lat="42.150057" lon="-79.900484"><ele>368.33</ele><time>2026-07-17T17:08:21Z</time></trkpt>
      <trkpt lat="42.149894" lon="-79.900861"><ele>366.57</ele><time>2026-07-17T17:08:24Z</time></trkpt>
      <trkpt lat="42.148801" lon="-79.903252"><ele>365.36</ele><time>2026-07-17T17:08:31Z</time></trkpt>
      <trkpt lat="42.148488" lon="-79.903976"><ele>364.99</ele><time>2026-07-17T17:08:35Z</time></trkpt>
      <trkpt lat="42.147212" lon="-79.906788"><ele>363.98</ele><time>2026-07-17T17:08:43Z</time></trkpt>
      <trkpt lat="42.14536" lon="-79.910854"><ele>358.87</ele><time>2026-07-17T17:08:57Z</time></trkpt>
      <trkpt lat="42.144648" lon="-79.912384"><ele>356.92</ele><time>2026-07-17T17:09:04Z</time></trkpt>
      <trkpt lat="42.13981" lon="-79.923039"><ele>342.61</ele><time>2026-07-17T17:09:37Z</time></trkpt>
      <trkpt lat="42.138817" lon="-79.9252"><ele>340.88</ele><time>2026-07-17T17:09:45Z</time></trkpt>
      <trkpt lat="42.136002" lon="-79.931394"><ele>332.92</ele><time>2026-07-17T17:10:04Z</time></trkpt>
      <trkpt lat="42.13542" lon="-79.932671"><ele>332.93</ele><time>2026-07-17T17:10:10Z</time></trkpt>
      <trkpt lat="42.134876" lon="-79.933837"><ele>334.41</ele><time>2026-07-17T17:10:16Z</time></trkpt>
      <trkpt lat="42.133635" lon="-79.936292"><ele>337</ele><time>2026-07-17T17:10:24Z</time></trkpt>
      <trkpt lat="42.132298" lon="-79.938922"><ele>334.51</ele><time>2026-07-17T17:10:33Z</time></trkpt>
      <trkpt lat="42.131374" lon="-79.940719"><ele>333</ele><time>2026-07-17T17:10:40Z</time></trkpt>
      <trkpt lat="42.130283" lon="-79.94288"><ele>327.28</ele><time>2026-07-17T17:10:48Z</time></trkpt>
      <trkpt lat="42.128574" lon="-79.946463"><ele>317.08</ele><time>2026-07-17T17:11:00Z</time></trkpt>
      <trkpt lat="42.127719" lon="-79.948255"><ele>315.28</ele><time>2026-07-17T17:11:07Z</time></trkpt>
      <trkpt lat="42.126461" lon="-79.950716"><ele>319.75</ele><time>2026-07-17T17:11:15Z</time></trkpt>
      <trkpt lat="42.126293" lon="-79.95106"><ele>322.99</ele><time>2026-07-17T17:11:18Z</time></trkpt>
      <trkpt lat="42.126124" lon="-79.951404"><ele>323.98</ele><time>2026-07-17T17:11:20Z</time></trkpt>
      <trkpt lat="42.1256" lon="-79.952411"><ele>326.5</ele><time>2026-07-17T17:11:26Z</time></trkpt>
      <trkpt lat="42.124559" lon="-79.95423"><ele>332.59</ele><time>2026-07-17T17:11:33Z</time></trkpt>
      <trkpt lat="42.122573" lon="-79.957572"><ele>343</ele><time>2026-07-17T17:11:44Z</time></trkpt>
      <trkpt lat="42.122062" lon="-79.958382"><ele>346</ele><time>2026-07-17T17:11:49Z</time></trkpt>
      <trkpt lat="42.121465" lon="-79.959305"><ele>348.96</ele><time>2026-07-17T17:11:55Z</time></trkpt>
      <trkpt lat="42.12038" lon="-79.960964"><ele>350.86</ele><time>2026-07-17T17:12:02Z</time></trkpt>
      <trkpt lat="42.118948" lon="-79.963135"><ele>348.09</ele><time>2026-07-17T17:12:10Z</time></trkpt>
      <trkpt lat="42.118007" lon="-79.964573"><ele>348</ele><time>2026-07-17T17:12:16Z</time></trkpt>
      <trkpt lat="42.116537" lon="-79.966869"><ele>350</ele><time>2026-07-17T17:12:24Z</time></trkpt>
      <trkpt lat="42.11382" lon="-79.97101"><ele>357.77</ele><time>2026-07-17T17:12:38Z</time></trkpt>
      <trkpt lat="42.111604" lon="-79.974394"><ele>361</ele><time>2026-07-17T17:12:51Z</time></trkpt>
      <trkpt lat="42.108938" lon="-79.978471"><ele>357.97</ele><time>2026-07-17T17:13:05Z</time></trkpt>
      <trkpt lat="42.106725" lon="-79.981845"><ele>352.63</ele><time>2026-07-17T17:13:18Z</time></trkpt>
      <trkpt lat="42.105717" lon="-79.983384"><ele>348.35</ele><time>2026-07-17T17:13:26Z</time></trkpt>
      <trkpt lat="42.105379" lon="-79.983899"><ele>349.07</ele><time>2026-07-17T17:13:30Z</time></trkpt>
      <trkpt lat="42.102926" lon="-79.987647"><ele>339.27</ele><time>2026-07-17T17:13:45Z</time></trkpt>
      <trkpt lat="42.10217" lon="-79.988804"><ele>334</ele><time>2026-07-17T17:13:52Z</time></trkpt>
      <trkpt lat="42.101875" lon="-79.98927"><ele>330.48</ele><time>2026-07-17T17:13:56Z</time></trkpt>
      <trkpt lat="42.10119" lon="-79.990414"><ele>331.95</ele><time>2026-07-17T17:14:01Z</time></trkpt>
      <trkpt lat="42.100946" lon="-79.990846"><ele>334.13</ele><time>2026-07-17T17:14:04Z</time></trkpt>
      <trkpt lat="42.10066" lon="-79.991335"><ele>334.68</ele><time>2026-07-17T17:14:07Z</time></trkpt>
      <trkpt lat="42.100142" lon="-79.99231"><ele>337.99</ele><time>2026-07-17T17:14:12Z</time></trkpt>
      <trkpt lat="42.099766" lon="-79.993059"><ele>339.67</ele><time>2026-07-17T17:14:17Z</time></trkpt>
      <trkpt lat="42.099496" lon="-79.993621"><ele>340.48</ele><time>2026-07-17T17:14:21Z</time></trkpt>
      <trkpt lat="42.099364" lon="-79.993924"><ele>341.45</ele><time>2026-07-17T17:14:23Z</time></trkpt>
      <trkpt lat="42.098902" lon="-79.994887"><ele>343</ele><time>2026-07-17T17:14:28Z</time></trkpt>
      <trkpt lat="42.096653" lon="-79.999569"><ele>339</ele><time>2026-07-17T17:14:43Z</time></trkpt>
      <trkpt lat="42.094091" lon="-80.0049"><ele>339.17</ele><time>2026-07-17T17:15:01Z</time></trkpt>
      <trkpt lat="42.093656" lon="-80.005789"><ele>339.22</ele><time>2026-07-17T17:15:06Z</time></trkpt>
      <trkpt lat="42.093185" lon="-80.006692"><ele>338.19</ele><time>2026-07-17T17:15:11Z</time></trkpt>
      <trkpt lat="42.092848" lon="-80.007303"><ele>338.07</ele><time>2026-07-17T17:15:15Z</time></trkpt>
      <trkpt lat="42.092201" lon="-80.008431"><ele>337.84</ele><time>2026-07-17T17:15:21Z</time></trkpt>
      <trkpt lat="42.091844" lon="-80.009023"><ele>337.73</ele><time>2026-07-17T17:15:25Z</time></trkpt>
      <trkpt lat="42.091415" lon="-80.009704"><ele>337.59</ele><time>2026-07-17T17:15:29Z</time></trkpt>
      <trkpt lat="42.091142" lon="-80.01012"><ele>337.51</ele><time>2026-07-17T17:15:32Z</time></trkpt>
      <trkpt lat="42.090616" lon="-80.010897"><ele>339.91</ele><time>2026-07-17T17:15:36Z</time></trkpt>
      <trkpt lat="42.090116" lon="-80.011603"><ele>342.01</ele><time>2026-07-17T17:15:40Z</time></trkpt>
      <trkpt lat="42.088479" lon="-80.013826"><ele>349.94</ele><time>2026-07-17T17:15:48Z</time></trkpt>
      <trkpt lat="42.087704" lon="-80.014883"><ele>352</ele><time>2026-07-17T17:15:54Z</time></trkpt>
      <trkpt lat="42.086772" lon="-80.01615"><ele>352.13</ele><time>2026-07-17T17:16:01Z</time></trkpt>
      <trkpt lat="42.08495" lon="-80.018628"><ele>349</ele><time>2026-07-17T17:16:10Z</time></trkpt>
      <trkpt lat="42.0786" lon="-80.027273"><ele>354.64</ele><time>2026-07-17T17:16:40Z</time></trkpt>
      <trkpt lat="42.078415" lon="-80.027528"><ele>354.51</ele><time>2026-07-17T17:16:42Z</time></trkpt>
      <trkpt lat="42.078231" lon="-80.027782"><ele>350.73</ele><time>2026-07-17T17:16:44Z</time></trkpt>
      <trkpt lat="42.078001" lon="-80.028087"><ele>350.63</ele><time>2026-07-17T17:16:47Z</time></trkpt>
      <trkpt lat="42.077827" lon="-80.028319"><ele>353.83</ele><time>2026-07-17T17:16:49Z</time></trkpt>
      <trkpt lat="42.077303" lon="-80.029016"><ele>352.88</ele><time>2026-07-17T17:16:53Z</time></trkpt>
      <trkpt lat="42.07522" lon="-80.031878"><ele>345</ele><time>2026-07-17T17:17:03Z</time></trkpt>
      <trkpt lat="42.075041" lon="-80.032127"><ele>342.28</ele><time>2026-07-17T17:17:05Z</time></trkpt>
      <trkpt lat="42.074253" lon="-80.033261"><ele>341.01</ele><time>2026-07-17T17:17:11Z</time></trkpt>
      <trkpt lat="42.073268" lon="-80.034747"><ele>337</ele><time>2026-07-17T17:17:17Z</time></trkpt>
      <trkpt lat="42.072715" lon="-80.035608"><ele>335</ele><time>2026-07-17T17:17:23Z</time></trkpt>
      <trkpt lat="42.071887" lon="-80.036947"><ele>332.43</ele><time>2026-07-17T17:17:29Z</time></trkpt>
      <trkpt lat="42.070894" lon="-80.038636"><ele>334.03</ele><time>2026-07-17T17:17:36Z</time></trkpt>
      <trkpt lat="42.069876" lon="-80.040415"><ele>335.97</ele><time>2026-07-17T17:17:44Z</time></trkpt>
      <trkpt lat="42.066823" lon="-80.045955"><ele>330.98</ele><time>2026-07-17T17:18:03Z</time></trkpt>
      <trkpt lat="42.065176" lon="-80.04891"><ele>338.88</ele><time>2026-07-17T17:18:14Z</time></trkpt>
      <trkpt lat="42.065049" lon="-80.04914"><ele>335.35</ele><time>2026-07-17T17:18:16Z</time></trkpt>
      <trkpt lat="42.064881" lon="-80.049443"><ele>340.98</ele><time>2026-07-17T17:18:18Z</time></trkpt>
      <trkpt lat="42.062205" lon="-80.054277"><ele>355</ele><time>2026-07-17T17:18:35Z</time></trkpt>
      <trkpt lat="42.060931" lon="-80.056572"><ele>358.94</ele><time>2026-07-17T17:18:44Z</time></trkpt>
      <trkpt lat="42.057462" lon="-80.062829"><ele>355.72</ele><time>2026-07-17T17:19:04Z</time></trkpt>
      <trkpt lat="42.055629" lon="-80.066133"><ele>360.06</ele><time>2026-07-17T17:19:16Z</time></trkpt>
      <trkpt lat="42.055181" lon="-80.06699"><ele>361</ele><time>2026-07-17T17:19:21Z</time></trkpt>
      <trkpt lat="42.054915" lon="-80.067557"><ele>361.85</ele><time>2026-07-17T17:19:25Z</time></trkpt>
      <trkpt lat="42.054446" lon="-80.06853"><ele>362</ele><time>2026-07-17T17:19:30Z</time></trkpt>
      <trkpt lat="42.054102" lon="-80.069285"><ele>362.75</ele><time>2026-07-17T17:19:34Z</time></trkpt>
      <trkpt lat="42.053619" lon="-80.07041"><ele>361.84</ele><time>2026-07-17T17:19:40Z</time></trkpt>
      <trkpt lat="42.053123" lon="-80.071657"><ele>364</ele><time>2026-07-17T17:19:45Z</time></trkpt>
      <trkpt lat="42.052849" lon="-80.072398"><ele>364</ele><time>2026-07-17T17:19:49Z</time></trkpt>
      <trkpt lat="42.05259" lon="-80.073154"><ele>364.44</ele><time>2026-07-17T17:19:53Z</time></trkpt>
      <trkpt lat="42.050968" lon="-80.077514"><ele>371</ele><time>2026-07-17T17:20:07Z</time></trkpt>
      <trkpt lat="42.049894" lon="-80.080461"><ele>373.75</ele><time>2026-07-17T17:20:15Z</time></trkpt>
      <trkpt lat="42.049768" lon="-80.080801"><ele>373.73</ele><time>2026-07-17T17:20:17Z</time></trkpt>
      <trkpt lat="42.049643" lon="-80.081141"><ele>369.25</ele><time>2026-07-17T17:20:19Z</time></trkpt>
      <trkpt lat="42.049444" lon="-80.081699"><ele>369.57</ele><time>2026-07-17T17:20:23Z</time></trkpt>
      <trkpt lat="42.049334" lon="-80.082003"><ele>374.34</ele><time>2026-07-17T17:20:25Z</time></trkpt>
      <trkpt lat="42.044267" lon="-80.095936"><ele>358</ele><time>2026-07-17T17:21:11Z</time></trkpt>
      <trkpt lat="42.044001" lon="-80.096635"><ele>358.32</ele><time>2026-07-17T17:21:15Z</time></trkpt>
      <trkpt lat="42.043804" lon="-80.097135"><ele>357.24</ele><time>2026-07-17T17:21:18Z</time></trkpt>
      <trkpt lat="42.043505" lon="-80.09787"><ele>357</ele><time>2026-07-17T17:21:22Z</time></trkpt>
      <trkpt lat="42.042948" lon="-80.09914"><ele>355</ele><time>2026-07-17T17:21:28Z</time></trkpt>
      <trkpt lat="42.041083" lon="-80.103115"><ele>352</ele><time>2026-07-17T17:21:40Z</time></trkpt>
      <trkpt lat="42.036879" lon="-80.112051"><ele>340.03</ele><time>2026-07-17T17:22:11Z</time></trkpt>
      <trkpt lat="42.036729" lon="-80.112373"><ele>341.39</ele><time>2026-07-17T17:22:13Z</time></trkpt>
      <trkpt lat="42.036578" lon="-80.112695"><ele>339.21</ele><time>2026-07-17T17:22:15Z</time></trkpt>
      <trkpt lat="42.036122" lon="-80.113666"><ele>338</ele><time>2026-07-17T17:22:20Z</time></trkpt>
      <trkpt lat="42.032823" lon="-80.12067"><ele>332.97</ele><time>2026-07-17T17:22:44Z</time></trkpt>
      <trkpt lat="42.032238" lon="-80.121949"><ele>331.1</ele><time>2026-07-17T17:22:50Z</time></trkpt>
      <trkpt lat="42.031791" lon="-80.122905"><ele>330.64</ele><time>2026-07-17T17:22:55Z</time></trkpt>
      <trkpt lat="42.031419" lon="-80.123693"><ele>330</ele><time>2026-07-17T17:23:00Z</time></trkpt>
      <trkpt lat="42.030865" lon="-80.12483"><ele>330</ele><time>2026-07-17T17:23:06Z</time></trkpt>
      <trkpt lat="42.029" lon="-80.128792"><ele>332</ele><time>2026-07-17T17:23:18Z</time></trkpt>
      <trkpt lat="42.027673" lon="-80.131582"><ele>331.51</ele><time>2026-07-17T17:23:26Z</time></trkpt>
      <trkpt lat="42.027354" lon="-80.132292"><ele>331.71</ele><time>2026-07-17T17:23:30Z</time></trkpt>
      <trkpt lat="42.026965" lon="-80.133188"><ele>331</ele><time>2026-07-17T17:23:35Z</time></trkpt>
      <trkpt lat="42.026415" lon="-80.13457"><ele>330.67</ele><time>2026-07-17T17:23:41Z</time></trkpt>
      <trkpt lat="42.026133" lon="-80.135319"><ele>330</ele><time>2026-07-17T17:23:45Z</time></trkpt>
      <trkpt lat="42.025818" lon="-80.136213"><ele>329.99</ele><time>2026-07-17T17:23:49Z</time></trkpt>
      <trkpt lat="42.025444" lon="-80.137326"><ele>328.98</ele><time>2026-07-17T17:23:54Z</time></trkpt>
      <trkpt lat="42.025032" lon="-80.138685"><ele>327.85</ele><time>2026-07-17T17:24:00Z</time></trkpt>
      <trkpt lat="42.024789" lon="-80.139568"><ele>327</ele><time>2026-07-17T17:24:04Z</time></trkpt>
      <trkpt lat="42.024399" lon="-80.141094"><ele>325.79</ele><time>2026-07-17T17:24:11Z</time></trkpt>
      <trkpt lat="42.024122" lon="-80.14233"><ele>324</ele><time>2026-07-17T17:24:17Z</time></trkpt>
      <trkpt lat="42.023972" lon="-80.143057"><ele>324</ele><time>2026-07-17T17:24:21Z</time></trkpt>
      <trkpt lat="42.02383" lon="-80.14381"><ele>324</ele><time>2026-07-17T17:24:25Z</time></trkpt>
      <trkpt lat="42.023687" lon="-80.144638"><ele>325</ele><time>2026-07-17T17:24:29Z</time></trkpt>
      <trkpt lat="42.023548" lon="-80.1455"><ele>325.61</ele><time>2026-07-17T17:24:33Z</time></trkpt>
      <trkpt lat="42.023441" lon="-80.146235"><ele>326</ele><time>2026-07-17T17:24:37Z</time></trkpt>
      <trkpt lat="42.023334" lon="-80.147064"><ele>326.81</ele><time>2026-07-17T17:24:41Z</time></trkpt>
      <trkpt lat="42.023262" lon="-80.147684"><ele>327</ele><time>2026-07-17T17:24:44Z</time></trkpt>
      <trkpt lat="42.023009" lon="-80.150155"><ele>329</ele><time>2026-07-17T17:24:51Z</time></trkpt>
      <trkpt lat="42.022755" lon="-80.152679"><ele>329</ele><time>2026-07-17T17:24:59Z</time></trkpt>
      <trkpt lat="42.022502" lon="-80.155203"><ele>324.97</ele><time>2026-07-17T17:25:06Z</time></trkpt>
      <trkpt lat="42.021633" lon="-80.163855"><ele>303.71</ele><time>2026-07-17T17:25:31Z</time></trkpt>
      <trkpt lat="42.020946" lon="-80.170705"><ele>293</ele><time>2026-07-17T17:25:51Z</time></trkpt>
      <trkpt lat="42.020722" lon="-80.172872"><ele>293</ele><time>2026-07-17T17:25:59Z</time></trkpt>
      <trkpt lat="42.020276" lon="-80.177206"><ele>297</ele><time>2026-07-17T17:26:12Z</time></trkpt>
      <trkpt lat="42.020101" lon="-80.178698"><ele>298.12</ele><time>2026-07-17T17:26:17Z</time></trkpt>
      <trkpt lat="42.019397" lon="-80.18327"><ele>301</ele><time>2026-07-17T17:26:30Z</time></trkpt>
      <trkpt lat="42.018527" lon="-80.188787"><ele>303</ele><time>2026-07-17T17:26:45Z</time></trkpt>
      <trkpt lat="42.0178" lon="-80.193543"><ele>301.81</ele><time>2026-07-17T17:27:00Z</time></trkpt>
      <trkpt lat="42.015144" lon="-80.210668"><ele>293</ele><time>2026-07-17T17:27:44Z</time></trkpt>
      <trkpt lat="42.014921" lon="-80.212041"><ele>292</ele><time>2026-07-17T17:27:49Z</time></trkpt>
      <trkpt lat="42.014639" lon="-80.213517"><ele>291.98</ele><time>2026-07-17T17:27:55Z</time></trkpt>
      <trkpt lat="42.014363" lon="-80.214769"><ele>291</ele><time>2026-07-17T17:28:00Z</time></trkpt>
      <trkpt lat="42.014036" lon="-80.216185"><ele>290.78</ele><time>2026-07-17T17:28:07Z</time></trkpt>
      <trkpt lat="42.013566" lon="-80.217859"><ele>289.26</ele><time>2026-07-17T17:28:13Z</time></trkpt>
      <trkpt lat="42.013136" lon="-80.219232"><ele>289</ele><time>2026-07-17T17:28:19Z</time></trkpt>
      <trkpt lat="42.012697" lon="-80.220574"><ele>288.3</ele><time>2026-07-17T17:28:24Z</time></trkpt>
      <trkpt lat="42.01185" lon="-80.222765"><ele>287.49</ele><time>2026-07-17T17:28:32Z</time></trkpt>
      <trkpt lat="42.00765" lon="-80.232727"><ele>282.59</ele><time>2026-07-17T17:29:04Z</time></trkpt>
      <trkpt lat="42.006188" lon="-80.236271"><ele>281</ele><time>2026-07-17T17:29:15Z</time></trkpt>
      <trkpt lat="42.004317" lon="-80.240657"><ele>278.8</ele><time>2026-07-17T17:29:29Z</time></trkpt>
      <trkpt lat="42.002013" lon="-80.24615"><ele>276</ele><time>2026-07-17T17:29:45Z</time></trkpt>
      <trkpt lat="42.0012" lon="-80.248064"><ele>274.16</ele><time>2026-07-17T17:29:53Z</time></trkpt>
      <trkpt lat="42.000523" lon="-80.249659"><ele>274.82</ele><time>2026-07-17T17:29:59Z</time></trkpt>
      <trkpt lat="42.000388" lon="-80.249978"><ele>273.06</ele><time>2026-07-17T17:30:01Z</time></trkpt>
      <trkpt lat="42.000226" lon="-80.250362"><ele>273.15</ele><time>2026-07-17T17:30:03Z</time></trkpt>
      <trkpt lat="41.999186" lon="-80.25276"><ele>273</ele><time>2026-07-17T17:30:10Z</time></trkpt>
      <trkpt lat="41.996875" lon="-80.258353"><ele>270.31</ele><time>2026-07-17T17:30:29Z</time></trkpt>
      <trkpt lat="41.994715" lon="-80.263452"><ele>267.22</ele><time>2026-07-17T17:30:46Z</time></trkpt>
      <trkpt lat="41.99431" lon="-80.264408"><ele>268.37</ele><time>2026-07-17T17:30:51Z</time></trkpt>
      <trkpt lat="41.993095" lon="-80.267276"><ele>266</ele><time>2026-07-17T17:31:01Z</time></trkpt>
      <trkpt lat="41.992014" lon="-80.269826"><ele>266.46</ele><time>2026-07-17T17:31:10Z</time></trkpt>
      <trkpt lat="41.989978" lon="-80.274615"><ele>263</ele><time>2026-07-17T17:31:26Z</time></trkpt>
      <trkpt lat="41.988027" lon="-80.279202"><ele>255.55</ele><time>2026-07-17T17:31:40Z</time></trkpt>
      <trkpt lat="41.98599" lon="-80.284006"><ele>245.28</ele><time>2026-07-17T17:31:55Z</time></trkpt>
      <trkpt lat="41.984016" lon="-80.288699"><ele>231.06</ele><time>2026-07-17T17:32:10Z</time></trkpt>
      <trkpt lat="41.983172" lon="-80.290707"><ele>229.7</ele><time>2026-07-17T17:32:17Z</time></trkpt>
      <trkpt lat="41.98244" lon="-80.292476"><ele>230.28</ele><time>2026-07-17T17:32:24Z</time></trkpt>
      <trkpt lat="41.982306" lon="-80.292786"><ele>233.55</ele><time>2026-07-17T17:32:26Z</time></trkpt>
      <trkpt lat="41.982038" lon="-80.293407"><ele>235.63</ele><time>2026-07-17T17:32:30Z</time></trkpt>
      <trkpt lat="41.980161" lon="-80.297748"><ele>242</ele><time>2026-07-17T17:32:43Z</time></trkpt>
      <trkpt lat="41.977337" lon="-80.304734"><ele>243.69</ele><time>2026-07-17T17:33:03Z</time></trkpt>
      <trkpt lat="41.977089" lon="-80.305335"><ele>245.55</ele><time>2026-07-17T17:33:06Z</time></trkpt>
      <trkpt lat="41.975822" lon="-80.308318"><ele>245.15</ele><time>2026-07-17T17:33:16Z</time></trkpt>
      <trkpt lat="41.975186" lon="-80.309854"><ele>243.49</ele><time>2026-07-17T17:33:22Z</time></trkpt>
      <trkpt lat="41.972519" lon="-80.316482"><ele>251.32</ele><time>2026-07-17T17:33:42Z</time></trkpt>
      <trkpt lat="41.966733" lon="-80.330516"><ele>267.95</ele><time>2026-07-17T17:34:30Z</time></trkpt>
      <trkpt lat="41.96603" lon="-80.332221"><ele>266.95</ele><time>2026-07-17T17:34:37Z</time></trkpt>
      <trkpt lat="41.965347" lon="-80.333902"><ele>266</ele><time>2026-07-17T17:34:44Z</time></trkpt>
      <trkpt lat="41.965012" lon="-80.334764"><ele>266</ele><time>2026-07-17T17:34:48Z</time></trkpt>
      <trkpt lat="41.963081" lon="-80.339996"><ele>263.24</ele><time>2026-07-17T17:35:03Z</time></trkpt>
      <trkpt lat="41.962667" lon="-80.341213"><ele>263</ele><time>2026-07-17T17:35:08Z</time></trkpt>
      <trkpt lat="41.959013" lon="-80.351201"><ele>258</ele><time>2026-07-17T17:35:37Z</time></trkpt>
      <trkpt lat="41.958295" lon="-80.353158"><ele>255.78</ele><time>2026-07-17T17:35:44Z</time></trkpt>
      <trkpt lat="41.956379" lon="-80.358379"><ele>243.69</ele><time>2026-07-17T17:36:01Z</time></trkpt>
      <trkpt lat="41.955661" lon="-80.360337"><ele>244.81</ele><time>2026-07-17T17:36:08Z</time></trkpt>
      <trkpt lat="41.954825" lon="-80.362573"><ele>247.65</ele><time>2026-07-17T17:36:15Z</time></trkpt>
      <trkpt lat="41.953993" lon="-80.364853"><ele>250.53</ele><time>2026-07-17T17:36:22Z</time></trkpt>
      <trkpt lat="41.951856" lon="-80.370717"><ele>253.59</ele><time>2026-07-17T17:36:41Z</time></trkpt>
      <trkpt lat="41.948736" lon="-80.37931"><ele>261.72</ele><time>2026-07-17T17:37:06Z</time></trkpt>
      <trkpt lat="41.947444" lon="-80.382776"><ele>259.64</ele><time>2026-07-17T17:37:16Z</time></trkpt>
      <trkpt lat="41.947204" lon="-80.383505"><ele>259.16</ele><time>2026-07-17T17:37:20Z</time></trkpt>
      <trkpt lat="41.946829" lon="-80.384782"><ele>258.33</ele><time>2026-07-17T17:37:26Z</time></trkpt>
      <trkpt lat="41.946598" lon="-80.38564"><ele>257.77</ele><time>2026-07-17T17:37:31Z</time></trkpt>
      <trkpt lat="41.946231" lon="-80.387625"><ele>256.51</ele><time>2026-07-17T17:37:38Z</time></trkpt>
      <trkpt lat="41.946127" lon="-80.388365"><ele>256.05</ele><time>2026-07-17T17:37:42Z</time></trkpt>
      <trkpt lat="41.946023" lon="-80.38931"><ele>255.45</ele><time>2026-07-17T17:37:47Z</time></trkpt>
      <trkpt lat="41.945752" lon="-80.393204"><ele>253</ele><time>2026-07-17T17:37:58Z</time></trkpt>
      <trkpt lat="41.945197" lon="-80.401991"><ele>250</ele><time>2026-07-17T17:38:24Z</time></trkpt>
      <trkpt lat="41.944483" lon="-80.412752"><ele>246</ele><time>2026-07-17T17:38:51Z</time></trkpt>
      <trkpt lat="41.944148" lon="-80.418052"><ele>244.19</ele><time>2026-07-17T17:39:05Z</time></trkpt>
      <trkpt lat="41.943358" lon="-80.429972"><ele>239.01</ele><time>2026-07-17T17:39:40Z</time></trkpt>
      <trkpt lat="41.943294" lon="-80.431506"><ele>238</ele><time>2026-07-17T17:39:46Z</time></trkpt>
      <trkpt lat="41.943278" lon="-80.432354"><ele>237.61</ele><time>2026-07-17T17:39:50Z</time></trkpt>
      <trkpt lat="41.943299" lon="-80.439285"><ele>235</ele><time>2026-07-17T17:40:09Z</time></trkpt>
      <trkpt lat="41.94333" lon="-80.459615"><ele>222</ele><time>2026-07-17T17:41:01Z</time></trkpt>
      <trkpt lat="41.943358" lon="-80.468542"><ele>219</ele><time>2026-07-17T17:41:23Z</time></trkpt>
      <trkpt lat="41.943353" lon="-80.482543"><ele>214.97</ele><time>2026-07-17T17:42:05Z</time></trkpt>
      <trkpt lat="41.943323" lon="-80.489601"><ele>212.65</ele><time>2026-07-17T17:42:26Z</time></trkpt>
      <trkpt lat="41.943384" lon="-80.50411"><ele>207.79</ele><time>2026-07-17T17:43:02Z</time></trkpt>
      <trkpt lat="41.943352" lon="-80.505054"><ele>208</ele><time>2026-07-17T17:43:07Z</time></trkpt>
      <trkpt lat="41.943249" lon="-80.506106"><ele>207.69</ele><time>2026-07-17T17:43:12Z</time></trkpt>
      <trkpt lat="41.943105" lon="-80.506964"><ele>207.94</ele><time>2026-07-17T17:43:16Z</time></trkpt>
      <trkpt lat="41.942818" lon="-80.508112"><ele>207.36</ele><time>2026-07-17T17:43:21Z</time></trkpt>
      <trkpt lat="41.94253" lon="-80.508949"><ele>207.13</ele><time>2026-07-17T17:43:25Z</time></trkpt>
      <trkpt lat="41.942203" lon="-80.509732"><ele>206.85</ele><time>2026-07-17T17:43:29Z</time></trkpt>
      <trkpt lat="41.941764" lon="-80.510669"><ele>206.84</ele><time>2026-07-17T17:43:34Z</time></trkpt>
      <trkpt lat="41.93742" lon="-80.519345"><ele>208.38</ele><time>2026-07-17T17:44:00Z</time></trkpt>
      <trkpt lat="41.936548" lon="-80.521184"><ele>211.09</ele><time>2026-07-17T17:44:08Z</time></trkpt>
      <trkpt lat="41.935191" lon="-80.52395"><ele>215.2</ele><time>2026-07-17T17:44:17Z</time></trkpt>
      <trkpt lat="41.934844" lon="-80.52464"><ele>215.88</ele><time>2026-07-17T17:44:21Z</time></trkpt>
      <trkpt lat="41.931136" lon="-80.532159"><ele>214.1</ele><time>2026-07-17T17:44:46Z</time></trkpt>
      <trkpt lat="41.929649" lon="-80.535153"><ele>213.39</ele><time>2026-07-17T17:44:56Z</time></trkpt>
      <trkpt lat="41.928038" lon="-80.538446"><ele>212.28</ele><time>2026-07-17T17:45:06Z</time></trkpt>
      <trkpt lat="41.92641" lon="-80.541741"><ele>211</ele><time>2026-07-17T17:45:17Z</time></trkpt>
      <trkpt lat="41.923687" lon="-80.547266"><ele>212.73</ele><time>2026-07-17T17:45:34Z</time></trkpt>
      <trkpt lat="41.923219" lon="-80.548265"><ele>212.88</ele><time>2026-07-17T17:45:39Z</time></trkpt>
      <trkpt lat="41.922676" lon="-80.549493"><ele>213</ele><time>2026-07-17T17:45:45Z</time></trkpt>
      <trkpt lat="41.922255" lon="-80.55053"><ele>213.92</ele><time>2026-07-17T17:45:50Z</time></trkpt>
      <trkpt lat="41.921842" lon="-80.551603"><ele>214</ele><time>2026-07-17T17:45:55Z</time></trkpt>
      <trkpt lat="41.921473" lon="-80.552667"><ele>214.99</ele><time>2026-07-17T17:46:00Z</time></trkpt>
      <trkpt lat="41.920857" lon="-80.554516"><ele>214.91</ele><time>2026-07-17T17:46:07Z</time></trkpt>
      <trkpt lat="41.92049" lon="-80.555783"><ele>214.74</ele><time>2026-07-17T17:46:13Z</time></trkpt>
      <trkpt lat="41.920132" lon="-80.557086"><ele>214.51</ele><time>2026-07-17T17:46:18Z</time></trkpt>
      <trkpt lat="41.919532" lon="-80.559355"><ele>214.27</ele><time>2026-07-17T17:46:26Z</time></trkpt>
      <trkpt lat="41.919114" lon="-80.560895"><ele>214.49</ele><time>2026-07-17T17:46:33Z</time></trkpt>
      <trkpt lat="41.918982" lon="-80.561452"><ele>215</ele><time>2026-07-17T17:46:36Z</time></trkpt>
      <trkpt lat="41.917293" lon="-80.567801"><ele>216</ele><time>2026-07-17T17:46:53Z</time></trkpt>
      <trkpt lat="41.916382" lon="-80.571292"><ele>217</ele><time>2026-07-17T17:47:04Z</time></trkpt>
      <trkpt lat="41.916043" lon="-80.572532"><ele>218</ele><time>2026-07-17T17:47:09Z</time></trkpt>
      <trkpt lat="41.915797" lon="-80.573512"><ele>218</ele><time>2026-07-17T17:47:14Z</time></trkpt>
      <trkpt lat="41.914823" lon="-80.577151"><ele>218.98</ele><time>2026-07-17T17:47:24Z</time></trkpt>
      <trkpt lat="41.914308" lon="-80.57913"><ele>220</ele><time>2026-07-17T17:47:31Z</time></trkpt>
      <trkpt lat="41.913738" lon="-80.581267"><ele>221.6</ele><time>2026-07-17T17:47:39Z</time></trkpt>
      <trkpt lat="41.909579" lon="-80.597006"><ele>233.41</ele><time>2026-07-17T17:48:24Z</time></trkpt>
      <trkpt lat="41.909336" lon="-80.597874"><ele>234.07</ele><time>2026-07-17T17:48:28Z</time></trkpt>
      <trkpt lat="41.909058" lon="-80.598802"><ele>234.77</ele><time>2026-07-17T17:48:32Z</time></trkpt>
      <trkpt lat="41.908784" lon="-80.599658"><ele>235.42</ele><time>2026-07-17T17:48:37Z</time></trkpt>
      <trkpt lat="41.908458" lon="-80.600621"><ele>236.16</ele><time>2026-07-17T17:48:42Z</time></trkpt>
      <trkpt lat="41.908168" lon="-80.60143"><ele>236.78</ele><time>2026-07-17T17:48:46Z</time></trkpt>
      <trkpt lat="41.907847" lon="-80.602286"><ele>237.44</ele><time>2026-07-17T17:48:51Z</time></trkpt>
      <trkpt lat="41.902206" lon="-80.616437"><ele>248.49</ele><time>2026-07-17T17:49:36Z</time></trkpt>
      <trkpt lat="41.899722" lon="-80.622643"><ele>253.34</ele><time>2026-07-17T17:49:56Z</time></trkpt>
      <trkpt lat="41.899508" lon="-80.623172"><ele>252.88</ele><time>2026-07-17T17:49:59Z</time></trkpt>
      <trkpt lat="41.898885" lon="-80.624717"><ele>251.89</ele><time>2026-07-17T17:50:06Z</time></trkpt>
      <trkpt lat="41.897658" lon="-80.627815"><ele>249.92</ele><time>2026-07-17T17:50:16Z</time></trkpt>
      <trkpt lat="41.89647" lon="-80.630822"><ele>245</ele><time>2026-07-17T17:50:25Z</time></trkpt>
      <trkpt lat="41.895747" lon="-80.632598"><ele>242</ele><time>2026-07-17T17:50:31Z</time></trkpt>
      <trkpt lat="41.893473" lon="-80.638339"><ele>230.34</ele><time>2026-07-17T17:50:48Z</time></trkpt>
      <trkpt lat="41.892827" lon="-80.639949"><ele>227.02</ele><time>2026-07-17T17:50:55Z</time></trkpt>
      <trkpt lat="41.891721" lon="-80.64272"><ele>227.71</ele><time>2026-07-17T17:51:04Z</time></trkpt>
      <trkpt lat="41.889496" lon="-80.648285"><ele>237.59</ele><time>2026-07-17T17:51:20Z</time></trkpt>
      <trkpt lat="41.888809" lon="-80.650035"><ele>237.8</ele><time>2026-07-17T17:51:26Z</time></trkpt>
      <trkpt lat="41.887025" lon="-80.654448"><ele>232.87</ele><time>2026-07-17T17:51:40Z</time></trkpt>
      <trkpt lat="41.88641" lon="-80.655885"><ele>230.84</ele><time>2026-07-17T17:51:46Z</time></trkpt>
      <trkpt lat="41.885782" lon="-80.657284"><ele>228.99</ele><time>2026-07-17T17:51:52Z</time></trkpt>
      <trkpt lat="41.885359" lon="-80.658185"><ele>229</ele><time>2026-07-17T17:51:57Z</time></trkpt>
      <trkpt lat="41.884888" lon="-80.659164"><ele>229.97</ele><time>2026-07-17T17:52:02Z</time></trkpt>
      <trkpt lat="41.884347" lon="-80.660251"><ele>230.97</ele><time>2026-07-17T17:52:08Z</time></trkpt>
      <trkpt lat="41.883715" lon="-80.661475"><ele>232.39</ele><time>2026-07-17T17:52:15Z</time></trkpt>
      <trkpt lat="41.882968" lon="-80.662856"><ele>233.92</ele><time>2026-07-17T17:52:22Z</time></trkpt>
      <trkpt lat="41.88223" lon="-80.664167"><ele>235.03</ele><time>2026-07-17T17:52:28Z</time></trkpt>
      <trkpt lat="41.881794" lon="-80.664908"><ele>236</ele><time>2026-07-17T17:52:32Z</time></trkpt>
      <trkpt lat="41.881044" lon="-80.666145"><ele>237</ele><time>2026-07-17T17:52:39Z</time></trkpt>
      <trkpt lat="41.880387" lon="-80.667195"><ele>238.64</ele><time>2026-07-17T17:52:44Z</time></trkpt>
      <trkpt lat="41.879824" lon="-80.668065"><ele>239.9</ele><time>2026-07-17T17:52:49Z</time></trkpt>
      <trkpt lat="41.878742" lon="-80.669673"><ele>242</ele><time>2026-07-17T17:52:56Z</time></trkpt>
      <trkpt lat="41.878263" lon="-80.670358"><ele>242.47</ele><time>2026-07-17T17:53:00Z</time></trkpt>
      <trkpt lat="41.877445" lon="-80.671475"><ele>243.57</ele><time>2026-07-17T17:53:06Z</time></trkpt>
      <trkpt lat="41.876421" lon="-80.672827"><ele>244.97</ele><time>2026-07-17T17:53:13Z</time></trkpt>
      <trkpt lat="41.87588" lon="-80.673514"><ele>245</ele><time>2026-07-17T17:53:18Z</time></trkpt>
      <trkpt lat="41.875228" lon="-80.674311"><ele>245.73</ele><time>2026-07-17T17:53:23Z</time></trkpt>
      <trkpt lat="41.874068" lon="-80.675691"><ele>246</ele><time>2026-07-17T17:53:29Z</time></trkpt>
      <trkpt lat="41.87306" lon="-80.676819"><ele>246.93</ele><time>2026-07-17T17:53:36Z</time></trkpt>
      <trkpt lat="41.872406" lon="-80.677527"><ele>247</ele><time>2026-07-17T17:53:41Z</time></trkpt>
      <trkpt lat="41.869088" lon="-80.681048"><ele>248.04</ele><time>2026-07-17T17:53:56Z</time></trkpt>
      <trkpt lat="41.867833" lon="-80.682372"><ele>249.89</ele><time>2026-07-17T17:54:04Z</time></trkpt>
      <trkpt lat="41.864431" lon="-80.68597"><ele>251</ele><time>2026-07-17T17:54:19Z</time></trkpt>
      <trkpt lat="41.86055" lon="-80.690078"><ele>259.89</ele><time>2026-07-17T17:54:36Z</time></trkpt>
      <trkpt lat="41.859222" lon="-80.691467"><ele>262.39</ele><time>2026-07-17T17:54:43Z</time></trkpt>
      <trkpt lat="41.85683" lon="-80.694005"><ele>267.94</ele><time>2026-07-17T17:54:54Z</time></trkpt>
      <trkpt lat="41.855673" lon="-80.695238"><ele>269</ele><time>2026-07-17T17:55:01Z</time></trkpt>
      <trkpt lat="41.855031" lon="-80.69596"><ele>269</ele><time>2026-07-17T17:55:06Z</time></trkpt>
      <trkpt lat="41.854698" lon="-80.69635"><ele>269</ele><time>2026-07-17T17:55:09Z</time></trkpt>
      <trkpt lat="41.8538" lon="-80.697457"><ele>268</ele><time>2026-07-17T17:55:15Z</time></trkpt>
      <trkpt lat="41.852865" lon="-80.698681"><ele>268</ele><time>2026-07-17T17:55:22Z</time></trkpt>
      <trkpt lat="41.852125" lon="-80.699739"><ele>267</ele><time>2026-07-17T17:55:28Z</time></trkpt>
      <trkpt lat="41.851173" lon="-80.701203"><ele>265.61</ele><time>2026-07-17T17:55:35Z</time></trkpt>
      <trkpt lat="41.850526" lon="-80.702283"><ele>265</ele><time>2026-07-17T17:55:41Z</time></trkpt>
      <trkpt lat="41.849805" lon="-80.703567"><ele>266.63</ele><time>2026-07-17T17:55:47Z</time></trkpt>
      <trkpt lat="41.84918" lon="-80.704764"><ele>268</ele><time>2026-07-17T17:55:53Z</time></trkpt>
      <trkpt lat="41.848585" lon="-80.705982"><ele>269.37</ele><time>2026-07-17T17:55:59Z</time></trkpt>
      <trkpt lat="41.848151" lon="-80.706924"><ele>270.63</ele><time>2026-07-17T17:56:04Z</time></trkpt>
      <trkpt lat="41.847582" lon="-80.708269"><ele>271.57</ele><time>2026-07-17T17:56:10Z</time></trkpt>
      <trkpt lat="41.847029" lon="-80.709658"><ele>272</ele><time>2026-07-17T17:56:16Z</time></trkpt>
      <trkpt lat="41.846476" lon="-80.711185"><ele>271.58</ele><time>2026-07-17T17:56:23Z</time></trkpt>
      <trkpt lat="41.846114" lon="-80.712282"><ele>270.63</ele><time>2026-07-17T17:56:29Z</time></trkpt>
      <trkpt lat="41.845688" lon="-80.713532"><ele>269.78</ele><time>2026-07-17T17:56:35Z</time></trkpt>
      <trkpt lat="41.844271" lon="-80.717761"><ele>262.06</ele><time>2026-07-17T17:56:48Z</time></trkpt>
      <trkpt lat="41.843888" lon="-80.718843"><ele>260.91</ele><time>2026-07-17T17:56:53Z</time></trkpt>
      <trkpt lat="41.843171" lon="-80.720691"><ele>256.81</ele><time>2026-07-17T17:57:00Z</time></trkpt>
      <trkpt lat="41.842729" lon="-80.721727"><ele>255.11</ele><time>2026-07-17T17:57:05Z</time></trkpt>
      <trkpt lat="41.842264" lon="-80.722759"><ele>253.4</ele><time>2026-07-17T17:57:11Z</time></trkpt>
      <trkpt lat="41.841836" lon="-80.723663"><ele>251.92</ele><time>2026-07-17T17:57:16Z</time></trkpt>
      <trkpt lat="41.841412" lon="-80.72452"><ele>250.04</ele><time>2026-07-17T17:57:20Z</time></trkpt>
      <trkpt lat="41.840742" lon="-80.725794"><ele>247.61</ele><time>2026-07-17T17:57:26Z</time></trkpt>
      <trkpt lat="41.840498" lon="-80.726237"><ele>246.12</ele><time>2026-07-17T17:57:29Z</time></trkpt>
      <trkpt lat="41.839737" lon="-80.727527"><ele>245.99</ele><time>2026-07-17T17:57:35Z</time></trkpt>
      <trkpt lat="41.83908" lon="-80.728572"><ele>248.29</ele><time>2026-07-17T17:57:40Z</time></trkpt>
      <trkpt lat="41.838762" lon="-80.729056"><ele>249.09</ele><time>2026-07-17T17:57:43Z</time></trkpt>
      <trkpt lat="41.838473" lon="-80.729482"><ele>249.13</ele><time>2026-07-17T17:57:46Z</time></trkpt>
      <trkpt lat="41.83738" lon="-80.731062"><ele>252.98</ele><time>2026-07-17T17:57:53Z</time></trkpt>
      <trkpt lat="41.836651" lon="-80.732115"><ele>253.59</ele><time>2026-07-17T17:57:59Z</time></trkpt>
      <trkpt lat="41.836163" lon="-80.732872"><ele>253.91</ele><time>2026-07-17T17:58:03Z</time></trkpt>
      <trkpt lat="41.835635" lon="-80.73372"><ele>254</ele><time>2026-07-17T17:58:08Z</time></trkpt>
      <trkpt lat="41.834845" lon="-80.735061"><ele>254</ele><time>2026-07-17T17:58:14Z</time></trkpt>
      <trkpt lat="41.834292" lon="-80.736085"><ele>254</ele><time>2026-07-17T17:58:19Z</time></trkpt>
      <trkpt lat="41.833859" lon="-80.73692"><ele>254.84</ele><time>2026-07-17T17:58:23Z</time></trkpt>
      <trkpt lat="41.833364" lon="-80.737931"><ele>255.9</ele><time>2026-07-17T17:58:28Z</time></trkpt>
      <trkpt lat="41.832894" lon="-80.738959"><ele>255.93</ele><time>2026-07-17T17:58:33Z</time></trkpt>
      <trkpt lat="41.832346" lon="-80.74022"><ele>256.24</ele><time>2026-07-17T17:58:39Z</time></trkpt>
      <trkpt lat="41.831847" lon="-80.741451"><ele>258.33</ele><time>2026-07-17T17:58:45Z</time></trkpt>
      <trkpt lat="41.831329" lon="-80.742878"><ele>260.95</ele><time>2026-07-17T17:58:51Z</time></trkpt>
      <trkpt lat="41.831108" lon="-80.743518"><ele>261.9</ele><time>2026-07-17T17:58:55Z</time></trkpt>
      <trkpt lat="41.830774" lon="-80.744541"><ele>263.41</ele><time>2026-07-17T17:59:00Z</time></trkpt>
      <trkpt lat="41.830413" lon="-80.745722"><ele>265.15</ele><time>2026-07-17T17:59:05Z</time></trkpt>
      <trkpt lat="41.830106" lon="-80.746823"><ele>266.76</ele><time>2026-07-17T17:59:10Z</time></trkpt>
      <trkpt lat="41.829817" lon="-80.74794"><ele>268.38</ele><time>2026-07-17T17:59:15Z</time></trkpt>
      <trkpt lat="41.829625" lon="-80.748761"><ele>268.06</ele><time>2026-07-17T17:59:19Z</time></trkpt>
      <trkpt lat="41.829388" lon="-80.749812"><ele>266.69</ele><time>2026-07-17T17:59:24Z</time></trkpt>
      <trkpt lat="41.829107" lon="-80.751258"><ele>264.82</ele><time>2026-07-17T17:59:31Z</time></trkpt>
      <trkpt lat="41.828823" lon="-80.752913"><ele>262.7</ele><time>2026-07-17T17:59:37Z</time></trkpt>
      <trkpt lat="41.828621" lon="-80.754351"><ele>260.86</ele><time>2026-07-17T17:59:42Z</time></trkpt>
      <trkpt lat="41.828441" lon="-80.755898"><ele>258.89</ele><time>2026-07-17T17:59:48Z</time></trkpt>
      <trkpt lat="41.828385" lon="-80.756598"><ele>258</ele><time>2026-07-17T17:59:52Z</time></trkpt>
      <trkpt lat="41.82831" lon="-80.757355"><ele>258.93</ele><time>2026-07-17T17:59:56Z</time></trkpt>
      <trkpt lat="41.828246" lon="-80.758304"><ele>259</ele><time>2026-07-17T18:00:00Z</time></trkpt>
      <trkpt lat="41.82817" lon="-80.759776"><ele>258.96</ele><time>2026-07-17T18:00:06Z</time></trkpt>
      <trkpt lat="41.828138" lon="-80.761113"><ele>259.19</ele><time>2026-07-17T18:00:12Z</time></trkpt>
      <trkpt lat="41.828133" lon="-80.764929"><ele>262</ele><time>2026-07-17T18:00:23Z</time></trkpt>
      <trkpt lat="41.828147" lon="-80.771139"><ele>267.99</ele><time>2026-07-17T18:00:40Z</time></trkpt>
      <trkpt lat="41.828157" lon="-80.775878"><ele>267.64</ele><time>2026-07-17T18:00:54Z</time></trkpt>
      <trkpt lat="41.828165" lon="-80.782751"><ele>263.7</ele><time>2026-07-17T18:01:12Z</time></trkpt>
      <trkpt lat="41.828155" lon="-80.784227"><ele>262.3</ele><time>2026-07-17T18:01:18Z</time></trkpt>
      <trkpt lat="41.828129" lon="-80.784815"><ele>262</ele><time>2026-07-17T18:01:21Z</time></trkpt>
      <trkpt lat="41.828053" lon="-80.785626"><ele>260.9</ele><time>2026-07-17T18:01:25Z</time></trkpt>
      <trkpt lat="41.827981" lon="-80.786271"><ele>260.97</ele><time>2026-07-17T18:01:28Z</time></trkpt>
      <trkpt lat="41.827892" lon="-80.786903"><ele>260.27</ele><time>2026-07-17T18:01:32Z</time></trkpt>
      <trkpt lat="41.8278" lon="-80.787453"><ele>259.63</ele><time>2026-07-17T18:01:35Z</time></trkpt>
      <trkpt lat="41.827717" lon="-80.787877"><ele>259.91</ele><time>2026-07-17T18:01:38Z</time></trkpt>
      <trkpt lat="41.827637" lon="-80.78823"><ele>259.28</ele><time>2026-07-17T18:01:40Z</time></trkpt>
      <trkpt lat="41.827409" lon="-80.789164"><ele>258.5</ele><time>2026-07-17T18:01:45Z</time></trkpt>
      <trkpt lat="41.827295" lon="-80.789567"><ele>258.53</ele><time>2026-07-17T18:01:47Z</time></trkpt>
      <trkpt lat="41.827184" lon="-80.789913"><ele>257.79</ele><time>2026-07-17T18:01:49Z</time></trkpt>
      <trkpt lat="41.827064" lon="-80.790254"><ele>257.81</ele><time>2026-07-17T18:01:52Z</time></trkpt>
      <trkpt lat="41.826785" lon="-80.790995"><ele>257.64</ele><time>2026-07-17T18:01:56Z</time></trkpt>
      <trkpt lat="41.826469" lon="-80.791757"><ele>257.89</ele><time>2026-07-17T18:02:01Z</time></trkpt>
      <trkpt lat="41.826047" lon="-80.792639"><ele>258.87</ele><time>2026-07-17T18:02:06Z</time></trkpt>
      <trkpt lat="41.825532" lon="-80.79356"><ele>258.91</ele><time>2026-07-17T18:02:11Z</time></trkpt>
      <trkpt lat="41.825263" lon="-80.794"><ele>259</ele><time>2026-07-17T18:02:14Z</time></trkpt>
      <trkpt lat="41.825012" lon="-80.794379"><ele>259.74</ele><time>2026-07-17T18:02:17Z</time></trkpt>
      <trkpt lat="41.81813" lon="-80.803804"><ele>266.82</ele><time>2026-07-17T18:02:52Z</time></trkpt>
      <trkpt lat="41.812467" lon="-80.811543"><ele>259.84</ele><time>2026-07-17T18:03:24Z</time></trkpt>
      <trkpt lat="41.811883" lon="-80.812383"><ele>258.57</ele><time>2026-07-17T18:03:29Z</time></trkpt>
      <trkpt lat="41.811379" lon="-80.813129"><ele>257.94</ele><time>2026-07-17T18:03:34Z</time></trkpt>
      <trkpt lat="41.810659" lon="-80.814231"><ele>257.92</ele><time>2026-07-17T18:03:40Z</time></trkpt>
      <trkpt lat="41.810084" lon="-80.815154"><ele>258</ele><time>2026-07-17T18:03:45Z</time></trkpt>
      <trkpt lat="41.809449" lon="-80.816224"><ele>258.95</ele><time>2026-07-17T18:03:51Z</time></trkpt>
      <trkpt lat="41.807348" lon="-80.819875"><ele>261</ele><time>2026-07-17T18:04:05Z</time></trkpt>
      <trkpt lat="41.801397" lon="-80.830248"><ele>264.47</ele><time>2026-07-17T18:04:44Z</time></trkpt>
      <trkpt lat="41.801167" lon="-80.830631"><ele>264.98</ele><time>2026-07-17T18:04:47Z</time></trkpt>
      <trkpt lat="41.800397" lon="-80.831993"><ele>264.96</ele><time>2026-07-17T18:04:53Z</time></trkpt>
      <trkpt lat="41.799124" lon="-80.834208"><ele>266</ele><time>2026-07-17T18:05:01Z</time></trkpt>
      <trkpt lat="41.798795" lon="-80.834782"><ele>266.01</ele><time>2026-07-17T18:05:05Z</time></trkpt>
      <trkpt lat="41.798131" lon="-80.83593"><ele>266.84</ele><time>2026-07-17T18:05:11Z</time></trkpt>
      <trkpt lat="41.795859" lon="-80.839902"><ele>265</ele><time>2026-07-17T18:05:25Z</time></trkpt>
      <trkpt lat="41.795381" lon="-80.840714"><ele>264.84</ele><time>2026-07-17T18:05:30Z</time></trkpt>
      <trkpt lat="41.792727" lon="-80.845348"><ele>262</ele><time>2026-07-17T18:05:45Z</time></trkpt>
      <trkpt lat="41.783284" lon="-80.861781"><ele>254</ele><time>2026-07-17T18:06:37Z</time></trkpt>
      <trkpt lat="41.78036" lon="-80.866885"><ele>251.64</ele><time>2026-07-17T18:06:53Z</time></trkpt>
      <trkpt lat="41.778277" lon="-80.870504"><ele>252.48</ele><time>2026-07-17T18:07:05Z</time></trkpt>
      <trkpt lat="41.777618" lon="-80.871744"><ele>252.69</ele><time>2026-07-17T18:07:11Z</time></trkpt>
      <trkpt lat="41.777135" lon="-80.872711"><ele>252.39</ele><time>2026-07-17T18:07:16Z</time></trkpt>
      <trkpt lat="41.776567" lon="-80.873916"><ele>252.48</ele><time>2026-07-17T18:07:22Z</time></trkpt>
      <trkpt lat="41.776276" lon="-80.874568"><ele>251.96</ele><time>2026-07-17T18:07:26Z</time></trkpt>
      <trkpt lat="41.775677" lon="-80.875994"><ele>251.94</ele><time>2026-07-17T18:07:33Z</time></trkpt>
      <trkpt lat="41.775434" lon="-80.876612"><ele>251.71</ele><time>2026-07-17T18:07:37Z</time></trkpt>
      <trkpt lat="41.775044" lon="-80.877655"><ele>251.93</ele><time>2026-07-17T18:07:42Z</time></trkpt>
      <trkpt lat="41.7746" lon="-80.878932"><ele>252.37</ele><time>2026-07-17T18:07:48Z</time></trkpt>
      <trkpt lat="41.774279" lon="-80.879928"><ele>253.44</ele><time>2026-07-17T18:07:53Z</time></trkpt>
      <trkpt lat="41.77406" lon="-80.88064"><ele>254.27</ele><time>2026-07-17T18:07:57Z</time></trkpt>
      <trkpt lat="41.773876" lon="-80.881277"><ele>254.34</ele><time>2026-07-17T18:08:01Z</time></trkpt>
      <trkpt lat="41.773594" lon="-80.882313"><ele>255.49</ele><time>2026-07-17T18:08:06Z</time></trkpt>
      <trkpt lat="41.773362" lon="-80.883218"><ele>256</ele><time>2026-07-17T18:08:11Z</time></trkpt>
      <trkpt lat="41.773164" lon="-80.884056"><ele>256.66</ele><time>2026-07-17T18:08:16Z</time></trkpt>
      <trkpt lat="41.772919" lon="-80.885181"><ele>257.53</ele><time>2026-07-17T18:08:21Z</time></trkpt>
      <trkpt lat="41.772643" lon="-80.886591"><ele>258.38</ele><time>2026-07-17T18:08:28Z</time></trkpt>
      <trkpt lat="41.772495" lon="-80.887449"><ele>259</ele><time>2026-07-17T18:08:32Z</time></trkpt>
      <trkpt lat="41.772358" lon="-80.888306"><ele>259.85</ele><time>2026-07-17T18:08:36Z</time></trkpt>
      <trkpt lat="41.772179" lon="-80.889577"><ele>260.24</ele><time>2026-07-17T18:08:42Z</time></trkpt>
      <trkpt lat="41.772013" lon="-80.891013"><ele>260.54</ele><time>2026-07-17T18:08:48Z</time></trkpt>
      <trkpt lat="41.771929" lon="-80.891893"><ele>260.19</ele><time>2026-07-17T18:08:52Z</time></trkpt>
      <trkpt lat="41.77182" lon="-80.893268"><ele>260</ele><time>2026-07-17T18:08:58Z</time></trkpt>
      <trkpt lat="41.771745" lon="-80.894678"><ele>259.46</ele><time>2026-07-17T18:09:04Z</time></trkpt>
      <trkpt lat="41.771253" lon="-80.905325"><ele>254</ele><time>2026-07-17T18:09:33Z</time></trkpt>
      <trkpt lat="41.77067" lon="-80.917885"><ele>256</ele><time>2026-07-17T18:10:08Z</time></trkpt>
      <trkpt lat="41.77001" lon="-80.932079"><ele>251.9</ele><time>2026-07-17T18:10:48Z</time></trkpt>
      <trkpt lat="41.769938" lon="-80.933702"><ele>251</ele><time>2026-07-17T18:10:55Z</time></trkpt>
      <trkpt lat="41.769878" lon="-80.935432"><ele>250</ele><time>2026-07-17T18:11:01Z</time></trkpt>
      <trkpt lat="41.769728" lon="-80.940407"><ele>250.65</ele><time>2026-07-17T18:11:16Z</time></trkpt>
      <trkpt lat="41.769623" lon="-80.943838"><ele>249.83</ele><time>2026-07-17T18:11:26Z</time></trkpt>
      <trkpt lat="41.769523" lon="-80.947285"><ele>247</ele><time>2026-07-17T18:11:35Z</time></trkpt>
      <trkpt lat="41.769255" lon="-80.956104"><ele>247.96</ele><time>2026-07-17T18:11:58Z</time></trkpt>
      <trkpt lat="41.769158" lon="-80.959414"><ele>246.21</ele><time>2026-07-17T18:12:07Z</time></trkpt>
      <trkpt lat="41.769001" lon="-80.964486"><ele>247.99</ele><time>2026-07-17T18:12:20Z</time></trkpt>
      <trkpt lat="41.768867" lon="-80.968976"><ele>246.94</ele><time>2026-07-17T18:12:31Z</time></trkpt>
      <trkpt lat="41.768646" lon="-80.976314"><ele>242.3</ele><time>2026-07-17T18:12:51Z</time></trkpt>
      <trkpt lat="41.768598" lon="-80.977772"><ele>243</ele><time>2026-07-17T18:12:56Z</time></trkpt>
      <trkpt lat="41.768529" lon="-80.979082"><ele>243.99</ele><time>2026-07-17T18:13:01Z</time></trkpt>
      <trkpt lat="41.768443" lon="-80.980284"><ele>244.64</ele><time>2026-07-17T18:13:07Z</time></trkpt>
      <trkpt lat="41.768331" lon="-80.9815"><ele>244.76</ele><time>2026-07-17T18:13:13Z</time></trkpt>
      <trkpt lat="41.768226" lon="-80.982438"><ele>244.95</ele><time>2026-07-17T18:13:17Z</time></trkpt>
      <trkpt lat="41.768134" lon="-80.983191"><ele>244.23</ele><time>2026-07-17T18:13:21Z</time></trkpt>
      <trkpt lat="41.76806" lon="-80.983725"><ele>244.02</ele><time>2026-07-17T18:13:24Z</time></trkpt>
      <trkpt lat="41.767911" lon="-80.984716"><ele>243.87</ele><time>2026-07-17T18:13:29Z</time></trkpt>
      <trkpt lat="41.767762" lon="-80.985604"><ele>243.33</ele><time>2026-07-17T18:13:33Z</time></trkpt>
      <trkpt lat="41.767598" lon="-80.986496"><ele>243.08</ele><time>2026-07-17T18:13:37Z</time></trkpt>
      <trkpt lat="41.767358" lon="-80.987672"><ele>243.18</ele><time>2026-07-17T18:13:42Z</time></trkpt>
      <trkpt lat="41.76723" lon="-80.988255"><ele>243.44</ele><time>2026-07-17T18:13:45Z</time></trkpt>
      <trkpt lat="41.766962" lon="-80.989394"><ele>244</ele><time>2026-07-17T18:13:50Z</time></trkpt>
      <trkpt lat="41.766667" lon="-80.990551"><ele>244.79</ele><time>2026-07-17T18:13:56Z</time></trkpt>
      <trkpt lat="41.765307" lon="-80.995519"><ele>246</ele><time>2026-07-17T18:14:12Z</time></trkpt>
      <trkpt lat="41.765109" lon="-80.996288"><ele>246.63</ele><time>2026-07-17T18:14:16Z</time></trkpt>
      <trkpt lat="41.764865" lon="-80.997296"><ele>246.74</ele><time>2026-07-17T18:14:21Z</time></trkpt>
      <trkpt lat="41.764603" lon="-80.998483"><ele>246.94</ele><time>2026-07-17T18:14:27Z</time></trkpt>
      <trkpt lat="41.764331" lon="-80.999892"><ele>247</ele><time>2026-07-17T18:14:34Z</time></trkpt>
      <trkpt lat="41.764134" lon="-81.001008"><ele>247</ele><time>2026-07-17T18:14:39Z</time></trkpt>
      <trkpt lat="41.763971" lon="-81.002081"><ele>247</ele><time>2026-07-17T18:14:44Z</time></trkpt>
      <trkpt lat="41.763854" lon="-81.002943"><ele>248</ele><time>2026-07-17T18:14:48Z</time></trkpt>
      <trkpt lat="41.763801" lon="-81.003421"><ele>248</ele><time>2026-07-17T18:14:51Z</time></trkpt>
      <trkpt lat="41.763536" lon="-81.006102"><ele>249</ele><time>2026-07-17T18:15:00Z</time></trkpt>
      <trkpt lat="41.762791" lon="-81.021104"><ele>244.58</ele><time>2026-07-17T18:15:42Z</time></trkpt>
      <trkpt lat="41.762574" lon="-81.025696"><ele>243</ele><time>2026-07-17T18:15:54Z</time></trkpt>
      <trkpt lat="41.762394" lon="-81.029902"><ele>242</ele><time>2026-07-17T18:16:06Z</time></trkpt>
      <trkpt lat="41.762305" lon="-81.031747"><ele>241</ele><time>2026-07-17T18:16:12Z</time></trkpt>
      <trkpt lat="41.762177" lon="-81.033661"><ele>241.79</ele><time>2026-07-17T18:16:18Z</time></trkpt>
      <trkpt lat="41.762029" lon="-81.035052"><ele>242.64</ele><time>2026-07-17T18:16:24Z</time></trkpt>
      <trkpt lat="41.761793" lon="-81.037077"><ele>244</ele><time>2026-07-17T18:16:31Z</time></trkpt>
      <trkpt lat="41.761517" lon="-81.038657"><ele>244.42</ele><time>2026-07-17T18:16:37Z</time></trkpt>
      <trkpt lat="41.761182" lon="-81.040365"><ele>243.95</ele><time>2026-07-17T18:16:43Z</time></trkpt>
      <trkpt lat="41.760804" lon="-81.042004"><ele>244</ele><time>2026-07-17T18:16:50Z</time></trkpt>
      <trkpt lat="41.760169" lon="-81.044331"><ele>243.44</ele><time>2026-07-17T18:16:58Z</time></trkpt>
      <trkpt lat="41.759614" lon="-81.046244"><ele>244</ele><time>2026-07-17T18:17:05Z</time></trkpt>
      <trkpt lat="41.75898" lon="-81.048089"><ele>244.17</ele><time>2026-07-17T18:17:12Z</time></trkpt>
      <trkpt lat="41.758284" lon="-81.049901"><ele>245</ele><time>2026-07-17T18:17:19Z</time></trkpt>
      <trkpt lat="41.756693" lon="-81.053878"><ele>246</ele><time>2026-07-17T18:17:31Z</time></trkpt>
      <trkpt lat="41.755519" lon="-81.056834"><ele>248</ele><time>2026-07-17T18:17:40Z</time></trkpt>
      <trkpt lat="41.750054" lon="-81.070614"><ele>246.95</ele><time>2026-07-17T18:18:27Z</time></trkpt>
      <trkpt lat="41.745678" lon="-81.08158"><ele>246.12</ele><time>2026-07-17T18:19:01Z</time></trkpt>
      <trkpt lat="41.744254" lon="-81.085228"><ele>245.84</ele><time>2026-07-17T18:19:12Z</time></trkpt>
      <trkpt lat="41.740866" lon="-81.09364"><ele>245.21</ele><time>2026-07-17T18:19:39Z</time></trkpt>
      <trkpt lat="41.740034" lon="-81.09576"><ele>245.05</ele><time>2026-07-17T18:19:47Z</time></trkpt>
      <trkpt lat="41.739393" lon="-81.097219"><ele>244.93</ele><time>2026-07-17T18:19:53Z</time></trkpt>
      <trkpt lat="41.738689" lon="-81.098764"><ele>244.82</ele><time>2026-07-17T18:20:00Z</time></trkpt>
      <trkpt lat="41.737677" lon="-81.100606"><ele>244.67</ele><time>2026-07-17T18:20:08Z</time></trkpt>
      <trkpt lat="41.73616" lon="-81.102823"><ele>244.48</ele><time>2026-07-17T18:20:16Z</time></trkpt>
      <trkpt lat="41.734408" lon="-81.105476"><ele>244.54</ele><time>2026-07-17T18:20:27Z</time></trkpt>
      <trkpt lat="41.729414" lon="-81.112729"><ele>254.18</ele><time>2026-07-17T18:20:56Z</time></trkpt>
      <trkpt lat="41.727973" lon="-81.114737"><ele>256.77</ele><time>2026-07-17T18:21:04Z</time></trkpt>
      <trkpt lat="41.726801" lon="-81.116591"><ele>259.41</ele><time>2026-07-17T18:21:12Z</time></trkpt>
      <trkpt lat="41.726019" lon="-81.117999"><ele>261</ele><time>2026-07-17T18:21:18Z</time></trkpt>
      <trkpt lat="41.725123" lon="-81.119681"><ele>262.95</ele><time>2026-07-17T18:21:25Z</time></trkpt>
      <trkpt lat="41.724277" lon="-81.121483"><ele>262.04</ele><time>2026-07-17T18:21:33Z</time></trkpt>
      <trkpt lat="41.723547" lon="-81.123183"><ele>261.95</ele><time>2026-07-17T18:21:40Z</time></trkpt>
      <trkpt lat="41.722861" lon="-81.124985"><ele>261</ele><time>2026-07-17T18:21:47Z</time></trkpt>
      <trkpt lat="41.722201" lon="-81.126916"><ele>260</ele><time>2026-07-17T18:21:55Z</time></trkpt>
      <trkpt lat="41.721676" lon="-81.128659"><ele>260.79</ele><time>2026-07-17T18:22:02Z</time></trkpt>
      <trkpt lat="41.721196" lon="-81.130461"><ele>261</ele><time>2026-07-17T18:22:09Z</time></trkpt>
      <trkpt lat="41.720779" lon="-81.132212"><ele>261.78</ele><time>2026-07-17T18:22:15Z</time></trkpt>
      <trkpt lat="41.720331" lon="-81.134495"><ele>260.88</ele><time>2026-07-17T18:22:23Z</time></trkpt>
      <trkpt lat="41.7199" lon="-81.137738"><ele>259</ele><time>2026-07-17T18:22:33Z</time></trkpt>
      <trkpt lat="41.719179" lon="-81.143157"><ele>256.08</ele><time>2026-07-17T18:22:49Z</time></trkpt>
      <trkpt lat="41.719108" lon="-81.143767"><ele>255.97</ele><time>2026-07-17T18:22:52Z</time></trkpt>
      <trkpt lat="41.717672" lon="-81.154357"><ele>241.64</ele><time>2026-07-17T18:23:19Z</time></trkpt>
      <trkpt lat="41.717256" lon="-81.156863"><ele>238.24</ele><time>2026-07-17T18:23:26Z</time></trkpt>
      <trkpt lat="41.716999" lon="-81.158047"><ele>236.62</ele><time>2026-07-17T18:23:31Z</time></trkpt>
      <trkpt lat="41.716711" lon="-81.159266"><ele>234.94</ele><time>2026-07-17T18:23:36Z</time></trkpt>
      <trkpt lat="41.716307" lon="-81.160768"><ele>232.86</ele><time>2026-07-17T18:23:42Z</time></trkpt>
      <trkpt lat="41.715833" lon="-81.16227"><ele>230.75</ele><time>2026-07-17T18:23:49Z</time></trkpt>
      <trkpt lat="41.715185" lon="-81.164118"><ele>223.92</ele><time>2026-07-17T18:23:57Z</time></trkpt>
      <trkpt lat="41.714538" lon="-81.165661"><ele>222.47</ele><time>2026-07-17T18:24:04Z</time></trkpt>
      <trkpt lat="41.713962" lon="-81.166905"><ele>223.62</ele><time>2026-07-17T18:24:09Z</time></trkpt>
      <trkpt lat="41.713418" lon="-81.168004"><ele>226.33</ele><time>2026-07-17T18:24:15Z</time></trkpt>
      <trkpt lat="41.712649" lon="-81.169394"><ele>230.63</ele><time>2026-07-17T18:24:21Z</time></trkpt>
      <trkpt lat="41.711776" lon="-81.170852"><ele>235.99</ele><time>2026-07-17T18:24:28Z</time></trkpt>
      <trkpt lat="41.710539" lon="-81.172918"><ele>240.51</ele><time>2026-07-17T18:24:36Z</time></trkpt>
      <trkpt lat="41.706754" lon="-81.179196"><ele>251</ele><time>2026-07-17T18:24:57Z</time></trkpt>
      <trkpt lat="41.70456" lon="-81.182798"><ele>257</ele><time>2026-07-17T18:25:11Z</time></trkpt>
      <trkpt lat="41.703679" lon="-81.184228"><ele>258.69</ele><time>2026-07-17T18:25:17Z</time></trkpt>
      <trkpt lat="41.701077" lon="-81.188547"><ele>258.64</ele><time>2026-07-17T18:25:32Z</time></trkpt>
      <trkpt lat="41.69645" lon="-81.196176"><ele>255.79</ele><time>2026-07-17T18:25:59Z</time></trkpt>
      <trkpt lat="41.69388" lon="-81.200412"><ele>258</ele><time>2026-07-17T18:26:14Z</time></trkpt>
      <trkpt lat="41.693004" lon="-81.20187"><ele>257.92</ele><time>2026-07-17T18:26:20Z</time></trkpt>
      <trkpt lat="41.69068" lon="-81.20572"><ele>250.82</ele><time>2026-07-17T18:26:34Z</time></trkpt>
      <trkpt lat="41.68676" lon="-81.212171"><ele>236.36</ele><time>2026-07-17T18:26:58Z</time></trkpt>
      <trkpt lat="41.683317" lon="-81.217858"><ele>228.95</ele><time>2026-07-17T18:27:17Z</time></trkpt>
      <trkpt lat="41.681791" lon="-81.220377"><ele>233.64</ele><time>2026-07-17T18:27:26Z</time></trkpt>
      <trkpt lat="41.681022" lon="-81.221777"><ele>235.77</ele><time>2026-07-17T18:27:33Z</time></trkpt>
      <trkpt lat="41.680458" lon="-81.222892"><ele>237.44</ele><time>2026-07-17T18:27:38Z</time></trkpt>
      <trkpt lat="41.679707" lon="-81.224417"><ele>239.71</ele><time>2026-07-17T18:27:45Z</time></trkpt>
      <trkpt lat="41.679144" lon="-81.22563"><ele>241.5</ele><time>2026-07-17T18:27:51Z</time></trkpt>
      <trkpt lat="41.674545" lon="-81.237065"><ele>258</ele><time>2026-07-17T18:28:28Z</time></trkpt>
      <trkpt lat="41.67256" lon="-81.242023"><ele>252.94</ele><time>2026-07-17T18:28:42Z</time></trkpt>
      <trkpt lat="41.67195" lon="-81.24349"><ele>252.92</ele><time>2026-07-17T18:28:49Z</time></trkpt>
      <trkpt lat="41.6699" lon="-81.248633"><ele>259.79</ele><time>2026-07-17T18:29:04Z</time></trkpt>
      <trkpt lat="41.668464" lon="-81.252152"><ele>264</ele><time>2026-07-17T18:29:16Z</time></trkpt>
      <trkpt lat="41.667765" lon="-81.253783"><ele>263.47</ele><time>2026-07-17T18:29:23Z</time></trkpt>
      <trkpt lat="41.666834" lon="-81.255833"><ele>262.78</ele><time>2026-07-17T18:29:30Z</time></trkpt>
      <trkpt lat="41.664819" lon="-81.260231"><ele>257.21</ele><time>2026-07-17T18:29:45Z</time></trkpt>
      <trkpt lat="41.663551" lon="-81.263045"><ele>255.95</ele><time>2026-07-17T18:29:55Z</time></trkpt>
      <trkpt lat="41.663355" lon="-81.26348"><ele>257.56</ele><time>2026-07-17T18:29:58Z</time></trkpt>
      <trkpt lat="41.660691" lon="-81.269395"><ele>263.73</ele><time>2026-07-17T18:30:16Z</time></trkpt>
      <trkpt lat="41.658382" lon="-81.27458"><ele>267.01</ele><time>2026-07-17T18:30:34Z</time></trkpt>
      <trkpt lat="41.656261" lon="-81.279301"><ele>274.47</ele><time>2026-07-17T18:30:49Z</time></trkpt>
      <trkpt lat="41.654613" lon="-81.282948"><ele>277.85</ele><time>2026-07-17T18:31:01Z</time></trkpt>
      <trkpt lat="41.652826" lon="-81.286988"><ele>277.79</ele><time>2026-07-17T18:31:13Z</time></trkpt>
      <trkpt lat="41.652049" lon="-81.288788"><ele>275.16</ele><time>2026-07-17T18:31:21Z</time></trkpt>
      <trkpt lat="41.651023" lon="-81.291445"><ele>272.77</ele><time>2026-07-17T18:31:30Z</time></trkpt>
      <trkpt lat="41.650361" lon="-81.293488"><ele>270</ele><time>2026-07-17T18:31:38Z</time></trkpt>
      <trkpt lat="41.649831" lon="-81.295327"><ele>266.43</ele><time>2026-07-17T18:31:44Z</time></trkpt>
      <trkpt lat="41.649219" lon="-81.297876"><ele>262.3</ele><time>2026-07-17T18:31:52Z</time></trkpt>
      <trkpt lat="41.64887" lon="-81.299672"><ele>257.45</ele><time>2026-07-17T18:31:58Z</time></trkpt>
      <trkpt lat="41.6488" lon="-81.300032"><ele>258</ele><time>2026-07-17T18:32:00Z</time></trkpt>
      <trkpt lat="41.648595" lon="-81.301204"><ele>256.4</ele><time>2026-07-17T18:32:05Z</time></trkpt>
      <trkpt lat="41.648319" lon="-81.303284"><ele>252.9</ele><time>2026-07-17T18:32:12Z</time></trkpt>
      <trkpt lat="41.648228" lon="-81.303982"><ele>250.4</ele><time>2026-07-17T18:32:16Z</time></trkpt>
      <trkpt lat="41.64816" lon="-81.304721"><ele>250.65</ele><time>2026-07-17T18:32:20Z</time></trkpt>
      <trkpt lat="41.648099" lon="-81.305412"><ele>247.67</ele><time>2026-07-17T18:32:24Z</time></trkpt>
      <trkpt lat="41.64802" lon="-81.306378"><ele>247.21</ele><time>2026-07-17T18:32:29Z</time></trkpt>
      <trkpt lat="41.647979" lon="-81.307187"><ele>245.74</ele><time>2026-07-17T18:32:33Z</time></trkpt>
      <trkpt lat="41.647904" lon="-81.309408"><ele>242.06</ele><time>2026-07-17T18:32:40Z</time></trkpt>
      <trkpt lat="41.647926" lon="-81.311694"><ele>240.06</ele><time>2026-07-17T18:32:47Z</time></trkpt>
      <trkpt lat="41.648216" lon="-81.321559"><ele>234.63</ele><time>2026-07-17T18:33:16Z</time></trkpt>
      <trkpt lat="41.648237" lon="-81.323679"><ele>233.48</ele><time>2026-07-17T18:33:23Z</time></trkpt>
      <trkpt lat="41.648222" lon="-81.325171"><ele>232.71</ele><time>2026-07-17T18:33:29Z</time></trkpt>
      <trkpt lat="41.648184" lon="-81.326192"><ele>232.19</ele><time>2026-07-17T18:33:34Z</time></trkpt>
      <trkpt lat="41.648121" lon="-81.32748"><ele>232.82</ele><time>2026-07-17T18:33:39Z</time></trkpt>
      <trkpt lat="41.648015" lon="-81.328806"><ele>234</ele><time>2026-07-17T18:33:45Z</time></trkpt>
      <trkpt lat="41.647953" lon="-81.329459"><ele>235.26</ele><time>2026-07-17T18:33:48Z</time></trkpt>
      <trkpt lat="41.647863" lon="-81.330296"><ele>235.98</ele><time>2026-07-17T18:33:53Z</time></trkpt>
      <trkpt lat="41.647769" lon="-81.331082"><ele>237</ele><time>2026-07-17T18:33:57Z</time></trkpt>
      <trkpt lat="41.647083" lon="-81.336196"><ele>242.5</ele><time>2026-07-17T18:34:11Z</time></trkpt>
      <trkpt lat="41.646576" lon="-81.339965"><ele>239</ele><time>2026-07-17T18:34:22Z</time></trkpt>
      <trkpt lat="41.645896" lon="-81.344643"><ele>233</ele><time>2026-07-17T18:34:35Z</time></trkpt>
      <trkpt lat="41.645492" lon="-81.347642"><ele>232.88</ele><time>2026-07-17T18:34:44Z</time></trkpt>
      <trkpt lat="41.644242" lon="-81.356943"><ele>235.61</ele><time>2026-07-17T18:35:08Z</time></trkpt>
      <trkpt lat="41.643741" lon="-81.36052"><ele>236.18</ele><time>2026-07-17T18:35:19Z</time></trkpt>
      <trkpt lat="41.643406" lon="-81.362979"><ele>235</ele><time>2026-07-17T18:35:27Z</time></trkpt>
      <trkpt lat="41.643247" lon="-81.364135"><ele>232.09</ele><time>2026-07-17T18:35:33Z</time></trkpt>
      <trkpt lat="41.643095" lon="-81.365148"><ele>232</ele><time>2026-07-17T18:35:38Z</time></trkpt>
      <trkpt lat="41.642934" lon="-81.366076"><ele>230.79</ele><time>2026-07-17T18:35:43Z</time></trkpt>
      <trkpt lat="41.642369" lon="-81.368847"><ele>226.92</ele><time>2026-07-17T18:35:51Z</time></trkpt>
      <trkpt lat="41.641663" lon="-81.371525"><ele>223</ele><time>2026-07-17T18:35:59Z</time></trkpt>
      <trkpt lat="41.641265" lon="-81.372813"><ele>221.77</ele><time>2026-07-17T18:36:04Z</time></trkpt>
      <trkpt lat="41.640861" lon="-81.374032"><ele>220.74</ele><time>2026-07-17T18:36:10Z</time></trkpt>
      <trkpt lat="41.640412" lon="-81.375302"><ele>220</ele><time>2026-07-17T18:36:16Z</time></trkpt>
      <trkpt lat="41.639527" lon="-81.377628"><ele>218</ele><time>2026-07-17T18:36:23Z</time></trkpt>
      <trkpt lat="41.638873" lon="-81.379104"><ele>217.1</ele><time>2026-07-17T18:36:30Z</time></trkpt>
      <trkpt lat="41.636628" lon="-81.3838"><ele>214</ele><time>2026-07-17T18:36:44Z</time></trkpt>
      <trkpt lat="41.635819" lon="-81.385524"><ele>213</ele><time>2026-07-17T18:36:51Z</time></trkpt>
      <trkpt lat="41.635361" lon="-81.386491"><ele>212</ele><time>2026-07-17T18:36:56Z</time></trkpt>
      <trkpt lat="41.635005" lon="-81.387215"><ele>211</ele><time>2026-07-17T18:37:00Z</time></trkpt>
      <trkpt lat="41.634363" lon="-81.388477"><ele>209</ele><time>2026-07-17T18:37:06Z</time></trkpt>
      <trkpt lat="41.633606" lon="-81.38985"><ele>206.52</ele><time>2026-07-17T18:37:12Z</time></trkpt>
      <trkpt lat="41.632599" lon="-81.391532"><ele>203</ele><time>2026-07-17T18:37:20Z</time></trkpt>
      <trkpt lat="41.632369" lon="-81.391902"><ele>202</ele><time>2026-07-17T18:37:23Z</time></trkpt>
      <trkpt lat="41.631627" lon="-81.393086"><ele>199.99</ele><time>2026-07-17T18:37:30Z</time></trkpt>
      <trkpt lat="41.631456" lon="-81.393352"><ele>198.13</ele><time>2026-07-17T18:37:32Z</time></trkpt>
      <trkpt lat="41.631376" lon="-81.393471"><ele>193.65</ele><time>2026-07-17T18:37:33Z</time></trkpt>
      <trkpt lat="41.630868" lon="-81.394271"><ele>196.62</ele><time>2026-07-17T18:37:38Z</time></trkpt>
      <trkpt lat="41.62961" lon="-81.396179"><ele>195.12</ele><time>2026-07-17T18:37:45Z</time></trkpt>
      <trkpt lat="41.628197" lon="-81.398371"><ele>193.4</ele><time>2026-07-17T18:37:53Z</time></trkpt>
      <trkpt lat="41.627502" lon="-81.39946"><ele>191</ele><time>2026-07-17T18:37:58Z</time></trkpt>
      <trkpt lat="41.62724" lon="-81.399838"><ele>191.39</ele><time>2026-07-17T18:38:01Z</time></trkpt>
      <trkpt lat="41.626977" lon="-81.400237"><ele>191.37</ele><time>2026-07-17T18:38:04Z</time></trkpt>
      <trkpt lat="41.625383" lon="-81.40271"><ele>192.5</ele><time>2026-07-17T18:38:14Z</time></trkpt>
      <trkpt lat="41.624658" lon="-81.40381"><ele>193.01</ele><time>2026-07-17T18:38:19Z</time></trkpt>
      <trkpt lat="41.62086" lon="-81.409691"><ele>195.72</ele><time>2026-07-17T18:38:42Z</time></trkpt>
      <trkpt lat="41.620523" lon="-81.410207"><ele>196.92</ele><time>2026-07-17T18:38:46Z</time></trkpt>
      <trkpt lat="41.618135" lon="-81.413888"><ele>198</ele><time>2026-07-17T18:38:59Z</time></trkpt>
      <trkpt lat="41.617351" lon="-81.41511"><ele>198.68</ele><time>2026-07-17T18:39:05Z</time></trkpt>
      <trkpt lat="41.616973" lon="-81.415716"><ele>198.67</ele><time>2026-07-17T18:39:09Z</time></trkpt>
      <trkpt lat="41.616407" lon="-81.416625"><ele>201</ele><time>2026-07-17T18:39:14Z</time></trkpt>
      <trkpt lat="41.614417" lon="-81.419863"><ele>208</ele><time>2026-07-17T18:39:25Z</time></trkpt>
      <trkpt lat="41.612719" lon="-81.422587"><ele>214</ele><time>2026-07-17T18:39:35Z</time></trkpt>
      <trkpt lat="41.610845" lon="-81.425645"><ele>215</ele><time>2026-07-17T18:39:47Z</time></trkpt>
      <trkpt lat="41.608972" lon="-81.428686"><ele>213.94</ele><time>2026-07-17T18:39:59Z</time></trkpt>
      <trkpt lat="41.607977" lon="-81.430318"><ele>212.84</ele><time>2026-07-17T18:40:06Z</time></trkpt>
      <trkpt lat="41.606319" lon="-81.433037"><ele>214.04</ele><time>2026-07-17T18:40:16Z</time></trkpt>
      <trkpt lat="41.604278" lon="-81.436359"><ele>216.27</ele><time>2026-07-17T18:40:27Z</time></trkpt>
      <trkpt lat="41.603031" lon="-81.438385"><ele>220.39</ele><time>2026-07-17T18:40:35Z</time></trkpt>
      <trkpt lat="41.602599" lon="-81.439054"><ele>222</ele><time>2026-07-17T18:40:39Z</time></trkpt>
      <trkpt lat="41.602373" lon="-81.439387"><ele>223</ele><time>2026-07-17T18:40:42Z</time></trkpt>
      <trkpt lat="41.602149" lon="-81.439706"><ele>223.07</ele><time>2026-07-17T18:40:45Z</time></trkpt>
      <trkpt lat="41.601682" lon="-81.440347"><ele>224.5</ele><time>2026-07-17T18:40:49Z</time></trkpt>
      <trkpt lat="41.601204" lon="-81.440962"><ele>226</ele><time>2026-07-17T18:40:53Z</time></trkpt>
      <trkpt lat="41.600965" lon="-81.441253"><ele>227</ele><time>2026-07-17T18:40:56Z</time></trkpt>
      <trkpt lat="41.600713" lon="-81.441551"><ele>227</ele><time>2026-07-17T18:40:59Z</time></trkpt>
      <trkpt lat="41.600209" lon="-81.442124"><ele>229</ele><time>2026-07-17T18:41:04Z</time></trkpt>
      <trkpt lat="41.599693" lon="-81.442673"><ele>230</ele><time>2026-07-17T18:41:08Z</time></trkpt>
      <trkpt lat="41.59943" lon="-81.442939"><ele>230.89</ele><time>2026-07-17T18:41:11Z</time></trkpt>
      <trkpt lat="41.598892" lon="-81.443455"><ele>232</ele><time>2026-07-17T18:41:15Z</time></trkpt>
      <trkpt lat="41.598616" lon="-81.443708"><ele>232.82</ele><time>2026-07-17T18:41:18Z</time></trkpt>
      <trkpt lat="41.598062" lon="-81.444193"><ele>233.89</ele><time>2026-07-17T18:41:22Z</time></trkpt>
      <trkpt lat="41.597497" lon="-81.444658"><ele>235.86</ele><time>2026-07-17T18:41:26Z</time></trkpt>
      <trkpt lat="41.596929" lon="-81.44509"><ele>236.69</ele><time>2026-07-17T18:41:30Z</time></trkpt>
      <trkpt lat="41.596058" lon="-81.445701"><ele>239</ele><time>2026-07-17T18:41:36Z</time></trkpt>
      <trkpt lat="41.595601" lon="-81.446051"><ele>239.91</ele><time>2026-07-17T18:41:40Z</time></trkpt>
      <trkpt lat="41.594994" lon="-81.446475"><ele>242</ele><time>2026-07-17T18:41:44Z</time></trkpt>
      <trkpt lat="41.594417" lon="-81.446889"><ele>243</ele><time>2026-07-17T18:41:48Z</time></trkpt>
      <trkpt lat="41.59404" lon="-81.447187"><ele>244.02</ele><time>2026-07-17T18:41:51Z</time></trkpt>
      <trkpt lat="41.593862" lon="-81.447346"><ele>244.72</ele><time>2026-07-17T18:41:53Z</time></trkpt>
      <trkpt lat="41.593681" lon="-81.44752"><ele>244.91</ele><time>2026-07-17T18:41:55Z</time></trkpt>
      <trkpt lat="41.59351" lon="-81.447699"><ele>245.54</ele><time>2026-07-17T18:41:57Z</time></trkpt>
      <trkpt lat="41.593352" lon="-81.447879"><ele>246</ele><time>2026-07-17T18:41:59Z</time></trkpt>
      <trkpt lat="41.593191" lon="-81.448084"><ele>246.64</ele><time>2026-07-17T18:42:01Z</time></trkpt>
      <trkpt lat="41.593032" lon="-81.448301"><ele>246.87</ele><time>2026-07-17T18:42:03Z</time></trkpt>
      <trkpt lat="41.592751" lon="-81.448736"><ele>248.03</ele><time>2026-07-17T18:42:06Z</time></trkpt>
      <trkpt lat="41.592621" lon="-81.448964"><ele>248.17</ele><time>2026-07-17T18:42:08Z</time></trkpt>
      <trkpt lat="41.592493" lon="-81.449212"><ele>249.02</ele><time>2026-07-17T18:42:10Z</time></trkpt>
      <trkpt lat="41.592381" lon="-81.449447"><ele>249.94</ele><time>2026-07-17T18:42:12Z</time></trkpt>
      <trkpt lat="41.592269" lon="-81.449705"><ele>249.85</ele><time>2026-07-17T18:42:14Z</time></trkpt>
      <trkpt lat="41.592069" lon="-81.450222"><ele>251</ele><time>2026-07-17T18:42:17Z</time></trkpt>
      <trkpt lat="41.591891" lon="-81.450768"><ele>251.64</ele><time>2026-07-17T18:42:20Z</time></trkpt>
      <trkpt lat="41.591663" lon="-81.451573"><ele>252.55</ele><time>2026-07-17T18:42:24Z</time></trkpt>
      <trkpt lat="41.591521" lon="-81.452129"><ele>253.51</ele><time>2026-07-17T18:42:27Z</time></trkpt>
      <trkpt lat="41.591328" lon="-81.452966"><ele>254</ele><time>2026-07-17T18:42:31Z</time></trkpt>
      <trkpt lat="41.591169" lon="-81.453757"><ele>253.51</ele><time>2026-07-17T18:42:35Z</time></trkpt>
      <trkpt lat="41.591034" lon="-81.454374"><ele>253.27</ele><time>2026-07-17T18:42:38Z</time></trkpt>
      <trkpt lat="41.59095" lon="-81.454996"><ele>253</ele><time>2026-07-17T18:42:41Z</time></trkpt>
      <trkpt lat="41.590886" lon="-81.455534"><ele>252</ele><time>2026-07-17T18:42:44Z</time></trkpt>
      <trkpt lat="41.590805" lon="-81.456403"><ele>251.16</ele><time>2026-07-17T18:42:48Z</time></trkpt>
      <trkpt lat="41.590754" lon="-81.457279"><ele>250.9</ele><time>2026-07-17T18:42:52Z</time></trkpt>
      <trkpt lat="41.590539" lon="-81.462264"><ele>248.2</ele><time>2026-07-17T18:43:06Z</time></trkpt>
      <trkpt lat="41.590182" lon="-81.470494"><ele>250.9</ele><time>2026-07-17T18:43:30Z</time></trkpt>
      <trkpt lat="41.58986" lon="-81.477978"><ele>238.22</ele><time>2026-07-17T18:43:49Z</time></trkpt>
      <trkpt lat="41.589835" lon="-81.478898"><ele>237</ele><time>2026-07-17T18:43:53Z</time></trkpt>
      <trkpt lat="41.589835" lon="-81.479477"><ele>236.28</ele><time>2026-07-17T18:43:56Z</time></trkpt>
      <trkpt lat="41.589847" lon="-81.479757"><ele>236.03</ele><time>2026-07-17T18:43:58Z</time></trkpt>
      <trkpt lat="41.589887" lon="-81.480313"><ele>235.32</ele><time>2026-07-17T18:44:01Z</time></trkpt>
      <trkpt lat="41.589922" lon="-81.480615"><ele>235</ele><time>2026-07-17T18:44:03Z</time></trkpt>
      <trkpt lat="41.59001" lon="-81.481195"><ele>234.37</ele><time>2026-07-17T18:44:07Z</time></trkpt>
      <trkpt lat="41.590068" lon="-81.481494"><ele>234.02</ele><time>2026-07-17T18:44:09Z</time></trkpt>
      <trkpt lat="41.5902" lon="-81.482048"><ele>233.89</ele><time>2026-07-17T18:44:12Z</time></trkpt>
      <trkpt lat="41.590361" lon="-81.482586"><ele>233</ele><time>2026-07-17T18:44:15Z</time></trkpt>
      <trkpt lat="41.590456" lon="-81.48286"><ele>232.9</ele><time>2026-07-17T18:44:17Z</time></trkpt>
      <trkpt lat="41.590557" lon="-81.483127"><ele>232.05</ele><time>2026-07-17T18:44:19Z</time></trkpt>
      <trkpt lat="41.590774" lon="-81.483631"><ele>231.23</ele><time>2026-07-17T18:44:22Z</time></trkpt>
      <trkpt lat="41.591021" lon="-81.48412"><ele>230.35</ele><time>2026-07-17T18:44:26Z</time></trkpt>
      <trkpt lat="41.591152" lon="-81.484346"><ele>229.49</ele><time>2026-07-17T18:44:28Z</time></trkpt>
      <trkpt lat="41.591291" lon="-81.484576"><ele>229.35</ele><time>2026-07-17T18:44:30Z</time></trkpt>
      <trkpt lat="41.591581" lon="-81.485002"><ele>228.16</ele><time>2026-07-17T18:44:33Z</time></trkpt>
      <trkpt lat="41.591897" lon="-81.485408"><ele>227.48</ele><time>2026-07-17T18:44:37Z</time></trkpt>
      <trkpt lat="41.592063" lon="-81.485601"><ele>226.94</ele><time>2026-07-17T18:44:39Z</time></trkpt>
      <trkpt lat="41.592421" lon="-81.485967"><ele>225.64</ele><time>2026-07-17T18:44:42Z</time></trkpt>
      <trkpt lat="41.592785" lon="-81.486287"><ele>224.69</ele><time>2026-07-17T18:44:45Z</time></trkpt>
      <trkpt lat="41.593171" lon="-81.486582"><ele>223.92</ele><time>2026-07-17T18:44:48Z</time></trkpt>
      <trkpt lat="41.593576" lon="-81.486837"><ele>223</ele><time>2026-07-17T18:44:51Z</time></trkpt>
      <trkpt lat="41.593989" lon="-81.487052"><ele>222</ele><time>2026-07-17T18:44:55Z</time></trkpt>
      <trkpt lat="41.594407" lon="-81.487224"><ele>221.06</ele><time>2026-07-17T18:44:58Z</time></trkpt>
      <trkpt lat="41.594818" lon="-81.487363"><ele>220</ele><time>2026-07-17T18:45:01Z</time></trkpt>
      <trkpt lat="41.595918" lon="-81.487646"><ele>218</ele><time>2026-07-17T18:45:06Z</time></trkpt>
      <trkpt lat="41.596155" lon="-81.487704"><ele>215.46</ele><time>2026-07-17T18:45:08Z</time></trkpt>
      <trkpt lat="41.596817" lon="-81.487853"><ele>216</ele><time>2026-07-17T18:45:13Z</time></trkpt>
      <trkpt lat="41.598097" lon="-81.488139"><ele>213</ele><time>2026-07-17T18:45:19Z</time></trkpt>
      <trkpt lat="41.598733" lon="-81.48831"><ele>211.7</ele><time>2026-07-17T18:45:23Z</time></trkpt>
      <trkpt lat="41.599377" lon="-81.488538"><ele>210.02</ele><time>2026-07-17T18:45:27Z</time></trkpt>
      <trkpt lat="41.599586" lon="-81.488625"><ele>209.96</ele><time>2026-07-17T18:45:29Z</time></trkpt>
      <trkpt lat="41.600003" lon="-81.488831"><ele>209</ele><time>2026-07-17T18:45:32Z</time></trkpt>
      <trkpt lat="41.600202" lon="-81.488942"><ele>209</ele><time>2026-07-17T18:45:34Z</time></trkpt>
      <trkpt lat="41.600599" lon="-81.489196"><ele>208.19</ele><time>2026-07-17T18:45:37Z</time></trkpt>
      <trkpt lat="41.600792" lon="-81.48933"><ele>208.29</ele><time>2026-07-17T18:45:39Z</time></trkpt>
      <trkpt lat="41.601363" lon="-81.489766"><ele>208.58</ele><time>2026-07-17T18:45:43Z</time></trkpt>
      <trkpt lat="41.601547" lon="-81.489915"><ele>208.68</ele><time>2026-07-17T18:45:45Z</time></trkpt>
      <trkpt lat="41.60177" lon="-81.490118"><ele>208.8</ele><time>2026-07-17T18:45:47Z</time></trkpt>
      <trkpt lat="41.602225" lon="-81.490553"><ele>208.57</ele><time>2026-07-17T18:45:51Z</time></trkpt>
      <trkpt lat="41.6032" lon="-81.491518"><ele>208.57</ele><time>2026-07-17T18:45:57Z</time></trkpt>
      <trkpt lat="41.603666" lon="-81.491999"><ele>207.67</ele><time>2026-07-17T18:46:01Z</time></trkpt>
      <trkpt lat="41.604426" lon="-81.492726"><ele>207.71</ele><time>2026-07-17T18:46:07Z</time></trkpt>
      <trkpt lat="41.604831" lon="-81.493124"><ele>207.8</ele><time>2026-07-17T18:46:11Z</time></trkpt>
      <trkpt lat="41.605081" lon="-81.493407"><ele>207.86</ele><time>2026-07-17T18:46:14Z</time></trkpt>
      <trkpt lat="41.605232" lon="-81.493632"><ele>207.9</ele><time>2026-07-17T18:46:16Z</time></trkpt>
      <trkpt lat="41.605363" lon="-81.493847"><ele>207.94</ele><time>2026-07-17T18:46:18Z</time></trkpt>
      <trkpt lat="41.605456" lon="-81.494036"><ele>207.97</ele><time>2026-07-17T18:46:19Z</time></trkpt>
      <trkpt lat="41.605548" lon="-81.494276"><ele>207.79</ele><time>2026-07-17T18:46:21Z</time></trkpt>
      <trkpt lat="41.605616" lon="-81.494511"><ele>207.61</ele><time>2026-07-17T18:46:23Z</time></trkpt>
      <trkpt lat="41.605669" lon="-81.494757"><ele>207.43</ele><time>2026-07-17T18:46:25Z</time></trkpt>
      <trkpt lat="41.605711" lon="-81.495031"><ele>207.23</ele><time>2026-07-17T18:46:27Z</time></trkpt>
      <trkpt lat="41.605725" lon="-81.49517"><ele>207.08</ele><time>2026-07-17T18:46:28Z</time></trkpt>
      <trkpt lat="41.60573" lon="-81.495494"><ele>206.73</ele><time>2026-07-17T18:46:30Z</time></trkpt>
      <trkpt lat="41.605706" lon="-81.495812"><ele>206.4</ele><time>2026-07-17T18:46:32Z</time></trkpt>
      <trkpt lat="41.605659" lon="-81.49612"><ele>206.07</ele><time>2026-07-17T18:46:34Z</time></trkpt>
      <trkpt lat="41.605627" lon="-81.496267"><ele>205.91</ele><time>2026-07-17T18:46:35Z</time></trkpt>
      <trkpt lat="41.605539" lon="-81.496571"><ele>205.58</ele><time>2026-07-17T18:46:37Z</time></trkpt>
      <trkpt lat="41.605482" lon="-81.496718"><ele>205.42</ele><time>2026-07-17T18:46:38Z</time></trkpt>
      <trkpt lat="41.60535" lon="-81.497007"><ele>205.09</ele><time>2026-07-17T18:46:40Z</time></trkpt>
      <trkpt lat="41.60528" lon="-81.49714"><ele>204.94</ele><time>2026-07-17T18:46:41Z</time></trkpt>
      <trkpt lat="41.605127" lon="-81.497387"><ele>204.64</ele><time>2026-07-17T18:46:43Z</time></trkpt>
      <trkpt lat="41.604142" lon="-81.498723"><ele>202.91</ele><time>2026-07-17T18:46:49Z</time></trkpt>
      <trkpt lat="41.603689" lon="-81.499368"><ele>202.06</ele><time>2026-07-17T18:46:53Z</time></trkpt>
      <trkpt lat="41.603361" lon="-81.499849"><ele>201.44</ele><time>2026-07-17T18:46:57Z</time></trkpt>
      <trkpt lat="41.603069" lon="-81.50029"><ele>200.87</ele><time>2026-07-17T18:47:00Z</time></trkpt>
      <trkpt lat="41.602653" lon="-81.500942"><ele>200.03</ele><time>2026-07-17T18:47:04Z</time></trkpt>
      <trkpt lat="41.602435" lon="-81.501362"><ele>199.52</ele><time>2026-07-17T18:47:07Z</time></trkpt>
      <trkpt lat="41.602245" lon="-81.501673"><ele>199.98</ele><time>2026-07-17T18:47:10Z</time></trkpt>
      <trkpt lat="41.601712" lon="-81.502564"><ele>200.7</ele><time>2026-07-17T18:47:15Z</time></trkpt>
      <trkpt lat="41.601277" lon="-81.503334"><ele>199.26</ele><time>2026-07-17T18:47:20Z</time></trkpt>
      <trkpt lat="41.600282" lon="-81.505084"><ele>197.91</ele><time>2026-07-17T18:47:27Z</time></trkpt>
      <trkpt lat="41.599378" lon="-81.50658"><ele>195.06</ele><time>2026-07-17T18:47:33Z</time></trkpt>
      <trkpt lat="41.598336" lon="-81.508296"><ele>194.69</ele><time>2026-07-17T18:47:40Z</time></trkpt>
      <trkpt lat="41.597727" lon="-81.509241"><ele>194</ele><time>2026-07-17T18:47:45Z</time></trkpt>
      <trkpt lat="41.597322" lon="-81.50991"><ele>195</ele><time>2026-07-17T18:47:49Z</time></trkpt>
      <trkpt lat="41.596892" lon="-81.510554"><ele>196</ele><time>2026-07-17T18:47:53Z</time></trkpt>
      <trkpt lat="41.596652" lon="-81.511006"><ele>197</ele><time>2026-07-17T18:47:56Z</time></trkpt>
      <trkpt lat="41.596286" lon="-81.511615"><ele>198</ele><time>2026-07-17T18:48:00Z</time></trkpt>
      <trkpt lat="41.595993" lon="-81.512056"><ele>199</ele><time>2026-07-17T18:48:04Z</time></trkpt>
      <trkpt lat="41.595362" lon="-81.51314"><ele>200.74</ele><time>2026-07-17T18:48:10Z</time></trkpt>
      <trkpt lat="41.595205" lon="-81.513411"><ele>198.63</ele><time>2026-07-17T18:48:12Z</time></trkpt>
      <trkpt lat="41.594853" lon="-81.514019"><ele>198.71</ele><time>2026-07-17T18:48:16Z</time></trkpt>
      <trkpt lat="41.594678" lon="-81.514305"><ele>201</ele><time>2026-07-17T18:48:18Z</time></trkpt>
      <trkpt lat="41.594158" lon="-81.515206"><ele>199.85</ele><time>2026-07-17T18:48:24Z</time></trkpt>
      <trkpt lat="41.593449" lon="-81.51647"><ele>196.86</ele><time>2026-07-17T18:48:30Z</time></trkpt>
      <trkpt lat="41.592659" lon="-81.517732"><ele>194.06</ele><time>2026-07-17T18:48:36Z</time></trkpt>
      <trkpt lat="41.591998" lon="-81.518813"><ele>193</ele><time>2026-07-17T18:48:41Z</time></trkpt>
      <trkpt lat="41.591561" lon="-81.519577"><ele>194</ele><time>2026-07-17T18:48:45Z</time></trkpt>
      <trkpt lat="41.590476" lon="-81.521354"><ele>194</ele><time>2026-07-17T18:48:52Z</time></trkpt>
      <trkpt lat="41.589879" lon="-81.522367"><ele>194</ele><time>2026-07-17T18:48:58Z</time></trkpt>
      <trkpt lat="41.589109" lon="-81.523732"><ele>194</ele><time>2026-07-17T18:49:04Z</time></trkpt>
      <trkpt lat="41.588737" lon="-81.524367"><ele>194.35</ele><time>2026-07-17T18:49:08Z</time></trkpt>
      <trkpt lat="41.587685" lon="-81.526365"><ele>195.44</ele><time>2026-07-17T18:49:16Z</time></trkpt>
      <trkpt lat="41.587084" lon="-81.527462"><ele>195.8</ele><time>2026-07-17T18:49:22Z</time></trkpt>
      <trkpt lat="41.58675" lon="-81.528038"><ele>195.5</ele><time>2026-07-17T18:49:26Z</time></trkpt>
      <trkpt lat="41.586288" lon="-81.528965"><ele>195.03</ele><time>2026-07-17T18:49:31Z</time></trkpt>
      <trkpt lat="41.585967" lon="-81.529668"><ele>194.68</ele><time>2026-07-17T18:49:35Z</time></trkpt>
      <trkpt lat="41.585286" lon="-81.531282"><ele>193.88</ele><time>2026-07-17T18:49:41Z</time></trkpt>
      <trkpt lat="41.584984" lon="-81.532037"><ele>193.51</ele><time>2026-07-17T18:49:45Z</time></trkpt>
      <trkpt lat="41.584708" lon="-81.532655"><ele>193.2</ele><time>2026-07-17T18:49:49Z</time></trkpt>
      <trkpt lat="41.584426" lon="-81.533359"><ele>192.86</ele><time>2026-07-17T18:49:53Z</time></trkpt>
      <trkpt lat="41.584169" lon="-81.534071"><ele>192.51</ele><time>2026-07-17T18:49:57Z</time></trkpt>
      <trkpt lat="41.583591" lon="-81.535531"><ele>191.8</ele><time>2026-07-17T18:50:04Z</time></trkpt>
      <trkpt lat="41.583283" lon="-81.536303"><ele>191.42</ele><time>2026-07-17T18:50:08Z</time></trkpt>
      <trkpt lat="41.582926" lon="-81.537156"><ele>191</ele><time>2026-07-17T18:50:13Z</time></trkpt>
      <trkpt lat="41.581654" lon="-81.539668"><ele>193.11</ele><time>2026-07-17T18:50:21Z</time></trkpt>
      <trkpt lat="41.58137" lon="-81.540196"><ele>193.57</ele><time>2026-07-17T18:50:25Z</time></trkpt>
      <trkpt lat="41.58075" lon="-81.541301"><ele>192.69</ele><time>2026-07-17T18:50:31Z</time></trkpt>
      <trkpt lat="41.580262" lon="-81.542228"><ele>191.97</ele><time>2026-07-17T18:50:36Z</time></trkpt>
      <trkpt lat="41.579839" lon="-81.543104"><ele>191.3</ele><time>2026-07-17T18:50:41Z</time></trkpt>
      <trkpt lat="41.579563" lon="-81.543739"><ele>190.82</ele><time>2026-07-17T18:50:45Z</time></trkpt>
      <trkpt lat="41.579214" lon="-81.544879"><ele>190</ele><time>2026-07-17T18:50:51Z</time></trkpt>
      <trkpt lat="41.579055" lon="-81.545439"><ele>190</ele><time>2026-07-17T18:50:54Z</time></trkpt>
      <trkpt lat="41.57877" lon="-81.546434"><ele>190.45</ele><time>2026-07-17T18:50:59Z</time></trkpt>
      <trkpt lat="41.577935" lon="-81.549448"><ele>189.68</ele><time>2026-07-17T18:51:08Z</time></trkpt>
      <trkpt lat="41.577685" lon="-81.550183"><ele>189.65</ele><time>2026-07-17T18:51:12Z</time></trkpt>
      <trkpt lat="41.577569" lon="-81.550482"><ele>189.37</ele><time>2026-07-17T18:51:14Z</time></trkpt>
      <trkpt lat="41.577245" lon="-81.55124"><ele>188.65</ele><time>2026-07-17T18:51:18Z</time></trkpt>
      <trkpt lat="41.576962" lon="-81.551858"><ele>188.06</ele><time>2026-07-17T18:51:22Z</time></trkpt>
      <trkpt lat="41.576584" lon="-81.552562"><ele>187.37</ele><time>2026-07-17T18:51:27Z</time></trkpt>
      <trkpt lat="41.575892" lon="-81.553975"><ele>186</ele><time>2026-07-17T18:51:34Z</time></trkpt>
      <trkpt lat="41.57553" lon="-81.554652"><ele>185.97</ele><time>2026-07-17T18:51:38Z</time></trkpt>
      <trkpt lat="41.574008" lon="-81.557599"><ele>186</ele><time>2026-07-17T18:51:48Z</time></trkpt>
      <trkpt lat="41.573717" lon="-81.558212"><ele>186</ele><time>2026-07-17T18:51:52Z</time></trkpt>
      <trkpt lat="41.573423" lon="-81.558909"><ele>186</ele><time>2026-07-17T18:51:56Z</time></trkpt>
      <trkpt lat="41.573152" lon="-81.559618"><ele>185.85</ele><time>2026-07-17T18:52:00Z</time></trkpt>
      <trkpt lat="41.572937" lon="-81.56028"><ele>185.07</ele><time>2026-07-17T18:52:04Z</time></trkpt>
      <trkpt lat="41.572294" lon="-81.562457"><ele>185</ele><time>2026-07-17T18:52:12Z</time></trkpt>
      <trkpt lat="41.571779" lon="-81.564185"><ele>187</ele><time>2026-07-17T18:52:19Z</time></trkpt>
      <trkpt lat="41.571276" lon="-81.565949"><ele>186</ele><time>2026-07-17T18:52:26Z</time></trkpt>
      <trkpt lat="41.570893" lon="-81.567078"><ele>185</ele><time>2026-07-17T18:52:31Z</time></trkpt>
      <trkpt lat="41.570259" lon="-81.568885"><ele>183.88</ele><time>2026-07-17T18:52:38Z</time></trkpt>
      <trkpt lat="41.569979" lon="-81.569623"><ele>183</ele><time>2026-07-17T18:52:42Z</time></trkpt>
      <trkpt lat="41.56914" lon="-81.571772"><ele>184.96</ele><time>2026-07-17T18:52:49Z</time></trkpt>
      <trkpt lat="41.568703" lon="-81.572958"><ele>187</ele><time>2026-07-17T18:52:55Z</time></trkpt>
      <trkpt lat="41.568355" lon="-81.57394"><ele>188.84</ele><time>2026-07-17T18:53:00Z</time></trkpt>
      <trkpt lat="41.568061" lon="-81.574808"><ele>189</ele><time>2026-07-17T18:53:04Z</time></trkpt>
      <trkpt lat="41.567964" lon="-81.575097"><ele>187.03</ele><time>2026-07-17T18:53:06Z</time></trkpt>
      <trkpt lat="41.567706" lon="-81.575916"><ele>187.28</ele><time>2026-07-17T18:53:11Z</time></trkpt>
      <trkpt lat="41.567629" lon="-81.576189"><ele>189</ele><time>2026-07-17T18:53:13Z</time></trkpt>
      <trkpt lat="41.567295" lon="-81.57739"><ele>188</ele><time>2026-07-17T18:53:19Z</time></trkpt>
      <trkpt lat="41.566932" lon="-81.578748"><ele>185.14</ele><time>2026-07-17T18:53:25Z</time></trkpt>
      <trkpt lat="41.566561" lon="-81.580086"><ele>183</ele><time>2026-07-17T18:53:31Z</time></trkpt>
      <trkpt lat="41.566099" lon="-81.581757"><ele>183</ele><time>2026-07-17T18:53:37Z</time></trkpt>
      <trkpt lat="41.565639" lon="-81.58342"><ele>186</ele><time>2026-07-17T18:53:43Z</time></trkpt>
      <trkpt lat="41.565289" lon="-81.584703"><ele>186.75</ele><time>2026-07-17T18:53:49Z</time></trkpt>
      <trkpt lat="41.565061" lon="-81.585545"><ele>186.98</ele><time>2026-07-17T18:53:53Z</time></trkpt>
      <trkpt lat="41.564849" lon="-81.586315"><ele>186.3</ele><time>2026-07-17T18:53:58Z</time></trkpt>
      <trkpt lat="41.56461" lon="-81.587096"><ele>185.61</ele><time>2026-07-17T18:54:02Z</time></trkpt>
      <trkpt lat="41.564458" lon="-81.58755"><ele>185.21</ele><time>2026-07-17T18:54:05Z</time></trkpt>
      <trkpt lat="41.564243" lon="-81.588093"><ele>184.72</ele><time>2026-07-17T18:54:09Z</time></trkpt>
      <trkpt lat="41.564028" lon="-81.58858"><ele>184.27</ele><time>2026-07-17T18:54:13Z</time></trkpt>
      <trkpt lat="41.56361" lon="-81.589402"><ele>183.5</ele><time>2026-07-17T18:54:17Z</time></trkpt>
      <trkpt lat="41.563301" lon="-81.5899"><ele>183</ele><time>2026-07-17T18:54:21Z</time></trkpt>
      <trkpt lat="41.562645" lon="-81.59088"><ele>182</ele><time>2026-07-17T18:54:27Z</time></trkpt>
      <trkpt lat="41.562327" lon="-81.591277"><ele>182.64</ele><time>2026-07-17T18:54:30Z</time></trkpt>
      <trkpt lat="41.561927" lon="-81.591723"><ele>182.94</ele><time>2026-07-17T18:54:34Z</time></trkpt>
      <trkpt lat="41.561498" lon="-81.59215"><ele>183</ele><time>2026-07-17T18:54:38Z</time></trkpt>
      <trkpt lat="41.560797" lon="-81.592754"><ele>183.53</ele><time>2026-07-17T18:54:43Z</time></trkpt>
      <trkpt lat="41.56042" lon="-81.593015"><ele>183.8</ele><time>2026-07-17T18:54:46Z</time></trkpt>
      <trkpt lat="41.560004" lon="-81.593278"><ele>183.97</ele><time>2026-07-17T18:54:49Z</time></trkpt>
      <trkpt lat="41.559694" lon="-81.593455"><ele>184</ele><time>2026-07-17T18:54:52Z</time></trkpt>
      <trkpt lat="41.559262" lon="-81.593678"><ele>184</ele><time>2026-07-17T18:54:55Z</time></trkpt>
      <trkpt lat="41.557866" lon="-81.594266"><ele>184.06</ele><time>2026-07-17T18:55:01Z</time></trkpt>
      <trkpt lat="41.557461" lon="-81.594465"><ele>184.16</ele><time>2026-07-17T18:55:04Z</time></trkpt>
      <trkpt lat="41.556969" lon="-81.594746"><ele>184.59</ele><time>2026-07-17T18:55:08Z</time></trkpt>
      <trkpt lat="41.556356" lon="-81.595164"><ele>184.92</ele><time>2026-07-17T18:55:12Z</time></trkpt>
      <trkpt lat="41.555977" lon="-81.595463"><ele>184.91</ele><time>2026-07-17T18:55:15Z</time></trkpt>
      <trkpt lat="41.5556" lon="-81.595806"><ele>185.28</ele><time>2026-07-17T18:55:19Z</time></trkpt>
      <trkpt lat="41.555281" lon="-81.596112"><ele>185.15</ele><time>2026-07-17T18:55:22Z</time></trkpt>
      <trkpt lat="41.554843" lon="-81.596595"><ele>185</ele><time>2026-07-17T18:55:26Z</time></trkpt>
      <trkpt lat="41.554305" lon="-81.597279"><ele>184.89</ele><time>2026-07-17T18:55:31Z</time></trkpt>
      <trkpt lat="41.553905" lon="-81.597887"><ele>184.28</ele><time>2026-07-17T18:55:35Z</time></trkpt>
      <trkpt lat="41.55341" lon="-81.598719"><ele>184</ele><time>2026-07-17T18:55:40Z</time></trkpt>
      <trkpt lat="41.551482" lon="-81.602786"><ele>187.05</ele><time>2026-07-17T18:55:53Z</time></trkpt>
      <trkpt lat="41.550995" lon="-81.603792"><ele>186.03</ele><time>2026-07-17T18:55:59Z</time></trkpt>
      <trkpt lat="41.550407" lon="-81.60504"><ele>186</ele><time>2026-07-17T18:56:05Z</time></trkpt>
      <trkpt lat="41.549366" lon="-81.607221"><ele>185</ele><time>2026-07-17T18:56:13Z</time></trkpt>
      <trkpt lat="41.548941" lon="-81.608084"><ele>184.99</ele><time>2026-07-17T18:56:18Z</time></trkpt>
      <trkpt lat="41.548593" lon="-81.608821"><ele>185</ele><time>2026-07-17T18:56:22Z</time></trkpt>
      <trkpt lat="41.548037" lon="-81.610024"><ele>186</ele><time>2026-07-17T18:56:28Z</time></trkpt>
      <trkpt lat="41.545954" lon="-81.614694"><ele>189.85</ele><time>2026-07-17T18:56:44Z</time></trkpt>
      <trkpt lat="41.545672" lon="-81.615325"><ele>188.42</ele><time>2026-07-17T18:56:48Z</time></trkpt>
      <trkpt lat="41.545488" lon="-81.615742"><ele>188.22</ele><time>2026-07-17T18:56:51Z</time></trkpt>
      <trkpt lat="41.545309" lon="-81.616136"><ele>190</ele><time>2026-07-17T18:56:53Z</time></trkpt>
      <trkpt lat="41.544494" lon="-81.617928"><ele>189</ele><time>2026-07-17T18:57:00Z</time></trkpt>
      <trkpt lat="41.544078" lon="-81.618803"><ele>189</ele><time>2026-07-17T18:57:05Z</time></trkpt>
      <trkpt lat="41.543145" lon="-81.6207"><ele>188.17</ele><time>2026-07-17T18:57:12Z</time></trkpt>
      <trkpt lat="41.541471" lon="-81.624067"><ele>188</ele><time>2026-07-17T18:57:22Z</time></trkpt>
      <trkpt lat="41.540274" lon="-81.626451"><ele>188</ele><time>2026-07-17T18:57:30Z</time></trkpt>
      <trkpt lat="41.539896" lon="-81.62735"><ele>188</ele><time>2026-07-17T18:57:35Z</time></trkpt>
      <trkpt lat="41.539771" lon="-81.627708"><ele>187.78</ele><time>2026-07-17T18:57:38Z</time></trkpt>
      <trkpt lat="41.539666" lon="-81.628039"><ele>187.57</ele><time>2026-07-17T18:57:40Z</time></trkpt>
      <trkpt lat="41.539569" lon="-81.62841"><ele>187.33</ele><time>2026-07-17T18:57:42Z</time></trkpt>
      <trkpt lat="41.539463" lon="-81.628862"><ele>187.32</ele><time>2026-07-17T18:57:45Z</time></trkpt>
      <trkpt lat="41.539393" lon="-81.629242"><ele>187.65</ele><time>2026-07-17T18:57:47Z</time></trkpt>
      <trkpt lat="41.53934" lon="-81.629597"><ele>187.11</ele><time>2026-07-17T18:57:49Z</time></trkpt>
      <trkpt lat="41.539282" lon="-81.630098"><ele>186.55</ele><time>2026-07-17T18:57:52Z</time></trkpt>
      <trkpt lat="41.539249" lon="-81.630621"><ele>186.81</ele><time>2026-07-17T18:57:55Z</time></trkpt>
      <trkpt lat="41.539245" lon="-81.631294"><ele>185.06</ele><time>2026-07-17T18:57:58Z</time></trkpt>
      <trkpt lat="41.539241" lon="-81.632766"><ele>186.87</ele><time>2026-07-17T18:58:04Z</time></trkpt>
      <trkpt lat="41.539224" lon="-81.633534"><ele>186.85</ele><time>2026-07-17T18:58:08Z</time></trkpt>
      <trkpt lat="41.53922" lon="-81.634512"><ele>186.82</ele><time>2026-07-17T18:58:13Z</time></trkpt>
      <trkpt lat="41.539203" lon="-81.635462"><ele>186.8</ele><time>2026-07-17T18:58:18Z</time></trkpt>
      <trkpt lat="41.539173" lon="-81.635913"><ele>186.79</ele><time>2026-07-17T18:58:21Z</time></trkpt>
      <trkpt lat="41.539059" lon="-81.63684"><ele>186.76</ele><time>2026-07-17T18:58:26Z</time></trkpt>
      <trkpt lat="41.538931" lon="-81.63754"><ele>186.74</ele><time>2026-07-17T18:58:30Z</time></trkpt>
      <trkpt lat="41.53882" lon="-81.638042"><ele>186.73</ele><time>2026-07-17T18:58:33Z</time></trkpt>
      <trkpt lat="41.538685" lon="-81.638515"><ele>185.33</ele><time>2026-07-17T18:58:36Z</time></trkpt>
      <trkpt lat="41.538517" lon="-81.639087"><ele>184.08</ele><time>2026-07-17T18:58:39Z</time></trkpt>
      <trkpt lat="41.538276" lon="-81.639763"><ele>182.58</ele><time>2026-07-17T18:58:43Z</time></trkpt>
      <trkpt lat="41.537954" lon="-81.640476"><ele>180.94</ele><time>2026-07-17T18:58:48Z</time></trkpt>
      <trkpt lat="41.53728" lon="-81.641747"><ele>177.92</ele><time>2026-07-17T18:58:54Z</time></trkpt>
      <trkpt lat="41.536921" lon="-81.642355"><ele>175</ele><time>2026-07-17T18:58:58Z</time></trkpt>
      <trkpt lat="41.536292" lon="-81.643437"><ele>175</ele><time>2026-07-17T18:59:04Z</time></trkpt>
      <trkpt lat="41.535946" lon="-81.644059"><ele>177.13</ele><time>2026-07-17T18:59:08Z</time></trkpt>
      <trkpt lat="41.535311" lon="-81.645149"><ele>178</ele><time>2026-07-17T18:59:14Z</time></trkpt>
      <trkpt lat="41.534678" lon="-81.64608"><ele>178</ele><time>2026-07-17T18:59:20Z</time></trkpt>
      <trkpt lat="41.534389" lon="-81.64645"><ele>178.49</ele><time>2026-07-17T18:59:23Z</time></trkpt>
      <trkpt lat="41.534124" lon="-81.646752"><ele>178.85</ele><time>2026-07-17T18:59:26Z</time></trkpt>
      <trkpt lat="41.53312" lon="-81.647823"><ele>178</ele><time>2026-07-17T18:59:32Z</time></trkpt>
      <trkpt lat="41.532097" lon="-81.648984"><ele>178.06</ele><time>2026-07-17T18:59:39Z</time></trkpt>
      <trkpt lat="41.531644" lon="-81.649584"><ele>178.6</ele><time>2026-07-17T18:59:43Z</time></trkpt>
      <trkpt lat="41.531429" lon="-81.6499"><ele>178.47</ele><time>2026-07-17T18:59:45Z</time></trkpt>
      <trkpt lat="41.530624" lon="-81.651229"><ele>177.1</ele><time>2026-07-17T18:59:51Z</time></trkpt>
      <trkpt lat="41.53031" lon="-81.651827"><ele>179.05</ele><time>2026-07-17T18:59:55Z</time></trkpt>
      <trkpt lat="41.528843" lon="-81.654661"><ele>176.7</ele><time>2026-07-17T19:00:04Z</time></trkpt>
      <trkpt lat="41.525653" lon="-81.660784"><ele>179</ele><time>2026-07-17T19:00:25Z</time></trkpt>
      <trkpt lat="41.524411" lon="-81.663169"><ele>177</ele><time>2026-07-17T19:00:33Z</time></trkpt>
      <trkpt lat="41.520399" lon="-81.670874"><ele>177</ele><time>2026-07-17T19:00:58Z</time></trkpt>
      <trkpt lat="41.520068" lon="-81.671436"><ele>177</ele><time>2026-07-17T19:01:02Z</time></trkpt>
      <trkpt lat="41.519095" lon="-81.673304"><ele>177</ele><time>2026-07-17T19:01:10Z</time></trkpt>
      <trkpt lat="41.518579" lon="-81.674266"><ele>177</ele><time>2026-07-17T19:01:15Z</time></trkpt>
      <trkpt lat="41.518278" lon="-81.674788"><ele>177</ele><time>2026-07-17T19:01:19Z</time></trkpt>
      <trkpt lat="41.518137" lon="-81.675014"><ele>177</ele><time>2026-07-17T19:01:21Z</time></trkpt>
      <trkpt lat="41.51806" lon="-81.675121"><ele>177</ele><time>2026-07-17T19:01:22Z</time></trkpt>
      <trkpt lat="41.517886" lon="-81.67531"><ele>177</ele><time>2026-07-17T19:01:24Z</time></trkpt>
      <trkpt lat="41.517696" lon="-81.675453"><ele>177</ele><time>2026-07-17T19:01:26Z</time></trkpt>
      <trkpt lat="41.517581" lon="-81.675517"><ele>177</ele><time>2026-07-17T19:01:27Z</time></trkpt>
      <trkpt lat="41.517489" lon="-81.675556"><ele>177</ele><time>2026-07-17T19:01:28Z</time></trkpt>
      <trkpt lat="41.51738" lon="-81.67559"><ele>177.32</ele><time>2026-07-17T19:01:29Z</time></trkpt>
      <trkpt lat="41.517272" lon="-81.67561"><ele>177.68</ele><time>2026-07-17T19:01:30Z</time></trkpt>
      <trkpt lat="41.517068" lon="-81.675616"><ele>178.05</ele><time>2026-07-17T19:01:32Z</time></trkpt>
      <trkpt lat="41.516976" lon="-81.6756"><ele>178.45</ele><time>2026-07-17T19:01:33Z</time></trkpt>
      <trkpt lat="41.516772" lon="-81.67554"><ele>178.52</ele><time>2026-07-17T19:01:35Z</time></trkpt>
      <trkpt lat="41.516687" lon="-81.675505"><ele>178.04</ele><time>2026-07-17T19:01:36Z</time></trkpt>
      <trkpt lat="41.516604" lon="-81.675456"><ele>177.92</ele><time>2026-07-17T19:01:37Z</time></trkpt>
      <trkpt lat="41.516418" lon="-81.675312"><ele>178</ele><time>2026-07-17T19:01:39Z</time></trkpt>
      <trkpt lat="41.515601" lon="-81.674612"><ele>180.08</ele><time>2026-07-17T19:01:45Z</time></trkpt>
      <trkpt lat="41.515316" lon="-81.674391"><ele>181.31</ele><time>2026-07-17T19:01:48Z</time></trkpt>
      <trkpt lat="41.515022" lon="-81.674182"><ele>182.99</ele><time>2026-07-17T19:01:51Z</time></trkpt>
      <trkpt lat="41.514731" lon="-81.673993"><ele>184.28</ele><time>2026-07-17T19:01:54Z</time></trkpt>
      <trkpt lat="41.514478" lon="-81.673873"><ele>185.1</ele><time>2026-07-17T19:01:56Z</time></trkpt>
      <trkpt lat="41.513848" lon="-81.673537"><ele>186.67</ele><time>2026-07-17T19:02:00Z</time></trkpt>
      <trkpt lat="41.513674" lon="-81.673455"><ele>186.43</ele><time>2026-07-17T19:02:02Z</time></trkpt>
      <trkpt lat="41.513381" lon="-81.673338"><ele>187.01</ele><time>2026-07-17T19:02:05Z</time></trkpt>
      <trkpt lat="41.512938" lon="-81.673177"><ele>186</ele><time>2026-07-17T19:02:08Z</time></trkpt>
      <trkpt lat="41.512394" lon="-81.673008"><ele>186.18</ele><time>2026-07-17T19:02:12Z</time></trkpt>
      <trkpt lat="41.511575" lon="-81.672703"><ele>187</ele><time>2026-07-17T19:02:18Z</time></trkpt>
      <trkpt lat="41.509655" lon="-81.672073"><ele>188.06</ele><time>2026-07-17T19:02:26Z</time></trkpt>
      <trkpt lat="41.508407" lon="-81.671651"><ele>189.2</ele><time>2026-07-17T19:02:32Z</time></trkpt>
      <trkpt lat="41.50731" lon="-81.671306"><ele>190</ele><time>2026-07-17T19:02:39Z</time></trkpt>
      <trkpt lat="41.506396" lon="-81.670999"><ele>191</ele><time>2026-07-17T19:02:45Z</time></trkpt>
      <trkpt lat="41.505416" lon="-81.670644"><ele>192</ele><time>2026-07-17T19:02:51Z</time></trkpt>
      <trkpt lat="41.504284" lon="-81.670276"><ele>194.44</ele><time>2026-07-17T19:02:57Z</time></trkpt>
      <trkpt lat="41.503935" lon="-81.670154"><ele>193.09</ele><time>2026-07-17T19:03:00Z</time></trkpt>
      <trkpt lat="41.503408" lon="-81.669998"><ele>194</ele><time>2026-07-17T19:03:04Z</time></trkpt>
      <trkpt lat="41.503072" lon="-81.669931"><ele>194</ele><time>2026-07-17T19:03:06Z</time></trkpt>
      <trkpt lat="41.502768" lon="-81.669913"><ele>194.1</ele><time>2026-07-17T19:03:08Z</time></trkpt>
      <trkpt lat="41.502399" lon="-81.669917"><ele>196.02</ele><time>2026-07-17T19:03:11Z</time></trkpt>
      <trkpt lat="41.502089" lon="-81.669946"><ele>195.44</ele><time>2026-07-17T19:03:14Z</time></trkpt>
      <trkpt lat="41.501607" lon="-81.670035"><ele>195.81</ele><time>2026-07-17T19:03:18Z</time></trkpt>
      <trkpt lat="41.50127" lon="-81.670191"><ele>196.65</ele><time>2026-07-17T19:03:21Z</time></trkpt>
      <trkpt lat="41.500968" lon="-81.670344"><ele>197.05</ele><time>2026-07-17T19:03:24Z</time></trkpt>
      <trkpt lat="41.500655" lon="-81.670543"><ele>197.92</ele><time>2026-07-17T19:03:27Z</time></trkpt>
      <trkpt lat="41.500278" lon="-81.670823"><ele>198</ele><time>2026-07-17T19:03:30Z</time></trkpt>
      <trkpt lat="41.499913" lon="-81.67116"><ele>197.44</ele><time>2026-07-17T19:03:33Z</time></trkpt>
      <trkpt lat="41.499586" lon="-81.671536"><ele>197.19</ele><time>2026-07-17T19:03:36Z</time></trkpt>
      <trkpt lat="41.499283" lon="-81.671961"><ele>197.7</ele><time>2026-07-17T19:03:39Z</time></trkpt>
      <trkpt lat="41.499144" lon="-81.672185"><ele>197</ele><time>2026-07-17T19:03:41Z</time></trkpt>
      <trkpt lat="41.499016" lon="-81.672417"><ele>196.05</ele><time>2026-07-17T19:03:43Z</time></trkpt>
      <trkpt lat="41.49814" lon="-81.674128"><ele>198.04</ele><time>2026-07-17T19:03:50Z</time></trkpt>
      <trkpt lat="41.497417" lon="-81.675538"><ele>203.64</ele><time>2026-07-17T19:03:56Z</time></trkpt>
      <trkpt lat="41.496687" lon="-81.676927"><ele>208.5</ele><time>2026-07-17T19:04:02Z</time></trkpt>
      <trkpt lat="41.496529" lon="-81.677229"><ele>208.31</ele><time>2026-07-17T19:04:04Z</time></trkpt>
      <trkpt lat="41.496106" lon="-81.678046"><ele>211.73</ele><time>2026-07-17T19:04:09Z</time></trkpt>
      <trkpt lat="41.495795" lon="-81.678689"><ele>213.09</ele><time>2026-07-17T19:04:13Z</time></trkpt>
      <trkpt lat="41.495559" lon="-81.679257"><ele>213.13</ele><time>2026-07-17T19:04:16Z</time></trkpt>
      <trkpt lat="41.495402" lon="-81.679667"><ele>212.75</ele><time>2026-07-17T19:04:19Z</time></trkpt>
      <trkpt lat="41.49532" lon="-81.679948"><ele>212.5</ele><time>2026-07-17T19:04:21Z</time></trkpt>
      <trkpt lat="41.495256" lon="-81.680219"><ele>212.27</ele><time>2026-07-17T19:04:23Z</time></trkpt>
      <trkpt lat="41.49496" lon="-81.681587"><ele>211.9</ele><time>2026-07-17T19:04:29Z</time></trkpt>
      <trkpt lat="41.494869" lon="-81.681928"><ele>212.32</ele><time>2026-07-17T19:04:31Z</time></trkpt>
      <trkpt lat="41.494752" lon="-81.682309"><ele>212.79</ele><time>2026-07-17T19:04:34Z</time></trkpt>
      <trkpt lat="41.494612" lon="-81.682717"><ele>212.24</ele><time>2026-07-17T19:04:37Z</time></trkpt>
      <trkpt lat="41.494469" lon="-81.683099"><ele>211.72</ele><time>2026-07-17T19:04:40Z</time></trkpt>
      <trkpt lat="41.494307" lon="-81.683496"><ele>211.17</ele><time>2026-07-17T19:04:43Z</time></trkpt>
      <trkpt lat="41.494123" lon="-81.683917"><ele>210.58</ele><time>2026-07-17T19:04:46Z</time></trkpt>
      <trkpt lat="41.493952" lon="-81.684284"><ele>210.27</ele><time>2026-07-17T19:04:48Z</time></trkpt>
      <trkpt lat="41.493787" lon="-81.684613"><ele>209.98</ele><time>2026-07-17T19:04:50Z</time></trkpt>
      <trkpt lat="41.493541" lon="-81.685132"><ele>210.03</ele><time>2026-07-17T19:04:54Z</time></trkpt>
      <trkpt lat="41.493297" lon="-81.685553"><ele>209.6</ele><time>2026-07-17T19:04:57Z</time></trkpt>
      <trkpt lat="41.493065" lon="-81.685902"><ele>209.23</ele><time>2026-07-17T19:05:00Z</time></trkpt>
      <trkpt lat="41.492594" lon="-81.686527"><ele>208.54</ele><time>2026-07-17T19:05:05Z</time></trkpt>
      <trkpt lat="41.491875" lon="-81.687374"><ele>207.57</ele><time>2026-07-17T19:05:11Z</time></trkpt>
      <trkpt lat="41.491588" lon="-81.687678"><ele>207.2</ele><time>2026-07-17T19:05:14Z</time></trkpt>
      <trkpt lat="41.49075" lon="-81.68844"><ele>206.2</ele><time>2026-07-17T19:05:19Z</time></trkpt>
      <trkpt lat="41.490231" lon="-81.688822"><ele>205.63</ele><time>2026-07-17T19:05:23Z</time></trkpt>
      <trkpt lat="41.489883" lon="-81.689066"><ele>205.97</ele><time>2026-07-17T19:05:26Z</time></trkpt>
      <trkpt lat="41.487719" lon="-81.69028"><ele>207.94</ele><time>2026-07-17T19:05:35Z</time></trkpt>
      <trkpt lat="41.487184" lon="-81.690675"><ele>208.47</ele><time>2026-07-17T19:05:40Z</time></trkpt>
      <trkpt lat="41.486879" lon="-81.690841"><ele>208.69</ele><time>2026-07-17T19:05:43Z</time></trkpt>
      <trkpt lat="41.486553" lon="-81.691034"><ele>208.93</ele><time>2026-07-17T19:05:46Z</time></trkpt>
      <trkpt lat="41.485478" lon="-81.691521"><ele>209.67</ele><time>2026-07-17T19:05:53Z</time></trkpt>
      <trkpt lat="41.48498" lon="-81.691742"><ele>209.88</ele><time>2026-07-17T19:05:57Z</time></trkpt>
      <trkpt lat="41.483696" lon="-81.692214"><ele>209.94</ele><time>2026-07-17T19:06:03Z</time></trkpt>
      <trkpt lat="41.482673" lon="-81.69253"><ele>212</ele><time>2026-07-17T19:06:09Z</time></trkpt>
      <trkpt lat="41.482407" lon="-81.692612"><ele>206.72</ele><time>2026-07-17T19:06:11Z</time></trkpt>
      <trkpt lat="41.482216" lon="-81.692674"><ele>207.39</ele><time>2026-07-17T19:06:13Z</time></trkpt>
      <trkpt lat="41.481978" lon="-81.692733"><ele>210.91</ele><time>2026-07-17T19:06:15Z</time></trkpt>
      <trkpt lat="41.481502" lon="-81.69285"><ele>211.88</ele><time>2026-07-17T19:06:19Z</time></trkpt>
      <trkpt lat="41.480727" lon="-81.692983"><ele>213</ele><time>2026-07-17T19:06:24Z</time></trkpt>
      <trkpt lat="41.479945" lon="-81.693138"><ele>212.5</ele><time>2026-07-17T19:06:29Z</time></trkpt>
      <trkpt lat="41.479394" lon="-81.69324"><ele>212.45</ele><time>2026-07-17T19:06:33Z</time></trkpt>
      <trkpt lat="41.479146" lon="-81.693269"><ele>214</ele><time>2026-07-17T19:06:35Z</time></trkpt>
      <trkpt lat="41.478649" lon="-81.693326"><ele>214</ele><time>2026-07-17T19:06:39Z</time></trkpt>
      <trkpt lat="41.478044" lon="-81.693362"><ele>214</ele><time>2026-07-17T19:06:43Z</time></trkpt>
      <trkpt lat="41.477397" lon="-81.693366"><ele>213.96</ele><time>2026-07-17T19:06:47Z</time></trkpt>
      <trkpt lat="41.477077" lon="-81.693356"><ele>213.91</ele><time>2026-07-17T19:06:50Z</time></trkpt>
      <trkpt lat="41.476063" lon="-81.693295"><ele>214.55</ele><time>2026-07-17T19:06:56Z</time></trkpt>
      <trkpt lat="41.475032" lon="-81.693215"><ele>215</ele><time>2026-07-17T19:07:02Z</time></trkpt>
      <trkpt lat="41.474774" lon="-81.693195"><ele>213.23</ele><time>2026-07-17T19:07:04Z</time></trkpt>
      <trkpt lat="41.473493" lon="-81.693106"><ele>211.24</ele><time>2026-07-17T19:07:11Z</time></trkpt>
      <trkpt lat="41.473227" lon="-81.693087"><ele>213.47</ele><time>2026-07-17T19:07:13Z</time></trkpt>
      <trkpt lat="41.472961" lon="-81.693068"><ele>212.87</ele><time>2026-07-17T19:07:15Z</time></trkpt>
      <trkpt lat="41.47012" lon="-81.69287"><ele>203.51</ele><time>2026-07-17T19:07:25Z</time></trkpt>
      <trkpt lat="41.469642" lon="-81.692846"><ele>202</ele><time>2026-07-17T19:07:28Z</time></trkpt>
      <trkpt lat="41.469186" lon="-81.69283"><ele>202</ele><time>2026-07-17T19:07:31Z</time></trkpt>
      <trkpt lat="41.468792" lon="-81.692833"><ele>202</ele><time>2026-07-17T19:07:34Z</time></trkpt>
      <trkpt lat="41.468408" lon="-81.692854"><ele>201.12</ele><time>2026-07-17T19:07:37Z</time></trkpt>
      <trkpt lat="41.467474" lon="-81.69295"><ele>201</ele><time>2026-07-17T19:07:43Z</time></trkpt>
      <trkpt lat="41.466703" lon="-81.693079"><ele>200</ele><time>2026-07-17T19:07:48Z</time></trkpt>
      <trkpt lat="41.464772" lon="-81.693553"><ele>199.1</ele><time>2026-07-17T19:07:56Z</time></trkpt>
      <trkpt lat="41.462818" lon="-81.694073"><ele>196.94</ele><time>2026-07-17T19:08:04Z</time></trkpt>
      <trkpt lat="41.46255" lon="-81.694151"><ele>197</ele><time>2026-07-17T19:08:06Z</time></trkpt>
      <trkpt lat="41.461987" lon="-81.694292"><ele>197</ele><time>2026-07-17T19:08:10Z</time></trkpt>
      <trkpt lat="41.461409" lon="-81.69449"><ele>196.72</ele><time>2026-07-17T19:08:14Z</time></trkpt>
      <trkpt lat="41.460846" lon="-81.694728"><ele>196.08</ele><time>2026-07-17T19:08:18Z</time></trkpt>
      <trkpt lat="41.460478" lon="-81.694896"><ele>196.48</ele><time>2026-07-17T19:08:21Z</time></trkpt>
      <trkpt lat="41.460124" lon="-81.695106"><ele>195.12</ele><time>2026-07-17T19:08:24Z</time></trkpt>
      <trkpt lat="41.459843" lon="-81.695298"><ele>196.35</ele><time>2026-07-17T19:08:27Z</time></trkpt>
      <trkpt lat="41.459395" lon="-81.695686"><ele>196.81</ele><time>2026-07-17T19:08:31Z</time></trkpt>
      <trkpt lat="41.459127" lon="-81.696041"><ele>197</ele><time>2026-07-17T19:08:34Z</time></trkpt>
      <trkpt lat="41.45886" lon="-81.696415"><ele>197</ele><time>2026-07-17T19:08:37Z</time></trkpt>
      <trkpt lat="41.458691" lon="-81.696677"><ele>197.15</ele><time>2026-07-17T19:08:39Z</time></trkpt>
      <trkpt lat="41.458469" lon="-81.697051"><ele>197.95</ele><time>2026-07-17T19:08:42Z</time></trkpt>
      <trkpt lat="41.458255" lon="-81.69744"><ele>198.8</ele><time>2026-07-17T19:08:45Z</time></trkpt>
      <trkpt lat="41.45795" lon="-81.698017"><ele>199.08</ele><time>2026-07-17T19:08:49Z</time></trkpt>
      <trkpt lat="41.45779" lon="-81.698349"><ele>200</ele><time>2026-07-17T19:08:51Z</time></trkpt>
      <trkpt lat="41.457656" lon="-81.698659"><ele>200.64</ele><time>2026-07-17T19:08:53Z</time></trkpt>
      <trkpt lat="41.457399" lon="-81.699374"><ele>201.64</ele><time>2026-07-17T19:08:57Z</time></trkpt>
      <trkpt lat="41.457184" lon="-81.700043"><ele>202.48</ele><time>2026-07-17T19:09:01Z</time></trkpt>
      <trkpt lat="41.457108" lon="-81.700296"><ele>202.73</ele><time>2026-07-17T19:09:03Z</time></trkpt>
      <trkpt lat="41.45702" lon="-81.700645"><ele>203.16</ele><time>2026-07-17T19:09:05Z</time></trkpt>
      <trkpt lat="41.456882" lon="-81.701338"><ele>204.17</ele><time>2026-07-17T19:09:09Z</time></trkpt>
      <trkpt lat="41.456759" lon="-81.702169"><ele>206.04</ele><time>2026-07-17T19:09:13Z</time></trkpt>
      <trkpt lat="41.456709" lon="-81.702583"><ele>207.24</ele><time>2026-07-17T19:09:16Z</time></trkpt>
      <trkpt lat="41.456666" lon="-81.703033"><ele>208.07</ele><time>2026-07-17T19:09:19Z</time></trkpt>
      <trkpt lat="41.456625" lon="-81.703641"><ele>209.81</ele><time>2026-07-17T19:09:23Z</time></trkpt>
      <trkpt lat="41.456606" lon="-81.70406"><ele>211.03</ele><time>2026-07-17T19:09:26Z</time></trkpt>
      <trkpt lat="41.456593" lon="-81.704871"><ele>212</ele><time>2026-07-17T19:09:30Z</time></trkpt>
      <trkpt lat="41.456598" lon="-81.705958"><ele>212.6</ele><time>2026-07-17T19:09:35Z</time></trkpt>
      <trkpt lat="41.456577" lon="-81.708291"><ele>213.63</ele><time>2026-07-17T19:09:43Z</time></trkpt>
      <trkpt lat="41.456568" lon="-81.708476"><ele>214</ele><time>2026-07-17T19:09:44Z</time></trkpt>
      <trkpt lat="41.456466" lon="-81.709819"><ele>213</ele><time>2026-07-17T19:09:50Z</time></trkpt>
      <trkpt lat="41.456414" lon="-81.712225"><ele>212.35</ele><time>2026-07-17T19:09:57Z</time></trkpt>
      <trkpt lat="41.456386" lon="-81.713228"><ele>213.93</ele><time>2026-07-17T19:10:01Z</time></trkpt>
      <trkpt lat="41.456386" lon="-81.713502"><ele>213.96</ele><time>2026-07-17T19:10:03Z</time></trkpt>
      <trkpt lat="41.456453" lon="-81.714084"><ele>214</ele><time>2026-07-17T19:10:07Z</time></trkpt>
      <trkpt lat="41.456048" lon="-81.714333"><ele>214</ele><time>2026-07-17T19:10:10Z</time></trkpt>
      <trkpt lat="41.454795" lon="-81.715108"><ele>214.96</ele><time>2026-07-17T19:10:16Z</time></trkpt>
      <trkpt lat="41.454426" lon="-81.715313"><ele>215</ele><time>2026-07-17T19:10:19Z</time></trkpt>
      <trkpt lat="41.453908" lon="-81.715627"><ele>215.08</ele><time>2026-07-17T19:10:23Z</time></trkpt>
      <trkpt lat="41.453315" lon="-81.715867"><ele>216</ele><time>2026-07-17T19:10:27Z</time></trkpt>
      <trkpt lat="41.452899" lon="-81.716076"><ele>216</ele><time>2026-07-17T19:10:31Z</time></trkpt>
      <trkpt lat="41.4519" lon="-81.716366"><ele>216.19</ele><time>2026-07-17T19:10:37Z</time></trkpt>
      <trkpt lat="41.447633" lon="-81.717688"><ele>219</ele><time>2026-07-17T19:10:52Z</time></trkpt>
      <trkpt lat="41.447043" lon="-81.717884"><ele>219</ele><time>2026-07-17T19:10:57Z</time></trkpt>
      <trkpt lat="41.44704" lon="-81.719153"><ele>220</ele><time>2026-07-17T19:11:03Z</time></trkpt>
      <trkpt lat="41.447049" lon="-81.721355"><ele>221</ele><time>2026-07-17T19:11:11Z</time></trkpt>
      <trkpt lat="41.447043" lon="-81.722054"><ele>220.83</ele><time>2026-07-17T19:11:14Z</time></trkpt>
      <trkpt lat="41.446997" lon="-81.722356"><ele>221.05</ele><time>2026-07-17T19:11:16Z</time></trkpt>
      <trkpt lat="41.446936" lon="-81.722659"><ele>222</ele><time>2026-07-17T19:11:18Z</time></trkpt>
      <trkpt lat="41.446861" lon="-81.722901"><ele>222</ele><time>2026-07-17T19:11:20Z</time></trkpt>
      <trkpt lat="41.446658" lon="-81.723199"><ele>223</ele><time>2026-07-17T19:11:22Z</time></trkpt>
      <trkpt lat="41.446557" lon="-81.723299"><ele>223</ele><time>2026-07-17T19:11:23Z</time></trkpt>
      <trkpt lat="41.446457" lon="-81.723331"><ele>223</ele><time>2026-07-17T19:11:24Z</time></trkpt>
      <trkpt lat="41.446154" lon="-81.723394"><ele>223</ele><time>2026-07-17T19:11:26Z</time></trkpt>
      <trkpt lat="41.445699" lon="-81.723408"><ele>223</ele><time>2026-07-17T19:11:29Z</time></trkpt>
      <trkpt lat="41.444426" lon="-81.723353"><ele>224</ele><time>2026-07-17T19:11:35Z</time></trkpt>
      <trkpt lat="41.443617" lon="-81.723348"><ele>223</ele><time>2026-07-17T19:11:40Z</time></trkpt>
      <trkpt lat="41.443322" lon="-81.723369"><ele>223</ele><time>2026-07-17T19:11:43Z</time></trkpt>
      <trkpt lat="41.442571" lon="-81.723344"><ele>224</ele><time>2026-07-17T19:11:48Z</time></trkpt>
      <trkpt lat="41.439901" lon="-81.723324"><ele>225</ele><time>2026-07-17T19:11:58Z</time></trkpt>
      <trkpt lat="41.439118" lon="-81.723328"><ele>227</ele><time>2026-07-17T19:12:03Z</time></trkpt>
      <trkpt lat="41.438516" lon="-81.723418"><ele>230.27</ele><time>2026-07-17T19:12:07Z</time></trkpt>
      <trkpt lat="41.437439" lon="-81.723411"><ele>234.46</ele><time>2026-07-17T19:12:13Z</time></trkpt>
      <trkpt lat="41.433881" lon="-81.7234"><ele>242.71</ele><time>2026-07-17T19:12:25Z</time></trkpt>
      <trkpt lat="41.43354" lon="-81.72341"><ele>241.35</ele><time>2026-07-17T19:12:28Z</time></trkpt>
      <trkpt lat="41.433351" lon="-81.72345"><ele>240.45</ele><time>2026-07-17T19:12:30Z</time></trkpt>
      <trkpt lat="41.432893" lon="-81.723668"><ele>239</ele><time>2026-07-17T19:12:33Z</time></trkpt>
      <trkpt lat="41.432747" lon="-81.723718"><ele>238.87</ele><time>2026-07-17T19:12:34Z</time></trkpt>
      <trkpt lat="41.432665" lon="-81.723734"><ele>238.56</ele><time>2026-07-17T19:12:35Z</time></trkpt>
      <trkpt lat="41.430015" lon="-81.723733"><ele>233</ele><time>2026-07-17T19:12:44Z</time></trkpt>
      <trkpt lat="41.427084" lon="-81.723218"><ele>235</ele><time>2026-07-17T19:12:54Z</time></trkpt>
      <trkpt lat="41.426159" lon="-81.723199"><ele>236</ele><time>2026-07-17T19:13:00Z</time></trkpt>
      <trkpt lat="41.425187" lon="-81.723205"><ele>238</ele><time>2026-07-17T19:13:06Z</time></trkpt>
      <trkpt lat="41.424345" lon="-81.723198"><ele>239</ele><time>2026-07-17T19:13:11Z</time></trkpt>
      <trkpt lat="41.42364" lon="-81.723177"><ele>241</ele><time>2026-07-17T19:13:16Z</time></trkpt>
      <trkpt lat="41.423023" lon="-81.723132"><ele>242</ele><time>2026-07-17T19:13:20Z</time></trkpt>
      <trkpt lat="41.422132" lon="-81.724143"><ele>243.92</ele><time>2026-07-17T19:13:26Z</time></trkpt>
      <trkpt lat="41.420732" lon="-81.725771"><ele>244.96</ele><time>2026-07-17T19:13:33Z</time></trkpt>
      <trkpt lat="41.420475" lon="-81.72605"><ele>245</ele><time>2026-07-17T19:13:36Z</time></trkpt>
      <trkpt lat="41.420388" lon="-81.726161"><ele>244.36</ele><time>2026-07-17T19:13:37Z</time></trkpt>
      <trkpt lat="41.419728" lon="-81.72692"><ele>244</ele><time>2026-07-17T19:13:42Z</time></trkpt>
      <trkpt lat="41.418702" lon="-81.728089"><ele>246</ele><time>2026-07-17T19:13:49Z</time></trkpt>
      <trkpt lat="41.41758" lon="-81.729338"><ele>248</ele><time>2026-07-17T19:13:56Z</time></trkpt>
      <trkpt lat="41.416748" lon="-81.73032"><ele>247</ele><time>2026-07-17T19:14:02Z</time></trkpt>
      <trkpt lat="41.416401" lon="-81.730703"><ele>247.01</ele><time>2026-07-17T19:14:05Z</time></trkpt>
      <trkpt lat="41.415599" lon="-81.731644"><ele>245</ele><time>2026-07-17T19:14:11Z</time></trkpt>
      <trkpt lat="41.415381" lon="-81.731898"><ele>246</ele><time>2026-07-17T19:14:13Z</time></trkpt>
      <trkpt lat="41.414848" lon="-81.732478"><ele>247.18</ele><time>2026-07-17T19:14:18Z</time></trkpt>
      <trkpt lat="41.414689" lon="-81.732659"><ele>248</ele><time>2026-07-17T19:14:20Z</time></trkpt>
      <trkpt lat="41.41416" lon="-81.733333"><ele>250</ele><time>2026-07-17T19:14:24Z</time></trkpt>
      <trkpt lat="41.413604" lon="-81.73395"><ele>252.82</ele><time>2026-07-17T19:14:29Z</time></trkpt>
      <trkpt lat="41.413145" lon="-81.734477"><ele>254.97</ele><time>2026-07-17T19:14:33Z</time></trkpt>
      <trkpt lat="41.412695" lon="-81.73497"><ele>257</ele><time>2026-07-17T19:14:37Z</time></trkpt>
      <trkpt lat="41.412589" lon="-81.735103"><ele>257.85</ele><time>2026-07-17T19:14:38Z</time></trkpt>
      <trkpt lat="41.412412" lon="-81.735299"><ele>258.68</ele><time>2026-07-17T19:14:40Z</time></trkpt>
      <trkpt lat="41.411851" lon="-81.735951"><ele>260</ele><time>2026-07-17T19:14:45Z</time></trkpt>
      <trkpt lat="41.411041" lon="-81.736891"><ele>260.06</ele><time>2026-07-17T19:14:51Z</time></trkpt>
      <trkpt lat="41.410764" lon="-81.737196"><ele>260</ele><time>2026-07-17T19:14:54Z</time></trkpt>
      <trkpt lat="41.408678" lon="-81.739592"><ele>260</ele><time>2026-07-17T19:15:04Z</time></trkpt>
      <trkpt lat="41.408442" lon="-81.739893"><ele>260</ele><time>2026-07-17T19:15:06Z</time></trkpt>
      <trkpt lat="41.406797" lon="-81.74183"><ele>259</ele><time>2026-07-17T19:15:14Z</time></trkpt>
      <trkpt lat="41.405983" lon="-81.742837"><ele>258.95</ele><time>2026-07-17T19:15:20Z</time></trkpt>
      <trkpt lat="41.405336" lon="-81.743635"><ele>255.07</ele><time>2026-07-17T19:15:25Z</time></trkpt>
      <trkpt lat="41.404877" lon="-81.7442"><ele>255</ele><time>2026-07-17T19:15:29Z</time></trkpt>
      <trkpt lat="41.404207" lon="-81.745072"><ele>257</ele><time>2026-07-17T19:15:34Z</time></trkpt>
      <trkpt lat="41.404009" lon="-81.745339"><ele>256.97</ele><time>2026-07-17T19:15:36Z</time></trkpt>
      <trkpt lat="41.403852" lon="-81.745532"><ele>257</ele><time>2026-07-17T19:15:38Z</time></trkpt>
      <trkpt lat="41.403328" lon="-81.746155"><ele>259</ele><time>2026-07-17T19:15:43Z</time></trkpt>
      <trkpt lat="41.402813" lon="-81.746819"><ele>261</ele><time>2026-07-17T19:15:48Z</time></trkpt>
      <trkpt lat="41.402191" lon="-81.747561"><ele>260</ele><time>2026-07-17T19:15:53Z</time></trkpt>
      <trkpt lat="41.401504" lon="-81.748379"><ele>261</ele><time>2026-07-17T19:15:58Z</time></trkpt>
      <trkpt lat="41.400883" lon="-81.749183"><ele>260</ele><time>2026-07-17T19:16:03Z</time></trkpt>
      <trkpt lat="41.400095" lon="-81.750204"><ele>261</ele><time>2026-07-17T19:16:09Z</time></trkpt>
      <trkpt lat="41.399404" lon="-81.751023"><ele>260</ele><time>2026-07-17T19:16:15Z</time></trkpt>
      <trkpt lat="41.399371" lon="-81.751131"><ele>260</ele><time>2026-07-17T19:16:16Z</time></trkpt>
      <trkpt lat="41.398719" lon="-81.751923"><ele>256.93</ele><time>2026-07-17T19:16:21Z</time></trkpt>
      <trkpt lat="41.398291" lon="-81.752425"><ele>256.74</ele><time>2026-07-17T19:16:25Z</time></trkpt>
      <trkpt lat="41.397665" lon="-81.753182"><ele>260</ele><time>2026-07-17T19:16:30Z</time></trkpt>
      <trkpt lat="41.397572" lon="-81.753211"><ele>260</ele><time>2026-07-17T19:16:31Z</time></trkpt>
      <trkpt lat="41.396506" lon="-81.754506"><ele>260</ele><time>2026-07-17T19:16:37Z</time></trkpt>
      <trkpt lat="41.396187" lon="-81.754913"><ele>260</ele><time>2026-07-17T19:16:40Z</time></trkpt>
      <trkpt lat="41.3945" lon="-81.756976"><ele>260</ele><time>2026-07-17T19:16:48Z</time></trkpt>
      <trkpt lat="41.393845" lon="-81.757743"><ele>260</ele><time>2026-07-17T19:16:53Z</time></trkpt>
      <trkpt lat="41.392793" lon="-81.758933"><ele>260</ele><time>2026-07-17T19:16:59Z</time></trkpt>
      <trkpt lat="41.39218" lon="-81.759712"><ele>260</ele><time>2026-07-17T19:17:04Z</time></trkpt>
      <trkpt lat="41.391158" lon="-81.760962"><ele>259</ele><time>2026-07-17T19:17:11Z</time></trkpt>
      <trkpt lat="41.389309" lon="-81.76317"><ele>259.04</ele><time>2026-07-17T19:17:20Z</time></trkpt>
      <trkpt lat="41.388949" lon="-81.763617"><ele>259</ele><time>2026-07-17T19:17:24Z</time></trkpt>
      <trkpt lat="41.388731" lon="-81.763917"><ele>259</ele><time>2026-07-17T19:17:26Z</time></trkpt>
    </trkseg>
  </trk>
</gpx>
