<?xml version="1.0" encoding="UTF-8"?>
<gpx version="1.1" creator="HoldMyTrack" xmlns="http://www.topografix.com/GPX/1/1" xmlns:gpxtpx="http://www.garmin.com/xmlschemas/TrackPointExtension/v1">
  <trk>
    <type>Walk</type>
    <trkseg>
      <trkpt lat="41.319088" lon="-81.616052"><ele>226.7</ele><time>2026-09-07T15:59:17Z</time></trkpt>
      <trkpt lat="41.319083" lon="-81.61604"><ele>225.5</ele><time>2026-09-07T15:59:18Z</time></trkpt>
      <trkpt lat="41.319082" lon="-81.616032"><ele>225.5</ele><time>2026-09-07T15:59:19Z</time></trkpt>
      <trkpt lat="41.319082" lon="-81.616028"><ele>225.5</ele><time>2026-09-07T15:59:20Z</time></trkpt>
      <trkpt lat="41.319093" lon="-81.616028"><ele>225.5</ele><time>2026-09-07T15:59:21Z</time></trkpt>
      <trkpt lat="41.319112" lon="-81.616023"><ele>225.6</ele><time>2026-09-07T15:59:22Z</time></trkpt>
      <trkpt lat="41.319122" lon="-81.616005"><ele>225.8</ele><time>2026-09-07T15:59:23Z</time></trkpt>
      <trkpt lat="41.319133" lon="-81.615985"><ele>225.9</ele><time>2026-09-07T15:59:25Z</time></trkpt>
      <trkpt lat="41.319143" lon="-81.615967"><ele>226.1</ele><time>2026-09-07T15:59:26Z</time></trkpt>
      <trkpt lat="41.319157" lon="-81.615952"><ele>226.2</ele><time>2026-09-07T15:59:27Z</time></trkpt>
      <trkpt lat="41.319155" lon="-81.61594"><ele>226.5</ele><time>2026-09-07T15:59:28Z</time></trkpt>
      <trkpt lat="41.319158" lon="-81.61593"><ele>226.5</ele><time>2026-09-07T15:59:29Z</time></trkpt>
      <trkpt lat="41.319152" lon="-81.615907"><ele>226.2</ele><time>2026-09-07T15:59:30Z</time></trkpt>
      <trkpt lat="41.319152" lon="-81.615882"><ele>226</ele><time>2026-09-07T15:59:31Z</time></trkpt>
      <trkpt lat="41.319152" lon="-81.615872"><ele>226</ele><time>2026-09-07T15:59:32Z</time></trkpt>
      <trkpt lat="41.319157" lon="-81.615852"><ele>225.8</ele><time>2026-09-07T15:59:33Z</time></trkpt>
      <trkpt lat="41.319157" lon="-81.615843"><ele>225.8</ele><time>2026-09-07T15:59:34Z</time></trkpt>
      <trkpt lat="41.31916" lon="-81.61583"><ele>225.7</ele><time>2026-09-07T15:59:35Z</time></trkpt>
      <trkpt lat="41.319163" lon="-81.615807"><ele>225.7</ele><time>2026-09-07T15:59:37Z</time></trkpt>
      <trkpt lat="41.31917" lon="-81.615795"><ele>225.7</ele><time>2026-09-07T15:59:38Z</time></trkpt>
      <trkpt lat="41.319175" lon="-81.615788"><ele>225.399</ele><time>2026-09-07T15:59:39Z</time></trkpt>
      <trkpt lat="41.319188" lon="-81.615783"><ele>225.599</ele><time>2026-09-07T15:59:40Z</time></trkpt>
      <trkpt lat="41.319193" lon="-81.61578"><ele>225.599</ele><time>2026-09-07T15:59:41Z</time></trkpt>
      <trkpt lat="41.319203" lon="-81.61578"><ele>225.599</ele><time>2026-09-07T15:59:42Z</time></trkpt>
      <trkpt lat="41.319218" lon="-81.615783"><ele>225.599</ele><time>2026-09-07T15:59:43Z</time></trkpt>
      <trkpt lat="41.319227" lon="-81.615788"><ele>225.5</ele><time>2026-09-07T15:59:44Z</time></trkpt>
      <trkpt lat="41.319238" lon="-81.615797"><ele>225.8</ele><time>2026-09-07T15:59:45Z</time></trkpt>
      <trkpt lat="41.319243" lon="-81.615798"><ele>225.8</ele><time>2026-09-07T15:59:46Z</time></trkpt>
      <trkpt lat="41.319255" lon="-81.615807"><ele>226</ele><time>2026-09-07T15:59:47Z</time></trkpt>
      <trkpt lat="41.319272" lon="-81.615815"><ele>226</ele><time>2026-09-07T15:59:49Z</time></trkpt>
      <trkpt lat="41.319283" lon="-81.615817"><ele>226</ele><time>2026-09-07T15:59:50Z</time></trkpt>
      <trkpt lat="41.319295" lon="-81.61582"><ele>225.8</ele><time>2026-09-07T15:59:51Z</time></trkpt>
      <trkpt lat="41.319308" lon="-81.615823"><ele>225.8</ele><time>2026-09-07T15:59:52Z</time></trkpt>
      <trkpt lat="41.319323" lon="-81.615833"><ele>225.8</ele><time>2026-09-07T15:59:53Z</time></trkpt>
      <trkpt lat="41.319332" lon="-81.615837"><ele>225.8</ele><time>2026-09-07T15:59:54Z</time></trkpt>
      <trkpt lat="41.319342" lon="-81.615843"><ele>226</ele><time>2026-09-07T15:59:55Z</time></trkpt>
      <trkpt lat="41.319363" lon="-81.615852"><ele>225.8</ele><time>2026-09-07T15:59:56Z</time></trkpt>
      <trkpt lat="41.319363" lon="-81.615847"><ele>225.8</ele><time>2026-09-07T15:59:57Z</time></trkpt>
      <trkpt lat="41.319365" lon="-81.615847"><ele>225.8</ele><time>2026-09-07T15:59:58Z</time></trkpt>
      <trkpt lat="41.319375" lon="-81.615862"><ele>226.1</ele><time>2026-09-07T15:59:59Z</time></trkpt>
      <trkpt lat="41.319387" lon="-81.615875"><ele>226.1</ele><time>2026-09-07T16:00:00Z</time></trkpt>
      <trkpt lat="41.319402" lon="-81.615885"><ele>226.1</ele><time>2026-09-07T16:00:01Z</time></trkpt>
      <trkpt lat="41.319412" lon="-81.61589"><ele>226.5</ele><time>2026-09-07T16:00:02Z</time></trkpt>
      <trkpt lat="41.319415" lon="-81.615895"><ele>226.5</ele><time>2026-09-07T16:00:03Z</time></trkpt>
      <trkpt lat="41.319423" lon="-81.615902"><ele>226.5</ele><time>2026-09-07T16:00:04Z</time></trkpt>
      <trkpt lat="41.319435" lon="-81.615907"><ele>226.4</ele><time>2026-09-07T16:00:05Z</time></trkpt>
      <trkpt lat="41.319447" lon="-81.615912"><ele>226.2</ele><time>2026-09-07T16:00:06Z</time></trkpt>
      <trkpt lat="41.319453" lon="-81.615917"><ele>226.5</ele><time>2026-09-07T16:00:07Z</time></trkpt>
      <trkpt lat="41.319462" lon="-81.615923"><ele>226.6</ele><time>2026-09-07T16:00:08Z</time></trkpt>
      <trkpt lat="41.319467" lon="-81.615927"><ele>226.6</ele><time>2026-09-07T16:00:09Z</time></trkpt>
      <trkpt lat="41.319473" lon="-81.61593"><ele>226.7</ele><time>2026-09-07T16:00:10Z</time></trkpt>
      <trkpt lat="41.31948" lon="-81.615937"><ele>226.7</ele><time>2026-09-07T16:00:11Z</time></trkpt>
      <trkpt lat="41.319483" lon="-81.61594"><ele>226.3</ele><time>2026-09-07T16:00:12Z</time></trkpt>
      <trkpt lat="41.319493" lon="-81.615948"><ele>226.6</ele><time>2026-09-07T16:00:13Z</time></trkpt>
      <trkpt lat="41.319495" lon="-81.615953"><ele>226.6</ele><time>2026-09-07T16:00:14Z</time></trkpt>
      <trkpt lat="41.319507" lon="-81.615953"><ele>226.8</ele><time>2026-09-07T16:00:15Z</time></trkpt>
      <trkpt lat="41.319512" lon="-81.615958"><ele>226.8</ele><time>2026-09-07T16:00:16Z</time></trkpt>
      <trkpt lat="41.319528" lon="-81.615962"><ele>226.8</ele><time>2026-09-07T16:00:17Z</time></trkpt>
      <trkpt lat="41.319535" lon="-81.615963"><ele>226.6</ele><time>2026-09-07T16:00:18Z</time></trkpt>
      <trkpt lat="41.31954" lon="-81.615965"><ele>226.6</ele><time>2026-09-07T16:00:19Z</time></trkpt>
      <trkpt lat="41.31955" lon="-81.615963"><ele>226.6</ele><time>2026-09-07T16:00:20Z</time></trkpt>
      <trkpt lat="41.319558" lon="-81.615967"><ele>226.6</ele><time>2026-09-07T16:00:21Z</time></trkpt>
      <trkpt lat="41.319568" lon="-81.615967"><ele>226.5</ele><time>2026-09-07T16:00:22Z</time></trkpt>
      <trkpt lat="41.31958" lon="-81.615968"><ele>226.5</ele><time>2026-09-07T16:00:23Z</time></trkpt>
      <trkpt lat="41.319585" lon="-81.615972"><ele>226.5</ele><time>2026-09-07T16:00:24Z</time></trkpt>
      <trkpt lat="41.319595" lon="-81.615978"><ele>226.4</ele><time>2026-09-07T16:00:25Z</time></trkpt>
      <trkpt lat="41.319605" lon="-81.61599"><ele>226.4</ele><time>2026-09-07T16:00:26Z</time></trkpt>
      <trkpt lat="41.319612" lon="-81.615997"><ele>226.3</ele><time>2026-09-07T16:00:27Z</time></trkpt>
      <trkpt lat="41.319623" lon="-81.616013"><ele>226.3</ele><time>2026-09-07T16:00:28Z</time></trkpt>
      <trkpt lat="41.319627" lon="-81.61602"><ele>226.3</ele><time>2026-09-07T16:00:29Z</time></trkpt>
      <trkpt lat="41.319633" lon="-81.616027"><ele>226.3</ele><time>2026-09-07T16:00:30Z</time></trkpt>
      <trkpt lat="41.319637" lon="-81.616033"><ele>226.3</ele><time>2026-09-07T16:00:31Z</time></trkpt>
      <trkpt lat="41.319643" lon="-81.616042"><ele>226.3</ele><time>2026-09-07T16:00:32Z</time></trkpt>
      <trkpt lat="41.319652" lon="-81.61605"><ele>226.2</ele><time>2026-09-07T16:00:33Z</time></trkpt>
      <trkpt lat="41.31966" lon="-81.616057"><ele>226.2</ele><time>2026-09-07T16:00:34Z</time></trkpt>
      <trkpt lat="41.319673" lon="-81.616063"><ele>226.299</ele><time>2026-09-07T16:00:35Z</time></trkpt>
      <trkpt lat="41.319682" lon="-81.616065"><ele>226.299</ele><time>2026-09-07T16:00:36Z</time></trkpt>
      <trkpt lat="41.319688" lon="-81.616067"><ele>226.299</ele><time>2026-09-07T16:00:37Z</time></trkpt>
      <trkpt lat="41.319695" lon="-81.616065"><ele>226.299</ele><time>2026-09-07T16:00:38Z</time></trkpt>
      <trkpt lat="41.319707" lon="-81.616065"><ele>226.2</ele><time>2026-09-07T16:00:39Z</time></trkpt>
      <trkpt lat="41.319713" lon="-81.616065"><ele>226.299</ele><time>2026-09-07T16:00:40Z</time></trkpt>
      <trkpt lat="41.319717" lon="-81.616063"><ele>226.299</ele><time>2026-09-07T16:00:41Z</time></trkpt>
      <trkpt lat="41.319725" lon="-81.616058"><ele>226.4</ele><time>2026-09-07T16:00:42Z</time></trkpt>
      <trkpt lat="41.319732" lon="-81.616053"><ele>226.4</ele><time>2026-09-07T16:00:43Z</time></trkpt>
      <trkpt lat="41.31974" lon="-81.616045"><ele>226.3</ele><time>2026-09-07T16:00:44Z</time></trkpt>
      <trkpt lat="41.319748" lon="-81.616038"><ele>226.3</ele><time>2026-09-07T16:00:45Z</time></trkpt>
      <trkpt lat="41.319752" lon="-81.616037"><ele>226.3</ele><time>2026-09-07T16:00:46Z</time></trkpt>
      <trkpt lat="41.319762" lon="-81.616028"><ele>226.2</ele><time>2026-09-07T16:00:47Z</time></trkpt>
      <trkpt lat="41.319768" lon="-81.616027"><ele>226.2</ele><time>2026-09-07T16:00:48Z</time></trkpt>
      <trkpt lat="41.319772" lon="-81.616022"><ele>226.1</ele><time>2026-09-07T16:00:49Z</time></trkpt>
      <trkpt lat="41.319778" lon="-81.616015"><ele>226.1</ele><time>2026-09-07T16:00:50Z</time></trkpt>
      <trkpt lat="41.319783" lon="-81.616013"><ele>226.1</ele><time>2026-09-07T16:00:51Z</time></trkpt>
      <trkpt lat="41.31979" lon="-81.616015"><ele>226</ele><time>2026-09-07T16:00:52Z</time></trkpt>
      <trkpt lat="41.319795" lon="-81.61602"><ele>226</ele><time>2026-09-07T16:00:53Z</time></trkpt>
      <trkpt lat="41.319802" lon="-81.616027"><ele>226</ele><time>2026-09-07T16:00:54Z</time></trkpt>
      <trkpt lat="41.31981" lon="-81.61603"><ele>226</ele><time>2026-09-07T16:00:55Z</time></trkpt>
      <trkpt lat="41.319872" lon="-81.615877"><ele>216.8</ele><time>2026-09-07T16:37:13Z</time></trkpt>
      <trkpt lat="41.319868" lon="-81.61586"><ele>217.1</ele><time>2026-09-07T16:37:14Z</time></trkpt>
      <trkpt lat="41.319867" lon="-81.615843"><ele>217.2</ele><time>2026-09-07T16:37:15Z</time></trkpt>
      <trkpt lat="41.319857" lon="-81.615817"><ele>216.6</ele><time>2026-09-07T16:37:16Z</time></trkpt>
      <trkpt lat="41.319848" lon="-81.6158"><ele>215.9</ele><time>2026-09-07T16:37:17Z</time></trkpt>
      <trkpt lat="41.319838" lon="-81.615783"><ele>215.7</ele><time>2026-09-07T16:37:18Z</time></trkpt>
      <trkpt lat="41.319828" lon="-81.61575"><ele>215.8</ele><time>2026-09-07T16:37:19Z</time></trkpt>
      <trkpt lat="41.319828" lon="-81.615737"><ele>215</ele><time>2026-09-07T16:37:20Z</time></trkpt>
      <trkpt lat="41.319828" lon="-81.615725"><ele>215</ele><time>2026-09-07T16:37:21Z</time></trkpt>
      <trkpt lat="41.319835" lon="-81.61571"><ele>216.1</ele><time>2026-09-07T16:37:22Z</time></trkpt>
      <trkpt lat="41.319848" lon="-81.6157"><ele>215.6</ele><time>2026-09-07T16:37:23Z</time></trkpt>
      <trkpt lat="41.319867" lon="-81.615697"><ele>215.7</ele><time>2026-09-07T16:37:24Z</time></trkpt>
      <trkpt lat="41.31988" lon="-81.615697"><ele>215.5</ele><time>2026-09-07T16:37:26Z</time></trkpt>
      <trkpt lat="41.319893" lon="-81.615698"><ele>215.5</ele><time>2026-09-07T16:37:27Z</time></trkpt>
      <trkpt lat="41.319905" lon="-81.615698"><ele>215.7</ele><time>2026-09-07T16:37:28Z</time></trkpt>
      <trkpt lat="41.319913" lon="-81.615698"><ele>215.6</ele><time>2026-09-07T16:37:29Z</time></trkpt>
      <trkpt lat="41.319927" lon="-81.615697"><ele>215.799</ele><time>2026-09-07T16:37:30Z</time></trkpt>
      <trkpt lat="41.319937" lon="-81.615695"><ele>216.399</ele><time>2026-09-07T16:37:31Z</time></trkpt>
      <trkpt lat="41.319947" lon="-81.61569"><ele>216.099</ele><time>2026-09-07T16:37:32Z</time></trkpt>
      <trkpt lat="41.319958" lon="-81.615685"><ele>215.8</ele><time>2026-09-07T16:37:33Z</time></trkpt>
      <trkpt lat="41.319972" lon="-81.615678"><ele>215.6</ele><time>2026-09-07T16:37:34Z</time></trkpt>
      <trkpt lat="41.319978" lon="-81.615673"><ele>215.5</ele><time>2026-09-07T16:37:35Z</time></trkpt>
      <trkpt lat="41.319982" lon="-81.615663"><ele>215.5</ele><time>2026-09-07T16:37:36Z</time></trkpt>
      <trkpt lat="41.319993" lon="-81.615647"><ele>215.5</ele><time>2026-09-07T16:37:37Z</time></trkpt>
      <trkpt lat="41.320002" lon="-81.615645"><ele>215.3</ele><time>2026-09-07T16:37:38Z</time></trkpt>
      <trkpt lat="41.32001" lon="-81.61564"><ele>215.2</ele><time>2026-09-07T16:37:40Z</time></trkpt>
      <trkpt lat="41.320022" lon="-81.61563"><ele>214.6</ele><time>2026-09-07T16:37:41Z</time></trkpt>
      <trkpt lat="41.320032" lon="-81.615617"><ele>214.6</ele><time>2026-09-07T16:37:42Z</time></trkpt>
      <trkpt lat="41.320042" lon="-81.615613"><ele>214.7</ele><time>2026-09-07T16:37:43Z</time></trkpt>
      <trkpt lat="41.320055" lon="-81.615607"><ele>214.5</ele><time>2026-09-07T16:37:44Z</time></trkpt>
      <trkpt lat="41.320067" lon="-81.615602"><ele>214.3</ele><time>2026-09-07T16:37:45Z</time></trkpt>
      <trkpt lat="41.320075" lon="-81.615597"><ele>214.3</ele><time>2026-09-07T16:37:46Z</time></trkpt>
      <trkpt lat="41.320088" lon="-81.615593"><ele>214.8</ele><time>2026-09-07T16:37:47Z</time></trkpt>
      <trkpt lat="41.320102" lon="-81.615588"><ele>215</ele><time>2026-09-07T16:37:48Z</time></trkpt>
      <trkpt lat="41.32012" lon="-81.615582"><ele>215.5</ele><time>2026-09-07T16:37:49Z</time></trkpt>
      <trkpt lat="41.320133" lon="-81.615577"><ele>216.1</ele><time>2026-09-07T16:37:50Z</time></trkpt>
      <trkpt lat="41.320147" lon="-81.615567"><ele>216.2</ele><time>2026-09-07T16:37:52Z</time></trkpt>
      <trkpt lat="41.320163" lon="-81.615555"><ele>215.799</ele><time>2026-09-07T16:37:53Z</time></trkpt>
      <trkpt lat="41.320172" lon="-81.615547"><ele>216.3</ele><time>2026-09-07T16:37:54Z</time></trkpt>
      <trkpt lat="41.320185" lon="-81.615535"><ele>216.3</ele><time>2026-09-07T16:37:55Z</time></trkpt>
      <trkpt lat="41.320192" lon="-81.61552"><ele>215.1</ele><time>2026-09-07T16:37:56Z</time></trkpt>
      <trkpt lat="41.3202" lon="-81.615512"><ele>214.7</ele><time>2026-09-07T16:37:57Z</time></trkpt>
      <trkpt lat="41.320208" lon="-81.615503"><ele>214.6</ele><time>2026-09-07T16:37:58Z</time></trkpt>
      <trkpt lat="41.320217" lon="-81.6155"><ele>214.5</ele><time>2026-09-07T16:37:59Z</time></trkpt>
      <trkpt lat="41.320235" lon="-81.615487"><ele>214.6</ele><time>2026-09-07T16:38:00Z</time></trkpt>
      <trkpt lat="41.320237" lon="-81.615485"><ele>214.6</ele><time>2026-09-07T16:38:01Z</time></trkpt>
      <trkpt lat="41.32025" lon="-81.61548"><ele>214.7</ele><time>2026-09-07T16:38:02Z</time></trkpt>
      <trkpt lat="41.320268" lon="-81.615468"><ele>214</ele><time>2026-09-07T16:38:04Z</time></trkpt>
      <trkpt lat="41.320282" lon="-81.615458"><ele>214</ele><time>2026-09-07T16:38:05Z</time></trkpt>
      <trkpt lat="41.32029" lon="-81.615447"><ele>214.8</ele><time>2026-09-07T16:38:06Z</time></trkpt>
      <trkpt lat="41.3203" lon="-81.615437"><ele>214.6</ele><time>2026-09-07T16:38:07Z</time></trkpt>
      <trkpt lat="41.320313" lon="-81.615427"><ele>214.799</ele><time>2026-09-07T16:38:08Z</time></trkpt>
      <trkpt lat="41.320322" lon="-81.615422"><ele>214.899</ele><time>2026-09-07T16:38:09Z</time></trkpt>
      <trkpt lat="41.320332" lon="-81.615418"><ele>214.899</ele><time>2026-09-07T16:38:10Z</time></trkpt>
      <trkpt lat="41.320345" lon="-81.615412"><ele>215.099</ele><time>2026-09-07T16:38:11Z</time></trkpt>
      <trkpt lat="41.32036" lon="-81.615392"><ele>215.299</ele><time>2026-09-07T16:38:13Z</time></trkpt>
      <trkpt lat="41.32037" lon="-81.615382"><ele>215.3</ele><time>2026-09-07T16:38:14Z</time></trkpt>
      <trkpt lat="41.320387" lon="-81.61538"><ele>215.3</ele><time>2026-09-07T16:38:15Z</time></trkpt>
      <trkpt lat="41.320407" lon="-81.615378"><ele>215.3</ele><time>2026-09-07T16:38:16Z</time></trkpt>
      <trkpt lat="41.320432" lon="-81.615375"><ele>215.6</ele><time>2026-09-07T16:38:17Z</time></trkpt>
      <trkpt lat="41.320447" lon="-81.615373"><ele>215.7</ele><time>2026-09-07T16:38:18Z</time></trkpt>
      <trkpt lat="41.320465" lon="-81.61537"><ele>216.2</ele><time>2026-09-07T16:38:19Z</time></trkpt>
      <trkpt lat="41.320475" lon="-81.615367"><ele>216.1</ele><time>2026-09-07T16:38:20Z</time></trkpt>
      <trkpt lat="41.320483" lon="-81.615363"><ele>216.1</ele><time>2026-09-07T16:38:21Z</time></trkpt>
      <trkpt lat="41.3205" lon="-81.615358"><ele>216.299</ele><time>2026-09-07T16:38:22Z</time></trkpt>
      <trkpt lat="41.320512" lon="-81.615353"><ele>216.499</ele><time>2026-09-07T16:38:23Z</time></trkpt>
      <trkpt lat="41.320533" lon="-81.615345"><ele>216</ele><time>2026-09-07T16:38:24Z</time></trkpt>
      <trkpt lat="41.320543" lon="-81.61534"><ele>216</ele><time>2026-09-07T16:38:25Z</time></trkpt>
      <trkpt lat="41.320552" lon="-81.615335"><ele>216.4</ele><time>2026-09-07T16:38:27Z</time></trkpt>
      <trkpt lat="41.320558" lon="-81.615327"><ele>216.5</ele><time>2026-09-07T16:38:28Z</time></trkpt>
      <trkpt lat="41.320568" lon="-81.615317"><ele>216.1</ele><time>2026-09-07T16:38:29Z</time></trkpt>
      <trkpt lat="41.320577" lon="-81.615305"><ele>216.1</ele><time>2026-09-07T16:38:30Z</time></trkpt>
      <trkpt lat="41.320585" lon="-81.615298"><ele>216.1</ele><time>2026-09-07T16:38:31Z</time></trkpt>
      <trkpt lat="41.320595" lon="-81.61529"><ele>215.7</ele><time>2026-09-07T16:38:32Z</time></trkpt>
      <trkpt lat="41.3206" lon="-81.615287"><ele>215.7</ele><time>2026-09-07T16:38:33Z</time></trkpt>
      <trkpt lat="41.320607" lon="-81.615283"><ele>215.7</ele><time>2026-09-07T16:38:34Z</time></trkpt>
      <trkpt lat="41.320618" lon="-81.61528"><ele>216</ele><time>2026-09-07T16:38:35Z</time></trkpt>
      <trkpt lat="41.320625" lon="-81.61527"><ele>215.5</ele><time>2026-09-07T16:38:37Z</time></trkpt>
      <trkpt lat="41.320635" lon="-81.615267"><ele>215.5</ele><time>2026-09-07T16:38:38Z</time></trkpt>
      <trkpt lat="41.320653" lon="-81.615283"><ele>215.8</ele><time>2026-09-07T16:38:39Z</time></trkpt>
      <trkpt lat="41.320655" lon="-81.615285"><ele>215.8</ele><time>2026-09-07T16:38:40Z</time></trkpt>
      <trkpt lat="41.320663" lon="-81.615298"><ele>215.8</ele><time>2026-09-07T16:38:41Z</time></trkpt>
      <trkpt lat="41.320668" lon="-81.615308"><ele>215.8</ele><time>2026-09-07T16:38:42Z</time></trkpt>
      <trkpt lat="41.32068" lon="-81.61532"><ele>216</ele><time>2026-09-07T16:38:43Z</time></trkpt>
      <trkpt lat="41.320688" lon="-81.615335"><ele>216.5</ele><time>2026-09-07T16:38:44Z</time></trkpt>
      <trkpt lat="41.320692" lon="-81.615352"><ele>217</ele><time>2026-09-07T16:38:45Z</time></trkpt>
      <trkpt lat="41.320693" lon="-81.615358"><ele>217</ele><time>2026-09-07T16:38:46Z</time></trkpt>
      <trkpt lat="41.320693" lon="-81.61537"><ele>216.5</ele><time>2026-09-07T16:38:47Z</time></trkpt>
      <trkpt lat="41.320698" lon="-81.615392"><ele>216.1</ele><time>2026-09-07T16:38:49Z</time></trkpt>
      <trkpt lat="41.3207" lon="-81.6154"><ele>217.5</ele><time>2026-09-07T16:38:50Z</time></trkpt>
      <trkpt lat="41.320698" lon="-81.615403"><ele>216.4</ele><time>2026-09-07T16:38:51Z</time></trkpt>
      <trkpt lat="41.320697" lon="-81.615407"><ele>216.3</ele><time>2026-09-07T16:38:52Z</time></trkpt>
      <trkpt lat="41.320695" lon="-81.615407"><ele>216.1</ele><time>2026-09-07T16:38:53Z</time></trkpt>
      <trkpt lat="41.320688" lon="-81.615405"><ele>216.2</ele><time>2026-09-07T16:38:54Z</time></trkpt>
      <trkpt lat="41.320687" lon="-81.615402"><ele>216</ele><time>2026-09-07T16:38:55Z</time></trkpt>
      <trkpt lat="41.320683" lon="-81.6154"><ele>216.1</ele><time>2026-09-07T16:38:56Z</time></trkpt>
      <trkpt lat="41.320683" lon="-81.6154"><ele>216.1</ele><time>2026-09-07T16:38:57Z</time></trkpt>
      <trkpt lat="41.320683" lon="-81.615398"><ele>216</ele><time>2026-09-07T16:38:58Z</time></trkpt>
      <trkpt lat="41.320682" lon="-81.6154"><ele>216</ele><time>2026-09-07T16:38:59Z</time></trkpt>
      <trkpt lat="41.320682" lon="-81.615405"><ele>216</ele><time>2026-09-07T16:39:00Z</time></trkpt>
      <trkpt lat="41.32068" lon="-81.61541"><ele>216.1</ele><time>2026-09-07T16:39:01Z</time></trkpt>
      <trkpt lat="41.320677" lon="-81.615422"><ele>216.1</ele><time>2026-09-07T16:39:02Z</time></trkpt>
      <trkpt lat="41.32067" lon="-81.615443"><ele>215.5</ele><time>2026-09-07T16:39:03Z</time></trkpt>
      <trkpt lat="41.320668" lon="-81.615453"><ele>215.7</ele><time>2026-09-07T16:39:04Z</time></trkpt>
      <trkpt lat="41.320665" lon="-81.615468"><ele>215.7</ele><time>2026-09-07T16:39:05Z</time></trkpt>
      <trkpt lat="41.320665" lon="-81.61549"><ele>217.5</ele><time>2026-09-07T16:39:06Z</time></trkpt>
      <trkpt lat="41.320668" lon="-81.615498"><ele>216.3</ele><time>2026-09-07T16:39:07Z</time></trkpt>
      <trkpt lat="41.32067" lon="-81.615515"><ele>217.4</ele><time>2026-09-07T16:39:08Z</time></trkpt>
      <trkpt lat="41.320673" lon="-81.615523"><ele>217.7</ele><time>2026-09-07T16:39:09Z</time></trkpt>
      <trkpt lat="41.320675" lon="-81.615537"><ele>218</ele><time>2026-09-07T16:39:10Z</time></trkpt>
      <trkpt lat="41.32068" lon="-81.61557"><ele>218</ele><time>2026-09-07T16:39:11Z</time></trkpt>
      <trkpt lat="41.320682" lon="-81.61557"><ele>218</ele><time>2026-09-07T16:39:12Z</time></trkpt>
      <trkpt lat="41.320682" lon="-81.61558"><ele>218</ele><time>2026-09-07T16:39:13Z</time></trkpt>
      <trkpt lat="41.320687" lon="-81.615593"><ele>218</ele><time>2026-09-07T16:39:14Z</time></trkpt>
      <trkpt lat="41.320688" lon="-81.615605"><ele>217.8</ele><time>2026-09-07T16:39:15Z</time></trkpt>
      <trkpt lat="41.320692" lon="-81.615618"><ele>217.8</ele><time>2026-09-07T16:39:16Z</time></trkpt>
      <trkpt lat="41.320697" lon="-81.61563"><ele>218</ele><time>2026-09-07T16:39:17Z</time></trkpt>
      <trkpt lat="41.320697" lon="-81.615635"><ele>218.1</ele><time>2026-09-07T16:39:18Z</time></trkpt>
      <trkpt lat="41.320695" lon="-81.61564"><ele>217.299</ele><time>2026-09-07T16:39:19Z</time></trkpt>
      <trkpt lat="41.320693" lon="-81.615643"><ele>216.999</ele><time>2026-09-07T16:39:20Z</time></trkpt>
      <trkpt lat="41.32069" lon="-81.615642"><ele>216.699</ele><time>2026-09-07T16:39:21Z</time></trkpt>
      <trkpt lat="41.320688" lon="-81.61564"><ele>216.899</ele><time>2026-09-07T16:39:22Z</time></trkpt>
      <trkpt lat="41.320688" lon="-81.615637"><ele>216.899</ele><time>2026-09-07T16:39:23Z</time></trkpt>
      <trkpt lat="41.320688" lon="-81.61564"><ele>216.799</ele><time>2026-09-07T16:39:24Z</time></trkpt>
      <trkpt lat="41.320688" lon="-81.615642"><ele>216.799</ele><time>2026-09-07T16:39:25Z</time></trkpt>
      <trkpt lat="41.32069" lon="-81.615647"><ele>217</ele><time>2026-09-07T16:39:26Z</time></trkpt>
      <trkpt lat="41.320693" lon="-81.615653"><ele>216.8</ele><time>2026-09-07T16:39:27Z</time></trkpt>
      <trkpt lat="41.320693" lon="-81.615658"><ele>217</ele><time>2026-09-07T16:39:28Z</time></trkpt>
      <trkpt lat="41.320697" lon="-81.615675"><ele>216.8</ele><time>2026-09-07T16:39:29Z</time></trkpt>
      <trkpt lat="41.320698" lon="-81.615685"><ele>216.5</ele><time>2026-09-07T16:39:30Z</time></trkpt>
      <trkpt lat="41.320702" lon="-81.61571"><ele>216.4</ele><time>2026-09-07T16:39:31Z</time></trkpt>
      <trkpt lat="41.32071" lon="-81.615743"><ele>216.5</ele><time>2026-09-07T16:39:32Z</time></trkpt>
      <trkpt lat="41.320715" lon="-81.615765"><ele>217.2</ele><time>2026-09-07T16:39:34Z</time></trkpt>
      <trkpt lat="41.320718" lon="-81.615785"><ele>218.7</ele><time>2026-09-07T16:39:35Z</time></trkpt>
      <trkpt lat="41.320722" lon="-81.615802"><ele>218.5</ele><time>2026-09-07T16:39:36Z</time></trkpt>
      <trkpt lat="41.320728" lon="-81.615828"><ele>218.5</ele><time>2026-09-07T16:39:37Z</time></trkpt>
      <trkpt lat="41.320733" lon="-81.615838"><ele>218.5</ele><time>2026-09-07T16:39:38Z</time></trkpt>
      <trkpt lat="41.320737" lon="-81.615843"><ele>218.5</ele><time>2026-09-07T16:39:39Z</time></trkpt>
      <trkpt lat="41.320745" lon="-81.615867"><ele>218.4</ele><time>2026-09-07T16:39:40Z</time></trkpt>
      <trkpt lat="41.320747" lon="-81.615883"><ele>218.5</ele><time>2026-09-07T16:39:42Z</time></trkpt>
      <trkpt lat="41.320748" lon="-81.615903"><ele>218.799</ele><time>2026-09-07T16:39:43Z</time></trkpt>
      <trkpt lat="41.320752" lon="-81.615917"><ele>218.7</ele><time>2026-09-07T16:39:44Z</time></trkpt>
      <trkpt lat="41.320748" lon="-81.615927"><ele>218.6</ele><time>2026-09-07T16:39:45Z</time></trkpt>
      <trkpt lat="41.320747" lon="-81.61594"><ele>218.299</ele><time>2026-09-07T16:39:46Z</time></trkpt>
      <trkpt lat="41.320747" lon="-81.615955"><ele>218.299</ele><time>2026-09-07T16:39:47Z</time></trkpt>
      <trkpt lat="41.320748" lon="-81.615967"><ele>218.499</ele><time>2026-09-07T16:39:48Z</time></trkpt>
      <trkpt lat="41.320748" lon="-81.61598"><ele>218.499</ele><time>2026-09-07T16:39:49Z</time></trkpt>
      <trkpt lat="41.320747" lon="-81.616"><ele>218.3</ele><time>2026-09-07T16:39:50Z</time></trkpt>
      <trkpt lat="41.320748" lon="-81.616008"><ele>218.6</ele><time>2026-09-07T16:39:51Z</time></trkpt>
      <trkpt lat="41.320753" lon="-81.61603"><ele>218.8</ele><time>2026-09-07T16:39:53Z</time></trkpt>
      <trkpt lat="41.320757" lon="-81.616045"><ele>218.8</ele><time>2026-09-07T16:39:54Z</time></trkpt>
      <trkpt lat="41.320762" lon="-81.616062"><ele>218.8</ele><time>2026-09-07T16:39:55Z</time></trkpt>
      <trkpt lat="41.320768" lon="-81.616075"><ele>218.9</ele><time>2026-09-07T16:39:56Z</time></trkpt>
      <trkpt lat="41.320782" lon="-81.616097"><ele>218.8</ele><time>2026-09-07T16:39:57Z</time></trkpt>
      <trkpt lat="41.32079" lon="-81.616105"><ele>218.8</ele><time>2026-09-07T16:39:58Z</time></trkpt>
      <trkpt lat="41.320802" lon="-81.616118"><ele>218.8</ele><time>2026-09-07T16:39:59Z</time></trkpt>
      <trkpt lat="41.320815" lon="-81.616132"><ele>218.9</ele><time>2026-09-07T16:40:00Z</time></trkpt>
      <trkpt lat="41.32082" lon="-81.616137"><ele>218.9</ele><time>2026-09-07T16:40:01Z</time></trkpt>
      <trkpt lat="41.320827" lon="-81.616147"><ele>218.8</ele><time>2026-09-07T16:40:02Z</time></trkpt>
      <trkpt lat="41.320835" lon="-81.616167"><ele>219</ele><time>2026-09-07T16:40:03Z</time></trkpt>
      <trkpt lat="41.320838" lon="-81.616185"><ele>218.8</ele><time>2026-09-07T16:40:05Z</time></trkpt>
      <trkpt lat="41.320838" lon="-81.616203"><ele>218.8</ele><time>2026-09-07T16:40:06Z</time></trkpt>
      <trkpt lat="41.320835" lon="-81.616222"><ele>218.8</ele><time>2026-09-07T16:40:07Z</time></trkpt>
      <trkpt lat="41.320827" lon="-81.616233"><ele>218.6</ele><time>2026-09-07T16:40:08Z</time></trkpt>
      <trkpt lat="41.320822" lon="-81.616245"><ele>218.3</ele><time>2026-09-07T16:40:09Z</time></trkpt>
      <trkpt lat="41.320813" lon="-81.616263"><ele>218.1</ele><time>2026-09-07T16:40:10Z</time></trkpt>
      <trkpt lat="41.320808" lon="-81.61627"><ele>218.2</ele><time>2026-09-07T16:40:11Z</time></trkpt>
      <trkpt lat="41.320807" lon="-81.616277"><ele>218.2</ele><time>2026-09-07T16:40:12Z</time></trkpt>
      <trkpt lat="41.320803" lon="-81.616287"><ele>218.499</ele><time>2026-09-07T16:40:13Z</time></trkpt>
      <trkpt lat="41.320802" lon="-81.616298"><ele>218.499</ele><time>2026-09-07T16:40:14Z</time></trkpt>
      <trkpt lat="41.320805" lon="-81.616312"><ele>218.499</ele><time>2026-09-07T16:40:15Z</time></trkpt>
      <trkpt lat="41.320807" lon="-81.616332"><ele>218.3</ele><time>2026-09-07T16:40:16Z</time></trkpt>
      <trkpt lat="41.320808" lon="-81.616342"><ele>217.4</ele><time>2026-09-07T16:40:18Z</time></trkpt>
      <trkpt lat="41.320808" lon="-81.61635"><ele>217.2</ele><time>2026-09-07T16:40:19Z</time></trkpt>
      <trkpt lat="41.32081" lon="-81.61636"><ele>217.3</ele><time>2026-09-07T16:40:20Z</time></trkpt>
      <trkpt lat="41.32081" lon="-81.616367"><ele>217.3</ele><time>2026-09-07T16:40:21Z</time></trkpt>
      <trkpt lat="41.320812" lon="-81.616383"><ele>217.3</ele><time>2026-09-07T16:40:22Z</time></trkpt>
      <trkpt lat="41.320808" lon="-81.616403"><ele>217.1</ele><time>2026-09-07T16:40:23Z</time></trkpt>
      <trkpt lat="41.320807" lon="-81.61641"><ele>217.1</ele><time>2026-09-07T16:40:24Z</time></trkpt>
      <trkpt lat="41.320802" lon="-81.616428"><ele>217</ele><time>2026-09-07T16:40:25Z</time></trkpt>
      <trkpt lat="41.320798" lon="-81.616432"><ele>216.3</ele><time>2026-09-07T16:40:26Z</time></trkpt>
      <trkpt lat="41.320793" lon="-81.616443"><ele>216.5</ele><time>2026-09-07T16:40:27Z</time></trkpt>
      <trkpt lat="41.32079" lon="-81.616452"><ele>216.4</ele><time>2026-09-07T16:40:28Z</time></trkpt>
      <trkpt lat="41.320785" lon="-81.616465"><ele>216.4</ele><time>2026-09-07T16:40:29Z</time></trkpt>
      <trkpt lat="41.32078" lon="-81.61647"><ele>216.4</ele><time>2026-09-07T16:40:30Z</time></trkpt>
      <trkpt lat="41.32077" lon="-81.616478"><ele>216.8</ele><time>2026-09-07T16:40:31Z</time></trkpt>
      <trkpt lat="41.320762" lon="-81.616487"><ele>216.8</ele><time>2026-09-07T16:40:32Z</time></trkpt>
      <trkpt lat="41.320757" lon="-81.616493"><ele>216.8</ele><time>2026-09-07T16:40:33Z</time></trkpt>
      <trkpt lat="41.320747" lon="-81.6165"><ele>216.7</ele><time>2026-09-07T16:40:34Z</time></trkpt>
      <trkpt lat="41.320737" lon="-81.616512"><ele>217</ele><time>2026-09-07T16:40:35Z</time></trkpt>
      <trkpt lat="41.320735" lon="-81.616515"><ele>217.3</ele><time>2026-09-07T16:40:36Z</time></trkpt>
      <trkpt lat="41.320727" lon="-81.616522"><ele>217.1</ele><time>2026-09-07T16:40:37Z</time></trkpt>
      <trkpt lat="41.320712" lon="-81.616533"><ele>217.1</ele><time>2026-09-07T16:40:38Z</time></trkpt>
      <trkpt lat="41.3207" lon="-81.616538"><ele>217.2</ele><time>2026-09-07T16:40:40Z</time></trkpt>
      <trkpt lat="41.320688" lon="-81.616538"><ele>217</ele><time>2026-09-07T16:40:41Z</time></trkpt>
      <trkpt lat="41.320678" lon="-81.616537"><ele>217.4</ele><time>2026-09-07T16:40:42Z</time></trkpt>
      <trkpt lat="41.320668" lon="-81.616538"><ele>217</ele><time>2026-09-07T16:40:43Z</time></trkpt>
      <trkpt lat="41.32066" lon="-81.616543"><ele>217.2</ele><time>2026-09-07T16:40:44Z</time></trkpt>
      <trkpt lat="41.320655" lon="-81.616552"><ele>216.799</ele><time>2026-09-07T16:40:45Z</time></trkpt>
      <trkpt lat="41.320647" lon="-81.616562"><ele>216.799</ele><time>2026-09-07T16:40:46Z</time></trkpt>
      <trkpt lat="41.320642" lon="-81.61657"><ele>216.6</ele><time>2026-09-07T16:40:47Z</time></trkpt>
      <trkpt lat="41.320633" lon="-81.616588"><ele>216.9</ele><time>2026-09-07T16:40:48Z</time></trkpt>
      <trkpt lat="41.320632" lon="-81.616597"><ele>216.9</ele><time>2026-09-07T16:40:49Z</time></trkpt>
      <trkpt lat="41.320627" lon="-81.616622"><ele>217.2</ele><time>2026-09-07T16:40:50Z</time></trkpt>
      <trkpt lat="41.320623" lon="-81.616637"><ele>217.2</ele><time>2026-09-07T16:40:51Z</time></trkpt>
      <trkpt lat="41.320618" lon="-81.616655"><ele>217.1</ele><time>2026-09-07T16:40:53Z</time></trkpt>
      <trkpt lat="41.320615" lon="-81.616668"><ele>217.1</ele><time>2026-09-07T16:40:54Z</time></trkpt>
      <trkpt lat="41.32061" lon="-81.616683"><ele>216.799</ele><time>2026-09-07T16:40:55Z</time></trkpt>
      <trkpt lat="41.320605" lon="-81.616702"><ele>216.3</ele><time>2026-09-07T16:40:56Z</time></trkpt>
      <trkpt lat="41.320597" lon="-81.616715"><ele>216.4</ele><time>2026-09-07T16:40:57Z</time></trkpt>
      <trkpt lat="41.320588" lon="-81.616728"><ele>216.3</ele><time>2026-09-07T16:40:58Z</time></trkpt>
      <trkpt lat="41.320583" lon="-81.616737"><ele>215.9</ele><time>2026-09-07T16:40:59Z</time></trkpt>
      <trkpt lat="41.320575" lon="-81.616747"><ele>216</ele><time>2026-09-07T16:41:00Z</time></trkpt>
      <trkpt lat="41.320567" lon="-81.616765"><ele>215.8</ele><time>2026-09-07T16:41:01Z</time></trkpt>
      <trkpt lat="41.320562" lon="-81.61677"><ele>216.1</ele><time>2026-09-07T16:41:02Z</time></trkpt>
      <trkpt lat="41.320553" lon="-81.616778"><ele>215.799</ele><time>2026-09-07T16:41:03Z</time></trkpt>
      <trkpt lat="41.32054" lon="-81.616782"><ele>215.6</ele><time>2026-09-07T16:41:04Z</time></trkpt>
      <trkpt lat="41.320533" lon="-81.616782"><ele>215.5</ele><time>2026-09-07T16:41:05Z</time></trkpt>
      <trkpt lat="41.32052" lon="-81.616783"><ele>215.5</ele><time>2026-09-07T16:41:06Z</time></trkpt>
      <trkpt lat="41.320507" lon="-81.61678"><ele>215.4</ele><time>2026-09-07T16:41:07Z</time></trkpt>
      <trkpt lat="41.320485" lon="-81.616783"><ele>215.3</ele><time>2026-09-07T16:41:08Z</time></trkpt>
      <trkpt lat="41.320472" lon="-81.616783"><ele>215.2</ele><time>2026-09-07T16:41:09Z</time></trkpt>
      <trkpt lat="41.32046" lon="-81.616783"><ele>215.1</ele><time>2026-09-07T16:41:11Z</time></trkpt>
      <trkpt lat="41.320447" lon="-81.616783"><ele>215.2</ele><time>2026-09-07T16:41:12Z</time></trkpt>
      <trkpt lat="41.320435" lon="-81.616783"><ele>215.6</ele><time>2026-09-07T16:41:13Z</time></trkpt>
      <trkpt lat="41.320425" lon="-81.61679"><ele>215.4</ele><time>2026-09-07T16:41:14Z</time></trkpt>
      <trkpt lat="41.32042" lon="-81.616802"><ele>215</ele><time>2026-09-07T16:41:15Z</time></trkpt>
      <trkpt lat="41.320407" lon="-81.616823"><ele>214.8</ele><time>2026-09-07T16:41:16Z</time></trkpt>
      <trkpt lat="41.320405" lon="-81.61683"><ele>215.1</ele><time>2026-09-07T16:41:17Z</time></trkpt>
      <trkpt lat="41.320402" lon="-81.616837"><ele>215.1</ele><time>2026-09-07T16:41:18Z</time></trkpt>
      <trkpt lat="41.320397" lon="-81.616847"><ele>215.1</ele><time>2026-09-07T16:41:19Z</time></trkpt>
      <trkpt lat="41.320393" lon="-81.616858"><ele>215.2</ele><time>2026-09-07T16:41:20Z</time></trkpt>
      <trkpt lat="41.320388" lon="-81.616867"><ele>215.2</ele><time>2026-09-07T16:41:21Z</time></trkpt>
      <trkpt lat="41.320377" lon="-81.616875"><ele>214.6</ele><time>2026-09-07T16:41:22Z</time></trkpt>
      <trkpt lat="41.320368" lon="-81.61688"><ele>214.6</ele><time>2026-09-07T16:41:23Z</time></trkpt>
      <trkpt lat="41.32036" lon="-81.616888"><ele>214.4</ele><time>2026-09-07T16:41:24Z</time></trkpt>
      <trkpt lat="41.320353" lon="-81.616912"><ele>214</ele><time>2026-09-07T16:41:25Z</time></trkpt>
      <trkpt lat="41.320352" lon="-81.61692"><ele>214</ele><time>2026-09-07T16:41:26Z</time></trkpt>
      <trkpt lat="41.32035" lon="-81.616935"><ele>214.1</ele><time>2026-09-07T16:41:27Z</time></trkpt>
      <trkpt lat="41.320345" lon="-81.61695"><ele>214.1</ele><time>2026-09-07T16:41:28Z</time></trkpt>
      <trkpt lat="41.320338" lon="-81.616977"><ele>214.3</ele><time>2026-09-07T16:41:29Z</time></trkpt>
      <trkpt lat="41.320338" lon="-81.616983"><ele>214.3</ele><time>2026-09-07T16:41:30Z</time></trkpt>
      <trkpt lat="41.320333" lon="-81.617007"><ele>214</ele><time>2026-09-07T16:41:31Z</time></trkpt>
      <trkpt lat="41.320332" lon="-81.617022"><ele>214.1</ele><time>2026-09-07T16:41:32Z</time></trkpt>
      <trkpt lat="41.320328" lon="-81.617048"><ele>214</ele><time>2026-09-07T16:41:33Z</time></trkpt>
      <trkpt lat="41.320325" lon="-81.617057"><ele>214</ele><time>2026-09-07T16:41:34Z</time></trkpt>
      <trkpt lat="41.32032" lon="-81.61707"><ele>214</ele><time>2026-09-07T16:41:35Z</time></trkpt>
      <trkpt lat="41.32032" lon="-81.617088"><ele>213.7</ele><time>2026-09-07T16:41:36Z</time></trkpt>
      <trkpt lat="41.320328" lon="-81.617097"><ele>212.7</ele><time>2026-09-07T16:41:37Z</time></trkpt>
      <trkpt lat="41.32033" lon="-81.6171"><ele>212</ele><time>2026-09-07T16:41:38Z</time></trkpt>
      <trkpt lat="41.320325" lon="-81.617095"><ele>211.7</ele><time>2026-09-07T16:41:39Z</time></trkpt>
      <trkpt lat="41.320318" lon="-81.617092"><ele>211.299</ele><time>2026-09-07T16:41:40Z</time></trkpt>
      <trkpt lat="41.320313" lon="-81.617087"><ele>211.6</ele><time>2026-09-07T16:41:41Z</time></trkpt>
      <trkpt lat="41.320312" lon="-81.61709"><ele>211.5</ele><time>2026-09-07T16:41:42Z</time></trkpt>
      <trkpt lat="41.32031" lon="-81.617092"><ele>211.5</ele><time>2026-09-07T16:41:43Z</time></trkpt>
      <trkpt lat="41.320308" lon="-81.617092"><ele>211.3</ele><time>2026-09-07T16:41:44Z</time></trkpt>
      <trkpt lat="41.320305" lon="-81.617103"><ele>211.3</ele><time>2026-09-07T16:41:45Z</time></trkpt>
      <trkpt lat="41.320297" lon="-81.617135"><ele>211.6</ele><time>2026-09-07T16:41:46Z</time></trkpt>
      <trkpt lat="41.320287" lon="-81.617155"><ele>211.7</ele><time>2026-09-07T16:41:47Z</time></trkpt>
      <trkpt lat="41.320277" lon="-81.61717"><ele>211.7</ele><time>2026-09-07T16:41:48Z</time></trkpt>
      <trkpt lat="41.320257" lon="-81.617197"><ele>212.1</ele><time>2026-09-07T16:41:49Z</time></trkpt>
      <trkpt lat="41.320253" lon="-81.617202"><ele>212.799</ele><time>2026-09-07T16:41:50Z</time></trkpt>
      <trkpt lat="41.320242" lon="-81.617213"><ele>212.799</ele><time>2026-09-07T16:41:51Z</time></trkpt>
      <trkpt lat="41.320223" lon="-81.61723"><ele>212.799</ele><time>2026-09-07T16:41:52Z</time></trkpt>
      <trkpt lat="41.32022" lon="-81.617235"><ele>212.299</ele><time>2026-09-07T16:41:53Z</time></trkpt>
      <trkpt lat="41.320213" lon="-81.617243"><ele>212.299</ele><time>2026-09-07T16:41:54Z</time></trkpt>
      <trkpt lat="41.32021" lon="-81.617255"><ele>212.6</ele><time>2026-09-07T16:41:55Z</time></trkpt>
      <trkpt lat="41.320203" lon="-81.617272"><ele>212.8</ele><time>2026-09-07T16:41:56Z</time></trkpt>
      <trkpt lat="41.320203" lon="-81.617287"><ele>213.4</ele><time>2026-09-07T16:41:57Z</time></trkpt>
      <trkpt lat="41.320207" lon="-81.617303"><ele>212.8</ele><time>2026-09-07T16:41:58Z</time></trkpt>
      <trkpt lat="41.320218" lon="-81.617322"><ele>212.5</ele><time>2026-09-07T16:41:59Z</time></trkpt>
      <trkpt lat="41.320225" lon="-81.617333"><ele>212.5</ele><time>2026-09-07T16:42:00Z</time></trkpt>
      <trkpt lat="41.320223" lon="-81.617352"><ele>212.8</ele><time>2026-09-07T16:42:01Z</time></trkpt>
      <trkpt lat="41.320213" lon="-81.617377"><ele>212.7</ele><time>2026-09-07T16:42:02Z</time></trkpt>
      <trkpt lat="41.32021" lon="-81.617388"><ele>212.799</ele><time>2026-09-07T16:42:03Z</time></trkpt>
      <trkpt lat="41.320207" lon="-81.617403"><ele>212.799</ele><time>2026-09-07T16:42:04Z</time></trkpt>
      <trkpt lat="41.3202" lon="-81.617442"><ele>212.299</ele><time>2026-09-07T16:42:05Z</time></trkpt>
      <trkpt lat="41.320193" lon="-81.61746"><ele>212.299</ele><time>2026-09-07T16:42:06Z</time></trkpt>
      <trkpt lat="41.320185" lon="-81.617475"><ele>212.299</ele><time>2026-09-07T16:42:08Z</time></trkpt>
      <trkpt lat="41.320172" lon="-81.617487"><ele>212.299</ele><time>2026-09-07T16:42:09Z</time></trkpt>
      <trkpt lat="41.320158" lon="-81.617495"><ele>212.5</ele><time>2026-09-07T16:42:10Z</time></trkpt>
      <trkpt lat="41.320147" lon="-81.6175"><ele>212.7</ele><time>2026-09-07T16:42:11Z</time></trkpt>
      <trkpt lat="41.320125" lon="-81.617512"><ele>212.799</ele><time>2026-09-07T16:42:12Z</time></trkpt>
      <trkpt lat="41.320122" lon="-81.617517"><ele>212.6</ele><time>2026-09-07T16:42:13Z</time></trkpt>
      <trkpt lat="41.320113" lon="-81.617525"><ele>212.799</ele><time>2026-09-07T16:42:14Z</time></trkpt>
      <trkpt lat="41.320103" lon="-81.617533"><ele>213.1</ele><time>2026-09-07T16:42:15Z</time></trkpt>
      <trkpt lat="41.320087" lon="-81.617545"><ele>212.9</ele><time>2026-09-07T16:42:16Z</time></trkpt>
      <trkpt lat="41.32008" lon="-81.61755"><ele>213</ele><time>2026-09-07T16:42:17Z</time></trkpt>
      <trkpt lat="41.320067" lon="-81.617555"><ele>213.3</ele><time>2026-09-07T16:42:18Z</time></trkpt>
      <trkpt lat="41.320057" lon="-81.617558"><ele>213</ele><time>2026-09-07T16:42:19Z</time></trkpt>
      <trkpt lat="41.32004" lon="-81.617567"><ele>212.6</ele><time>2026-09-07T16:42:20Z</time></trkpt>
      <trkpt lat="41.320027" lon="-81.61757"><ele>212.6</ele><time>2026-09-07T16:42:21Z</time></trkpt>
      <trkpt lat="41.320018" lon="-81.617577"><ele>212.5</ele><time>2026-09-07T16:42:22Z</time></trkpt>
      <trkpt lat="41.320008" lon="-81.617585"><ele>212.5</ele><time>2026-09-07T16:42:23Z</time></trkpt>
      <trkpt lat="41.319998" lon="-81.617587"><ele>212.2</ele><time>2026-09-07T16:42:24Z</time></trkpt>
      <trkpt lat="41.319988" lon="-81.617595"><ele>211.9</ele><time>2026-09-07T16:42:25Z</time></trkpt>
      <trkpt lat="41.31998" lon="-81.617603"><ele>211.9</ele><time>2026-09-07T16:42:26Z</time></trkpt>
      <trkpt lat="41.319972" lon="-81.617612"><ele>212.299</ele><time>2026-09-07T16:42:27Z</time></trkpt>
      <trkpt lat="41.319963" lon="-81.617622"><ele>212.1</ele><time>2026-09-07T16:42:28Z</time></trkpt>
      <trkpt lat="41.31995" lon="-81.617645"><ele>212.2</ele><time>2026-09-07T16:42:29Z</time></trkpt>
      <trkpt lat="41.319943" lon="-81.617662"><ele>212.1</ele><time>2026-09-07T16:42:31Z</time></trkpt>
      <trkpt lat="41.319937" lon="-81.61768"><ele>211.799</ele><time>2026-09-07T16:42:32Z</time></trkpt>
      <trkpt lat="41.319932" lon="-81.617698"><ele>211.499</ele><time>2026-09-07T16:42:33Z</time></trkpt>
      <trkpt lat="41.319927" lon="-81.617718"><ele>211.099</ele><time>2026-09-07T16:42:34Z</time></trkpt>
      <trkpt lat="41.319923" lon="-81.617732"><ele>211.299</ele><time>2026-09-07T16:42:35Z</time></trkpt>
      <trkpt lat="41.319917" lon="-81.617753"><ele>211.399</ele><time>2026-09-07T16:42:36Z</time></trkpt>
      <trkpt lat="41.319915" lon="-81.617765"><ele>211.4</ele><time>2026-09-07T16:42:37Z</time></trkpt>
      <trkpt lat="41.319913" lon="-81.617783"><ele>211.2</ele><time>2026-09-07T16:42:38Z</time></trkpt>
      <trkpt lat="41.319913" lon="-81.617802"><ele>211.3</ele><time>2026-09-07T16:42:39Z</time></trkpt>
      <trkpt lat="41.319912" lon="-81.617825"><ele>211.5</ele><time>2026-09-07T16:42:40Z</time></trkpt>
      <trkpt lat="41.319908" lon="-81.617838"><ele>211.3</ele><time>2026-09-07T16:42:41Z</time></trkpt>
      <trkpt lat="41.319903" lon="-81.617862"><ele>210.2</ele><time>2026-09-07T16:42:42Z</time></trkpt>
      <trkpt lat="41.319903" lon="-81.617873"><ele>211.1</ele><time>2026-09-07T16:42:43Z</time></trkpt>
      <trkpt lat="41.319902" lon="-81.617888"><ele>211.1</ele><time>2026-09-07T16:42:44Z</time></trkpt>
      <trkpt lat="41.319902" lon="-81.617908"><ele>211.299</ele><time>2026-09-07T16:42:45Z</time></trkpt>
      <trkpt lat="41.319902" lon="-81.617925"><ele>210.2</ele><time>2026-09-07T16:42:46Z</time></trkpt>
      <trkpt lat="41.3199" lon="-81.61795"><ele>210.299</ele><time>2026-09-07T16:42:47Z</time></trkpt>
      <trkpt lat="41.319898" lon="-81.61797"><ele>210.2</ele><time>2026-09-07T16:42:48Z</time></trkpt>
      <trkpt lat="41.319897" lon="-81.617992"><ele>209.799</ele><time>2026-09-07T16:42:50Z</time></trkpt>
      <trkpt lat="41.319895" lon="-81.61801"><ele>209.499</ele><time>2026-09-07T16:42:51Z</time></trkpt>
      <trkpt lat="41.31989" lon="-81.618027"><ele>209.799</ele><time>2026-09-07T16:42:52Z</time></trkpt>
      <trkpt lat="41.319885" lon="-81.618047"><ele>210.2</ele><time>2026-09-07T16:42:53Z</time></trkpt>
      <trkpt lat="41.319878" lon="-81.618063"><ele>210.399</ele><time>2026-09-07T16:42:54Z</time></trkpt>
      <trkpt lat="41.31987" lon="-81.618083"><ele>210.399</ele><time>2026-09-07T16:42:55Z</time></trkpt>
      <trkpt lat="41.319865" lon="-81.618098"><ele>210.7</ele><time>2026-09-07T16:42:56Z</time></trkpt>
      <trkpt lat="41.319857" lon="-81.61812"><ele>210.5</ele><time>2026-09-07T16:42:57Z</time></trkpt>
      <trkpt lat="41.319848" lon="-81.618125"><ele>211.5</ele><time>2026-09-07T16:42:58Z</time></trkpt>
      <trkpt lat="41.319827" lon="-81.61813"><ele>211.4</ele><time>2026-09-07T16:42:59Z</time></trkpt>
      <trkpt lat="41.31982" lon="-81.61813"><ele>211.4</ele><time>2026-09-07T16:43:00Z</time></trkpt>
      <trkpt lat="41.319798" lon="-81.618138"><ele>211.2</ele><time>2026-09-07T16:43:01Z</time></trkpt>
      <trkpt lat="41.319785" lon="-81.618142"><ele>211.1</ele><time>2026-09-07T16:43:03Z</time></trkpt>
      <trkpt lat="41.319763" lon="-81.618152"><ele>211</ele><time>2026-09-07T16:43:05Z</time></trkpt>
      <trkpt lat="41.319757" lon="-81.618165"><ele>211</ele><time>2026-09-07T16:43:06Z</time></trkpt>
      <trkpt lat="41.319747" lon="-81.61818"><ele>210.6</ele><time>2026-09-07T16:43:07Z</time></trkpt>
      <trkpt lat="41.319742" lon="-81.61819"><ele>210.6</ele><time>2026-09-07T16:43:08Z</time></trkpt>
      <trkpt lat="41.319738" lon="-81.618203"><ele>210.6</ele><time>2026-09-07T16:43:09Z</time></trkpt>
      <trkpt lat="41.319737" lon="-81.61823"><ele>210.6</ele><time>2026-09-07T16:43:10Z</time></trkpt>
      <trkpt lat="41.319737" lon="-81.618237"><ele>210.5</ele><time>2026-09-07T16:43:11Z</time></trkpt>
      <trkpt lat="41.31974" lon="-81.618253"><ele>210.5</ele><time>2026-09-07T16:43:12Z</time></trkpt>
      <trkpt lat="41.319747" lon="-81.61827"><ele>210.5</ele><time>2026-09-07T16:43:13Z</time></trkpt>
      <trkpt lat="41.319747" lon="-81.618273"><ele>210</ele><time>2026-09-07T16:43:14Z</time></trkpt>
      <trkpt lat="41.319743" lon="-81.618298"><ele>209.8</ele><time>2026-09-07T16:43:16Z</time></trkpt>
      <trkpt lat="41.319742" lon="-81.618315"><ele>209.8</ele><time>2026-09-07T16:43:17Z</time></trkpt>
      <trkpt lat="41.31974" lon="-81.618333"><ele>209.5</ele><time>2026-09-07T16:43:18Z</time></trkpt>
      <trkpt lat="41.319738" lon="-81.618353"><ele>209.1</ele><time>2026-09-07T16:43:19Z</time></trkpt>
      <trkpt lat="41.319737" lon="-81.618368"><ele>209</ele><time>2026-09-07T16:43:20Z</time></trkpt>
      <trkpt lat="41.319735" lon="-81.618383"><ele>209</ele><time>2026-09-07T16:43:21Z</time></trkpt>
      <trkpt lat="41.319733" lon="-81.618402"><ele>208.7</ele><time>2026-09-07T16:43:22Z</time></trkpt>
      <trkpt lat="41.319732" lon="-81.618423"><ele>208.7</ele><time>2026-09-07T16:43:23Z</time></trkpt>
      <trkpt lat="41.31973" lon="-81.618432"><ele>208.7</ele><time>2026-09-07T16:43:24Z</time></trkpt>
      <trkpt lat="41.319725" lon="-81.618457"><ele>208.999</ele><time>2026-09-07T16:43:25Z</time></trkpt>
      <trkpt lat="41.319715" lon="-81.618485"><ele>208.499</ele><time>2026-09-07T16:43:26Z</time></trkpt>
      <trkpt lat="41.319713" lon="-81.6185"><ele>208.399</ele><time>2026-09-07T16:43:27Z</time></trkpt>
      <trkpt lat="41.31971" lon="-81.618518"><ele>207.999</ele><time>2026-09-07T16:43:29Z</time></trkpt>
      <trkpt lat="41.319712" lon="-81.618535"><ele>207.399</ele><time>2026-09-07T16:43:30Z</time></trkpt>
      <trkpt lat="41.319715" lon="-81.618557"><ele>208.2</ele><time>2026-09-07T16:43:31Z</time></trkpt>
      <trkpt lat="41.319718" lon="-81.618573"><ele>208.1</ele><time>2026-09-07T16:43:32Z</time></trkpt>
      <trkpt lat="41.319722" lon="-81.618588"><ele>207.5</ele><time>2026-09-07T16:43:33Z</time></trkpt>
      <trkpt lat="41.319723" lon="-81.618605"><ele>207.5</ele><time>2026-09-07T16:43:34Z</time></trkpt>
      <trkpt lat="41.319725" lon="-81.618625"><ele>207.1</ele><time>2026-09-07T16:43:35Z</time></trkpt>
      <trkpt lat="41.319727" lon="-81.618633"><ele>207.1</ele><time>2026-09-07T16:43:36Z</time></trkpt>
      <trkpt lat="41.319727" lon="-81.618663"><ele>207.6</ele><time>2026-09-07T16:43:37Z</time></trkpt>
      <trkpt lat="41.319725" lon="-81.618682"><ele>208</ele><time>2026-09-07T16:43:38Z</time></trkpt>
      <trkpt lat="41.319723" lon="-81.618702"><ele>207.4</ele><time>2026-09-07T16:43:40Z</time></trkpt>
      <trkpt lat="41.319718" lon="-81.618713"><ele>206.7</ele><time>2026-09-07T16:43:41Z</time></trkpt>
      <trkpt lat="41.31972" lon="-81.618713"><ele>205.9</ele><time>2026-09-07T16:43:43Z</time></trkpt>
      <trkpt lat="41.31972" lon="-81.618707"><ele>205.6</ele><time>2026-09-07T16:43:44Z</time></trkpt>
      <trkpt lat="41.31972" lon="-81.618705"><ele>205.6</ele><time>2026-09-07T16:43:45Z</time></trkpt>
      <trkpt lat="41.31972" lon="-81.618705"><ele>205.5</ele><time>2026-09-07T16:43:46Z</time></trkpt>
      <trkpt lat="41.31972" lon="-81.618705"><ele>205.5</ele><time>2026-09-07T16:43:47Z</time></trkpt>
      <trkpt lat="41.319718" lon="-81.618707"><ele>205.5</ele><time>2026-09-07T16:43:48Z</time></trkpt>
      <trkpt lat="41.319715" lon="-81.618715"><ele>204.799</ele><time>2026-09-07T16:43:49Z</time></trkpt>
      <trkpt lat="41.319713" lon="-81.618718"><ele>204.799</ele><time>2026-09-07T16:43:50Z</time></trkpt>
      <trkpt lat="41.3197" lon="-81.618732"><ele>204.5</ele><time>2026-09-07T16:43:51Z</time></trkpt>
      <trkpt lat="41.319687" lon="-81.618742"><ele>204.4</ele><time>2026-09-07T16:43:53Z</time></trkpt>
      <trkpt lat="41.319658" lon="-81.618753"><ele>204.3</ele><time>2026-09-07T16:43:54Z</time></trkpt>
      <trkpt lat="41.319647" lon="-81.618755"><ele>204.4</ele><time>2026-09-07T16:43:55Z</time></trkpt>
      <trkpt lat="41.319642" lon="-81.618758"><ele>204.4</ele><time>2026-09-07T16:43:56Z</time></trkpt>
      <trkpt lat="41.319632" lon="-81.61876"><ele>204.5</ele><time>2026-09-07T16:43:57Z</time></trkpt>
      <trkpt lat="41.319618" lon="-81.61876"><ele>204.1</ele><time>2026-09-07T16:43:58Z</time></trkpt>
      <trkpt lat="41.319608" lon="-81.61876"><ele>204.1</ele><time>2026-09-07T16:43:59Z</time></trkpt>
      <trkpt lat="41.319602" lon="-81.61876"><ele>204.299</ele><time>2026-09-07T16:44:00Z</time></trkpt>
      <trkpt lat="41.319595" lon="-81.61876"><ele>204.1</ele><time>2026-09-07T16:44:01Z</time></trkpt>
      <trkpt lat="41.319583" lon="-81.618762"><ele>204.1</ele><time>2026-09-07T16:44:02Z</time></trkpt>
      <trkpt lat="41.31958" lon="-81.618773"><ele>203.799</ele><time>2026-09-07T16:44:03Z</time></trkpt>
      <trkpt lat="41.319577" lon="-81.61878"><ele>203.799</ele><time>2026-09-07T16:44:04Z</time></trkpt>
      <trkpt lat="41.319582" lon="-81.618797"><ele>203.5</ele><time>2026-09-07T16:44:05Z</time></trkpt>
      <trkpt lat="41.319587" lon="-81.618803"><ele>203.5</ele><time>2026-09-07T16:44:06Z</time></trkpt>
      <trkpt lat="41.319592" lon="-81.618815"><ele>203.2</ele><time>2026-09-07T16:44:07Z</time></trkpt>
      <trkpt lat="41.319598" lon="-81.618827"><ele>203.299</ele><time>2026-09-07T16:44:08Z</time></trkpt>
      <trkpt lat="41.319605" lon="-81.61884"><ele>202.7</ele><time>2026-09-07T16:44:09Z</time></trkpt>
      <trkpt lat="41.31961" lon="-81.618853"><ele>202.7</ele><time>2026-09-07T16:44:10Z</time></trkpt>
      <trkpt lat="41.319617" lon="-81.618862"><ele>202.799</ele><time>2026-09-07T16:44:11Z</time></trkpt>
      <trkpt lat="41.31962" lon="-81.61887"><ele>202.8</ele><time>2026-09-07T16:44:12Z</time></trkpt>
      <trkpt lat="41.31962" lon="-81.61888"><ele>202.1</ele><time>2026-09-07T16:44:13Z</time></trkpt>
      <trkpt lat="41.319615" lon="-81.618887"><ele>201.6</ele><time>2026-09-07T16:44:14Z</time></trkpt>
      <trkpt lat="41.319605" lon="-81.618898"><ele>201.6</ele><time>2026-09-07T16:44:15Z</time></trkpt>
      <trkpt lat="41.3196" lon="-81.618903"><ele>201.6</ele><time>2026-09-07T16:44:16Z</time></trkpt>
      <trkpt lat="41.31959" lon="-81.618912"><ele>201.5</ele><time>2026-09-07T16:44:17Z</time></trkpt>
      <trkpt lat="41.319583" lon="-81.618917"><ele>200.5</ele><time>2026-09-07T16:44:18Z</time></trkpt>
      <trkpt lat="41.319577" lon="-81.618925"><ele>200.7</ele><time>2026-09-07T16:44:19Z</time></trkpt>
      <trkpt lat="41.319568" lon="-81.618938"><ele>200.799</ele><time>2026-09-07T16:44:20Z</time></trkpt>
      <trkpt lat="41.319565" lon="-81.618943"><ele>200.499</ele><time>2026-09-07T16:44:21Z</time></trkpt>
      <trkpt lat="41.319558" lon="-81.61895"><ele>200.499</ele><time>2026-09-07T16:44:22Z</time></trkpt>
      <trkpt lat="41.31955" lon="-81.618955"><ele>200.299</ele><time>2026-09-07T16:44:23Z</time></trkpt>
      <trkpt lat="41.319545" lon="-81.618957"><ele>200.299</ele><time>2026-09-07T16:44:24Z</time></trkpt>
      <trkpt lat="41.319537" lon="-81.618953"><ele>200.6</ele><time>2026-09-07T16:44:25Z</time></trkpt>
      <trkpt lat="41.319532" lon="-81.618952"><ele>200.6</ele><time>2026-09-07T16:44:26Z</time></trkpt>
      <trkpt lat="41.319523" lon="-81.61895"><ele>200.6</ele><time>2026-09-07T16:44:27Z</time></trkpt>
      <trkpt lat="41.319522" lon="-81.618948"><ele>200.799</ele><time>2026-09-07T16:44:28Z</time></trkpt>
      <trkpt lat="41.319513" lon="-81.618948"><ele>200.799</ele><time>2026-09-07T16:44:29Z</time></trkpt>
      <trkpt lat="41.31951" lon="-81.618953"><ele>201.4</ele><time>2026-09-07T16:44:30Z</time></trkpt>
      <trkpt lat="41.319507" lon="-81.618958"><ele>201.8</ele><time>2026-09-07T16:44:31Z</time></trkpt>
      <trkpt lat="41.319505" lon="-81.61896"><ele>202</ele><time>2026-09-07T16:44:32Z</time></trkpt>
      <trkpt lat="41.319503" lon="-81.618968"><ele>202</ele><time>2026-09-07T16:44:33Z</time></trkpt>
      <trkpt lat="41.319513" lon="-81.618983"><ele>203</ele><time>2026-09-07T16:44:34Z</time></trkpt>
      <trkpt lat="41.319517" lon="-81.61899"><ele>203</ele><time>2026-09-07T16:44:35Z</time></trkpt>
      <trkpt lat="41.319527" lon="-81.619"><ele>202.2</ele><time>2026-09-07T16:44:36Z</time></trkpt>
      <trkpt lat="41.319538" lon="-81.619005"><ele>201.9</ele><time>2026-09-07T16:44:37Z</time></trkpt>
      <trkpt lat="41.319543" lon="-81.619012"><ele>201.9</ele><time>2026-09-07T16:44:38Z</time></trkpt>
      <trkpt lat="41.319548" lon="-81.61902"><ele>201.3</ele><time>2026-09-07T16:44:39Z</time></trkpt>
      <trkpt lat="41.31954" lon="-81.619035"><ele>201.5</ele><time>2026-09-07T16:44:40Z</time></trkpt>
      <trkpt lat="41.319535" lon="-81.619038"><ele>201.1</ele><time>2026-09-07T16:44:41Z</time></trkpt>
      <trkpt lat="41.319528" lon="-81.619042"><ele>201.1</ele><time>2026-09-07T16:44:42Z</time></trkpt>
      <trkpt lat="41.319523" lon="-81.619052"><ele>200.9</ele><time>2026-09-07T16:44:43Z</time></trkpt>
      <trkpt lat="41.31952" lon="-81.61906"><ele>200.9</ele><time>2026-09-07T16:44:44Z</time></trkpt>
      <trkpt lat="41.319523" lon="-81.619063"><ele>200.4</ele><time>2026-09-07T16:44:45Z</time></trkpt>
      <trkpt lat="41.319525" lon="-81.61907"><ele>200.4</ele><time>2026-09-07T16:44:46Z</time></trkpt>
      <trkpt lat="41.319533" lon="-81.619068"><ele>200.1</ele><time>2026-09-07T16:44:47Z</time></trkpt>
      <trkpt lat="41.31954" lon="-81.619072"><ele>200.1</ele><time>2026-09-07T16:44:48Z</time></trkpt>
      <trkpt lat="41.319545" lon="-81.619073"><ele>199.3</ele><time>2026-09-07T16:44:49Z</time></trkpt>
      <trkpt lat="41.31955" lon="-81.619078"><ele>198.8</ele><time>2026-09-07T16:44:50Z</time></trkpt>
      <trkpt lat="41.319553" lon="-81.619087"><ele>198.8</ele><time>2026-09-07T16:44:51Z</time></trkpt>
      <trkpt lat="41.319553" lon="-81.619097"><ele>198.2</ele><time>2026-09-07T16:44:52Z</time></trkpt>
      <trkpt lat="41.319555" lon="-81.619108"><ele>198.2</ele><time>2026-09-07T16:44:53Z</time></trkpt>
      <trkpt lat="41.319553" lon="-81.619118"><ele>198.1</ele><time>2026-09-07T16:44:54Z</time></trkpt>
      <trkpt lat="41.319555" lon="-81.619125"><ele>198.1</ele><time>2026-09-07T16:44:55Z</time></trkpt>
      <trkpt lat="41.319557" lon="-81.61913"><ele>197.2</ele><time>2026-09-07T16:44:56Z</time></trkpt>
      <trkpt lat="41.319557" lon="-81.619138"><ele>196.6</ele><time>2026-09-07T16:44:57Z</time></trkpt>
      <trkpt lat="41.319555" lon="-81.619142"><ele>196.5</ele><time>2026-09-07T16:44:58Z</time></trkpt>
      <trkpt lat="41.319555" lon="-81.619152"><ele>196.6</ele><time>2026-09-07T16:44:59Z</time></trkpt>
      <trkpt lat="41.319562" lon="-81.619155"><ele>196.3</ele><time>2026-09-07T16:45:00Z</time></trkpt>
      <trkpt lat="41.319563" lon="-81.619157"><ele>195.7</ele><time>2026-09-07T16:45:01Z</time></trkpt>
      <trkpt lat="41.319572" lon="-81.619162"><ele>195.7</ele><time>2026-09-07T16:45:02Z</time></trkpt>
      <trkpt lat="41.319577" lon="-81.61917"><ele>195.7</ele><time>2026-09-07T16:45:03Z</time></trkpt>
      <trkpt lat="41.319583" lon="-81.619177"><ele>195.7</ele><time>2026-09-07T16:45:04Z</time></trkpt>
      <trkpt lat="41.319583" lon="-81.619182"><ele>195.099</ele><time>2026-09-07T16:45:05Z</time></trkpt>
      <trkpt lat="41.319587" lon="-81.619188"><ele>194.599</ele><time>2026-09-07T16:45:06Z</time></trkpt>
      <trkpt lat="41.31959" lon="-81.619195"><ele>194.3</ele><time>2026-09-07T16:45:07Z</time></trkpt>
      <trkpt lat="41.319592" lon="-81.619198"><ele>194.3</ele><time>2026-09-07T16:45:08Z</time></trkpt>
      <trkpt lat="41.319592" lon="-81.619203"><ele>194.4</ele><time>2026-09-07T16:45:09Z</time></trkpt>
      <trkpt lat="41.319595" lon="-81.619213"><ele>194.2</ele><time>2026-09-07T16:45:10Z</time></trkpt>
      <trkpt lat="41.3196" lon="-81.619213"><ele>194.2</ele><time>2026-09-07T16:45:11Z</time></trkpt>
      <trkpt lat="41.319598" lon="-81.619208"><ele>193.6</ele><time>2026-09-07T16:45:12Z</time></trkpt>
      <trkpt lat="41.319593" lon="-81.619193"><ele>193</ele><time>2026-09-07T16:45:13Z</time></trkpt>
      <trkpt lat="41.319592" lon="-81.619192"><ele>192.9</ele><time>2026-09-07T16:45:14Z</time></trkpt>
      <trkpt lat="41.319593" lon="-81.619192"><ele>192.9</ele><time>2026-09-07T16:45:15Z</time></trkpt>
      <trkpt lat="41.319597" lon="-81.619193"><ele>192.7</ele><time>2026-09-07T16:45:16Z</time></trkpt>
      <trkpt lat="41.319602" lon="-81.619193"><ele>192.5</ele><time>2026-09-07T16:45:17Z</time></trkpt>
      <trkpt lat="41.31961" lon="-81.619197"><ele>192.7</ele><time>2026-09-07T16:45:18Z</time></trkpt>
      <trkpt lat="41.319622" lon="-81.619207"><ele>192.6</ele><time>2026-09-07T16:45:19Z</time></trkpt>
      <trkpt lat="41.319635" lon="-81.619227"><ele>192.6</ele><time>2026-09-07T16:45:20Z</time></trkpt>
      <trkpt lat="41.31964" lon="-81.619237"><ele>192.5</ele><time>2026-09-07T16:45:21Z</time></trkpt>
      <trkpt lat="41.319645" lon="-81.619258"><ele>192.8</ele><time>2026-09-07T16:45:23Z</time></trkpt>
      <trkpt lat="41.319647" lon="-81.61927"><ele>192.9</ele><time>2026-09-07T16:45:24Z</time></trkpt>
      <trkpt lat="41.319645" lon="-81.619275"><ele>192.5</ele><time>2026-09-07T16:45:25Z</time></trkpt>
      <trkpt lat="41.319642" lon="-81.619278"><ele>192.3</ele><time>2026-09-07T16:45:26Z</time></trkpt>
      <trkpt lat="41.319637" lon="-81.619282"><ele>192</ele><time>2026-09-07T16:45:27Z</time></trkpt>
      <trkpt lat="41.319633" lon="-81.619282"><ele>192.1</ele><time>2026-09-07T16:45:29Z</time></trkpt>
      <trkpt lat="41.319632" lon="-81.619282"><ele>192.299</ele><time>2026-09-07T16:45:30Z</time></trkpt>
      <trkpt lat="41.31963" lon="-81.619283"><ele>192.299</ele><time>2026-09-07T16:45:31Z</time></trkpt>
      <trkpt lat="41.319628" lon="-81.619285"><ele>192.399</ele><time>2026-09-07T16:45:32Z</time></trkpt>
      <trkpt lat="41.319628" lon="-81.619287"><ele>192.099</ele><time>2026-09-07T16:45:33Z</time></trkpt>
      <trkpt lat="41.319628" lon="-81.61929"><ele>191.899</ele><time>2026-09-07T16:45:34Z</time></trkpt>
      <trkpt lat="41.319628" lon="-81.619292"><ele>191.999</ele><time>2026-09-07T16:45:35Z</time></trkpt>
      <trkpt lat="41.319628" lon="-81.619295"><ele>191.9</ele><time>2026-09-07T16:45:36Z</time></trkpt>
      <trkpt lat="41.319628" lon="-81.619295"><ele>191.9</ele><time>2026-09-07T16:45:37Z</time></trkpt>
      <trkpt lat="41.319628" lon="-81.619295"><ele>192.2</ele><time>2026-09-07T16:45:38Z</time></trkpt>
      <trkpt lat="41.31963" lon="-81.619295"><ele>192.2</ele><time>2026-09-07T16:45:39Z</time></trkpt>
      <trkpt lat="41.319632" lon="-81.619295"><ele>192.2</ele><time>2026-09-07T16:45:40Z</time></trkpt>
      <trkpt lat="41.319633" lon="-81.619292"><ele>192.1</ele><time>2026-09-07T16:45:41Z</time></trkpt>
      <trkpt lat="41.319633" lon="-81.61929"><ele>192.3</ele><time>2026-09-07T16:45:42Z</time></trkpt>
      <trkpt lat="41.319635" lon="-81.61929"><ele>192.3</ele><time>2026-09-07T16:45:43Z</time></trkpt>
      <trkpt lat="41.319638" lon="-81.619287"><ele>192.5</ele><time>2026-09-07T16:45:44Z</time></trkpt>
      <trkpt lat="41.319647" lon="-81.619282"><ele>193</ele><time>2026-09-07T16:45:45Z</time></trkpt>
      <trkpt lat="41.319652" lon="-81.619283"><ele>192.7</ele><time>2026-09-07T16:45:46Z</time></trkpt>
      <trkpt lat="41.319655" lon="-81.619287"><ele>192.899</ele><time>2026-09-07T16:45:47Z</time></trkpt>
      <trkpt lat="41.31966" lon="-81.619293"><ele>192.899</ele><time>2026-09-07T16:45:48Z</time></trkpt>
      <trkpt lat="41.319665" lon="-81.619297"><ele>192.8</ele><time>2026-09-07T16:45:49Z</time></trkpt>
      <trkpt lat="41.319668" lon="-81.619297"><ele>192.4</ele><time>2026-09-07T16:45:50Z</time></trkpt>
      <trkpt lat="41.319673" lon="-81.619295"><ele>192.3</ele><time>2026-09-07T16:45:51Z</time></trkpt>
      <trkpt lat="41.319678" lon="-81.619292"><ele>191.8</ele><time>2026-09-07T16:45:52Z</time></trkpt>
      <trkpt lat="41.319677" lon="-81.61929"><ele>191.8</ele><time>2026-09-07T16:45:53Z</time></trkpt>
      <trkpt lat="41.319673" lon="-81.61929"><ele>191.3</ele><time>2026-09-07T16:45:54Z</time></trkpt>
      <trkpt lat="41.319673" lon="-81.61929"><ele>191.2</ele><time>2026-09-07T16:45:55Z</time></trkpt>
      <trkpt lat="41.319673" lon="-81.61929"><ele>191.2</ele><time>2026-09-07T16:45:56Z</time></trkpt>
      <trkpt lat="41.319677" lon="-81.61929"><ele>191.2</ele><time>2026-09-07T16:45:57Z</time></trkpt>
      <trkpt lat="41.319677" lon="-81.619288"><ele>191.1</ele><time>2026-09-07T16:45:58Z</time></trkpt>
      <trkpt lat="41.319677" lon="-81.619288"><ele>191</ele><time>2026-09-07T16:45:59Z</time></trkpt>
      <trkpt lat="41.319678" lon="-81.619287"><ele>191.2</ele><time>2026-09-07T16:46:00Z</time></trkpt>
      <trkpt lat="41.319678" lon="-81.619287"><ele>191.299</ele><time>2026-09-07T16:46:01Z</time></trkpt>
      <trkpt lat="41.31968" lon="-81.619285"><ele>191.1</ele><time>2026-09-07T16:46:02Z</time></trkpt>
      <trkpt lat="41.319683" lon="-81.619283"><ele>190.9</ele><time>2026-09-07T16:46:04Z</time></trkpt>
      <trkpt lat="41.319685" lon="-81.619282"><ele>191.1</ele><time>2026-09-07T16:46:05Z</time></trkpt>
      <trkpt lat="41.319688" lon="-81.619282"><ele>191</ele><time>2026-09-07T16:46:06Z</time></trkpt>
      <trkpt lat="41.319698" lon="-81.619285"><ele>191</ele><time>2026-09-07T16:46:07Z</time></trkpt>
      <trkpt lat="41.3197" lon="-81.619285"><ele>191</ele><time>2026-09-07T16:46:08Z</time></trkpt>
      <trkpt lat="41.31972" lon="-81.61929"><ele>191.6</ele><time>2026-09-07T16:46:10Z</time></trkpt>
      <trkpt lat="41.31972" lon="-81.619292"><ele>191.299</ele><time>2026-09-07T16:46:11Z</time></trkpt>
      <trkpt lat="41.319718" lon="-81.61929"><ele>191.299</ele><time>2026-09-07T16:46:12Z</time></trkpt>
      <trkpt lat="41.319718" lon="-81.619288"><ele>191.299</ele><time>2026-09-07T16:46:13Z</time></trkpt>
      <trkpt lat="41.319718" lon="-81.619287"><ele>191.3</ele><time>2026-09-07T16:46:14Z</time></trkpt>
      <trkpt lat="41.319718" lon="-81.619285"><ele>191</ele><time>2026-09-07T16:46:16Z</time></trkpt>
      <trkpt lat="41.319718" lon="-81.619285"><ele>191</ele><time>2026-09-07T16:46:17Z</time></trkpt>
      <trkpt lat="41.31972" lon="-81.619285"><ele>190.8</ele><time>2026-09-07T16:46:19Z</time></trkpt>
      <trkpt lat="41.31972" lon="-81.619285"><ele>190.8</ele><time>2026-09-07T16:46:20Z</time></trkpt>
      <trkpt lat="41.31972" lon="-81.619285"><ele>190.7</ele><time>2026-09-07T16:46:21Z</time></trkpt>
      <trkpt lat="41.319722" lon="-81.619285"><ele>191.3</ele><time>2026-09-07T16:46:22Z</time></trkpt>
      <trkpt lat="41.319723" lon="-81.619288"><ele>191.2</ele><time>2026-09-07T16:46:23Z</time></trkpt>
      <trkpt lat="41.319723" lon="-81.619288"><ele>191.2</ele><time>2026-09-07T16:46:24Z</time></trkpt>
      <trkpt lat="41.319727" lon="-81.6193"><ele>191.8</ele><time>2026-09-07T16:46:25Z</time></trkpt>
      <trkpt lat="41.319728" lon="-81.619307"><ele>192.5</ele><time>2026-09-07T16:46:26Z</time></trkpt>
      <trkpt lat="41.319727" lon="-81.619313"><ele>192.9</ele><time>2026-09-07T16:46:27Z</time></trkpt>
      <trkpt lat="41.319728" lon="-81.619325"><ele>192.9</ele><time>2026-09-07T16:46:28Z</time></trkpt>
      <trkpt lat="41.319732" lon="-81.619358"><ele>193.8</ele><time>2026-09-07T16:46:30Z</time></trkpt>
      <trkpt lat="41.319735" lon="-81.619365"><ele>194.3</ele><time>2026-09-07T16:46:31Z</time></trkpt>
      <trkpt lat="41.319735" lon="-81.61937"><ele>193.5</ele><time>2026-09-07T16:46:32Z</time></trkpt>
      <trkpt lat="41.319733" lon="-81.619375"><ele>193.2</ele><time>2026-09-07T16:46:33Z</time></trkpt>
      <trkpt lat="41.319733" lon="-81.619377"><ele>192.6</ele><time>2026-09-07T16:46:34Z</time></trkpt>
      <trkpt lat="41.319733" lon="-81.619375"><ele>192.299</ele><time>2026-09-07T16:46:35Z</time></trkpt>
      <trkpt lat="41.319733" lon="-81.619377"><ele>191.999</ele><time>2026-09-07T16:46:36Z</time></trkpt>
      <trkpt lat="41.319733" lon="-81.619378"><ele>192.099</ele><time>2026-09-07T16:46:37Z</time></trkpt>
      <trkpt lat="41.319735" lon="-81.619382"><ele>192</ele><time>2026-09-07T16:46:38Z</time></trkpt>
      <trkpt lat="41.319735" lon="-81.619383"><ele>192</ele><time>2026-09-07T16:46:39Z</time></trkpt>
      <trkpt lat="41.319733" lon="-81.619383"><ele>192.1</ele><time>2026-09-07T16:46:40Z</time></trkpt>
      <trkpt lat="41.319733" lon="-81.619383"><ele>192.1</ele><time>2026-09-07T16:46:41Z</time></trkpt>
      <trkpt lat="41.319732" lon="-81.619385"><ele>192.1</ele><time>2026-09-07T16:46:42Z</time></trkpt>
      <trkpt lat="41.31973" lon="-81.619388"><ele>192</ele><time>2026-09-07T16:46:43Z</time></trkpt>
      <trkpt lat="41.319728" lon="-81.619392"><ele>191.8</ele><time>2026-09-07T16:46:44Z</time></trkpt>
      <trkpt lat="41.319727" lon="-81.619392"><ele>191.8</ele><time>2026-09-07T16:46:45Z</time></trkpt>
      <trkpt lat="41.319725" lon="-81.619392"><ele>191.8</ele><time>2026-09-07T16:46:46Z</time></trkpt>
      <trkpt lat="41.319723" lon="-81.619393"><ele>192</ele><time>2026-09-07T16:46:47Z</time></trkpt>
      <trkpt lat="41.31972" lon="-81.619395"><ele>191.8</ele><time>2026-09-07T16:46:48Z</time></trkpt>
      <trkpt lat="41.319718" lon="-81.619397"><ele>191.8</ele><time>2026-09-07T16:46:49Z</time></trkpt>
      <trkpt lat="41.319718" lon="-81.619397"><ele>191.8</ele><time>2026-09-07T16:46:50Z</time></trkpt>
      <trkpt lat="41.319713" lon="-81.619398"><ele>192</ele><time>2026-09-07T16:46:51Z</time></trkpt>
      <trkpt lat="41.319712" lon="-81.619397"><ele>192</ele><time>2026-09-07T16:46:52Z</time></trkpt>
      <trkpt lat="41.31971" lon="-81.619398"><ele>192</ele><time>2026-09-07T16:46:53Z</time></trkpt>
      <trkpt lat="41.31971" lon="-81.619398"><ele>192</ele><time>2026-09-07T16:46:54Z</time></trkpt>
      <trkpt lat="41.319707" lon="-81.619402"><ele>192</ele><time>2026-09-07T16:46:55Z</time></trkpt>
      <trkpt lat="41.319705" lon="-81.619403"><ele>192</ele><time>2026-09-07T16:46:57Z</time></trkpt>
      <trkpt lat="41.3197" lon="-81.619402"><ele>192.3</ele><time>2026-09-07T16:46:58Z</time></trkpt>
      <trkpt lat="41.319697" lon="-81.619403"><ele>192.3</ele><time>2026-09-07T16:46:59Z</time></trkpt>
      <trkpt lat="41.319688" lon="-81.619405"><ele>192.1</ele><time>2026-09-07T16:47:00Z</time></trkpt>
      <trkpt lat="41.319682" lon="-81.619407"><ele>192.5</ele><time>2026-09-07T16:47:01Z</time></trkpt>
      <trkpt lat="41.319673" lon="-81.61941"><ele>192.3</ele><time>2026-09-07T16:47:03Z</time></trkpt>
      <trkpt lat="41.319677" lon="-81.619405"><ele>192.3</ele><time>2026-09-07T16:47:04Z</time></trkpt>
      <trkpt lat="41.319675" lon="-81.619402"><ele>192</ele><time>2026-09-07T16:47:05Z</time></trkpt>
      <trkpt lat="41.319673" lon="-81.619402"><ele>192</ele><time>2026-09-07T16:47:06Z</time></trkpt>
      <trkpt lat="41.319673" lon="-81.619402"><ele>191.8</ele><time>2026-09-07T16:47:07Z</time></trkpt>
      <trkpt lat="41.319672" lon="-81.619405"><ele>192</ele><time>2026-09-07T16:47:08Z</time></trkpt>
      <trkpt lat="41.319672" lon="-81.619405"><ele>191.8</ele><time>2026-09-07T16:47:09Z</time></trkpt>
      <trkpt lat="41.31967" lon="-81.619407"><ele>191.8</ele><time>2026-09-07T16:47:10Z</time></trkpt>
      <trkpt lat="41.31967" lon="-81.61941"><ele>191.8</ele><time>2026-09-07T16:47:11Z</time></trkpt>
      <trkpt lat="41.319668" lon="-81.619415"><ele>191.9</ele><time>2026-09-07T16:47:12Z</time></trkpt>
      <trkpt lat="41.319668" lon="-81.619418"><ele>191.6</ele><time>2026-09-07T16:47:13Z</time></trkpt>
      <trkpt lat="41.319668" lon="-81.61942"><ele>191.799</ele><time>2026-09-07T16:47:14Z</time></trkpt>
      <trkpt lat="41.319667" lon="-81.619423"><ele>192.1</ele><time>2026-09-07T16:47:15Z</time></trkpt>
      <trkpt lat="41.319665" lon="-81.619425"><ele>192</ele><time>2026-09-07T16:47:16Z</time></trkpt>
      <trkpt lat="41.319665" lon="-81.619425"><ele>192.1</ele><time>2026-09-07T16:47:17Z</time></trkpt>
      <trkpt lat="41.319663" lon="-81.619427"><ele>192.2</ele><time>2026-09-07T16:47:18Z</time></trkpt>
      <trkpt lat="41.319663" lon="-81.619428"><ele>192.2</ele><time>2026-09-07T16:47:19Z</time></trkpt>
      <trkpt lat="41.319663" lon="-81.619432"><ele>192.299</ele><time>2026-09-07T16:47:20Z</time></trkpt>
      <trkpt lat="41.319667" lon="-81.619435"><ele>192.299</ele><time>2026-09-07T16:47:21Z</time></trkpt>
      <trkpt lat="41.31967" lon="-81.619435"><ele>192.2</ele><time>2026-09-07T16:47:22Z</time></trkpt>
      <trkpt lat="41.319673" lon="-81.619437"><ele>192.2</ele><time>2026-09-07T16:47:23Z</time></trkpt>
      <trkpt lat="41.319675" lon="-81.619438"><ele>192.299</ele><time>2026-09-07T16:47:24Z</time></trkpt>
      <trkpt lat="41.319677" lon="-81.619438"><ele>192.5</ele><time>2026-09-07T16:47:25Z</time></trkpt>
      <trkpt lat="41.319678" lon="-81.619442"><ele>192.4</ele><time>2026-09-07T16:47:26Z</time></trkpt>
      <trkpt lat="41.319678" lon="-81.619443"><ele>192.6</ele><time>2026-09-07T16:47:27Z</time></trkpt>
      <trkpt lat="41.31968" lon="-81.619448"><ele>192.799</ele><time>2026-09-07T16:47:28Z</time></trkpt>
      <trkpt lat="41.31968" lon="-81.61945"><ele>192.499</ele><time>2026-09-07T16:47:29Z</time></trkpt>
      <trkpt lat="41.319682" lon="-81.619453"><ele>192.299</ele><time>2026-09-07T16:47:30Z</time></trkpt>
      <trkpt lat="41.319682" lon="-81.619453"><ele>192.299</ele><time>2026-09-07T16:47:31Z</time></trkpt>
      <trkpt lat="41.319685" lon="-81.619455"><ele>192.499</ele><time>2026-09-07T16:47:32Z</time></trkpt>
      <trkpt lat="41.319685" lon="-81.619457"><ele>192.599</ele><time>2026-09-07T16:47:33Z</time></trkpt>
      <trkpt lat="41.319687" lon="-81.619455"><ele>192.6</ele><time>2026-09-07T16:47:34Z</time></trkpt>
      <trkpt lat="41.319685" lon="-81.619457"><ele>192.6</ele><time>2026-09-07T16:47:35Z</time></trkpt>
      <trkpt lat="41.319685" lon="-81.619457"><ele>192.6</ele><time>2026-09-07T16:47:36Z</time></trkpt>
      <trkpt lat="41.319685" lon="-81.619453"><ele>192.799</ele><time>2026-09-07T16:47:37Z</time></trkpt>
      <trkpt lat="41.319683" lon="-81.619453"><ele>192.6</ele><time>2026-09-07T16:47:38Z</time></trkpt>
      <trkpt lat="41.319682" lon="-81.619457"><ele>192.7</ele><time>2026-09-07T16:47:40Z</time></trkpt>
      <trkpt lat="41.319682" lon="-81.61946"><ele>193</ele><time>2026-09-07T16:47:41Z</time></trkpt>
      <trkpt lat="41.319678" lon="-81.619462"><ele>192.8</ele><time>2026-09-07T16:47:42Z</time></trkpt>
      <trkpt lat="41.319677" lon="-81.619463"><ele>192.8</ele><time>2026-09-07T16:47:43Z</time></trkpt>
      <trkpt lat="41.319677" lon="-81.619465"><ele>193.1</ele><time>2026-09-07T16:47:44Z</time></trkpt>
      <trkpt lat="41.319673" lon="-81.619465"><ele>192.8</ele><time>2026-09-07T16:47:45Z</time></trkpt>
      <trkpt lat="41.31967" lon="-81.619462"><ele>192.8</ele><time>2026-09-07T16:47:46Z</time></trkpt>
      <trkpt lat="41.319668" lon="-81.61946"><ele>192.9</ele><time>2026-09-07T16:47:47Z</time></trkpt>
      <trkpt lat="41.319667" lon="-81.619458"><ele>192.9</ele><time>2026-09-07T16:47:48Z</time></trkpt>
      <trkpt lat="41.319663" lon="-81.619453"><ele>192.8</ele><time>2026-09-07T16:47:49Z</time></trkpt>
      <trkpt lat="41.31966" lon="-81.619448"><ele>193</ele><time>2026-09-07T16:47:50Z</time></trkpt>
      <trkpt lat="41.319658" lon="-81.619442"><ele>193</ele><time>2026-09-07T16:47:51Z</time></trkpt>
      <trkpt lat="41.319655" lon="-81.61943"><ele>193</ele><time>2026-09-07T16:47:52Z</time></trkpt>
      <trkpt lat="41.319655" lon="-81.619417"><ele>193</ele><time>2026-09-07T16:47:53Z</time></trkpt>
      <trkpt lat="41.319658" lon="-81.619393"><ele>193</ele><time>2026-09-07T16:47:54Z</time></trkpt>
      <trkpt lat="41.31966" lon="-81.619383"><ele>192.6</ele><time>2026-09-07T16:47:55Z</time></trkpt>
      <trkpt lat="41.319658" lon="-81.619385"><ele>192.299</ele><time>2026-09-07T16:47:56Z</time></trkpt>
      <trkpt lat="41.319658" lon="-81.619393"><ele>192.3</ele><time>2026-09-07T16:47:57Z</time></trkpt>
      <trkpt lat="41.319657" lon="-81.619397"><ele>192.4</ele><time>2026-09-07T16:47:58Z</time></trkpt>
      <trkpt lat="41.319655" lon="-81.619398"><ele>192</ele><time>2026-09-07T16:47:59Z</time></trkpt>
      <trkpt lat="41.319652" lon="-81.619398"><ele>192</ele><time>2026-09-07T16:48:00Z</time></trkpt>
      <trkpt lat="41.31965" lon="-81.619402"><ele>192.1</ele><time>2026-09-07T16:48:01Z</time></trkpt>
      <trkpt lat="41.319647" lon="-81.619402"><ele>192</ele><time>2026-09-07T16:48:02Z</time></trkpt>
      <trkpt lat="41.319647" lon="-81.619403"><ele>191.9</ele><time>2026-09-07T16:48:03Z</time></trkpt>
      <trkpt lat="41.319647" lon="-81.619405"><ele>191.9</ele><time>2026-09-07T16:48:04Z</time></trkpt>
      <trkpt lat="41.319647" lon="-81.619405"><ele>191.7</ele><time>2026-09-07T16:48:05Z</time></trkpt>
      <trkpt lat="41.319647" lon="-81.619405"><ele>191.6</ele><time>2026-09-07T16:48:06Z</time></trkpt>
      <trkpt lat="41.319648" lon="-81.619405"><ele>191</ele><time>2026-09-07T16:48:07Z</time></trkpt>
      <trkpt lat="41.31965" lon="-81.619405"><ele>191.3</ele><time>2026-09-07T16:48:08Z</time></trkpt>
      <trkpt lat="41.319648" lon="-81.619403"><ele>191.3</ele><time>2026-09-07T16:48:09Z</time></trkpt>
      <trkpt lat="41.319652" lon="-81.619402"><ele>191.1</ele><time>2026-09-07T16:48:10Z</time></trkpt>
      <trkpt lat="41.319652" lon="-81.619402"><ele>190.8</ele><time>2026-09-07T16:48:11Z</time></trkpt>
      <trkpt lat="41.319655" lon="-81.619397"><ele>191.1</ele><time>2026-09-07T16:48:12Z</time></trkpt>
      <trkpt lat="41.319657" lon="-81.619393"><ele>190.9</ele><time>2026-09-07T16:48:13Z</time></trkpt>
      <trkpt lat="41.319658" lon="-81.619392"><ele>190.6</ele><time>2026-09-07T16:48:14Z</time></trkpt>
      <trkpt lat="41.31966" lon="-81.61939"><ele>190.6</ele><time>2026-09-07T16:48:15Z</time></trkpt>
      <trkpt lat="41.319663" lon="-81.619387"><ele>190.6</ele><time>2026-09-07T16:48:16Z</time></trkpt>
      <trkpt lat="41.319663" lon="-81.619385"><ele>190.6</ele><time>2026-09-07T16:48:17Z</time></trkpt>
      <trkpt lat="41.319665" lon="-81.61938"><ele>190.2</ele><time>2026-09-07T16:48:19Z</time></trkpt>
      <trkpt lat="41.319665" lon="-81.619378"><ele>190.5</ele><time>2026-09-07T16:48:20Z</time></trkpt>
      <trkpt lat="41.319665" lon="-81.619375"><ele>190.5</ele><time>2026-09-07T16:48:21Z</time></trkpt>
      <trkpt lat="41.319667" lon="-81.619375"><ele>190.3</ele><time>2026-09-07T16:48:22Z</time></trkpt>
      <trkpt lat="41.319667" lon="-81.619373"><ele>190.4</ele><time>2026-09-07T16:48:23Z</time></trkpt>
      <trkpt lat="41.319667" lon="-81.619373"><ele>190.4</ele><time>2026-09-07T16:48:24Z</time></trkpt>
      <trkpt lat="41.319668" lon="-81.619373"><ele>191</ele><time>2026-09-07T16:48:25Z</time></trkpt>
      <trkpt lat="41.319667" lon="-81.619375"><ele>190.9</ele><time>2026-09-07T16:48:26Z</time></trkpt>
      <trkpt lat="41.319667" lon="-81.619375"><ele>190.7</ele><time>2026-09-07T16:48:27Z</time></trkpt>
      <trkpt lat="41.319665" lon="-81.619375"><ele>190.5</ele><time>2026-09-07T16:48:28Z</time></trkpt>
      <trkpt lat="41.319663" lon="-81.619377"><ele>190.8</ele><time>2026-09-07T16:48:29Z</time></trkpt>
      <trkpt lat="41.31966" lon="-81.619378"><ele>190.7</ele><time>2026-09-07T16:48:30Z</time></trkpt>
      <trkpt lat="41.319658" lon="-81.619382"><ele>191</ele><time>2026-09-07T16:48:31Z</time></trkpt>
      <trkpt lat="41.319655" lon="-81.619383"><ele>190.8</ele><time>2026-09-07T16:48:32Z</time></trkpt>
      <trkpt lat="41.319655" lon="-81.619388"><ele>190.6</ele><time>2026-09-07T16:48:33Z</time></trkpt>
      <trkpt lat="41.319653" lon="-81.619393"><ele>190.8</ele><time>2026-09-07T16:48:34Z</time></trkpt>
      <trkpt lat="41.319653" lon="-81.619397"><ele>190.4</ele><time>2026-09-07T16:48:35Z</time></trkpt>
      <trkpt lat="41.319653" lon="-81.619398"><ele>190.4</ele><time>2026-09-07T16:48:36Z</time></trkpt>
      <trkpt lat="41.319657" lon="-81.619402"><ele>190.4</ele><time>2026-09-07T16:48:37Z</time></trkpt>
      <trkpt lat="41.319658" lon="-81.619402"><ele>189.9</ele><time>2026-09-07T16:48:38Z</time></trkpt>
      <trkpt lat="41.31966" lon="-81.619403"><ele>190</ele><time>2026-09-07T16:48:39Z</time></trkpt>
      <trkpt lat="41.31966" lon="-81.619407"><ele>189.8</ele><time>2026-09-07T16:48:41Z</time></trkpt>
      <trkpt lat="41.31966" lon="-81.619412"><ele>189.8</ele><time>2026-09-07T16:48:42Z</time></trkpt>
      <trkpt lat="41.31966" lon="-81.619413"><ele>189.8</ele><time>2026-09-07T16:48:43Z</time></trkpt>
      <trkpt lat="41.319658" lon="-81.619417"><ele>189.8</ele><time>2026-09-07T16:48:44Z</time></trkpt>
      <trkpt lat="41.319658" lon="-81.61942"><ele>190</ele><time>2026-09-07T16:48:45Z</time></trkpt>
      <trkpt lat="41.319657" lon="-81.619423"><ele>190</ele><time>2026-09-07T16:48:46Z</time></trkpt>
      <trkpt lat="41.319657" lon="-81.619425"><ele>190.1</ele><time>2026-09-07T16:48:47Z</time></trkpt>
      <trkpt lat="41.319655" lon="-81.619428"><ele>190.1</ele><time>2026-09-07T16:48:48Z</time></trkpt>
      <trkpt lat="41.319655" lon="-81.619432"><ele>190.2</ele><time>2026-09-07T16:48:49Z</time></trkpt>
      <trkpt lat="41.319653" lon="-81.619437"><ele>190</ele><time>2026-09-07T16:48:50Z</time></trkpt>
      <trkpt lat="41.319652" lon="-81.619438"><ele>189.8</ele><time>2026-09-07T16:48:51Z</time></trkpt>
      <trkpt lat="41.31965" lon="-81.619442"><ele>190.1</ele><time>2026-09-07T16:48:52Z</time></trkpt>
      <trkpt lat="41.319647" lon="-81.619447"><ele>190</ele><time>2026-09-07T16:48:53Z</time></trkpt>
      <trkpt lat="41.319645" lon="-81.619452"><ele>190</ele><time>2026-09-07T16:48:54Z</time></trkpt>
      <trkpt lat="41.319643" lon="-81.619455"><ele>190.1</ele><time>2026-09-07T16:48:55Z</time></trkpt>
      <trkpt lat="41.319642" lon="-81.619458"><ele>190</ele><time>2026-09-07T16:48:56Z</time></trkpt>
      <trkpt lat="41.319642" lon="-81.61946"><ele>190</ele><time>2026-09-07T16:48:57Z</time></trkpt>
      <trkpt lat="41.31964" lon="-81.619462"><ele>189.5</ele><time>2026-09-07T16:48:58Z</time></trkpt>
      <trkpt lat="41.31964" lon="-81.619462"><ele>189.6</ele><time>2026-09-07T16:48:59Z</time></trkpt>
      <trkpt lat="41.319638" lon="-81.61946"><ele>189.799</ele><time>2026-09-07T16:49:00Z</time></trkpt>
      <trkpt lat="41.319637" lon="-81.619458"><ele>189.7</ele><time>2026-09-07T16:49:01Z</time></trkpt>
      <trkpt lat="41.319638" lon="-81.619457"><ele>189.7</ele><time>2026-09-07T16:49:02Z</time></trkpt>
      <trkpt lat="41.31964" lon="-81.619457"><ele>190</ele><time>2026-09-07T16:49:04Z</time></trkpt>
      <trkpt lat="41.31964" lon="-81.619455"><ele>189.6</ele><time>2026-09-07T16:49:05Z</time></trkpt>
      <trkpt lat="41.31964" lon="-81.619457"><ele>189.7</ele><time>2026-09-07T16:49:06Z</time></trkpt>
      <trkpt lat="41.319642" lon="-81.619462"><ele>189.799</ele><time>2026-09-07T16:49:07Z</time></trkpt>
      <trkpt lat="41.319642" lon="-81.619465"><ele>189.999</ele><time>2026-09-07T16:49:08Z</time></trkpt>
      <trkpt lat="41.319642" lon="-81.619468"><ele>190.399</ele><time>2026-09-07T16:49:09Z</time></trkpt>
      <trkpt lat="41.319642" lon="-81.61947"><ele>190.399</ele><time>2026-09-07T16:49:10Z</time></trkpt>
      <trkpt lat="41.319643" lon="-81.61947"><ele>190.7</ele><time>2026-09-07T16:49:11Z</time></trkpt>
      <trkpt lat="41.319645" lon="-81.619472"><ele>190.7</ele><time>2026-09-07T16:49:12Z</time></trkpt>
      <trkpt lat="41.319648" lon="-81.619478"><ele>190.7</ele><time>2026-09-07T16:49:13Z</time></trkpt>
      <trkpt lat="41.319652" lon="-81.619485"><ele>191</ele><time>2026-09-07T16:49:14Z</time></trkpt>
      <trkpt lat="41.319655" lon="-81.619498"><ele>191</ele><time>2026-09-07T16:49:15Z</time></trkpt>
      <trkpt lat="41.319658" lon="-81.619507"><ele>191.3</ele><time>2026-09-07T16:49:16Z</time></trkpt>
      <trkpt lat="41.319662" lon="-81.619513"><ele>192</ele><time>2026-09-07T16:49:17Z</time></trkpt>
      <trkpt lat="41.319663" lon="-81.619513"><ele>191.7</ele><time>2026-09-07T16:49:18Z</time></trkpt>
      <trkpt lat="41.319662" lon="-81.619513"><ele>191.299</ele><time>2026-09-07T16:49:19Z</time></trkpt>
      <trkpt lat="41.31966" lon="-81.619512"><ele>190.999</ele><time>2026-09-07T16:49:20Z</time></trkpt>
      <trkpt lat="41.31966" lon="-81.619505"><ele>191.2</ele><time>2026-09-07T16:49:21Z</time></trkpt>
      <trkpt lat="41.31966" lon="-81.619503"><ele>191.299</ele><time>2026-09-07T16:49:22Z</time></trkpt>
      <trkpt lat="41.31966" lon="-81.619502"><ele>191.299</ele><time>2026-09-07T16:49:23Z</time></trkpt>
      <trkpt lat="41.319663" lon="-81.619502"><ele>191.6</ele><time>2026-09-07T16:49:24Z</time></trkpt>
      <trkpt lat="41.319665" lon="-81.619502"><ele>191.6</ele><time>2026-09-07T16:49:25Z</time></trkpt>
      <trkpt lat="41.319668" lon="-81.619502"><ele>191.299</ele><time>2026-09-07T16:49:26Z</time></trkpt>
      <trkpt lat="41.319668" lon="-81.619503"><ele>191.299</ele><time>2026-09-07T16:49:27Z</time></trkpt>
      <trkpt lat="41.31967" lon="-81.619503"><ele>191.499</ele><time>2026-09-07T16:49:28Z</time></trkpt>
      <trkpt lat="41.319668" lon="-81.619505"><ele>191.499</ele><time>2026-09-07T16:49:29Z</time></trkpt>
      <trkpt lat="41.319668" lon="-81.619505"><ele>191.6</ele><time>2026-09-07T16:49:30Z</time></trkpt>
      <trkpt lat="41.319668" lon="-81.619505"><ele>191.5</ele><time>2026-09-07T16:49:31Z</time></trkpt>
      <trkpt lat="41.319668" lon="-81.619503"><ele>191.7</ele><time>2026-09-07T16:49:32Z</time></trkpt>
      <trkpt lat="41.319665" lon="-81.619498"><ele>191.799</ele><time>2026-09-07T16:49:33Z</time></trkpt>
      <trkpt lat="41.319665" lon="-81.619495"><ele>191.499</ele><time>2026-09-07T16:49:34Z</time></trkpt>
      <trkpt lat="41.319663" lon="-81.61949"><ele>191.499</ele><time>2026-09-07T16:49:35Z</time></trkpt>
      <trkpt lat="41.319663" lon="-81.619488"><ele>191.499</ele><time>2026-09-07T16:49:36Z</time></trkpt>
      <trkpt lat="41.31966" lon="-81.619488"><ele>191.299</ele><time>2026-09-07T16:49:37Z</time></trkpt>
      <trkpt lat="41.31966" lon="-81.619483"><ele>191.5</ele><time>2026-09-07T16:49:38Z</time></trkpt>
      <trkpt lat="41.319658" lon="-81.61948"><ele>191.3</ele><time>2026-09-07T16:49:39Z</time></trkpt>
      <trkpt lat="41.319657" lon="-81.619478"><ele>191.1</ele><time>2026-09-07T16:49:40Z</time></trkpt>
      <trkpt lat="41.319655" lon="-81.619477"><ele>191</ele><time>2026-09-07T16:49:41Z</time></trkpt>
      <trkpt lat="41.319655" lon="-81.619477"><ele>191</ele><time>2026-09-07T16:49:42Z</time></trkpt>
      <trkpt lat="41.319655" lon="-81.619475"><ele>190.7</ele><time>2026-09-07T16:49:43Z</time></trkpt>
      <trkpt lat="41.319653" lon="-81.619473"><ele>190.7</ele><time>2026-09-07T16:49:44Z</time></trkpt>
      <trkpt lat="41.319653" lon="-81.619475"><ele>190.6</ele><time>2026-09-07T16:49:45Z</time></trkpt>
      <trkpt lat="41.319655" lon="-81.619475"><ele>190.8</ele><time>2026-09-07T16:49:46Z</time></trkpt>
      <trkpt lat="41.319648" lon="-81.619472"><ele>190.8</ele><time>2026-09-07T16:49:48Z</time></trkpt>
      <trkpt lat="41.319645" lon="-81.619467"><ele>190.9</ele><time>2026-09-07T16:49:49Z</time></trkpt>
      <trkpt lat="41.31964" lon="-81.61946"><ele>191.2</ele><time>2026-09-07T16:49:50Z</time></trkpt>
      <trkpt lat="41.319635" lon="-81.619458"><ele>191.3</ele><time>2026-09-07T16:49:51Z</time></trkpt>
      <trkpt lat="41.319628" lon="-81.619467"><ele>191.9</ele><time>2026-09-07T16:49:52Z</time></trkpt>
      <trkpt lat="41.319622" lon="-81.619463"><ele>191.9</ele><time>2026-09-07T16:49:53Z</time></trkpt>
      <trkpt lat="41.319622" lon="-81.619478"><ele>192.7</ele><time>2026-09-07T16:49:54Z</time></trkpt>
      <trkpt lat="41.319623" lon="-81.619492"><ele>192.1</ele><time>2026-09-07T16:49:55Z</time></trkpt>
      <trkpt lat="41.319627" lon="-81.619507"><ele>192.2</ele><time>2026-09-07T16:49:56Z</time></trkpt>
      <trkpt lat="41.319632" lon="-81.619517"><ele>192.1</ele><time>2026-09-07T16:49:57Z</time></trkpt>
      <trkpt lat="41.319637" lon="-81.619522"><ele>191.9</ele><time>2026-09-07T16:49:58Z</time></trkpt>
      <trkpt lat="41.31964" lon="-81.619527"><ele>191.6</ele><time>2026-09-07T16:49:59Z</time></trkpt>
      <trkpt lat="41.319645" lon="-81.619532"><ele>191.7</ele><time>2026-09-07T16:50:01Z</time></trkpt>
      <trkpt lat="41.319647" lon="-81.619532"><ele>191.7</ele><time>2026-09-07T16:50:02Z</time></trkpt>
      <trkpt lat="41.319648" lon="-81.619532"><ele>191.5</ele><time>2026-09-07T16:50:03Z</time></trkpt>
      <trkpt lat="41.31965" lon="-81.61953"><ele>191.5</ele><time>2026-09-07T16:50:04Z</time></trkpt>
      <trkpt lat="41.31965" lon="-81.619527"><ele>191.6</ele><time>2026-09-07T16:50:05Z</time></trkpt>
      <trkpt lat="41.319652" lon="-81.619527"><ele>191.6</ele><time>2026-09-07T16:50:06Z</time></trkpt>
      <trkpt lat="41.319652" lon="-81.619527"><ele>191.6</ele><time>2026-09-07T16:50:07Z</time></trkpt>
      <trkpt lat="41.319653" lon="-81.619525"><ele>192</ele><time>2026-09-07T16:50:08Z</time></trkpt>
      <trkpt lat="41.319652" lon="-81.619522"><ele>192</ele><time>2026-09-07T16:50:09Z</time></trkpt>
      <trkpt lat="41.31965" lon="-81.61952"><ele>192.3</ele><time>2026-09-07T16:50:10Z</time></trkpt>
      <trkpt lat="41.319647" lon="-81.61952"><ele>192.2</ele><time>2026-09-07T16:50:11Z</time></trkpt>
      <trkpt lat="41.319643" lon="-81.619518"><ele>192.2</ele><time>2026-09-07T16:50:12Z</time></trkpt>
      <trkpt lat="41.319643" lon="-81.61952"><ele>192.299</ele><time>2026-09-07T16:50:13Z</time></trkpt>
      <trkpt lat="41.319643" lon="-81.619522"><ele>192.299</ele><time>2026-09-07T16:50:14Z</time></trkpt>
      <trkpt lat="41.319645" lon="-81.619525"><ele>192.1</ele><time>2026-09-07T16:50:15Z</time></trkpt>
      <trkpt lat="41.319645" lon="-81.61953"><ele>192.1</ele><time>2026-09-07T16:50:16Z</time></trkpt>
      <trkpt lat="41.319645" lon="-81.619533"><ele>192.4</ele><time>2026-09-07T16:50:17Z</time></trkpt>
      <trkpt lat="41.319645" lon="-81.61954"><ele>192.5</ele><time>2026-09-07T16:50:18Z</time></trkpt>
      <trkpt lat="41.319647" lon="-81.619545"><ele>192.6</ele><time>2026-09-07T16:50:19Z</time></trkpt>
      <trkpt lat="41.319647" lon="-81.619547"><ele>191.9</ele><time>2026-09-07T16:50:20Z</time></trkpt>
      <trkpt lat="41.319648" lon="-81.619548"><ele>191.9</ele><time>2026-09-07T16:50:21Z</time></trkpt>
      <trkpt lat="41.31965" lon="-81.61955"><ele>192.1</ele><time>2026-09-07T16:50:22Z</time></trkpt>
      <trkpt lat="41.319648" lon="-81.61955"><ele>192.1</ele><time>2026-09-07T16:50:23Z</time></trkpt>
      <trkpt lat="41.319648" lon="-81.61955"><ele>192.299</ele><time>2026-09-07T16:50:24Z</time></trkpt>
      <trkpt lat="41.319648" lon="-81.619552"><ele>192.499</ele><time>2026-09-07T16:50:25Z</time></trkpt>
      <trkpt lat="41.319645" lon="-81.619553"><ele>192.099</ele><time>2026-09-07T16:50:26Z</time></trkpt>
      <trkpt lat="41.31964" lon="-81.619555"><ele>192.099</ele><time>2026-09-07T16:50:27Z</time></trkpt>
      <trkpt lat="41.319632" lon="-81.619557"><ele>192.1</ele><time>2026-09-07T16:50:28Z</time></trkpt>
      <trkpt lat="41.319625" lon="-81.619558"><ele>192.6</ele><time>2026-09-07T16:50:29Z</time></trkpt>
      <trkpt lat="41.319617" lon="-81.619558"><ele>192.6</ele><time>2026-09-07T16:50:30Z</time></trkpt>
      <trkpt lat="41.319592" lon="-81.61956"><ele>192.5</ele><time>2026-09-07T16:50:32Z</time></trkpt>
      <trkpt lat="41.319592" lon="-81.61955"><ele>192.3</ele><time>2026-09-07T16:50:33Z</time></trkpt>
      <trkpt lat="41.319602" lon="-81.619543"><ele>191.7</ele><time>2026-09-07T16:50:34Z</time></trkpt>
      <trkpt lat="41.319605" lon="-81.61953"><ele>191.5</ele><time>2026-09-07T16:50:35Z</time></trkpt>
      <trkpt lat="41.319607" lon="-81.619517"><ele>191.6</ele><time>2026-09-07T16:50:36Z</time></trkpt>
      <trkpt lat="41.319607" lon="-81.619513"><ele>191.6</ele><time>2026-09-07T16:50:37Z</time></trkpt>
      <trkpt lat="41.319608" lon="-81.619502"><ele>191.799</ele><time>2026-09-07T16:50:38Z</time></trkpt>
      <trkpt lat="41.319608" lon="-81.619495"><ele>191.499</ele><time>2026-09-07T16:50:39Z</time></trkpt>
      <trkpt lat="41.319608" lon="-81.619495"><ele>191.299</ele><time>2026-09-07T16:50:40Z</time></trkpt>
      <trkpt lat="41.319607" lon="-81.619493"><ele>191.2</ele><time>2026-09-07T16:50:41Z</time></trkpt>
      <trkpt lat="41.319605" lon="-81.619492"><ele>191.2</ele><time>2026-09-07T16:50:42Z</time></trkpt>
      <trkpt lat="41.319608" lon="-81.61949"><ele>191.1</ele><time>2026-09-07T16:50:43Z</time></trkpt>
      <trkpt lat="41.31961" lon="-81.619488"><ele>190.799</ele><time>2026-09-07T16:50:44Z</time></trkpt>
      <trkpt lat="41.319615" lon="-81.619488"><ele>191.499</ele><time>2026-09-07T16:50:45Z</time></trkpt>
      <trkpt lat="41.31962" lon="-81.619487"><ele>191.599</ele><time>2026-09-07T16:50:46Z</time></trkpt>
      <trkpt lat="41.319623" lon="-81.619483"><ele>190.999</ele><time>2026-09-07T16:50:47Z</time></trkpt>
      <trkpt lat="41.319625" lon="-81.619482"><ele>190.999</ele><time>2026-09-07T16:50:48Z</time></trkpt>
      <trkpt lat="41.319627" lon="-81.61948"><ele>190.599</ele><time>2026-09-07T16:50:49Z</time></trkpt>
      <trkpt lat="41.319628" lon="-81.619478"><ele>190.699</ele><time>2026-09-07T16:50:50Z</time></trkpt>
      <trkpt lat="41.31963" lon="-81.619475"><ele>190.799</ele><time>2026-09-07T16:50:51Z</time></trkpt>
      <trkpt lat="41.31963" lon="-81.619475"><ele>190.8</ele><time>2026-09-07T16:50:52Z</time></trkpt>
      <trkpt lat="41.319632" lon="-81.619473"><ele>190.8</ele><time>2026-09-07T16:50:53Z</time></trkpt>
      <trkpt lat="41.319632" lon="-81.619473"><ele>190.8</ele><time>2026-09-07T16:50:54Z</time></trkpt>
      <trkpt lat="41.319632" lon="-81.619475"><ele>190.8</ele><time>2026-09-07T16:50:55Z</time></trkpt>
      <trkpt lat="41.319628" lon="-81.619475"><ele>190.8</ele><time>2026-09-07T16:50:56Z</time></trkpt>
      <trkpt lat="41.319628" lon="-81.619475"><ele>190.8</ele><time>2026-09-07T16:50:57Z</time></trkpt>
      <trkpt lat="41.31963" lon="-81.619475"><ele>191</ele><time>2026-09-07T16:50:58Z</time></trkpt>
      <trkpt lat="41.319632" lon="-81.619475"><ele>190.8</ele><time>2026-09-07T16:50:59Z</time></trkpt>
      <trkpt lat="41.319635" lon="-81.619475"><ele>190.8</ele><time>2026-09-07T16:51:00Z</time></trkpt>
      <trkpt lat="41.319635" lon="-81.619475"><ele>190.8</ele><time>2026-09-07T16:51:01Z</time></trkpt>
      <trkpt lat="41.319635" lon="-81.619475"><ele>190.8</ele><time>2026-09-07T16:51:02Z</time></trkpt>
      <trkpt lat="41.319637" lon="-81.619477"><ele>190.8</ele><time>2026-09-07T16:51:03Z</time></trkpt>
      <trkpt lat="41.319637" lon="-81.619478"><ele>190.6</ele><time>2026-09-07T16:51:04Z</time></trkpt>
      <trkpt lat="41.319637" lon="-81.61948"><ele>190.8</ele><time>2026-09-07T16:51:05Z</time></trkpt>
      <trkpt lat="41.319638" lon="-81.61948"><ele>190.8</ele><time>2026-09-07T16:51:06Z</time></trkpt>
      <trkpt lat="41.31964" lon="-81.61948"><ele>190.8</ele><time>2026-09-07T16:51:07Z</time></trkpt>
      <trkpt lat="41.319642" lon="-81.61948"><ele>190.8</ele><time>2026-09-07T16:51:08Z</time></trkpt>
      <trkpt lat="41.319645" lon="-81.619482"><ele>190.7</ele><time>2026-09-07T16:51:09Z</time></trkpt>
      <trkpt lat="41.319645" lon="-81.619482"><ele>190.7</ele><time>2026-09-07T16:51:10Z</time></trkpt>
      <trkpt lat="41.31965" lon="-81.619487"><ele>190.799</ele><time>2026-09-07T16:51:11Z</time></trkpt>
      <trkpt lat="41.319655" lon="-81.619488"><ele>190.7</ele><time>2026-09-07T16:51:12Z</time></trkpt>
      <trkpt lat="41.31966" lon="-81.619488"><ele>190.7</ele><time>2026-09-07T16:51:13Z</time></trkpt>
      <trkpt lat="41.319663" lon="-81.619488"><ele>191.2</ele><time>2026-09-07T16:51:14Z</time></trkpt>
      <trkpt lat="41.319665" lon="-81.61949"><ele>191.5</ele><time>2026-09-07T16:51:15Z</time></trkpt>
      <trkpt lat="41.319668" lon="-81.619493"><ele>191.1</ele><time>2026-09-07T16:51:16Z</time></trkpt>
      <trkpt lat="41.31967" lon="-81.619493"><ele>191.1</ele><time>2026-09-07T16:51:17Z</time></trkpt>
      <trkpt lat="41.319682" lon="-81.619495"><ele>191.2</ele><time>2026-09-07T16:51:19Z</time></trkpt>
      <trkpt lat="41.319683" lon="-81.619495"><ele>191.399</ele><time>2026-09-07T16:51:20Z</time></trkpt>
      <trkpt lat="41.319687" lon="-81.619495"><ele>190.899</ele><time>2026-09-07T16:51:21Z</time></trkpt>
      <trkpt lat="41.319688" lon="-81.619495"><ele>190.799</ele><time>2026-09-07T16:51:22Z</time></trkpt>
      <trkpt lat="41.31969" lon="-81.619497"><ele>190.799</ele><time>2026-09-07T16:51:23Z</time></trkpt>
      <trkpt lat="41.319692" lon="-81.619498"><ele>190.899</ele><time>2026-09-07T16:51:24Z</time></trkpt>
      <trkpt lat="41.319693" lon="-81.619502"><ele>190.7</ele><time>2026-09-07T16:51:25Z</time></trkpt>
      <trkpt lat="41.319697" lon="-81.619507"><ele>190.6</ele><time>2026-09-07T16:51:26Z</time></trkpt>
      <trkpt lat="41.319697" lon="-81.619508"><ele>190.9</ele><time>2026-09-07T16:51:27Z</time></trkpt>
      <trkpt lat="41.3197" lon="-81.61951"><ele>190.9</ele><time>2026-09-07T16:51:28Z</time></trkpt>
      <trkpt lat="41.319702" lon="-81.619512"><ele>191</ele><time>2026-09-07T16:51:29Z</time></trkpt>
      <trkpt lat="41.319705" lon="-81.619515"><ele>190.8</ele><time>2026-09-07T16:51:30Z</time></trkpt>
      <trkpt lat="41.319708" lon="-81.619517"><ele>190.8</ele><time>2026-09-07T16:51:31Z</time></trkpt>
      <trkpt lat="41.31971" lon="-81.61952"><ele>191</ele><time>2026-09-07T16:51:32Z</time></trkpt>
      <trkpt lat="41.319712" lon="-81.619522"><ele>190.7</ele><time>2026-09-07T16:51:33Z</time></trkpt>
      <trkpt lat="41.319712" lon="-81.619522"><ele>190.799</ele><time>2026-09-07T16:51:34Z</time></trkpt>
      <trkpt lat="41.319713" lon="-81.619525"><ele>190.799</ele><time>2026-09-07T16:51:35Z</time></trkpt>
      <trkpt lat="41.319713" lon="-81.619527"><ele>190.999</ele><time>2026-09-07T16:51:36Z</time></trkpt>
      <trkpt lat="41.319713" lon="-81.619528"><ele>191.1</ele><time>2026-09-07T16:51:37Z</time></trkpt>
      <trkpt lat="41.319713" lon="-81.619535"><ele>190.799</ele><time>2026-09-07T16:51:38Z</time></trkpt>
      <trkpt lat="41.319713" lon="-81.619535"><ele>191.1</ele><time>2026-09-07T16:51:39Z</time></trkpt>
      <trkpt lat="41.319713" lon="-81.619535"><ele>191.2</ele><time>2026-09-07T16:51:40Z</time></trkpt>
      <trkpt lat="41.31971" lon="-81.619535"><ele>191.2</ele><time>2026-09-07T16:51:41Z</time></trkpt>
      <trkpt lat="41.319707" lon="-81.619533"><ele>191.5</ele><time>2026-09-07T16:51:42Z</time></trkpt>
      <trkpt lat="41.319707" lon="-81.619532"><ele>191.5</ele><time>2026-09-07T16:51:43Z</time></trkpt>
      <trkpt lat="41.319702" lon="-81.619537"><ele>191.4</ele><time>2026-09-07T16:51:45Z</time></trkpt>
      <trkpt lat="41.319697" lon="-81.619535"><ele>191.3</ele><time>2026-09-07T16:51:46Z</time></trkpt>
      <trkpt lat="41.319692" lon="-81.619535"><ele>191.1</ele><time>2026-09-07T16:51:47Z</time></trkpt>
      <trkpt lat="41.319688" lon="-81.619535"><ele>191.7</ele><time>2026-09-07T16:51:48Z</time></trkpt>
      <trkpt lat="41.319687" lon="-81.619532"><ele>191.7</ele><time>2026-09-07T16:51:49Z</time></trkpt>
      <trkpt lat="41.319685" lon="-81.619532"><ele>191</ele><time>2026-09-07T16:51:50Z</time></trkpt>
      <trkpt lat="41.319685" lon="-81.619532"><ele>191</ele><time>2026-09-07T16:51:51Z</time></trkpt>
      <trkpt lat="41.319687" lon="-81.619537"><ele>191</ele><time>2026-09-07T16:51:52Z</time></trkpt>
      <trkpt lat="41.319687" lon="-81.61954"><ele>191</ele><time>2026-09-07T16:51:53Z</time></trkpt>
      <trkpt lat="41.319687" lon="-81.619542"><ele>190.9</ele><time>2026-09-07T16:51:54Z</time></trkpt>
      <trkpt lat="41.319687" lon="-81.619542"><ele>190.8</ele><time>2026-09-07T16:51:55Z</time></trkpt>
      <trkpt lat="41.319687" lon="-81.619543"><ele>191</ele><time>2026-09-07T16:51:56Z</time></trkpt>
      <trkpt lat="41.319677" lon="-81.619548"><ele>191</ele><time>2026-09-07T16:51:58Z</time></trkpt>
      <trkpt lat="41.319663" lon="-81.619542"><ele>190.9</ele><time>2026-09-07T16:51:59Z</time></trkpt>
      <trkpt lat="41.319682" lon="-81.619535"><ele>191</ele><time>2026-09-07T16:52:01Z</time></trkpt>
      <trkpt lat="41.319685" lon="-81.619535"><ele>191.3</ele><time>2026-09-07T16:52:02Z</time></trkpt>
      <trkpt lat="41.319685" lon="-81.619535"><ele>190.8</ele><time>2026-09-07T16:52:03Z</time></trkpt>
      <trkpt lat="41.319685" lon="-81.619535"><ele>191.1</ele><time>2026-09-07T16:52:04Z</time></trkpt>
      <trkpt lat="41.319683" lon="-81.619537"><ele>191</ele><time>2026-09-07T16:52:06Z</time></trkpt>
      <trkpt lat="41.319682" lon="-81.619538"><ele>190.8</ele><time>2026-09-07T16:52:07Z</time></trkpt>
      <trkpt lat="41.31968" lon="-81.61954"><ele>190.8</ele><time>2026-09-07T16:52:08Z</time></trkpt>
      <trkpt lat="41.319678" lon="-81.61954"><ele>191</ele><time>2026-09-07T16:52:09Z</time></trkpt>
      <trkpt lat="41.319677" lon="-81.619542"><ele>191</ele><time>2026-09-07T16:52:10Z</time></trkpt>
      <trkpt lat="41.319675" lon="-81.619545"><ele>191</ele><time>2026-09-07T16:52:11Z</time></trkpt>
      <trkpt lat="41.319673" lon="-81.619548"><ele>191.5</ele><time>2026-09-07T16:52:12Z</time></trkpt>
      <trkpt lat="41.319672" lon="-81.619548"><ele>191.6</ele><time>2026-09-07T16:52:13Z</time></trkpt>
      <trkpt lat="41.31967" lon="-81.61955"><ele>191.5</ele><time>2026-09-07T16:52:14Z</time></trkpt>
      <trkpt lat="41.31967" lon="-81.61955"><ele>191.1</ele><time>2026-09-07T16:52:15Z</time></trkpt>
      <trkpt lat="41.319662" lon="-81.619558"><ele>191.5</ele><time>2026-09-07T16:52:17Z</time></trkpt>
      <trkpt lat="41.319652" lon="-81.619538"><ele>191.5</ele><time>2026-09-07T16:52:18Z</time></trkpt>
      <trkpt lat="41.31965" lon="-81.619527"><ele>191.3</ele><time>2026-09-07T16:52:19Z</time></trkpt>
      <trkpt lat="41.31965" lon="-81.619525"><ele>191.3</ele><time>2026-09-07T16:52:20Z</time></trkpt>
      <trkpt lat="41.319647" lon="-81.619507"><ele>191.3</ele><time>2026-09-07T16:52:21Z</time></trkpt>
      <trkpt lat="41.319647" lon="-81.619503"><ele>191.3</ele><time>2026-09-07T16:52:22Z</time></trkpt>
      <trkpt lat="41.31965" lon="-81.619503"><ele>191.5</ele><time>2026-09-07T16:52:23Z</time></trkpt>
      <trkpt lat="41.319652" lon="-81.619503"><ele>191.8</ele><time>2026-09-07T16:52:24Z</time></trkpt>
      <trkpt lat="41.319655" lon="-81.619503"><ele>191.8</ele><time>2026-09-07T16:52:25Z</time></trkpt>
      <trkpt lat="41.319658" lon="-81.619505"><ele>191.8</ele><time>2026-09-07T16:52:26Z</time></trkpt>
      <trkpt lat="41.31966" lon="-81.619507"><ele>191.6</ele><time>2026-09-07T16:52:27Z</time></trkpt>
      <trkpt lat="41.31966" lon="-81.619508"><ele>191.7</ele><time>2026-09-07T16:52:29Z</time></trkpt>
      <trkpt lat="41.31966" lon="-81.619508"><ele>191.9</ele><time>2026-09-07T16:52:30Z</time></trkpt>
      <trkpt lat="41.319658" lon="-81.619512"><ele>192.4</ele><time>2026-09-07T16:52:31Z</time></trkpt>
      <trkpt lat="41.319655" lon="-81.619512"><ele>191.8</ele><time>2026-09-07T16:52:32Z</time></trkpt>
      <trkpt lat="41.319655" lon="-81.619512"><ele>191.8</ele><time>2026-09-07T16:52:33Z</time></trkpt>
      <trkpt lat="41.31965" lon="-81.61951"><ele>192.1</ele><time>2026-09-07T16:52:34Z</time></trkpt>
      <trkpt lat="41.319647" lon="-81.619508"><ele>192</ele><time>2026-09-07T16:52:35Z</time></trkpt>
      <trkpt lat="41.319645" lon="-81.619508"><ele>191.9</ele><time>2026-09-07T16:52:36Z</time></trkpt>
      <trkpt lat="41.319645" lon="-81.619508"><ele>191.9</ele><time>2026-09-07T16:52:37Z</time></trkpt>
      <trkpt lat="41.319643" lon="-81.619508"><ele>192</ele><time>2026-09-07T16:52:38Z</time></trkpt>
      <trkpt lat="41.319642" lon="-81.619508"><ele>192.5</ele><time>2026-09-07T16:52:39Z</time></trkpt>
      <trkpt lat="41.319643" lon="-81.61951"><ele>192.5</ele><time>2026-09-07T16:52:40Z</time></trkpt>
      <trkpt lat="41.319642" lon="-81.619508"><ele>192.6</ele><time>2026-09-07T16:52:41Z</time></trkpt>
      <trkpt lat="41.319645" lon="-81.61951"><ele>192.7</ele><time>2026-09-07T16:52:42Z</time></trkpt>
      <trkpt lat="41.319643" lon="-81.619508"><ele>192.7</ele><time>2026-09-07T16:52:43Z</time></trkpt>
      <trkpt lat="41.319643" lon="-81.619507"><ele>192.7</ele><time>2026-09-07T16:52:44Z</time></trkpt>
      <trkpt lat="41.319645" lon="-81.619507"><ele>192.5</ele><time>2026-09-07T16:52:45Z</time></trkpt>
      <trkpt lat="41.319652" lon="-81.619508"><ele>192.9</ele><time>2026-09-07T16:52:46Z</time></trkpt>
      <trkpt lat="41.319657" lon="-81.619513"><ele>192.8</ele><time>2026-09-07T16:52:47Z</time></trkpt>
      <trkpt lat="41.319658" lon="-81.619515"><ele>192.7</ele><time>2026-09-07T16:52:48Z</time></trkpt>
      <trkpt lat="41.319658" lon="-81.619513"><ele>192.4</ele><time>2026-09-07T16:52:49Z</time></trkpt>
      <trkpt lat="41.319658" lon="-81.619513"><ele>192.5</ele><time>2026-09-07T16:52:50Z</time></trkpt>
      <trkpt lat="41.319658" lon="-81.61951"><ele>192.5</ele><time>2026-09-07T16:52:51Z</time></trkpt>
      <trkpt lat="41.319663" lon="-81.61949"><ele>191.9</ele><time>2026-09-07T16:52:53Z</time></trkpt>
      <trkpt lat="41.319667" lon="-81.619473"><ele>191.6</ele><time>2026-09-07T16:52:54Z</time></trkpt>
      <trkpt lat="41.31967" lon="-81.619472"><ele>192</ele><time>2026-09-07T16:52:55Z</time></trkpt>
      <trkpt lat="41.319678" lon="-81.619475"><ele>191.5</ele><time>2026-09-07T16:52:56Z</time></trkpt>
      <trkpt lat="41.319692" lon="-81.619473"><ele>191.3</ele><time>2026-09-07T16:52:58Z</time></trkpt>
      <trkpt lat="41.319692" lon="-81.619475"><ele>191.3</ele><time>2026-09-07T16:52:59Z</time></trkpt>
      <trkpt lat="41.319688" lon="-81.619467"><ele>191.8</ele><time>2026-09-07T16:53:00Z</time></trkpt>
      <trkpt lat="41.319687" lon="-81.619472"><ele>191.8</ele><time>2026-09-07T16:53:01Z</time></trkpt>
      <trkpt lat="41.319682" lon="-81.619483"><ele>191.2</ele><time>2026-09-07T16:53:02Z</time></trkpt>
      <trkpt lat="41.31968" lon="-81.619483"><ele>191.2</ele><time>2026-09-07T16:53:03Z</time></trkpt>
      <trkpt lat="41.319678" lon="-81.619485"><ele>191.2</ele><time>2026-09-07T16:53:04Z</time></trkpt>
      <trkpt lat="41.319677" lon="-81.619483"><ele>190.799</ele><time>2026-09-07T16:53:05Z</time></trkpt>
      <trkpt lat="41.319668" lon="-81.61948"><ele>190.999</ele><time>2026-09-07T16:53:06Z</time></trkpt>
      <trkpt lat="41.31966" lon="-81.619467"><ele>190.799</ele><time>2026-09-07T16:53:07Z</time></trkpt>
      <trkpt lat="41.319663" lon="-81.619455"><ele>190.6</ele><time>2026-09-07T16:53:08Z</time></trkpt>
      <trkpt lat="41.319658" lon="-81.619462"><ele>191.1</ele><time>2026-09-07T16:53:10Z</time></trkpt>
      <trkpt lat="41.319653" lon="-81.619468"><ele>191.9</ele><time>2026-09-07T16:53:11Z</time></trkpt>
      <trkpt lat="41.319647" lon="-81.619472"><ele>191.8</ele><time>2026-09-07T16:53:12Z</time></trkpt>
      <trkpt lat="41.319643" lon="-81.619475"><ele>191.3</ele><time>2026-09-07T16:53:13Z</time></trkpt>
      <trkpt lat="41.319642" lon="-81.619475"><ele>191.3</ele><time>2026-09-07T16:53:14Z</time></trkpt>
      <trkpt lat="41.319637" lon="-81.619478"><ele>191</ele><time>2026-09-07T16:53:15Z</time></trkpt>
      <trkpt lat="41.319633" lon="-81.619475"><ele>192.4</ele><time>2026-09-07T16:53:17Z</time></trkpt>
      <trkpt lat="41.319627" lon="-81.619473"><ele>191.9</ele><time>2026-09-07T16:53:18Z</time></trkpt>
      <trkpt lat="41.319622" lon="-81.619475"><ele>192</ele><time>2026-09-07T16:53:19Z</time></trkpt>
      <trkpt lat="41.319622" lon="-81.619475"><ele>191.1</ele><time>2026-09-07T16:53:20Z</time></trkpt>
      <trkpt lat="41.319622" lon="-81.619472"><ele>191</ele><time>2026-09-07T16:53:21Z</time></trkpt>
      <trkpt lat="41.319625" lon="-81.61947"><ele>191.4</ele><time>2026-09-07T16:53:22Z</time></trkpt>
      <trkpt lat="41.31963" lon="-81.619463"><ele>190.9</ele><time>2026-09-07T16:53:23Z</time></trkpt>
      <trkpt lat="41.319632" lon="-81.619463"><ele>190.7</ele><time>2026-09-07T16:53:24Z</time></trkpt>
      <trkpt lat="41.319632" lon="-81.619467"><ele>190.3</ele><time>2026-09-07T16:53:25Z</time></trkpt>
      <trkpt lat="41.319633" lon="-81.619467"><ele>190.6</ele><time>2026-09-07T16:53:26Z</time></trkpt>
      <trkpt lat="41.319635" lon="-81.619467"><ele>191</ele><time>2026-09-07T16:53:27Z</time></trkpt>
      <trkpt lat="41.319635" lon="-81.619467"><ele>190.5</ele><time>2026-09-07T16:53:28Z</time></trkpt>
      <trkpt lat="41.319635" lon="-81.619468"><ele>190.7</ele><time>2026-09-07T16:53:29Z</time></trkpt>
      <trkpt lat="41.319635" lon="-81.619468"><ele>190.7</ele><time>2026-09-07T16:53:30Z</time></trkpt>
      <trkpt lat="41.319635" lon="-81.619472"><ele>190.8</ele><time>2026-09-07T16:53:31Z</time></trkpt>
      <trkpt lat="41.319637" lon="-81.619472"><ele>191.3</ele><time>2026-09-07T16:53:32Z</time></trkpt>
      <trkpt lat="41.319635" lon="-81.61947"><ele>191.3</ele><time>2026-09-07T16:53:33Z</time></trkpt>
      <trkpt lat="41.319632" lon="-81.619467"><ele>191.6</ele><time>2026-09-07T16:53:34Z</time></trkpt>
      <trkpt lat="41.319628" lon="-81.61947"><ele>193</ele><time>2026-09-07T16:53:35Z</time></trkpt>
      <trkpt lat="41.319628" lon="-81.619473"><ele>193.2</ele><time>2026-09-07T16:53:36Z</time></trkpt>
      <trkpt lat="41.31963" lon="-81.61948"><ele>193.1</ele><time>2026-09-07T16:53:37Z</time></trkpt>
      <trkpt lat="41.31963" lon="-81.619487"><ele>193</ele><time>2026-09-07T16:53:38Z</time></trkpt>
      <trkpt lat="41.319628" lon="-81.619492"><ele>193.3</ele><time>2026-09-07T16:53:39Z</time></trkpt>
      <trkpt lat="41.319623" lon="-81.619497"><ele>193.6</ele><time>2026-09-07T16:53:40Z</time></trkpt>
      <trkpt lat="41.319618" lon="-81.619505"><ele>193.3</ele><time>2026-09-07T16:53:42Z</time></trkpt>
      <trkpt lat="41.319617" lon="-81.61951"><ele>193.3</ele><time>2026-09-07T16:53:43Z</time></trkpt>
      <trkpt lat="41.319617" lon="-81.619517"><ele>193.6</ele><time>2026-09-07T16:53:44Z</time></trkpt>
      <trkpt lat="41.319617" lon="-81.61952"><ele>193.5</ele><time>2026-09-07T16:53:45Z</time></trkpt>
      <trkpt lat="41.319617" lon="-81.619522"><ele>193.5</ele><time>2026-09-07T16:53:46Z</time></trkpt>
      <trkpt lat="41.319617" lon="-81.619527"><ele>192.6</ele><time>2026-09-07T16:53:47Z</time></trkpt>
      <trkpt lat="41.319617" lon="-81.61953"><ele>192.799</ele><time>2026-09-07T16:53:48Z</time></trkpt>
      <trkpt lat="41.319617" lon="-81.619533"><ele>192.6</ele><time>2026-09-07T16:53:49Z</time></trkpt>
      <trkpt lat="41.319615" lon="-81.619535"><ele>192.799</ele><time>2026-09-07T16:53:50Z</time></trkpt>
      <trkpt lat="41.319617" lon="-81.619535"><ele>192.6</ele><time>2026-09-07T16:53:51Z</time></trkpt>
      <trkpt lat="41.319618" lon="-81.619535"><ele>192.6</ele><time>2026-09-07T16:53:52Z</time></trkpt>
      <trkpt lat="41.319622" lon="-81.619535"><ele>192.799</ele><time>2026-09-07T16:53:53Z</time></trkpt>
      <trkpt lat="41.319623" lon="-81.619535"><ele>192.799</ele><time>2026-09-07T16:53:54Z</time></trkpt>
      <trkpt lat="41.319627" lon="-81.619535"><ele>192.7</ele><time>2026-09-07T16:53:55Z</time></trkpt>
      <trkpt lat="41.319628" lon="-81.619532"><ele>192.6</ele><time>2026-09-07T16:53:56Z</time></trkpt>
      <trkpt lat="41.319632" lon="-81.619532"><ele>192.6</ele><time>2026-09-07T16:53:57Z</time></trkpt>
      <trkpt lat="41.319635" lon="-81.61953"><ele>192.799</ele><time>2026-09-07T16:53:58Z</time></trkpt>
      <trkpt lat="41.319637" lon="-81.61953"><ele>192.7</ele><time>2026-09-07T16:53:59Z</time></trkpt>
      <trkpt lat="41.319637" lon="-81.619528"><ele>192.7</ele><time>2026-09-07T16:54:00Z</time></trkpt>
      <trkpt lat="41.319628" lon="-81.619533"><ele>192.7</ele><time>2026-09-07T16:54:01Z</time></trkpt>
      <trkpt lat="41.319617" lon="-81.61954"><ele>192.6</ele><time>2026-09-07T16:54:03Z</time></trkpt>
      <trkpt lat="41.319615" lon="-81.619542"><ele>192.6</ele><time>2026-09-07T16:54:04Z</time></trkpt>
      <trkpt lat="41.319615" lon="-81.619542"><ele>192.7</ele><time>2026-09-07T16:54:05Z</time></trkpt>
      <trkpt lat="41.319613" lon="-81.619542"><ele>192.799</ele><time>2026-09-07T16:54:06Z</time></trkpt>
      <trkpt lat="41.319613" lon="-81.619543"><ele>192.799</ele><time>2026-09-07T16:54:07Z</time></trkpt>
      <trkpt lat="41.319612" lon="-81.619543"><ele>192.799</ele><time>2026-09-07T16:54:08Z</time></trkpt>
      <trkpt lat="41.319608" lon="-81.619542"><ele>193.299</ele><time>2026-09-07T16:54:09Z</time></trkpt>
      <trkpt lat="41.319603" lon="-81.61954"><ele>193.2</ele><time>2026-09-07T16:54:10Z</time></trkpt>
      <trkpt lat="41.319598" lon="-81.619538"><ele>193.1</ele><time>2026-09-07T16:54:11Z</time></trkpt>
      <trkpt lat="41.319593" lon="-81.619538"><ele>193.299</ele><time>2026-09-07T16:54:12Z</time></trkpt>
      <trkpt lat="41.31959" lon="-81.61954"><ele>193.299</ele><time>2026-09-07T16:54:13Z</time></trkpt>
      <trkpt lat="41.319585" lon="-81.619542"><ele>194.499</ele><time>2026-09-07T16:54:14Z</time></trkpt>
      <trkpt lat="41.319583" lon="-81.619543"><ele>194.199</ele><time>2026-09-07T16:54:15Z</time></trkpt>
      <trkpt lat="41.319583" lon="-81.619543"><ele>193.999</ele><time>2026-09-07T16:54:16Z</time></trkpt>
      <trkpt lat="41.319582" lon="-81.619545"><ele>194.099</ele><time>2026-09-07T16:54:17Z</time></trkpt>
      <trkpt lat="41.31958" lon="-81.619545"><ele>194.3</ele><time>2026-09-07T16:54:18Z</time></trkpt>
      <trkpt lat="41.319575" lon="-81.619552"><ele>194.4</ele><time>2026-09-07T16:54:19Z</time></trkpt>
      <trkpt lat="41.319572" lon="-81.619558"><ele>194.1</ele><time>2026-09-07T16:54:21Z</time></trkpt>
      <trkpt lat="41.31957" lon="-81.619558"><ele>194.299</ele><time>2026-09-07T16:54:22Z</time></trkpt>
      <trkpt lat="41.319568" lon="-81.619562"><ele>194.1</ele><time>2026-09-07T16:54:23Z</time></trkpt>
      <trkpt lat="41.319568" lon="-81.619562"><ele>194.1</ele><time>2026-09-07T16:54:24Z</time></trkpt>
      <trkpt lat="41.319568" lon="-81.619567"><ele>194.1</ele><time>2026-09-07T16:54:25Z</time></trkpt>
      <trkpt lat="41.319568" lon="-81.619568"><ele>194.1</ele><time>2026-09-07T16:54:26Z</time></trkpt>
      <trkpt lat="41.31957" lon="-81.619573"><ele>194.1</ele><time>2026-09-07T16:54:27Z</time></trkpt>
      <trkpt lat="41.319572" lon="-81.619577"><ele>194.1</ele><time>2026-09-07T16:54:28Z</time></trkpt>
      <trkpt lat="41.319572" lon="-81.619577"><ele>194.1</ele><time>2026-09-07T16:54:29Z</time></trkpt>
      <trkpt lat="41.319568" lon="-81.619585"><ele>194</ele><time>2026-09-07T16:54:30Z</time></trkpt>
      <trkpt lat="41.319568" lon="-81.619587"><ele>194</ele><time>2026-09-07T16:54:31Z</time></trkpt>
      <trkpt lat="41.319562" lon="-81.619593"><ele>193.8</ele><time>2026-09-07T16:54:32Z</time></trkpt>
      <trkpt lat="41.31956" lon="-81.619595"><ele>193.8</ele><time>2026-09-07T16:54:33Z</time></trkpt>
      <trkpt lat="41.319558" lon="-81.6196"><ele>193.8</ele><time>2026-09-07T16:54:34Z</time></trkpt>
      <trkpt lat="41.319558" lon="-81.619602"><ele>193.8</ele><time>2026-09-07T16:54:35Z</time></trkpt>
      <trkpt lat="41.31955" lon="-81.6196"><ele>194.9</ele><time>2026-09-07T16:54:36Z</time></trkpt>
      <trkpt lat="41.319548" lon="-81.6196"><ele>195</ele><time>2026-09-07T16:54:37Z</time></trkpt>
      <trkpt lat="41.319545" lon="-81.619598"><ele>195.1</ele><time>2026-09-07T16:54:38Z</time></trkpt>
      <trkpt lat="41.319542" lon="-81.619595"><ele>195.5</ele><time>2026-09-07T16:54:39Z</time></trkpt>
      <trkpt lat="41.319538" lon="-81.619593"><ele>195.1</ele><time>2026-09-07T16:54:40Z</time></trkpt>
      <trkpt lat="41.319533" lon="-81.619592"><ele>195.1</ele><time>2026-09-07T16:54:41Z</time></trkpt>
      <trkpt lat="41.31953" lon="-81.619592"><ele>194.799</ele><time>2026-09-07T16:54:42Z</time></trkpt>
      <trkpt lat="41.319527" lon="-81.619592"><ele>195</ele><time>2026-09-07T16:54:43Z</time></trkpt>
      <trkpt lat="41.319527" lon="-81.619592"><ele>194.8</ele><time>2026-09-07T16:54:44Z</time></trkpt>
      <trkpt lat="41.319527" lon="-81.619592"><ele>194.8</ele><time>2026-09-07T16:54:45Z</time></trkpt>
      <trkpt lat="41.319527" lon="-81.619593"><ele>194.8</ele><time>2026-09-07T16:54:46Z</time></trkpt>
      <trkpt lat="41.319528" lon="-81.619597"><ele>194.8</ele><time>2026-09-07T16:54:47Z</time></trkpt>
      <trkpt lat="41.319528" lon="-81.619598"><ele>194.8</ele><time>2026-09-07T16:54:48Z</time></trkpt>
      <trkpt lat="41.319528" lon="-81.619603"><ele>194.7</ele><time>2026-09-07T16:54:49Z</time></trkpt>
      <trkpt lat="41.319528" lon="-81.619607"><ele>194.6</ele><time>2026-09-07T16:54:50Z</time></trkpt>
      <trkpt lat="41.319528" lon="-81.61961"><ele>194.7</ele><time>2026-09-07T16:54:51Z</time></trkpt>
      <trkpt lat="41.31953" lon="-81.619613"><ele>194.6</ele><time>2026-09-07T16:54:52Z</time></trkpt>
      <trkpt lat="41.31953" lon="-81.619617"><ele>194.7</ele><time>2026-09-07T16:54:53Z</time></trkpt>
      <trkpt lat="41.319532" lon="-81.619617"><ele>194.6</ele><time>2026-09-07T16:54:54Z</time></trkpt>
      <trkpt lat="41.319535" lon="-81.619617"><ele>194.6</ele><time>2026-09-07T16:54:55Z</time></trkpt>
      <trkpt lat="41.319533" lon="-81.619617"><ele>194.5</ele><time>2026-09-07T16:54:56Z</time></trkpt>
      <trkpt lat="41.319532" lon="-81.619615"><ele>194.6</ele><time>2026-09-07T16:54:57Z</time></trkpt>
      <trkpt lat="41.31953" lon="-81.619613"><ele>194.799</ele><time>2026-09-07T16:54:58Z</time></trkpt>
      <trkpt lat="41.319527" lon="-81.619613"><ele>194.799</ele><time>2026-09-07T16:54:59Z</time></trkpt>
      <trkpt lat="41.319527" lon="-81.619613"><ele>194.7</ele><time>2026-09-07T16:55:00Z</time></trkpt>
      <trkpt lat="41.319527" lon="-81.619615"><ele>194.799</ele><time>2026-09-07T16:55:01Z</time></trkpt>
      <trkpt lat="41.319527" lon="-81.619617"><ele>194.899</ele><time>2026-09-07T16:55:02Z</time></trkpt>
      <trkpt lat="41.319525" lon="-81.619617"><ele>194.799</ele><time>2026-09-07T16:55:03Z</time></trkpt>
      <trkpt lat="41.319527" lon="-81.619618"><ele>194.7</ele><time>2026-09-07T16:55:04Z</time></trkpt>
      <trkpt lat="41.319527" lon="-81.61962"><ele>194.799</ele><time>2026-09-07T16:55:05Z</time></trkpt>
      <trkpt lat="41.319527" lon="-81.619622"><ele>194.999</ele><time>2026-09-07T16:55:06Z</time></trkpt>
      <trkpt lat="41.319527" lon="-81.619622"><ele>194.899</ele><time>2026-09-07T16:55:07Z</time></trkpt>
      <trkpt lat="41.319525" lon="-81.619623"><ele>195.1</ele><time>2026-09-07T16:55:08Z</time></trkpt>
      <trkpt lat="41.319527" lon="-81.619623"><ele>195.2</ele><time>2026-09-07T16:55:09Z</time></trkpt>
      <trkpt lat="41.31953" lon="-81.619622"><ele>195.2</ele><time>2026-09-07T16:55:10Z</time></trkpt>
      <trkpt lat="41.319535" lon="-81.619622"><ele>194.899</ele><time>2026-09-07T16:55:11Z</time></trkpt>
      <trkpt lat="41.319535" lon="-81.619618"><ele>194.299</ele><time>2026-09-07T16:55:12Z</time></trkpt>
      <trkpt lat="41.319537" lon="-81.619618"><ele>194.299</ele><time>2026-09-07T16:55:13Z</time></trkpt>
      <trkpt lat="41.319535" lon="-81.619617"><ele>194.299</ele><time>2026-09-07T16:55:14Z</time></trkpt>
      <trkpt lat="41.319535" lon="-81.619613"><ele>194.299</ele><time>2026-09-07T16:55:15Z</time></trkpt>
      <trkpt lat="41.319535" lon="-81.619613"><ele>194.299</ele><time>2026-09-07T16:55:16Z</time></trkpt>
      <trkpt lat="41.319537" lon="-81.619612"><ele>194.1</ele><time>2026-09-07T16:55:17Z</time></trkpt>
      <trkpt lat="41.319537" lon="-81.61961"><ele>194.1</ele><time>2026-09-07T16:55:18Z</time></trkpt>
      <trkpt lat="41.319535" lon="-81.619613"><ele>194.2</ele><time>2026-09-07T16:55:19Z</time></trkpt>
      <trkpt lat="41.319537" lon="-81.619613"><ele>194.2</ele><time>2026-09-07T16:55:20Z</time></trkpt>
      <trkpt lat="41.319537" lon="-81.619613"><ele>194.299</ele><time>2026-09-07T16:55:21Z</time></trkpt>
      <trkpt lat="41.319537" lon="-81.619617"><ele>194.299</ele><time>2026-09-07T16:55:22Z</time></trkpt>
      <trkpt lat="41.319538" lon="-81.619618"><ele>194.2</ele><time>2026-09-07T16:55:23Z</time></trkpt>
      <trkpt lat="41.31954" lon="-81.619622"><ele>194.1</ele><time>2026-09-07T16:55:24Z</time></trkpt>
      <trkpt lat="41.319538" lon="-81.619622"><ele>194.1</ele><time>2026-09-07T16:55:25Z</time></trkpt>
      <trkpt lat="41.319543" lon="-81.619628"><ele>194</ele><time>2026-09-07T16:55:26Z</time></trkpt>
      <trkpt lat="41.319547" lon="-81.61964"><ele>193.7</ele><time>2026-09-07T16:55:27Z</time></trkpt>
      <trkpt lat="41.31955" lon="-81.619647"><ele>194.1</ele><time>2026-09-07T16:55:28Z</time></trkpt>
      <trkpt lat="41.319552" lon="-81.619653"><ele>193.9</ele><time>2026-09-07T16:55:29Z</time></trkpt>
      <trkpt lat="41.319552" lon="-81.619662"><ele>194</ele><time>2026-09-07T16:55:30Z</time></trkpt>
      <trkpt lat="41.31955" lon="-81.61967"><ele>193.7</ele><time>2026-09-07T16:55:31Z</time></trkpt>
      <trkpt lat="41.319547" lon="-81.619678"><ele>193.799</ele><time>2026-09-07T16:55:32Z</time></trkpt>
      <trkpt lat="41.319545" lon="-81.619685"><ele>193.7</ele><time>2026-09-07T16:55:33Z</time></trkpt>
      <trkpt lat="41.319545" lon="-81.619692"><ele>193.799</ele><time>2026-09-07T16:55:34Z</time></trkpt>
      <trkpt lat="41.319542" lon="-81.619712"><ele>193.999</ele><time>2026-09-07T16:55:35Z</time></trkpt>
      <trkpt lat="41.319538" lon="-81.619723"><ele>194.299</ele><time>2026-09-07T16:55:37Z</time></trkpt>
      <trkpt lat="41.319535" lon="-81.619727"><ele>194.2</ele><time>2026-09-07T16:55:38Z</time></trkpt>
      <trkpt lat="41.319533" lon="-81.619727"><ele>194.299</ele><time>2026-09-07T16:55:39Z</time></trkpt>
      <trkpt lat="41.319538" lon="-81.619722"><ele>194.299</ele><time>2026-09-07T16:55:40Z</time></trkpt>
      <trkpt lat="41.319555" lon="-81.61971"><ele>194.3</ele><time>2026-09-07T16:55:41Z</time></trkpt>
      <trkpt lat="41.319557" lon="-81.619708"><ele>194.3</ele><time>2026-09-07T16:55:42Z</time></trkpt>
      <trkpt lat="41.319557" lon="-81.619708"><ele>194.3</ele><time>2026-09-07T16:55:43Z</time></trkpt>
      <trkpt lat="41.319562" lon="-81.619705"><ele>194</ele><time>2026-09-07T16:55:44Z</time></trkpt>
      <trkpt lat="41.319563" lon="-81.619705"><ele>194</ele><time>2026-09-07T16:55:45Z</time></trkpt>
      <trkpt lat="41.319567" lon="-81.619705"><ele>193.8</ele><time>2026-09-07T16:55:46Z</time></trkpt>
      <trkpt lat="41.319568" lon="-81.619708"><ele>193.8</ele><time>2026-09-07T16:55:47Z</time></trkpt>
      <trkpt lat="41.31957" lon="-81.619707"><ele>193.9</ele><time>2026-09-07T16:55:48Z</time></trkpt>
      <trkpt lat="41.31957" lon="-81.619702"><ele>194.1</ele><time>2026-09-07T16:55:49Z</time></trkpt>
      <trkpt lat="41.319568" lon="-81.6197"><ele>194.1</ele><time>2026-09-07T16:55:50Z</time></trkpt>
      <trkpt lat="41.319568" lon="-81.619688"><ele>194.299</ele><time>2026-09-07T16:55:51Z</time></trkpt>
      <trkpt lat="41.31957" lon="-81.619678"><ele>193.6</ele><time>2026-09-07T16:55:52Z</time></trkpt>
      <trkpt lat="41.31957" lon="-81.619673"><ele>193.4</ele><time>2026-09-07T16:55:53Z</time></trkpt>
      <trkpt lat="41.319572" lon="-81.619672"><ele>193.3</ele><time>2026-09-07T16:55:54Z</time></trkpt>
      <trkpt lat="41.319572" lon="-81.61967"><ele>193.4</ele><time>2026-09-07T16:55:55Z</time></trkpt>
      <trkpt lat="41.319572" lon="-81.619668"><ele>193.1</ele><time>2026-09-07T16:55:56Z</time></trkpt>
      <trkpt lat="41.319572" lon="-81.619665"><ele>193.2</ele><time>2026-09-07T16:55:57Z</time></trkpt>
      <trkpt lat="41.319572" lon="-81.619662"><ele>193.2</ele><time>2026-09-07T16:55:58Z</time></trkpt>
      <trkpt lat="41.319573" lon="-81.619658"><ele>193.1</ele><time>2026-09-07T16:55:59Z</time></trkpt>
      <trkpt lat="41.319573" lon="-81.619655"><ele>193.1</ele><time>2026-09-07T16:56:00Z</time></trkpt>
      <trkpt lat="41.319573" lon="-81.619652"><ele>193.2</ele><time>2026-09-07T16:56:01Z</time></trkpt>
      <trkpt lat="41.319573" lon="-81.61965"><ele>193</ele><time>2026-09-07T16:56:02Z</time></trkpt>
      <trkpt lat="41.319577" lon="-81.619645"><ele>192.5</ele><time>2026-09-07T16:56:03Z</time></trkpt>
      <trkpt lat="41.319575" lon="-81.619645"><ele>192.4</ele><time>2026-09-07T16:56:04Z</time></trkpt>
      <trkpt lat="41.319575" lon="-81.619642"><ele>192.5</ele><time>2026-09-07T16:56:05Z</time></trkpt>
      <trkpt lat="41.319572" lon="-81.619635"><ele>192.8</ele><time>2026-09-07T16:56:06Z</time></trkpt>
      <trkpt lat="41.31957" lon="-81.619632"><ele>193.2</ele><time>2026-09-07T16:56:07Z</time></trkpt>
      <trkpt lat="41.319568" lon="-81.619627"><ele>193</ele><time>2026-09-07T16:56:08Z</time></trkpt>
      <trkpt lat="41.319565" lon="-81.619622"><ele>193.1</ele><time>2026-09-07T16:56:09Z</time></trkpt>
      <trkpt lat="41.319562" lon="-81.619618"><ele>193.2</ele><time>2026-09-07T16:56:10Z</time></trkpt>
      <trkpt lat="41.319562" lon="-81.619612"><ele>193.1</ele><time>2026-09-07T16:56:11Z</time></trkpt>
      <trkpt lat="41.319558" lon="-81.619608"><ele>193.3</ele><time>2026-09-07T16:56:12Z</time></trkpt>
      <trkpt lat="41.319558" lon="-81.619605"><ele>193.3</ele><time>2026-09-07T16:56:13Z</time></trkpt>
      <trkpt lat="41.319557" lon="-81.619602"><ele>193</ele><time>2026-09-07T16:56:14Z</time></trkpt>
      <trkpt lat="41.319555" lon="-81.619598"><ele>192.3</ele><time>2026-09-07T16:56:15Z</time></trkpt>
      <trkpt lat="41.319553" lon="-81.619593"><ele>192.3</ele><time>2026-09-07T16:56:16Z</time></trkpt>
      <trkpt lat="41.31955" lon="-81.61959"><ele>192.2</ele><time>2026-09-07T16:56:17Z</time></trkpt>
      <trkpt lat="41.319548" lon="-81.619587"><ele>192.3</ele><time>2026-09-07T16:56:18Z</time></trkpt>
      <trkpt lat="41.31955" lon="-81.619587"><ele>192.6</ele><time>2026-09-07T16:56:19Z</time></trkpt>
      <trkpt lat="41.319548" lon="-81.619587"><ele>192.6</ele><time>2026-09-07T16:56:20Z</time></trkpt>
      <trkpt lat="41.319548" lon="-81.619582"><ele>192.8</ele><time>2026-09-07T16:56:21Z</time></trkpt>
      <trkpt lat="41.319548" lon="-81.619582"><ele>192.6</ele><time>2026-09-07T16:56:22Z</time></trkpt>
      <trkpt lat="41.319548" lon="-81.61958"><ele>193.5</ele><time>2026-09-07T16:56:23Z</time></trkpt>
      <trkpt lat="41.319547" lon="-81.619577"><ele>193.9</ele><time>2026-09-07T16:56:24Z</time></trkpt>
      <trkpt lat="41.319545" lon="-81.619573"><ele>194</ele><time>2026-09-07T16:56:25Z</time></trkpt>
      <trkpt lat="41.319545" lon="-81.619573"><ele>194.5</ele><time>2026-09-07T16:56:26Z</time></trkpt>
      <trkpt lat="41.319545" lon="-81.619565"><ele>194.1</ele><time>2026-09-07T16:56:27Z</time></trkpt>
      <trkpt lat="41.319543" lon="-81.619562"><ele>193.6</ele><time>2026-09-07T16:56:28Z</time></trkpt>
      <trkpt lat="41.319545" lon="-81.619558"><ele>193.5</ele><time>2026-09-07T16:56:29Z</time></trkpt>
      <trkpt lat="41.319543" lon="-81.619557"><ele>193.2</ele><time>2026-09-07T16:56:30Z</time></trkpt>
      <trkpt lat="41.319543" lon="-81.619557"><ele>192.6</ele><time>2026-09-07T16:56:31Z</time></trkpt>
      <trkpt lat="41.319543" lon="-81.619557"><ele>192.6</ele><time>2026-09-07T16:56:32Z</time></trkpt>
      <trkpt lat="41.319545" lon="-81.61955"><ele>192.799</ele><time>2026-09-07T16:56:33Z</time></trkpt>
      <trkpt lat="41.319543" lon="-81.619543"><ele>192.799</ele><time>2026-09-07T16:56:34Z</time></trkpt>
      <trkpt lat="41.319543" lon="-81.619538"><ele>192.7</ele><time>2026-09-07T16:56:35Z</time></trkpt>
      <trkpt lat="41.319543" lon="-81.619537"><ele>192.7</ele><time>2026-09-07T16:56:36Z</time></trkpt>
      <trkpt lat="41.319543" lon="-81.619527"><ele>192.799</ele><time>2026-09-07T16:56:37Z</time></trkpt>
      <trkpt lat="41.31954" lon="-81.619513"><ele>192.7</ele><time>2026-09-07T16:56:39Z</time></trkpt>
      <trkpt lat="41.319528" lon="-81.619498"><ele>192.7</ele><time>2026-09-07T16:56:40Z</time></trkpt>
      <trkpt lat="41.319527" lon="-81.619493"><ele>192.7</ele><time>2026-09-07T16:56:41Z</time></trkpt>
      <trkpt lat="41.319522" lon="-81.619467"><ele>192.6</ele><time>2026-09-07T16:56:43Z</time></trkpt>
      <trkpt lat="41.319522" lon="-81.619448"><ele>192.2</ele><time>2026-09-07T16:56:44Z</time></trkpt>
      <trkpt lat="41.31952" lon="-81.619437"><ele>192.1</ele><time>2026-09-07T16:56:46Z</time></trkpt>
      <trkpt lat="41.31952" lon="-81.619433"><ele>192.5</ele><time>2026-09-07T16:56:47Z</time></trkpt>
      <trkpt lat="41.319522" lon="-81.619432"><ele>192.3</ele><time>2026-09-07T16:56:48Z</time></trkpt>
      <trkpt lat="41.319522" lon="-81.619435"><ele>192.4</ele><time>2026-09-07T16:56:49Z</time></trkpt>
      <trkpt lat="41.319523" lon="-81.619442"><ele>192.1</ele><time>2026-09-07T16:56:50Z</time></trkpt>
      <trkpt lat="41.319525" lon="-81.61945"><ele>192.1</ele><time>2026-09-07T16:56:51Z</time></trkpt>
      <trkpt lat="41.319527" lon="-81.619453"><ele>192</ele><time>2026-09-07T16:56:52Z</time></trkpt>
      <trkpt lat="41.319527" lon="-81.619457"><ele>192.1</ele><time>2026-09-07T16:56:53Z</time></trkpt>
      <trkpt lat="41.319528" lon="-81.61946"><ele>191.799</ele><time>2026-09-07T16:56:55Z</time></trkpt>
      <trkpt lat="41.319533" lon="-81.619462"><ele>191.999</ele><time>2026-09-07T16:56:56Z</time></trkpt>
      <trkpt lat="41.319533" lon="-81.619462"><ele>191.999</ele><time>2026-09-07T16:56:57Z</time></trkpt>
      <trkpt lat="41.319543" lon="-81.619462"><ele>192</ele><time>2026-09-07T16:56:59Z</time></trkpt>
      <trkpt lat="41.319543" lon="-81.619462"><ele>192</ele><time>2026-09-07T16:57:00Z</time></trkpt>
      <trkpt lat="41.319548" lon="-81.61946"><ele>192.1</ele><time>2026-09-07T16:57:01Z</time></trkpt>
      <trkpt lat="41.31955" lon="-81.619458"><ele>192.1</ele><time>2026-09-07T16:57:02Z</time></trkpt>
      <trkpt lat="41.319553" lon="-81.619457"><ele>192</ele><time>2026-09-07T16:57:03Z</time></trkpt>
      <trkpt lat="41.319555" lon="-81.619455"><ele>192.1</ele><time>2026-09-07T16:57:04Z</time></trkpt>
      <trkpt lat="41.319562" lon="-81.619455"><ele>192.299</ele><time>2026-09-07T16:57:06Z</time></trkpt>
      <trkpt lat="41.319563" lon="-81.619457"><ele>192.1</ele><time>2026-09-07T16:57:07Z</time></trkpt>
      <trkpt lat="41.319567" lon="-81.619458"><ele>192</ele><time>2026-09-07T16:57:08Z</time></trkpt>
      <trkpt lat="41.319567" lon="-81.61946"><ele>192.3</ele><time>2026-09-07T16:57:09Z</time></trkpt>
      <trkpt lat="41.319567" lon="-81.61946"><ele>192.3</ele><time>2026-09-07T16:57:10Z</time></trkpt>
      <trkpt lat="41.319567" lon="-81.61946"><ele>192</ele><time>2026-09-07T16:57:11Z</time></trkpt>
      <trkpt lat="41.319567" lon="-81.619458"><ele>192.1</ele><time>2026-09-07T16:57:12Z</time></trkpt>
      <trkpt lat="41.319567" lon="-81.619457"><ele>191.9</ele><time>2026-09-07T16:57:13Z</time></trkpt>
      <trkpt lat="41.319567" lon="-81.619455"><ele>192.2</ele><time>2026-09-07T16:57:14Z</time></trkpt>
      <trkpt lat="41.319567" lon="-81.619455"><ele>192.2</ele><time>2026-09-07T16:57:15Z</time></trkpt>
      <trkpt lat="41.319563" lon="-81.619453"><ele>192.2</ele><time>2026-09-07T16:57:16Z</time></trkpt>
      <trkpt lat="41.319563" lon="-81.619453"><ele>192.399</ele><time>2026-09-07T16:57:17Z</time></trkpt>
      <trkpt lat="41.319562" lon="-81.619453"><ele>192.299</ele><time>2026-09-07T16:57:18Z</time></trkpt>
      <trkpt lat="41.319562" lon="-81.61945"><ele>191.999</ele><time>2026-09-07T16:57:19Z</time></trkpt>
      <trkpt lat="41.31956" lon="-81.619443"><ele>191.999</ele><time>2026-09-07T16:57:20Z</time></trkpt>
      <trkpt lat="41.319562" lon="-81.619438"><ele>191.999</ele><time>2026-09-07T16:57:21Z</time></trkpt>
      <trkpt lat="41.319557" lon="-81.619423"><ele>191.999</ele><time>2026-09-07T16:57:22Z</time></trkpt>
      <trkpt lat="41.319557" lon="-81.619422"><ele>191.999</ele><time>2026-09-07T16:57:23Z</time></trkpt>
      <trkpt lat="41.319552" lon="-81.619412"><ele>191.6</ele><time>2026-09-07T16:57:24Z</time></trkpt>
      <trkpt lat="41.31955" lon="-81.619415"><ele>191.799</ele><time>2026-09-07T16:57:25Z</time></trkpt>
      <trkpt lat="41.31955" lon="-81.61942"><ele>191.6</ele><time>2026-09-07T16:57:26Z</time></trkpt>
      <trkpt lat="41.31955" lon="-81.619422"><ele>191.6</ele><time>2026-09-07T16:57:27Z</time></trkpt>
      <trkpt lat="41.31955" lon="-81.619423"><ele>191.7</ele><time>2026-09-07T16:57:28Z</time></trkpt>
      <trkpt lat="41.31955" lon="-81.619422"><ele>191.7</ele><time>2026-09-07T16:57:29Z</time></trkpt>
      <trkpt lat="41.319548" lon="-81.61942"><ele>191.7</ele><time>2026-09-07T16:57:30Z</time></trkpt>
      <trkpt lat="41.319547" lon="-81.619417"><ele>191.799</ele><time>2026-09-07T16:57:32Z</time></trkpt>
      <trkpt lat="41.319545" lon="-81.619415"><ele>192</ele><time>2026-09-07T16:57:33Z</time></trkpt>
      <trkpt lat="41.319545" lon="-81.619417"><ele>192</ele><time>2026-09-07T16:57:34Z</time></trkpt>
      <trkpt lat="41.319545" lon="-81.619418"><ele>192.1</ele><time>2026-09-07T16:57:35Z</time></trkpt>
      <trkpt lat="41.319545" lon="-81.619418"><ele>192</ele><time>2026-09-07T16:57:36Z</time></trkpt>
      <trkpt lat="41.319545" lon="-81.619417"><ele>191.9</ele><time>2026-09-07T16:57:37Z</time></trkpt>
      <trkpt lat="41.319545" lon="-81.619415"><ele>191.9</ele><time>2026-09-07T16:57:38Z</time></trkpt>
      <trkpt lat="41.319545" lon="-81.619413"><ele>192.1</ele><time>2026-09-07T16:57:39Z</time></trkpt>
      <trkpt lat="41.319543" lon="-81.619412"><ele>192.1</ele><time>2026-09-07T16:57:40Z</time></trkpt>
      <trkpt lat="41.319538" lon="-81.619417"><ele>191.5</ele><time>2026-09-07T16:57:41Z</time></trkpt>
      <trkpt lat="41.319535" lon="-81.61942"><ele>192.3</ele><time>2026-09-07T16:57:42Z</time></trkpt>
      <trkpt lat="41.319532" lon="-81.61942"><ele>192.6</ele><time>2026-09-07T16:57:43Z</time></trkpt>
      <trkpt lat="41.31953" lon="-81.61942"><ele>192.6</ele><time>2026-09-07T16:57:44Z</time></trkpt>
      <trkpt lat="41.319528" lon="-81.61942"><ele>192.4</ele><time>2026-09-07T16:57:45Z</time></trkpt>
      <trkpt lat="41.319528" lon="-81.61942"><ele>192.4</ele><time>2026-09-07T16:57:46Z</time></trkpt>
      <trkpt lat="41.31953" lon="-81.619423"><ele>191.8</ele><time>2026-09-07T16:57:47Z</time></trkpt>
      <trkpt lat="41.319532" lon="-81.61942"><ele>191.9</ele><time>2026-09-07T16:57:48Z</time></trkpt>
      <trkpt lat="41.319532" lon="-81.619415"><ele>191.9</ele><time>2026-09-07T16:57:49Z</time></trkpt>
      <trkpt lat="41.319532" lon="-81.619412"><ele>192.299</ele><time>2026-09-07T16:57:50Z</time></trkpt>
      <trkpt lat="41.319532" lon="-81.619407"><ele>192.299</ele><time>2026-09-07T16:57:51Z</time></trkpt>
      <trkpt lat="41.319532" lon="-81.619395"><ele>192.1</ele><time>2026-09-07T16:57:52Z</time></trkpt>
      <trkpt lat="41.31954" lon="-81.619383"><ele>192</ele><time>2026-09-07T16:57:54Z</time></trkpt>
      <trkpt lat="41.319548" lon="-81.61937"><ele>192</ele><time>2026-09-07T16:57:55Z</time></trkpt>
      <trkpt lat="41.319545" lon="-81.619367"><ele>193.1</ele><time>2026-09-07T16:57:56Z</time></trkpt>
      <trkpt lat="41.319542" lon="-81.619365"><ele>193.299</ele><time>2026-09-07T16:57:57Z</time></trkpt>
      <trkpt lat="41.319538" lon="-81.61937"><ele>192.399</ele><time>2026-09-07T16:57:58Z</time></trkpt>
      <trkpt lat="41.319535" lon="-81.619375"><ele>192.2</ele><time>2026-09-07T16:57:59Z</time></trkpt>
      <trkpt lat="41.319538" lon="-81.619378"><ele>192.6</ele><time>2026-09-07T16:58:00Z</time></trkpt>
      <trkpt lat="41.319537" lon="-81.619382"><ele>192.5</ele><time>2026-09-07T16:58:01Z</time></trkpt>
      <trkpt lat="41.319533" lon="-81.619387"><ele>192.6</ele><time>2026-09-07T16:58:02Z</time></trkpt>
      <trkpt lat="41.319532" lon="-81.619388"><ele>192.4</ele><time>2026-09-07T16:58:03Z</time></trkpt>
      <trkpt lat="41.319532" lon="-81.619388"><ele>192.4</ele><time>2026-09-07T16:58:04Z</time></trkpt>
      <trkpt lat="41.319527" lon="-81.619393"><ele>192.4</ele><time>2026-09-07T16:58:05Z</time></trkpt>
      <trkpt lat="41.319525" lon="-81.619393"><ele>192.4</ele><time>2026-09-07T16:58:06Z</time></trkpt>
      <trkpt lat="41.31952" lon="-81.619397"><ele>192.3</ele><time>2026-09-07T16:58:07Z</time></trkpt>
      <trkpt lat="41.319512" lon="-81.619398"><ele>192.5</ele><time>2026-09-07T16:58:08Z</time></trkpt>
      <trkpt lat="41.319503" lon="-81.6194"><ele>192.4</ele><time>2026-09-07T16:58:10Z</time></trkpt>
      <trkpt lat="41.319503" lon="-81.619402"><ele>192.2</ele><time>2026-09-07T16:58:11Z</time></trkpt>
      <trkpt lat="41.3195" lon="-81.619402"><ele>192.1</ele><time>2026-09-07T16:58:12Z</time></trkpt>
      <trkpt lat="41.319495" lon="-81.619403"><ele>192.299</ele><time>2026-09-07T16:58:14Z</time></trkpt>
      <trkpt lat="41.319493" lon="-81.619405"><ele>192.299</ele><time>2026-09-07T16:58:15Z</time></trkpt>
      <trkpt lat="41.319492" lon="-81.619405"><ele>192.1</ele><time>2026-09-07T16:58:16Z</time></trkpt>
      <trkpt lat="41.31949" lon="-81.619405"><ele>192.1</ele><time>2026-09-07T16:58:17Z</time></trkpt>
      <trkpt lat="41.319485" lon="-81.619407"><ele>192.2</ele><time>2026-09-07T16:58:19Z</time></trkpt>
      <trkpt lat="41.319483" lon="-81.619405"><ele>191.999</ele><time>2026-09-07T16:58:20Z</time></trkpt>
      <trkpt lat="41.319477" lon="-81.619407"><ele>191.799</ele><time>2026-09-07T16:58:21Z</time></trkpt>
      <trkpt lat="41.31947" lon="-81.619407"><ele>191.999</ele><time>2026-09-07T16:58:22Z</time></trkpt>
      <trkpt lat="41.319462" lon="-81.61941"><ele>191.999</ele><time>2026-09-07T16:58:23Z</time></trkpt>
      <trkpt lat="41.31946" lon="-81.619413"><ele>191.999</ele><time>2026-09-07T16:58:24Z</time></trkpt>
      <trkpt lat="41.319457" lon="-81.619415"><ele>192.099</ele><time>2026-09-07T16:58:25Z</time></trkpt>
      <trkpt lat="41.319453" lon="-81.619412"><ele>192.3</ele><time>2026-09-07T16:58:26Z</time></trkpt>
      <trkpt lat="41.319453" lon="-81.61941"><ele>192.5</ele><time>2026-09-07T16:58:27Z</time></trkpt>
      <trkpt lat="41.319453" lon="-81.619408"><ele>192.2</ele><time>2026-09-07T16:58:28Z</time></trkpt>
      <trkpt lat="41.319453" lon="-81.619408"><ele>192.2</ele><time>2026-09-07T16:58:29Z</time></trkpt>
      <trkpt lat="41.319448" lon="-81.61941"><ele>192.5</ele><time>2026-09-07T16:58:30Z</time></trkpt>
      <trkpt lat="41.31944" lon="-81.619412"><ele>192.6</ele><time>2026-09-07T16:58:31Z</time></trkpt>
      <trkpt lat="41.319435" lon="-81.619412"><ele>192.5</ele><time>2026-09-07T16:58:32Z</time></trkpt>
      <trkpt lat="41.319428" lon="-81.619413"><ele>192.8</ele><time>2026-09-07T16:58:33Z</time></trkpt>
      <trkpt lat="41.319423" lon="-81.619415"><ele>192.5</ele><time>2026-09-07T16:58:34Z</time></trkpt>
      <trkpt lat="41.31942" lon="-81.619413"><ele>192.5</ele><time>2026-09-07T16:58:35Z</time></trkpt>
      <trkpt lat="41.319417" lon="-81.619413"><ele>192.7</ele><time>2026-09-07T16:58:36Z</time></trkpt>
      <trkpt lat="41.319412" lon="-81.619413"><ele>192.399</ele><time>2026-09-07T16:58:37Z</time></trkpt>
      <trkpt lat="41.31941" lon="-81.619413"><ele>191.999</ele><time>2026-09-07T16:58:38Z</time></trkpt>
      <trkpt lat="41.319407" lon="-81.619412"><ele>192.199</ele><time>2026-09-07T16:58:39Z</time></trkpt>
      <trkpt lat="41.319403" lon="-81.619412"><ele>192.299</ele><time>2026-09-07T16:58:40Z</time></trkpt>
      <trkpt lat="41.319402" lon="-81.61941"><ele>191.999</ele><time>2026-09-07T16:58:41Z</time></trkpt>
      <trkpt lat="41.319397" lon="-81.61941"><ele>192.199</ele><time>2026-09-07T16:58:42Z</time></trkpt>
      <trkpt lat="41.319395" lon="-81.61941"><ele>192.2</ele><time>2026-09-07T16:58:43Z</time></trkpt>
      <trkpt lat="41.319388" lon="-81.619407"><ele>192.1</ele><time>2026-09-07T16:58:45Z</time></trkpt>
      <trkpt lat="41.319382" lon="-81.619405"><ele>192</ele><time>2026-09-07T16:58:46Z</time></trkpt>
      <trkpt lat="41.319375" lon="-81.619407"><ele>192.3</ele><time>2026-09-07T16:58:47Z</time></trkpt>
      <trkpt lat="41.319373" lon="-81.619408"><ele>192.7</ele><time>2026-09-07T16:58:48Z</time></trkpt>
      <trkpt lat="41.319373" lon="-81.61941"><ele>192.8</ele><time>2026-09-07T16:58:49Z</time></trkpt>
      <trkpt lat="41.319372" lon="-81.619412"><ele>192.8</ele><time>2026-09-07T16:58:50Z</time></trkpt>
      <trkpt lat="41.319373" lon="-81.619415"><ele>192.5</ele><time>2026-09-07T16:58:51Z</time></trkpt>
      <trkpt lat="41.319375" lon="-81.619415"><ele>192.6</ele><time>2026-09-07T16:58:53Z</time></trkpt>
      <trkpt lat="41.319375" lon="-81.619415"><ele>192.6</ele><time>2026-09-07T16:58:54Z</time></trkpt>
      <trkpt lat="41.319375" lon="-81.619415"><ele>192.6</ele><time>2026-09-07T16:58:55Z</time></trkpt>
      <trkpt lat="41.319375" lon="-81.619415"><ele>192.7</ele><time>2026-09-07T16:58:56Z</time></trkpt>
      <trkpt lat="41.319375" lon="-81.619417"><ele>192.7</ele><time>2026-09-07T16:58:57Z</time></trkpt>
      <trkpt lat="41.319373" lon="-81.619418"><ele>192.7</ele><time>2026-09-07T16:58:58Z</time></trkpt>
      <trkpt lat="41.319372" lon="-81.619418"><ele>193.1</ele><time>2026-09-07T16:58:59Z</time></trkpt>
      <trkpt lat="41.31937" lon="-81.61942"><ele>193.299</ele><time>2026-09-07T16:59:00Z</time></trkpt>
      <trkpt lat="41.31937" lon="-81.61942"><ele>193.299</ele><time>2026-09-07T16:59:01Z</time></trkpt>
      <trkpt lat="41.319368" lon="-81.619423"><ele>193.1</ele><time>2026-09-07T16:59:02Z</time></trkpt>
      <trkpt lat="41.319365" lon="-81.61943"><ele>193.799</ele><time>2026-09-07T16:59:04Z</time></trkpt>
      <trkpt lat="41.319363" lon="-81.61943"><ele>193.799</ele><time>2026-09-07T16:59:05Z</time></trkpt>
      <trkpt lat="41.319362" lon="-81.619432"><ele>193.2</ele><time>2026-09-07T16:59:07Z</time></trkpt>
      <trkpt lat="41.31936" lon="-81.61943"><ele>193.4</ele><time>2026-09-07T16:59:08Z</time></trkpt>
      <trkpt lat="41.31936" lon="-81.619428"><ele>193.3</ele><time>2026-09-07T16:59:09Z</time></trkpt>
      <trkpt lat="41.31936" lon="-81.619428"><ele>193</ele><time>2026-09-07T16:59:10Z</time></trkpt>
      <trkpt lat="41.31936" lon="-81.619428"><ele>193</ele><time>2026-09-07T16:59:11Z</time></trkpt>
      <trkpt lat="41.31936" lon="-81.619428"><ele>193.1</ele><time>2026-09-07T16:59:12Z</time></trkpt>
      <trkpt lat="41.31936" lon="-81.61943"><ele>193</ele><time>2026-09-07T16:59:14Z</time></trkpt>
      <trkpt lat="41.319358" lon="-81.619432"><ele>193</ele><time>2026-09-07T16:59:15Z</time></trkpt>
      <trkpt lat="41.319357" lon="-81.619433"><ele>192.9</ele><time>2026-09-07T16:59:16Z</time></trkpt>
      <trkpt lat="41.319355" lon="-81.619435"><ele>193</ele><time>2026-09-07T16:59:17Z</time></trkpt>
      <trkpt lat="41.319352" lon="-81.619435"><ele>193</ele><time>2026-09-07T16:59:18Z</time></trkpt>
      <trkpt lat="41.31935" lon="-81.619435"><ele>192.6</ele><time>2026-09-07T16:59:19Z</time></trkpt>
      <trkpt lat="41.319347" lon="-81.619435"><ele>193</ele><time>2026-09-07T16:59:20Z</time></trkpt>
      <trkpt lat="41.319347" lon="-81.619437"><ele>193</ele><time>2026-09-07T16:59:21Z</time></trkpt>
      <trkpt lat="41.319345" lon="-81.619438"><ele>193.2</ele><time>2026-09-07T16:59:22Z</time></trkpt>
      <trkpt lat="41.31934" lon="-81.619442"><ele>194</ele><time>2026-09-07T16:59:23Z</time></trkpt>
      <trkpt lat="41.31934" lon="-81.619443"><ele>194.1</ele><time>2026-09-07T16:59:24Z</time></trkpt>
      <trkpt lat="41.319335" lon="-81.619447"><ele>194.299</ele><time>2026-09-07T16:59:25Z</time></trkpt>
      <trkpt lat="41.31933" lon="-81.61945"><ele>194.299</ele><time>2026-09-07T16:59:26Z</time></trkpt>
      <trkpt lat="41.319327" lon="-81.61945"><ele>194.299</ele><time>2026-09-07T16:59:27Z</time></trkpt>
      <trkpt lat="41.319322" lon="-81.619448"><ele>194.1</ele><time>2026-09-07T16:59:28Z</time></trkpt>
      <trkpt lat="41.319317" lon="-81.619448"><ele>194.299</ele><time>2026-09-07T16:59:29Z</time></trkpt>
      <trkpt lat="41.319312" lon="-81.619452"><ele>194.7</ele><time>2026-09-07T16:59:30Z</time></trkpt>
      <trkpt lat="41.319303" lon="-81.619458"><ele>194.5</ele><time>2026-09-07T16:59:32Z</time></trkpt>
      <trkpt lat="41.319297" lon="-81.619462"><ele>194.3</ele><time>2026-09-07T16:59:33Z</time></trkpt>
      <trkpt lat="41.319287" lon="-81.619465"><ele>194.4</ele><time>2026-09-07T16:59:35Z</time></trkpt>
      <trkpt lat="41.31929" lon="-81.61946"><ele>194</ele><time>2026-09-07T16:59:36Z</time></trkpt>
      <trkpt lat="41.319297" lon="-81.619453"><ele>194.1</ele><time>2026-09-07T16:59:37Z</time></trkpt>
      <trkpt lat="41.319297" lon="-81.619453"><ele>194.299</ele><time>2026-09-07T16:59:38Z</time></trkpt>
      <trkpt lat="41.319297" lon="-81.619452"><ele>194</ele><time>2026-09-07T16:59:39Z</time></trkpt>
      <trkpt lat="41.319298" lon="-81.619452"><ele>194.1</ele><time>2026-09-07T16:59:40Z</time></trkpt>
      <trkpt lat="41.319298" lon="-81.619453"><ele>194.2</ele><time>2026-09-07T16:59:41Z</time></trkpt>
      <trkpt lat="41.319298" lon="-81.619453"><ele>194.1</ele><time>2026-09-07T16:59:42Z</time></trkpt>
      <trkpt lat="41.319297" lon="-81.619453"><ele>194.1</ele><time>2026-09-07T16:59:44Z</time></trkpt>
      <trkpt lat="41.31929" lon="-81.619452"><ele>194</ele><time>2026-09-07T16:59:45Z</time></trkpt>
      <trkpt lat="41.31929" lon="-81.619453"><ele>194</ele><time>2026-09-07T16:59:46Z</time></trkpt>
      <trkpt lat="41.319287" lon="-81.61946"><ele>194.1</ele><time>2026-09-07T16:59:47Z</time></trkpt>
      <trkpt lat="41.319283" lon="-81.619465"><ele>194.6</ele><time>2026-09-07T16:59:48Z</time></trkpt>
      <trkpt lat="41.319282" lon="-81.619475"><ele>195.299</ele><time>2026-09-07T16:59:50Z</time></trkpt>
      <trkpt lat="41.319283" lon="-81.619473"><ele>195.299</ele><time>2026-09-07T16:59:51Z</time></trkpt>
      <trkpt lat="41.319287" lon="-81.619473"><ele>195.7</ele><time>2026-09-07T16:59:52Z</time></trkpt>
      <trkpt lat="41.319287" lon="-81.619475"><ele>195.6</ele><time>2026-09-07T16:59:53Z</time></trkpt>
      <trkpt lat="41.319288" lon="-81.61948"><ele>195.5</ele><time>2026-09-07T16:59:54Z</time></trkpt>
      <trkpt lat="41.319288" lon="-81.619483"><ele>195.5</ele><time>2026-09-07T16:59:55Z</time></trkpt>
      <trkpt lat="41.319287" lon="-81.619483"><ele>195.3</ele><time>2026-09-07T16:59:56Z</time></trkpt>
      <trkpt lat="41.319285" lon="-81.619485"><ele>195.4</ele><time>2026-09-07T16:59:57Z</time></trkpt>
      <trkpt lat="41.319285" lon="-81.619485"><ele>195.8</ele><time>2026-09-07T16:59:58Z</time></trkpt>
      <trkpt lat="41.319285" lon="-81.619485"><ele>195.8</ele><time>2026-09-07T16:59:59Z</time></trkpt>
      <trkpt lat="41.319283" lon="-81.619488"><ele>195.5</ele><time>2026-09-07T17:00:00Z</time></trkpt>
      <trkpt lat="41.319282" lon="-81.619488"><ele>195.6</ele><time>2026-09-07T17:00:01Z</time></trkpt>
      <trkpt lat="41.31928" lon="-81.61949"><ele>195.799</ele><time>2026-09-07T17:00:02Z</time></trkpt>
      <trkpt lat="41.319277" lon="-81.61949"><ele>196.799</ele><time>2026-09-07T17:00:04Z</time></trkpt>
      <trkpt lat="41.319273" lon="-81.61949"><ele>196.799</ele><time>2026-09-07T17:00:05Z</time></trkpt>
      <trkpt lat="41.319273" lon="-81.61949"><ele>196.799</ele><time>2026-09-07T17:00:06Z</time></trkpt>
      <trkpt lat="41.319272" lon="-81.619493"><ele>196.399</ele><time>2026-09-07T17:00:07Z</time></trkpt>
      <trkpt lat="41.319268" lon="-81.619495"><ele>196.499</ele><time>2026-09-07T17:00:08Z</time></trkpt>
      <trkpt lat="41.31927" lon="-81.619497"><ele>196.3</ele><time>2026-09-07T17:00:09Z</time></trkpt>
      <trkpt lat="41.31927" lon="-81.619498"><ele>196.3</ele><time>2026-09-07T17:00:10Z</time></trkpt>
      <trkpt lat="41.31927" lon="-81.619502"><ele>196.3</ele><time>2026-09-07T17:00:12Z</time></trkpt>
      <trkpt lat="41.319268" lon="-81.619503"><ele>196.2</ele><time>2026-09-07T17:00:13Z</time></trkpt>
      <trkpt lat="41.319268" lon="-81.619505"><ele>195.8</ele><time>2026-09-07T17:00:14Z</time></trkpt>
      <trkpt lat="41.319268" lon="-81.619505"><ele>195.4</ele><time>2026-09-07T17:00:15Z</time></trkpt>
      <trkpt lat="41.319268" lon="-81.619507"><ele>195.1</ele><time>2026-09-07T17:00:16Z</time></trkpt>
      <trkpt lat="41.319268" lon="-81.619507"><ele>195</ele><time>2026-09-07T17:00:17Z</time></trkpt>
      <trkpt lat="41.319268" lon="-81.619508"><ele>194.8</ele><time>2026-09-07T17:00:19Z</time></trkpt>
      <trkpt lat="41.319268" lon="-81.619508"><ele>194.9</ele><time>2026-09-07T17:00:20Z</time></trkpt>
      <trkpt lat="41.31927" lon="-81.61951"><ele>195.1</ele><time>2026-09-07T17:00:21Z</time></trkpt>
      <trkpt lat="41.31927" lon="-81.61951"><ele>194.9</ele><time>2026-09-07T17:00:22Z</time></trkpt>
      <trkpt lat="41.319272" lon="-81.619512"><ele>194.9</ele><time>2026-09-07T17:00:23Z</time></trkpt>
      <trkpt lat="41.319273" lon="-81.619512"><ele>195</ele><time>2026-09-07T17:00:24Z</time></trkpt>
      <trkpt lat="41.319273" lon="-81.619512"><ele>195.3</ele><time>2026-09-07T17:00:25Z</time></trkpt>
      <trkpt lat="41.319273" lon="-81.619512"><ele>195.3</ele><time>2026-09-07T17:00:26Z</time></trkpt>
      <trkpt lat="41.319273" lon="-81.619512"><ele>195.5</ele><time>2026-09-07T17:00:27Z</time></trkpt>
      <trkpt lat="41.319273" lon="-81.619512"><ele>195.6</ele><time>2026-09-07T17:00:28Z</time></trkpt>
      <trkpt lat="41.319272" lon="-81.619512"><ele>195.4</ele><time>2026-09-07T17:00:29Z</time></trkpt>
      <trkpt lat="41.319268" lon="-81.619512"><ele>195.5</ele><time>2026-09-07T17:00:30Z</time></trkpt>
      <trkpt lat="41.319268" lon="-81.61951"><ele>195.5</ele><time>2026-09-07T17:00:31Z</time></trkpt>
      <trkpt lat="41.319263" lon="-81.619507"><ele>195.3</ele><time>2026-09-07T17:00:32Z</time></trkpt>
      <trkpt lat="41.319262" lon="-81.619505"><ele>195.5</ele><time>2026-09-07T17:00:33Z</time></trkpt>
      <trkpt lat="41.319258" lon="-81.619503"><ele>195.4</ele><time>2026-09-07T17:00:34Z</time></trkpt>
      <trkpt lat="41.319258" lon="-81.619503"><ele>195.4</ele><time>2026-09-07T17:00:35Z</time></trkpt>
      <trkpt lat="41.319255" lon="-81.619503"><ele>195.7</ele><time>2026-09-07T17:00:36Z</time></trkpt>
      <trkpt lat="41.319255" lon="-81.619503"><ele>195.7</ele><time>2026-09-07T17:00:37Z</time></trkpt>
      <trkpt lat="41.31925" lon="-81.619507"><ele>195.8</ele><time>2026-09-07T17:00:38Z</time></trkpt>
      <trkpt lat="41.319245" lon="-81.619508"><ele>196.1</ele><time>2026-09-07T17:00:39Z</time></trkpt>
      <trkpt lat="41.319245" lon="-81.619512"><ele>196.299</ele><time>2026-09-07T17:00:40Z</time></trkpt>
      <trkpt lat="41.319245" lon="-81.619515"><ele>196.299</ele><time>2026-09-07T17:00:41Z</time></trkpt>
      <trkpt lat="41.319245" lon="-81.619518"><ele>196.299</ele><time>2026-09-07T17:00:42Z</time></trkpt>
      <trkpt lat="41.319243" lon="-81.619522"><ele>195.999</ele><time>2026-09-07T17:00:44Z</time></trkpt>
      <trkpt lat="41.31924" lon="-81.619522"><ele>195.999</ele><time>2026-09-07T17:00:45Z</time></trkpt>
      <trkpt lat="41.319237" lon="-81.619522"><ele>195.899</ele><time>2026-09-07T17:00:46Z</time></trkpt>
      <trkpt lat="41.319233" lon="-81.619518"><ele>195.8</ele><time>2026-09-07T17:00:47Z</time></trkpt>
      <trkpt lat="41.319233" lon="-81.619518"><ele>195.8</ele><time>2026-09-07T17:00:48Z</time></trkpt>
      <trkpt lat="41.31923" lon="-81.619517"><ele>196</ele><time>2026-09-07T17:00:49Z</time></trkpt>
      <trkpt lat="41.319227" lon="-81.619517"><ele>196.1</ele><time>2026-09-07T17:00:50Z</time></trkpt>
      <trkpt lat="41.319222" lon="-81.619517"><ele>196.1</ele><time>2026-09-07T17:00:51Z</time></trkpt>
      <trkpt lat="41.319222" lon="-81.619518"><ele>196.299</ele><time>2026-09-07T17:00:52Z</time></trkpt>
      <trkpt lat="41.31922" lon="-81.61952"><ele>196.4</ele><time>2026-09-07T17:00:53Z</time></trkpt>
      <trkpt lat="41.319218" lon="-81.619522"><ele>196.2</ele><time>2026-09-07T17:00:54Z</time></trkpt>
      <trkpt lat="41.319217" lon="-81.619525"><ele>196.1</ele><time>2026-09-07T17:00:55Z</time></trkpt>
      <trkpt lat="41.319212" lon="-81.619528"><ele>196.8</ele><time>2026-09-07T17:00:56Z</time></trkpt>
      <trkpt lat="41.319208" lon="-81.619532"><ele>196.3</ele><time>2026-09-07T17:00:57Z</time></trkpt>
      <trkpt lat="41.319205" lon="-81.619532"><ele>196</ele><time>2026-09-07T17:00:58Z</time></trkpt>
      <trkpt lat="41.319203" lon="-81.619535"><ele>196</ele><time>2026-09-07T17:00:59Z</time></trkpt>
      <trkpt lat="41.3192" lon="-81.619538"><ele>196.2</ele><time>2026-09-07T17:01:00Z</time></trkpt>
      <trkpt lat="41.319195" lon="-81.61954"><ele>196.299</ele><time>2026-09-07T17:01:01Z</time></trkpt>
      <trkpt lat="41.319193" lon="-81.619542"><ele>196.299</ele><time>2026-09-07T17:01:02Z</time></trkpt>
      <trkpt lat="41.31919" lon="-81.619543"><ele>196.299</ele><time>2026-09-07T17:01:03Z</time></trkpt>
      <trkpt lat="41.319188" lon="-81.619545"><ele>196.7</ele><time>2026-09-07T17:01:04Z</time></trkpt>
      <trkpt lat="41.319177" lon="-81.619548"><ele>197.2</ele><time>2026-09-07T17:01:05Z</time></trkpt>
      <trkpt lat="41.31917" lon="-81.619552"><ele>197.299</ele><time>2026-09-07T17:01:06Z</time></trkpt>
      <trkpt lat="41.319162" lon="-81.619558"><ele>198.1</ele><time>2026-09-07T17:01:07Z</time></trkpt>
      <trkpt lat="41.319153" lon="-81.619568"><ele>198.9</ele><time>2026-09-07T17:01:09Z</time></trkpt>
      <trkpt lat="41.319152" lon="-81.619573"><ele>199.1</ele><time>2026-09-07T17:01:10Z</time></trkpt>
      <trkpt lat="41.31915" lon="-81.619577"><ele>199.1</ele><time>2026-09-07T17:01:11Z</time></trkpt>
      <trkpt lat="41.319153" lon="-81.619583"><ele>199.299</ele><time>2026-09-07T17:01:12Z</time></trkpt>
      <trkpt lat="41.319155" lon="-81.619585"><ele>198.999</ele><time>2026-09-07T17:01:13Z</time></trkpt>
      <trkpt lat="41.319157" lon="-81.619588"><ele>198.7</ele><time>2026-09-07T17:01:14Z</time></trkpt>
      <trkpt lat="41.319157" lon="-81.61959"><ele>198.7</ele><time>2026-09-07T17:01:15Z</time></trkpt>
      <trkpt lat="41.319157" lon="-81.619595"><ele>199</ele><time>2026-09-07T17:01:16Z</time></trkpt>
      <trkpt lat="41.319157" lon="-81.619598"><ele>199</ele><time>2026-09-07T17:01:17Z</time></trkpt>
      <trkpt lat="41.319157" lon="-81.619605"><ele>199.4</ele><time>2026-09-07T17:01:18Z</time></trkpt>
      <trkpt lat="41.319152" lon="-81.619613"><ele>199.9</ele><time>2026-09-07T17:01:19Z</time></trkpt>
      <trkpt lat="41.319148" lon="-81.619617"><ele>200.1</ele><time>2026-09-07T17:01:20Z</time></trkpt>
      <trkpt lat="41.31914" lon="-81.619618"><ele>200.3</ele><time>2026-09-07T17:01:21Z</time></trkpt>
      <trkpt lat="41.319138" lon="-81.619617"><ele>200.3</ele><time>2026-09-07T17:01:22Z</time></trkpt>
      <trkpt lat="41.31913" lon="-81.619618"><ele>200.3</ele><time>2026-09-07T17:01:23Z</time></trkpt>
      <trkpt lat="41.319115" lon="-81.619637"><ele>201.4</ele><time>2026-09-07T17:01:25Z</time></trkpt>
      <trkpt lat="41.319112" lon="-81.619642"><ele>201.4</ele><time>2026-09-07T17:01:26Z</time></trkpt>
      <trkpt lat="41.31911" lon="-81.61965"><ele>201.4</ele><time>2026-09-07T17:01:27Z</time></trkpt>
      <trkpt lat="41.319112" lon="-81.619652"><ele>201.4</ele><time>2026-09-07T17:01:28Z</time></trkpt>
      <trkpt lat="41.319112" lon="-81.619652"><ele>201.1</ele><time>2026-09-07T17:01:29Z</time></trkpt>
      <trkpt lat="41.319112" lon="-81.619652"><ele>201.1</ele><time>2026-09-07T17:01:30Z</time></trkpt>
      <trkpt lat="41.31911" lon="-81.619652"><ele>201.2</ele><time>2026-09-07T17:01:31Z</time></trkpt>
      <trkpt lat="41.319108" lon="-81.619652"><ele>201.6</ele><time>2026-09-07T17:01:32Z</time></trkpt>
      <trkpt lat="41.319108" lon="-81.619653"><ele>201.6</ele><time>2026-09-07T17:01:33Z</time></trkpt>
      <trkpt lat="41.319103" lon="-81.619655"><ele>201.299</ele><time>2026-09-07T17:01:34Z</time></trkpt>
      <trkpt lat="41.319102" lon="-81.619658"><ele>201.2</ele><time>2026-09-07T17:01:35Z</time></trkpt>
      <trkpt lat="41.319098" lon="-81.619658"><ele>201.2</ele><time>2026-09-07T17:01:36Z</time></trkpt>
      <trkpt lat="41.319095" lon="-81.61966"><ele>201.1</ele><time>2026-09-07T17:01:37Z</time></trkpt>
      <trkpt lat="41.319092" lon="-81.619663"><ele>201.1</ele><time>2026-09-07T17:01:38Z</time></trkpt>
      <trkpt lat="41.319088" lon="-81.619667"><ele>201</ele><time>2026-09-07T17:01:39Z</time></trkpt>
      <trkpt lat="41.319085" lon="-81.619673"><ele>200.8</ele><time>2026-09-07T17:01:40Z</time></trkpt>
      <trkpt lat="41.319083" lon="-81.619675"><ele>200.6</ele><time>2026-09-07T17:01:41Z</time></trkpt>
      <trkpt lat="41.319082" lon="-81.619678"><ele>200.1</ele><time>2026-09-07T17:01:42Z</time></trkpt>
      <trkpt lat="41.319075" lon="-81.619685"><ele>200.1</ele><time>2026-09-07T17:01:44Z</time></trkpt>
      <trkpt lat="41.319072" lon="-81.619687"><ele>200.1</ele><time>2026-09-07T17:01:45Z</time></trkpt>
      <trkpt lat="41.319068" lon="-81.61969"><ele>200</ele><time>2026-09-07T17:01:46Z</time></trkpt>
      <trkpt lat="41.319068" lon="-81.619692"><ele>200</ele><time>2026-09-07T17:01:47Z</time></trkpt>
      <trkpt lat="41.31907" lon="-81.619692"><ele>199.9</ele><time>2026-09-07T17:01:48Z</time></trkpt>
      <trkpt lat="41.31907" lon="-81.61969"><ele>200</ele><time>2026-09-07T17:01:49Z</time></trkpt>
      <trkpt lat="41.31907" lon="-81.619692"><ele>199.8</ele><time>2026-09-07T17:01:50Z</time></trkpt>
      <trkpt lat="41.319073" lon="-81.619693"><ele>199.9</ele><time>2026-09-07T17:01:51Z</time></trkpt>
      <trkpt lat="41.319073" lon="-81.619695"><ele>199.9</ele><time>2026-09-07T17:01:52Z</time></trkpt>
      <trkpt lat="41.319075" lon="-81.619693"><ele>199.8</ele><time>2026-09-07T17:01:53Z</time></trkpt>
      <trkpt lat="41.319078" lon="-81.619692"><ele>200.7</ele><time>2026-09-07T17:01:54Z</time></trkpt>
      <trkpt lat="41.319078" lon="-81.619692"><ele>200.399</ele><time>2026-09-07T17:01:56Z</time></trkpt>
      <trkpt lat="41.319078" lon="-81.619692"><ele>200.299</ele><time>2026-09-07T17:01:57Z</time></trkpt>
      <trkpt lat="41.319078" lon="-81.619692"><ele>200.299</ele><time>2026-09-07T17:01:58Z</time></trkpt>
      <trkpt lat="41.319078" lon="-81.61969"><ele>200</ele><time>2026-09-07T17:01:59Z</time></trkpt>
      <trkpt lat="41.319082" lon="-81.619692"><ele>199.7</ele><time>2026-09-07T17:02:00Z</time></trkpt>
      <trkpt lat="41.319092" lon="-81.619697"><ele>199.1</ele><time>2026-09-07T17:02:02Z</time></trkpt>
      <trkpt lat="41.319097" lon="-81.619698"><ele>199</ele><time>2026-09-07T17:02:03Z</time></trkpt>
      <trkpt lat="41.319102" lon="-81.6197"><ele>199.2</ele><time>2026-09-07T17:02:04Z</time></trkpt>
      <trkpt lat="41.31911" lon="-81.61971"><ele>199.2</ele><time>2026-09-07T17:02:05Z</time></trkpt>
      <trkpt lat="41.31911" lon="-81.619715"><ele>199</ele><time>2026-09-07T17:02:07Z</time></trkpt>
      <trkpt lat="41.31911" lon="-81.61972"><ele>198.8</ele><time>2026-09-07T17:02:08Z</time></trkpt>
      <trkpt lat="41.31911" lon="-81.619723"><ele>198</ele><time>2026-09-07T17:02:10Z</time></trkpt>
      <trkpt lat="41.31911" lon="-81.619725"><ele>198.3</ele><time>2026-09-07T17:02:11Z</time></trkpt>
      <trkpt lat="41.31911" lon="-81.619728"><ele>198.3</ele><time>2026-09-07T17:02:12Z</time></trkpt>
      <trkpt lat="41.319113" lon="-81.619738"><ele>197.6</ele><time>2026-09-07T17:02:13Z</time></trkpt>
      <trkpt lat="41.319115" lon="-81.619742"><ele>197.4</ele><time>2026-09-07T17:02:14Z</time></trkpt>
      <trkpt lat="41.319117" lon="-81.619747"><ele>197.4</ele><time>2026-09-07T17:02:15Z</time></trkpt>
      <trkpt lat="41.319122" lon="-81.619755"><ele>197.3</ele><time>2026-09-07T17:02:16Z</time></trkpt>
      <trkpt lat="41.319128" lon="-81.61976"><ele>196.9</ele><time>2026-09-07T17:02:17Z</time></trkpt>
      <trkpt lat="41.319135" lon="-81.619765"><ele>196.9</ele><time>2026-09-07T17:02:18Z</time></trkpt>
      <trkpt lat="41.319142" lon="-81.619768"><ele>197.2</ele><time>2026-09-07T17:02:19Z</time></trkpt>
      <trkpt lat="41.319145" lon="-81.619768"><ele>196.9</ele><time>2026-09-07T17:02:20Z</time></trkpt>
      <trkpt lat="41.319142" lon="-81.619765"><ele>196.3</ele><time>2026-09-07T17:02:21Z</time></trkpt>
      <trkpt lat="41.319138" lon="-81.61976"><ele>196.5</ele><time>2026-09-07T17:02:22Z</time></trkpt>
      <trkpt lat="41.319138" lon="-81.619757"><ele>196.3</ele><time>2026-09-07T17:02:23Z</time></trkpt>
      <trkpt lat="41.31914" lon="-81.619755"><ele>196.1</ele><time>2026-09-07T17:02:24Z</time></trkpt>
      <trkpt lat="41.31914" lon="-81.619755"><ele>196</ele><time>2026-09-07T17:02:25Z</time></trkpt>
      <trkpt lat="41.319142" lon="-81.619755"><ele>195.8</ele><time>2026-09-07T17:02:26Z</time></trkpt>
      <trkpt lat="41.319143" lon="-81.619753"><ele>195.8</ele><time>2026-09-07T17:02:27Z</time></trkpt>
      <trkpt lat="41.319145" lon="-81.619752"><ele>195.9</ele><time>2026-09-07T17:02:28Z</time></trkpt>
      <trkpt lat="41.319147" lon="-81.619752"><ele>196</ele><time>2026-09-07T17:02:29Z</time></trkpt>
      <trkpt lat="41.319148" lon="-81.619752"><ele>195.9</ele><time>2026-09-07T17:02:30Z</time></trkpt>
      <trkpt lat="41.319148" lon="-81.619752"><ele>195.8</ele><time>2026-09-07T17:02:31Z</time></trkpt>
      <trkpt lat="41.31915" lon="-81.61975"><ele>195.8</ele><time>2026-09-07T17:02:32Z</time></trkpt>
      <trkpt lat="41.319152" lon="-81.619748"><ele>195.8</ele><time>2026-09-07T17:02:33Z</time></trkpt>
      <trkpt lat="41.319152" lon="-81.619745"><ele>196.1</ele><time>2026-09-07T17:02:34Z</time></trkpt>
      <trkpt lat="41.319148" lon="-81.619725"><ele>195.8</ele><time>2026-09-07T17:02:35Z</time></trkpt>
      <trkpt lat="41.319147" lon="-81.619712"><ele>195.5</ele><time>2026-09-07T17:02:36Z</time></trkpt>
      <trkpt lat="41.319147" lon="-81.619707"><ele>195.8</ele><time>2026-09-07T17:02:37Z</time></trkpt>
      <trkpt lat="41.319138" lon="-81.619688"><ele>195.8</ele><time>2026-09-07T17:02:38Z</time></trkpt>
      <trkpt lat="41.319132" lon="-81.619688"><ele>195.5</ele><time>2026-09-07T17:02:39Z</time></trkpt>
      <trkpt lat="41.31913" lon="-81.619692"><ele>196.1</ele><time>2026-09-07T17:02:40Z</time></trkpt>
      <trkpt lat="41.319132" lon="-81.619697"><ele>196.1</ele><time>2026-09-07T17:02:41Z</time></trkpt>
      <trkpt lat="41.31913" lon="-81.619697"><ele>196.1</ele><time>2026-09-07T17:02:42Z</time></trkpt>
      <trkpt lat="41.319128" lon="-81.619698"><ele>196.1</ele><time>2026-09-07T17:02:43Z</time></trkpt>
      <trkpt lat="41.319128" lon="-81.619702"><ele>195.799</ele><time>2026-09-07T17:02:44Z</time></trkpt>
      <trkpt lat="41.319128" lon="-81.619707"><ele>195.8</ele><time>2026-09-07T17:02:45Z</time></trkpt>
      <trkpt lat="41.319127" lon="-81.619707"><ele>195.8</ele><time>2026-09-07T17:02:46Z</time></trkpt>
      <trkpt lat="41.319125" lon="-81.619707"><ele>195.6</ele><time>2026-09-07T17:02:47Z</time></trkpt>
      <trkpt lat="41.319122" lon="-81.619705"><ele>195.2</ele><time>2026-09-07T17:02:48Z</time></trkpt>
      <trkpt lat="41.31912" lon="-81.6197"><ele>195.1</ele><time>2026-09-07T17:02:49Z</time></trkpt>
      <trkpt lat="41.319115" lon="-81.619695"><ele>195.1</ele><time>2026-09-07T17:02:50Z</time></trkpt>
      <trkpt lat="41.319112" lon="-81.619692"><ele>195.5</ele><time>2026-09-07T17:02:51Z</time></trkpt>
      <trkpt lat="41.319107" lon="-81.619688"><ele>195.5</ele><time>2026-09-07T17:02:52Z</time></trkpt>
      <trkpt lat="41.319105" lon="-81.619687"><ele>195.3</ele><time>2026-09-07T17:02:54Z</time></trkpt>
      <trkpt lat="41.319107" lon="-81.619688"><ele>195.3</ele><time>2026-09-07T17:02:55Z</time></trkpt>
      <trkpt lat="41.319107" lon="-81.61969"><ele>195.3</ele><time>2026-09-07T17:02:56Z</time></trkpt>
      <trkpt lat="41.319108" lon="-81.619692"><ele>195.3</ele><time>2026-09-07T17:02:57Z</time></trkpt>
      <trkpt lat="41.319115" lon="-81.619703"><ele>195.3</ele><time>2026-09-07T17:02:58Z</time></trkpt>
      <trkpt lat="41.319122" lon="-81.619713"><ele>195.5</ele><time>2026-09-07T17:03:00Z</time></trkpt>
      <trkpt lat="41.319138" lon="-81.619728"><ele>195.5</ele><time>2026-09-07T17:03:01Z</time></trkpt>
      <trkpt lat="41.319143" lon="-81.619737"><ele>195.9</ele><time>2026-09-07T17:03:02Z</time></trkpt>
      <trkpt lat="41.319145" lon="-81.61974"><ele>195.1</ele><time>2026-09-07T17:03:03Z</time></trkpt>
      <trkpt lat="41.319148" lon="-81.619748"><ele>195.2</ele><time>2026-09-07T17:03:04Z</time></trkpt>
      <trkpt lat="41.319152" lon="-81.619755"><ele>195.299</ele><time>2026-09-07T17:03:05Z</time></trkpt>
      <trkpt lat="41.319153" lon="-81.619755"><ele>195.299</ele><time>2026-09-07T17:03:06Z</time></trkpt>
      <trkpt lat="41.319155" lon="-81.619757"><ele>195.299</ele><time>2026-09-07T17:03:07Z</time></trkpt>
      <trkpt lat="41.319157" lon="-81.619758"><ele>195.1</ele><time>2026-09-07T17:03:08Z</time></trkpt>
      <trkpt lat="41.31916" lon="-81.619762"><ele>195.299</ele><time>2026-09-07T17:03:09Z</time></trkpt>
      <trkpt lat="41.319163" lon="-81.619768"><ele>195.2</ele><time>2026-09-07T17:03:10Z</time></trkpt>
      <trkpt lat="41.319165" lon="-81.619772"><ele>195.1</ele><time>2026-09-07T17:03:11Z</time></trkpt>
      <trkpt lat="41.319167" lon="-81.619775"><ele>195.1</ele><time>2026-09-07T17:03:12Z</time></trkpt>
      <trkpt lat="41.31917" lon="-81.61978"><ele>195.1</ele><time>2026-09-07T17:03:13Z</time></trkpt>
      <trkpt lat="41.319175" lon="-81.619792"><ele>195.2</ele><time>2026-09-07T17:03:14Z</time></trkpt>
      <trkpt lat="41.319178" lon="-81.619798"><ele>195.1</ele><time>2026-09-07T17:03:15Z</time></trkpt>
      <trkpt lat="41.31918" lon="-81.619802"><ele>195.2</ele><time>2026-09-07T17:03:16Z</time></trkpt>
      <trkpt lat="41.319185" lon="-81.619808"><ele>195.299</ele><time>2026-09-07T17:03:17Z</time></trkpt>
      <trkpt lat="41.319187" lon="-81.619815"><ele>195.399</ele><time>2026-09-07T17:03:18Z</time></trkpt>
      <trkpt lat="41.319188" lon="-81.619817"><ele>195.399</ele><time>2026-09-07T17:03:19Z</time></trkpt>
      <trkpt lat="41.31919" lon="-81.619822"><ele>195.7</ele><time>2026-09-07T17:03:20Z</time></trkpt>
      <trkpt lat="41.31919" lon="-81.619823"><ele>195.7</ele><time>2026-09-07T17:03:21Z</time></trkpt>
      <trkpt lat="41.31919" lon="-81.619823"><ele>195.7</ele><time>2026-09-07T17:03:22Z</time></trkpt>
      <trkpt lat="41.319195" lon="-81.619822"><ele>195.7</ele><time>2026-09-07T17:03:23Z</time></trkpt>
      <trkpt lat="41.319195" lon="-81.619822"><ele>195.799</ele><time>2026-09-07T17:03:24Z</time></trkpt>
      <trkpt lat="41.319195" lon="-81.619817"><ele>195.899</ele><time>2026-09-07T17:03:25Z</time></trkpt>
      <trkpt lat="41.319193" lon="-81.619803"><ele>195.799</ele><time>2026-09-07T17:03:26Z</time></trkpt>
      <trkpt lat="41.3192" lon="-81.619793"><ele>195.799</ele><time>2026-09-07T17:03:27Z</time></trkpt>
      <trkpt lat="41.319208" lon="-81.619785"><ele>195.6</ele><time>2026-09-07T17:03:28Z</time></trkpt>
      <trkpt lat="41.319213" lon="-81.619785"><ele>195.799</ele><time>2026-09-07T17:03:29Z</time></trkpt>
      <trkpt lat="41.319213" lon="-81.61979"><ele>195.799</ele><time>2026-09-07T17:03:30Z</time></trkpt>
      <trkpt lat="41.319228" lon="-81.619827"><ele>195.6</ele><time>2026-09-07T17:03:31Z</time></trkpt>
      <trkpt lat="41.319232" lon="-81.619845"><ele>195.5</ele><time>2026-09-07T17:03:32Z</time></trkpt>
      <trkpt lat="41.319232" lon="-81.619847"><ele>195.4</ele><time>2026-09-07T17:03:33Z</time></trkpt>
      <trkpt lat="41.319232" lon="-81.619848"><ele>195.3</ele><time>2026-09-07T17:03:34Z</time></trkpt>
      <trkpt lat="41.319232" lon="-81.619852"><ele>195.3</ele><time>2026-09-07T17:03:35Z</time></trkpt>
      <trkpt lat="41.319228" lon="-81.619855"><ele>195.3</ele><time>2026-09-07T17:03:36Z</time></trkpt>
      <trkpt lat="41.319225" lon="-81.61986"><ele>195.5</ele><time>2026-09-07T17:03:37Z</time></trkpt>
      <trkpt lat="41.319217" lon="-81.619872"><ele>195.8</ele><time>2026-09-07T17:03:38Z</time></trkpt>
      <trkpt lat="41.319212" lon="-81.61988"><ele>195.8</ele><time>2026-09-07T17:03:39Z</time></trkpt>
      <trkpt lat="41.319208" lon="-81.619883"><ele>195.8</ele><time>2026-09-07T17:03:40Z</time></trkpt>
      <trkpt lat="41.3192" lon="-81.619893"><ele>195.8</ele><time>2026-09-07T17:03:41Z</time></trkpt>
      <trkpt lat="41.319195" lon="-81.619895"><ele>195.8</ele><time>2026-09-07T17:03:42Z</time></trkpt>
      <trkpt lat="41.319193" lon="-81.619895"><ele>195.7</ele><time>2026-09-07T17:03:43Z</time></trkpt>
      <trkpt lat="41.31919" lon="-81.619897"><ele>195.6</ele><time>2026-09-07T17:03:44Z</time></trkpt>
      <trkpt lat="41.319187" lon="-81.619898"><ele>195.8</ele><time>2026-09-07T17:03:45Z</time></trkpt>
      <trkpt lat="41.319183" lon="-81.6199"><ele>195.7</ele><time>2026-09-07T17:03:46Z</time></trkpt>
      <trkpt lat="41.31918" lon="-81.619903"><ele>195.7</ele><time>2026-09-07T17:03:47Z</time></trkpt>
      <trkpt lat="41.319173" lon="-81.619913"><ele>196.2</ele><time>2026-09-07T17:03:48Z</time></trkpt>
      <trkpt lat="41.319168" lon="-81.619922"><ele>196.1</ele><time>2026-09-07T17:03:49Z</time></trkpt>
      <trkpt lat="41.319165" lon="-81.619932"><ele>196</ele><time>2026-09-07T17:03:50Z</time></trkpt>
      <trkpt lat="41.319162" lon="-81.619937"><ele>196</ele><time>2026-09-07T17:03:51Z</time></trkpt>
      <trkpt lat="41.319158" lon="-81.619942"><ele>196</ele><time>2026-09-07T17:03:52Z</time></trkpt>
      <trkpt lat="41.319152" lon="-81.619942"><ele>195.9</ele><time>2026-09-07T17:03:53Z</time></trkpt>
      <trkpt lat="41.319148" lon="-81.61994"><ele>195.7</ele><time>2026-09-07T17:03:54Z</time></trkpt>
      <trkpt lat="41.31915" lon="-81.619938"><ele>195.5</ele><time>2026-09-07T17:03:55Z</time></trkpt>
      <trkpt lat="41.31915" lon="-81.619938"><ele>195.6</ele><time>2026-09-07T17:03:56Z</time></trkpt>
      <trkpt lat="41.319152" lon="-81.61994"><ele>195.5</ele><time>2026-09-07T17:03:57Z</time></trkpt>
      <trkpt lat="41.319152" lon="-81.619942"><ele>195.5</ele><time>2026-09-07T17:03:58Z</time></trkpt>
      <trkpt lat="41.319153" lon="-81.619942"><ele>195.6</ele><time>2026-09-07T17:03:59Z</time></trkpt>
      <trkpt lat="41.319153" lon="-81.61994"><ele>195.299</ele><time>2026-09-07T17:04:00Z</time></trkpt>
      <trkpt lat="41.319153" lon="-81.619938"><ele>195.299</ele><time>2026-09-07T17:04:01Z</time></trkpt>
      <trkpt lat="41.319157" lon="-81.619937"><ele>195.1</ele><time>2026-09-07T17:04:02Z</time></trkpt>
      <trkpt lat="41.319158" lon="-81.619933"><ele>195</ele><time>2026-09-07T17:04:03Z</time></trkpt>
      <trkpt lat="41.319158" lon="-81.619932"><ele>195</ele><time>2026-09-07T17:04:04Z</time></trkpt>
      <trkpt lat="41.31916" lon="-81.619932"><ele>194.9</ele><time>2026-09-07T17:04:05Z</time></trkpt>
      <trkpt lat="41.319162" lon="-81.61993"><ele>195.2</ele><time>2026-09-07T17:04:06Z</time></trkpt>
      <trkpt lat="41.319165" lon="-81.61993"><ele>195</ele><time>2026-09-07T17:04:07Z</time></trkpt>
      <trkpt lat="41.319167" lon="-81.61993"><ele>194.9</ele><time>2026-09-07T17:04:08Z</time></trkpt>
      <trkpt lat="41.319172" lon="-81.619928"><ele>194.9</ele><time>2026-09-07T17:04:09Z</time></trkpt>
      <trkpt lat="41.319175" lon="-81.61993"><ele>194.8</ele><time>2026-09-07T17:04:10Z</time></trkpt>
      <trkpt lat="41.319175" lon="-81.61993"><ele>194.8</ele><time>2026-09-07T17:04:11Z</time></trkpt>
      <trkpt lat="41.319178" lon="-81.61993"><ele>195</ele><time>2026-09-07T17:04:12Z</time></trkpt>
      <trkpt lat="41.31918" lon="-81.61993"><ele>195</ele><time>2026-09-07T17:04:13Z</time></trkpt>
      <trkpt lat="41.319183" lon="-81.61993"><ele>195.1</ele><time>2026-09-07T17:04:14Z</time></trkpt>
      <trkpt lat="41.319185" lon="-81.61993"><ele>195.1</ele><time>2026-09-07T17:04:15Z</time></trkpt>
      <trkpt lat="41.319188" lon="-81.61993"><ele>195.299</ele><time>2026-09-07T17:04:16Z</time></trkpt>
      <trkpt lat="41.319188" lon="-81.619935"><ele>195.6</ele><time>2026-09-07T17:04:17Z</time></trkpt>
      <trkpt lat="41.319185" lon="-81.61994"><ele>195.6</ele><time>2026-09-07T17:04:18Z</time></trkpt>
      <trkpt lat="41.319177" lon="-81.619938"><ele>195.4</ele><time>2026-09-07T17:04:19Z</time></trkpt>
      <trkpt lat="41.319177" lon="-81.619937"><ele>195.4</ele><time>2026-09-07T17:04:20Z</time></trkpt>
      <trkpt lat="41.319175" lon="-81.619937"><ele>195.4</ele><time>2026-09-07T17:04:21Z</time></trkpt>
      <trkpt lat="41.319173" lon="-81.619935"><ele>195.5</ele><time>2026-09-07T17:04:22Z</time></trkpt>
      <trkpt lat="41.31917" lon="-81.619935"><ele>195.6</ele><time>2026-09-07T17:04:23Z</time></trkpt>
      <trkpt lat="41.319165" lon="-81.619933"><ele>195.6</ele><time>2026-09-07T17:04:24Z</time></trkpt>
      <trkpt lat="41.319158" lon="-81.619932"><ele>195.6</ele><time>2026-09-07T17:04:25Z</time></trkpt>
      <trkpt lat="41.319153" lon="-81.619928"><ele>195.799</ele><time>2026-09-07T17:04:26Z</time></trkpt>
      <trkpt lat="41.319148" lon="-81.619928"><ele>195.6</ele><time>2026-09-07T17:04:28Z</time></trkpt>
      <trkpt lat="41.319143" lon="-81.61993"><ele>195.299</ele><time>2026-09-07T17:04:29Z</time></trkpt>
      <trkpt lat="41.319138" lon="-81.61993"><ele>195.299</ele><time>2026-09-07T17:04:30Z</time></trkpt>
      <trkpt lat="41.31913" lon="-81.61993"><ele>195.1</ele><time>2026-09-07T17:04:32Z</time></trkpt>
      <trkpt lat="41.319122" lon="-81.619932"><ele>195.1</ele><time>2026-09-07T17:04:33Z</time></trkpt>
      <trkpt lat="41.319115" lon="-81.61993"><ele>195.1</ele><time>2026-09-07T17:04:34Z</time></trkpt>
      <trkpt lat="41.319097" lon="-81.61993"><ele>195.1</ele><time>2026-09-07T17:04:35Z</time></trkpt>
      <trkpt lat="41.319092" lon="-81.619925"><ele>195.1</ele><time>2026-09-07T17:04:36Z</time></trkpt>
      <trkpt lat="41.319083" lon="-81.619918"><ele>195.299</ele><time>2026-09-07T17:04:37Z</time></trkpt>
      <trkpt lat="41.319065" lon="-81.619907"><ele>195.499</ele><time>2026-09-07T17:04:39Z</time></trkpt>
      <trkpt lat="41.319062" lon="-81.619907"><ele>195.299</ele><time>2026-09-07T17:04:40Z</time></trkpt>
      <trkpt lat="41.319062" lon="-81.619908"><ele>195.299</ele><time>2026-09-07T17:04:41Z</time></trkpt>
      <trkpt lat="41.319063" lon="-81.61991"><ele>195.299</ele><time>2026-09-07T17:04:42Z</time></trkpt>
      <trkpt lat="41.319068" lon="-81.619912"><ele>195.499</ele><time>2026-09-07T17:04:43Z</time></trkpt>
      <trkpt lat="41.319068" lon="-81.619912"><ele>195.6</ele><time>2026-09-07T17:04:44Z</time></trkpt>
      <trkpt lat="41.31907" lon="-81.619912"><ele>195.5</ele><time>2026-09-07T17:04:45Z</time></trkpt>
      <trkpt lat="41.31907" lon="-81.619908"><ele>196</ele><time>2026-09-07T17:04:46Z</time></trkpt>
      <trkpt lat="41.319075" lon="-81.619905"><ele>196</ele><time>2026-09-07T17:04:47Z</time></trkpt>
      <trkpt lat="41.319077" lon="-81.619898"><ele>195.7</ele><time>2026-09-07T17:04:48Z</time></trkpt>
      <trkpt lat="41.319073" lon="-81.619877"><ele>195.799</ele><time>2026-09-07T17:04:49Z</time></trkpt>
      <trkpt lat="41.319078" lon="-81.619858"><ele>195.799</ele><time>2026-09-07T17:04:50Z</time></trkpt>
      <trkpt lat="41.319082" lon="-81.619845"><ele>195.799</ele><time>2026-09-07T17:04:51Z</time></trkpt>
      <trkpt lat="41.319088" lon="-81.619833"><ele>196.6</ele><time>2026-09-07T17:04:52Z</time></trkpt>
      <trkpt lat="41.319093" lon="-81.619828"><ele>196.9</ele><time>2026-09-07T17:04:53Z</time></trkpt>
      <trkpt lat="41.319095" lon="-81.619832"><ele>196.9</ele><time>2026-09-07T17:04:54Z</time></trkpt>
      <trkpt lat="41.319093" lon="-81.619833"><ele>196.6</ele><time>2026-09-07T17:04:55Z</time></trkpt>
      <trkpt lat="41.31909" lon="-81.619833"><ele>196.1</ele><time>2026-09-07T17:04:57Z</time></trkpt>
      <trkpt lat="41.319087" lon="-81.61983"><ele>196.1</ele><time>2026-09-07T17:04:58Z</time></trkpt>
      <trkpt lat="41.319085" lon="-81.619825"><ele>196.1</ele><time>2026-09-07T17:04:59Z</time></trkpt>
      <trkpt lat="41.319087" lon="-81.61982"><ele>196.1</ele><time>2026-09-07T17:05:00Z</time></trkpt>
      <trkpt lat="41.319087" lon="-81.619807"><ele>196</ele><time>2026-09-07T17:05:01Z</time></trkpt>
      <trkpt lat="41.319088" lon="-81.619802"><ele>196</ele><time>2026-09-07T17:05:02Z</time></trkpt>
      <trkpt lat="41.319088" lon="-81.619797"><ele>195.8</ele><time>2026-09-07T17:05:03Z</time></trkpt>
      <trkpt lat="41.319087" lon="-81.619788"><ele>195.8</ele><time>2026-09-07T17:05:04Z</time></trkpt>
      <trkpt lat="41.319087" lon="-81.619775"><ele>196.3</ele><time>2026-09-07T17:05:06Z</time></trkpt>
      <trkpt lat="41.319085" lon="-81.619767"><ele>196.4</ele><time>2026-09-07T17:05:07Z</time></trkpt>
      <trkpt lat="41.319078" lon="-81.619762"><ele>195.9</ele><time>2026-09-07T17:05:08Z</time></trkpt>
      <trkpt lat="41.319073" lon="-81.619758"><ele>195.8</ele><time>2026-09-07T17:05:09Z</time></trkpt>
      <trkpt lat="41.31907" lon="-81.619757"><ele>195.8</ele><time>2026-09-07T17:05:10Z</time></trkpt>
      <trkpt lat="41.319068" lon="-81.61976"><ele>196.2</ele><time>2026-09-07T17:05:11Z</time></trkpt>
      <trkpt lat="41.319068" lon="-81.61976"><ele>196.5</ele><time>2026-09-07T17:05:12Z</time></trkpt>
      <trkpt lat="41.319065" lon="-81.61976"><ele>196.4</ele><time>2026-09-07T17:05:13Z</time></trkpt>
      <trkpt lat="41.319062" lon="-81.619762"><ele>196.8</ele><time>2026-09-07T17:05:15Z</time></trkpt>
      <trkpt lat="41.31906" lon="-81.61976"><ele>196.7</ele><time>2026-09-07T17:05:16Z</time></trkpt>
      <trkpt lat="41.31906" lon="-81.61976"><ele>196</ele><time>2026-09-07T17:05:17Z</time></trkpt>
      <trkpt lat="41.31906" lon="-81.619758"><ele>196.3</ele><time>2026-09-07T17:05:18Z</time></trkpt>
      <trkpt lat="41.319058" lon="-81.619757"><ele>196.4</ele><time>2026-09-07T17:05:19Z</time></trkpt>
      <trkpt lat="41.319057" lon="-81.61975"><ele>196.3</ele><time>2026-09-07T17:05:21Z</time></trkpt>
      <trkpt lat="41.319053" lon="-81.619737"><ele>196.5</ele><time>2026-09-07T17:05:22Z</time></trkpt>
      <trkpt lat="41.319053" lon="-81.61973"><ele>196.3</ele><time>2026-09-07T17:05:23Z</time></trkpt>
      <trkpt lat="41.319052" lon="-81.619728"><ele>196.5</ele><time>2026-09-07T17:05:24Z</time></trkpt>
      <trkpt lat="41.31905" lon="-81.619728"><ele>196.8</ele><time>2026-09-07T17:05:25Z</time></trkpt>
      <trkpt lat="41.31905" lon="-81.61973"><ele>196.7</ele><time>2026-09-07T17:05:26Z</time></trkpt>
      <trkpt lat="41.319048" lon="-81.619733"><ele>196.7</ele><time>2026-09-07T17:05:27Z</time></trkpt>
      <trkpt lat="41.319048" lon="-81.619737"><ele>196.799</ele><time>2026-09-07T17:05:28Z</time></trkpt>
      <trkpt lat="41.31905" lon="-81.619738"><ele>196.499</ele><time>2026-09-07T17:05:29Z</time></trkpt>
      <trkpt lat="41.31905" lon="-81.619738"><ele>196.499</ele><time>2026-09-07T17:05:30Z</time></trkpt>
      <trkpt lat="41.31905" lon="-81.619738"><ele>196.399</ele><time>2026-09-07T17:05:32Z</time></trkpt>
      <trkpt lat="41.31905" lon="-81.619737"><ele>195.799</ele><time>2026-09-07T17:05:33Z</time></trkpt>
      <trkpt lat="41.319048" lon="-81.619737"><ele>195.8</ele><time>2026-09-07T17:05:34Z</time></trkpt>
      <trkpt lat="41.319047" lon="-81.619737"><ele>196.1</ele><time>2026-09-07T17:05:35Z</time></trkpt>
      <trkpt lat="41.319047" lon="-81.619737"><ele>196.1</ele><time>2026-09-07T17:05:36Z</time></trkpt>
      <trkpt lat="41.319045" lon="-81.619738"><ele>196.5</ele><time>2026-09-07T17:05:37Z</time></trkpt>
      <trkpt lat="41.319045" lon="-81.619738"><ele>196.6</ele><time>2026-09-07T17:05:38Z</time></trkpt>
      <trkpt lat="41.319045" lon="-81.619738"><ele>196.3</ele><time>2026-09-07T17:05:39Z</time></trkpt>
      <trkpt lat="41.319047" lon="-81.619738"><ele>196</ele><time>2026-09-07T17:05:40Z</time></trkpt>
      <trkpt lat="41.319047" lon="-81.619738"><ele>195.6</ele><time>2026-09-07T17:05:41Z</time></trkpt>
      <trkpt lat="41.319047" lon="-81.619737"><ele>196</ele><time>2026-09-07T17:05:42Z</time></trkpt>
      <trkpt lat="41.319047" lon="-81.619737"><ele>196.3</ele><time>2026-09-07T17:05:43Z</time></trkpt>
      <trkpt lat="41.319047" lon="-81.619738"><ele>196.2</ele><time>2026-09-07T17:05:44Z</time></trkpt>
      <trkpt lat="41.319045" lon="-81.61974"><ele>196.4</ele><time>2026-09-07T17:05:45Z</time></trkpt>
      <trkpt lat="41.319047" lon="-81.619742"><ele>196.1</ele><time>2026-09-07T17:05:46Z</time></trkpt>
      <trkpt lat="41.319047" lon="-81.619743"><ele>196.4</ele><time>2026-09-07T17:05:47Z</time></trkpt>
      <trkpt lat="41.319048" lon="-81.619747"><ele>196.4</ele><time>2026-09-07T17:05:48Z</time></trkpt>
      <trkpt lat="41.319048" lon="-81.619748"><ele>196.5</ele><time>2026-09-07T17:05:49Z</time></trkpt>
      <trkpt lat="41.319048" lon="-81.619748"><ele>196.6</ele><time>2026-09-07T17:05:50Z</time></trkpt>
      <trkpt lat="41.319048" lon="-81.619747"><ele>196.5</ele><time>2026-09-07T17:05:51Z</time></trkpt>
      <trkpt lat="41.319048" lon="-81.619747"><ele>196.4</ele><time>2026-09-07T17:05:52Z</time></trkpt>
      <trkpt lat="41.319048" lon="-81.619747"><ele>196.4</ele><time>2026-09-07T17:05:53Z</time></trkpt>
      <trkpt lat="41.319043" lon="-81.619742"><ele>196.5</ele><time>2026-09-07T17:05:54Z</time></trkpt>
      <trkpt lat="41.319042" lon="-81.619742"><ele>196.3</ele><time>2026-09-07T17:05:55Z</time></trkpt>
      <trkpt lat="41.319042" lon="-81.619742"><ele>196.3</ele><time>2026-09-07T17:05:56Z</time></trkpt>
      <trkpt lat="41.319042" lon="-81.619742"><ele>196.5</ele><time>2026-09-07T17:05:57Z</time></trkpt>
      <trkpt lat="41.319042" lon="-81.619743"><ele>196.2</ele><time>2026-09-07T17:05:58Z</time></trkpt>
      <trkpt lat="41.319042" lon="-81.619742"><ele>196.2</ele><time>2026-09-07T17:05:59Z</time></trkpt>
      <trkpt lat="41.319042" lon="-81.619742"><ele>196.1</ele><time>2026-09-07T17:06:00Z</time></trkpt>
      <trkpt lat="41.319042" lon="-81.619742"><ele>196.1</ele><time>2026-09-07T17:06:01Z</time></trkpt>
      <trkpt lat="41.319042" lon="-81.619733"><ele>195.5</ele><time>2026-09-07T17:06:02Z</time></trkpt>
      <trkpt lat="41.31904" lon="-81.61973"><ele>195.5</ele><time>2026-09-07T17:06:03Z</time></trkpt>
      <trkpt lat="41.319042" lon="-81.619728"><ele>195.8</ele><time>2026-09-07T17:06:04Z</time></trkpt>
      <trkpt lat="41.319043" lon="-81.619723"><ele>196</ele><time>2026-09-07T17:06:05Z</time></trkpt>
      <trkpt lat="41.319048" lon="-81.61972"><ele>196.1</ele><time>2026-09-07T17:06:06Z</time></trkpt>
      <trkpt lat="41.319055" lon="-81.619713"><ele>196.9</ele><time>2026-09-07T17:06:08Z</time></trkpt>
      <trkpt lat="41.319057" lon="-81.619707"><ele>196.5</ele><time>2026-09-07T17:06:09Z</time></trkpt>
      <trkpt lat="41.319057" lon="-81.619707"><ele>196.5</ele><time>2026-09-07T17:06:10Z</time></trkpt>
      <trkpt lat="41.319058" lon="-81.619703"><ele>196.3</ele><time>2026-09-07T17:06:11Z</time></trkpt>
      <trkpt lat="41.319062" lon="-81.619698"><ele>196.8</ele><time>2026-09-07T17:06:12Z</time></trkpt>
      <trkpt lat="41.319065" lon="-81.619698"><ele>196.6</ele><time>2026-09-07T17:06:13Z</time></trkpt>
      <trkpt lat="41.319068" lon="-81.6197"><ele>196.8</ele><time>2026-09-07T17:06:14Z</time></trkpt>
      <trkpt lat="41.31907" lon="-81.6197"><ele>196.5</ele><time>2026-09-07T17:06:15Z</time></trkpt>
      <trkpt lat="41.31907" lon="-81.6197"><ele>196.8</ele><time>2026-09-07T17:06:16Z</time></trkpt>
      <trkpt lat="41.319073" lon="-81.619702"><ele>196.9</ele><time>2026-09-07T17:06:17Z</time></trkpt>
      <trkpt lat="41.319075" lon="-81.619702"><ele>196.8</ele><time>2026-09-07T17:06:19Z</time></trkpt>
      <trkpt lat="41.319078" lon="-81.619703"><ele>197.4</ele><time>2026-09-07T17:06:20Z</time></trkpt>
      <trkpt lat="41.31908" lon="-81.619703"><ele>197.4</ele><time>2026-09-07T17:06:21Z</time></trkpt>
      <trkpt lat="41.31908" lon="-81.619703"><ele>196.8</ele><time>2026-09-07T17:06:22Z</time></trkpt>
      <trkpt lat="41.31908" lon="-81.619702"><ele>197.3</ele><time>2026-09-07T17:06:23Z</time></trkpt>
      <trkpt lat="41.319082" lon="-81.619703"><ele>197.7</ele><time>2026-09-07T17:06:24Z</time></trkpt>
      <trkpt lat="41.319085" lon="-81.619702"><ele>197.4</ele><time>2026-09-07T17:06:25Z</time></trkpt>
      <trkpt lat="41.319085" lon="-81.619702"><ele>197.4</ele><time>2026-09-07T17:06:26Z</time></trkpt>
      <trkpt lat="41.319087" lon="-81.619702"><ele>197.6</ele><time>2026-09-07T17:06:27Z</time></trkpt>
      <trkpt lat="41.319088" lon="-81.6197"><ele>197.5</ele><time>2026-09-07T17:06:28Z</time></trkpt>
      <trkpt lat="41.319092" lon="-81.619695"><ele>197.6</ele><time>2026-09-07T17:06:29Z</time></trkpt>
      <trkpt lat="41.319092" lon="-81.619692"><ele>198.2</ele><time>2026-09-07T17:06:30Z</time></trkpt>
      <trkpt lat="41.319097" lon="-81.619683"><ele>197.799</ele><time>2026-09-07T17:06:31Z</time></trkpt>
      <trkpt lat="41.319102" lon="-81.619667"><ele>197.9</ele><time>2026-09-07T17:06:32Z</time></trkpt>
      <trkpt lat="41.319102" lon="-81.619665"><ele>198.1</ele><time>2026-09-07T17:06:33Z</time></trkpt>
      <trkpt lat="41.319102" lon="-81.619657"><ele>198.1</ele><time>2026-09-07T17:06:34Z</time></trkpt>
      <trkpt lat="41.319098" lon="-81.619647"><ele>198</ele><time>2026-09-07T17:06:35Z</time></trkpt>
      <trkpt lat="41.319095" lon="-81.619642"><ele>198.1</ele><time>2026-09-07T17:06:36Z</time></trkpt>
      <trkpt lat="41.31909" lon="-81.619633"><ele>198.299</ele><time>2026-09-07T17:06:37Z</time></trkpt>
      <trkpt lat="41.31909" lon="-81.619627"><ele>198.6</ele><time>2026-09-07T17:06:38Z</time></trkpt>
      <trkpt lat="41.319093" lon="-81.619627"><ele>198.6</ele><time>2026-09-07T17:06:39Z</time></trkpt>
      <trkpt lat="41.319097" lon="-81.619627"><ele>198.7</ele><time>2026-09-07T17:06:40Z</time></trkpt>
      <trkpt lat="41.319093" lon="-81.619618"><ele>199.2</ele><time>2026-09-07T17:06:41Z</time></trkpt>
      <trkpt lat="41.319092" lon="-81.61961"><ele>199.799</ele><time>2026-09-07T17:06:42Z</time></trkpt>
      <trkpt lat="41.319087" lon="-81.619603"><ele>200.899</ele><time>2026-09-07T17:06:43Z</time></trkpt>
      <trkpt lat="41.319075" lon="-81.619595"><ele>200.299</ele><time>2026-09-07T17:06:44Z</time></trkpt>
      <trkpt lat="41.319072" lon="-81.619587"><ele>201.1</ele><time>2026-09-07T17:06:45Z</time></trkpt>
      <trkpt lat="41.31906" lon="-81.619585"><ele>201</ele><time>2026-09-07T17:06:46Z</time></trkpt>
      <trkpt lat="41.319045" lon="-81.619585"><ele>201.6</ele><time>2026-09-07T17:06:47Z</time></trkpt>
      <trkpt lat="41.31903" lon="-81.619588"><ele>201.6</ele><time>2026-09-07T17:06:48Z</time></trkpt>
      <trkpt lat="41.319018" lon="-81.61959"><ele>202.4</ele><time>2026-09-07T17:06:49Z</time></trkpt>
      <trkpt lat="41.319017" lon="-81.619587"><ele>202.2</ele><time>2026-09-07T17:06:50Z</time></trkpt>
      <trkpt lat="41.319015" lon="-81.619585"><ele>201.8</ele><time>2026-09-07T17:06:51Z</time></trkpt>
      <trkpt lat="41.319015" lon="-81.61958"><ele>202.8</ele><time>2026-09-07T17:06:52Z</time></trkpt>
      <trkpt lat="41.319018" lon="-81.61958"><ele>202.2</ele><time>2026-09-07T17:06:53Z</time></trkpt>
      <trkpt lat="41.319018" lon="-81.619583"><ele>202.2</ele><time>2026-09-07T17:06:54Z</time></trkpt>
      <trkpt lat="41.319023" lon="-81.619585"><ele>202.5</ele><time>2026-09-07T17:06:55Z</time></trkpt>
      <trkpt lat="41.319038" lon="-81.61958"><ele>202.6</ele><time>2026-09-07T17:06:56Z</time></trkpt>
      <trkpt lat="41.319045" lon="-81.619573"><ele>202.799</ele><time>2026-09-07T17:06:58Z</time></trkpt>
      <trkpt lat="41.319052" lon="-81.619567"><ele>202.299</ele><time>2026-09-07T17:06:59Z</time></trkpt>
      <trkpt lat="41.319062" lon="-81.619548"><ele>202.4</ele><time>2026-09-07T17:07:01Z</time></trkpt>
      <trkpt lat="41.319062" lon="-81.619548"><ele>202.5</ele><time>2026-09-07T17:07:03Z</time></trkpt>
      <trkpt lat="41.319065" lon="-81.619538"><ele>202.799</ele><time>2026-09-07T17:07:05Z</time></trkpt>
      <trkpt lat="41.319067" lon="-81.619532"><ele>203.1</ele><time>2026-09-07T17:07:06Z</time></trkpt>
      <trkpt lat="41.31907" lon="-81.619527"><ele>204.2</ele><time>2026-09-07T17:07:07Z</time></trkpt>
      <trkpt lat="41.319072" lon="-81.619517"><ele>204.2</ele><time>2026-09-07T17:07:08Z</time></trkpt>
      <trkpt lat="41.319073" lon="-81.619513"><ele>203.899</ele><time>2026-09-07T17:07:09Z</time></trkpt>
      <trkpt lat="41.319073" lon="-81.619512"><ele>204.999</ele><time>2026-09-07T17:07:10Z</time></trkpt>
      <trkpt lat="41.31907" lon="-81.619507"><ele>204.8</ele><time>2026-09-07T17:07:11Z</time></trkpt>
      <trkpt lat="41.31907" lon="-81.619498"><ele>204.9</ele><time>2026-09-07T17:07:12Z</time></trkpt>
      <trkpt lat="41.319062" lon="-81.619502"><ele>205</ele><time>2026-09-07T17:07:14Z</time></trkpt>
      <trkpt lat="41.319065" lon="-81.619517"><ele>205.1</ele><time>2026-09-07T17:07:15Z</time></trkpt>
      <trkpt lat="41.319068" lon="-81.61952"><ele>205.1</ele><time>2026-09-07T17:07:16Z</time></trkpt>
      <trkpt lat="41.319075" lon="-81.619525"><ele>205</ele><time>2026-09-07T17:07:17Z</time></trkpt>
      <trkpt lat="41.319078" lon="-81.619527"><ele>205</ele><time>2026-09-07T17:07:18Z</time></trkpt>
      <trkpt lat="41.31908" lon="-81.619527"><ele>204.5</ele><time>2026-09-07T17:07:19Z</time></trkpt>
      <trkpt lat="41.31908" lon="-81.619528"><ele>204.3</ele><time>2026-09-07T17:07:20Z</time></trkpt>
      <trkpt lat="41.31908" lon="-81.61953"><ele>204.3</ele><time>2026-09-07T17:07:21Z</time></trkpt>
      <trkpt lat="41.31908" lon="-81.619532"><ele>204.6</ele><time>2026-09-07T17:07:22Z</time></trkpt>
      <trkpt lat="41.31908" lon="-81.619535"><ele>204.8</ele><time>2026-09-07T17:07:23Z</time></trkpt>
      <trkpt lat="41.319078" lon="-81.619537"><ele>204.5</ele><time>2026-09-07T17:07:24Z</time></trkpt>
      <trkpt lat="41.31908" lon="-81.619538"><ele>204.5</ele><time>2026-09-07T17:07:25Z</time></trkpt>
      <trkpt lat="41.31908" lon="-81.619538"><ele>204.3</ele><time>2026-09-07T17:07:26Z</time></trkpt>
      <trkpt lat="41.31908" lon="-81.61954"><ele>204.1</ele><time>2026-09-07T17:07:27Z</time></trkpt>
      <trkpt lat="41.31908" lon="-81.61954"><ele>204</ele><time>2026-09-07T17:07:28Z</time></trkpt>
      <trkpt lat="41.319078" lon="-81.619543"><ele>203.9</ele><time>2026-09-07T17:07:29Z</time></trkpt>
      <trkpt lat="41.319077" lon="-81.619545"><ele>203.7</ele><time>2026-09-07T17:07:30Z</time></trkpt>
      <trkpt lat="41.319075" lon="-81.619548"><ele>204</ele><time>2026-09-07T17:07:31Z</time></trkpt>
      <trkpt lat="41.319073" lon="-81.61955"><ele>203.7</ele><time>2026-09-07T17:07:32Z</time></trkpt>
      <trkpt lat="41.319072" lon="-81.61955"><ele>203.8</ele><time>2026-09-07T17:07:33Z</time></trkpt>
      <trkpt lat="41.31907" lon="-81.619553"><ele>203.8</ele><time>2026-09-07T17:07:34Z</time></trkpt>
      <trkpt lat="41.319068" lon="-81.619557"><ele>203.5</ele><time>2026-09-07T17:07:35Z</time></trkpt>
      <trkpt lat="41.319068" lon="-81.619558"><ele>203.5</ele><time>2026-09-07T17:07:36Z</time></trkpt>
      <trkpt lat="41.319067" lon="-81.619562"><ele>203.8</ele><time>2026-09-07T17:07:37Z</time></trkpt>
      <trkpt lat="41.319065" lon="-81.619563"><ele>204.1</ele><time>2026-09-07T17:07:38Z</time></trkpt>
      <trkpt lat="41.319065" lon="-81.619565"><ele>204.2</ele><time>2026-09-07T17:07:39Z</time></trkpt>
      <trkpt lat="41.31906" lon="-81.619567"><ele>204.9</ele><time>2026-09-07T17:07:40Z</time></trkpt>
      <trkpt lat="41.319055" lon="-81.619567"><ele>205</ele><time>2026-09-07T17:07:41Z</time></trkpt>
      <trkpt lat="41.319055" lon="-81.619567"><ele>205.7</ele><time>2026-09-07T17:07:42Z</time></trkpt>
      <trkpt lat="41.319052" lon="-81.619567"><ele>205.7</ele><time>2026-09-07T17:07:43Z</time></trkpt>
      <trkpt lat="41.319052" lon="-81.619567"><ele>205.7</ele><time>2026-09-07T17:07:44Z</time></trkpt>
      <trkpt lat="41.319047" lon="-81.619568"><ele>206.799</ele><time>2026-09-07T17:07:46Z</time></trkpt>
      <trkpt lat="41.319042" lon="-81.619578"><ele>206.799</ele><time>2026-09-07T17:07:47Z</time></trkpt>
      <trkpt lat="41.319038" lon="-81.619582"><ele>206.799</ele><time>2026-09-07T17:07:48Z</time></trkpt>
      <trkpt lat="41.31903" lon="-81.619592"><ele>206.6</ele><time>2026-09-07T17:07:49Z</time></trkpt>
      <trkpt lat="41.31902" lon="-81.619603"><ele>207.1</ele><time>2026-09-07T17:07:50Z</time></trkpt>
      <trkpt lat="41.319005" lon="-81.619623"><ele>207.6</ele><time>2026-09-07T17:07:51Z</time></trkpt>
      <trkpt lat="41.318998" lon="-81.619633"><ele>207.6</ele><time>2026-09-07T17:07:52Z</time></trkpt>
      <trkpt lat="41.318992" lon="-81.619645"><ele>207.6</ele><time>2026-09-07T17:07:53Z</time></trkpt>
      <trkpt lat="41.318988" lon="-81.619662"><ele>209</ele><time>2026-09-07T17:07:54Z</time></trkpt>
      <trkpt lat="41.318982" lon="-81.619673"><ele>209</ele><time>2026-09-07T17:07:55Z</time></trkpt>
      <trkpt lat="41.318975" lon="-81.619692"><ele>208.7</ele><time>2026-09-07T17:07:56Z</time></trkpt>
      <trkpt lat="41.318975" lon="-81.619695"><ele>208.6</ele><time>2026-09-07T17:07:57Z</time></trkpt>
      <trkpt lat="41.318972" lon="-81.619702"><ele>209.5</ele><time>2026-09-07T17:07:58Z</time></trkpt>
      <trkpt lat="41.318968" lon="-81.619707"><ele>209.5</ele><time>2026-09-07T17:07:59Z</time></trkpt>
      <trkpt lat="41.318963" lon="-81.619713"><ele>209.8</ele><time>2026-09-07T17:08:00Z</time></trkpt>
      <trkpt lat="41.318958" lon="-81.619718"><ele>209.8</ele><time>2026-09-07T17:08:01Z</time></trkpt>
      <trkpt lat="41.318952" lon="-81.619728"><ele>209.6</ele><time>2026-09-07T17:08:02Z</time></trkpt>
      <trkpt lat="41.31894" lon="-81.61974"><ele>209.6</ele><time>2026-09-07T17:08:03Z</time></trkpt>
      <trkpt lat="41.318935" lon="-81.619745"><ele>209.299</ele><time>2026-09-07T17:08:04Z</time></trkpt>
      <trkpt lat="41.318932" lon="-81.619747"><ele>209.399</ele><time>2026-09-07T17:08:05Z</time></trkpt>
      <trkpt lat="41.31893" lon="-81.619748"><ele>209.599</ele><time>2026-09-07T17:08:06Z</time></trkpt>
      <trkpt lat="41.318927" lon="-81.619747"><ele>209.999</ele><time>2026-09-07T17:08:07Z</time></trkpt>
      <trkpt lat="41.318923" lon="-81.619743"><ele>209.999</ele><time>2026-09-07T17:08:08Z</time></trkpt>
      <trkpt lat="41.318922" lon="-81.619735"><ele>210.199</ele><time>2026-09-07T17:08:09Z</time></trkpt>
      <trkpt lat="41.318918" lon="-81.61973"><ele>209.6</ele><time>2026-09-07T17:08:10Z</time></trkpt>
      <trkpt lat="41.318905" lon="-81.619725"><ele>209.6</ele><time>2026-09-07T17:08:11Z</time></trkpt>
      <trkpt lat="41.3189" lon="-81.619718"><ele>210.299</ele><time>2026-09-07T17:08:12Z</time></trkpt>
      <trkpt lat="41.318898" lon="-81.619713"><ele>210.1</ele><time>2026-09-07T17:08:13Z</time></trkpt>
      <trkpt lat="41.318897" lon="-81.619707"><ele>210.299</ele><time>2026-09-07T17:08:14Z</time></trkpt>
      <trkpt lat="41.318895" lon="-81.619695"><ele>210.299</ele><time>2026-09-07T17:08:15Z</time></trkpt>
      <trkpt lat="41.318897" lon="-81.619687"><ele>211.1</ele><time>2026-09-07T17:08:16Z</time></trkpt>
      <trkpt lat="41.318905" lon="-81.619682"><ele>211.1</ele><time>2026-09-07T17:08:17Z</time></trkpt>
      <trkpt lat="41.318912" lon="-81.61968"><ele>210.9</ele><time>2026-09-07T17:08:18Z</time></trkpt>
      <trkpt lat="41.318917" lon="-81.619677"><ele>210.9</ele><time>2026-09-07T17:08:19Z</time></trkpt>
      <trkpt lat="41.318922" lon="-81.61967"><ele>210.6</ele><time>2026-09-07T17:08:20Z</time></trkpt>
      <trkpt lat="41.318922" lon="-81.619668"><ele>211.6</ele><time>2026-09-07T17:08:21Z</time></trkpt>
      <trkpt lat="41.318925" lon="-81.61966"><ele>211.1</ele><time>2026-09-07T17:08:22Z</time></trkpt>
      <trkpt lat="41.318928" lon="-81.619653"><ele>211.1</ele><time>2026-09-07T17:08:23Z</time></trkpt>
      <trkpt lat="41.318932" lon="-81.619638"><ele>211.1</ele><time>2026-09-07T17:08:24Z</time></trkpt>
      <trkpt lat="41.318935" lon="-81.619625"><ele>210.799</ele><time>2026-09-07T17:08:25Z</time></trkpt>
      <trkpt lat="41.318937" lon="-81.619613"><ele>210.799</ele><time>2026-09-07T17:08:26Z</time></trkpt>
      <trkpt lat="41.318937" lon="-81.619595"><ele>211.499</ele><time>2026-09-07T17:08:27Z</time></trkpt>
      <trkpt lat="41.318937" lon="-81.619577"><ele>211.499</ele><time>2026-09-07T17:08:28Z</time></trkpt>
      <trkpt lat="41.318935" lon="-81.61957"><ele>211.299</ele><time>2026-09-07T17:08:29Z</time></trkpt>
      <trkpt lat="41.318925" lon="-81.61956"><ele>211.7</ele><time>2026-09-07T17:08:30Z</time></trkpt>
      <trkpt lat="41.318922" lon="-81.61956"><ele>212</ele><time>2026-09-07T17:08:31Z</time></trkpt>
      <trkpt lat="41.318915" lon="-81.619562"><ele>212.1</ele><time>2026-09-07T17:08:32Z</time></trkpt>
      <trkpt lat="41.31891" lon="-81.619558"><ele>212.1</ele><time>2026-09-07T17:08:33Z</time></trkpt>
      <trkpt lat="41.318898" lon="-81.619553"><ele>212.2</ele><time>2026-09-07T17:08:34Z</time></trkpt>
      <trkpt lat="41.318895" lon="-81.61955"><ele>212.799</ele><time>2026-09-07T17:08:35Z</time></trkpt>
      <trkpt lat="41.318888" lon="-81.619545"><ele>212.799</ele><time>2026-09-07T17:08:36Z</time></trkpt>
      <trkpt lat="41.318887" lon="-81.619535"><ele>213.1</ele><time>2026-09-07T17:08:37Z</time></trkpt>
      <trkpt lat="41.318888" lon="-81.619527"><ele>213.1</ele><time>2026-09-07T17:08:38Z</time></trkpt>
      <trkpt lat="41.31889" lon="-81.619512"><ele>213.299</ele><time>2026-09-07T17:08:39Z</time></trkpt>
      <trkpt lat="41.31889" lon="-81.619502"><ele>213.1</ele><time>2026-09-07T17:08:40Z</time></trkpt>
      <trkpt lat="41.31889" lon="-81.61948"><ele>213.299</ele><time>2026-09-07T17:08:41Z</time></trkpt>
      <trkpt lat="41.31889" lon="-81.619472"><ele>213.299</ele><time>2026-09-07T17:08:42Z</time></trkpt>
      <trkpt lat="41.31889" lon="-81.61946"><ele>213.8</ele><time>2026-09-07T17:08:43Z</time></trkpt>
      <trkpt lat="41.318892" lon="-81.619452"><ele>213.8</ele><time>2026-09-07T17:08:44Z</time></trkpt>
      <trkpt lat="41.318893" lon="-81.619443"><ele>213.5</ele><time>2026-09-07T17:08:45Z</time></trkpt>
      <trkpt lat="41.318893" lon="-81.61943"><ele>212.8</ele><time>2026-09-07T17:08:46Z</time></trkpt>
      <trkpt lat="41.318892" lon="-81.619418"><ele>213.5</ele><time>2026-09-07T17:08:47Z</time></trkpt>
      <trkpt lat="41.31889" lon="-81.619407"><ele>213.5</ele><time>2026-09-07T17:08:48Z</time></trkpt>
      <trkpt lat="41.318888" lon="-81.619393"><ele>213</ele><time>2026-09-07T17:08:49Z</time></trkpt>
      <trkpt lat="41.318882" lon="-81.619387"><ele>214.4</ele><time>2026-09-07T17:08:50Z</time></trkpt>
      <trkpt lat="41.318868" lon="-81.619382"><ele>212.6</ele><time>2026-09-07T17:08:52Z</time></trkpt>
      <trkpt lat="41.318862" lon="-81.619375"><ele>213.2</ele><time>2026-09-07T17:08:53Z</time></trkpt>
      <trkpt lat="41.318857" lon="-81.619368"><ele>213.299</ele><time>2026-09-07T17:08:54Z</time></trkpt>
      <trkpt lat="41.31885" lon="-81.619363"><ele>213.299</ele><time>2026-09-07T17:08:55Z</time></trkpt>
      <trkpt lat="41.318843" lon="-81.619342"><ele>213.1</ele><time>2026-09-07T17:08:56Z</time></trkpt>
      <trkpt lat="41.318845" lon="-81.61933"><ele>212.799</ele><time>2026-09-07T17:08:57Z</time></trkpt>
      <trkpt lat="41.318843" lon="-81.61931"><ele>212.499</ele><time>2026-09-07T17:08:58Z</time></trkpt>
      <trkpt lat="41.31884" lon="-81.619292"><ele>212.899</ele><time>2026-09-07T17:09:00Z</time></trkpt>
      <trkpt lat="41.31884" lon="-81.619282"><ele>212.899</ele><time>2026-09-07T17:09:01Z</time></trkpt>
      <trkpt lat="41.318842" lon="-81.619272"><ele>212.799</ele><time>2026-09-07T17:09:02Z</time></trkpt>
      <trkpt lat="41.318845" lon="-81.619258"><ele>213.1</ele><time>2026-09-07T17:09:03Z</time></trkpt>
      <trkpt lat="41.318848" lon="-81.619245"><ele>213.299</ele><time>2026-09-07T17:09:04Z</time></trkpt>
      <trkpt lat="41.318852" lon="-81.619235"><ele>213.3</ele><time>2026-09-07T17:09:05Z</time></trkpt>
      <trkpt lat="41.318853" lon="-81.619227"><ele>213.4</ele><time>2026-09-07T17:09:06Z</time></trkpt>
      <trkpt lat="41.31886" lon="-81.619213"><ele>213.8</ele><time>2026-09-07T17:09:08Z</time></trkpt>
      <trkpt lat="41.318863" lon="-81.61921"><ele>213.8</ele><time>2026-09-07T17:09:09Z</time></trkpt>
      <trkpt lat="41.318865" lon="-81.619207"><ele>213.8</ele><time>2026-09-07T17:09:10Z</time></trkpt>
      <trkpt lat="41.318867" lon="-81.619205"><ele>214</ele><time>2026-09-07T17:09:11Z</time></trkpt>
      <trkpt lat="41.318868" lon="-81.619202"><ele>214</ele><time>2026-09-07T17:09:12Z</time></trkpt>
      <trkpt lat="41.318868" lon="-81.619198"><ele>214</ele><time>2026-09-07T17:09:13Z</time></trkpt>
      <trkpt lat="41.318863" lon="-81.619195"><ele>214</ele><time>2026-09-07T17:09:14Z</time></trkpt>
      <trkpt lat="41.318862" lon="-81.619188"><ele>213.5</ele><time>2026-09-07T17:09:15Z</time></trkpt>
      <trkpt lat="41.31886" lon="-81.619182"><ele>213.6</ele><time>2026-09-07T17:09:16Z</time></trkpt>
      <trkpt lat="41.318858" lon="-81.619172"><ele>213.6</ele><time>2026-09-07T17:09:17Z</time></trkpt>
      <trkpt lat="41.318857" lon="-81.619167"><ele>213.6</ele><time>2026-09-07T17:09:18Z</time></trkpt>
      <trkpt lat="41.318853" lon="-81.619157"><ele>213.9</ele><time>2026-09-07T17:09:19Z</time></trkpt>
      <trkpt lat="41.318852" lon="-81.61915"><ele>214.1</ele><time>2026-09-07T17:09:20Z</time></trkpt>
      <trkpt lat="41.318852" lon="-81.619143"><ele>214.2</ele><time>2026-09-07T17:09:21Z</time></trkpt>
      <trkpt lat="41.318852" lon="-81.619128"><ele>214.3</ele><time>2026-09-07T17:09:22Z</time></trkpt>
      <trkpt lat="41.318853" lon="-81.619125"><ele>214.1</ele><time>2026-09-07T17:09:23Z</time></trkpt>
      <trkpt lat="41.318857" lon="-81.619115"><ele>214.3</ele><time>2026-09-07T17:09:24Z</time></trkpt>
      <trkpt lat="41.318863" lon="-81.619102"><ele>213.7</ele><time>2026-09-07T17:09:26Z</time></trkpt>
      <trkpt lat="41.31887" lon="-81.619093"><ele>213.6</ele><time>2026-09-07T17:09:27Z</time></trkpt>
      <trkpt lat="41.318873" lon="-81.619085"><ele>213.5</ele><time>2026-09-07T17:09:28Z</time></trkpt>
      <trkpt lat="41.318875" lon="-81.619073"><ele>213.5</ele><time>2026-09-07T17:09:30Z</time></trkpt>
      <trkpt lat="41.31888" lon="-81.619057"><ele>214.1</ele><time>2026-09-07T17:09:31Z</time></trkpt>
      <trkpt lat="41.318883" lon="-81.619047"><ele>213.8</ele><time>2026-09-07T17:09:32Z</time></trkpt>
      <trkpt lat="41.318885" lon="-81.619037"><ele>213.6</ele><time>2026-09-07T17:09:33Z</time></trkpt>
      <trkpt lat="41.31889" lon="-81.619018"><ele>213.7</ele><time>2026-09-07T17:09:35Z</time></trkpt>
      <trkpt lat="41.318892" lon="-81.619007"><ele>213.9</ele><time>2026-09-07T17:09:36Z</time></trkpt>
      <trkpt lat="41.318892" lon="-81.618998"><ele>213.4</ele><time>2026-09-07T17:09:37Z</time></trkpt>
      <trkpt lat="41.318893" lon="-81.618995"><ele>213.4</ele><time>2026-09-07T17:09:38Z</time></trkpt>
      <trkpt lat="41.31889" lon="-81.618988"><ele>213.9</ele><time>2026-09-07T17:09:39Z</time></trkpt>
      <trkpt lat="41.31889" lon="-81.618985"><ele>213.8</ele><time>2026-09-07T17:09:40Z</time></trkpt>
      <trkpt lat="41.31889" lon="-81.618982"><ele>214.3</ele><time>2026-09-07T17:09:41Z</time></trkpt>
      <trkpt lat="41.31889" lon="-81.61898"><ele>214.3</ele><time>2026-09-07T17:09:42Z</time></trkpt>
      <trkpt lat="41.31889" lon="-81.618968"><ele>214.5</ele><time>2026-09-07T17:09:43Z</time></trkpt>
      <trkpt lat="41.31889" lon="-81.61896"><ele>214.5</ele><time>2026-09-07T17:09:44Z</time></trkpt>
      <trkpt lat="41.318892" lon="-81.618952"><ele>214.6</ele><time>2026-09-07T17:09:45Z</time></trkpt>
      <trkpt lat="41.318892" lon="-81.618947"><ele>214.299</ele><time>2026-09-07T17:09:47Z</time></trkpt>
      <trkpt lat="41.31889" lon="-81.618942"><ele>214.299</ele><time>2026-09-07T17:09:48Z</time></trkpt>
      <trkpt lat="41.318892" lon="-81.618938"><ele>214.3</ele><time>2026-09-07T17:09:49Z</time></trkpt>
      <trkpt lat="41.318892" lon="-81.618937"><ele>214.3</ele><time>2026-09-07T17:09:50Z</time></trkpt>
      <trkpt lat="41.318895" lon="-81.618932"><ele>214.2</ele><time>2026-09-07T17:09:51Z</time></trkpt>
      <trkpt lat="41.318898" lon="-81.618927"><ele>214.4</ele><time>2026-09-07T17:09:52Z</time></trkpt>
      <trkpt lat="41.3189" lon="-81.618923"><ele>214.5</ele><time>2026-09-07T17:09:53Z</time></trkpt>
      <trkpt lat="41.318903" lon="-81.618918"><ele>214.2</ele><time>2026-09-07T17:09:54Z</time></trkpt>
      <trkpt lat="41.318907" lon="-81.618913"><ele>214.2</ele><time>2026-09-07T17:09:55Z</time></trkpt>
      <trkpt lat="41.31891" lon="-81.618903"><ele>214.399</ele><time>2026-09-07T17:09:56Z</time></trkpt>
      <trkpt lat="41.318913" lon="-81.618892"><ele>214.1</ele><time>2026-09-07T17:09:57Z</time></trkpt>
      <trkpt lat="41.318917" lon="-81.618883"><ele>214.299</ele><time>2026-09-07T17:09:58Z</time></trkpt>
      <trkpt lat="41.318922" lon="-81.618872"><ele>214.1</ele><time>2026-09-07T17:09:59Z</time></trkpt>
      <trkpt lat="41.318923" lon="-81.618867"><ele>214.1</ele><time>2026-09-07T17:10:00Z</time></trkpt>
      <trkpt lat="41.318927" lon="-81.618862"><ele>213.799</ele><time>2026-09-07T17:10:01Z</time></trkpt>
      <trkpt lat="41.31893" lon="-81.618855"><ele>213.499</ele><time>2026-09-07T17:10:02Z</time></trkpt>
      <trkpt lat="41.318932" lon="-81.618848"><ele>213.499</ele><time>2026-09-07T17:10:03Z</time></trkpt>
      <trkpt lat="41.318932" lon="-81.618843"><ele>213.399</ele><time>2026-09-07T17:10:04Z</time></trkpt>
      <trkpt lat="41.318932" lon="-81.618838"><ele>213.3</ele><time>2026-09-07T17:10:05Z</time></trkpt>
      <trkpt lat="41.318935" lon="-81.61883"><ele>213.2</ele><time>2026-09-07T17:10:06Z</time></trkpt>
      <trkpt lat="41.318937" lon="-81.61882"><ele>213.3</ele><time>2026-09-07T17:10:07Z</time></trkpt>
      <trkpt lat="41.31894" lon="-81.618812"><ele>213.2</ele><time>2026-09-07T17:10:08Z</time></trkpt>
      <trkpt lat="41.318942" lon="-81.618802"><ele>213.3</ele><time>2026-09-07T17:10:09Z</time></trkpt>
      <trkpt lat="41.318945" lon="-81.618793"><ele>213.2</ele><time>2026-09-07T17:10:10Z</time></trkpt>
      <trkpt lat="41.31895" lon="-81.618783"><ele>213.3</ele><time>2026-09-07T17:10:11Z</time></trkpt>
      <trkpt lat="41.318953" lon="-81.618778"><ele>213.3</ele><time>2026-09-07T17:10:12Z</time></trkpt>
      <trkpt lat="41.318957" lon="-81.618765"><ele>213.6</ele><time>2026-09-07T17:10:13Z</time></trkpt>
      <trkpt lat="41.31896" lon="-81.618752"><ele>213.3</ele><time>2026-09-07T17:10:14Z</time></trkpt>
      <trkpt lat="41.318963" lon="-81.61874"><ele>213.2</ele><time>2026-09-07T17:10:15Z</time></trkpt>
      <trkpt lat="41.31897" lon="-81.618715"><ele>213.6</ele><time>2026-09-07T17:10:17Z</time></trkpt>
      <trkpt lat="41.318973" lon="-81.6187"><ele>213.7</ele><time>2026-09-07T17:10:18Z</time></trkpt>
      <trkpt lat="41.318977" lon="-81.618695"><ele>213.4</ele><time>2026-09-07T17:10:19Z</time></trkpt>
      <trkpt lat="41.318978" lon="-81.618688"><ele>214.1</ele><time>2026-09-07T17:10:20Z</time></trkpt>
      <trkpt lat="41.318983" lon="-81.618682"><ele>213.799</ele><time>2026-09-07T17:10:21Z</time></trkpt>
      <trkpt lat="41.318987" lon="-81.618675"><ele>213.6</ele><time>2026-09-07T17:10:22Z</time></trkpt>
      <trkpt lat="41.318987" lon="-81.618668"><ele>213.5</ele><time>2026-09-07T17:10:23Z</time></trkpt>
      <trkpt lat="41.31899" lon="-81.618663"><ele>213.3</ele><time>2026-09-07T17:10:24Z</time></trkpt>
      <trkpt lat="41.31899" lon="-81.618658"><ele>213.5</ele><time>2026-09-07T17:10:26Z</time></trkpt>
      <trkpt lat="41.318992" lon="-81.618655"><ele>213</ele><time>2026-09-07T17:10:27Z</time></trkpt>
      <trkpt lat="41.318992" lon="-81.618655"><ele>212.9</ele><time>2026-09-07T17:10:28Z</time></trkpt>
      <trkpt lat="41.31899" lon="-81.618658"><ele>213</ele><time>2026-09-07T17:10:29Z</time></trkpt>
      <trkpt lat="41.31899" lon="-81.618658"><ele>213.1</ele><time>2026-09-07T17:10:30Z</time></trkpt>
      <trkpt lat="41.31899" lon="-81.618657"><ele>213.1</ele><time>2026-09-07T17:10:31Z</time></trkpt>
      <trkpt lat="41.318992" lon="-81.618653"><ele>213.2</ele><time>2026-09-07T17:10:32Z</time></trkpt>
      <trkpt lat="41.318993" lon="-81.61865"><ele>213.299</ele><time>2026-09-07T17:10:33Z</time></trkpt>
      <trkpt lat="41.318995" lon="-81.618648"><ele>213.299</ele><time>2026-09-07T17:10:34Z</time></trkpt>
      <trkpt lat="41.319" lon="-81.618638"><ele>213.499</ele><time>2026-09-07T17:10:35Z</time></trkpt>
      <trkpt lat="41.319002" lon="-81.618632"><ele>213.499</ele><time>2026-09-07T17:10:36Z</time></trkpt>
      <trkpt lat="41.319003" lon="-81.618625"><ele>213.299</ele><time>2026-09-07T17:10:37Z</time></trkpt>
      <trkpt lat="41.319005" lon="-81.618618"><ele>213.499</ele><time>2026-09-07T17:10:38Z</time></trkpt>
      <trkpt lat="41.319007" lon="-81.618613"><ele>213.699</ele><time>2026-09-07T17:10:39Z</time></trkpt>
      <trkpt lat="41.319008" lon="-81.61861"><ele>214.1</ele><time>2026-09-07T17:10:40Z</time></trkpt>
      <trkpt lat="41.319008" lon="-81.618605"><ele>214</ele><time>2026-09-07T17:10:41Z</time></trkpt>
      <trkpt lat="41.31901" lon="-81.618602"><ele>214.1</ele><time>2026-09-07T17:10:42Z</time></trkpt>
      <trkpt lat="41.31901" lon="-81.618598"><ele>214</ele><time>2026-09-07T17:10:43Z</time></trkpt>
      <trkpt lat="41.31901" lon="-81.618598"><ele>214</ele><time>2026-09-07T17:10:44Z</time></trkpt>
      <trkpt lat="41.31901" lon="-81.618595"><ele>214.2</ele><time>2026-09-07T17:10:45Z</time></trkpt>
      <trkpt lat="41.319012" lon="-81.618587"><ele>214.2</ele><time>2026-09-07T17:10:46Z</time></trkpt>
      <trkpt lat="41.319012" lon="-81.618585"><ele>214.299</ele><time>2026-09-07T17:10:47Z</time></trkpt>
      <trkpt lat="41.319012" lon="-81.618583"><ele>214.299</ele><time>2026-09-07T17:10:48Z</time></trkpt>
      <trkpt lat="41.31901" lon="-81.61858"><ele>214.2</ele><time>2026-09-07T17:10:49Z</time></trkpt>
      <trkpt lat="41.31901" lon="-81.618578"><ele>214.2</ele><time>2026-09-07T17:10:50Z</time></trkpt>
      <trkpt lat="41.319012" lon="-81.618577"><ele>214.299</ele><time>2026-09-07T17:10:51Z</time></trkpt>
      <trkpt lat="41.319012" lon="-81.618575"><ele>214.2</ele><time>2026-09-07T17:10:52Z</time></trkpt>
      <trkpt lat="41.319012" lon="-81.618572"><ele>214.2</ele><time>2026-09-07T17:10:53Z</time></trkpt>
      <trkpt lat="41.319013" lon="-81.61857"><ele>214.2</ele><time>2026-09-07T17:10:54Z</time></trkpt>
      <trkpt lat="41.319013" lon="-81.618567"><ele>214.1</ele><time>2026-09-07T17:10:55Z</time></trkpt>
      <trkpt lat="41.319013" lon="-81.618565"><ele>214.1</ele><time>2026-09-07T17:10:56Z</time></trkpt>
      <trkpt lat="41.319015" lon="-81.618557"><ele>213.5</ele><time>2026-09-07T17:10:57Z</time></trkpt>
      <trkpt lat="41.319015" lon="-81.618553"><ele>213.5</ele><time>2026-09-07T17:10:58Z</time></trkpt>
      <trkpt lat="41.319015" lon="-81.618552"><ele>213.6</ele><time>2026-09-07T17:10:59Z</time></trkpt>
      <trkpt lat="41.319015" lon="-81.61855"><ele>213.6</ele><time>2026-09-07T17:11:00Z</time></trkpt>
      <trkpt lat="41.319015" lon="-81.618548"><ele>213.7</ele><time>2026-09-07T17:11:01Z</time></trkpt>
      <trkpt lat="41.319013" lon="-81.618545"><ele>213.799</ele><time>2026-09-07T17:11:02Z</time></trkpt>
      <trkpt lat="41.319013" lon="-81.618543"><ele>214.2</ele><time>2026-09-07T17:11:03Z</time></trkpt>
      <trkpt lat="41.319013" lon="-81.618543"><ele>214.2</ele><time>2026-09-07T17:11:04Z</time></trkpt>
      <trkpt lat="41.319012" lon="-81.618542"><ele>213.799</ele><time>2026-09-07T17:11:05Z</time></trkpt>
      <trkpt lat="41.31901" lon="-81.618538"><ele>213.7</ele><time>2026-09-07T17:11:06Z</time></trkpt>
      <trkpt lat="41.319008" lon="-81.618537"><ele>214.1</ele><time>2026-09-07T17:11:08Z</time></trkpt>
      <trkpt lat="41.319008" lon="-81.618532"><ele>214.1</ele><time>2026-09-07T17:11:09Z</time></trkpt>
      <trkpt lat="41.318997" lon="-81.618512"><ele>214.5</ele><time>2026-09-07T17:11:10Z</time></trkpt>
      <trkpt lat="41.318993" lon="-81.618505"><ele>214.5</ele><time>2026-09-07T17:11:11Z</time></trkpt>
      <trkpt lat="41.318982" lon="-81.618477"><ele>214.4</ele><time>2026-09-07T17:11:12Z</time></trkpt>
      <trkpt lat="41.318982" lon="-81.618468"><ele>214.5</ele><time>2026-09-07T17:11:13Z</time></trkpt>
      <trkpt lat="41.318983" lon="-81.618457"><ele>214.6</ele><time>2026-09-07T17:11:14Z</time></trkpt>
      <trkpt lat="41.318987" lon="-81.618447"><ele>214.799</ele><time>2026-09-07T17:11:15Z</time></trkpt>
      <trkpt lat="41.318987" lon="-81.618438"><ele>214.799</ele><time>2026-09-07T17:11:16Z</time></trkpt>
      <trkpt lat="41.318987" lon="-81.618428"><ele>214.899</ele><time>2026-09-07T17:11:17Z</time></trkpt>
      <trkpt lat="41.318988" lon="-81.618415"><ele>214.7</ele><time>2026-09-07T17:11:18Z</time></trkpt>
      <trkpt lat="41.318993" lon="-81.618397"><ele>214.799</ele><time>2026-09-07T17:11:19Z</time></trkpt>
      <trkpt lat="41.318995" lon="-81.618387"><ele>214.799</ele><time>2026-09-07T17:11:20Z</time></trkpt>
      <trkpt lat="41.319" lon="-81.618372"><ele>215</ele><time>2026-09-07T17:11:21Z</time></trkpt>
      <trkpt lat="41.319002" lon="-81.618355"><ele>215</ele><time>2026-09-07T17:11:22Z</time></trkpt>
      <trkpt lat="41.319003" lon="-81.61835"><ele>215.3</ele><time>2026-09-07T17:11:23Z</time></trkpt>
      <trkpt lat="41.319008" lon="-81.618337"><ele>215</ele><time>2026-09-07T17:11:24Z</time></trkpt>
      <trkpt lat="41.319015" lon="-81.618323"><ele>215.1</ele><time>2026-09-07T17:11:25Z</time></trkpt>
      <trkpt lat="41.319017" lon="-81.618315"><ele>214.1</ele><time>2026-09-07T17:11:26Z</time></trkpt>
      <trkpt lat="41.319027" lon="-81.618305"><ele>214.4</ele><time>2026-09-07T17:11:27Z</time></trkpt>
      <trkpt lat="41.319032" lon="-81.618295"><ele>214.5</ele><time>2026-09-07T17:11:28Z</time></trkpt>
      <trkpt lat="41.319032" lon="-81.618288"><ele>214.5</ele><time>2026-09-07T17:11:29Z</time></trkpt>
      <trkpt lat="41.319032" lon="-81.618275"><ele>214.6</ele><time>2026-09-07T17:11:30Z</time></trkpt>
      <trkpt lat="41.319032" lon="-81.618263"><ele>214.9</ele><time>2026-09-07T17:11:31Z</time></trkpt>
      <trkpt lat="41.319032" lon="-81.618253"><ele>215.3</ele><time>2026-09-07T17:11:32Z</time></trkpt>
      <trkpt lat="41.319033" lon="-81.618248"><ele>215.3</ele><time>2026-09-07T17:11:33Z</time></trkpt>
      <trkpt lat="41.319037" lon="-81.618245"><ele>215.5</ele><time>2026-09-07T17:11:34Z</time></trkpt>
      <trkpt lat="41.319038" lon="-81.618238"><ele>215.6</ele><time>2026-09-07T17:11:35Z</time></trkpt>
      <trkpt lat="41.319037" lon="-81.618232"><ele>215.299</ele><time>2026-09-07T17:11:36Z</time></trkpt>
      <trkpt lat="41.319038" lon="-81.618227"><ele>215.299</ele><time>2026-09-07T17:11:37Z</time></trkpt>
      <trkpt lat="41.319045" lon="-81.61822"><ele>215.599</ele><time>2026-09-07T17:11:38Z</time></trkpt>
      <trkpt lat="41.319043" lon="-81.618217"><ele>215.7</ele><time>2026-09-07T17:11:39Z</time></trkpt>
      <trkpt lat="41.319033" lon="-81.618203"><ele>215.6</ele><time>2026-09-07T17:11:40Z</time></trkpt>
      <trkpt lat="41.319032" lon="-81.618193"><ele>215.6</ele><time>2026-09-07T17:11:41Z</time></trkpt>
      <trkpt lat="41.319018" lon="-81.61818"><ele>215.5</ele><time>2026-09-07T17:11:42Z</time></trkpt>
      <trkpt lat="41.319013" lon="-81.618168"><ele>215.6</ele><time>2026-09-07T17:11:43Z</time></trkpt>
      <trkpt lat="41.319007" lon="-81.618148"><ele>216.2</ele><time>2026-09-07T17:11:44Z</time></trkpt>
      <trkpt lat="41.319002" lon="-81.618147"><ele>216.299</ele><time>2026-09-07T17:11:45Z</time></trkpt>
      <trkpt lat="41.318998" lon="-81.618135"><ele>216.299</ele><time>2026-09-07T17:11:46Z</time></trkpt>
      <trkpt lat="41.318993" lon="-81.618125"><ele>217.599</ele><time>2026-09-07T17:11:47Z</time></trkpt>
      <trkpt lat="41.31899" lon="-81.618115"><ele>217.099</ele><time>2026-09-07T17:11:48Z</time></trkpt>
      <trkpt lat="41.318988" lon="-81.618108"><ele>217.099</ele><time>2026-09-07T17:11:49Z</time></trkpt>
      <trkpt lat="41.318983" lon="-81.618093"><ele>217.2</ele><time>2026-09-07T17:11:50Z</time></trkpt>
      <trkpt lat="41.31898" lon="-81.618087"><ele>217.2</ele><time>2026-09-07T17:11:51Z</time></trkpt>
      <trkpt lat="41.318977" lon="-81.618067"><ele>217</ele><time>2026-09-07T17:11:52Z</time></trkpt>
      <trkpt lat="41.318983" lon="-81.61806"><ele>217</ele><time>2026-09-07T17:11:54Z</time></trkpt>
      <trkpt lat="41.318983" lon="-81.618068"><ele>216.2</ele><time>2026-09-07T17:11:55Z</time></trkpt>
      <trkpt lat="41.318982" lon="-81.618073"><ele>216.1</ele><time>2026-09-07T17:11:56Z</time></trkpt>
      <trkpt lat="41.318978" lon="-81.618073"><ele>215.799</ele><time>2026-09-07T17:11:57Z</time></trkpt>
      <trkpt lat="41.318975" lon="-81.618072"><ele>215.1</ele><time>2026-09-07T17:11:58Z</time></trkpt>
      <trkpt lat="41.318973" lon="-81.618068"><ele>215.1</ele><time>2026-09-07T17:11:59Z</time></trkpt>
      <trkpt lat="41.318973" lon="-81.618068"><ele>215.1</ele><time>2026-09-07T17:12:00Z</time></trkpt>
      <trkpt lat="41.318973" lon="-81.618062"><ele>215.8</ele><time>2026-09-07T17:12:01Z</time></trkpt>
      <trkpt lat="41.318975" lon="-81.618058"><ele>215.8</ele><time>2026-09-07T17:12:02Z</time></trkpt>
      <trkpt lat="41.318978" lon="-81.61805"><ele>215.6</ele><time>2026-09-07T17:12:03Z</time></trkpt>
      <trkpt lat="41.318987" lon="-81.618042"><ele>215.7</ele><time>2026-09-07T17:12:04Z</time></trkpt>
      <trkpt lat="41.31899" lon="-81.618032"><ele>215.7</ele><time>2026-09-07T17:12:05Z</time></trkpt>
      <trkpt lat="41.318993" lon="-81.618027"><ele>215.7</ele><time>2026-09-07T17:12:06Z</time></trkpt>
      <trkpt lat="41.318998" lon="-81.618015"><ele>215.799</ele><time>2026-09-07T17:12:07Z</time></trkpt>
      <trkpt lat="41.319003" lon="-81.617982"><ele>216.5</ele><time>2026-09-07T17:12:08Z</time></trkpt>
      <trkpt lat="41.319003" lon="-81.617977"><ele>216.6</ele><time>2026-09-07T17:12:09Z</time></trkpt>
      <trkpt lat="41.319005" lon="-81.617955"><ele>217.1</ele><time>2026-09-07T17:12:10Z</time></trkpt>
      <trkpt lat="41.319005" lon="-81.617947"><ele>217.1</ele><time>2026-09-07T17:12:11Z</time></trkpt>
      <trkpt lat="41.319007" lon="-81.617935"><ele>217.1</ele><time>2026-09-07T17:12:12Z</time></trkpt>
      <trkpt lat="41.31901" lon="-81.617925"><ele>217.1</ele><time>2026-09-07T17:12:13Z</time></trkpt>
      <trkpt lat="41.319012" lon="-81.617912"><ele>217.1</ele><time>2026-09-07T17:12:14Z</time></trkpt>
      <trkpt lat="41.319017" lon="-81.6179"><ele>217</ele><time>2026-09-07T17:12:15Z</time></trkpt>
      <trkpt lat="41.319023" lon="-81.61788"><ele>217.5</ele><time>2026-09-07T17:12:16Z</time></trkpt>
      <trkpt lat="41.319025" lon="-81.617875"><ele>217.1</ele><time>2026-09-07T17:12:17Z</time></trkpt>
      <trkpt lat="41.319032" lon="-81.617853"><ele>216.799</ele><time>2026-09-07T17:12:19Z</time></trkpt>
      <trkpt lat="41.319035" lon="-81.617842"><ele>216.999</ele><time>2026-09-07T17:12:20Z</time></trkpt>
      <trkpt lat="41.319038" lon="-81.617832"><ele>217.099</ele><time>2026-09-07T17:12:21Z</time></trkpt>
      <trkpt lat="41.319042" lon="-81.617812"><ele>217.2</ele><time>2026-09-07T17:12:22Z</time></trkpt>
      <trkpt lat="41.319043" lon="-81.6178"><ele>217</ele><time>2026-09-07T17:12:23Z</time></trkpt>
      <trkpt lat="41.319043" lon="-81.617795"><ele>216.9</ele><time>2026-09-07T17:12:24Z</time></trkpt>
      <trkpt lat="41.319047" lon="-81.61778"><ele>216.9</ele><time>2026-09-07T17:12:25Z</time></trkpt>
      <trkpt lat="41.319047" lon="-81.617773"><ele>216</ele><time>2026-09-07T17:12:26Z</time></trkpt>
      <trkpt lat="41.319048" lon="-81.61776"><ele>216.1</ele><time>2026-09-07T17:12:27Z</time></trkpt>
      <trkpt lat="41.319055" lon="-81.617742"><ele>216.1</ele><time>2026-09-07T17:12:28Z</time></trkpt>
      <trkpt lat="41.319057" lon="-81.617737"><ele>216.2</ele><time>2026-09-07T17:12:29Z</time></trkpt>
      <trkpt lat="41.319062" lon="-81.617728"><ele>216.399</ele><time>2026-09-07T17:12:30Z</time></trkpt>
      <trkpt lat="41.319065" lon="-81.617718"><ele>216.399</ele><time>2026-09-07T17:12:31Z</time></trkpt>
      <trkpt lat="41.319067" lon="-81.617708"><ele>216.499</ele><time>2026-09-07T17:12:32Z</time></trkpt>
      <trkpt lat="41.319068" lon="-81.617693"><ele>215.799</ele><time>2026-09-07T17:12:33Z</time></trkpt>
      <trkpt lat="41.319068" lon="-81.617677"><ele>215.599</ele><time>2026-09-07T17:12:34Z</time></trkpt>
      <trkpt lat="41.31907" lon="-81.617668"><ele>215.8</ele><time>2026-09-07T17:12:35Z</time></trkpt>
      <trkpt lat="41.319073" lon="-81.617655"><ele>216.3</ele><time>2026-09-07T17:12:36Z</time></trkpt>
      <trkpt lat="41.319073" lon="-81.617647"><ele>216.6</ele><time>2026-09-07T17:12:37Z</time></trkpt>
      <trkpt lat="41.31907" lon="-81.617642"><ele>216.6</ele><time>2026-09-07T17:12:38Z</time></trkpt>
      <trkpt lat="41.319067" lon="-81.617625"><ele>216.1</ele><time>2026-09-07T17:12:39Z</time></trkpt>
      <trkpt lat="41.31907" lon="-81.617598"><ele>216</ele><time>2026-09-07T17:12:40Z</time></trkpt>
      <trkpt lat="41.319075" lon="-81.617583"><ele>216.2</ele><time>2026-09-07T17:12:41Z</time></trkpt>
      <trkpt lat="41.319082" lon="-81.617567"><ele>216.399</ele><time>2026-09-07T17:12:43Z</time></trkpt>
      <trkpt lat="41.31909" lon="-81.617552"><ele>216.499</ele><time>2026-09-07T17:12:44Z</time></trkpt>
      <trkpt lat="41.319102" lon="-81.61754"><ele>217.099</ele><time>2026-09-07T17:12:45Z</time></trkpt>
      <trkpt lat="41.319107" lon="-81.617528"><ele>216.699</ele><time>2026-09-07T17:12:46Z</time></trkpt>
      <trkpt lat="41.319115" lon="-81.617515"><ele>216.299</ele><time>2026-09-07T17:12:47Z</time></trkpt>
      <trkpt lat="41.319118" lon="-81.617507"><ele>216.599</ele><time>2026-09-07T17:12:48Z</time></trkpt>
      <trkpt lat="41.319122" lon="-81.617497"><ele>216.599</ele><time>2026-09-07T17:12:49Z</time></trkpt>
      <trkpt lat="41.319127" lon="-81.617487"><ele>216.5</ele><time>2026-09-07T17:12:50Z</time></trkpt>
      <trkpt lat="41.31913" lon="-81.617475"><ele>216.8</ele><time>2026-09-07T17:12:51Z</time></trkpt>
      <trkpt lat="41.319135" lon="-81.617462"><ele>216.6</ele><time>2026-09-07T17:12:52Z</time></trkpt>
      <trkpt lat="41.31914" lon="-81.61745"><ele>216.5</ele><time>2026-09-07T17:12:53Z</time></trkpt>
      <trkpt lat="41.319147" lon="-81.61743"><ele>216.4</ele><time>2026-09-07T17:12:54Z</time></trkpt>
      <trkpt lat="41.319148" lon="-81.617425"><ele>216.4</ele><time>2026-09-07T17:12:55Z</time></trkpt>
      <trkpt lat="41.319157" lon="-81.617405"><ele>215.5</ele><time>2026-09-07T17:12:56Z</time></trkpt>
      <trkpt lat="41.31916" lon="-81.617392"><ele>216.6</ele><time>2026-09-07T17:12:57Z</time></trkpt>
      <trkpt lat="41.319165" lon="-81.617382"><ele>216.6</ele><time>2026-09-07T17:12:58Z</time></trkpt>
      <trkpt lat="41.31917" lon="-81.617368"><ele>216.6</ele><time>2026-09-07T17:12:59Z</time></trkpt>
      <trkpt lat="41.319178" lon="-81.61736"><ele>216.4</ele><time>2026-09-07T17:13:00Z</time></trkpt>
      <trkpt lat="41.319188" lon="-81.61734"><ele>216.5</ele><time>2026-09-07T17:13:01Z</time></trkpt>
      <trkpt lat="41.319197" lon="-81.617325"><ele>216.3</ele><time>2026-09-07T17:13:03Z</time></trkpt>
      <trkpt lat="41.31921" lon="-81.61731"><ele>216.4</ele><time>2026-09-07T17:13:04Z</time></trkpt>
      <trkpt lat="41.319217" lon="-81.617303"><ele>216.7</ele><time>2026-09-07T17:13:05Z</time></trkpt>
      <trkpt lat="41.319225" lon="-81.617293"><ele>216.8</ele><time>2026-09-07T17:13:06Z</time></trkpt>
      <trkpt lat="41.319237" lon="-81.617283"><ele>216.8</ele><time>2026-09-07T17:13:07Z</time></trkpt>
      <trkpt lat="41.319247" lon="-81.617275"><ele>216.5</ele><time>2026-09-07T17:13:08Z</time></trkpt>
      <trkpt lat="41.319255" lon="-81.617268"><ele>215.2</ele><time>2026-09-07T17:13:09Z</time></trkpt>
      <trkpt lat="41.319278" lon="-81.617248"><ele>216.5</ele><time>2026-09-07T17:13:11Z</time></trkpt>
      <trkpt lat="41.319285" lon="-81.617238"><ele>216.4</ele><time>2026-09-07T17:13:13Z</time></trkpt>
      <trkpt lat="41.31929" lon="-81.61723"><ele>216.8</ele><time>2026-09-07T17:13:14Z</time></trkpt>
      <trkpt lat="41.319293" lon="-81.61722"><ele>216.8</ele><time>2026-09-07T17:13:15Z</time></trkpt>
      <trkpt lat="41.319302" lon="-81.617208"><ele>216.8</ele><time>2026-09-07T17:13:16Z</time></trkpt>
      <trkpt lat="41.319308" lon="-81.617202"><ele>216.3</ele><time>2026-09-07T17:13:17Z</time></trkpt>
      <trkpt lat="41.319318" lon="-81.617182"><ele>216.5</ele><time>2026-09-07T17:13:19Z</time></trkpt>
      <trkpt lat="41.319327" lon="-81.617165"><ele>216.5</ele><time>2026-09-07T17:13:20Z</time></trkpt>
      <trkpt lat="41.319337" lon="-81.617142"><ele>216.7</ele><time>2026-09-07T17:13:22Z</time></trkpt>
      <trkpt lat="41.319343" lon="-81.617123"><ele>216.299</ele><time>2026-09-07T17:13:23Z</time></trkpt>
      <trkpt lat="41.319352" lon="-81.617105"><ele>216.299</ele><time>2026-09-07T17:13:24Z</time></trkpt>
      <trkpt lat="41.319355" lon="-81.617088"><ele>215.6</ele><time>2026-09-07T17:13:25Z</time></trkpt>
      <trkpt lat="41.319358" lon="-81.617073"><ele>215.4</ele><time>2026-09-07T17:13:26Z</time></trkpt>
      <trkpt lat="41.31936" lon="-81.61705"><ele>215.1</ele><time>2026-09-07T17:13:27Z</time></trkpt>
      <trkpt lat="41.319362" lon="-81.617043"><ele>215.1</ele><time>2026-09-07T17:13:28Z</time></trkpt>
      <trkpt lat="41.31936" lon="-81.617028"><ele>214.6</ele><time>2026-09-07T17:13:29Z</time></trkpt>
      <trkpt lat="41.31936" lon="-81.617013"><ele>214.6</ele><time>2026-09-07T17:13:30Z</time></trkpt>
      <trkpt lat="41.319362" lon="-81.617005"><ele>214.6</ele><time>2026-09-07T17:13:31Z</time></trkpt>
      <trkpt lat="41.319365" lon="-81.617002"><ele>214.7</ele><time>2026-09-07T17:13:32Z</time></trkpt>
      <trkpt lat="41.319368" lon="-81.617005"><ele>215</ele><time>2026-09-07T17:13:33Z</time></trkpt>
      <trkpt lat="41.31936" lon="-81.617015"><ele>214.8</ele><time>2026-09-07T17:13:34Z</time></trkpt>
      <trkpt lat="41.31936" lon="-81.617015"><ele>215.1</ele><time>2026-09-07T17:13:35Z</time></trkpt>
      <trkpt lat="41.319358" lon="-81.617015"><ele>214.9</ele><time>2026-09-07T17:13:36Z</time></trkpt>
      <trkpt lat="41.319357" lon="-81.617015"><ele>214.9</ele><time>2026-09-07T17:13:37Z</time></trkpt>
      <trkpt lat="41.319358" lon="-81.617012"><ele>214.6</ele><time>2026-09-07T17:13:38Z</time></trkpt>
      <trkpt lat="41.31936" lon="-81.61701"><ele>215</ele><time>2026-09-07T17:13:39Z</time></trkpt>
      <trkpt lat="41.31936" lon="-81.617008"><ele>214.5</ele><time>2026-09-07T17:13:40Z</time></trkpt>
      <trkpt lat="41.319362" lon="-81.617003"><ele>215</ele><time>2026-09-07T17:13:41Z</time></trkpt>
      <trkpt lat="41.319363" lon="-81.616995"><ele>215</ele><time>2026-09-07T17:13:42Z</time></trkpt>
      <trkpt lat="41.319365" lon="-81.616968"><ele>215.1</ele><time>2026-09-07T17:13:43Z</time></trkpt>
      <trkpt lat="41.319367" lon="-81.61694"><ele>214.6</ele><time>2026-09-07T17:13:44Z</time></trkpt>
      <trkpt lat="41.319367" lon="-81.616925"><ele>214.6</ele><time>2026-09-07T17:13:45Z</time></trkpt>
      <trkpt lat="41.319368" lon="-81.6169"><ele>214.5</ele><time>2026-09-07T17:13:46Z</time></trkpt>
      <trkpt lat="41.319373" lon="-81.61686"><ele>214.6</ele><time>2026-09-07T17:13:47Z</time></trkpt>
      <trkpt lat="41.319378" lon="-81.61684"><ele>214.6</ele><time>2026-09-07T17:13:49Z</time></trkpt>
      <trkpt lat="41.319383" lon="-81.616818"><ele>214.1</ele><time>2026-09-07T17:13:50Z</time></trkpt>
      <trkpt lat="41.319388" lon="-81.616792"><ele>214.6</ele><time>2026-09-07T17:13:51Z</time></trkpt>
      <trkpt lat="41.319392" lon="-81.616777"><ele>214.7</ele><time>2026-09-07T17:13:52Z</time></trkpt>
      <trkpt lat="41.319397" lon="-81.616757"><ele>214.899</ele><time>2026-09-07T17:13:53Z</time></trkpt>
      <trkpt lat="41.319397" lon="-81.616738"><ele>215.099</ele><time>2026-09-07T17:13:54Z</time></trkpt>
      <trkpt lat="41.319395" lon="-81.616715"><ele>215.499</ele><time>2026-09-07T17:13:55Z</time></trkpt>
      <trkpt lat="41.319398" lon="-81.616695"><ele>216.2</ele><time>2026-09-07T17:13:56Z</time></trkpt>
      <trkpt lat="41.3194" lon="-81.616678"><ele>216.299</ele><time>2026-09-07T17:13:57Z</time></trkpt>
      <trkpt lat="41.319402" lon="-81.616663"><ele>216.1</ele><time>2026-09-07T17:13:58Z</time></trkpt>
      <trkpt lat="41.319405" lon="-81.616648"><ele>216.1</ele><time>2026-09-07T17:13:59Z</time></trkpt>
      <trkpt lat="41.319405" lon="-81.616635"><ele>216.2</ele><time>2026-09-07T17:14:00Z</time></trkpt>
      <trkpt lat="41.319407" lon="-81.616613"><ele>215.7</ele><time>2026-09-07T17:14:01Z</time></trkpt>
      <trkpt lat="41.319407" lon="-81.6166"><ele>215.6</ele><time>2026-09-07T17:14:02Z</time></trkpt>
      <trkpt lat="41.319415" lon="-81.616572"><ele>215.799</ele><time>2026-09-07T17:14:03Z</time></trkpt>
      <trkpt lat="41.319418" lon="-81.616558"><ele>215.799</ele><time>2026-09-07T17:14:04Z</time></trkpt>
      <trkpt lat="41.31942" lon="-81.616548"><ele>216.499</ele><time>2026-09-07T17:14:05Z</time></trkpt>
      <trkpt lat="41.319423" lon="-81.616535"><ele>216.499</ele><time>2026-09-07T17:14:06Z</time></trkpt>
      <trkpt lat="41.31943" lon="-81.616517"><ele>216.599</ele><time>2026-09-07T17:14:07Z</time></trkpt>
      <trkpt lat="41.31944" lon="-81.61649"><ele>216.3</ele><time>2026-09-07T17:14:08Z</time></trkpt>
      <trkpt lat="41.319443" lon="-81.61648"><ele>216.3</ele><time>2026-09-07T17:14:09Z</time></trkpt>
      <trkpt lat="41.319448" lon="-81.616467"><ele>216.6</ele><time>2026-09-07T17:14:10Z</time></trkpt>
      <trkpt lat="41.319455" lon="-81.616443"><ele>217</ele><time>2026-09-07T17:14:11Z</time></trkpt>
      <trkpt lat="41.31946" lon="-81.61643"><ele>216.5</ele><time>2026-09-07T17:14:12Z</time></trkpt>
      <trkpt lat="41.319462" lon="-81.616418"><ele>216.5</ele><time>2026-09-07T17:14:13Z</time></trkpt>
      <trkpt lat="41.31946" lon="-81.616413"><ele>216.1</ele><time>2026-09-07T17:14:14Z</time></trkpt>
      <trkpt lat="41.319462" lon="-81.616405"><ele>216.1</ele><time>2026-09-07T17:14:15Z</time></trkpt>
      <trkpt lat="41.319462" lon="-81.616387"><ele>216.2</ele><time>2026-09-07T17:14:16Z</time></trkpt>
      <trkpt lat="41.31946" lon="-81.616373"><ele>216.2</ele><time>2026-09-07T17:14:17Z</time></trkpt>
      <trkpt lat="41.319458" lon="-81.616358"><ele>216.1</ele><time>2026-09-07T17:14:18Z</time></trkpt>
      <trkpt lat="41.319455" lon="-81.616342"><ele>215.1</ele><time>2026-09-07T17:14:19Z</time></trkpt>
      <trkpt lat="41.319453" lon="-81.616323"><ele>215</ele><time>2026-09-07T17:14:20Z</time></trkpt>
      <trkpt lat="41.319455" lon="-81.616305"><ele>215</ele><time>2026-09-07T17:14:21Z</time></trkpt>
      <trkpt lat="41.31946" lon="-81.61628"><ele>215.3</ele><time>2026-09-07T17:14:22Z</time></trkpt>
      <trkpt lat="41.319462" lon="-81.616267"><ele>215.6</ele><time>2026-09-07T17:14:23Z</time></trkpt>
      <trkpt lat="41.319467" lon="-81.61625"><ele>215.6</ele><time>2026-09-07T17:14:24Z</time></trkpt>
      <trkpt lat="41.319472" lon="-81.616235"><ele>215.7</ele><time>2026-09-07T17:14:25Z</time></trkpt>
      <trkpt lat="41.31948" lon="-81.61622"><ele>215.799</ele><time>2026-09-07T17:14:26Z</time></trkpt>
      <trkpt lat="41.31948" lon="-81.616207"><ele>215.799</ele><time>2026-09-07T17:14:27Z</time></trkpt>
      <trkpt lat="41.319472" lon="-81.616183"><ele>215.6</ele><time>2026-09-07T17:14:28Z</time></trkpt>
      <trkpt lat="41.319472" lon="-81.61617"><ele>215.5</ele><time>2026-09-07T17:14:29Z</time></trkpt>
      <trkpt lat="41.319475" lon="-81.616157"><ele>215.5</ele><time>2026-09-07T17:14:30Z</time></trkpt>
      <trkpt lat="41.31948" lon="-81.616133"><ele>216.2</ele><time>2026-09-07T17:14:31Z</time></trkpt>
      <trkpt lat="41.319483" lon="-81.616123"><ele>216.2</ele><time>2026-09-07T17:14:32Z</time></trkpt>
      <trkpt lat="41.31949" lon="-81.616107"><ele>216.299</ele><time>2026-09-07T17:14:33Z</time></trkpt>
      <trkpt lat="41.319493" lon="-81.616083"><ele>216.2</ele><time>2026-09-07T17:14:34Z</time></trkpt>
      <trkpt lat="41.319495" lon="-81.616075"><ele>216</ele><time>2026-09-07T17:14:35Z</time></trkpt>
      <trkpt lat="41.319498" lon="-81.616045"><ele>216.5</ele><time>2026-09-07T17:14:37Z</time></trkpt>
      <trkpt lat="41.319508" lon="-81.61601"><ele>216.5</ele><time>2026-09-07T17:14:38Z</time></trkpt>
      <trkpt lat="41.319515" lon="-81.615995"><ele>216.4</ele><time>2026-09-07T17:14:40Z</time></trkpt>
      <trkpt lat="41.31952" lon="-81.615977"><ele>216.7</ele><time>2026-09-07T17:14:41Z</time></trkpt>
      <trkpt lat="41.319527" lon="-81.615955"><ele>215.6</ele><time>2026-09-07T17:14:42Z</time></trkpt>
      <trkpt lat="41.319532" lon="-81.615937"><ele>215.5</ele><time>2026-09-07T17:14:43Z</time></trkpt>
      <trkpt lat="41.319537" lon="-81.615917"><ele>216.1</ele><time>2026-09-07T17:14:44Z</time></trkpt>
      <trkpt lat="41.31954" lon="-81.615898"><ele>216.299</ele><time>2026-09-07T17:14:45Z</time></trkpt>
      <trkpt lat="41.319543" lon="-81.615882"><ele>215.299</ele><time>2026-09-07T17:14:46Z</time></trkpt>
      <trkpt lat="41.319545" lon="-81.615867"><ele>214.799</ele><time>2026-09-07T17:14:47Z</time></trkpt>
      <trkpt lat="41.319545" lon="-81.615853"><ele>214.7</ele><time>2026-09-07T17:14:48Z</time></trkpt>
      <trkpt lat="41.319545" lon="-81.615838"><ele>215</ele><time>2026-09-07T17:14:49Z</time></trkpt>
      <trkpt lat="41.319548" lon="-81.615822"><ele>215</ele><time>2026-09-07T17:14:50Z</time></trkpt>
      <trkpt lat="41.31955" lon="-81.615807"><ele>215</ele><time>2026-09-07T17:14:51Z</time></trkpt>
      <trkpt lat="41.319553" lon="-81.615793"><ele>214.6</ele><time>2026-09-07T17:14:52Z</time></trkpt>
      <trkpt lat="41.319562" lon="-81.615773"><ele>214.7</ele><time>2026-09-07T17:14:53Z</time></trkpt>
      <trkpt lat="41.319563" lon="-81.615763"><ele>214.799</ele><time>2026-09-07T17:14:54Z</time></trkpt>
      <trkpt lat="41.31957" lon="-81.615748"><ele>215</ele><time>2026-09-07T17:14:55Z</time></trkpt>
      <trkpt lat="41.319578" lon="-81.615733"><ele>214.8</ele><time>2026-09-07T17:14:56Z</time></trkpt>
      <trkpt lat="41.319583" lon="-81.615723"><ele>215.1</ele><time>2026-09-07T17:14:57Z</time></trkpt>
      <trkpt lat="41.319587" lon="-81.615712"><ele>215.1</ele><time>2026-09-07T17:14:58Z</time></trkpt>
      <trkpt lat="41.319595" lon="-81.615695"><ele>215.5</ele><time>2026-09-07T17:14:59Z</time></trkpt>
      <trkpt lat="41.3196" lon="-81.615683"><ele>215.5</ele><time>2026-09-07T17:15:00Z</time></trkpt>
      <trkpt lat="41.319613" lon="-81.615663"><ele>215.1</ele><time>2026-09-07T17:15:01Z</time></trkpt>
      <trkpt lat="41.319618" lon="-81.615653"><ele>215.1</ele><time>2026-09-07T17:15:02Z</time></trkpt>
      <trkpt lat="41.319628" lon="-81.61563"><ele>215.299</ele><time>2026-09-07T17:15:03Z</time></trkpt>
      <trkpt lat="41.319632" lon="-81.615617"><ele>215.299</ele><time>2026-09-07T17:15:04Z</time></trkpt>
      <trkpt lat="41.31964" lon="-81.615595"><ele>215.2</ele><time>2026-09-07T17:15:05Z</time></trkpt>
      <trkpt lat="41.319643" lon="-81.615582"><ele>215.2</ele><time>2026-09-07T17:15:06Z</time></trkpt>
      <trkpt lat="41.319648" lon="-81.615568"><ele>215.3</ele><time>2026-09-07T17:15:07Z</time></trkpt>
      <trkpt lat="41.319652" lon="-81.615555"><ele>215</ele><time>2026-09-07T17:15:08Z</time></trkpt>
      <trkpt lat="41.319657" lon="-81.61554"><ele>215</ele><time>2026-09-07T17:15:09Z</time></trkpt>
      <trkpt lat="41.319662" lon="-81.61553"><ele>214.8</ele><time>2026-09-07T17:15:10Z</time></trkpt>
      <trkpt lat="41.319673" lon="-81.615508"><ele>214.5</ele><time>2026-09-07T17:15:11Z</time></trkpt>
      <trkpt lat="41.319685" lon="-81.615498"><ele>214.3</ele><time>2026-09-07T17:15:13Z</time></trkpt>
      <trkpt lat="41.319695" lon="-81.615492"><ele>214.3</ele><time>2026-09-07T17:15:14Z</time></trkpt>
      <trkpt lat="41.319702" lon="-81.615483"><ele>213.5</ele><time>2026-09-07T17:15:15Z</time></trkpt>
      <trkpt lat="41.319708" lon="-81.615478"><ele>213</ele><time>2026-09-07T17:15:16Z</time></trkpt>
      <trkpt lat="41.319708" lon="-81.615485"><ele>212.9</ele><time>2026-09-07T17:15:17Z</time></trkpt>
      <trkpt lat="41.319708" lon="-81.615488"><ele>212.9</ele><time>2026-09-07T17:15:18Z</time></trkpt>
      <trkpt lat="41.319715" lon="-81.615478"><ele>212.8</ele><time>2026-09-07T17:15:19Z</time></trkpt>
      <trkpt lat="41.319713" lon="-81.615482"><ele>212.8</ele><time>2026-09-07T17:15:21Z</time></trkpt>
      <trkpt lat="41.319708" lon="-81.615475"><ele>212.3</ele><time>2026-09-07T17:15:22Z</time></trkpt>
      <trkpt lat="41.319705" lon="-81.61547"><ele>212</ele><time>2026-09-07T17:15:23Z</time></trkpt>
      <trkpt lat="41.319705" lon="-81.615465"><ele>212</ele><time>2026-09-07T17:15:24Z</time></trkpt>
      <trkpt lat="41.319705" lon="-81.615455"><ele>212.7</ele><time>2026-09-07T17:15:25Z</time></trkpt>
      <trkpt lat="41.319703" lon="-81.615447"><ele>212.6</ele><time>2026-09-07T17:15:27Z</time></trkpt>
      <trkpt lat="41.319695" lon="-81.615433"><ele>212.799</ele><time>2026-09-07T17:15:28Z</time></trkpt>
      <trkpt lat="41.31969" lon="-81.61543"><ele>212.499</ele><time>2026-09-07T17:15:29Z</time></trkpt>
      <trkpt lat="41.319688" lon="-81.61543"><ele>212.5</ele><time>2026-09-07T17:15:30Z</time></trkpt>
      <trkpt lat="41.319687" lon="-81.615427"><ele>213</ele><time>2026-09-07T17:15:32Z</time></trkpt>
      <trkpt lat="41.319687" lon="-81.615422"><ele>212.6</ele><time>2026-09-07T17:15:33Z</time></trkpt>
      <trkpt lat="41.319683" lon="-81.615418"><ele>212.5</ele><time>2026-09-07T17:15:34Z</time></trkpt>
      <trkpt lat="41.319683" lon="-81.615413"><ele>212.6</ele><time>2026-09-07T17:15:35Z</time></trkpt>
      <trkpt lat="41.319683" lon="-81.61541"><ele>212.9</ele><time>2026-09-07T17:15:36Z</time></trkpt>
      <trkpt lat="41.319683" lon="-81.615407"><ele>213</ele><time>2026-09-07T17:15:37Z</time></trkpt>
      <trkpt lat="41.319687" lon="-81.615405"><ele>213.1</ele><time>2026-09-07T17:15:38Z</time></trkpt>
      <trkpt lat="41.319687" lon="-81.615403"><ele>212.1</ele><time>2026-09-07T17:15:39Z</time></trkpt>
      <trkpt lat="41.319687" lon="-81.615402"><ele>212.1</ele><time>2026-09-07T17:15:40Z</time></trkpt>
      <trkpt lat="41.319685" lon="-81.6154"><ele>212.6</ele><time>2026-09-07T17:15:41Z</time></trkpt>
      <trkpt lat="41.319683" lon="-81.6154"><ele>212.7</ele><time>2026-09-07T17:15:42Z</time></trkpt>
      <trkpt lat="41.319683" lon="-81.615398"><ele>212.799</ele><time>2026-09-07T17:15:43Z</time></trkpt>
      <trkpt lat="41.319683" lon="-81.615398"><ele>211.399</ele><time>2026-09-07T17:15:44Z</time></trkpt>
      <trkpt lat="41.319682" lon="-81.615397"><ele>211.299</ele><time>2026-09-07T17:15:45Z</time></trkpt>
      <trkpt lat="41.31968" lon="-81.615395"><ele>211.499</ele><time>2026-09-07T17:15:46Z</time></trkpt>
      <trkpt lat="41.319678" lon="-81.615395"><ele>211.6</ele><time>2026-09-07T17:15:47Z</time></trkpt>
      <trkpt lat="41.319678" lon="-81.615395"><ele>211.6</ele><time>2026-09-07T17:15:48Z</time></trkpt>
      <trkpt lat="41.319673" lon="-81.615395"><ele>211.6</ele><time>2026-09-07T17:15:49Z</time></trkpt>
      <trkpt lat="41.319672" lon="-81.615395"><ele>211.6</ele><time>2026-09-07T17:15:50Z</time></trkpt>
      <trkpt lat="41.31967" lon="-81.615397"><ele>211.6</ele><time>2026-09-07T17:15:51Z</time></trkpt>
      <trkpt lat="41.319668" lon="-81.615398"><ele>212.1</ele><time>2026-09-07T17:15:52Z</time></trkpt>
      <trkpt lat="41.319667" lon="-81.615398"><ele>211.6</ele><time>2026-09-07T17:15:53Z</time></trkpt>
      <trkpt lat="41.319667" lon="-81.615398"><ele>212.2</ele><time>2026-09-07T17:15:54Z</time></trkpt>
      <trkpt lat="41.319667" lon="-81.615398"><ele>212.2</ele><time>2026-09-07T17:15:55Z</time></trkpt>
      <trkpt lat="41.31967" lon="-81.615397"><ele>212.2</ele><time>2026-09-07T17:15:56Z</time></trkpt>
      <trkpt lat="41.31967" lon="-81.615395"><ele>212.2</ele><time>2026-09-07T17:15:57Z</time></trkpt>
      <trkpt lat="41.319668" lon="-81.615397"><ele>212.5</ele><time>2026-09-07T17:15:58Z</time></trkpt>
      <trkpt lat="41.319662" lon="-81.615398"><ele>212.4</ele><time>2026-09-07T17:15:59Z</time></trkpt>
      <trkpt lat="41.319658" lon="-81.6154"><ele>212.5</ele><time>2026-09-07T17:16:00Z</time></trkpt>
      <trkpt lat="41.319657" lon="-81.6154"><ele>212.5</ele><time>2026-09-07T17:16:01Z</time></trkpt>
      <trkpt lat="41.319652" lon="-81.615402"><ele>212.6</ele><time>2026-09-07T17:16:02Z</time></trkpt>
      <trkpt lat="41.319642" lon="-81.61541"><ele>212.5</ele><time>2026-09-07T17:16:03Z</time></trkpt>
      <trkpt lat="41.319632" lon="-81.615415"><ele>212.6</ele><time>2026-09-07T17:16:04Z</time></trkpt>
      <trkpt lat="41.31962" lon="-81.615418"><ele>212.6</ele><time>2026-09-07T17:16:05Z</time></trkpt>
      <trkpt lat="41.319605" lon="-81.615425"><ele>213.299</ele><time>2026-09-07T17:16:06Z</time></trkpt>
      <trkpt lat="41.319602" lon="-81.61544"><ele>213.499</ele><time>2026-09-07T17:16:07Z</time></trkpt>
      <trkpt lat="41.319603" lon="-81.615457"><ele>212.499</ele><time>2026-09-07T17:16:08Z</time></trkpt>
      <trkpt lat="41.319605" lon="-81.615473"><ele>213.6</ele><time>2026-09-07T17:16:09Z</time></trkpt>
      <trkpt lat="41.319603" lon="-81.61548"><ele>213.6</ele><time>2026-09-07T17:16:10Z</time></trkpt>
      <trkpt lat="41.3196" lon="-81.615493"><ele>213.9</ele><time>2026-09-07T17:16:11Z</time></trkpt>
      <trkpt lat="41.319595" lon="-81.615508"><ele>213.1</ele><time>2026-09-07T17:16:12Z</time></trkpt>
      <trkpt lat="41.319595" lon="-81.615528"><ele>213.4</ele><time>2026-09-07T17:16:13Z</time></trkpt>
      <trkpt lat="41.319593" lon="-81.615538"><ele>213.2</ele><time>2026-09-07T17:16:15Z</time></trkpt>
      <trkpt lat="41.31959" lon="-81.615552"><ele>213.3</ele><time>2026-09-07T17:16:16Z</time></trkpt>
      <trkpt lat="41.319585" lon="-81.615562"><ele>213.5</ele><time>2026-09-07T17:16:17Z</time></trkpt>
      <trkpt lat="41.319582" lon="-81.615575"><ele>213.5</ele><time>2026-09-07T17:16:18Z</time></trkpt>
      <trkpt lat="41.319575" lon="-81.615588"><ele>214.3</ele><time>2026-09-07T17:16:19Z</time></trkpt>
      <trkpt lat="41.319568" lon="-81.615607"><ele>214.1</ele><time>2026-09-07T17:16:20Z</time></trkpt>
      <trkpt lat="41.319565" lon="-81.615617"><ele>214.5</ele><time>2026-09-07T17:16:21Z</time></trkpt>
      <trkpt lat="41.319565" lon="-81.615628"><ele>214.5</ele><time>2026-09-07T17:16:22Z</time></trkpt>
      <trkpt lat="41.319562" lon="-81.615642"><ele>214.7</ele><time>2026-09-07T17:16:23Z</time></trkpt>
      <trkpt lat="41.319557" lon="-81.615663"><ele>214.8</ele><time>2026-09-07T17:16:24Z</time></trkpt>
      <trkpt lat="41.319555" lon="-81.615668"><ele>214.8</ele><time>2026-09-07T17:16:25Z</time></trkpt>
      <trkpt lat="41.319553" lon="-81.615682"><ele>214.7</ele><time>2026-09-07T17:16:26Z</time></trkpt>
      <trkpt lat="41.319552" lon="-81.615698"><ele>214.7</ele><time>2026-09-07T17:16:27Z</time></trkpt>
      <trkpt lat="41.31955" lon="-81.615725"><ele>214.7</ele><time>2026-09-07T17:16:28Z</time></trkpt>
      <trkpt lat="41.319548" lon="-81.61574"><ele>214.5</ele><time>2026-09-07T17:16:29Z</time></trkpt>
      <trkpt lat="41.319547" lon="-81.615753"><ele>214</ele><time>2026-09-07T17:16:30Z</time></trkpt>
      <trkpt lat="41.319545" lon="-81.615768"><ele>214</ele><time>2026-09-07T17:16:31Z</time></trkpt>
      <trkpt lat="41.319543" lon="-81.615792"><ele>213.9</ele><time>2026-09-07T17:16:32Z</time></trkpt>
      <trkpt lat="41.319542" lon="-81.615808"><ele>214.6</ele><time>2026-09-07T17:16:33Z</time></trkpt>
      <trkpt lat="41.319538" lon="-81.615837"><ele>214.3</ele><time>2026-09-07T17:16:34Z</time></trkpt>
      <trkpt lat="41.319532" lon="-81.615857"><ele>214.2</ele><time>2026-09-07T17:16:35Z</time></trkpt>
      <trkpt lat="41.31953" lon="-81.615873"><ele>214.2</ele><time>2026-09-07T17:16:36Z</time></trkpt>
      <trkpt lat="41.31953" lon="-81.615893"><ele>214.1</ele><time>2026-09-07T17:16:38Z</time></trkpt>
      <trkpt lat="41.319538" lon="-81.615907"><ele>213.8</ele><time>2026-09-07T17:16:39Z</time></trkpt>
      <trkpt lat="41.31955" lon="-81.615912"><ele>214</ele><time>2026-09-07T17:16:40Z</time></trkpt>
      <trkpt lat="41.319562" lon="-81.615915"><ele>214</ele><time>2026-09-07T17:16:41Z</time></trkpt>
      <trkpt lat="41.31957" lon="-81.615907"><ele>213.7</ele><time>2026-09-07T17:16:42Z</time></trkpt>
      <trkpt lat="41.31957" lon="-81.615892"><ele>213.2</ele><time>2026-09-07T17:16:43Z</time></trkpt>
      <trkpt lat="41.319565" lon="-81.615888"><ele>213.299</ele><time>2026-09-07T17:16:44Z</time></trkpt>
      <trkpt lat="41.31955" lon="-81.615895"><ele>213.299</ele><time>2026-09-07T17:16:45Z</time></trkpt>
      <trkpt lat="41.319545" lon="-81.6159"><ele>213.299</ele><time>2026-09-07T17:16:46Z</time></trkpt>
      <trkpt lat="41.319532" lon="-81.615917"><ele>213.6</ele><time>2026-09-07T17:16:47Z</time></trkpt>
      <trkpt lat="41.31953" lon="-81.61593"><ele>213.6</ele><time>2026-09-07T17:16:48Z</time></trkpt>
      <trkpt lat="41.319532" lon="-81.615945"><ele>213.4</ele><time>2026-09-07T17:16:49Z</time></trkpt>
      <trkpt lat="41.319527" lon="-81.61596"><ele>213.3</ele><time>2026-09-07T17:16:50Z</time></trkpt>
      <trkpt lat="41.31952" lon="-81.615975"><ele>213.3</ele><time>2026-09-07T17:16:51Z</time></trkpt>
      <trkpt lat="41.31951" lon="-81.615983"><ele>213.3</ele><time>2026-09-07T17:16:52Z</time></trkpt>
      <trkpt lat="41.319502" lon="-81.615997"><ele>213.5</ele><time>2026-09-07T17:16:53Z</time></trkpt>
      <trkpt lat="41.319493" lon="-81.616012"><ele>213.5</ele><time>2026-09-07T17:16:54Z</time></trkpt>
      <trkpt lat="41.319485" lon="-81.616028"><ele>213.6</ele><time>2026-09-07T17:16:55Z</time></trkpt>
      <trkpt lat="41.31948" lon="-81.616047"><ele>213.6</ele><time>2026-09-07T17:16:56Z</time></trkpt>
      <trkpt lat="41.319473" lon="-81.616063"><ele>213.5</ele><time>2026-09-07T17:16:57Z</time></trkpt>
      <trkpt lat="41.319468" lon="-81.616078"><ele>213.5</ele><time>2026-09-07T17:16:58Z</time></trkpt>
      <trkpt lat="41.319465" lon="-81.616083"><ele>213.5</ele><time>2026-09-07T17:16:59Z</time></trkpt>
      <trkpt lat="41.31946" lon="-81.6161"><ele>213.7</ele><time>2026-09-07T17:17:00Z</time></trkpt>
      <trkpt lat="41.319457" lon="-81.616118"><ele>213.799</ele><time>2026-09-07T17:17:01Z</time></trkpt>
      <trkpt lat="41.319447" lon="-81.616135"><ele>213.9</ele><time>2026-09-07T17:17:02Z</time></trkpt>
      <trkpt lat="41.319447" lon="-81.616143"><ele>213.7</ele><time>2026-09-07T17:17:03Z</time></trkpt>
      <trkpt lat="41.319442" lon="-81.616158"><ele>213.8</ele><time>2026-09-07T17:17:04Z</time></trkpt>
      <trkpt lat="41.319438" lon="-81.616168"><ele>213.8</ele><time>2026-09-07T17:17:05Z</time></trkpt>
      <trkpt lat="41.319437" lon="-81.616188"><ele>213.5</ele><time>2026-09-07T17:17:06Z</time></trkpt>
      <trkpt lat="41.319435" lon="-81.61621"><ele>213.8</ele><time>2026-09-07T17:17:07Z</time></trkpt>
      <trkpt lat="41.319433" lon="-81.61623"><ele>213.7</ele><time>2026-09-07T17:17:08Z</time></trkpt>
      <trkpt lat="41.319432" lon="-81.616253"><ele>213.8</ele><time>2026-09-07T17:17:09Z</time></trkpt>
      <trkpt lat="41.319428" lon="-81.61628"><ele>213.7</ele><time>2026-09-07T17:17:10Z</time></trkpt>
      <trkpt lat="41.319423" lon="-81.616305"><ele>213.7</ele><time>2026-09-07T17:17:11Z</time></trkpt>
      <trkpt lat="41.319418" lon="-81.616333"><ele>213.799</ele><time>2026-09-07T17:17:12Z</time></trkpt>
      <trkpt lat="41.319415" lon="-81.616345"><ele>213.999</ele><time>2026-09-07T17:17:13Z</time></trkpt>
      <trkpt lat="41.319412" lon="-81.61636"><ele>213.999</ele><time>2026-09-07T17:17:14Z</time></trkpt>
      <trkpt lat="41.31941" lon="-81.616377"><ele>213.899</ele><time>2026-09-07T17:17:15Z</time></trkpt>
      <trkpt lat="41.319407" lon="-81.6164"><ele>214.099</ele><time>2026-09-07T17:17:17Z</time></trkpt>
      <trkpt lat="41.319407" lon="-81.616413"><ele>213.999</ele><time>2026-09-07T17:17:18Z</time></trkpt>
      <trkpt lat="41.319407" lon="-81.616428"><ele>214.3</ele><time>2026-09-07T17:17:19Z</time></trkpt>
      <trkpt lat="41.319408" lon="-81.616447"><ele>214.5</ele><time>2026-09-07T17:17:20Z</time></trkpt>
      <trkpt lat="41.319407" lon="-81.616455"><ele>214.1</ele><time>2026-09-07T17:17:21Z</time></trkpt>
      <trkpt lat="41.319402" lon="-81.616473"><ele>214.6</ele><time>2026-09-07T17:17:22Z</time></trkpt>
      <trkpt lat="41.319395" lon="-81.616488"><ele>214.7</ele><time>2026-09-07T17:17:23Z</time></trkpt>
      <trkpt lat="41.319388" lon="-81.616503"><ele>214.899</ele><time>2026-09-07T17:17:24Z</time></trkpt>
      <trkpt lat="41.319385" lon="-81.61652"><ele>214.999</ele><time>2026-09-07T17:17:25Z</time></trkpt>
      <trkpt lat="41.319382" lon="-81.61653"><ele>214.999</ele><time>2026-09-07T17:17:26Z</time></trkpt>
      <trkpt lat="41.319382" lon="-81.616548"><ele>214.7</ele><time>2026-09-07T17:17:27Z</time></trkpt>
      <trkpt lat="41.319378" lon="-81.616562"><ele>214.6</ele><time>2026-09-07T17:17:28Z</time></trkpt>
      <trkpt lat="41.319382" lon="-81.616572"><ele>214.6</ele><time>2026-09-07T17:17:29Z</time></trkpt>
      <trkpt lat="41.319382" lon="-81.616588"><ele>214.9</ele><time>2026-09-07T17:17:30Z</time></trkpt>
      <trkpt lat="41.31938" lon="-81.616602"><ele>215.1</ele><time>2026-09-07T17:17:31Z</time></trkpt>
      <trkpt lat="41.319377" lon="-81.61662"><ele>214.9</ele><time>2026-09-07T17:17:32Z</time></trkpt>
      <trkpt lat="41.319375" lon="-81.61663"><ele>214.9</ele><time>2026-09-07T17:17:33Z</time></trkpt>
      <trkpt lat="41.319375" lon="-81.616647"><ele>215</ele><time>2026-09-07T17:17:34Z</time></trkpt>
      <trkpt lat="41.319373" lon="-81.616665"><ele>214.9</ele><time>2026-09-07T17:17:35Z</time></trkpt>
      <trkpt lat="41.319373" lon="-81.616688"><ele>214.7</ele><time>2026-09-07T17:17:36Z</time></trkpt>
      <trkpt lat="41.319368" lon="-81.616708"><ele>214.6</ele><time>2026-09-07T17:17:37Z</time></trkpt>
      <trkpt lat="41.319363" lon="-81.616723"><ele>214.4</ele><time>2026-09-07T17:17:38Z</time></trkpt>
      <trkpt lat="41.31936" lon="-81.616743"><ele>215.1</ele><time>2026-09-07T17:17:39Z</time></trkpt>
      <trkpt lat="41.319357" lon="-81.616765"><ele>214.4</ele><time>2026-09-07T17:17:40Z</time></trkpt>
      <trkpt lat="41.319355" lon="-81.616772"><ele>214.4</ele><time>2026-09-07T17:17:41Z</time></trkpt>
      <trkpt lat="41.319352" lon="-81.616792"><ele>214.4</ele><time>2026-09-07T17:17:42Z</time></trkpt>
      <trkpt lat="41.319347" lon="-81.616815"><ele>214.5</ele><time>2026-09-07T17:17:43Z</time></trkpt>
      <trkpt lat="41.319345" lon="-81.616822"><ele>214.7</ele><time>2026-09-07T17:17:44Z</time></trkpt>
      <trkpt lat="41.319342" lon="-81.616828"><ele>214.799</ele><time>2026-09-07T17:17:45Z</time></trkpt>
      <trkpt lat="41.319332" lon="-81.616857"><ele>214.999</ele><time>2026-09-07T17:17:47Z</time></trkpt>
      <trkpt lat="41.319328" lon="-81.616873"><ele>214.6</ele><time>2026-09-07T17:17:48Z</time></trkpt>
      <trkpt lat="41.319327" lon="-81.616885"><ele>214.5</ele><time>2026-09-07T17:17:49Z</time></trkpt>
      <trkpt lat="41.319322" lon="-81.616895"><ele>214.7</ele><time>2026-09-07T17:17:50Z</time></trkpt>
      <trkpt lat="41.31931" lon="-81.616902"><ele>214.9</ele><time>2026-09-07T17:17:51Z</time></trkpt>
      <trkpt lat="41.319305" lon="-81.616908"><ele>215.1</ele><time>2026-09-07T17:17:52Z</time></trkpt>
      <trkpt lat="41.319303" lon="-81.616918"><ele>215.1</ele><time>2026-09-07T17:17:53Z</time></trkpt>
      <trkpt lat="41.319297" lon="-81.616932"><ele>214.8</ele><time>2026-09-07T17:17:54Z</time></trkpt>
      <trkpt lat="41.319292" lon="-81.616943"><ele>214.8</ele><time>2026-09-07T17:17:55Z</time></trkpt>
      <trkpt lat="41.319288" lon="-81.616953"><ele>215</ele><time>2026-09-07T17:17:56Z</time></trkpt>
      <trkpt lat="41.319283" lon="-81.616957"><ele>215.1</ele><time>2026-09-07T17:17:57Z</time></trkpt>
      <trkpt lat="41.319277" lon="-81.616968"><ele>214.9</ele><time>2026-09-07T17:17:58Z</time></trkpt>
      <trkpt lat="41.319277" lon="-81.61697"><ele>215.3</ele><time>2026-09-07T17:17:59Z</time></trkpt>
      <trkpt lat="41.319277" lon="-81.616973"><ele>215.3</ele><time>2026-09-07T17:18:00Z</time></trkpt>
      <trkpt lat="41.319272" lon="-81.616972"><ele>215</ele><time>2026-09-07T17:18:01Z</time></trkpt>
      <trkpt lat="41.319267" lon="-81.616973"><ele>214.4</ele><time>2026-09-07T17:18:02Z</time></trkpt>
      <trkpt lat="41.319265" lon="-81.616975"><ele>214.1</ele><time>2026-09-07T17:18:03Z</time></trkpt>
      <trkpt lat="41.319265" lon="-81.616977"><ele>214.1</ele><time>2026-09-07T17:18:04Z</time></trkpt>
      <trkpt lat="41.319265" lon="-81.616977"><ele>214.4</ele><time>2026-09-07T17:18:05Z</time></trkpt>
      <trkpt lat="41.319267" lon="-81.616978"><ele>214</ele><time>2026-09-07T17:18:06Z</time></trkpt>
      <trkpt lat="41.319268" lon="-81.61698"><ele>213.8</ele><time>2026-09-07T17:18:07Z</time></trkpt>
      <trkpt lat="41.319268" lon="-81.61698"><ele>214.5</ele><time>2026-09-07T17:18:08Z</time></trkpt>
      <trkpt lat="41.319268" lon="-81.616982"><ele>214</ele><time>2026-09-07T17:18:09Z</time></trkpt>
      <trkpt lat="41.319268" lon="-81.616982"><ele>213.9</ele><time>2026-09-07T17:18:10Z</time></trkpt>
      <trkpt lat="41.319267" lon="-81.616983"><ele>213.8</ele><time>2026-09-07T17:18:11Z</time></trkpt>
      <trkpt lat="41.319267" lon="-81.616985"><ele>213.9</ele><time>2026-09-07T17:18:12Z</time></trkpt>
      <trkpt lat="41.319267" lon="-81.616987"><ele>214</ele><time>2026-09-07T17:18:13Z</time></trkpt>
      <trkpt lat="41.319267" lon="-81.616988"><ele>214.2</ele><time>2026-09-07T17:18:14Z</time></trkpt>
      <trkpt lat="41.319268" lon="-81.616988"><ele>214.4</ele><time>2026-09-07T17:18:15Z</time></trkpt>
      <trkpt lat="41.319268" lon="-81.616987"><ele>214.1</ele><time>2026-09-07T17:18:16Z</time></trkpt>
      <trkpt lat="41.319272" lon="-81.616985"><ele>214.1</ele><time>2026-09-07T17:18:18Z</time></trkpt>
      <trkpt lat="41.319272" lon="-81.616983"><ele>214.4</ele><time>2026-09-07T17:18:19Z</time></trkpt>
      <trkpt lat="41.319272" lon="-81.616982"><ele>214.2</ele><time>2026-09-07T17:18:20Z</time></trkpt>
      <trkpt lat="41.319272" lon="-81.616982"><ele>214.8</ele><time>2026-09-07T17:18:21Z</time></trkpt>
      <trkpt lat="41.319272" lon="-81.616983"><ele>214.9</ele><time>2026-09-07T17:18:22Z</time></trkpt>
      <trkpt lat="41.319273" lon="-81.616985"><ele>214.8</ele><time>2026-09-07T17:18:23Z</time></trkpt>
      <trkpt lat="41.319273" lon="-81.616987"><ele>214.7</ele><time>2026-09-07T17:18:24Z</time></trkpt>
      <trkpt lat="41.319275" lon="-81.616987"><ele>214.799</ele><time>2026-09-07T17:18:25Z</time></trkpt>
      <trkpt lat="41.319277" lon="-81.616988"><ele>214.799</ele><time>2026-09-07T17:18:26Z</time></trkpt>
      <trkpt lat="41.319277" lon="-81.61699"><ele>214.899</ele><time>2026-09-07T17:18:27Z</time></trkpt>
      <trkpt lat="41.319277" lon="-81.61699"><ele>215.099</ele><time>2026-09-07T17:18:28Z</time></trkpt>
      <trkpt lat="41.319278" lon="-81.61699"><ele>215.099</ele><time>2026-09-07T17:18:29Z</time></trkpt>
      <trkpt lat="41.319278" lon="-81.61699"><ele>214.999</ele><time>2026-09-07T17:18:30Z</time></trkpt>
      <trkpt lat="41.31928" lon="-81.61699"><ele>214.799</ele><time>2026-09-07T17:18:31Z</time></trkpt>
      <trkpt lat="41.31928" lon="-81.61699"><ele>214.799</ele><time>2026-09-07T17:18:32Z</time></trkpt>
      <trkpt lat="41.31928" lon="-81.61699"><ele>214.7</ele><time>2026-09-07T17:18:33Z</time></trkpt>
      <trkpt lat="41.31928" lon="-81.61699"><ele>215</ele><time>2026-09-07T17:18:34Z</time></trkpt>
      <trkpt lat="41.319278" lon="-81.61699"><ele>214.5</ele><time>2026-09-07T17:18:35Z</time></trkpt>
      <trkpt lat="41.319278" lon="-81.61699"><ele>214.3</ele><time>2026-09-07T17:18:36Z</time></trkpt>
      <trkpt lat="41.319278" lon="-81.61699"><ele>214.3</ele><time>2026-09-07T17:18:37Z</time></trkpt>
      <trkpt lat="41.319278" lon="-81.616992"><ele>214.6</ele><time>2026-09-07T17:18:38Z</time></trkpt>
      <trkpt lat="41.319278" lon="-81.616998"><ele>214.5</ele><time>2026-09-07T17:18:39Z</time></trkpt>
      <trkpt lat="41.319273" lon="-81.617007"><ele>214.5</ele><time>2026-09-07T17:18:40Z</time></trkpt>
      <trkpt lat="41.31927" lon="-81.617018"><ele>214.6</ele><time>2026-09-07T17:18:41Z</time></trkpt>
      <trkpt lat="41.319278" lon="-81.617047"><ele>215</ele><time>2026-09-07T17:18:43Z</time></trkpt>
      <trkpt lat="41.319297" lon="-81.617058"><ele>215</ele><time>2026-09-07T17:18:44Z</time></trkpt>
      <trkpt lat="41.319312" lon="-81.617065"><ele>215.3</ele><time>2026-09-07T17:18:45Z</time></trkpt>
      <trkpt lat="41.319327" lon="-81.617083"><ele>215</ele><time>2026-09-07T17:18:46Z</time></trkpt>
      <trkpt lat="41.319328" lon="-81.617088"><ele>214.6</ele><time>2026-09-07T17:18:47Z</time></trkpt>
      <trkpt lat="41.319333" lon="-81.617097"><ele>214.6</ele><time>2026-09-07T17:18:48Z</time></trkpt>
      <trkpt lat="41.31934" lon="-81.6171"><ele>215.6</ele><time>2026-09-07T17:18:49Z</time></trkpt>
      <trkpt lat="41.319347" lon="-81.617095"><ele>215.4</ele><time>2026-09-07T17:18:50Z</time></trkpt>
      <trkpt lat="41.319353" lon="-81.617092"><ele>215.1</ele><time>2026-09-07T17:18:51Z</time></trkpt>
      <trkpt lat="41.319357" lon="-81.617087"><ele>214.799</ele><time>2026-09-07T17:18:52Z</time></trkpt>
      <trkpt lat="41.319357" lon="-81.617085"><ele>214.799</ele><time>2026-09-07T17:18:53Z</time></trkpt>
      <trkpt lat="41.319357" lon="-81.617083"><ele>214.5</ele><time>2026-09-07T17:18:54Z</time></trkpt>
      <trkpt lat="41.319357" lon="-81.617083"><ele>214.5</ele><time>2026-09-07T17:18:55Z</time></trkpt>
      <trkpt lat="41.319357" lon="-81.617083"><ele>214.6</ele><time>2026-09-07T17:18:56Z</time></trkpt>
      <trkpt lat="41.319355" lon="-81.617087"><ele>214.9</ele><time>2026-09-07T17:18:57Z</time></trkpt>
      <trkpt lat="41.319353" lon="-81.617088"><ele>215.2</ele><time>2026-09-07T17:18:58Z</time></trkpt>
      <trkpt lat="41.319352" lon="-81.61709"><ele>215.4</ele><time>2026-09-07T17:18:59Z</time></trkpt>
      <trkpt lat="41.319352" lon="-81.617092"><ele>215.5</ele><time>2026-09-07T17:19:00Z</time></trkpt>
      <trkpt lat="41.31935" lon="-81.617092"><ele>215.3</ele><time>2026-09-07T17:19:01Z</time></trkpt>
      <trkpt lat="41.31935" lon="-81.617092"><ele>214.5</ele><time>2026-09-07T17:19:02Z</time></trkpt>
      <trkpt lat="41.319353" lon="-81.61709"><ele>214.8</ele><time>2026-09-07T17:19:03Z</time></trkpt>
    </trkseg>
  </trk>
</gpx>
