<?xml version='1.0' encoding='UTF-8'?>
<gpx xmlns="http://www.topografix.com/GPX/1/1" creator="https://gpx.studio" version="1.1">
  <metadata>
    <name>Car Ride - 2026-03-14</name>
  </metadata>
  <trk>
    <name>Car Ride - 2026-03-14</name>
    <type>driving</type>
    <trkseg>
      <trkpt lat="41.40133634607324" lon="-81.74035182375287">
        <ele>265.8270579049</ele>
        <time>2026-03-14T07:58:35Z</time>
      </trkpt>
      <trkpt lat="41.40132627225884" lon="-81.73818208951771">
        <ele>267.6916346295</ele>
        <time>2026-03-14T07:58:43Z</time>
      </trkpt>
      <trkpt lat="41.40131371627360" lon="-81.73459911016610">
        <ele>267.1286185526</ele>
        <time>2026-03-14T07:58:55Z</time>
      </trkpt>
      <trkpt lat="41.40310086850325" lon="-81.73458706283189">
        <ele>266.0103160851</ele>
        <time>2026-03-14T07:59:02Z</time>
      </trkpt>
      <trkpt lat="41.40400147715408" lon="-81.73455690096047">
        <ele>264.9260905093</ele>
        <time>2026-03-14T07:59:07Z</time>
      </trkpt>
      <trkpt lat="41.40441832283161" lon="-81.73457268464617">
        <ele>264.1448267770</ele>
        <time>2026-03-14T07:59:09Z</time>
      </trkpt>
      <trkpt lat="41.40623275624955" lon="-81.73454967159184">
        <ele>261.8858416141</ele>
        <time>2026-03-14T07:59:16Z</time>
      </trkpt>
      <trkpt lat="41.40870721451259" lon="-81.73453826552849">
        <ele>261.8510927212</ele>
        <time>2026-03-14T07:59:27Z</time>
      </trkpt>
      <trkpt lat="41.40885086335925" lon="-81.73453188975867">
        <ele>262.2853300609</ele>
        <time>2026-03-14T07:59:28Z</time>
      </trkpt>
      <trkpt lat="41.41043922207881" lon="-81.73451838273947">
        <ele>262.0168436658</ele>
        <time>2026-03-14T07:59:33Z</time>
      </trkpt>
      <trkpt lat="41.41126620724642" lon="-81.73450886738912">
        <ele>261.9718090791</ele>
        <time>2026-03-14T07:59:37Z</time>
      </trkpt>
      <trkpt lat="41.41220381766332" lon="-81.73447200726443">
        <ele>258.9735281628</ele>
        <time>2026-03-14T07:59:41Z</time>
      </trkpt>
      <trkpt lat="41.41314683507257" lon="-81.73447679025337">
        <ele>255.0504679252</ele>
        <time>2026-03-14T07:59:45Z</time>
      </trkpt>
      <trkpt lat="41.41359972338852" lon="-81.73394485133772">
        <ele>252.6966528154</ele>
        <time>2026-03-14T07:59:48Z</time>
      </trkpt>
      <trkpt lat="41.41416120866548" lon="-81.73333336911871">
        <ele>249.9652519847</ele>
        <time>2026-03-14T07:59:51Z</time>
      </trkpt>
      <trkpt lat="41.41469132428657" lon="-81.73265468549401">
        <ele>248.1296465553</ele>
        <time>2026-03-14T07:59:54Z</time>
      </trkpt>
      <trkpt lat="41.41484309268144" lon="-81.73248714675030">
        <ele>247.1506017224</ele>
        <time>2026-03-14T07:59:55Z</time>
      </trkpt>
      <trkpt lat="41.41538619961126" lon="-81.73190405125781">
        <ele>245.9786959649</ele>
        <time>2026-03-14T07:59:57Z</time>
      </trkpt>
      <trkpt lat="41.41560100900954" lon="-81.73164280310104">
        <ele>244.8952719123</ele>
        <time>2026-03-14T07:59:58Z</time>
      </trkpt>
      <trkpt lat="41.41640424984551" lon="-81.73069112487677">
        <ele>246.9201867798</ele>
        <time>2026-03-14T08:00:02Z</time>
      </trkpt>
      <trkpt lat="41.41675412337321" lon="-81.73032384756081">
        <ele>246.9204489070</ele>
        <time>2026-03-14T08:00:05Z</time>
      </trkpt>
      <trkpt lat="41.41758178388403" lon="-81.72933247184321">
        <ele>247.8844337195</ele>
        <time>2026-03-14T08:00:09Z</time>
      </trkpt>
      <trkpt lat="41.41869778808054" lon="-81.72808887739680">
        <ele>245.9989365988</ele>
        <time>2026-03-14T08:00:15Z</time>
      </trkpt>
      <trkpt lat="41.41973489807172" lon="-81.72691660179962">
        <ele>244.0624216807</ele>
        <time>2026-03-14T08:00:20Z</time>
      </trkpt>
      <trkpt lat="41.42038655268451" lon="-81.72616258724264">
        <ele>244.2255868227</ele>
        <time>2026-03-14T08:00:23Z</time>
      </trkpt>
      <trkpt lat="41.42047761716363" lon="-81.72605106116688">
        <ele>245.0649941245</ele>
        <time>2026-03-14T08:00:24Z</time>
      </trkpt>
      <trkpt lat="41.42073659697404" lon="-81.72577172507248">
        <ele>245.0558955232</ele>
        <time>2026-03-14T08:00:25Z</time>
      </trkpt>
      <trkpt lat="41.42212958981961" lon="-81.72413810374201">
        <ele>243.8346805307</ele>
        <time>2026-03-14T08:00:35Z</time>
      </trkpt>
      <trkpt lat="41.42291541678993" lon="-81.72325722304168">
        <ele>242.0210880012</ele>
        <time>2026-03-14T08:00:39Z</time>
      </trkpt>
      <trkpt lat="41.42363932239832" lon="-81.72239103727706">
        <ele>241.0216077365</ele>
        <time>2026-03-14T08:00:43Z</time>
      </trkpt>
      <trkpt lat="41.42485880715261" lon="-81.72098031009003">
        <ele>238.1280072599</ele>
        <time>2026-03-14T08:00:49Z</time>
      </trkpt>
      <trkpt lat="41.42579848776030" lon="-81.71985235690525">
        <ele>236.2287205131</ele>
        <time>2026-03-14T08:00:53Z</time>
      </trkpt>
      <trkpt lat="41.42681531641223" lon="-81.71866528309216">
        <ele>235.1415210248</ele>
        <time>2026-03-14T08:01:00Z</time>
      </trkpt>
      <trkpt lat="41.42706262427083" lon="-81.71837108035119">
        <ele>235.0680317739</ele>
        <time>2026-03-14T08:01:01Z</time>
      </trkpt>
      <trkpt lat="41.42734098525831" lon="-81.71806052780656">
        <ele>235.1113051033</ele>
        <time>2026-03-14T08:01:02Z</time>
      </trkpt>
      <trkpt lat="41.42801139072751" lon="-81.71731204527744">
        <ele>235.1193681820</ele>
        <time>2026-03-14T08:01:06Z</time>
      </trkpt>
      <trkpt lat="41.42830218200239" lon="-81.71695467593767">
        <ele>234.7825866511</ele>
        <time>2026-03-14T08:01:08Z</time>
      </trkpt>
      <trkpt lat="41.42896055396498" lon="-81.71620088563209">
        <ele>235.8993577670</ele>
        <time>2026-03-14T08:01:11Z</time>
      </trkpt>
      <trkpt lat="41.42951369436950" lon="-81.71553937125903">
        <ele>236.5142347300</ele>
        <time>2026-03-14T08:01:14Z</time>
      </trkpt>
      <trkpt lat="41.42982892373968" lon="-81.71515533377467">
        <ele>237.5321880684</ele>
        <time>2026-03-14T08:01:15Z</time>
      </trkpt>
      <trkpt lat="41.43134016607902" lon="-81.71346091813442">
        <ele>242.9596231017</ele>
        <time>2026-03-14T08:01:22Z</time>
      </trkpt>
      <trkpt lat="41.43177590656751" lon="-81.71291597814265">
        <ele>242.2914548264</ele>
        <time>2026-03-14T08:01:26Z</time>
      </trkpt>
      <trkpt lat="41.43214513076585" lon="-81.71263326705260">
        <ele>242.0210706838</ele>
        <time>2026-03-14T08:01:27Z</time>
      </trkpt>
      <trkpt lat="41.43296275905126" lon="-81.71191998705962">
        <ele>239.0424283605</ele>
        <time>2026-03-14T08:01:31Z</time>
      </trkpt>
      <trkpt lat="41.43360293648183" lon="-81.71141293005309">
        <ele>238.0241650405</ele>
        <time>2026-03-14T08:01:34Z</time>
      </trkpt>
      <trkpt lat="41.43392182780066" lon="-81.71112956709906">
        <ele>237.8414415369</ele>
        <time>2026-03-14T08:01:36Z</time>
      </trkpt>
      <trkpt lat="41.43499671286937" lon="-81.71025480298721">
        <ele>236.1633280048</ele>
        <time>2026-03-14T08:01:42Z</time>
      </trkpt>
      <trkpt lat="41.43642453910275" lon="-81.70904878285880">
        <ele>226.8906446251</ele>
        <time>2026-03-14T08:01:49Z</time>
      </trkpt>
      <trkpt lat="41.43685138938703" lon="-81.70870703809446">
        <ele>226.0390855247</ele>
        <time>2026-03-14T08:01:52Z</time>
      </trkpt>
      <trkpt lat="41.43735579431170" lon="-81.70827175040544">
        <ele>224.9189822667</ele>
        <time>2026-03-14T08:01:54Z</time>
      </trkpt>
      <trkpt lat="41.43823329987304" lon="-81.70758771172476">
        <ele>223.0717842661</ele>
        <time>2026-03-14T08:01:59Z</time>
      </trkpt>
      <trkpt lat="41.43871999233662" lon="-81.70719159955526">
        <ele>220.0639075858</ele>
        <time>2026-03-14T08:02:02Z</time>
      </trkpt>
      <trkpt lat="41.43910189798646" lon="-81.70684849502945">
        <ele>219.9529728165</ele>
        <time>2026-03-14T08:02:04Z</time>
      </trkpt>
      <trkpt lat="41.43947455213118" lon="-81.70654845586510">
        <ele>219.1534900767</ele>
        <time>2026-03-14T08:02:05Z</time>
      </trkpt>
      <trkpt lat="41.43998998444540" lon="-81.70611382994633">
        <ele>220.0543903038</ele>
        <time>2026-03-14T08:02:08Z</time>
      </trkpt>
      <trkpt lat="41.44053262653915" lon="-81.70566759773858">
        <ele>221.2155836858</ele>
        <time>2026-03-14T08:02:10Z</time>
      </trkpt>
      <trkpt lat="41.44075840658383" lon="-81.70549784378950">
        <ele>220.9377584648</ele>
        <time>2026-03-14T08:02:12Z</time>
      </trkpt>
      <trkpt lat="41.44177528664690" lon="-81.70483899413924">
        <ele>221.0202949818</ele>
        <time>2026-03-14T08:02:18Z</time>
      </trkpt>
      <trkpt lat="41.44304414668144" lon="-81.70403051562907">
        <ele>216.5438801252</ele>
        <time>2026-03-14T08:02:23Z</time>
      </trkpt>
      <trkpt lat="41.44353021179775" lon="-81.70373821491808">
        <ele>215.1162312141</ele>
        <time>2026-03-14T08:02:25Z</time>
      </trkpt>
      <trkpt lat="41.44390331816799" lon="-81.70351873896571">
        <ele>213.7611899675</ele>
        <time>2026-03-14T08:02:27Z</time>
      </trkpt>
      <trkpt lat="41.44439326926217" lon="-81.70324817245583">
        <ele>211.6047796915</ele>
        <time>2026-03-14T08:02:30Z</time>
      </trkpt>
      <trkpt lat="41.44452639499215" lon="-81.70317306029321">
        <ele>206.7903695477</ele>
        <time>2026-03-14T08:02:31Z</time>
      </trkpt>
      <trkpt lat="41.44516550059561" lon="-81.70297059971872">
        <ele>206.6740203067</ele>
        <time>2026-03-14T08:02:33Z</time>
      </trkpt>
      <trkpt lat="41.44724083461391" lon="-81.70245586353138">
        <ele>206.4951542223</ele>
        <time>2026-03-14T08:02:42Z</time>
      </trkpt>
      <trkpt lat="41.44872803576055" lon="-81.70211425506048">
        <ele>206.4719029230</ele>
        <time>2026-03-14T08:02:49Z</time>
      </trkpt>
      <trkpt lat="41.44896052083384" lon="-81.70205513562516">
        <ele>206.7516044602</ele>
        <time>2026-03-14T08:02:50Z</time>
      </trkpt>
      <trkpt lat="41.44923755830905" lon="-81.70196381985276">
        <ele>209.7815769253</ele>
        <time>2026-03-14T08:02:52Z</time>
      </trkpt>
      <trkpt lat="41.44997164445334" lon="-81.70184116435985">
        <ele>209.9749508339</ele>
        <time>2026-03-14T08:02:55Z</time>
      </trkpt>
      <trkpt lat="41.45071378822787" lon="-81.70174258656152">
        <ele>210.0859074308</ele>
        <time>2026-03-14T08:02:59Z</time>
      </trkpt>
      <trkpt lat="41.45164580889307" lon="-81.70159742433384">
        <ele>209.8939866541</ele>
        <time>2026-03-14T08:03:02Z</time>
      </trkpt>
      <trkpt lat="41.45444335606648" lon="-81.70128277623424">
        <ele>208.9283247186</ele>
        <time>2026-03-14T08:03:18Z</time>
      </trkpt>
      <trkpt lat="41.45544200690641" lon="-81.70114281469618">
        <ele>209.0836209349</ele>
        <time>2026-03-14T08:03:22Z</time>
      </trkpt>
      <trkpt lat="41.45606709640124" lon="-81.70110321790908">
        <ele>209.1755540188</ele>
        <time>2026-03-14T08:03:25Z</time>
      </trkpt>
      <trkpt lat="41.45609070185331" lon="-81.70089986843915">
        <ele>208.8346443659</ele>
        <time>2026-03-14T08:03:26Z</time>
      </trkpt>
      <trkpt lat="41.45611698277584" lon="-81.70074397963030">
        <ele>208.6113318642</ele>
        <time>2026-03-14T08:03:27Z</time>
      </trkpt>
      <trkpt lat="41.45618077199089" lon="-81.70056919389917">
        <ele>207.4425445034</ele>
        <time>2026-03-14T08:03:28Z</time>
      </trkpt>
      <trkpt lat="41.45626990764598" lon="-81.70036321093373">
        <ele>206.7639306321</ele>
        <time>2026-03-14T08:03:29Z</time>
      </trkpt>
      <trkpt lat="41.45679911530439" lon="-81.69929816913682">
        <ele>201.7921023122</ele>
        <time>2026-03-14T08:03:32Z</time>
      </trkpt>
      <trkpt lat="41.45740158275338" lon="-81.69806948884775">
        <ele>202.4082670938</ele>
        <time>2026-03-14T08:03:37Z</time>
      </trkpt>
      <trkpt lat="41.45767925528209" lon="-81.69748591869427">
        <ele>203.5187815554</ele>
        <time>2026-03-14T08:03:39Z</time>
      </trkpt>
      <trkpt lat="41.45796573392252" lon="-81.69691131257360">
        <ele>204.3794185234</ele>
        <time>2026-03-14T08:03:42Z</time>
      </trkpt>
      <trkpt lat="41.45839321815780" lon="-81.69617132265068">
        <ele>205.7762720123</ele>
        <time>2026-03-14T08:03:44Z</time>
      </trkpt>
      <trkpt lat="41.45848520003477" lon="-81.69604456443051">
        <ele>206.2803488567</ele>
        <time>2026-03-14T08:03:45Z</time>
      </trkpt>
      <trkpt lat="41.45874732691407" lon="-81.69573277474436">
        <ele>206.4013649847</ele>
        <time>2026-03-14T08:03:47Z</time>
      </trkpt>
      <trkpt lat="41.45901731343253" lon="-81.69544112690272">
        <ele>206.7883580530</ele>
        <time>2026-03-14T08:03:48Z</time>
      </trkpt>
      <trkpt lat="41.45937569899392" lon="-81.69508562887609">
        <ele>207.4094240424</ele>
        <time>2026-03-14T08:03:50Z</time>
      </trkpt>
      <trkpt lat="41.45954582491042" lon="-81.69493522162145">
        <ele>207.4977542513</ele>
        <time>2026-03-14T08:03:51Z</time>
      </trkpt>
      <trkpt lat="41.45973991280626" lon="-81.69479730865554">
        <ele>208.0187540699</ele>
        <time>2026-03-14T08:03:52Z</time>
      </trkpt>
      <trkpt lat="41.45990598237378" lon="-81.69467671262372">
        <ele>207.5607767773</ele>
        <time>2026-03-14T08:03:53Z</time>
      </trkpt>
      <trkpt lat="41.46019595525727" lon="-81.69453402906638">
        <ele>206.8278447249</ele>
        <time>2026-03-14T08:03:54Z</time>
      </trkpt>
      <trkpt lat="41.46050937275064" lon="-81.69439434471910">
        <ele>206.4761378517</ele>
        <time>2026-03-14T08:03:55Z</time>
      </trkpt>
      <trkpt lat="41.46077365718366" lon="-81.69428919542071">
        <ele>206.1884614733</ele>
        <time>2026-03-14T08:03:56Z</time>
      </trkpt>
      <trkpt lat="41.46150639834863" lon="-81.69409742391170">
        <ele>204.6538454665</ele>
        <time>2026-03-14T08:04:00Z</time>
      </trkpt>
      <trkpt lat="41.46264765784980" lon="-81.69380617022541">
        <ele>202.5075941060</ele>
        <time>2026-03-14T08:04:05Z</time>
      </trkpt>
      <trkpt lat="41.46464143538932" lon="-81.69331448608163">
        <ele>202.2403895766</ele>
        <time>2026-03-14T08:04:12Z</time>
      </trkpt>
      <trkpt lat="41.46564986812626" lon="-81.69305966635989">
        <ele>202.1416776654</ele>
        <time>2026-03-14T08:04:16Z</time>
      </trkpt>
      <trkpt lat="41.46619603293347" lon="-81.69293483651596">
        <ele>202.0908288523</ele>
        <time>2026-03-14T08:04:18Z</time>
      </trkpt>
      <trkpt lat="41.46700979897386" lon="-81.69280962943100">
        <ele>202.0458829914</ele>
        <time>2026-03-14T08:04:22Z</time>
      </trkpt>
      <trkpt lat="41.46748909576429" lon="-81.69274373217944">
        <ele>202.1454421009</ele>
        <time>2026-03-14T08:04:23Z</time>
      </trkpt>
      <trkpt lat="41.46883358612897" lon="-81.69263784648315">
        <ele>202.1486436412</ele>
        <time>2026-03-14T08:04:29Z</time>
      </trkpt>
      <trkpt lat="41.46922184033077" lon="-81.69262572307429">
        <ele>201.9517032380</ele>
        <time>2026-03-14T08:04:30Z</time>
      </trkpt>
      <trkpt lat="41.46964701353991" lon="-81.69264576595197">
        <ele>202.5064892331</ele>
        <time>2026-03-14T08:04:33Z</time>
      </trkpt>
      <trkpt lat="41.47064807524730" lon="-81.69270100781316">
        <ele>205.0012038911</ele>
        <time>2026-03-14T08:04:38Z</time>
      </trkpt>
      <trkpt lat="41.47335860519578" lon="-81.69289701385914">
        <ele>213.8483135207</ele>
        <time>2026-03-14T08:04:51Z</time>
      </trkpt>
      <trkpt lat="41.47359604077811" lon="-81.69292260146221">
        <ele>210.9677348420</ele>
        <time>2026-03-14T08:04:52Z</time>
      </trkpt>
      <trkpt lat="41.47486730763752" lon="-81.69301939049562">
        <ele>213.2702065294</ele>
        <time>2026-03-14T08:04:57Z</time>
      </trkpt>
      <trkpt lat="41.47708263407603" lon="-81.69314366042457">
        <ele>213.4402480132</ele>
        <time>2026-03-14T08:05:07Z</time>
      </trkpt>
      <trkpt lat="41.47767402011696" lon="-81.69315219612798">
        <ele>213.2039977786</ele>
        <time>2026-03-14T08:05:10Z</time>
      </trkpt>
      <trkpt lat="41.47800681736308" lon="-81.69312434816372">
        <ele>213.4952053755</ele>
        <time>2026-03-14T08:05:12Z</time>
      </trkpt>
      <trkpt lat="41.47923358533726" lon="-81.69294747226154">
        <ele>213.0422651847</ele>
        <time>2026-03-14T08:05:17Z</time>
      </trkpt>
      <trkpt lat="41.47995447520712" lon="-81.69275658373931">
        <ele>212.3448572207</ele>
        <time>2026-03-14T08:05:20Z</time>
      </trkpt>
      <trkpt lat="41.48112454609667" lon="-81.69250188709492">
        <ele>212.0694315828</ele>
        <time>2026-03-14T08:05:25Z</time>
      </trkpt>
      <trkpt lat="41.48215000129061" lon="-81.69221577019677">
        <ele>211.8995028984</ele>
        <time>2026-03-14T08:05:30Z</time>
      </trkpt>
      <trkpt lat="41.48234553720599" lon="-81.69215048283642">
        <ele>211.1773550287</ele>
        <time>2026-03-14T08:05:31Z</time>
      </trkpt>
      <trkpt lat="41.48296820502485" lon="-81.69199267674880">
        <ele>209.5732639999</ele>
        <time>2026-03-14T08:05:33Z</time>
      </trkpt>
      <trkpt lat="41.48323031600026" lon="-81.69192458724282">
        <ele>209.4889207548</ele>
        <time>2026-03-14T08:05:34Z</time>
      </trkpt>
      <trkpt lat="41.48347237163649" lon="-81.69184102041402">
        <ele>213.0068221113</ele>
        <time>2026-03-14T08:05:36Z</time>
      </trkpt>
      <trkpt lat="41.48397559975439" lon="-81.69168022558898">
        <ele>213.1162260954</ele>
        <time>2026-03-14T08:05:38Z</time>
      </trkpt>
      <trkpt lat="41.48421849684266" lon="-81.69159366075047">
        <ele>211.1735107626</ele>
        <time>2026-03-14T08:05:39Z</time>
      </trkpt>
      <trkpt lat="41.48536509086723" lon="-81.69114334948439">
        <ele>210.7098657148</ele>
        <time>2026-03-14T08:05:44Z</time>
      </trkpt>
      <trkpt lat="41.48580167803578" lon="-81.69094251123556">
        <ele>210.6846993878</ele>
        <time>2026-03-14T08:05:46Z</time>
      </trkpt>
      <trkpt lat="41.48625107974236" lon="-81.69069072124294">
        <ele>210.5896982681</ele>
        <time>2026-03-14T08:05:48Z</time>
      </trkpt>
      <trkpt lat="41.48681457520022" lon="-81.69040193654205">
        <ele>210.4213622904</ele>
        <time>2026-03-14T08:05:50Z</time>
      </trkpt>
      <trkpt lat="41.48845443995111" lon="-81.68947331701808">
        <ele>210.0402136699</ele>
        <time>2026-03-14T08:05:58Z</time>
      </trkpt>
      <trkpt lat="41.48972942933182" lon="-81.68873225700042">
        <ele>209.6665612052</ele>
        <time>2026-03-14T08:06:04Z</time>
      </trkpt>
      <trkpt lat="41.49029129699894" lon="-81.68836546987973">
        <ele>209.5885047829</ele>
        <time>2026-03-14T08:06:07Z</time>
      </trkpt>
      <trkpt lat="41.49085233003719" lon="-81.68791358100420">
        <ele>209.2451383256</ele>
        <time>2026-03-14T08:06:10Z</time>
      </trkpt>
      <trkpt lat="41.49191627609345" lon="-81.68694573549232">
        <ele>209.5803745459</ele>
        <time>2026-03-14T08:06:14Z</time>
      </trkpt>
      <trkpt lat="41.49213633879034" lon="-81.68670178927346">
        <ele>209.5293078973</ele>
        <time>2026-03-14T08:06:16Z</time>
      </trkpt>
      <trkpt lat="41.49247001183554" lon="-81.68627919476211">
        <ele>209.4952363113</ele>
        <time>2026-03-14T08:06:17Z</time>
      </trkpt>
      <trkpt lat="41.49285466923302" lon="-81.68569930638654">
        <ele>209.6859021432</ele>
        <time>2026-03-14T08:06:20Z</time>
      </trkpt>
      <trkpt lat="41.49328533390825" lon="-81.68499160492942">
        <ele>209.6529883936</ele>
        <time>2026-03-14T08:06:23Z</time>
      </trkpt>
      <trkpt lat="41.49347226102464" lon="-81.68463934462136">
        <ele>209.7850310726</ele>
        <time>2026-03-14T08:06:24Z</time>
      </trkpt>
      <trkpt lat="41.49366605294821" lon="-81.68428171464797">
        <ele>209.5898169109</ele>
        <time>2026-03-14T08:06:25Z</time>
      </trkpt>
      <trkpt lat="41.49383404450905" lon="-81.68391668849949">
        <ele>210.1497744271</ele>
        <time>2026-03-14T08:06:27Z</time>
      </trkpt>
      <trkpt lat="41.49398563703643" lon="-81.68353525618869">
        <ele>210.9082340398</ele>
        <time>2026-03-14T08:06:28Z</time>
      </trkpt>
      <trkpt lat="41.49414400808036" lon="-81.68316256104349">
        <ele>211.9118807316</ele>
        <time>2026-03-14T08:06:30Z</time>
      </trkpt>
      <trkpt lat="41.49431016036132" lon="-81.68275002712269">
        <ele>212.3628983980</ele>
        <time>2026-03-14T08:06:32Z</time>
      </trkpt>
      <trkpt lat="41.49444651020834" lon="-81.68237673311211">
        <ele>212.9587159911</ele>
        <time>2026-03-14T08:06:33Z</time>
      </trkpt>
      <trkpt lat="41.49456501234958" lon="-81.68199607093882">
        <ele>211.2575669156</ele>
        <time>2026-03-14T08:06:34Z</time>
      </trkpt>
      <trkpt lat="41.49471952632238" lon="-81.68140874293587">
        <ele>210.4071541092</ele>
        <time>2026-03-14T08:06:36Z</time>
      </trkpt>
      <trkpt lat="41.49485068225474" lon="-81.68096432798450">
        <ele>211.2969753485</ele>
        <time>2026-03-14T08:06:37Z</time>
      </trkpt>
      <trkpt lat="41.49502606915616" lon="-81.68032005164122">
        <ele>212.6194147848</ele>
        <time>2026-03-14T08:06:41Z</time>
      </trkpt>
      <trkpt lat="41.49510511467709" lon="-81.68007609515905">
        <ele>213.0216619176</ele>
        <time>2026-03-14T08:06:42Z</time>
      </trkpt>
      <trkpt lat="41.49529827042939" lon="-81.67954290646378">
        <ele>213.5956450390</ele>
        <time>2026-03-14T08:06:44Z</time>
      </trkpt>
      <trkpt lat="41.49552610064642" lon="-81.67899054276761">
        <ele>213.8732542100</ele>
        <time>2026-03-14T08:06:46Z</time>
      </trkpt>
      <trkpt lat="41.49586665461496" lon="-81.67824861547115">
        <ele>213.4367431406</ele>
        <time>2026-03-14T08:06:49Z</time>
      </trkpt>
      <trkpt lat="41.49643746249451" lon="-81.67715565764996">
        <ele>208.2537887018</ele>
        <time>2026-03-14T08:06:54Z</time>
      </trkpt>
      <trkpt lat="41.49741196286962" lon="-81.67522028142749">
        <ele>202.3964650408</ele>
        <time>2026-03-14T08:07:01Z</time>
      </trkpt>
      <trkpt lat="41.49765963312768" lon="-81.67471612014458">
        <ele>201.0467405633</ele>
        <time>2026-03-14T08:07:04Z</time>
      </trkpt>
      <trkpt lat="41.49849887175771" lon="-81.67303095955883">
        <ele>197.8315186289</ele>
        <time>2026-03-14T08:07:10Z</time>
      </trkpt>
      <trkpt lat="41.49876916172644" lon="-81.67253025444082">
        <ele>196.0922801634</ele>
        <time>2026-03-14T08:07:13Z</time>
      </trkpt>
      <trkpt lat="41.49903390843472" lon="-81.67203623296074">
        <ele>196.8209153182</ele>
        <time>2026-03-14T08:07:14Z</time>
      </trkpt>
      <trkpt lat="41.49931175924468" lon="-81.67160322449216">
        <ele>196.9960665391</ele>
        <time>2026-03-14T08:07:16Z</time>
      </trkpt>
      <trkpt lat="41.49964528827168" lon="-81.67117134590546">
        <ele>199.0938927023</ele>
        <time>2026-03-14T08:07:18Z</time>
      </trkpt>
      <trkpt lat="41.49981480924147" lon="-81.67099203002287">
        <ele>198.1849104998</ele>
        <time>2026-03-14T08:07:19Z</time>
      </trkpt>
      <trkpt lat="41.50018084701599" lon="-81.67066300290142">
        <ele>197.9818100286</ele>
        <time>2026-03-14T08:07:21Z</time>
      </trkpt>
      <trkpt lat="41.50054803379956" lon="-81.67036752517160">
        <ele>197.9106329625</ele>
        <time>2026-03-14T08:07:22Z</time>
      </trkpt>
      <trkpt lat="41.50096456577560" lon="-81.67011271213323">
        <ele>197.5709439474</ele>
        <time>2026-03-14T08:07:24Z</time>
      </trkpt>
      <trkpt lat="41.50144959103762" lon="-81.66990023674227">
        <ele>196.5292581956</ele>
        <time>2026-03-14T08:07:26Z</time>
      </trkpt>
      <trkpt lat="41.50172158773145" lon="-81.66982150826306">
        <ele>195.9707098439</ele>
        <time>2026-03-14T08:07:28Z</time>
      </trkpt>
      <trkpt lat="41.50209354344344" lon="-81.66973858561548">
        <ele>195.5480845525</ele>
        <time>2026-03-14T08:07:29Z</time>
      </trkpt>
      <trkpt lat="41.50249364696621" lon="-81.66971438147334">
        <ele>194.9666111318</ele>
        <time>2026-03-14T08:07:31Z</time>
      </trkpt>
      <trkpt lat="41.50274350125516" lon="-81.66972252302747">
        <ele>194.7731029101</ele>
        <time>2026-03-14T08:07:32Z</time>
      </trkpt>
      <trkpt lat="41.50310624214248" lon="-81.66974936663789">
        <ele>193.9115511185</ele>
        <time>2026-03-14T08:07:33Z</time>
      </trkpt>
      <trkpt lat="41.50342218520316" lon="-81.66980804435788">
        <ele>194.0106815381</ele>
        <time>2026-03-14T08:07:35Z</time>
      </trkpt>
      <trkpt lat="41.50447909294265" lon="-81.67012352649512">
        <ele>192.8887684417</ele>
        <time>2026-03-14T08:07:41Z</time>
      </trkpt>
      <trkpt lat="41.50684560009768" lon="-81.67092522390800">
        <ele>190.4299819485</ele>
        <time>2026-03-14T08:07:52Z</time>
      </trkpt>
      <trkpt lat="41.50733076030005" lon="-81.67109409267863">
        <ele>190.1238359118</ele>
        <time>2026-03-14T08:07:53Z</time>
      </trkpt>
      <trkpt lat="41.51100002265580" lon="-81.67233532684403">
        <ele>187.0936745606</ele>
        <time>2026-03-14T08:08:07Z</time>
      </trkpt>
      <trkpt lat="41.51181142086562" lon="-81.67260742202414">
        <ele>187.1033967456</ele>
        <time>2026-03-14T08:08:11Z</time>
      </trkpt>
      <trkpt lat="41.51258488684055" lon="-81.67284477519001">
        <ele>186.0081744522</ele>
        <time>2026-03-14T08:08:14Z</time>
      </trkpt>
      <trkpt lat="41.51341149604240" lon="-81.67312239478515">
        <ele>186.0361097367</ele>
        <time>2026-03-14T08:08:18Z</time>
      </trkpt>
      <trkpt lat="41.51387094247254" lon="-81.67331155927971">
        <ele>186.4618383684</ele>
        <time>2026-03-14T08:08:20Z</time>
      </trkpt>
      <trkpt lat="41.51420461259684" lon="-81.67347689444310">
        <ele>185.7887975041</ele>
        <time>2026-03-14T08:08:21Z</time>
      </trkpt>
      <trkpt lat="41.51489635217819" lon="-81.67388105532120">
        <ele>184.0748816125</ele>
        <time>2026-03-14T08:08:24Z</time>
      </trkpt>
      <trkpt lat="41.51517631025629" lon="-81.67407749164909">
        <ele>182.8033292690</ele>
        <time>2026-03-14T08:08:25Z</time>
      </trkpt>
      <trkpt lat="41.51573656155752" lon="-81.67450669758290">
        <ele>179.8129326645</ele>
        <time>2026-03-14T08:08:29Z</time>
      </trkpt>
      <trkpt lat="41.51650042854723" lon="-81.67520397434609">
        <ele>177.7830203946</ele>
        <time>2026-03-14T08:08:32Z</time>
      </trkpt>
      <trkpt lat="41.51659490965736" lon="-81.67525854005666">
        <ele>177.4580827805</ele>
        <time>2026-03-14T08:08:33Z</time>
      </trkpt>
      <trkpt lat="41.51669115465334" lon="-81.67533350462422">
        <ele>176.8146406097</ele>
        <time>2026-03-14T08:08:34Z</time>
      </trkpt>
      <trkpt lat="41.51679254737128" lon="-81.67537528325411">
        <ele>177.2822452673</ele>
        <time>2026-03-14T08:08:35Z</time>
      </trkpt>
      <trkpt lat="41.51688982721072" lon="-81.67540316085417">
        <ele>177.6719486408</ele>
        <time>2026-03-14T08:08:36Z</time>
      </trkpt>
      <trkpt lat="41.51700884837091" lon="-81.67543071972769">
        <ele>177.7546113252</ele>
        <time>2026-03-14T08:08:37Z</time>
      </trkpt>
      <trkpt lat="41.51710771742390" lon="-81.67545239484825">
        <ele>177.8756923051</ele>
        <time>2026-03-14T08:08:38Z</time>
      </trkpt>
      <trkpt lat="41.51721307577712" lon="-81.67544992982580">
        <ele>177.7365578110</ele>
        <time>2026-03-14T08:08:39Z</time>
      </trkpt>
      <trkpt lat="41.51743638896392" lon="-81.67541062669446">
        <ele>177.0384114240</ele>
        <time>2026-03-14T08:08:40Z</time>
      </trkpt>
      <trkpt lat="41.51753188494182" lon="-81.67535188937680">
        <ele>177.0425603084</ele>
        <time>2026-03-14T08:08:41Z</time>
      </trkpt>
      <trkpt lat="41.51771633871059" lon="-81.67521967233661">
        <ele>176.9620782811</ele>
        <time>2026-03-14T08:08:42Z</time>
      </trkpt>
      <trkpt lat="41.51780945865435" lon="-81.67514903380430">
        <ele>177.0937123423</ele>
        <time>2026-03-14T08:08:43Z</time>
      </trkpt>
      <trkpt lat="41.51788458587727" lon="-81.67504799653592">
        <ele>177.1703094431</ele>
        <time>2026-03-14T08:08:44Z</time>
      </trkpt>
      <trkpt lat="41.51794833086091" lon="-81.67494577997039">
        <ele>177.0936844101</ele>
        <time>2026-03-14T08:08:45Z</time>
      </trkpt>
      <trkpt lat="41.51851019421775" lon="-81.67403927554587">
        <ele>177.2288287230</ele>
        <time>2026-03-14T08:08:49Z</time>
      </trkpt>
      <trkpt lat="41.51891858187627" lon="-81.67332286666299">
        <ele>176.8656804408</ele>
        <time>2026-03-14T08:08:52Z</time>
      </trkpt>
      <trkpt lat="41.51930940833724" lon="-81.67261864192531">
        <ele>176.9844063061</ele>
        <time>2026-03-14T08:08:54Z</time>
      </trkpt>
      <trkpt lat="41.52139262960196" lon="-81.66863551982780">
        <ele>176.9564523989</ele>
        <time>2026-03-14T08:09:07Z</time>
      </trkpt>
      <trkpt lat="41.52210924674726" lon="-81.66719781399722">
        <ele>177.0952263585</ele>
        <time>2026-03-14T08:09:13Z</time>
      </trkpt>
      <trkpt lat="41.52428895993773" lon="-81.66301983838636">
        <ele>177.0338562154</ele>
        <time>2026-03-14T08:09:28Z</time>
      </trkpt>
      <trkpt lat="41.52506042613111" lon="-81.66154606856912">
        <ele>179.0405265727</ele>
        <time>2026-03-14T08:09:34Z</time>
      </trkpt>
      <trkpt lat="41.52901086179423" lon="-81.65395066920065">
        <ele>176.9155217728</ele>
        <time>2026-03-14T08:10:04Z</time>
      </trkpt>
      <trkpt lat="41.53025655387613" lon="-81.65152756065059">
        <ele>178.0119007029</ele>
        <time>2026-03-14T08:10:13Z</time>
      </trkpt>
      <trkpt lat="41.53085108657606" lon="-81.65043781567685">
        <ele>178.1225810337</ele>
        <time>2026-03-14T08:10:17Z</time>
      </trkpt>
      <trkpt lat="41.53127838843674" lon="-81.64977139115881">
        <ele>179.0315402063</ele>
        <time>2026-03-14T08:10:19Z</time>
      </trkpt>
      <trkpt lat="41.53153883637117" lon="-81.64939318948259">
        <ele>179.5231851776</ele>
        <time>2026-03-14T08:10:21Z</time>
      </trkpt>
      <trkpt lat="41.53173329336785" lon="-81.64913797439797">
        <ele>179.1051740498</ele>
        <time>2026-03-14T08:10:22Z</time>
      </trkpt>
      <trkpt lat="41.53225547892347" lon="-81.64849207485086">
        <ele>179.2549073189</ele>
        <time>2026-03-14T08:10:24Z</time>
      </trkpt>
      <trkpt lat="41.53382489839765" lon="-81.64678671598838">
        <ele>177.7112378789</ele>
        <time>2026-03-14T08:10:33Z</time>
      </trkpt>
      <trkpt lat="41.53431044172044" lon="-81.64623347617021">
        <ele>177.6601448925</ele>
        <time>2026-03-14T08:10:35Z</time>
      </trkpt>
      <trkpt lat="41.53466993093891" lon="-81.64579139682046">
        <ele>177.0548697402</ele>
        <time>2026-03-14T08:10:38Z</time>
      </trkpt>
      <trkpt lat="41.53503664603564" lon="-81.64522949235378">
        <ele>177.1341319468</ele>
        <time>2026-03-14T08:10:40Z</time>
      </trkpt>
      <trkpt lat="41.53531393402178" lon="-81.64479230638949">
        <ele>177.8805696821</ele>
        <time>2026-03-14T08:10:41Z</time>
      </trkpt>
      <trkpt lat="41.53644879173123" lon="-81.64276415052629">
        <ele>175.0982330475</ele>
        <time>2026-03-14T08:10:48Z</time>
      </trkpt>
      <trkpt lat="41.53677577217330" lon="-81.64220603322279">
        <ele>174.8785459125</ele>
        <time>2026-03-14T08:10:50Z</time>
      </trkpt>
      <trkpt lat="41.53711906633544" lon="-81.64157998251565">
        <ele>178.2004290990</ele>
        <time>2026-03-14T08:10:52Z</time>
      </trkpt>
      <trkpt lat="41.53745121429372" lon="-81.64103207772439">
        <ele>179.0096298715</ele>
        <time>2026-03-14T08:10:55Z</time>
      </trkpt>
      <trkpt lat="41.53775814890710" lon="-81.64045549753311">
        <ele>180.5427469504</ele>
        <time>2026-03-14T08:10:57Z</time>
      </trkpt>
      <trkpt lat="41.53800828527606" lon="-81.63990952073674">
        <ele>181.3156593707</ele>
        <time>2026-03-14T08:11:00Z</time>
      </trkpt>
      <trkpt lat="41.53824295358089" lon="-81.63933503144300">
        <ele>182.6444361114</ele>
        <time>2026-03-14T08:11:02Z</time>
      </trkpt>
      <trkpt lat="41.53848862314346" lon="-81.63858701895616">
        <ele>183.6386295163</ele>
        <time>2026-03-14T08:11:04Z</time>
      </trkpt>
      <trkpt lat="41.53860851580680" lon="-81.63812198176443">
        <ele>186.0350471729</ele>
        <time>2026-03-14T08:11:05Z</time>
      </trkpt>
      <trkpt lat="41.53876182386445" lon="-81.63754039816349">
        <ele>185.8088363054</ele>
        <time>2026-03-14T08:11:07Z</time>
      </trkpt>
      <trkpt lat="41.53885982352283" lon="-81.63705324105973">
        <ele>186.0167789927</ele>
        <time>2026-03-14T08:11:09Z</time>
      </trkpt>
      <trkpt lat="41.53892548924855" lon="-81.63661115335000">
        <ele>185.6087099656</ele>
        <time>2026-03-14T08:11:10Z</time>
      </trkpt>
      <trkpt lat="41.53896732897091" lon="-81.63624519072778">
        <ele>185.5941192527</ele>
        <time>2026-03-14T08:11:12Z</time>
      </trkpt>
      <trkpt lat="41.53903691812736" lon="-81.63529379477175">
        <ele>185.5338752326</ele>
        <time>2026-03-14T08:11:15Z</time>
      </trkpt>
      <trkpt lat="41.53902756455826" lon="-81.63505959023449">
        <ele>185.5307777680</ele>
        <time>2026-03-14T08:11:16Z</time>
      </trkpt>
      <trkpt lat="41.53906524463207" lon="-81.63368122517899">
        <ele>186.0612417214</ele>
        <time>2026-03-14T08:11:21Z</time>
      </trkpt>
      <trkpt lat="41.53907293362872" lon="-81.63170914364596">
        <ele>186.9832155081</ele>
        <time>2026-03-14T08:11:28Z</time>
      </trkpt>
      <trkpt lat="41.53907542360737" lon="-81.63126027915411">
        <ele>188.0935859734</ele>
        <time>2026-03-14T08:11:29Z</time>
      </trkpt>
      <trkpt lat="41.53907690767058" lon="-81.63075191328102">
        <ele>188.2853654787</ele>
        <time>2026-03-14T08:11:31Z</time>
      </trkpt>
      <trkpt lat="41.53909718357673" lon="-81.63028759799946">
        <ele>187.9672077290</ele>
        <time>2026-03-14T08:11:32Z</time>
      </trkpt>
      <trkpt lat="41.53913518068543" lon="-81.62983708935401">
        <ele>188.0364973299</ele>
        <time>2026-03-14T08:11:33Z</time>
      </trkpt>
      <trkpt lat="41.53919515247887" lon="-81.62938573427321">
        <ele>187.9365440426</ele>
        <time>2026-03-14T08:11:35Z</time>
      </trkpt>
      <trkpt lat="41.53926810488802" lon="-81.62896904575257">
        <ele>187.9848513153</ele>
        <time>2026-03-14T08:11:36Z</time>
      </trkpt>
      <trkpt lat="41.53935583322727" lon="-81.62858748800798">
        <ele>188.0324500099</ele>
        <time>2026-03-14T08:11:37Z</time>
      </trkpt>
      <trkpt lat="41.53944493166655" lon="-81.62820184439593">
        <ele>188.2040863668</ele>
        <time>2026-03-14T08:11:39Z</time>
      </trkpt>
      <trkpt lat="41.53965649409819" lon="-81.62754649507077">
        <ele>188.0523460527</ele>
        <time>2026-03-14T08:11:40Z</time>
      </trkpt>
      <trkpt lat="41.53986495087118" lon="-81.62695126630013">
        <ele>187.9132449790</ele>
        <time>2026-03-14T08:11:43Z</time>
      </trkpt>
      <trkpt lat="41.53995858267300" lon="-81.62672488940051">
        <ele>188.1563560886</ele>
        <time>2026-03-14T08:11:44Z</time>
      </trkpt>
      <trkpt lat="41.54027014662759" lon="-81.62608919228224">
        <ele>188.1762869972</ele>
        <time>2026-03-14T08:11:46Z</time>
      </trkpt>
      <trkpt lat="41.54110129255145" lon="-81.62442126188600">
        <ele>188.2585181471</ele>
        <time>2026-03-14T08:11:53Z</time>
      </trkpt>
      <trkpt lat="41.54298629427341" lon="-81.62065106795509">
        <ele>188.8470734746</ele>
        <time>2026-03-14T08:12:05Z</time>
      </trkpt>
      <trkpt lat="41.54378347718067" lon="-81.61901861719974">
        <ele>189.3449892138</ele>
        <time>2026-03-14T08:12:10Z</time>
      </trkpt>
      <trkpt lat="41.54454745161446" lon="-81.61739740846191">
        <ele>189.5697695211</ele>
        <time>2026-03-14T08:12:15Z</time>
      </trkpt>
      <trkpt lat="41.54529960124931" lon="-81.61574865020077">
        <ele>189.8257163649</ele>
        <time>2026-03-14T08:12:20Z</time>
      </trkpt>
      <trkpt lat="41.54547906659354" lon="-81.61533766513958">
        <ele>189.7946578455</ele>
        <time>2026-03-14T08:12:22Z</time>
      </trkpt>
      <trkpt lat="41.54626148717059" lon="-81.61361822148439">
        <ele>188.7212011817</ele>
        <time>2026-03-14T08:12:27Z</time>
      </trkpt>
      <trkpt lat="41.54722048569155" lon="-81.61142941453208">
        <ele>187.1467683819</ele>
        <time>2026-03-14T08:12:35Z</time>
      </trkpt>
      <trkpt lat="41.54844615203908" lon="-81.60873742457592">
        <ele>185.4797540254</ele>
        <time>2026-03-14T08:12:45Z</time>
      </trkpt>
      <trkpt lat="41.54989350893799" lon="-81.60569491713153">
        <ele>185.9804415207</ele>
        <time>2026-03-14T08:12:55Z</time>
      </trkpt>
      <trkpt lat="41.55040072480422" lon="-81.60464895257822">
        <ele>186.3943934877</ele>
        <time>2026-03-14T08:12:59Z</time>
      </trkpt>
      <trkpt lat="41.55140321691937" lon="-81.60251847297972">
        <ele>187.5971628659</ele>
        <time>2026-03-14T08:13:07Z</time>
      </trkpt>
      <trkpt lat="41.55190387094009" lon="-81.60149942557469">
        <ele>186.1180470406</ele>
        <time>2026-03-14T08:13:11Z</time>
      </trkpt>
      <trkpt lat="41.55268877481122" lon="-81.59984295253338">
        <ele>183.8106181463</ele>
        <time>2026-03-14T08:13:17Z</time>
      </trkpt>
      <trkpt lat="41.55307537401601" lon="-81.59902159643593">
        <ele>184.3178499913</ele>
        <time>2026-03-14T08:13:20Z</time>
      </trkpt>
      <trkpt lat="41.55341996064507" lon="-81.59836415275575">
        <ele>184.4701830544</ele>
        <time>2026-03-14T08:13:23Z</time>
      </trkpt>
      <trkpt lat="41.55382386590078" lon="-81.59767282072590">
        <ele>185.0842047015</ele>
        <time>2026-03-14T08:13:25Z</time>
      </trkpt>
      <trkpt lat="41.55426691637693" lon="-81.59704736114588">
        <ele>184.9334774230</ele>
        <time>2026-03-14T08:13:28Z</time>
      </trkpt>
      <trkpt lat="41.55476284464400" lon="-81.59640848122670">
        <ele>186.0977843237</ele>
        <time>2026-03-14T08:13:31Z</time>
      </trkpt>
      <trkpt lat="41.55523187336908" lon="-81.59590474452274">
        <ele>185.9779576654</ele>
        <time>2026-03-14T08:13:34Z</time>
      </trkpt>
      <trkpt lat="41.55577700411163" lon="-81.59538997413699">
        <ele>185.9454604894</ele>
        <time>2026-03-14T08:13:36Z</time>
      </trkpt>
      <trkpt lat="41.55631464685989" lon="-81.59495981601015">
        <ele>185.3559763226</ele>
        <time>2026-03-14T08:13:39Z</time>
      </trkpt>
      <trkpt lat="41.55705863095711" lon="-81.59446694145662">
        <ele>184.8516004387</ele>
        <time>2026-03-14T08:13:43Z</time>
      </trkpt>
      <trkpt lat="41.55741366195161" lon="-81.59424980614030">
        <ele>185.0288764599</ele>
        <time>2026-03-14T08:13:44Z</time>
      </trkpt>
      <trkpt lat="41.55788448066441" lon="-81.59402129046687">
        <ele>184.5896497138</ele>
        <time>2026-03-14T08:13:46Z</time>
      </trkpt>
      <trkpt lat="41.55935736047780" lon="-81.59340835959301">
        <ele>183.7767012527</ele>
        <time>2026-03-14T08:13:52Z</time>
      </trkpt>
      <trkpt lat="41.56011128677996" lon="-81.59297408174665">
        <ele>183.3687683113</ele>
        <time>2026-03-14T08:13:55Z</time>
      </trkpt>
      <trkpt lat="41.56055878355646" lon="-81.59267693584384">
        <ele>182.9998204946</ele>
        <time>2026-03-14T08:13:57Z</time>
      </trkpt>
      <trkpt lat="41.56104524439998" lon="-81.59229961253436">
        <ele>182.6330691969</ele>
        <time>2026-03-14T08:13:59Z</time>
      </trkpt>
      <trkpt lat="41.56131910553445" lon="-81.59206773797965">
        <ele>182.7608944469</ele>
        <time>2026-03-14T08:14:01Z</time>
      </trkpt>
      <trkpt lat="41.56183168721555" lon="-81.59155532342973">
        <ele>181.9560800687</ele>
        <time>2026-03-14T08:14:04Z</time>
      </trkpt>
      <trkpt lat="41.56236099097497" lon="-81.59094979893769">
        <ele>181.8484068990</ele>
        <time>2026-03-14T08:14:07Z</time>
      </trkpt>
      <trkpt lat="41.56263736814996" lon="-81.59060181576879">
        <ele>181.9688619957</ele>
        <time>2026-03-14T08:14:09Z</time>
      </trkpt>
      <trkpt lat="41.56295539744027" lon="-81.59013408061796">
        <ele>181.8227426236</ele>
        <time>2026-03-14T08:14:11Z</time>
      </trkpt>
      <trkpt lat="41.56335503705713" lon="-81.58948066747857">
        <ele>181.8838413534</ele>
        <time>2026-03-14T08:14:14Z</time>
      </trkpt>
      <trkpt lat="41.56355325226257" lon="-81.58914730392937">
        <ele>182.1956993983</ele>
        <time>2026-03-14T08:14:15Z</time>
      </trkpt>
      <trkpt lat="41.56396940746822" lon="-81.58828006812510">
        <ele>183.0226944523</ele>
        <time>2026-03-14T08:14:18Z</time>
      </trkpt>
      <trkpt lat="41.56425604121565" lon="-81.58757002777853">
        <ele>184.0763163454</ele>
        <time>2026-03-14T08:14:20Z</time>
      </trkpt>
      <trkpt lat="41.56452634484345" lon="-81.58674498414133">
        <ele>185.2401831465</ele>
        <time>2026-03-14T08:14:23Z</time>
      </trkpt>
      <trkpt lat="41.56486364673437" lon="-81.58554574693581">
        <ele>186.6996747549</ele>
        <time>2026-03-14T08:14:27Z</time>
      </trkpt>
      <trkpt lat="41.56509302036521" lon="-81.58470793871921">
        <ele>186.8443177473</ele>
        <time>2026-03-14T08:14:29Z</time>
      </trkpt>
      <trkpt lat="41.56541819006180" lon="-81.58357330426848">
        <ele>187.2101728121</ele>
        <time>2026-03-14T08:14:32Z</time>
      </trkpt>
      <trkpt lat="41.56584953151089" lon="-81.58200152597074">
        <ele>187.9250693607</ele>
        <time>2026-03-14T08:14:37Z</time>
      </trkpt>
      <trkpt lat="41.56615290095637" lon="-81.58081959025377">
        <ele>187.9697525814</ele>
        <time>2026-03-14T08:14:41Z</time>
      </trkpt>
      <trkpt lat="41.56699392246233" lon="-81.57780159419944">
        <ele>188.4827805644</ele>
        <time>2026-03-14T08:14:53Z</time>
      </trkpt>
      <trkpt lat="41.56730351952757" lon="-81.57663075194802">
        <ele>188.8831703191</ele>
        <time>2026-03-14T08:14:57Z</time>
      </trkpt>
      <trkpt lat="41.56747529478929" lon="-81.57603224545016">
        <ele>188.9172607322</ele>
        <time>2026-03-14T08:14:59Z</time>
      </trkpt>
      <trkpt lat="41.56776178643985" lon="-81.57512859421988">
        <ele>188.7507338495</ele>
        <time>2026-03-14T08:15:02Z</time>
      </trkpt>
      <trkpt lat="41.56812620217693" lon="-81.57403587397658">
        <ele>187.8581825083</ele>
        <time>2026-03-14T08:15:05Z</time>
      </trkpt>
      <trkpt lat="41.56858569854759" lon="-81.57268924030419">
        <ele>186.4544634297</ele>
        <time>2026-03-14T08:15:10Z</time>
      </trkpt>
      <trkpt lat="41.56895439043883" lon="-81.57168374881557">
        <ele>184.9256944528</ele>
        <time>2026-03-14T08:15:14Z</time>
      </trkpt>
      <trkpt lat="41.56946564271487" lon="-81.57037706026441">
        <ele>183.8440245053</ele>
        <time>2026-03-14T08:15:18Z</time>
      </trkpt>
      <trkpt lat="41.56982616221511" lon="-81.56948935632481">
        <ele>182.8943008236</ele>
        <time>2026-03-14T08:15:21Z</time>
      </trkpt>
      <trkpt lat="41.57034965554923" lon="-81.56807650016725">
        <ele>183.2793371788</ele>
        <time>2026-03-14T08:15:26Z</time>
      </trkpt>
      <trkpt lat="41.57098690670184" lon="-81.56619710067962">
        <ele>184.0338857292</ele>
        <time>2026-03-14T08:15:33Z</time>
      </trkpt>
      <trkpt lat="41.57267094003186" lon="-81.56047906156746">
        <ele>185.7954917288</ele>
        <time>2026-03-14T08:15:55Z</time>
      </trkpt>
      <trkpt lat="41.57292607573020" lon="-81.55967168849016">
        <ele>185.7373377552</ele>
        <time>2026-03-14T08:15:58Z</time>
      </trkpt>
      <trkpt lat="41.57318324428882" lon="-81.55899958823549">
        <ele>186.2274656748</ele>
        <time>2026-03-14T08:16:00Z</time>
      </trkpt>
      <trkpt lat="41.57336678370065" lon="-81.55850915750534">
        <ele>186.4073086783</ele>
        <time>2026-03-14T08:16:02Z</time>
      </trkpt>
      <trkpt lat="41.57363120190428" lon="-81.55792540211108">
        <ele>186.4456183738</ele>
        <time>2026-03-14T08:16:04Z</time>
      </trkpt>
      <trkpt lat="41.57391611787364" lon="-81.55735668691139">
        <ele>186.5411444523</ele>
        <time>2026-03-14T08:16:06Z</time>
      </trkpt>
      <trkpt lat="41.57658104833902" lon="-81.55220250158580">
        <ele>188.4679302118</ele>
        <time>2026-03-14T08:16:24Z</time>
      </trkpt>
      <trkpt lat="41.57681869866126" lon="-81.55169975553862">
        <ele>188.5833408589</ele>
        <time>2026-03-14T08:16:26Z</time>
      </trkpt>
      <trkpt lat="41.57703731688228" lon="-81.55125015048795">
        <ele>188.7206845389</ele>
        <time>2026-03-14T08:16:27Z</time>
      </trkpt>
      <trkpt lat="41.57728303208719" lon="-81.55064867052464">
        <ele>188.9102341433</ele>
        <time>2026-03-14T08:16:29Z</time>
      </trkpt>
      <trkpt lat="41.57743613795216" lon="-81.55023071394817">
        <ele>189.1127702413</ele>
        <time>2026-03-14T08:16:30Z</time>
      </trkpt>
      <trkpt lat="41.57769000934885" lon="-81.54947875136463">
        <ele>189.4491633187</ele>
        <time>2026-03-14T08:16:33Z</time>
      </trkpt>
      <trkpt lat="41.57821237274224" lon="-81.54770695718030">
        <ele>190.3090287640</ele>
        <time>2026-03-14T08:16:39Z</time>
      </trkpt>
      <trkpt lat="41.57858568394823" lon="-81.54630389685541">
        <ele>190.6120982719</ele>
        <time>2026-03-14T08:16:43Z</time>
      </trkpt>
      <trkpt lat="41.57871507395534" lon="-81.54585808838307">
        <ele>190.0531735455</ele>
        <time>2026-03-14T08:16:45Z</time>
      </trkpt>
      <trkpt lat="41.57882326036889" lon="-81.54548116081200">
        <ele>189.5995422853</ele>
        <time>2026-03-14T08:16:46Z</time>
      </trkpt>
      <trkpt lat="41.57914915025208" lon="-81.54442355718702">
        <ele>190.1413345704</ele>
        <time>2026-03-14T08:16:50Z</time>
      </trkpt>
      <trkpt lat="41.57937717443516" lon="-81.54373102192852">
        <ele>190.7164889813</ele>
        <time>2026-03-14T08:16:52Z</time>
      </trkpt>
      <trkpt lat="41.57965555230138" lon="-81.54305340422741">
        <ele>191.1995653530</ele>
        <time>2026-03-14T08:16:54Z</time>
      </trkpt>
      <trkpt lat="41.57995472584231" lon="-81.54238941765449">
        <ele>191.7446626072</ele>
        <time>2026-03-14T08:16:57Z</time>
      </trkpt>
      <trkpt lat="41.58046568894191" lon="-81.54136920014864">
        <ele>192.3563671851</ele>
        <time>2026-03-14T08:17:01Z</time>
      </trkpt>
      <trkpt lat="41.58084326140349" lon="-81.54067183399242">
        <ele>192.8816268585</ele>
        <time>2026-03-14T08:17:05Z</time>
      </trkpt>
      <trkpt lat="41.58115253009935" lon="-81.54006817784651">
        <ele>193.3146675559</ele>
        <time>2026-03-14T08:17:07Z</time>
      </trkpt>
      <trkpt lat="41.58141228909714" lon="-81.53957050981073">
        <ele>193.3254986132</ele>
        <time>2026-03-14T08:17:08Z</time>
      </trkpt>
      <trkpt lat="41.58231652690711" lon="-81.53779075543321">
        <ele>192.2100568029</ele>
        <time>2026-03-14T08:17:15Z</time>
      </trkpt>
      <trkpt lat="41.58269286472824" lon="-81.53698958900051">
        <ele>192.7234854027</ele>
        <time>2026-03-14T08:17:18Z</time>
      </trkpt>
      <trkpt lat="41.58342721066765" lon="-81.53532669790241">
        <ele>193.0194693100</ele>
        <time>2026-03-14T08:17:25Z</time>
      </trkpt>
      <trkpt lat="41.58377632224925" lon="-81.53445581189160">
        <ele>193.5366968701</ele>
        <time>2026-03-14T08:17:28Z</time>
      </trkpt>
      <trkpt lat="41.58412540838750" lon="-81.53360623241105">
        <ele>193.5531997272</ele>
        <time>2026-03-14T08:17:31Z</time>
      </trkpt>
      <trkpt lat="41.58492890527459" lon="-81.53170381783302">
        <ele>194.1768549674</ele>
        <time>2026-03-14T08:17:38Z</time>
      </trkpt>
      <trkpt lat="41.58560032387105" lon="-81.53006847574940">
        <ele>194.7380438500</ele>
        <time>2026-03-14T08:17:43Z</time>
      </trkpt>
      <trkpt lat="41.58588215345148" lon="-81.52935052056318">
        <ele>195.0144260790</ele>
        <time>2026-03-14T08:17:46Z</time>
      </trkpt>
      <trkpt lat="41.58623418948260" lon="-81.52860435541257">
        <ele>195.1231133450</ele>
        <time>2026-03-14T08:17:49Z</time>
      </trkpt>
      <trkpt lat="41.58704043489485" lon="-81.52708525882846">
        <ele>195.6447099320</ele>
        <time>2026-03-14T08:17:56Z</time>
      </trkpt>
      <trkpt lat="41.58743446024432" lon="-81.52636725338679">
        <ele>195.9395294648</ele>
        <time>2026-03-14T08:17:58Z</time>
      </trkpt>
      <trkpt lat="41.58806175989554" lon="-81.52514301199517">
        <ele>195.3486933885</ele>
        <time>2026-03-14T08:18:04Z</time>
      </trkpt>
      <trkpt lat="41.58888384328650" lon="-81.52366289253203">
        <ele>194.6518722832</ele>
        <time>2026-03-14T08:18:11Z</time>
      </trkpt>
      <trkpt lat="41.58976604235924" lon="-81.52215885267735">
        <ele>193.7871709084</ele>
        <time>2026-03-14T08:18:18Z</time>
      </trkpt>
      <trkpt lat="41.59021100302954" lon="-81.52137729658688">
        <ele>193.9267751089</ele>
        <time>2026-03-14T08:18:20Z</time>
      </trkpt>
      <trkpt lat="41.59071865406399" lon="-81.52053786685242">
        <ele>194.0909213242</ele>
        <time>2026-03-14T08:18:24Z</time>
      </trkpt>
      <trkpt lat="41.59153936317054" lon="-81.51914057494267">
        <ele>193.4645233875</ele>
        <time>2026-03-14T08:18:33Z</time>
      </trkpt>
      <trkpt lat="41.59241495223594" lon="-81.51773337214046">
        <ele>194.2380488501</ele>
        <time>2026-03-14T08:18:39Z</time>
      </trkpt>
      <trkpt lat="41.59296731308572" lon="-81.51684746822117">
        <ele>195.9903983871</ele>
        <time>2026-03-14T08:18:42Z</time>
      </trkpt>
      <trkpt lat="41.59349951436729" lon="-81.51591985247020">
        <ele>197.9677405438</ele>
        <time>2026-03-14T08:18:45Z</time>
      </trkpt>
      <trkpt lat="41.59413281171336" lon="-81.51488562999423">
        <ele>200.1109752789</ele>
        <time>2026-03-14T08:18:49Z</time>
      </trkpt>
      <trkpt lat="41.59451079336571" lon="-81.51422188683468">
        <ele>201.0182041033</ele>
        <time>2026-03-14T08:18:51Z</time>
      </trkpt>
      <trkpt lat="41.59470278535034" lon="-81.51388787636267">
        <ele>199.7630292316</ele>
        <time>2026-03-14T08:18:53Z</time>
      </trkpt>
      <trkpt lat="41.59507152992183" lon="-81.51327328957122">
        <ele>199.7833859304</ele>
        <time>2026-03-14T08:18:55Z</time>
      </trkpt>
      <trkpt lat="41.59525082026103" lon="-81.51295684882852">
        <ele>200.8528700318</ele>
        <time>2026-03-14T08:18:56Z</time>
      </trkpt>
      <trkpt lat="41.59579229115030" lon="-81.51204904719008">
        <ele>199.8089515697</ele>
        <time>2026-03-14T08:19:00Z</time>
      </trkpt>
      <trkpt lat="41.59630204572646" lon="-81.51121814909055">
        <ele>198.1212107233</ele>
        <time>2026-03-14T08:19:04Z</time>
      </trkpt>
      <trkpt lat="41.59691861221648" lon="-81.51016974885547">
        <ele>195.9790301765</ele>
        <time>2026-03-14T08:19:07Z</time>
      </trkpt>
      <trkpt lat="41.59760511019302" lon="-81.50904431120024">
        <ele>194.0064538629</ele>
        <time>2026-03-14T08:19:11Z</time>
      </trkpt>
      <trkpt lat="41.59912311271436" lon="-81.50660807699539">
        <ele>194.8635110319</ele>
        <time>2026-03-14T08:19:22Z</time>
      </trkpt>
      <trkpt lat="41.59980378817174" lon="-81.50549815628413">
        <ele>197.0204224993</ele>
        <time>2026-03-14T08:19:25Z</time>
      </trkpt>
      <trkpt lat="41.60105088705004" lon="-81.50333366608521">
        <ele>199.8296419082</ele>
        <time>2026-03-14T08:19:32Z</time>
      </trkpt>
      <trkpt lat="41.60148343229326" lon="-81.50256923001997">
        <ele>199.3146039720</ele>
        <time>2026-03-14T08:19:35Z</time>
      </trkpt>
      <trkpt lat="41.60165061320473" lon="-81.50225313498895">
        <ele>201.0227964833</ele>
        <time>2026-03-14T08:19:37Z</time>
      </trkpt>
      <trkpt lat="41.60214696855355" lon="-81.50136601866498">
        <ele>200.0004061694</ele>
        <time>2026-03-14T08:19:41Z</time>
      </trkpt>
      <trkpt lat="41.60234733506624" lon="-81.50103718665453">
        <ele>199.9258066452</ele>
        <time>2026-03-14T08:19:42Z</time>
      </trkpt>
      <trkpt lat="41.60249241036941" lon="-81.50078635037556">
        <ele>199.8399566001</ele>
        <time>2026-03-14T08:19:43Z</time>
      </trkpt>
      <trkpt lat="41.60272762937502" lon="-81.50028140626067">
        <ele>200.1112497534</ele>
        <time>2026-03-14T08:19:45Z</time>
      </trkpt>
      <trkpt lat="41.60299237606900" lon="-81.49980208778439">
        <ele>200.9549848461</ele>
        <time>2026-03-14T08:19:47Z</time>
      </trkpt>
      <trkpt lat="41.60324877347810" lon="-81.49934425254034">
        <ele>201.2810155909</ele>
        <time>2026-03-14T08:19:49Z</time>
      </trkpt>
      <trkpt lat="41.60357693867400" lon="-81.49866729378699">
        <ele>201.4121452318</ele>
        <time>2026-03-14T08:19:51Z</time>
      </trkpt>
      <trkpt lat="41.60374434467251" lon="-81.49831099030746">
        <ele>202.1258591998</ele>
        <time>2026-03-14T08:19:52Z</time>
      </trkpt>
      <trkpt lat="41.60397689950849" lon="-81.49771292726989">
        <ele>202.2947983375</ele>
        <time>2026-03-14T08:19:54Z</time>
      </trkpt>
      <trkpt lat="41.60412624173686" lon="-81.49730949203098">
        <ele>202.7841373739</ele>
        <time>2026-03-14T08:19:56Z</time>
      </trkpt>
      <trkpt lat="41.60431433607711" lon="-81.49675822688059">
        <ele>203.0785660974</ele>
        <time>2026-03-14T08:19:58Z</time>
      </trkpt>
      <trkpt lat="41.60441392128041" lon="-81.49633540677279">
        <ele>203.0519028232</ele>
        <time>2026-03-14T08:20:00Z</time>
      </trkpt>
      <trkpt lat="41.60444355368945" lon="-81.49619884914910">
        <ele>203.5547144131</ele>
        <time>2026-03-14T08:20:01Z</time>
      </trkpt>
      <trkpt lat="41.60449017565813" lon="-81.49590132615779">
        <ele>203.3730863984</ele>
        <time>2026-03-14T08:20:02Z</time>
      </trkpt>
      <trkpt lat="41.60451464592749" lon="-81.49560766858335">
        <ele>203.5196377359</ele>
        <time>2026-03-14T08:20:03Z</time>
      </trkpt>
      <trkpt lat="41.60451585433052" lon="-81.49516542991606">
        <ele>204.0067438818</ele>
        <time>2026-03-14T08:20:04Z</time>
      </trkpt>
      <trkpt lat="41.60449629029420" lon="-81.49489029315548">
        <ele>204.1808934278</ele>
        <time>2026-03-14T08:20:05Z</time>
      </trkpt>
      <trkpt lat="41.60442850199693" lon="-81.49445194042737">
        <ele>204.4636219751</ele>
        <time>2026-03-14T08:20:07Z</time>
      </trkpt>
      <trkpt lat="41.60440756477549" lon="-81.49432445482158">
        <ele>204.6498233086</ele>
        <time>2026-03-14T08:20:08Z</time>
      </trkpt>
      <trkpt lat="41.60432726498201" lon="-81.49404716049717">
        <ele>204.9890019377</ele>
        <time>2026-03-14T08:20:09Z</time>
      </trkpt>
      <trkpt lat="41.60423910343349" lon="-81.49377587833796">
        <ele>204.8588427804</ele>
        <time>2026-03-14T08:20:10Z</time>
      </trkpt>
      <trkpt lat="41.60412642023271" lon="-81.49351021446712">
        <ele>205.1715434515</ele>
        <time>2026-03-14T08:20:11Z</time>
      </trkpt>
      <trkpt lat="41.60405762439724" lon="-81.49338446463221">
        <ele>205.2527714286</ele>
        <time>2026-03-14T08:20:12Z</time>
      </trkpt>
      <trkpt lat="41.60386678515351" lon="-81.49304235330379">
        <ele>206.3429971366</ele>
        <time>2026-03-14T08:20:14Z</time>
      </trkpt>
      <trkpt lat="41.60358114010074" lon="-81.49258722985344">
        <ele>208.1505255807</ele>
        <time>2026-03-14T08:20:16Z</time>
      </trkpt>
      <trkpt lat="41.60346867459456" lon="-81.49240600387841">
        <ele>209.0316733851</ele>
        <time>2026-03-14T08:20:17Z</time>
      </trkpt>
      <trkpt lat="41.60315825664805" lon="-81.49198860365254">
        <ele>208.7776314214</ele>
        <time>2026-03-14T08:20:19Z</time>
      </trkpt>
      <trkpt lat="41.60283587145461" lon="-81.49159085972745">
        <ele>208.7149260103</ele>
        <time>2026-03-14T08:20:20Z</time>
      </trkpt>
      <trkpt lat="41.60250515517622" lon="-81.49121940308206">
        <ele>208.7552302178</ele>
        <time>2026-03-14T08:20:22Z</time>
      </trkpt>
      <trkpt lat="41.60209449112605" lon="-81.49077759914192">
        <ele>208.7612117182</ele>
        <time>2026-03-14T08:20:24Z</time>
      </trkpt>
      <trkpt lat="41.60163357006638" lon="-81.49033589955370">
        <ele>207.4404704661</ele>
        <time>2026-03-14T08:20:26Z</time>
      </trkpt>
      <trkpt lat="41.60106259792457" lon="-81.48983395767627">
        <ele>207.7127357741</ele>
        <time>2026-03-14T08:20:28Z</time>
      </trkpt>
      <trkpt lat="41.60087711872623" lon="-81.48967581010517">
        <ele>208.0006626735</ele>
        <time>2026-03-14T08:20:30Z</time>
      </trkpt>
      <trkpt lat="41.60069053862259" lon="-81.48953791410916">
        <ele>207.9986959746</ele>
        <time>2026-03-14T08:20:31Z</time>
      </trkpt>
      <trkpt lat="41.60030329466530" lon="-81.48928782519062">
        <ele>208.4656655025</ele>
        <time>2026-03-14T08:20:33Z</time>
      </trkpt>
      <trkpt lat="41.59990056919953" lon="-81.48906166931701">
        <ele>208.3344114020</ele>
        <time>2026-03-14T08:20:35Z</time>
      </trkpt>
      <trkpt lat="41.59949308967309" lon="-81.48887213587894">
        <ele>209.1592053193</ele>
        <time>2026-03-14T08:20:36Z</time>
      </trkpt>
      <trkpt lat="41.59924754229935" lon="-81.48875829431653">
        <ele>209.7079898995</ele>
        <time>2026-03-14T08:20:37Z</time>
      </trkpt>
      <trkpt lat="41.59883718696344" lon="-81.48861855137784">
        <ele>210.6186270048</ele>
        <time>2026-03-14T08:20:39Z</time>
      </trkpt>
      <trkpt lat="41.59840452978152" lon="-81.48848466580232">
        <ele>211.1158518721</ele>
        <time>2026-03-14T08:20:41Z</time>
      </trkpt>
      <trkpt lat="41.59666588010388" lon="-81.48808437865289">
        <ele>215.8411633225</ele>
        <time>2026-03-14T08:20:48Z</time>
      </trkpt>
      <trkpt lat="41.59600606423624" lon="-81.48792964057027">
        <ele>215.7505592818</ele>
        <time>2026-03-14T08:20:50Z</time>
      </trkpt>
      <trkpt lat="41.59560373295443" lon="-81.48783623442684">
        <ele>217.9748458700</ele>
        <time>2026-03-14T08:20:52Z</time>
      </trkpt>
      <trkpt lat="41.59495140403637" lon="-81.48767705635250">
        <ele>219.9808719923</ele>
        <time>2026-03-14T08:20:56Z</time>
      </trkpt>
      <trkpt lat="41.59474076063190" lon="-81.48760658611604">
        <ele>220.2474396923</ele>
        <time>2026-03-14T08:20:57Z</time>
      </trkpt>
      <trkpt lat="41.59431205347260" lon="-81.48746985959966">
        <ele>221.9709923092</ele>
        <time>2026-03-14T08:20:59Z</time>
      </trkpt>
      <trkpt lat="41.59410808809434" lon="-81.48740028739735">
        <ele>221.8375878695</ele>
        <time>2026-03-14T08:21:00Z</time>
      </trkpt>
      <trkpt lat="41.59369511766831" lon="-81.48719840678153">
        <ele>223.0769017116</ele>
        <time>2026-03-14T08:21:02Z</time>
      </trkpt>
      <trkpt lat="41.59328284030231" lon="-81.48698043931869">
        <ele>224.6877414716</ele>
        <time>2026-03-14T08:21:04Z</time>
      </trkpt>
      <trkpt lat="41.59289414189788" lon="-81.48671403109421">
        <ele>224.9200853748</ele>
        <time>2026-03-14T08:21:06Z</time>
      </trkpt>
      <trkpt lat="41.59270706063690" lon="-81.48656765570654">
        <ele>225.6734990844</ele>
        <time>2026-03-14T08:21:07Z</time>
      </trkpt>
      <trkpt lat="41.59234302612948" lon="-81.48626130401134">
        <ele>226.8431299670</ele>
        <time>2026-03-14T08:21:09Z</time>
      </trkpt>
      <trkpt lat="41.59217166297079" lon="-81.48609497136177">
        <ele>227.4010280700</ele>
        <time>2026-03-14T08:21:10Z</time>
      </trkpt>
      <trkpt lat="41.59182453263991" lon="-81.48574844994216">
        <ele>228.2423756113</ele>
        <time>2026-03-14T08:21:12Z</time>
      </trkpt>
      <trkpt lat="41.59150088632225" lon="-81.48534699291608">
        <ele>229.0571478553</ele>
        <time>2026-03-14T08:21:14Z</time>
      </trkpt>
      <trkpt lat="41.59135006143744" lon="-81.48512879063739">
        <ele>229.8713047652</ele>
        <time>2026-03-14T08:21:15Z</time>
      </trkpt>
      <trkpt lat="41.59120303026214" lon="-81.48491630788969">
        <ele>230.0404467935</ele>
        <time>2026-03-14T08:21:16Z</time>
      </trkpt>
      <trkpt lat="41.59091607108775" lon="-81.48447210505620">
        <ele>231.1704388666</ele>
        <time>2026-03-14T08:21:18Z</time>
      </trkpt>
      <trkpt lat="41.59065512577746" lon="-81.48400424681493">
        <ele>232.1145276893</ele>
        <time>2026-03-14T08:21:20Z</time>
      </trkpt>
      <trkpt lat="41.59054097658674" lon="-81.48373629017497">
        <ele>232.3181140898</ele>
        <time>2026-03-14T08:21:21Z</time>
      </trkpt>
      <trkpt lat="41.59032472328340" lon="-81.48325303455738">
        <ele>233.2592820511</ele>
        <time>2026-03-14T08:21:23Z</time>
      </trkpt>
      <trkpt lat="41.59022334881170" lon="-81.48298904325561">
        <ele>233.6504762461</ele>
        <time>2026-03-14T08:21:24Z</time>
      </trkpt>
      <trkpt lat="41.59013661989781" lon="-81.48272736526809">
        <ele>234.4423834810</ele>
        <time>2026-03-14T08:21:25Z</time>
      </trkpt>
      <trkpt lat="41.58996792005797" lon="-81.48218448276755">
        <ele>234.4421686287</ele>
        <time>2026-03-14T08:21:27Z</time>
      </trkpt>
      <trkpt lat="41.58982685406910" lon="-81.48163955968000">
        <ele>234.5423041141</ele>
        <time>2026-03-14T08:21:29Z</time>
      </trkpt>
      <trkpt lat="41.58972850900739" lon="-81.48106840649000">
        <ele>235.5301138224</ele>
        <time>2026-03-14T08:21:31Z</time>
      </trkpt>
      <trkpt lat="41.58965180848605" lon="-81.48050231285241">
        <ele>236.1305077051</ele>
        <time>2026-03-14T08:21:33Z</time>
      </trkpt>
      <trkpt lat="41.58961175445963" lon="-81.48021468711148">
        <ele>236.5287262288</ele>
        <time>2026-03-14T08:21:34Z</time>
      </trkpt>
      <trkpt lat="41.58956413570314" lon="-81.47962085391411">
        <ele>237.0336980316</ele>
        <time>2026-03-14T08:21:36Z</time>
      </trkpt>
      <trkpt lat="41.58957169079627" lon="-81.47874488968236">
        <ele>237.5484557574</ele>
        <time>2026-03-14T08:21:40Z</time>
      </trkpt>
      <trkpt lat="41.58960095197962" lon="-81.47774509872667">
        <ele>238.5395376930</ele>
        <time>2026-03-14T08:21:43Z</time>
      </trkpt>
      <trkpt lat="41.58993994029700" lon="-81.47007645424121">
        <ele>250.9460697202</ele>
        <time>2026-03-14T08:22:08Z</time>
      </trkpt>
      <trkpt lat="41.59023015281807" lon="-81.46353201815889">
        <ele>248.1817096074</ele>
        <time>2026-03-14T08:22:32Z</time>
      </trkpt>
      <trkpt lat="41.59059316825469" lon="-81.45465082456657">
        <ele>252.8363140056</ele>
        <time>2026-03-14T08:22:54Z</time>
      </trkpt>
      <trkpt lat="41.59065801495962" lon="-81.45403193198095">
        <ele>253.0302490030</ele>
        <time>2026-03-14T08:22:58Z</time>
      </trkpt>
      <trkpt lat="41.59083306118361" lon="-81.44969928535861">
        <ele>256.0473585499</ele>
        <time>2026-03-14T08:23:11Z</time>
      </trkpt>
      <trkpt lat="41.59086476116765" lon="-81.44921325038170">
        <ele>256.5907830417</ele>
        <time>2026-03-14T08:23:13Z</time>
      </trkpt>
      <trkpt lat="41.59088347949955" lon="-81.44890631225947">
        <ele>256.8557074921</ele>
        <time>2026-03-14T08:23:14Z</time>
      </trkpt>
      <trkpt lat="41.59092531004736" lon="-81.44857418241891">
        <ele>256.4113531570</ele>
        <time>2026-03-14T08:23:15Z</time>
      </trkpt>
      <trkpt lat="41.59095478902112" lon="-81.44841049619937">
        <ele>255.0988892380</ele>
        <time>2026-03-14T08:23:16Z</time>
      </trkpt>
      <trkpt lat="41.59103778270750" lon="-81.44809656806730">
        <ele>254.7619580029</ele>
        <time>2026-03-14T08:23:17Z</time>
      </trkpt>
      <trkpt lat="41.59117249591703" lon="-81.44771086471093">
        <ele>254.3127579088</ele>
        <time>2026-03-14T08:23:18Z</time>
      </trkpt>
      <trkpt lat="41.59128261043229" lon="-81.44746184689203">
        <ele>253.7502356186</ele>
        <time>2026-03-14T08:23:20Z</time>
      </trkpt>
      <trkpt lat="41.59142528558087" lon="-81.44722425131043">
        <ele>253.3373587592</ele>
        <time>2026-03-14T08:23:21Z</time>
      </trkpt>
      <trkpt lat="41.59156677082132" lon="-81.44699191350603">
        <ele>252.7394411555</ele>
        <time>2026-03-14T08:23:22Z</time>
      </trkpt>
      <trkpt lat="41.59174030300188" lon="-81.44676962231966">
        <ele>252.5102591884</ele>
        <time>2026-03-14T08:23:23Z</time>
      </trkpt>
      <trkpt lat="41.59194278942817" lon="-81.44655375023123">
        <ele>252.0217994761</ele>
        <time>2026-03-14T08:23:24Z</time>
      </trkpt>
      <trkpt lat="41.59213485278356" lon="-81.44640216065213">
        <ele>250.8393377039</ele>
        <time>2026-03-14T08:23:25Z</time>
      </trkpt>
      <trkpt lat="41.59234500755198" lon="-81.44625757147946">
        <ele>250.3257007582</ele>
        <time>2026-03-14T08:23:26Z</time>
      </trkpt>
      <trkpt lat="41.59253333965767" lon="-81.44614335038595">
        <ele>248.6788966228</ele>
        <time>2026-03-14T08:23:27Z</time>
      </trkpt>
      <trkpt lat="41.59283079362599" lon="-81.44601824069450">
        <ele>247.2780348439</ele>
        <time>2026-03-14T08:23:28Z</time>
      </trkpt>
      <trkpt lat="41.59316393125254" lon="-81.44593758218612">
        <ele>245.1344106822</ele>
        <time>2026-03-14T08:23:29Z</time>
      </trkpt>
      <trkpt lat="41.59379730591900" lon="-81.44581306074024">
        <ele>241.6133847750</ele>
        <time>2026-03-14T08:23:32Z</time>
      </trkpt>
      <trkpt lat="41.59404115639453" lon="-81.44576263307546">
        <ele>241.2890293814</ele>
        <time>2026-03-14T08:23:33Z</time>
      </trkpt>
      <trkpt lat="41.59429744084100" lon="-81.44568731834822">
        <ele>240.7115834801</ele>
        <time>2026-03-14T08:23:34Z</time>
      </trkpt>
      <trkpt lat="41.59452517454174" lon="-81.44559509124122">
        <ele>240.1229176428</ele>
        <time>2026-03-14T08:23:35Z</time>
      </trkpt>
      <trkpt lat="41.59479498785617" lon="-81.44545797653014">
        <ele>239.3701876150</ele>
        <time>2026-03-14T08:23:37Z</time>
      </trkpt>
      <trkpt lat="41.59512109744644" lon="-81.44528130836710">
        <ele>238.9670668187</ele>
        <time>2026-03-14T08:23:38Z</time>
      </trkpt>
      <trkpt lat="41.59581795190533" lon="-81.44485914680016">
        <ele>237.1155956873</ele>
        <time>2026-03-14T08:23:41Z</time>
      </trkpt>
      <trkpt lat="41.59631809350581" lon="-81.44459119631709">
        <ele>235.7990300384</ele>
        <time>2026-03-14T08:23:44Z</time>
      </trkpt>
      <trkpt lat="41.59658079742028" lon="-81.44441893842802">
        <ele>235.0599975431</ele>
        <time>2026-03-14T08:23:46Z</time>
      </trkpt>
      <trkpt lat="41.59740390572188" lon="-81.44380215997076">
        <ele>233.0521796965</ele>
        <time>2026-03-14T08:23:50Z</time>
      </trkpt>
      <trkpt lat="41.59796445566068" lon="-81.44333364864701">
        <ele>232.1380786013</ele>
        <time>2026-03-14T08:23:52Z</time>
      </trkpt>
      <trkpt lat="41.59878723014037" lon="-81.44258562789680">
        <ele>229.9156791836</ele>
        <time>2026-03-14T08:23:57Z</time>
      </trkpt>
      <trkpt lat="41.59931353860802" lon="-81.44205580313226">
        <ele>227.8159160640</ele>
        <time>2026-03-14T08:23:59Z</time>
      </trkpt>
      <trkpt lat="41.59957011556403" lon="-81.44177811198527">
        <ele>226.9266711048</ele>
        <time>2026-03-14T08:24:00Z</time>
      </trkpt>
      <trkpt lat="41.60008928866304" lon="-81.44122396245284">
        <ele>226.0174506882</ele>
        <time>2026-03-14T08:24:03Z</time>
      </trkpt>
      <trkpt lat="41.60057754400290" lon="-81.44064748504175">
        <ele>224.0193874762</ele>
        <time>2026-03-14T08:24:06Z</time>
      </trkpt>
      <trkpt lat="41.60083358488259" lon="-81.44035198816185">
        <ele>223.8534600160</ele>
        <time>2026-03-14T08:24:07Z</time>
      </trkpt>
      <trkpt lat="41.60138862795328" lon="-81.43961184350329">
        <ele>222.2893086083</ele>
        <time>2026-03-14T08:24:10Z</time>
      </trkpt>
      <trkpt lat="41.60161547036526" lon="-81.43930796816778">
        <ele>221.1101429688</ele>
        <time>2026-03-14T08:24:11Z</time>
      </trkpt>
      <trkpt lat="41.60206554808990" lon="-81.43866967507704">
        <ele>221.1264489864</ele>
        <time>2026-03-14T08:24:15Z</time>
      </trkpt>
      <trkpt lat="41.60228363333809" lon="-81.43833482026665">
        <ele>220.1510337816</ele>
        <time>2026-03-14T08:24:16Z</time>
      </trkpt>
      <trkpt lat="41.60270600509561" lon="-81.43767085325182">
        <ele>219.8107358265</ele>
        <time>2026-03-14T08:24:18Z</time>
      </trkpt>
      <trkpt lat="41.60813549225756" lon="-81.42882564480432">
        <ele>216.1351085346</ele>
        <time>2026-03-14T08:24:54Z</time>
      </trkpt>
      <trkpt lat="41.60891527681118" lon="-81.42756972877434">
        <ele>216.1190979629</ele>
        <time>2026-03-14T08:24:59Z</time>
      </trkpt>
      <trkpt lat="41.60941588972378" lon="-81.42681976782930">
        <ele>216.7000729007</ele>
        <time>2026-03-14T08:25:02Z</time>
      </trkpt>
      <trkpt lat="41.61123030382841" lon="-81.42386480917921">
        <ele>217.7499023851</ele>
        <time>2026-03-14T08:25:12Z</time>
      </trkpt>
      <trkpt lat="41.61230529450174" lon="-81.42207928610425">
        <ele>216.2775884827</ele>
        <time>2026-03-14T08:25:19Z</time>
      </trkpt>
      <trkpt lat="41.61359206103685" lon="-81.41999783195287">
        <ele>211.9428019822</ele>
        <time>2026-03-14T08:25:27Z</time>
      </trkpt>
      <trkpt lat="41.61712870313257" lon="-81.41423555965615">
        <ele>199.3695276503</ele>
        <time>2026-03-14T08:25:46Z</time>
      </trkpt>
      <trkpt lat="41.61955539770469" lon="-81.41049044159466">
        <ele>195.5083836401</ele>
        <time>2026-03-14T08:26:04Z</time>
      </trkpt>
      <trkpt lat="41.61993612623604" lon="-81.40988947698870">
        <ele>194.6280154413</ele>
        <time>2026-03-14T08:26:07Z</time>
      </trkpt>
      <trkpt lat="41.62166826135088" lon="-81.40724979172148">
        <ele>194.1919849402</ele>
        <time>2026-03-14T08:26:19Z</time>
      </trkpt>
      <trkpt lat="41.62388622960258" lon="-81.40379458892883">
        <ele>193.0480248262</ele>
        <time>2026-03-14T08:26:31Z</time>
      </trkpt>
      <trkpt lat="41.62544276214047" lon="-81.40140850929647">
        <ele>192.4632873837</ele>
        <time>2026-03-14T08:26:45Z</time>
      </trkpt>
      <trkpt lat="41.62624446956095" lon="-81.40013983286765">
        <ele>191.9764384061</ele>
        <time>2026-03-14T08:26:50Z</time>
      </trkpt>
      <trkpt lat="41.62650817602528" lon="-81.39972701037514">
        <ele>191.4772848679</ele>
        <time>2026-03-14T08:26:51Z</time>
      </trkpt>
      <trkpt lat="41.62682909477701" lon="-81.39924537224766">
        <ele>191.3801846497</ele>
        <time>2026-03-14T08:26:53Z</time>
      </trkpt>
      <trkpt lat="41.62738563565701" lon="-81.39839989180385">
        <ele>190.8081873836</ele>
        <time>2026-03-14T08:26:57Z</time>
      </trkpt>
      <trkpt lat="41.62757269272986" lon="-81.39812107267525">
        <ele>192.8969433504</ele>
        <time>2026-03-14T08:26:58Z</time>
      </trkpt>
      <trkpt lat="41.62936679462459" lon="-81.39536404724230">
        <ele>194.2219525661</ele>
        <time>2026-03-14T08:27:07Z</time>
      </trkpt>
      <trkpt lat="41.63061148121546" lon="-81.39342833757152">
        <ele>196.9482574042</ele>
        <time>2026-03-14T08:27:14Z</time>
      </trkpt>
      <trkpt lat="41.63109422140729" lon="-81.39268844138583">
        <ele>194.5453128277</ele>
        <time>2026-03-14T08:27:17Z</time>
      </trkpt>
      <trkpt lat="41.63125798598517" lon="-81.39240677174990">
        <ele>200.0450037779</ele>
        <time>2026-03-14T08:27:18Z</time>
      </trkpt>
      <trkpt lat="41.63303191800831" lon="-81.38960418618392">
        <ele>206.0364275513</ele>
        <time>2026-03-14T08:27:30Z</time>
      </trkpt>
      <trkpt lat="41.63362198184324" lon="-81.38854483961127">
        <ele>208.2968154778</ele>
        <time>2026-03-14T08:27:34Z</time>
      </trkpt>
      <trkpt lat="41.63443801802764" lon="-81.38696440210047">
        <ele>211.5444023009</ele>
        <time>2026-03-14T08:27:42Z</time>
      </trkpt>
      <trkpt lat="41.63539657382982" lon="-81.38497095555769">
        <ele>214.0639539445</ele>
        <time>2026-03-14T08:27:50Z</time>
      </trkpt>
      <trkpt lat="41.63600197643345" lon="-81.38369755948078">
        <ele>215.0498978168</ele>
        <time>2026-03-14T08:27:55Z</time>
      </trkpt>
      <trkpt lat="41.63757695532819" lon="-81.38030757374065">
        <ele>217.6668452047</ele>
        <time>2026-03-14T08:28:06Z</time>
      </trkpt>
      <trkpt lat="41.63867631082886" lon="-81.37797988424411">
        <ele>219.0929990211</ele>
        <time>2026-03-14T08:28:13Z</time>
      </trkpt>
      <trkpt lat="41.63906622760819" lon="-81.37707405837034">
        <ele>219.6989434841</ele>
        <time>2026-03-14T08:28:17Z</time>
      </trkpt>
      <trkpt lat="41.63982749653903" lon="-81.37505400944725">
        <ele>220.4408681676</ele>
        <time>2026-03-14T08:28:23Z</time>
      </trkpt>
      <trkpt lat="41.63993375731455" lon="-81.37476076549159">
        <ele>220.9503283856</ele>
        <time>2026-03-14T08:28:24Z</time>
      </trkpt>
      <trkpt lat="41.64037432644312" lon="-81.37360245207731">
        <ele>222.0004770865</ele>
        <time>2026-03-14T08:28:28Z</time>
      </trkpt>
      <trkpt lat="41.64072532191686" lon="-81.37252611574587">
        <ele>222.4949977275</ele>
        <time>2026-03-14T08:28:31Z</time>
      </trkpt>
      <trkpt lat="41.64145478177046" lon="-81.36995038199653">
        <ele>224.9836020127</ele>
        <time>2026-03-14T08:28:43Z</time>
      </trkpt>
      <trkpt lat="41.64162275296894" lon="-81.36927040042555">
        <ele>226.1182484148</ele>
        <time>2026-03-14T08:28:45Z</time>
      </trkpt>
      <trkpt lat="41.64187740507369" lon="-81.36820613819255">
        <ele>227.6946172045</ele>
        <time>2026-03-14T08:28:48Z</time>
      </trkpt>
      <trkpt lat="41.64215032351573" lon="-81.36684389241097">
        <ele>229.7843991146</ele>
        <time>2026-03-14T08:28:54Z</time>
      </trkpt>
      <trkpt lat="41.64222108874547" lon="-81.36651287946370">
        <ele>230.0152500375</ele>
        <time>2026-03-14T08:28:55Z</time>
      </trkpt>
      <trkpt lat="41.64248857855730" lon="-81.36510662364628">
        <ele>232.0856778236</ele>
        <time>2026-03-14T08:28:59Z</time>
      </trkpt>
      <trkpt lat="41.64271081922643" lon="-81.36371530593155">
        <ele>233.5271186864</ele>
        <time>2026-03-14T08:29:03Z</time>
      </trkpt>
      <trkpt lat="41.64283669169050" lon="-81.36287198189785">
        <ele>234.3642333217</ele>
        <time>2026-03-14T08:29:06Z</time>
      </trkpt>
      <trkpt lat="41.64318913295838" lon="-81.36012333577168">
        <ele>236.2536644826</ele>
        <time>2026-03-14T08:29:13Z</time>
      </trkpt>
      <trkpt lat="41.64414232659144" lon="-81.35311762746021">
        <ele>234.0710859252</ele>
        <time>2026-03-14T08:29:34Z</time>
      </trkpt>
      <trkpt lat="41.64453047128544" lon="-81.35034204501881">
        <ele>234.0188724418</ele>
        <time>2026-03-14T08:29:43Z</time>
      </trkpt>
      <trkpt lat="41.64493951194974" lon="-81.34725375970972">
        <ele>232.9954207707</ele>
        <time>2026-03-14T08:29:56Z</time>
      </trkpt>
      <trkpt lat="41.64505952198166" lon="-81.34625361404846">
        <ele>232.9184636159</ele>
        <time>2026-03-14T08:29:58Z</time>
      </trkpt>
      <trkpt lat="41.64521590384216" lon="-81.34535752882798">
        <ele>233.2512643407</ele>
        <time>2026-03-14T08:30:01Z</time>
      </trkpt>
      <trkpt lat="41.64541122655245" lon="-81.34390458971252">
        <ele>233.9241031247</ele>
        <time>2026-03-14T08:30:06Z</time>
      </trkpt>
      <trkpt lat="41.64586624344491" lon="-81.34044007365829">
        <ele>238.0352789939</ele>
        <time>2026-03-14T08:30:15Z</time>
      </trkpt>
      <trkpt lat="41.64613404559801" lon="-81.33859694067576">
        <ele>240.9587046194</ele>
        <time>2026-03-14T08:30:20Z</time>
      </trkpt>
      <trkpt lat="41.64642394113019" lon="-81.33639879202134">
        <ele>241.8523670716</ele>
        <time>2026-03-14T08:30:26Z</time>
      </trkpt>
      <trkpt lat="41.64657777714726" lon="-81.33508803857509">
        <ele>242.0090423556</ele>
        <time>2026-03-14T08:30:32Z</time>
      </trkpt>
      <trkpt lat="41.64718285236245" lon="-81.33079987870691">
        <ele>236.8753383042</ele>
        <time>2026-03-14T08:30:45Z</time>
      </trkpt>
      <trkpt lat="41.64738788113252" lon="-81.32888869993828">
        <ele>234.0649428681</ele>
        <time>2026-03-14T08:30:51Z</time>
      </trkpt>
      <trkpt lat="41.64750933539629" lon="-81.32731470625524">
        <ele>231.9337529177</ele>
        <time>2026-03-14T08:30:56Z</time>
      </trkpt>
      <trkpt lat="41.64758341593564" lon="-81.32612860014562">
        <ele>232.1693610832</ele>
        <time>2026-03-14T08:31:00Z</time>
      </trkpt>
      <trkpt lat="41.64761135001673" lon="-81.32474882786533">
        <ele>232.0466464651</ele>
        <time>2026-03-14T08:31:04Z</time>
      </trkpt>
      <trkpt lat="41.64762057901570" lon="-81.32301320332263">
        <ele>233.0362162023</ele>
        <time>2026-03-14T08:31:09Z</time>
      </trkpt>
      <trkpt lat="41.64755016567984" lon="-81.32085936930635">
        <ele>234.8679040404</ele>
        <time>2026-03-14T08:31:16Z</time>
      </trkpt>
      <trkpt lat="41.64747529166485" lon="-81.31821021342347">
        <ele>236.3296539548</ele>
        <time>2026-03-14T08:31:24Z</time>
      </trkpt>
      <trkpt lat="41.64739974512983" lon="-81.31537554460736">
        <ele>237.8586623311</ele>
        <time>2026-03-14T08:31:33Z</time>
      </trkpt>
      <trkpt lat="41.64728929848187" lon="-81.31173541752062">
        <ele>239.8315490096</ele>
        <time>2026-03-14T08:31:45Z</time>
      </trkpt>
      <trkpt lat="41.64727025999965" lon="-81.31035956938862">
        <ele>240.9733489560</ele>
        <time>2026-03-14T08:31:48Z</time>
      </trkpt>
      <trkpt lat="41.64727248893689" lon="-81.30958248442913">
        <ele>241.9603025547</ele>
        <time>2026-03-14T08:31:51Z</time>
      </trkpt>
      <trkpt lat="41.64727912894356" lon="-81.30881526037203">
        <ele>242.7984777383</ele>
        <time>2026-03-14T08:31:53Z</time>
      </trkpt>
      <trkpt lat="41.64734792800488" lon="-81.30736170944084">
        <ele>245.9548189880</ele>
        <time>2026-03-14T08:31:57Z</time>
      </trkpt>
      <trkpt lat="41.64739764744584" lon="-81.30630993977715">
        <ele>247.6958985514</ele>
        <time>2026-03-14T08:32:00Z</time>
      </trkpt>
      <trkpt lat="41.64745789031241" lon="-81.30552678687391">
        <ele>248.5834527760</ele>
        <time>2026-03-14T08:32:02Z</time>
      </trkpt>
      <trkpt lat="41.64752306987834" lon="-81.30473339789552">
        <ele>250.2502512555</ele>
        <time>2026-03-14T08:32:05Z</time>
      </trkpt>
      <trkpt lat="41.64759960116167" lon="-81.30385608955476">
        <ele>251.5448796587</ele>
        <time>2026-03-14T08:32:08Z</time>
      </trkpt>
      <trkpt lat="41.64773567335700" lon="-81.30285735126282">
        <ele>253.2438747440</ele>
        <time>2026-03-14T08:32:11Z</time>
      </trkpt>
      <trkpt lat="41.64798294893853" lon="-81.30109651123337">
        <ele>255.9840169355</ele>
        <time>2026-03-14T08:32:17Z</time>
      </trkpt>
      <trkpt lat="41.64816362896280" lon="-81.29999050698176">
        <ele>258.0991279326</ele>
        <time>2026-03-14T08:32:21Z</time>
      </trkpt>
      <trkpt lat="41.64832216154813" lon="-81.29903481751445">
        <ele>259.8046615549</ele>
        <time>2026-03-14T08:32:24Z</time>
      </trkpt>
      <trkpt lat="41.64854865876779" lon="-81.29790964904817">
        <ele>262.2988409091</ele>
        <time>2026-03-14T08:32:27Z</time>
      </trkpt>
      <trkpt lat="41.64912267524089" lon="-81.29540078240478">
        <ele>266.1822615002</ele>
        <time>2026-03-14T08:32:35Z</time>
      </trkpt>
      <trkpt lat="41.64960587264243" lon="-81.29368109930012">
        <ele>269.0835717842</ele>
        <time>2026-03-14T08:32:40Z</time>
      </trkpt>
      <trkpt lat="41.64984288530309" lon="-81.29288186292452">
        <ele>270.1148246057</ele>
        <time>2026-03-14T08:32:43Z</time>
      </trkpt>
      <trkpt lat="41.65012560376197" lon="-81.29203011694857">
        <ele>270.8839527797</ele>
        <time>2026-03-14T08:32:46Z</time>
      </trkpt>
      <trkpt lat="41.65047207396314" lon="-81.29101057519307">
        <ele>272.3972387176</ele>
        <time>2026-03-14T08:32:50Z</time>
      </trkpt>
      <trkpt lat="41.65086798144007" lon="-81.28990756575236">
        <ele>274.3288543424</ele>
        <time>2026-03-14T08:32:54Z</time>
      </trkpt>
      <trkpt lat="41.65118989115502" lon="-81.28906715358197">
        <ele>275.0318137833</ele>
        <time>2026-03-14T08:32:57Z</time>
      </trkpt>
      <trkpt lat="41.65176250204920" lon="-81.28769468405480">
        <ele>276.6632481674</ele>
        <time>2026-03-14T08:33:02Z</time>
      </trkpt>
      <trkpt lat="41.65305553114614" lon="-81.28476646724955">
        <ele>278.7780687574</ele>
        <time>2026-03-14T08:33:10Z</time>
      </trkpt>
      <trkpt lat="41.65432054602974" lon="-81.28197464396382">
        <ele>277.6434237303</ele>
        <time>2026-03-14T08:33:21Z</time>
      </trkpt>
      <trkpt lat="41.65601786782279" lon="-81.27823540418385">
        <ele>274.0652879062</ele>
        <time>2026-03-14T08:33:34Z</time>
      </trkpt>
      <trkpt lat="41.65783081780236" lon="-81.27419152206240">
        <ele>267.1127887324</ele>
        <time>2026-03-14T08:33:46Z</time>
      </trkpt>
      <trkpt lat="41.66006903660112" lon="-81.26920352957315">
        <ele>264.8204326106</ele>
        <time>2026-03-14T08:34:01Z</time>
      </trkpt>
      <trkpt lat="41.66240489115144" lon="-81.26400170297546">
        <ele>257.7666815974</ele>
        <time>2026-03-14T08:34:17Z</time>
      </trkpt>
      <trkpt lat="41.66255657178404" lon="-81.26369170969359">
        <ele>256.5278594273</ele>
        <time>2026-03-14T08:34:18Z</time>
      </trkpt>
      <trkpt lat="41.66361629683992" lon="-81.26131381426552">
        <ele>255.7693818992</ele>
        <time>2026-03-14T08:34:27Z</time>
      </trkpt>
      <trkpt lat="41.66427531625383" lon="-81.25983057817031">
        <ele>256.9029766235</ele>
        <time>2026-03-14T08:34:32Z</time>
      </trkpt>
      <trkpt lat="41.66491822080296" lon="-81.25843197905506">
        <ele>259.1746413147</ele>
        <time>2026-03-14T08:34:38Z</time>
      </trkpt>
      <trkpt lat="41.66657941395120" lon="-81.25465950131745">
        <ele>263.0430313302</ele>
        <time>2026-03-14T08:34:58Z</time>
      </trkpt>
      <trkpt lat="41.66791843084043" lon="-81.25190669404205">
        <ele>264.0552330606</ele>
        <time>2026-03-14T08:35:10Z</time>
      </trkpt>
      <trkpt lat="41.66899986082659" lon="-81.24967826454348">
        <ele>261.0945395616</ele>
        <time>2026-03-14T08:35:18Z</time>
      </trkpt>
      <trkpt lat="41.66994958317849" lon="-81.24749500593815">
        <ele>257.8992753134</ele>
        <time>2026-03-14T08:35:25Z</time>
      </trkpt>
      <trkpt lat="41.67072543997263" lon="-81.24568557907658">
        <ele>256.1849299796</ele>
        <time>2026-03-14T08:35:30Z</time>
      </trkpt>
      <trkpt lat="41.67183192350996" lon="-81.24285289787935">
        <ele>252.9282820504</ele>
        <time>2026-03-14T08:35:39Z</time>
      </trkpt>
      <trkpt lat="41.67221867626245" lon="-81.24199286405745">
        <ele>252.9109919116</ele>
        <time>2026-03-14T08:35:43Z</time>
      </trkpt>
      <trkpt lat="41.67298769139477" lon="-81.23997467489022">
        <ele>253.8903888765</ele>
        <time>2026-03-14T08:35:49Z</time>
      </trkpt>
      <trkpt lat="41.67422027253904" lon="-81.23692571293593">
        <ele>258.0826080994</ele>
        <time>2026-03-14T08:36:01Z</time>
      </trkpt>
      <trkpt lat="41.67591312694231" lon="-81.23274463047625">
        <ele>251.8930285533</ele>
        <time>2026-03-14T08:36:17Z</time>
      </trkpt>
      <trkpt lat="41.67871520066540" lon="-81.22577231478157">
        <ele>241.9238256912</ele>
        <time>2026-03-14T08:36:44Z</time>
      </trkpt>
      <trkpt lat="41.67944056670848" lon="-81.22416980918952">
        <ele>239.5920431728</ele>
        <time>2026-03-14T08:36:50Z</time>
      </trkpt>
      <trkpt lat="41.68024422557031" lon="-81.22256549962887">
        <ele>237.2515216368</ele>
        <time>2026-03-14T08:36:56Z</time>
      </trkpt>
      <trkpt lat="41.68112519042220" lon="-81.22088893974936">
        <ele>234.3540653478</ele>
        <time>2026-03-14T08:37:03Z</time>
      </trkpt>
      <trkpt lat="41.68222599149711" lon="-81.21903575287001">
        <ele>231.5937414892</ele>
        <time>2026-03-14T08:37:13Z</time>
      </trkpt>
      <trkpt lat="41.68250316597289" lon="-81.21857467961613">
        <ele>230.9070267397</ele>
        <time>2026-03-14T08:37:15Z</time>
      </trkpt>
      <trkpt lat="41.68318359538930" lon="-81.21745338494424">
        <ele>229.0790754418</ele>
        <time>2026-03-14T08:37:22Z</time>
      </trkpt>
      <trkpt lat="41.68394394246998" lon="-81.21624297164740">
        <ele>230.6289422625</ele>
        <time>2026-03-14T08:37:26Z</time>
      </trkpt>
      <trkpt lat="41.68478364539663" lon="-81.21486147606937">
        <ele>232.5214524453</ele>
        <time>2026-03-14T08:37:32Z</time>
      </trkpt>
      <trkpt lat="41.68598477721353" lon="-81.21282627985812">
        <ele>234.8363407785</ele>
        <time>2026-03-14T08:37:41Z</time>
      </trkpt>
      <trkpt lat="41.68646384302485" lon="-81.21203737451398">
        <ele>236.1410427654</ele>
        <time>2026-03-14T08:37:44Z</time>
      </trkpt>
      <trkpt lat="41.68866233025435" lon="-81.20834190606045">
        <ele>244.3163138155</ele>
        <time>2026-03-14T08:38:10Z</time>
      </trkpt>
      <trkpt lat="41.69008503269794" lon="-81.20611236616392">
        <ele>249.2077617899</ele>
        <time>2026-03-14T08:38:19Z</time>
      </trkpt>
      <trkpt lat="41.69094630428751" lon="-81.20462706582974">
        <ele>251.9263247529</ele>
        <time>2026-03-14T08:38:25Z</time>
      </trkpt>
      <trkpt lat="41.69137116542135" lon="-81.20396340891884">
        <ele>253.7214429412</ele>
        <time>2026-03-14T08:38:28Z</time>
      </trkpt>
      <trkpt lat="41.69285687516124" lon="-81.20140294628665">
        <ele>258.2249698660</ele>
        <time>2026-03-14T08:38:39Z</time>
      </trkpt>
      <trkpt lat="41.69401789766581" lon="-81.19959833044996">
        <ele>257.9122105158</ele>
        <time>2026-03-14T08:38:46Z</time>
      </trkpt>
      <trkpt lat="41.69549872516156" lon="-81.19712287729196">
        <ele>256.1404341743</ele>
        <time>2026-03-14T08:38:54Z</time>
      </trkpt>
      <trkpt lat="41.69583481689779" lon="-81.19660589667255">
        <ele>255.3713921560</ele>
        <time>2026-03-14T08:38:56Z</time>
      </trkpt>
      <trkpt lat="41.70107975770636" lon="-81.18789167952703">
        <ele>258.9804694349</ele>
        <time>2026-03-14T08:39:45Z</time>
      </trkpt>
      <trkpt lat="41.70277396310762" lon="-81.18509392664181">
        <ele>259.0182394333</ele>
        <time>2026-03-14T08:39:56Z</time>
      </trkpt>
      <trkpt lat="41.70374794061987" lon="-81.18351655470087">
        <ele>257.7869337766</ele>
        <time>2026-03-14T08:40:02Z</time>
      </trkpt>
      <trkpt lat="41.70425303931468" lon="-81.18266382889227">
        <ele>257.2575200301</ele>
        <time>2026-03-14T08:40:05Z</time>
      </trkpt>
      <trkpt lat="41.70602882939426" lon="-81.17970452895875">
        <ele>252.1272207841</ele>
        <time>2026-03-14T08:40:18Z</time>
      </trkpt>
      <trkpt lat="41.71003647217911" lon="-81.17299724250553">
        <ele>241.1880011026</ele>
        <time>2026-03-14T08:40:44Z</time>
      </trkpt>
      <trkpt lat="41.71168382583902" lon="-81.17036667382840">
        <ele>234.6666038718</ele>
        <time>2026-03-14T08:40:56Z</time>
      </trkpt>
      <trkpt lat="41.71228265187317" lon="-81.16938774650583">
        <ele>231.9784069707</ele>
        <time>2026-03-14T08:41:00Z</time>
      </trkpt>
      <trkpt lat="41.71288732137238" lon="-81.16831554883029">
        <ele>228.4831806052</ele>
        <time>2026-03-14T08:41:04Z</time>
      </trkpt>
      <trkpt lat="41.71327193097517" lon="-81.16760154200142">
        <ele>226.2994973774</ele>
        <time>2026-03-14T08:41:08Z</time>
      </trkpt>
      <trkpt lat="41.71362753053747" lon="-81.16687501914177">
        <ele>224.2821539782</ele>
        <time>2026-03-14T08:41:10Z</time>
      </trkpt>
      <trkpt lat="41.71441139011362" lon="-81.16514014516147">
        <ele>223.2449455357</ele>
        <time>2026-03-14T08:41:16Z</time>
      </trkpt>
      <trkpt lat="41.71486340300785" lon="-81.16405262767138">
        <ele>224.9956525338</ele>
        <time>2026-03-14T08:41:21Z</time>
      </trkpt>
      <trkpt lat="41.71498853381814" lon="-81.16369235454872">
        <ele>223.4132041573</ele>
        <time>2026-03-14T08:41:22Z</time>
      </trkpt>
      <trkpt lat="41.71564326452151" lon="-81.16188695609405">
        <ele>230.0005080180</ele>
        <time>2026-03-14T08:41:29Z</time>
      </trkpt>
      <trkpt lat="41.71640706089658" lon="-81.15940422697184">
        <ele>236.0073190628</ele>
        <time>2026-03-14T08:41:37Z</time>
      </trkpt>
      <trkpt lat="41.71689740246487" lon="-81.15732799036749">
        <ele>240.5327974356</ele>
        <time>2026-03-14T08:41:43Z</time>
      </trkpt>
      <trkpt lat="41.71721642367218" lon="-81.15563768339865">
        <ele>244.2988446460</ele>
        <time>2026-03-14T08:41:50Z</time>
      </trkpt>
      <trkpt lat="41.71764560128076" lon="-81.15265239651887">
        <ele>250.9187490314</ele>
        <time>2026-03-14T08:42:03Z</time>
      </trkpt>
      <trkpt lat="41.71934855456750" lon="-81.13985617620772">
        <ele>257.9988234465</ele>
        <time>2026-03-14T08:42:40Z</time>
      </trkpt>
      <trkpt lat="41.71964001413693" lon="-81.13768357440857">
        <ele>259.0774618169</ele>
        <time>2026-03-14T08:42:47Z</time>
      </trkpt>
      <trkpt lat="41.72008633775904" lon="-81.13432923722735">
        <ele>261.1451072434</ele>
        <time>2026-03-14T08:43:00Z</time>
      </trkpt>
      <trkpt lat="41.72037797889399" lon="-81.13274811419267">
        <ele>261.9824166303</ele>
        <time>2026-03-14T08:43:04Z</time>
      </trkpt>
      <trkpt lat="41.72076899389028" lon="-81.13098586883240">
        <ele>261.6995042484</ele>
        <time>2026-03-14T08:43:11Z</time>
      </trkpt>
      <trkpt lat="41.72140122324165" lon="-81.12856164444509">
        <ele>260.7292606441</ele>
        <time>2026-03-14T08:43:19Z</time>
      </trkpt>
      <trkpt lat="41.72200652534039" lon="-81.12652283702077">
        <ele>260.0548082975</ele>
        <time>2026-03-14T08:43:30Z</time>
      </trkpt>
      <trkpt lat="41.72271348737212" lon="-81.12455351277453">
        <ele>260.7694995332</ele>
        <time>2026-03-14T08:43:35Z</time>
      </trkpt>
      <trkpt lat="41.72347340730671" lon="-81.12259529602407">
        <ele>262.0293051870</ele>
        <time>2026-03-14T08:43:42Z</time>
      </trkpt>
      <trkpt lat="41.72401060339151" lon="-81.12132104160850">
        <ele>262.0962399089</ele>
        <time>2026-03-14T08:43:46Z</time>
      </trkpt>
      <trkpt lat="41.72472552257643" lon="-81.11976742221631">
        <ele>262.9076388988</ele>
        <time>2026-03-14T08:43:51Z</time>
      </trkpt>
      <trkpt lat="41.72561514742365" lon="-81.11803221561992">
        <ele>262.1195584601</ele>
        <time>2026-03-14T08:43:58Z</time>
      </trkpt>
      <trkpt lat="41.72649738297201" lon="-81.11641793706303">
        <ele>260.0759675288</ele>
        <time>2026-03-14T08:44:03Z</time>
      </trkpt>
      <trkpt lat="41.72736836277823" lon="-81.11504296259690">
        <ele>257.9850464033</ele>
        <time>2026-03-14T08:44:09Z</time>
      </trkpt>
      <trkpt lat="41.72856277807152" lon="-81.11321427782875">
        <ele>254.5995771615</ele>
        <time>2026-03-14T08:44:17Z</time>
      </trkpt>
      <trkpt lat="41.72982812595784" lon="-81.11150227769951">
        <ele>252.6288456593</ele>
        <time>2026-03-14T08:44:23Z</time>
      </trkpt>
      <trkpt lat="41.73245280960538" lon="-81.10785803128741">
        <ele>248.2334393541</ele>
        <time>2026-03-14T08:44:37Z</time>
      </trkpt>
      <trkpt lat="41.73347656863616" lon="-81.10641127059861">
        <ele>246.4673566482</ele>
        <time>2026-03-14T08:44:43Z</time>
      </trkpt>
      <trkpt lat="41.73434605957981" lon="-81.10515958601951">
        <ele>244.9694034316</ele>
        <time>2026-03-14T08:44:48Z</time>
      </trkpt>
      <trkpt lat="41.73607805605912" lon="-81.10263147848460">
        <ele>243.7666871480</ele>
        <time>2026-03-14T08:44:59Z</time>
      </trkpt>
      <trkpt lat="41.73699149654772" lon="-81.10114330570269">
        <ele>244.0360216850</ele>
        <time>2026-03-14T08:45:04Z</time>
      </trkpt>
      <trkpt lat="41.73747475124964" lon="-81.10029063273416">
        <ele>244.1312266986</ele>
        <time>2026-03-14T08:45:07Z</time>
      </trkpt>
      <trkpt lat="41.73807338271566" lon="-81.09918519326091">
        <ele>244.1843890867</ele>
        <time>2026-03-14T08:45:11Z</time>
      </trkpt>
      <trkpt lat="41.73875613161800" lon="-81.09793082253512">
        <ele>244.2065580876</ele>
        <time>2026-03-14T08:45:15Z</time>
      </trkpt>
      <trkpt lat="41.73955214369069" lon="-81.09616961585516">
        <ele>244.6704824360</ele>
        <time>2026-03-14T08:45:21Z</time>
      </trkpt>
      <trkpt lat="41.74090141652839" lon="-81.09288454858699">
        <ele>244.8247399028</ele>
        <time>2026-03-14T08:45:31Z</time>
      </trkpt>
      <trkpt lat="41.74492478711591" lon="-81.08265908811849">
        <ele>245.7257249004</ele>
        <time>2026-03-14T08:46:03Z</time>
      </trkpt>
      <trkpt lat="41.75139444061121" lon="-81.06633617103979">
        <ele>247.1479180514</ele>
        <time>2026-03-14T08:46:56Z</time>
      </trkpt>
      <trkpt lat="41.75526800275132" lon="-81.05661982320984">
        <ele>248.0885970719</ele>
        <time>2026-03-14T08:47:30Z</time>
      </trkpt>
      <trkpt lat="41.75690447508531" lon="-81.05250480949744">
        <ele>245.8049059525</ele>
        <time>2026-03-14T08:47:47Z</time>
      </trkpt>
      <trkpt lat="41.75818993292202" lon="-81.04923500149613">
        <ele>244.9448368370</ele>
        <time>2026-03-14T08:47:58Z</time>
      </trkpt>
      <trkpt lat="41.75880061731734" lon="-81.04760639711706">
        <ele>244.4945434791</ele>
        <time>2026-03-14T08:48:03Z</time>
      </trkpt>
      <trkpt lat="41.75941360027295" lon="-81.04582070877640">
        <ele>243.8497768675</ele>
        <time>2026-03-14T08:48:09Z</time>
      </trkpt>
      <trkpt lat="41.76004706347192" lon="-81.04379492152574">
        <ele>243.8600522341</ele>
        <time>2026-03-14T08:48:17Z</time>
      </trkpt>
      <trkpt lat="41.76048829763961" lon="-81.04211546283878">
        <ele>243.4885542709</ele>
        <time>2026-03-14T08:48:23Z</time>
      </trkpt>
      <trkpt lat="41.76099897711745" lon="-81.03979177383546">
        <ele>243.9799096118</ele>
        <time>2026-03-14T08:48:30Z</time>
      </trkpt>
      <trkpt lat="41.76146142312525" lon="-81.03719547368108">
        <ele>244.1697193356</ele>
        <time>2026-03-14T08:48:37Z</time>
      </trkpt>
      <trkpt lat="41.76172501094698" lon="-81.03518290840910">
        <ele>242.9160199101</ele>
        <time>2026-03-14T08:48:46Z</time>
      </trkpt>
      <trkpt lat="41.76193146860422" lon="-81.03331509963603">
        <ele>241.8621093749</ele>
        <time>2026-03-14T08:48:53Z</time>
      </trkpt>
      <trkpt lat="41.76210452291527" lon="-81.03094787454030">
        <ele>240.9007040483</ele>
        <time>2026-03-14T08:49:01Z</time>
      </trkpt>
      <trkpt lat="41.76218416232928" lon="-81.02913648075592">
        <ele>242.7828004334</ele>
        <time>2026-03-14T08:49:07Z</time>
      </trkpt>
      <trkpt lat="41.76272931743678" lon="-81.01720015927840">
        <ele>245.7916554300</ele>
        <time>2026-03-14T08:49:42Z</time>
      </trkpt>
      <trkpt lat="41.76319575176544" lon="-81.00752683649230">
        <ele>248.9875972410</ele>
        <time>2026-03-14T08:50:15Z</time>
      </trkpt>
      <trkpt lat="41.76328113282492" lon="-81.00611082878858">
        <ele>248.8794768476</ele>
        <time>2026-03-14T08:50:20Z</time>
      </trkpt>
      <trkpt lat="41.76351272216034" lon="-81.00338484362135">
        <ele>248.0789651388</ele>
        <time>2026-03-14T08:50:27Z</time>
      </trkpt>
      <trkpt lat="41.76371005271821" lon="-81.00190267910497">
        <ele>247.2533037806</ele>
        <time>2026-03-14T08:50:31Z</time>
      </trkpt>
      <trkpt lat="41.76381391244454" lon="-81.00111405168897">
        <ele>247.5712582189</ele>
        <time>2026-03-14T08:50:33Z</time>
      </trkpt>
      <trkpt lat="41.76390908390373" lon="-81.00053428336973">
        <ele>246.9844056115</ele>
        <time>2026-03-14T08:50:35Z</time>
      </trkpt>
      <trkpt lat="41.76414103063095" lon="-80.99925927378526">
        <ele>247.1220687257</ele>
        <time>2026-03-14T08:50:39Z</time>
      </trkpt>
      <trkpt lat="41.76438464353736" lon="-80.99808414841219">
        <ele>247.2199629317</ele>
        <time>2026-03-14T08:50:43Z</time>
      </trkpt>
      <trkpt lat="41.76465019928877" lon="-80.99692415555783">
        <ele>247.0901669673</ele>
        <time>2026-03-14T08:50:46Z</time>
      </trkpt>
      <trkpt lat="41.76493400539479" lon="-80.99571739290072">
        <ele>246.0688376455</ele>
        <time>2026-03-14T08:50:50Z</time>
      </trkpt>
      <trkpt lat="41.76521600579644" lon="-80.99468117257321">
        <ele>246.1033748996</ele>
        <time>2026-03-14T08:50:53Z</time>
      </trkpt>
      <trkpt lat="41.76646671856587" lon="-80.99011033844408">
        <ele>244.1503847662</ele>
        <time>2026-03-14T08:51:14Z</time>
      </trkpt>
      <trkpt lat="41.76659329207781" lon="-80.98963190748871">
        <ele>243.9331631806</ele>
        <time>2026-03-14T08:51:15Z</time>
      </trkpt>
      <trkpt lat="41.76681962261728" lon="-80.98869326168987">
        <ele>243.8204052123</ele>
        <time>2026-03-14T08:51:19Z</time>
      </trkpt>
      <trkpt lat="41.76704387847354" lon="-80.98770833161869">
        <ele>243.7272124312</ele>
        <time>2026-03-14T08:51:23Z</time>
      </trkpt>
      <trkpt lat="41.76723209925554" lon="-80.98683569247839">
        <ele>243.2325204400</ele>
        <time>2026-03-14T08:51:25Z</time>
      </trkpt>
      <trkpt lat="41.76740111865096" lon="-80.98592530517496">
        <ele>243.5063075521</ele>
        <time>2026-03-14T08:51:28Z</time>
      </trkpt>
      <trkpt lat="41.76755504551816" lon="-80.98504487984779">
        <ele>243.7495795714</ele>
        <time>2026-03-14T08:51:31Z</time>
      </trkpt>
      <trkpt lat="41.76780753585556" lon="-80.98337291467107">
        <ele>243.9670068966</ele>
        <time>2026-03-14T08:51:35Z</time>
      </trkpt>
      <trkpt lat="41.76796480829345" lon="-80.98210736376625">
        <ele>244.8001871338</ele>
        <time>2026-03-14T08:51:39Z</time>
      </trkpt>
      <trkpt lat="41.76812068900030" lon="-80.98062841234804">
        <ele>243.9652665007</ele>
        <time>2026-03-14T08:51:45Z</time>
      </trkpt>
      <trkpt lat="41.76821740922610" lon="-80.97926836635821">
        <ele>244.0431053607</ele>
        <time>2026-03-14T08:51:51Z</time>
      </trkpt>
      <trkpt lat="41.76826670220801" lon="-80.97844879453672">
        <ele>243.0488926493</ele>
        <time>2026-03-14T08:51:53Z</time>
      </trkpt>
      <trkpt lat="41.76830342591668" lon="-80.97755817940711">
        <ele>242.9362260042</ele>
        <time>2026-03-14T08:51:56Z</time>
      </trkpt>
      <trkpt lat="41.76835356853051" lon="-80.97618446159137">
        <ele>242.7476204300</ele>
        <time>2026-03-14T08:51:59Z</time>
      </trkpt>
      <trkpt lat="41.76864583381192" lon="-80.96668894282821">
        <ele>248.0144505781</ele>
        <time>2026-03-14T08:52:24Z</time>
      </trkpt>
      <trkpt lat="41.76888476258350" lon="-80.95888154513102">
        <ele>245.7948302347</ele>
        <time>2026-03-14T08:52:44Z</time>
      </trkpt>
      <trkpt lat="41.76894774681553" lon="-80.95657418585286">
        <ele>247.7353879851</ele>
        <time>2026-03-14T08:52:52Z</time>
      </trkpt>
      <trkpt lat="41.76920004631904" lon="-80.94810314749677">
        <ele>247.0285087849</ele>
        <time>2026-03-14T08:53:18Z</time>
      </trkpt>
      <trkpt lat="41.76942235139194" lon="-80.94088395228324">
        <ele>251.0952909163</ele>
        <time>2026-03-14T08:53:41Z</time>
      </trkpt>
      <trkpt lat="41.76957725435059" lon="-80.93546080835952">
        <ele>249.4640172332</ele>
        <time>2026-03-14T08:53:56Z</time>
      </trkpt>
      <trkpt lat="41.76961223271391" lon="-80.93451144966082">
        <ele>250.3132744803</ele>
        <time>2026-03-14T08:53:59Z</time>
      </trkpt>
      <trkpt lat="41.76971670583112" lon="-80.93207772858496">
        <ele>251.6524958295</ele>
        <time>2026-03-14T08:54:06Z</time>
      </trkpt>
      <trkpt lat="41.77041321483212" lon="-80.91694023189896">
        <ele>256.0158536396</ele>
        <time>2026-03-14T08:54:49Z</time>
      </trkpt>
      <trkpt lat="41.77097034513638" lon="-80.90513002043441">
        <ele>253.9382496847</ele>
        <time>2026-03-14T08:55:35Z</time>
      </trkpt>
      <trkpt lat="41.77144340486927" lon="-80.89461379030368">
        <ele>259.0044930540</ele>
        <time>2026-03-14T08:56:01Z</time>
      </trkpt>
      <trkpt lat="41.77154421933606" lon="-80.89303400911716">
        <ele>260.0271711406</ele>
        <time>2026-03-14T08:56:06Z</time>
      </trkpt>
      <trkpt lat="41.77164477299344" lon="-80.89175912265796">
        <ele>260.2075503969</ele>
        <time>2026-03-14T08:56:11Z</time>
      </trkpt>
      <trkpt lat="41.77175716332009" lon="-80.89056183316514">
        <ele>260.8981983519</ele>
        <time>2026-03-14T08:56:14Z</time>
      </trkpt>
      <trkpt lat="41.77187769716620" lon="-80.88955544685095">
        <ele>260.8326679727</ele>
        <time>2026-03-14T08:56:17Z</time>
      </trkpt>
      <trkpt lat="41.77201299532528" lon="-80.88858692611862">
        <ele>259.9170404418</ele>
        <time>2026-03-14T08:56:21Z</time>
      </trkpt>
      <trkpt lat="41.77212714606679" lon="-80.88784104710113">
        <ele>259.5357814778</ele>
        <time>2026-03-14T08:56:23Z</time>
      </trkpt>
      <trkpt lat="41.77236827870433" lon="-80.88641407535253">
        <ele>257.9329273862</ele>
        <time>2026-03-14T08:56:27Z</time>
      </trkpt>
      <trkpt lat="41.77265044453962" lon="-80.88498097594395">
        <ele>257.0152759140</ele>
        <time>2026-03-14T08:56:31Z</time>
      </trkpt>
      <trkpt lat="41.77283325468536" lon="-80.88416131562762">
        <ele>255.9706961907</ele>
        <time>2026-03-14T08:56:33Z</time>
      </trkpt>
      <trkpt lat="41.77310272217186" lon="-80.88303631864075">
        <ele>255.9165208593</ele>
        <time>2026-03-14T08:56:36Z</time>
      </trkpt>
      <trkpt lat="41.77329863320026" lon="-80.88223348127792">
        <ele>255.3266505192</ele>
        <time>2026-03-14T08:56:38Z</time>
      </trkpt>
      <trkpt lat="41.77368795609122" lon="-80.88083886107916">
        <ele>254.5928899970</ele>
        <time>2026-03-14T08:56:44Z</time>
      </trkpt>
      <trkpt lat="41.77388789635265" lon="-80.88017556402428">
        <ele>253.9741125847</ele>
        <time>2026-03-14T08:56:46Z</time>
      </trkpt>
      <trkpt lat="41.77414770722554" lon="-80.87934700173570">
        <ele>252.9309850203</ele>
        <time>2026-03-14T08:56:49Z</time>
      </trkpt>
      <trkpt lat="41.77460976471272" lon="-80.87796948080057">
        <ele>251.7836986169</ele>
        <time>2026-03-14T08:56:55Z</time>
      </trkpt>
      <trkpt lat="41.77488040526798" lon="-80.87719776635063">
        <ele>252.1841976119</ele>
        <time>2026-03-14T08:56:57Z</time>
      </trkpt>
      <trkpt lat="41.77517663481841" lon="-80.87643248078309">
        <ele>251.9004509381</ele>
        <time>2026-03-14T08:56:59Z</time>
      </trkpt>
      <trkpt lat="41.77552678429379" lon="-80.87552544108378">
        <ele>252.1992578696</ele>
        <time>2026-03-14T08:57:03Z</time>
      </trkpt>
      <trkpt lat="41.77591849779449" lon="-80.87460469048378">
        <ele>252.4993977785</ele>
        <time>2026-03-14T08:57:07Z</time>
      </trkpt>
      <trkpt lat="41.77620657022051" lon="-80.87393861076137">
        <ele>253.1508237220</ele>
        <time>2026-03-14T08:57:09Z</time>
      </trkpt>
      <trkpt lat="41.77668212000557" lon="-80.87292072538183">
        <ele>253.0808459342</ele>
        <time>2026-03-14T08:57:14Z</time>
      </trkpt>
      <trkpt lat="41.77705910423497" lon="-80.87215772148743">
        <ele>252.9856050424</ele>
        <time>2026-03-14T08:57:17Z</time>
      </trkpt>
      <trkpt lat="41.77787415355829" lon="-80.87058232789418">
        <ele>252.8323927990</ele>
        <time>2026-03-14T08:57:23Z</time>
      </trkpt>
      <trkpt lat="41.77832420226567" lon="-80.86978645162390">
        <ele>252.2435631670</ele>
        <time>2026-03-14T08:57:28Z</time>
      </trkpt>
      <trkpt lat="41.78306014271900" lon="-80.86151905919068">
        <ele>253.7536015858</ele>
        <time>2026-03-14T08:57:59Z</time>
      </trkpt>
      <trkpt lat="41.78325977033862" lon="-80.86118385936562">
        <ele>254.5026443278</ele>
        <time>2026-03-14T08:58:00Z</time>
      </trkpt>
      <trkpt lat="41.78397000061096" lon="-80.85996010619375">
        <ele>254.6647427871</ele>
        <time>2026-03-14T08:58:05Z</time>
      </trkpt>
      <trkpt lat="41.78756446794922" lon="-80.85372713406699">
        <ele>257.7085174583</ele>
        <time>2026-03-14T08:58:32Z</time>
      </trkpt>
      <trkpt lat="41.78966390320993" lon="-80.85004260014321">
        <ele>259.0251003268</ele>
        <time>2026-03-14T08:58:45Z</time>
      </trkpt>
      <trkpt lat="41.79721962061996" lon="-80.83691654125101">
        <ele>267.0305640898</ele>
        <time>2026-03-14T08:59:32Z</time>
      </trkpt>
      <trkpt lat="41.79841917255049" lon="-80.83479432007000">
        <ele>265.9178795214</ele>
        <time>2026-03-14T08:59:39Z</time>
      </trkpt>
      <trkpt lat="41.79876282534366" lon="-80.83422124475373">
        <ele>266.1616762426</ele>
        <time>2026-03-14T08:59:42Z</time>
      </trkpt>
      <trkpt lat="41.80922610263812" lon="-80.81597322479701">
        <ele>258.9856085103</ele>
        <time>2026-03-14T09:00:52Z</time>
      </trkpt>
      <trkpt lat="41.81020933559818" lon="-80.81435413307707">
        <ele>257.9598872572</ele>
        <time>2026-03-14T09:00:57Z</time>
      </trkpt>
      <trkpt lat="41.81076972062796" lon="-80.81347496250487">
        <ele>257.7798388755</ele>
        <time>2026-03-14T09:01:00Z</time>
      </trkpt>
      <trkpt lat="41.81159446966387" lon="-80.81226448843158">
        <ele>258.6732210869</ele>
        <time>2026-03-14T09:01:05Z</time>
      </trkpt>
      <trkpt lat="41.81249653737652" lon="-80.81096976134495">
        <ele>260.0973346318</ele>
        <time>2026-03-14T09:01:09Z</time>
      </trkpt>
      <trkpt lat="41.81660715369169" lon="-80.80531893630379">
        <ele>265.6382519251</ele>
        <time>2026-03-14T09:01:32Z</time>
      </trkpt>
      <trkpt lat="41.81759024204490" lon="-80.80398300692337">
        <ele>266.8962286687</ele>
        <time>2026-03-14T09:01:37Z</time>
      </trkpt>
      <trkpt lat="41.82369417175256" lon="-80.79565368585887">
        <ele>260.7291977222</ele>
        <time>2026-03-14T09:02:12Z</time>
      </trkpt>
      <trkpt lat="41.82468204484055" lon="-80.79427632008590">
        <ele>259.6071296943</ele>
        <time>2026-03-14T09:02:18Z</time>
      </trkpt>
      <trkpt lat="41.82499113786513" lon="-80.79383136345906">
        <ele>259.1084601044</ele>
        <time>2026-03-14T09:02:20Z</time>
      </trkpt>
      <trkpt lat="41.82527248053086" lon="-80.79340952480938">
        <ele>258.8636284122</ele>
        <time>2026-03-14T09:02:21Z</time>
      </trkpt>
      <trkpt lat="41.82553576930061" lon="-80.79294723147515">
        <ele>258.9473254970</ele>
        <time>2026-03-14T09:02:23Z</time>
      </trkpt>
      <trkpt lat="41.82580612604252" lon="-80.79246692900109">
        <ele>258.7666866677</ele>
        <time>2026-03-14T09:02:25Z</time>
      </trkpt>
      <trkpt lat="41.82622115644795" lon="-80.79159501126369">
        <ele>258.0611660176</ele>
        <time>2026-03-14T09:02:27Z</time>
      </trkpt>
      <trkpt lat="41.82637896905416" lon="-80.79121510833109">
        <ele>257.7686244169</ele>
        <time>2026-03-14T09:02:29Z</time>
      </trkpt>
      <trkpt lat="41.82664053625820" lon="-80.79059144962052">
        <ele>257.9699495789</ele>
        <time>2026-03-14T09:02:31Z</time>
      </trkpt>
      <trkpt lat="41.82683200112198" lon="-80.79002817507408">
        <ele>258.0026464482</ele>
        <time>2026-03-14T09:02:33Z</time>
      </trkpt>
      <trkpt lat="41.82699784913722" lon="-80.78952960614777">
        <ele>257.8944499536</ele>
        <time>2026-03-14T09:02:34Z</time>
      </trkpt>
      <trkpt lat="41.82723368142799" lon="-80.78869781246853">
        <ele>258.9549544419</ele>
        <time>2026-03-14T09:02:37Z</time>
      </trkpt>
      <trkpt lat="41.82734263572068" lon="-80.78823317817441">
        <ele>259.5091195043</ele>
        <time>2026-03-14T09:02:38Z</time>
      </trkpt>
      <trkpt lat="41.82748785046500" lon="-80.78755578577668">
        <ele>259.9447363256</ele>
        <time>2026-03-14T09:02:41Z</time>
      </trkpt>
      <trkpt lat="41.82753393469827" lon="-80.78728166672222">
        <ele>260.0212142658</ele>
        <time>2026-03-14T09:02:42Z</time>
      </trkpt>
      <trkpt lat="41.82762317904685" lon="-80.78681878278495">
        <ele>260.3295866122</ele>
        <time>2026-03-14T09:02:43Z</time>
      </trkpt>
      <trkpt lat="41.82773538343121" lon="-80.78602764475626">
        <ele>261.1652897130</ele>
        <time>2026-03-14T09:02:47Z</time>
      </trkpt>
      <trkpt lat="41.82777483321151" lon="-80.78555594582654">
        <ele>261.0679914007</ele>
        <time>2026-03-14T09:02:49Z</time>
      </trkpt>
      <trkpt lat="41.82785201935614" lon="-80.78473576756912">
        <ele>262.2805562619</ele>
        <time>2026-03-14T09:02:51Z</time>
      </trkpt>
      <trkpt lat="41.82786932761811" lon="-80.78421314420063">
        <ele>262.0923484040</ele>
        <time>2026-03-14T09:02:53Z</time>
      </trkpt>
      <trkpt lat="41.82786762254783" lon="-80.78379972498087">
        <ele>263.0345167209</ele>
        <time>2026-03-14T09:02:55Z</time>
      </trkpt>
      <trkpt lat="41.82787062724340" lon="-80.77897570979044">
        <ele>266.8449866906</ele>
        <time>2026-03-14T09:03:13Z</time>
      </trkpt>
      <trkpt lat="41.82784753523087" lon="-80.77187760673299">
        <ele>268.8563643746</ele>
        <time>2026-03-14T09:03:42Z</time>
      </trkpt>
      <trkpt lat="41.82784967175572" lon="-80.77047446552739">
        <ele>267.0145114381</ele>
        <time>2026-03-14T09:03:46Z</time>
      </trkpt>
      <trkpt lat="41.82784979809175" lon="-80.76585644121137">
        <ele>262.0768612733</ele>
        <time>2026-03-14T09:03:57Z</time>
      </trkpt>
      <trkpt lat="41.82784738803476" lon="-80.76241035746968">
        <ele>260.0100421968</ele>
        <time>2026-03-14T09:04:07Z</time>
      </trkpt>
      <trkpt lat="41.82786845307661" lon="-80.76006517225260">
        <ele>260.0123083789</ele>
        <time>2026-03-14T09:04:14Z</time>
      </trkpt>
      <trkpt lat="41.82792986170868" lon="-80.75879204284875">
        <ele>259.1793641414</ele>
        <time>2026-03-14T09:04:19Z</time>
      </trkpt>
      <trkpt lat="41.82804238893070" lon="-80.75719829520351">
        <ele>258.8336132473</ele>
        <time>2026-03-14T09:04:23Z</time>
      </trkpt>
      <trkpt lat="41.82821949180899" lon="-80.75543752299502">
        <ele>258.9507808515</ele>
        <time>2026-03-14T09:04:29Z</time>
      </trkpt>
      <trkpt lat="41.82832694964024" lon="-80.75439633485637">
        <ele>260.8276344004</ele>
        <time>2026-03-14T09:04:32Z</time>
      </trkpt>
      <trkpt lat="41.82854828001427" lon="-80.75288597828229">
        <ele>262.9779584973</ele>
        <time>2026-03-14T09:04:36Z</time>
      </trkpt>
      <trkpt lat="41.82863257424173" lon="-80.75225675949194">
        <ele>263.6984194614</ele>
        <time>2026-03-14T09:04:39Z</time>
      </trkpt>
      <trkpt lat="41.82882409414819" lon="-80.75112053331138">
        <ele>264.9577972720</ele>
        <time>2026-03-14T09:04:42Z</time>
      </trkpt>
      <trkpt lat="41.82931340963354" lon="-80.74875827704369">
        <ele>267.8886868408</ele>
        <time>2026-03-14T09:04:49Z</time>
      </trkpt>
      <trkpt lat="41.82952300024754" lon="-80.74793529839644">
        <ele>268.0129835826</ele>
        <time>2026-03-14T09:04:52Z</time>
      </trkpt>
      <trkpt lat="41.82980316299786" lon="-80.74685114660087">
        <ele>266.7445516553</ele>
        <time>2026-03-14T09:04:55Z</time>
      </trkpt>
      <trkpt lat="41.83011970007941" lon="-80.74567092855389">
        <ele>264.9899174555</ele>
        <time>2026-03-14T09:05:00Z</time>
      </trkpt>
      <trkpt lat="41.83036034350653" lon="-80.74490052985476">
        <ele>263.8598439396</ele>
        <time>2026-03-14T09:05:02Z</time>
      </trkpt>
      <trkpt lat="41.83074964501023" lon="-80.74365036840042">
        <ele>262.2118641790</ele>
        <time>2026-03-14T09:05:06Z</time>
      </trkpt>
      <trkpt lat="41.83110477286015" lon="-80.74262598108166">
        <ele>260.6946044287</ele>
        <time>2026-03-14T09:05:09Z</time>
      </trkpt>
      <trkpt lat="41.83165033066382" lon="-80.74114850959995">
        <ele>258.3972857338</ele>
        <time>2026-03-14T09:05:16Z</time>
      </trkpt>
      <trkpt lat="41.83216414155230" lon="-80.73989212138382">
        <ele>256.6794839898</ele>
        <time>2026-03-14T09:05:20Z</time>
      </trkpt>
      <trkpt lat="41.83242091260162" lon="-80.73928001131549">
        <ele>256.1664321668</ele>
        <time>2026-03-14T09:05:22Z</time>
      </trkpt>
      <trkpt lat="41.83274731246877" lon="-80.73854614790412">
        <ele>256.2524090858</ele>
        <time>2026-03-14T09:05:25Z</time>
      </trkpt>
      <trkpt lat="41.83314877313677" lon="-80.73769411100913">
        <ele>255.5350725595</ele>
        <time>2026-03-14T09:05:28Z</time>
      </trkpt>
      <trkpt lat="41.83355379811392" lon="-80.73684193273991">
        <ele>255.0596545020</ele>
        <time>2026-03-14T09:05:32Z</time>
      </trkpt>
      <trkpt lat="41.83397242420374" lon="-80.73605322171794">
        <ele>255.1943942051</ele>
        <time>2026-03-14T09:05:36Z</time>
      </trkpt>
      <trkpt lat="41.83438420506238" lon="-80.73526168385460">
        <ele>253.9078408870</ele>
        <time>2026-03-14T09:05:39Z</time>
      </trkpt>
      <trkpt lat="41.83503948838342" lon="-80.73409642914781">
        <ele>254.3737640101</ele>
        <time>2026-03-14T09:05:44Z</time>
      </trkpt>
      <trkpt lat="41.83535895650812" lon="-80.73355735839196">
        <ele>254.2146505985</ele>
        <time>2026-03-14T09:05:46Z</time>
      </trkpt>
      <trkpt lat="41.83613655399489" lon="-80.73233608620424">
        <ele>253.6736340825</ele>
        <time>2026-03-14T09:05:52Z</time>
      </trkpt>
      <trkpt lat="41.83643541597838" lon="-80.73186589387318">
        <ele>253.7790671461</ele>
        <time>2026-03-14T09:05:53Z</time>
      </trkpt>
      <trkpt lat="41.83851873803246" lon="-80.72885479669719">
        <ele>248.8653042187</ele>
        <time>2026-03-14T09:06:06Z</time>
      </trkpt>
      <trkpt lat="41.83890833103409" lon="-80.72826367790353">
        <ele>248.2867495245</ele>
        <time>2026-03-14T09:06:08Z</time>
      </trkpt>
      <trkpt lat="41.83938127014562" lon="-80.72751184289356">
        <ele>247.1655706768</ele>
        <time>2026-03-14T09:06:11Z</time>
      </trkpt>
      <trkpt lat="41.83957982834836" lon="-80.72715722272211">
        <ele>246.6321033059</ele>
        <time>2026-03-14T09:06:12Z</time>
      </trkpt>
      <trkpt lat="41.84029898048955" lon="-80.72593993205631">
        <ele>248.0674881240</ele>
        <time>2026-03-14T09:06:16Z</time>
      </trkpt>
      <trkpt lat="41.84041954220378" lon="-80.72574727741255">
        <ele>248.4760548291</ele>
        <time>2026-03-14T09:06:17Z</time>
      </trkpt>
      <trkpt lat="41.84073634461785" lon="-80.72515680244108">
        <ele>249.4731527535</ele>
        <time>2026-03-14T09:06:20Z</time>
      </trkpt>
      <trkpt lat="41.84123044698202" lon="-80.72421967263726">
        <ele>251.1683266256</ele>
        <time>2026-03-14T09:06:24Z</time>
      </trkpt>
      <trkpt lat="41.84174493956195" lon="-80.72319812536759">
        <ele>252.6645068310</ele>
        <time>2026-03-14T09:06:27Z</time>
      </trkpt>
      <trkpt lat="41.84218135514990" lon="-80.72228220982161">
        <ele>254.3744831130</ele>
        <time>2026-03-14T09:06:31Z</time>
      </trkpt>
      <trkpt lat="41.84258604970884" lon="-80.72131336494505">
        <ele>256.1346052062</ele>
        <time>2026-03-14T09:06:34Z</time>
      </trkpt>
      <trkpt lat="41.84314571000896" lon="-80.71996032045605">
        <ele>258.2314496000</ele>
        <time>2026-03-14T09:06:39Z</time>
      </trkpt>
      <trkpt lat="41.84348882128068" lon="-80.71908522881971">
        <ele>259.7475962977</ele>
        <time>2026-03-14T09:06:42Z</time>
      </trkpt>
      <trkpt lat="41.84376339897049" lon="-80.71831652778251">
        <ele>261.1152811130</ele>
        <time>2026-03-14T09:06:45Z</time>
      </trkpt>
      <trkpt lat="41.84445879693303" lon="-80.71632616411360">
        <ele>264.8771910193</ele>
        <time>2026-03-14T09:06:51Z</time>
      </trkpt>
      <trkpt lat="41.84560951642949" lon="-80.71284586011181">
        <ele>270.2801159579</ele>
        <time>2026-03-14T09:07:03Z</time>
      </trkpt>
      <trkpt lat="41.84613476606065" lon="-80.71131449629742">
        <ele>271.3943728053</ele>
        <time>2026-03-14T09:07:08Z</time>
      </trkpt>
      <trkpt lat="41.84650969867331" lon="-80.71026740950140">
        <ele>271.3796905314</ele>
        <time>2026-03-14T09:07:12Z</time>
      </trkpt>
      <trkpt lat="41.84685130514148" lon="-80.70931954291697">
        <ele>271.9939181943</ele>
        <time>2026-03-14T09:07:16Z</time>
      </trkpt>
      <trkpt lat="41.84724699956459" lon="-80.70830473359777">
        <ele>271.9000612872</ele>
        <time>2026-03-14T09:07:21Z</time>
      </trkpt>
      <trkpt lat="41.84771878850184" lon="-80.70718162507227">
        <ele>270.9890940594</ele>
        <time>2026-03-14T09:07:25Z</time>
      </trkpt>
      <trkpt lat="41.84805700452367" lon="-80.70641183168665">
        <ele>270.2371105772</ele>
        <time>2026-03-14T09:07:27Z</time>
      </trkpt>
      <trkpt lat="41.84856539879016" lon="-80.70533080545218">
        <ele>268.8262605118</ele>
        <time>2026-03-14T09:07:32Z</time>
      </trkpt>
      <trkpt lat="41.84925687863308" lon="-80.70395534935305">
        <ele>267.1001225250</ele>
        <time>2026-03-14T09:07:38Z</time>
      </trkpt>
      <trkpt lat="41.84949004200687" lon="-80.70352373617787">
        <ele>266.2518601325</ele>
        <time>2026-03-14T09:07:40Z</time>
      </trkpt>
      <trkpt lat="41.84995339387473" lon="-80.70268330079799">
        <ele>265.4609504611</ele>
        <time>2026-03-14T09:07:44Z</time>
      </trkpt>
      <trkpt lat="41.85053318714324" lon="-80.70167869670344">
        <ele>264.9406896013</ele>
        <time>2026-03-14T09:07:48Z</time>
      </trkpt>
      <trkpt lat="41.85109080800897" lon="-80.70077345933092">
        <ele>265.7516732579</ele>
        <time>2026-03-14T09:07:51Z</time>
      </trkpt>
      <trkpt lat="41.85171734842255" lon="-80.69981295336058">
        <ele>266.7940874260</ele>
        <time>2026-03-14T09:07:55Z</time>
      </trkpt>
      <trkpt lat="41.85217061779036" lon="-80.69914186334060">
        <ele>266.8902372712</ele>
        <time>2026-03-14T09:07:58Z</time>
      </trkpt>
      <trkpt lat="41.85262153368919" lon="-80.69852125260823">
        <ele>267.0452989517</ele>
        <time>2026-03-14T09:08:00Z</time>
      </trkpt>
      <trkpt lat="41.85314511453386" lon="-80.69777350969230">
        <ele>267.7985431440</ele>
        <time>2026-03-14T09:08:03Z</time>
      </trkpt>
      <trkpt lat="41.85369991630752" lon="-80.69707237474843">
        <ele>268.1343943170</ele>
        <time>2026-03-14T09:08:07Z</time>
      </trkpt>
      <trkpt lat="41.85426331192008" lon="-80.69636578690695">
        <ele>268.6927614330</ele>
        <time>2026-03-14T09:08:11Z</time>
      </trkpt>
      <trkpt lat="41.85531998068218" lon="-80.69513618705336">
        <ele>268.9287174386</ele>
        <time>2026-03-14T09:08:16Z</time>
      </trkpt>
      <trkpt lat="41.85625581893953" lon="-80.69410829669981">
        <ele>268.3581906462</ele>
        <time>2026-03-14T09:08:21Z</time>
      </trkpt>
      <trkpt lat="41.85822452389422" lon="-80.69204143458856">
        <ele>264.6633345602</ele>
        <time>2026-03-14T09:08:33Z</time>
      </trkpt>
      <trkpt lat="41.86397143399205" lon="-80.68599212731630">
        <ele>251.1923118495</ele>
        <time>2026-03-14T09:09:11Z</time>
      </trkpt>
      <trkpt lat="41.86457073425122" lon="-80.68533771910360">
        <ele>250.3284123279</ele>
        <time>2026-03-14T09:09:15Z</time>
      </trkpt>
      <trkpt lat="41.86884867461090" lon="-80.68082335047720">
        <ele>248.8558068230</ele>
        <time>2026-03-14T09:09:43Z</time>
      </trkpt>
      <trkpt lat="41.87253662041575" lon="-80.67691509959030">
        <ele>246.9520438154</ele>
        <time>2026-03-14T09:10:06Z</time>
      </trkpt>
      <trkpt lat="41.87308825536621" lon="-80.67630421849563">
        <ele>246.7532996958</ele>
        <time>2026-03-14T09:10:09Z</time>
      </trkpt>
      <trkpt lat="41.87394055091025" lon="-80.67531142320118">
        <ele>245.9991605760</ele>
        <time>2026-03-14T09:10:13Z</time>
      </trkpt>
      <trkpt lat="41.87454971034743" lon="-80.67462563069458">
        <ele>245.8595734476</ele>
        <time>2026-03-14T09:10:17Z</time>
      </trkpt>
      <trkpt lat="41.87517028732238" lon="-80.67385512526299">
        <ele>245.5948186217</ele>
        <time>2026-03-14T09:10:20Z</time>
      </trkpt>
      <trkpt lat="41.87567583546746" lon="-80.67324861166226">
        <ele>244.6865414698</ele>
        <time>2026-03-14T09:10:22Z</time>
      </trkpt>
      <trkpt lat="41.87648803510760" lon="-80.67219120039042">
        <ele>245.0166823242</ele>
        <time>2026-03-14T09:10:28Z</time>
      </trkpt>
      <trkpt lat="41.87712765331194" lon="-80.67134251913329">
        <ele>243.6999324189</ele>
        <time>2026-03-14T09:10:31Z</time>
      </trkpt>
      <trkpt lat="41.87806981239100" lon="-80.67005407933196">
        <ele>242.8965701348</ele>
        <time>2026-03-14T09:10:36Z</time>
      </trkpt>
      <trkpt lat="41.87877364341297" lon="-80.66904432911268">
        <ele>241.4525538402</ele>
        <time>2026-03-14T09:10:40Z</time>
      </trkpt>
      <trkpt lat="41.87936831625075" lon="-80.66815235422609">
        <ele>240.1926133022</ele>
        <time>2026-03-14T09:10:44Z</time>
      </trkpt>
      <trkpt lat="41.87985247102243" lon="-80.66742594760112">
        <ele>239.1420871263</ele>
        <time>2026-03-14T09:10:47Z</time>
      </trkpt>
      <trkpt lat="41.88054093212144" lon="-80.66633992773961">
        <ele>238.1720072878</ele>
        <time>2026-03-14T09:10:51Z</time>
      </trkpt>
      <trkpt lat="41.88108329072121" lon="-80.66544892728842">
        <ele>236.8381248651</ele>
        <time>2026-03-14T09:10:54Z</time>
      </trkpt>
      <trkpt lat="41.88176148350605" lon="-80.66432150197952">
        <ele>235.9073272399</ele>
        <time>2026-03-14T09:10:59Z</time>
      </trkpt>
      <trkpt lat="41.88275954691657" lon="-80.66257042523843">
        <ele>234.0456812295</ele>
        <time>2026-03-14T09:11:05Z</time>
      </trkpt>
      <trkpt lat="41.88339608415441" lon="-80.66139049360964">
        <ele>233.0717857303</ele>
        <time>2026-03-14T09:11:10Z</time>
      </trkpt>
      <trkpt lat="41.88391153085736" lon="-80.66040546852618">
        <ele>231.6538545431</ele>
        <time>2026-03-14T09:11:13Z</time>
      </trkpt>
      <trkpt lat="41.88462578045164" lon="-80.65900122592669">
        <ele>229.9044738183</ele>
        <time>2026-03-14T09:11:21Z</time>
      </trkpt>
      <trkpt lat="41.88516433765901" lon="-80.65784960490987">
        <ele>228.9898933997</ele>
        <time>2026-03-14T09:11:27Z</time>
      </trkpt>
      <trkpt lat="41.88569772688213" lon="-80.65669121008879">
        <ele>229.3296794105</ele>
        <time>2026-03-14T09:11:32Z</time>
      </trkpt>
      <trkpt lat="41.88599608422435" lon="-80.65603638726213">
        <ele>230.0964132365</ele>
        <time>2026-03-14T09:11:34Z</time>
      </trkpt>
      <trkpt lat="41.88672526982681" lon="-80.65435851688200">
        <ele>231.9993621909</ele>
        <time>2026-03-14T09:11:41Z</time>
      </trkpt>
      <trkpt lat="41.88737565923391" lon="-80.65277847879129">
        <ele>234.9756907008</ele>
        <time>2026-03-14T09:11:45Z</time>
      </trkpt>
      <trkpt lat="41.88842451079342" lon="-80.65013682270985">
        <ele>237.9439376085</ele>
        <time>2026-03-14T09:11:53Z</time>
      </trkpt>
      <trkpt lat="41.88910841212586" lon="-80.64840932748164">
        <ele>237.9019308736</ele>
        <time>2026-03-14T09:12:00Z</time>
      </trkpt>
      <trkpt lat="41.89146423406471" lon="-80.64250447941680">
        <ele>227.9426941675</ele>
        <time>2026-03-14T09:12:21Z</time>
      </trkpt>
      <trkpt lat="41.89250649417200" lon="-80.63987957116628">
        <ele>226.9620854310</ele>
        <time>2026-03-14T09:12:30Z</time>
      </trkpt>
      <trkpt lat="41.89316871500326" lon="-80.63826337928515">
        <ele>229.2207494859</ele>
        <time>2026-03-14T09:12:35Z</time>
      </trkpt>
      <trkpt lat="41.89330129622872" lon="-80.63793349933314">
        <ele>231.8022268387</ele>
        <time>2026-03-14T09:12:36Z</time>
      </trkpt>
      <trkpt lat="41.89739431743761" lon="-80.62769397776441">
        <ele>250.2419928653</ele>
        <time>2026-03-14T09:13:23Z</time>
      </trkpt>
      <trkpt lat="41.89926841418971" lon="-80.62300278649894">
        <ele>253.1028715040</ele>
        <time>2026-03-14T09:13:37Z</time>
      </trkpt>
      <trkpt lat="41.89947026622550" lon="-80.62245898506723">
        <ele>252.4673259229</ele>
        <time>2026-03-14T09:13:39Z</time>
      </trkpt>
      <trkpt lat="41.89971537734542" lon="-80.62188601677867">
        <ele>253.7928075482</ele>
        <time>2026-03-14T09:13:41Z</time>
      </trkpt>
      <trkpt lat="41.90142669054158" lon="-80.61756721607536">
        <ele>253.0479167128</ele>
        <time>2026-03-14T09:13:55Z</time>
      </trkpt>
      <trkpt lat="41.90295439329569" lon="-80.61375296253732">
        <ele>248.8859975413</ele>
        <time>2026-03-14T09:14:10Z</time>
      </trkpt>
      <trkpt lat="41.90744983660306" lon="-80.60246835104643">
        <ele>227.4228193570</ele>
        <time>2026-03-14T09:14:42Z</time>
      </trkpt>
      <trkpt lat="41.90786721920424" lon="-80.60137650610459">
        <ele>226.3188968200</ele>
        <time>2026-03-14T09:14:46Z</time>
      </trkpt>
      <trkpt lat="41.90814851804227" lon="-80.60058782544526">
        <ele>226.7244961258</ele>
        <time>2026-03-14T09:14:49Z</time>
      </trkpt>
      <trkpt lat="41.90849311551182" lon="-80.59957702640422">
        <ele>225.8578564454</ele>
        <time>2026-03-14T09:14:52Z</time>
      </trkpt>
      <trkpt lat="41.90883541023020" lon="-80.59850624065314">
        <ele>225.6859865743</ele>
        <time>2026-03-14T09:14:56Z</time>
      </trkpt>
      <trkpt lat="41.90915587704381" lon="-80.59743804621318">
        <ele>225.2910178152</ele>
        <time>2026-03-14T09:14:59Z</time>
      </trkpt>
      <trkpt lat="41.91015392826927" lon="-80.59371477362944">
        <ele>224.4379697018</ele>
        <time>2026-03-14T09:15:13Z</time>
      </trkpt>
      <trkpt lat="41.91103354652841" lon="-80.59035410591699">
        <ele>222.8715468018</ele>
        <time>2026-03-14T09:15:26Z</time>
      </trkpt>
      <trkpt lat="41.91125299083794" lon="-80.58949436184784">
        <ele>223.0938901445</ele>
        <time>2026-03-14T09:15:30Z</time>
      </trkpt>
      <trkpt lat="41.91179157093561" lon="-80.58751094647256">
        <ele>222.7130293518</ele>
        <time>2026-03-14T09:15:38Z</time>
      </trkpt>
      <trkpt lat="41.91505792857065" lon="-80.57517137734443">
        <ele>217.9528530894</ele>
        <time>2026-03-14T09:16:20Z</time>
      </trkpt>
      <trkpt lat="41.91613699553864" lon="-80.57104472723451">
        <ele>217.0507062225</ele>
        <time>2026-03-14T09:16:32Z</time>
      </trkpt>
      <trkpt lat="41.91675841559189" lon="-80.56872808338579">
        <ele>216.1476435051</ele>
        <time>2026-03-14T09:16:38Z</time>
      </trkpt>
      <trkpt lat="41.91683067235109" lon="-80.56843730582689">
        <ele>215.8707464544</ele>
        <time>2026-03-14T09:16:39Z</time>
      </trkpt>
      <trkpt lat="41.91868897885779" lon="-80.56139994574623">
        <ele>214.6768146776</ele>
        <time>2026-03-14T09:17:03Z</time>
      </trkpt>
      <trkpt lat="41.91907085916313" lon="-80.55990947095286">
        <ele>214.7707076402</ele>
        <time>2026-03-14T09:17:09Z</time>
      </trkpt>
      <trkpt lat="41.91953339708782" lon="-80.55823928313201">
        <ele>214.7308715057</ele>
        <time>2026-03-14T09:17:14Z</time>
      </trkpt>
      <trkpt lat="41.92025096534238" lon="-80.55555434198955">
        <ele>215.1733887292</ele>
        <time>2026-03-14T09:17:22Z</time>
      </trkpt>
      <trkpt lat="41.92075449407627" lon="-80.55383616474967">
        <ele>215.2440654211</ele>
        <time>2026-03-14T09:17:27Z</time>
      </trkpt>
      <trkpt lat="41.92120867459957" lon="-80.55251324860957">
        <ele>214.9298727471</ele>
        <time>2026-03-14T09:17:31Z</time>
      </trkpt>
      <trkpt lat="41.92161243595385" lon="-80.55136404566768">
        <ele>213.8836962714</ele>
        <time>2026-03-14T09:17:36Z</time>
      </trkpt>
      <trkpt lat="41.92210812990943" lon="-80.55006766914988">
        <ele>213.2510738597</ele>
        <time>2026-03-14T09:17:40Z</time>
      </trkpt>
      <trkpt lat="41.92255890993873" lon="-80.54901149478331">
        <ele>212.8488387009</ele>
        <time>2026-03-14T09:17:44Z</time>
      </trkpt>
      <trkpt lat="41.92326440953219" lon="-80.54742585352535">
        <ele>213.1338881567</ele>
        <time>2026-03-14T09:17:50Z</time>
      </trkpt>
      <trkpt lat="41.92391564261028" lon="-80.54609419605703">
        <ele>211.9877233095</ele>
        <time>2026-03-14T09:17:56Z</time>
      </trkpt>
      <trkpt lat="41.92561103561057" lon="-80.54267592595495">
        <ele>210.9957365353</ele>
        <time>2026-03-14T09:18:06Z</time>
      </trkpt>
      <trkpt lat="41.92613726452680" lon="-80.54157560126339">
        <ele>211.0751547149</ele>
        <time>2026-03-14T09:18:10Z</time>
      </trkpt>
      <trkpt lat="41.92875715976715" lon="-80.53631642548633">
        <ele>213.9649889481</ele>
        <time>2026-03-14T09:18:29Z</time>
      </trkpt>
      <trkpt lat="41.92921679262631" lon="-80.53536971543919">
        <ele>212.3713240219</ele>
        <time>2026-03-14T09:18:32Z</time>
      </trkpt>
      <trkpt lat="41.92939063431782" lon="-80.53501099451634">
        <ele>211.9879598087</ele>
        <time>2026-03-14T09:18:33Z</time>
      </trkpt>
      <trkpt lat="41.93028011286992" lon="-80.53317385221486">
        <ele>212.6272621079</ele>
        <time>2026-03-14T09:18:40Z</time>
      </trkpt>
      <trkpt lat="41.93102531150521" lon="-80.53168009453393">
        <ele>213.1717367866</ele>
        <time>2026-03-14T09:18:46Z</time>
      </trkpt>
      <trkpt lat="41.93204365061877" lon="-80.52952968182782">
        <ele>213.8859219694</ele>
        <time>2026-03-14T09:18:54Z</time>
      </trkpt>
      <trkpt lat="41.93357583162533" lon="-80.52651658266377">
        <ele>215.0809668071</ele>
        <time>2026-03-14T09:19:04Z</time>
      </trkpt>
      <trkpt lat="41.93473140446756" lon="-80.52417821412911">
        <ele>215.9102116186</ele>
        <time>2026-03-14T09:19:11Z</time>
      </trkpt>
      <trkpt lat="41.93506349837610" lon="-80.52347780810815">
        <ele>215.6969782530</ele>
        <time>2026-03-14T09:19:14Z</time>
      </trkpt>
      <trkpt lat="41.93662219682717" lon="-80.52041389893520">
        <ele>210.5980393923</ele>
        <time>2026-03-14T09:19:24Z</time>
      </trkpt>
      <trkpt lat="41.93691770384606" lon="-80.51985497167735">
        <ele>209.6820840840</ele>
        <time>2026-03-14T09:19:27Z</time>
      </trkpt>
      <trkpt lat="41.93746800544765" lon="-80.51869344144561">
        <ele>207.9945152300</ele>
        <time>2026-03-14T09:19:31Z</time>
      </trkpt>
      <trkpt lat="41.93868161147400" lon="-80.51628871071014">
        <ele>207.4262868587</ele>
        <time>2026-03-14T09:19:43Z</time>
      </trkpt>
      <trkpt lat="41.94066487692064" lon="-80.51223447698165">
        <ele>207.2637748967</ele>
        <time>2026-03-14T09:20:07Z</time>
      </trkpt>
      <trkpt lat="41.94174107061686" lon="-80.51009082237591">
        <ele>207.4789475542</ele>
        <time>2026-03-14T09:20:15Z</time>
      </trkpt>
      <trkpt lat="41.94237948419624" lon="-80.50865333126237">
        <ele>207.5147536612</ele>
        <time>2026-03-14T09:20:20Z</time>
      </trkpt>
      <trkpt lat="41.94277256392179" lon="-80.50740454521353">
        <ele>207.3717409612</ele>
        <time>2026-03-14T09:20:24Z</time>
      </trkpt>
      <trkpt lat="41.94293973480033" lon="-80.50661755913730">
        <ele>207.5771530777</ele>
        <time>2026-03-14T09:20:27Z</time>
      </trkpt>
      <trkpt lat="41.94305071734088" lon="-80.50594342101840">
        <ele>207.5686509179</ele>
        <time>2026-03-14T09:20:29Z</time>
      </trkpt>
      <trkpt lat="41.94314084235654" lon="-80.50506346271911">
        <ele>208.0804601219</ele>
        <time>2026-03-14T09:20:31Z</time>
      </trkpt>
      <trkpt lat="41.94315371159067" lon="-80.50418050847443">
        <ele>207.9205615869</ele>
        <time>2026-03-14T09:20:34Z</time>
      </trkpt>
      <trkpt lat="41.94310983314320" lon="-80.48960127327858">
        <ele>212.1584739499</ele>
        <time>2026-03-14T09:21:20Z</time>
      </trkpt>
      <trkpt lat="41.94312960229708" lon="-80.47901671938240">
        <ele>215.7635826666</ele>
        <time>2026-03-14T09:21:57Z</time>
      </trkpt>
      <trkpt lat="41.94308604209107" lon="-80.46249370325347">
        <ele>220.9543804093</ele>
        <time>2026-03-14T09:22:43Z</time>
      </trkpt>
      <trkpt lat="41.94311005738777" lon="-80.45841020372941">
        <ele>222.9354684692</ele>
        <time>2026-03-14T09:22:53Z</time>
      </trkpt>
      <trkpt lat="41.94306930798143" lon="-80.45109367168186">
        <ele>227.1208839845</ele>
        <time>2026-03-14T09:23:20Z</time>
      </trkpt>
      <trkpt lat="41.94306642518751" lon="-80.43585717246252">
        <ele>237.1186143082</ele>
        <time>2026-03-14T09:24:14Z</time>
      </trkpt>
      <trkpt lat="41.94305681560270" lon="-80.43197281087302">
        <ele>238.0208349527</ele>
        <time>2026-03-14T09:24:26Z</time>
      </trkpt>
      <trkpt lat="41.94306677428668" lon="-80.43114444321746">
        <ele>238.2528204853</ele>
        <time>2026-03-14T09:24:28Z</time>
      </trkpt>
      <trkpt lat="41.94309271673718" lon="-80.43045604639096">
        <ele>238.8625922472</ele>
        <time>2026-03-14T09:24:30Z</time>
      </trkpt>
      <trkpt lat="41.94333014076619" lon="-80.42671206660562">
        <ele>240.7963159883</ele>
        <time>2026-03-14T09:24:42Z</time>
      </trkpt>
      <trkpt lat="41.94426138032724" lon="-80.41275920492284">
        <ele>246.0231898923</ele>
        <time>2026-03-14T09:25:28Z</time>
      </trkpt>
      <trkpt lat="41.94474736918306" lon="-80.40569641499029">
        <ele>249.1577380261</ele>
        <time>2026-03-14T09:25:56Z</time>
      </trkpt>
      <trkpt lat="41.94520453953940" lon="-80.39828108605499">
        <ele>250.9253977077</ele>
        <time>2026-03-14T09:26:17Z</time>
      </trkpt>
      <trkpt lat="41.94580907400902" lon="-80.38913341144837">
        <ele>255.5433934137</ele>
        <time>2026-03-14T09:26:51Z</time>
      </trkpt>
      <trkpt lat="41.94588776090365" lon="-80.38843956211463">
        <ele>255.9953920698</ele>
        <time>2026-03-14T09:26:52Z</time>
      </trkpt>
      <trkpt lat="41.94597930797014" lon="-80.38774978916958">
        <ele>256.3215720011</ele>
        <time>2026-03-14T09:26:55Z</time>
      </trkpt>
      <trkpt lat="41.94614009702239" lon="-80.38676074488136">
        <ele>257.1300442135</ele>
        <time>2026-03-14T09:26:57Z</time>
      </trkpt>
      <trkpt lat="41.94628341874494" lon="-80.38599522225850">
        <ele>257.4008938723</ele>
        <time>2026-03-14T09:26:59Z</time>
      </trkpt>
      <trkpt lat="41.94641865284201" lon="-80.38544156915826">
        <ele>257.7657984708</ele>
        <time>2026-03-14T09:27:01Z</time>
      </trkpt>
      <trkpt lat="41.94663609925517" lon="-80.38458785924929">
        <ele>258.3935512920</ele>
        <time>2026-03-14T09:27:04Z</time>
      </trkpt>
      <trkpt lat="41.94692878724032" lon="-80.38355470509259">
        <ele>258.8783211086</ele>
        <time>2026-03-14T09:27:08Z</time>
      </trkpt>
      <trkpt lat="41.94723055136424" lon="-80.38256634664958">
        <ele>259.3347391059</ele>
        <time>2026-03-14T09:27:12Z</time>
      </trkpt>
      <trkpt lat="41.94756794492645" lon="-80.38164808640576">
        <ele>260.1611882189</ele>
        <time>2026-03-14T09:27:15Z</time>
      </trkpt>
      <trkpt lat="41.94846619908827" lon="-80.37931801813936">
        <ele>261.4193180531</ele>
        <time>2026-03-14T09:27:24Z</time>
      </trkpt>
      <trkpt lat="41.94935506903371" lon="-80.37685110142725">
        <ele>259.9533111460</ele>
        <time>2026-03-14T09:27:33Z</time>
      </trkpt>
      <trkpt lat="41.95164099409092" lon="-80.37062595180679">
        <ele>253.8490330065</ele>
        <time>2026-03-14T09:27:57Z</time>
      </trkpt>
      <trkpt lat="41.95368536328188" lon="-80.36503750872417">
        <ele>250.8256661894</ele>
        <time>2026-03-14T09:28:20Z</time>
      </trkpt>
      <trkpt lat="41.95607728250386" lon="-80.35847026017599">
        <ele>242.9129155987</ele>
        <time>2026-03-14T09:28:43Z</time>
      </trkpt>
      <trkpt lat="41.95775485656716" lon="-80.35389300550889">
        <ele>254.0399336254</ele>
        <time>2026-03-14T09:29:00Z</time>
      </trkpt>
      <trkpt lat="41.95881532164395" lon="-80.35103443732588">
        <ele>258.6622949178</ele>
        <time>2026-03-14T09:29:08Z</time>
      </trkpt>
      <trkpt lat="41.96130191330061" lon="-80.34423924896691">
        <ele>261.6744038655</ele>
        <time>2026-03-14T09:29:36Z</time>
      </trkpt>
      <trkpt lat="41.96376580347965" lon="-80.33739716149138">
        <ele>264.6410763825</ele>
        <time>2026-03-14T09:30:01Z</time>
      </trkpt>
      <trkpt lat="41.96488347205482" lon="-80.33442808334048">
        <ele>266.0212886378</ele>
        <time>2026-03-14T09:30:11Z</time>
      </trkpt>
      <trkpt lat="41.96654797251197" lon="-80.33036710041254">
        <ele>266.8295238201</ele>
        <time>2026-03-14T09:30:24Z</time>
      </trkpt>
      <trkpt lat="41.97170143960347" lon="-80.31785593581372">
        <ele>252.8294664680</ele>
        <time>2026-03-14T09:31:01Z</time>
      </trkpt>
      <trkpt lat="41.97500873741173" lon="-80.30989038740502">
        <ele>244.0259216132</ele>
        <time>2026-03-14T09:31:31Z</time>
      </trkpt>
      <trkpt lat="41.97563861741457" lon="-80.30833966389481">
        <ele>244.5121048058</ele>
        <time>2026-03-14T09:31:36Z</time>
      </trkpt>
      <trkpt lat="41.97697876550291" lon="-80.30503554253377">
        <ele>245.2511531371</ele>
        <time>2026-03-14T09:31:48Z</time>
      </trkpt>
      <trkpt lat="41.97718768234980" lon="-80.30450596792288">
        <ele>244.7259140256</ele>
        <time>2026-03-14T09:31:50Z</time>
      </trkpt>
      <trkpt lat="41.98000889552140" lon="-80.29761588682020">
        <ele>242.0854773412</ele>
        <time>2026-03-14T09:32:14Z</time>
      </trkpt>
      <trkpt lat="41.98198593739860" lon="-80.29291476725560">
        <ele>234.9439589049</ele>
        <time>2026-03-14T09:32:28Z</time>
      </trkpt>
      <trkpt lat="41.98225913519305" lon="-80.29228369087394">
        <ele>232.1079487050</ele>
        <time>2026-03-14T09:32:31Z</time>
      </trkpt>
      <trkpt lat="41.98303657793672" lon="-80.29050771299286">
        <ele>229.9089377681</ele>
        <time>2026-03-14T09:32:38Z</time>
      </trkpt>
      <trkpt lat="41.98358324448236" lon="-80.28921838689763">
        <ele>230.0364334992</ele>
        <time>2026-03-14T09:32:43Z</time>
      </trkpt>
      <trkpt lat="41.98385691103086" lon="-80.28857761181031">
        <ele>231.4235212876</ele>
        <time>2026-03-14T09:32:45Z</time>
      </trkpt>
      <trkpt lat="41.98568640778442" lon="-80.28418871351478">
        <ele>243.1596225521</ele>
        <time>2026-03-14T09:32:59Z</time>
      </trkpt>
      <trkpt lat="41.98623373533447" lon="-80.28286264525377">
        <ele>247.7474308624</ele>
        <time>2026-03-14T09:33:03Z</time>
      </trkpt>
      <trkpt lat="41.98705323139308" lon="-80.28085413268278">
        <ele>251.3231826359</ele>
        <time>2026-03-14T09:33:10Z</time>
      </trkpt>
      <trkpt lat="41.98988708601386" lon="-80.27419457471974">
        <ele>262.9880717355</ele>
        <time>2026-03-14T09:33:36Z</time>
      </trkpt>
      <trkpt lat="41.99259765634547" lon="-80.26784260422063">
        <ele>266.1934519905</ele>
        <time>2026-03-14T09:33:59Z</time>
      </trkpt>
      <trkpt lat="41.99900837618804" lon="-80.25262002772719">
        <ele>272.8879451007</ele>
        <time>2026-03-14T09:34:43Z</time>
      </trkpt>
      <trkpt lat="42.00013865021628" lon="-80.24995171188392">
        <ele>272.2670701663</ele>
        <time>2026-03-14T09:34:51Z</time>
      </trkpt>
      <trkpt lat="42.00027244698906" lon="-80.24964483777809">
        <ele>275.0992891797</ele>
        <time>2026-03-14T09:34:53Z</time>
      </trkpt>
      <trkpt lat="42.00364204628180" lon="-80.24163121340290">
        <ele>278.1775057923</ele>
        <time>2026-03-14T09:35:23Z</time>
      </trkpt>
      <trkpt lat="42.00482116819978" lon="-80.23882659725794">
        <ele>280.9674623600</ele>
        <time>2026-03-14T09:35:36Z</time>
      </trkpt>
      <trkpt lat="42.00509339897845" lon="-80.23818823270935">
        <ele>280.1827889427</ele>
        <time>2026-03-14T09:35:38Z</time>
      </trkpt>
      <trkpt lat="42.00618378674799" lon="-80.23561466586055">
        <ele>281.0811196556</ele>
        <time>2026-03-14T09:35:45Z</time>
      </trkpt>
      <trkpt lat="42.00728110978095" lon="-80.23299638303565">
        <ele>283.0289741004</ele>
        <time>2026-03-14T09:35:55Z</time>
      </trkpt>
      <trkpt lat="42.01054346333888" lon="-80.22523425646845">
        <ele>285.3019904976</ele>
        <time>2026-03-14T09:36:20Z</time>
      </trkpt>
      <trkpt lat="42.01139672129791" lon="-80.22325951983670">
        <ele>286.5814923380</ele>
        <time>2026-03-14T09:36:27Z</time>
      </trkpt>
      <trkpt lat="42.01154500104479" lon="-80.22291846817369">
        <ele>288.6379213750</ele>
        <time>2026-03-14T09:36:29Z</time>
      </trkpt>
      <trkpt lat="42.01168849175429" lon="-80.22259047407267">
        <ele>287.1963686866</ele>
        <time>2026-03-14T09:36:30Z</time>
      </trkpt>
      <trkpt lat="42.01233749106014" lon="-80.22082478989513">
        <ele>288.1245455442</ele>
        <time>2026-03-14T09:36:36Z</time>
      </trkpt>
      <trkpt lat="42.01285297548966" lon="-80.21932054202330">
        <ele>288.2784624809</ele>
        <time>2026-03-14T09:36:42Z</time>
      </trkpt>
      <trkpt lat="42.01327786268264" lon="-80.21798410158019">
        <ele>289.3958624066</ele>
        <time>2026-03-14T09:36:46Z</time>
      </trkpt>
      <trkpt lat="42.01369572533505" lon="-80.21647546628181">
        <ele>290.1467561398</ele>
        <time>2026-03-14T09:36:51Z</time>
      </trkpt>
      <trkpt lat="42.01409425963832" lon="-80.21489846351076">
        <ele>291.0075545565</ele>
        <time>2026-03-14T09:36:57Z</time>
      </trkpt>
      <trkpt lat="42.01441692356107" lon="-80.21345981934527">
        <ele>291.6997606929</ele>
        <time>2026-03-14T09:37:01Z</time>
      </trkpt>
      <trkpt lat="42.01466267265978" lon="-80.21219306932423">
        <ele>291.7114185999</ele>
        <time>2026-03-14T09:37:05Z</time>
      </trkpt>
      <trkpt lat="42.01495293642056" lon="-80.21046688373212">
        <ele>292.9306803743</ele>
        <time>2026-03-14T09:37:10Z</time>
      </trkpt>
      <trkpt lat="42.01716440330490" lon="-80.19629233807694">
        <ele>299.9723938086</ele>
        <time>2026-03-14T09:37:50Z</time>
      </trkpt>
      <trkpt lat="42.01792372718300" lon="-80.19116745065355">
        <ele>302.9898915918</ele>
        <time>2026-03-14T09:38:03Z</time>
      </trkpt>
      <trkpt lat="42.01879396207959" lon="-80.18573354054281">
        <ele>302.2962603453</ele>
        <time>2026-03-14T09:38:22Z</time>
      </trkpt>
      <trkpt lat="42.01949826244279" lon="-80.18102182433395">
        <ele>298.9304892212</ele>
        <time>2026-03-14T09:38:34Z</time>
      </trkpt>
      <trkpt lat="42.01988255459693" lon="-80.17852407587554">
        <ele>298.0621959100</ele>
        <time>2026-03-14T09:38:44Z</time>
      </trkpt>
      <trkpt lat="42.02003565834620" lon="-80.17729453517066">
        <ele>296.8967602312</ele>
        <time>2026-03-14T09:38:47Z</time>
      </trkpt>
      <trkpt lat="42.02048856258361" lon="-80.17300214657200">
        <ele>292.8503948920</ele>
        <time>2026-03-14T09:38:59Z</time>
      </trkpt>
      <trkpt lat="42.02071134006363" lon="-80.17084874656891">
        <ele>292.9725652439</ele>
        <time>2026-03-14T09:39:06Z</time>
      </trkpt>
      <trkpt lat="42.02155471448592" lon="-80.16248296972803">
        <ele>306.4034189849</ele>
        <time>2026-03-14T09:39:33Z</time>
      </trkpt>
      <trkpt lat="42.02233105655387" lon="-80.15480938651358">
        <ele>325.6303157109</ele>
        <time>2026-03-14T09:39:58Z</time>
      </trkpt>
      <trkpt lat="42.02253939822377" lon="-80.15264398554692">
        <ele>328.9587326027</ele>
        <time>2026-03-14T09:40:05Z</time>
      </trkpt>
      <trkpt lat="42.02285959847367" lon="-80.14942544959071">
        <ele>328.3072450371</ele>
        <time>2026-03-14T09:40:18Z</time>
      </trkpt>
      <trkpt lat="42.02309893226215" lon="-80.14716629256219">
        <ele>326.7141079510</ele>
        <time>2026-03-14T09:40:23Z</time>
      </trkpt>
      <trkpt lat="42.02323169507235" lon="-80.14611037098480">
        <ele>325.9768250569</ele>
        <time>2026-03-14T09:40:26Z</time>
      </trkpt>
      <trkpt lat="42.02332804460296" lon="-80.14545060794958">
        <ele>325.4867670453</ele>
        <time>2026-03-14T09:40:28Z</time>
      </trkpt>
      <trkpt lat="42.02344459531177" lon="-80.14469384772234">
        <ele>324.1784863755</ele>
        <time>2026-03-14T09:40:31Z</time>
      </trkpt>
      <trkpt lat="42.02364393956258" lon="-80.14356458359990">
        <ele>323.9249112550</ele>
        <time>2026-03-14T09:40:34Z</time>
      </trkpt>
      <trkpt lat="42.02375475933690" lon="-80.14300863255747">
        <ele>324.4056795809</ele>
        <time>2026-03-14T09:40:36Z</time>
      </trkpt>
      <trkpt lat="42.02389585777819" lon="-80.14232013977738">
        <ele>325.2184220643</ele>
        <time>2026-03-14T09:40:38Z</time>
      </trkpt>
      <trkpt lat="42.02420993893238" lon="-80.14093093150690">
        <ele>325.9219047789</ele>
        <time>2026-03-14T09:40:42Z</time>
      </trkpt>
      <trkpt lat="42.02449880787355" lon="-80.13980491045830">
        <ele>327.0511419193</ele>
        <time>2026-03-14T09:40:46Z</time>
      </trkpt>
      <trkpt lat="42.02478924612654" lon="-80.13871534936980">
        <ele>327.7303499647</ele>
        <time>2026-03-14T09:40:48Z</time>
      </trkpt>
      <trkpt lat="42.02499739726538" lon="-80.13799755002897">
        <ele>328.0471560007</ele>
        <time>2026-03-14T09:40:51Z</time>
      </trkpt>
      <trkpt lat="42.02537225982503" lon="-80.13682837155217">
        <ele>328.7847258815</ele>
        <time>2026-03-14T09:40:55Z</time>
      </trkpt>
      <trkpt lat="42.02560572546710" lon="-80.13609397409114">
        <ele>329.5889590925</ele>
        <time>2026-03-14T09:40:57Z</time>
      </trkpt>
      <trkpt lat="42.02602861437759" lon="-80.13491812264256">
        <ele>329.9631892367</ele>
        <time>2026-03-14T09:41:01Z</time>
      </trkpt>
      <trkpt lat="42.02625335737470" lon="-80.13433430378151">
        <ele>330.5395082322</ele>
        <time>2026-03-14T09:41:03Z</time>
      </trkpt>
      <trkpt lat="42.02659720780267" lon="-80.13345229109510">
        <ele>331.0508014017</ele>
        <time>2026-03-14T09:41:06Z</time>
      </trkpt>
      <trkpt lat="42.02715358029612" lon="-80.13218187337652">
        <ele>331.1496369093</ele>
        <time>2026-03-14T09:41:11Z</time>
      </trkpt>
      <trkpt lat="42.02749425263232" lon="-80.13142255142148">
        <ele>332.4035788120</ele>
        <time>2026-03-14T09:41:14Z</time>
      </trkpt>
      <trkpt lat="42.02776165063413" lon="-80.13085984016104">
        <ele>330.9977184642</ele>
        <time>2026-03-14T09:41:16Z</time>
      </trkpt>
      <trkpt lat="42.02881720205997" lon="-80.12863545324980">
        <ele>331.9567188772</ele>
        <time>2026-03-14T09:41:24Z</time>
      </trkpt>
      <trkpt lat="42.03142136138705" lon="-80.12305031142374">
        <ele>329.7498816822</ele>
        <time>2026-03-14T09:41:41Z</time>
      </trkpt>
      <trkpt lat="42.03175572730237" lon="-80.12233022257459">
        <ele>331.7211571967</ele>
        <time>2026-03-14T09:41:43Z</time>
      </trkpt>
      <trkpt lat="42.03235860019798" lon="-80.12106502587962">
        <ele>331.9199607897</ele>
        <time>2026-03-14T09:41:48Z</time>
      </trkpt>
      <trkpt lat="42.03274108079256" lon="-80.12030375254831">
        <ele>333.1770632067</ele>
        <time>2026-03-14T09:41:50Z</time>
      </trkpt>
      <trkpt lat="42.03654828097590" lon="-80.11220113526269">
        <ele>338.9932300109</ele>
        <time>2026-03-14T09:42:18Z</time>
      </trkpt>
      <trkpt lat="42.03967978920371" lon="-80.10553194871896">
        <ele>349.0214752389</ele>
        <time>2026-03-14T09:42:41Z</time>
      </trkpt>
      <trkpt lat="42.04255767102934" lon="-80.09944286594680">
        <ele>354.4187080647</ele>
        <time>2026-03-14T09:43:13Z</time>
      </trkpt>
      <trkpt lat="42.04295678770414" lon="-80.09852793466685">
        <ele>355.5822467121</ele>
        <time>2026-03-14T09:43:15Z</time>
      </trkpt>
      <trkpt lat="42.04328093911123" lon="-80.09781034453287">
        <ele>356.4130087054</ele>
        <time>2026-03-14T09:43:18Z</time>
      </trkpt>
      <trkpt lat="42.04358420468331" lon="-80.09704511898620">
        <ele>357.0826458296</ele>
        <time>2026-03-14T09:43:21Z</time>
      </trkpt>
      <trkpt lat="42.04384693208845" lon="-80.09638117462644">
        <ele>357.8466375059</ele>
        <time>2026-03-14T09:43:23Z</time>
      </trkpt>
      <trkpt lat="42.04414014248364" lon="-80.09563202644415">
        <ele>358.7716096053</ele>
        <time>2026-03-14T09:43:26Z</time>
      </trkpt>
      <trkpt lat="42.04447220885253" lon="-80.09462894157812">
        <ele>359.9867125196</ele>
        <time>2026-03-14T09:43:29Z</time>
      </trkpt>
      <trkpt lat="42.04554272635793" lon="-80.09170411270688">
        <ele>363.0819411027</ele>
        <time>2026-03-14T09:43:39Z</time>
      </trkpt>
      <trkpt lat="42.04630964309406" lon="-80.08958334375333">
        <ele>364.9685038918</ele>
        <time>2026-03-14T09:43:46Z</time>
      </trkpt>
      <trkpt lat="42.04646029916928" lon="-80.08911643752602">
        <ele>365.5897439932</ele>
        <time>2026-03-14T09:43:48Z</time>
      </trkpt>
      <trkpt lat="42.04777325937079" lon="-80.08552211515895">
        <ele>369.8935513820</ele>
        <time>2026-03-14T09:43:59Z</time>
      </trkpt>
      <trkpt lat="42.04812596933846" lon="-80.08464212423455">
        <ele>370.6507978849</ele>
        <time>2026-03-14T09:44:03Z</time>
      </trkpt>
      <trkpt lat="42.04905818613078" lon="-80.08212778993342">
        <ele>375.0821724371</ele>
        <time>2026-03-14T09:44:14Z</time>
      </trkpt>
      <trkpt lat="42.04914908983291" lon="-80.08181594074037">
        <ele>375.1675706788</ele>
        <time>2026-03-14T09:44:15Z</time>
      </trkpt>
      <trkpt lat="42.04927165240613" lon="-80.08150928695321">
        <ele>371.2975704378</ele>
        <time>2026-03-14T09:44:16Z</time>
      </trkpt>
      <trkpt lat="42.04946412386357" lon="-80.08095710012849">
        <ele>370.4530021641</ele>
        <time>2026-03-14T09:44:18Z</time>
      </trkpt>
      <trkpt lat="42.04956927514573" lon="-80.08067730955287">
        <ele>374.8456527722</ele>
        <time>2026-03-14T09:44:19Z</time>
      </trkpt>
      <trkpt lat="42.04976238131763" lon="-80.08012502747550">
        <ele>375.1514475177</ele>
        <time>2026-03-14T09:44:21Z</time>
      </trkpt>
      <trkpt lat="42.05186972456899" lon="-80.07435664029894">
        <ele>365.0665244788</ele>
        <time>2026-03-14T09:44:38Z</time>
      </trkpt>
      <trkpt lat="42.05284041874294" lon="-80.07171296087193">
        <ele>363.6087013240</ele>
        <time>2026-03-14T09:44:47Z</time>
      </trkpt>
      <trkpt lat="42.05330450434374" lon="-80.07051607989897">
        <ele>363.1463731373</ele>
        <time>2026-03-14T09:44:51Z</time>
      </trkpt>
      <trkpt lat="42.05367827642240" lon="-80.06962099908328">
        <ele>362.6773623090</ele>
        <time>2026-03-14T09:44:54Z</time>
      </trkpt>
      <trkpt lat="42.05404326784580" lon="-80.06879980841282">
        <ele>362.0109094622</ele>
        <time>2026-03-14T09:44:56Z</time>
      </trkpt>
      <trkpt lat="42.05435583871235" lon="-80.06809626100254">
        <ele>362.0593602654</ele>
        <time>2026-03-14T09:44:59Z</time>
      </trkpt>
      <trkpt lat="42.05501953367918" lon="-80.06677697799495">
        <ele>361.0811862576</ele>
        <time>2026-03-14T09:45:04Z</time>
      </trkpt>
      <trkpt lat="42.05538338939090" lon="-80.06608140699720">
        <ele>360.7342446711</ele>
        <time>2026-03-14T09:45:06Z</time>
      </trkpt>
      <trkpt lat="42.05733611338738" lon="-80.06255997831144">
        <ele>355.5596528433</ele>
        <time>2026-03-14T09:45:20Z</time>
      </trkpt>
      <trkpt lat="42.06074802970241" lon="-80.05642848692197">
        <ele>359.2165447232</ele>
        <time>2026-03-14T09:45:40Z</time>
      </trkpt>
      <trkpt lat="42.06184697304943" lon="-80.05442420794628">
        <ele>356.0334587387</ele>
        <time>2026-03-14T09:45:47Z</time>
      </trkpt>
      <trkpt lat="42.06448207621190" lon="-80.04967363725527">
        <ele>342.2416538617</ele>
        <time>2026-03-14T09:46:04Z</time>
      </trkpt>
      <trkpt lat="42.06464380913688" lon="-80.04937364369439">
        <ele>340.8938854884</ele>
        <time>2026-03-14T09:46:06Z</time>
      </trkpt>
      <trkpt lat="42.06480982532455" lon="-80.04906446906182">
        <ele>337.2680885155</ele>
        <time>2026-03-14T09:46:07Z</time>
      </trkpt>
      <trkpt lat="42.06508062924531" lon="-80.04857626403937">
        <ele>338.9306186015</ele>
        <time>2026-03-14T09:46:08Z</time>
      </trkpt>
      <trkpt lat="42.06553819646022" lon="-80.04776893750078">
        <ele>335.8623766755</ele>
        <time>2026-03-14T09:46:11Z</time>
      </trkpt>
      <trkpt lat="42.06657349500702" lon="-80.04590784476747">
        <ele>331.2639574616</ele>
        <time>2026-03-14T09:46:18Z</time>
      </trkpt>
      <trkpt lat="42.06750360354042" lon="-80.04421336214381">
        <ele>331.7551544223</ele>
        <time>2026-03-14T09:46:25Z</time>
      </trkpt>
      <trkpt lat="42.06969675094697" lon="-80.04023713643673">
        <ele>335.8405444625</ele>
        <time>2026-03-14T09:46:40Z</time>
      </trkpt>
      <trkpt lat="42.06996764636057" lon="-80.03972769373341">
        <ele>335.3200912530</ele>
        <time>2026-03-14T09:46:42Z</time>
      </trkpt>
      <trkpt lat="42.07124214610524" lon="-80.03754175907143">
        <ele>334.5607703889</ele>
        <time>2026-03-14T09:46:50Z</time>
      </trkpt>
      <trkpt lat="42.07232158886882" lon="-80.03578721930654">
        <ele>333.9384524256</ele>
        <time>2026-03-14T09:46:57Z</time>
      </trkpt>
      <trkpt lat="42.07344991323171" lon="-80.03401157653498">
        <ele>338.6759584464</ele>
        <time>2026-03-14T09:47:04Z</time>
      </trkpt>
      <trkpt lat="42.07446799952317" lon="-80.03252160612244">
        <ele>342.7554261387</ele>
        <time>2026-03-14T09:47:10Z</time>
      </trkpt>
      <trkpt lat="42.07483956382679" lon="-80.03197341178873">
        <ele>342.0885706794</ele>
        <time>2026-03-14T09:47:12Z</time>
      </trkpt>
      <trkpt lat="42.07601383298896" lon="-80.03035230916753">
        <ele>346.5018189343</ele>
        <time>2026-03-14T09:47:18Z</time>
      </trkpt>
      <trkpt lat="42.07793780515155" lon="-80.02774003430267">
        <ele>354.4811710899</ele>
        <time>2026-03-14T09:47:29Z</time>
      </trkpt>
      <trkpt lat="42.08411581170824" lon="-80.01933895006444">
        <ele>348.9993608577</ele>
        <time>2026-03-14T09:48:16Z</time>
      </trkpt>
      <trkpt lat="42.08748637737820" lon="-80.01474676238021">
        <ele>352.0556137037</ele>
        <time>2026-03-14T09:48:32Z</time>
      </trkpt>
      <trkpt lat="42.08827489756683" lon="-80.01368980429298">
        <ele>349.9162990387</ele>
        <time>2026-03-14T09:48:37Z</time>
      </trkpt>
      <trkpt lat="42.08992903800255" lon="-80.01144304821477">
        <ele>342.0245216714</ele>
        <time>2026-03-14T09:48:46Z</time>
      </trkpt>
      <trkpt lat="42.09056481035910" lon="-80.01054147966242">
        <ele>338.8960462988</ele>
        <time>2026-03-14T09:48:49Z</time>
      </trkpt>
      <trkpt lat="42.09100427588866" lon="-80.00986642557942">
        <ele>337.5245538000</ele>
        <time>2026-03-14T09:48:52Z</time>
      </trkpt>
      <trkpt lat="42.09137092718180" lon="-80.00929998444494">
        <ele>336.9961907064</ele>
        <time>2026-03-14T09:48:54Z</time>
      </trkpt>
      <trkpt lat="42.09190830356055" lon="-80.00843263775425">
        <ele>337.6750403217</ele>
        <time>2026-03-14T09:48:58Z</time>
      </trkpt>
      <trkpt lat="42.09247834841529" lon="-80.00747508580497">
        <ele>337.9245693200</ele>
        <time>2026-03-14T09:49:03Z</time>
      </trkpt>
      <trkpt lat="42.09296820450164" lon="-80.00658113241161">
        <ele>338.7147747922</ele>
        <time>2026-03-14T09:49:06Z</time>
      </trkpt>
      <trkpt lat="42.09314048298140" lon="-80.00623747851152">
        <ele>338.8123909895</ele>
        <time>2026-03-14T09:49:07Z</time>
      </trkpt>
      <trkpt lat="42.09349132467776" lon="-80.00555899763783">
        <ele>339.1561751495</ele>
        <time>2026-03-14T09:49:09Z</time>
      </trkpt>
      <trkpt lat="42.09546825765336" lon="-80.00141976871446">
        <ele>339.1101011952</ele>
        <time>2026-03-14T09:49:24Z</time>
      </trkpt>
      <trkpt lat="42.09584972466490" lon="-80.00069270283583">
        <ele>338.7527662962</ele>
        <time>2026-03-14T09:49:27Z</time>
      </trkpt>
      <trkpt lat="42.09835120978114" lon="-79.99548074297842">
        <ele>343.0178359885</ele>
        <time>2026-03-14T09:49:43Z</time>
      </trkpt>
      <trkpt lat="42.09907208409079" lon="-79.99398305674623">
        <ele>341.9320634568</ele>
        <time>2026-03-14T09:49:49Z</time>
      </trkpt>
      <trkpt lat="42.09978163292818" lon="-79.99250906125729">
        <ele>337.8449216609</ele>
        <time>2026-03-14T09:49:53Z</time>
      </trkpt>
      <trkpt lat="42.10050204083173" lon="-79.99114841524637">
        <ele>334.1504187400</ele>
        <time>2026-03-14T09:50:00Z</time>
      </trkpt>
      <trkpt lat="42.10116374735935" lon="-79.98997188887502">
        <ele>331.9910153394</ele>
        <time>2026-03-14T09:50:05Z</time>
      </trkpt>
      <trkpt lat="42.10175621658627" lon="-79.98898672290457">
        <ele>333.0340474074</ele>
        <time>2026-03-14T09:50:10Z</time>
      </trkpt>
      <trkpt lat="42.10216825921292" lon="-79.98833754131178">
        <ele>333.8879521683</ele>
        <time>2026-03-14T09:50:14Z</time>
      </trkpt>
      <trkpt lat="42.10277311005959" lon="-79.98744800025462">
        <ele>337.9382519961</ele>
        <time>2026-03-14T09:50:18Z</time>
      </trkpt>
      <trkpt lat="42.10467519456756" lon="-79.98451832251996">
        <ele>346.7736762285</ele>
        <time>2026-03-14T09:50:31Z</time>
      </trkpt>
      <trkpt lat="42.10744424352661" lon="-79.98029750798807">
        <ele>354.7454089310</ele>
        <time>2026-03-14T09:50:47Z</time>
      </trkpt>
      <trkpt lat="42.11070798710134" lon="-79.97531724644041">
        <ele>360.7247271056</ele>
        <time>2026-03-14T09:51:06Z</time>
      </trkpt>
      <trkpt lat="42.11370086447400" lon="-79.97074633479727">
        <ele>357.8514914435</ele>
        <time>2026-03-14T09:51:26Z</time>
      </trkpt>
      <trkpt lat="42.11588638406291" lon="-79.96740915406788">
        <ele>351.0603723181</ele>
        <time>2026-03-14T09:51:41Z</time>
      </trkpt>
      <trkpt lat="42.11667098872940" lon="-79.96620928738420">
        <ele>350.0347962683</ele>
        <time>2026-03-14T09:51:45Z</time>
      </trkpt>
      <trkpt lat="42.11720229954074" lon="-79.96535656582853">
        <ele>349.1437621858</ele>
        <time>2026-03-14T09:51:49Z</time>
      </trkpt>
      <trkpt lat="42.11816033154140" lon="-79.96390086390161">
        <ele>347.8235375702</ele>
        <time>2026-03-14T09:51:54Z</time>
      </trkpt>
      <trkpt lat="42.11853642108990" lon="-79.96329280735647">
        <ele>347.7899012181</ele>
        <time>2026-03-14T09:51:57Z</time>
      </trkpt>
      <trkpt lat="42.11944515409346" lon="-79.96189053514759">
        <ele>350.2678459278</ele>
        <time>2026-03-14T09:52:02Z</time>
      </trkpt>
      <trkpt lat="42.11999057591626" lon="-79.96108958864021">
        <ele>350.5500676604</ele>
        <time>2026-03-14T09:52:05Z</time>
      </trkpt>
      <trkpt lat="42.12043513124408" lon="-79.96037619565386">
        <ele>351.1142922985</ele>
        <time>2026-03-14T09:52:08Z</time>
      </trkpt>
      <trkpt lat="42.12166585459367" lon="-79.95850163243252">
        <ele>347.2701694764</ele>
        <time>2026-03-14T09:52:15Z</time>
      </trkpt>
      <trkpt lat="42.12194882386286" lon="-79.95811297558235">
        <ele>346.1538326459</ele>
        <time>2026-03-14T09:52:17Z</time>
      </trkpt>
      <trkpt lat="42.12231270204643" lon="-79.95750822772719">
        <ele>343.9712710854</ele>
        <time>2026-03-14T09:52:20Z</time>
      </trkpt>
      <trkpt lat="42.12300621778348" lon="-79.95639072545167">
        <ele>339.8330579410</ele>
        <time>2026-03-14T09:52:24Z</time>
      </trkpt>
      <trkpt lat="42.12336409659482" lon="-79.95577996484003">
        <ele>338.5687176180</ele>
        <time>2026-03-14T09:52:26Z</time>
      </trkpt>
      <trkpt lat="42.12396629317750" lon="-79.95469268875262">
        <ele>334.9107172036</ele>
        <time>2026-03-14T09:52:29Z</time>
      </trkpt>
      <trkpt lat="42.12442455813174" lon="-79.95381107688723">
        <ele>332.3107201778</ele>
        <time>2026-03-14T09:52:33Z</time>
      </trkpt>
      <trkpt lat="42.12528860211056" lon="-79.95212029808860">
        <ele>327.0094266642</ele>
        <time>2026-03-14T09:52:39Z</time>
      </trkpt>
      <trkpt lat="42.12579503363487" lon="-79.95115486175899">
        <ele>325.9446727298</ele>
        <time>2026-03-14T09:52:43Z</time>
      </trkpt>
      <trkpt lat="42.12614087139302" lon="-79.95050872222340">
        <ele>322.1400960912</ele>
        <time>2026-03-14T09:52:46Z</time>
      </trkpt>
      <trkpt lat="42.12739945968804" lon="-79.94805822326178">
        <ele>317.5784204843</ele>
        <time>2026-03-14T09:52:55Z</time>
      </trkpt>
      <trkpt lat="42.12797560675803" lon="-79.94688785742014">
        <ele>317.1587837930</ele>
        <time>2026-03-14T09:52:59Z</time>
      </trkpt>
      <trkpt lat="42.12855365188096" lon="-79.94571640631462">
        <ele>318.8360735783</ele>
        <time>2026-03-14T09:53:02Z</time>
      </trkpt>
      <trkpt lat="42.13114961112419" lon="-79.94061724419863">
        <ele>332.8710236972</ele>
        <time>2026-03-14T09:53:21Z</time>
      </trkpt>
      <trkpt lat="42.13345651299993" lon="-79.93611143013339">
        <ele>336.8946823406</ele>
        <time>2026-03-14T09:53:38Z</time>
      </trkpt>
      <trkpt lat="42.13431391052576" lon="-79.93443429481356">
        <ele>335.5489242315</ele>
        <time>2026-03-14T09:53:44Z</time>
      </trkpt>
      <trkpt lat="42.13483235765987" lon="-79.93336140290576">
        <ele>334.8135334172</ele>
        <time>2026-03-14T09:53:48Z</time>
      </trkpt>
      <trkpt lat="42.13543375622578" lon="-79.93207794370254">
        <ele>332.9252674786</ele>
        <time>2026-03-14T09:53:51Z</time>
      </trkpt>
      <trkpt lat="42.13681962316397" lon="-79.92903853533180">
        <ele>335.8478910620</ele>
        <time>2026-03-14T09:54:01Z</time>
      </trkpt>
      <trkpt lat="42.13777954229133" lon="-79.92687940599178">
        <ele>339.1035563578</ele>
        <time>2026-03-14T09:54:08Z</time>
      </trkpt>
      <trkpt lat="42.13830365081303" lon="-79.92576553371605">
        <ele>339.9579110869</ele>
        <time>2026-03-14T09:54:13Z</time>
      </trkpt>
      <trkpt lat="42.13951590428866" lon="-79.92308370986608">
        <ele>342.0982638339</ele>
        <time>2026-03-14T09:54:22Z</time>
      </trkpt>
      <trkpt lat="42.14107619933431" lon="-79.91965421164981">
        <ele>347.9938073230</ele>
        <time>2026-03-14T09:54:33Z</time>
      </trkpt>
      <trkpt lat="42.14655363045285" lon="-79.90761609470235">
        <ele>362.8262213774</ele>
        <time>2026-03-14T09:55:15Z</time>
      </trkpt>
      <trkpt lat="42.14822992500424" lon="-79.90394416564885">
        <ele>365.2574444934</ele>
        <time>2026-03-14T09:55:26Z</time>
      </trkpt>
      <trkpt lat="42.14855109042080" lon="-79.90321346391859">
        <ele>365.1351194030</ele>
        <time>2026-03-14T09:55:29Z</time>
      </trkpt>
      <trkpt lat="42.14961355259120" lon="-79.90084276328147">
        <ele>366.9035862575</ele>
        <time>2026-03-14T09:55:39Z</time>
      </trkpt>
      <trkpt lat="42.14979388394903" lon="-79.90045186402317">
        <ele>365.4307125641</ele>
        <time>2026-03-14T09:55:41Z</time>
      </trkpt>
      <trkpt lat="42.14992074874543" lon="-79.90014390437459">
        <ele>368.1388423121</ele>
        <time>2026-03-14T09:55:42Z</time>
      </trkpt>
      <trkpt lat="42.15104629397816" lon="-79.89772394537495">
        <ele>373.0067580137</ele>
        <time>2026-03-14T09:55:49Z</time>
      </trkpt>
      <trkpt lat="42.15148260213034" lon="-79.89674917218836">
        <ele>373.8224207813</ele>
        <time>2026-03-14T09:55:52Z</time>
      </trkpt>
      <trkpt lat="42.15177066049068" lon="-79.89615879015355">
        <ele>375.4163414249</ele>
        <time>2026-03-14T09:55:55Z</time>
      </trkpt>
      <trkpt lat="42.15262855566389" lon="-79.89427642327136">
        <ele>378.7190490609</ele>
        <time>2026-03-14T09:56:00Z</time>
      </trkpt>
      <trkpt lat="42.15331552643717" lon="-79.89276460886053">
        <ele>379.8641947362</ele>
        <time>2026-03-14T09:56:05Z</time>
      </trkpt>
      <trkpt lat="42.15578779494076" lon="-79.88731239058603">
        <ele>376.9355718035</ele>
        <time>2026-03-14T09:56:26Z</time>
      </trkpt>
      <trkpt lat="42.15714454474693" lon="-79.88434748246480">
        <ele>379.0986878065</ele>
        <time>2026-03-14T09:56:39Z</time>
      </trkpt>
      <trkpt lat="42.15773506048127" lon="-79.88303003096193">
        <ele>381.3913890476</ele>
        <time>2026-03-14T09:56:45Z</time>
      </trkpt>
      <trkpt lat="42.15826656909051" lon="-79.88183824190963">
        <ele>382.5810031869</ele>
        <time>2026-03-14T09:56:49Z</time>
      </trkpt>
      <trkpt lat="42.15885635227875" lon="-79.88055136456569">
        <ele>382.8975134753</ele>
        <time>2026-03-14T09:56:53Z</time>
      </trkpt>
      <trkpt lat="42.15976082740222" lon="-79.87854365102442">
        <ele>381.5115203708</ele>
        <time>2026-03-14T09:57:01Z</time>
      </trkpt>
      <trkpt lat="42.16017718375424" lon="-79.87753510665881">
        <ele>381.1897966621</ele>
        <time>2026-03-14T09:57:05Z</time>
      </trkpt>
      <trkpt lat="42.16048095118656" lon="-79.87675411930543">
        <ele>379.9472303937</ele>
        <time>2026-03-14T09:57:08Z</time>
      </trkpt>
      <trkpt lat="42.16073816497500" lon="-79.87608167445033">
        <ele>379.1647999827</ele>
        <time>2026-03-14T09:57:10Z</time>
      </trkpt>
      <trkpt lat="42.16104416386981" lon="-79.87517556600142">
        <ele>379.8654782497</ele>
        <time>2026-03-14T09:57:13Z</time>
      </trkpt>
      <trkpt lat="42.16141445175355" lon="-79.87408103213991">
        <ele>380.3567591572</ele>
        <time>2026-03-14T09:57:17Z</time>
      </trkpt>
      <trkpt lat="42.16170801822651" lon="-79.87315658502176">
        <ele>380.7457926848</ele>
        <time>2026-03-14T09:57:20Z</time>
      </trkpt>
      <trkpt lat="42.16189527548919" lon="-79.87253279546950">
        <ele>379.5574590231</ele>
        <time>2026-03-14T09:57:22Z</time>
      </trkpt>
      <trkpt lat="42.16222916899117" lon="-79.87150656318106">
        <ele>381.9424012688</ele>
        <time>2026-03-14T09:57:26Z</time>
      </trkpt>
      <trkpt lat="42.16297324552858" lon="-79.86909391006802">
        <ele>383.1488026119</ele>
        <time>2026-03-14T09:57:34Z</time>
      </trkpt>
      <trkpt lat="42.16320220265215" lon="-79.86837447286931">
        <ele>381.6705034595</ele>
        <time>2026-03-14T09:57:36Z</time>
      </trkpt>
      <trkpt lat="42.16343570675718" lon="-79.86764498427347">
        <ele>383.7156932541</ele>
        <time>2026-03-14T09:57:39Z</time>
      </trkpt>
      <trkpt lat="42.16596093770381" lon="-79.85956491599903">
        <ele>380.7467422830</ele>
        <time>2026-03-14T09:58:07Z</time>
      </trkpt>
      <trkpt lat="42.16680336844189" lon="-79.85684277600048">
        <ele>382.4643744701</ele>
        <time>2026-03-14T09:58:16Z</time>
      </trkpt>
      <trkpt lat="42.16740780249272" lon="-79.85497358528238">
        <ele>378.7644081766</ele>
        <time>2026-03-14T09:58:21Z</time>
      </trkpt>
      <trkpt lat="42.16759976236702" lon="-79.85436746791875">
        <ele>376.9758019600</ele>
        <time>2026-03-14T09:58:23Z</time>
      </trkpt>
      <trkpt lat="42.16797887595550" lon="-79.85337704969176">
        <ele>374.9298112899</ele>
        <time>2026-03-14T09:58:26Z</time>
      </trkpt>
      <trkpt lat="42.16832400501310" lon="-79.85255905599091">
        <ele>372.5852857380</ele>
        <time>2026-03-14T09:58:29Z</time>
      </trkpt>
      <trkpt lat="42.16870271887979" lon="-79.85176318580876">
        <ele>371.1342802858</ele>
        <time>2026-03-14T09:58:33Z</time>
      </trkpt>
      <trkpt lat="42.16898002586531" lon="-79.85122809483524">
        <ele>371.3312835194</ele>
        <time>2026-03-14T09:58:35Z</time>
      </trkpt>
      <trkpt lat="42.16930759281232" lon="-79.85062427452671">
        <ele>372.0998851537</ele>
        <time>2026-03-14T09:58:37Z</time>
      </trkpt>
      <trkpt lat="42.16972101546965" lon="-79.84992950017994">
        <ele>372.8920326493</ele>
        <time>2026-03-14T09:58:40Z</time>
      </trkpt>
      <trkpt lat="42.17010332591619" lon="-79.84934228505811">
        <ele>373.8387592702</ele>
        <time>2026-03-14T09:58:44Z</time>
      </trkpt>
      <trkpt lat="42.17048527692076" lon="-79.84878344912073">
        <ele>374.5907989213</ele>
        <time>2026-03-14T09:58:47Z</time>
      </trkpt>
      <trkpt lat="42.17083646711989" lon="-79.84829193528682">
        <ele>375.4102007148</ele>
        <time>2026-03-14T09:58:48Z</time>
      </trkpt>
      <trkpt lat="42.17122277196506" lon="-79.84780388068964">
        <ele>375.9309087802</ele>
        <time>2026-03-14T09:58:51Z</time>
      </trkpt>
      <trkpt lat="42.17153420122206" lon="-79.84745383591070">
        <ele>376.3152263166</ele>
        <time>2026-03-14T09:58:53Z</time>
      </trkpt>
      <trkpt lat="42.17195096558621" lon="-79.84699489985746">
        <ele>377.1351834229</ele>
        <time>2026-03-14T09:58:55Z</time>
      </trkpt>
      <trkpt lat="42.17236348836225" lon="-79.84656706147368">
        <ele>378.1090548578</ele>
        <time>2026-03-14T09:58:57Z</time>
      </trkpt>
      <trkpt lat="42.17274745321962" lon="-79.84618392477019">
        <ele>378.8866150048</ele>
        <time>2026-03-14T09:58:59Z</time>
      </trkpt>
      <trkpt lat="42.17464315067778" lon="-79.84441746003068">
        <ele>377.5508035491</ele>
        <time>2026-03-14T10:16:02Z</time>
      </trkpt>
      <trkpt lat="42.17686535375329" lon="-79.84233649983128">
        <ele>372.0574779112</ele>
        <time>2026-03-14T10:16:11Z</time>
      </trkpt>
      <trkpt lat="42.17810164313086" lon="-79.84120804047508">
        <ele>368.8445409400</ele>
        <time>2026-03-14T10:16:16Z</time>
      </trkpt>
      <trkpt lat="42.17880677166207" lon="-79.84053593078080">
        <ele>367.1630794429</ele>
        <time>2026-03-14T10:16:19Z</time>
      </trkpt>
      <trkpt lat="42.18042009599235" lon="-79.83904975295829">
        <ele>361.0980623931</ele>
        <time>2026-03-14T10:16:27Z</time>
      </trkpt>
      <trkpt lat="42.18086271175626" lon="-79.83861048960389">
        <ele>359.1692317390</ele>
        <time>2026-03-14T10:16:29Z</time>
      </trkpt>
      <trkpt lat="42.18120618572164" lon="-79.83826002652248">
        <ele>357.8263672064</ele>
        <time>2026-03-14T10:16:31Z</time>
      </trkpt>
      <trkpt lat="42.18155813821215" lon="-79.83787369974327">
        <ele>355.9268692248</ele>
        <time>2026-03-14T10:16:33Z</time>
      </trkpt>
      <trkpt lat="42.18214513402599" lon="-79.83720595669445">
        <ele>354.0382021178</ele>
        <time>2026-03-14T10:16:36Z</time>
      </trkpt>
      <trkpt lat="42.18305567272959" lon="-79.83606849749700">
        <ele>348.9416713371</ele>
        <time>2026-03-14T10:16:41Z</time>
      </trkpt>
      <trkpt lat="42.18457335856016" lon="-79.83410656733778">
        <ele>342.8400914056</ele>
        <time>2026-03-14T10:16:49Z</time>
      </trkpt>
      <trkpt lat="42.18538993572592" lon="-79.83310102166634">
        <ele>340.2080988935</ele>
        <time>2026-03-14T10:16:53Z</time>
      </trkpt>
      <trkpt lat="42.18652803913285" lon="-79.83162521934899">
        <ele>335.6094628391</ele>
        <time>2026-03-14T10:17:01Z</time>
      </trkpt>
      <trkpt lat="42.18708319069301" lon="-79.83096638286588">
        <ele>334.0392257519</ele>
        <time>2026-03-14T10:17:03Z</time>
      </trkpt>
      <trkpt lat="42.18805217152031" lon="-79.82973320030736">
        <ele>328.9799694987</ele>
        <time>2026-03-14T10:17:09Z</time>
      </trkpt>
      <trkpt lat="42.18838248007047" lon="-79.82929391189268">
        <ele>329.0343260612</ele>
        <time>2026-03-14T10:17:11Z</time>
      </trkpt>
      <trkpt lat="42.18963077076652" lon="-79.82768749252949">
        <ele>324.0796324244</ele>
        <time>2026-03-14T10:17:17Z</time>
      </trkpt>
      <trkpt lat="42.19314310572626" lon="-79.82328311836584">
        <ele>308.5957719078</ele>
        <time>2026-03-14T10:17:38Z</time>
      </trkpt>
      <trkpt lat="42.19390919402056" lon="-79.82233524992905">
        <ele>305.1995205033</ele>
        <time>2026-03-14T10:17:44Z</time>
      </trkpt>
      <trkpt lat="42.19445768732501" lon="-79.82170887340986">
        <ele>303.2131237165</ele>
        <time>2026-03-14T10:17:48Z</time>
      </trkpt>
      <trkpt lat="42.19516804027089" lon="-79.82093496782272">
        <ele>299.9528367365</ele>
        <time>2026-03-14T10:17:52Z</time>
      </trkpt>
      <trkpt lat="42.19611455561578" lon="-79.81990804947024">
        <ele>298.9469081867</ele>
        <time>2026-03-14T10:17:56Z</time>
      </trkpt>
      <trkpt lat="42.19722577415614" lon="-79.81864432634077">
        <ele>297.6428715911</ele>
        <time>2026-03-14T10:18:01Z</time>
      </trkpt>
      <trkpt lat="42.19799301813229" lon="-79.81783073607504">
        <ele>296.8466925918</ele>
        <time>2026-03-14T10:18:06Z</time>
      </trkpt>
      <trkpt lat="42.19952206028026" lon="-79.81625350778420">
        <ele>295.2601246565</ele>
        <time>2026-03-14T10:18:14Z</time>
      </trkpt>
      <trkpt lat="42.20105087832670" lon="-79.81461308442026">
        <ele>293.5001112235</ele>
        <time>2026-03-14T10:18:21Z</time>
      </trkpt>
      <trkpt lat="42.20199305963504" lon="-79.81349509995201">
        <ele>292.2026869983</ele>
        <time>2026-03-14T10:18:26Z</time>
      </trkpt>
      <trkpt lat="42.20281809374143" lon="-79.81245118498735">
        <ele>291.3259374500</ele>
        <time>2026-03-14T10:18:31Z</time>
      </trkpt>
      <trkpt lat="42.20467077223439" lon="-79.81002169032205">
        <ele>287.8729872530</ele>
        <time>2026-03-14T10:18:42Z</time>
      </trkpt>
      <trkpt lat="42.20564230407379" lon="-79.80871122195522">
        <ele>286.5548341709</ele>
        <time>2026-03-14T10:18:48Z</time>
      </trkpt>
      <trkpt lat="42.20661012472390" lon="-79.80748996715475">
        <ele>285.3157117776</ele>
        <time>2026-03-14T10:18:53Z</time>
      </trkpt>
      <trkpt lat="42.20962082547479" lon="-79.80355522837731">
        <ele>281.0878107862</ele>
        <time>2026-03-14T10:19:08Z</time>
      </trkpt>
      <trkpt lat="42.21111579612669" lon="-79.80158002088197">
        <ele>278.4634210545</ele>
        <time>2026-03-14T10:19:18Z</time>
      </trkpt>
      <trkpt lat="42.21324068099775" lon="-79.79880997179743">
        <ele>272.9357126718</ele>
        <time>2026-03-14T10:19:30Z</time>
      </trkpt>
      <trkpt lat="42.21533759164366" lon="-79.79609461997400">
        <ele>271.9728553205</ele>
        <time>2026-03-14T10:19:41Z</time>
      </trkpt>
      <trkpt lat="42.21598671603904" lon="-79.79524156422562">
        <ele>269.8086922311</ele>
        <time>2026-03-14T10:19:44Z</time>
      </trkpt>
      <trkpt lat="42.21723067115307" lon="-79.79358235711864">
        <ele>269.3535495252</ele>
        <time>2026-03-14T10:19:52Z</time>
      </trkpt>
      <trkpt lat="42.21837192692516" lon="-79.79209297077858">
        <ele>266.7245737759</ele>
        <time>2026-03-14T10:20:01Z</time>
      </trkpt>
      <trkpt lat="42.21968101478404" lon="-79.79039699775734">
        <ele>266.4294105803</ele>
        <time>2026-03-14T10:20:09Z</time>
      </trkpt>
      <trkpt lat="42.22229246183368" lon="-79.78700157697399">
        <ele>262.2649260498</ele>
        <time>2026-03-14T10:20:33Z</time>
      </trkpt>
      <trkpt lat="42.22295105276361" lon="-79.78613872142013">
        <ele>261.5139368162</ele>
        <time>2026-03-14T10:20:36Z</time>
      </trkpt>
      <trkpt lat="42.22317764544019" lon="-79.78585549835807">
        <ele>261.5174730902</ele>
        <time>2026-03-14T10:20:37Z</time>
      </trkpt>
      <trkpt lat="42.22345884238866" lon="-79.78553849730771">
        <ele>261.8242810667</ele>
        <time>2026-03-14T10:20:39Z</time>
      </trkpt>
      <trkpt lat="42.22379453629252" lon="-79.78518032889899">
        <ele>262.9789286626</ele>
        <time>2026-03-14T10:20:41Z</time>
      </trkpt>
      <trkpt lat="42.22414760677466" lon="-79.78482057648444">
        <ele>261.2398157188</ele>
        <time>2026-03-14T10:20:43Z</time>
      </trkpt>
      <trkpt lat="42.22441207277219" lon="-79.78456431897092">
        <ele>261.1144462392</ele>
        <time>2026-03-14T10:20:44Z</time>
      </trkpt>
      <trkpt lat="42.22480822861880" lon="-79.78418465118060">
        <ele>260.9910158743</ele>
        <time>2026-03-14T10:20:46Z</time>
      </trkpt>
      <trkpt lat="42.22546623720788" lon="-79.78363801271524">
        <ele>259.6549181182</ele>
        <time>2026-03-14T10:20:50Z</time>
      </trkpt>
      <trkpt lat="42.22576224986231" lon="-79.78340463747482">
        <ele>259.8269656307</ele>
        <time>2026-03-14T10:20:52Z</time>
      </trkpt>
      <trkpt lat="42.22614692284897" lon="-79.78312543653399">
        <ele>259.8106191375</ele>
        <time>2026-03-14T10:20:53Z</time>
      </trkpt>
      <trkpt lat="42.22652946993379" lon="-79.78285577549947">
        <ele>260.5703908006</ele>
        <time>2026-03-14T10:20:55Z</time>
      </trkpt>
      <trkpt lat="42.22689240944995" lon="-79.78262489677594">
        <ele>261.4075196178</ele>
        <time>2026-03-14T10:20:57Z</time>
      </trkpt>
      <trkpt lat="42.22759330777203" lon="-79.78220601845430">
        <ele>261.6867624004</ele>
        <time>2026-03-14T10:21:01Z</time>
      </trkpt>
      <trkpt lat="42.22799125487155" lon="-79.78199510827987">
        <ele>262.0837004330</ele>
        <time>2026-03-14T10:21:02Z</time>
      </trkpt>
      <trkpt lat="42.22846009179288" lon="-79.78177287269338">
        <ele>262.1662825223</ele>
        <time>2026-03-14T10:21:05Z</time>
      </trkpt>
      <trkpt lat="42.22895793479248" lon="-79.78156618923802">
        <ele>262.0731264093</ele>
        <time>2026-03-14T10:21:07Z</time>
      </trkpt>
      <trkpt lat="42.22930357744469" lon="-79.78142038746157">
        <ele>261.0159315249</ele>
        <time>2026-03-14T10:21:08Z</time>
      </trkpt>
      <trkpt lat="42.23187653702423" lon="-79.78049080220046">
        <ele>257.3367922225</ele>
        <time>2026-03-14T10:21:20Z</time>
      </trkpt>
      <trkpt lat="42.23241552651358" lon="-79.78029828598262">
        <ele>254.0046148948</ele>
        <time>2026-03-14T10:21:22Z</time>
      </trkpt>
      <trkpt lat="42.23326764362120" lon="-79.77998947470775">
        <ele>253.8510644690</ele>
        <time>2026-03-14T10:21:25Z</time>
      </trkpt>
      <trkpt lat="42.23389255714114" lon="-79.77976428694633">
        <ele>248.6463177978</ele>
        <time>2026-03-14T10:21:28Z</time>
      </trkpt>
      <trkpt lat="42.23520016679512" lon="-79.77926800008318">
        <ele>244.6868806681</ele>
        <time>2026-03-14T10:21:33Z</time>
      </trkpt>
      <trkpt lat="42.23563196403109" lon="-79.77909154168938">
        <ele>243.4773315891</ele>
        <time>2026-03-14T10:21:34Z</time>
      </trkpt>
      <trkpt lat="42.23654606480928" lon="-79.77863628922437">
        <ele>240.4912095558</ele>
        <time>2026-03-14T10:21:38Z</time>
      </trkpt>
      <trkpt lat="42.23695647197984" lon="-79.77840216728596">
        <ele>238.8665431443</ele>
        <time>2026-03-14T10:21:40Z</time>
      </trkpt>
      <trkpt lat="42.23734184062940" lon="-79.77817343463404">
        <ele>237.7508971710</ele>
        <time>2026-03-14T10:21:42Z</time>
      </trkpt>
      <trkpt lat="42.23778175380501" lon="-79.77788896260434">
        <ele>236.2074623241</ele>
        <time>2026-03-14T10:21:44Z</time>
      </trkpt>
      <trkpt lat="42.23813971224416" lon="-79.77761921693978">
        <ele>235.0864390104</ele>
        <time>2026-03-14T10:21:46Z</time>
      </trkpt>
      <trkpt lat="42.23881925443444" lon="-79.77708748526167">
        <ele>232.3876331504</ele>
        <time>2026-03-14T10:21:49Z</time>
      </trkpt>
      <trkpt lat="42.23943047197269" lon="-79.77655993712331">
        <ele>230.2734326992</ele>
        <time>2026-03-14T10:21:52Z</time>
      </trkpt>
      <trkpt lat="42.24011056567747" lon="-79.77589462799196">
        <ele>227.4131994762</ele>
        <time>2026-03-14T10:21:56Z</time>
      </trkpt>
      <trkpt lat="42.24066000288416" lon="-79.77530250172897">
        <ele>225.1907918053</ele>
        <time>2026-03-14T10:21:59Z</time>
      </trkpt>
      <trkpt lat="42.24094160660118" lon="-79.77497663709094">
        <ele>223.9264389279</ele>
        <time>2026-03-14T10:22:00Z</time>
      </trkpt>
      <trkpt lat="42.24144265677986" lon="-79.77441315301176">
        <ele>223.2858227508</ele>
        <time>2026-03-14T10:22:03Z</time>
      </trkpt>
      <trkpt lat="42.24173605652085" lon="-79.77408914698924">
        <ele>222.9149170544</ele>
        <time>2026-03-14T10:22:04Z</time>
      </trkpt>
      <trkpt lat="42.24300112750037" lon="-79.77261462403878">
        <ele>224.5478367618</ele>
        <time>2026-03-14T10:22:11Z</time>
      </trkpt>
      <trkpt lat="42.24569105922281" lon="-79.76950061086683">
        <ele>226.9313886847</ele>
        <time>2026-03-14T10:22:24Z</time>
      </trkpt>
      <trkpt lat="42.24712328667255" lon="-79.76787108431019">
        <ele>226.9253064341</ele>
        <time>2026-03-14T10:22:32Z</time>
      </trkpt>
      <trkpt lat="42.24794819761055" lon="-79.76690656454124">
        <ele>225.9895440608</ele>
        <time>2026-03-14T10:22:36Z</time>
      </trkpt>
      <trkpt lat="42.24993340524991" lon="-79.76464426321058">
        <ele>222.7724597226</ele>
        <time>2026-03-14T10:22:45Z</time>
      </trkpt>
      <trkpt lat="42.25076333526025" lon="-79.76363138552469">
        <ele>221.0849698796</ele>
        <time>2026-03-14T10:22:49Z</time>
      </trkpt>
      <trkpt lat="42.25150851949311" lon="-79.76271850508749">
        <ele>219.6557629033</ele>
        <time>2026-03-14T10:22:53Z</time>
      </trkpt>
      <trkpt lat="42.25218864776023" lon="-79.76191230606433">
        <ele>218.9468153529</ele>
        <time>2026-03-14T10:22:57Z</time>
      </trkpt>
      <trkpt lat="42.25276246325274" lon="-79.76124516504292">
        <ele>217.0157234252</ele>
        <time>2026-03-14T10:23:00Z</time>
      </trkpt>
      <trkpt lat="42.25344672239905" lon="-79.76042485526749">
        <ele>215.2239259874</ele>
        <time>2026-03-14T10:23:03Z</time>
      </trkpt>
      <trkpt lat="42.25474994023032" lon="-79.75857574749831">
        <ele>211.9941140418</ele>
        <time>2026-03-14T10:23:11Z</time>
      </trkpt>
      <trkpt lat="42.25581668613736" lon="-79.75688558817508">
        <ele>209.7977007971</ele>
        <time>2026-03-14T10:23:17Z</time>
      </trkpt>
      <trkpt lat="42.25668622954624" lon="-79.75521542430165">
        <ele>208.4470468217</ele>
        <time>2026-03-14T10:23:26Z</time>
      </trkpt>
      <trkpt lat="42.25718939035483" lon="-79.75416070933548">
        <ele>208.0612646839</ele>
        <time>2026-03-14T10:23:31Z</time>
      </trkpt>
      <trkpt lat="42.25965184733512" lon="-79.74865962720069">
        <ele>205.9255053516</ele>
        <time>2026-03-14T10:23:48Z</time>
      </trkpt>
      <trkpt lat="42.26069878372926" lon="-79.74632902967569">
        <ele>206.0273096161</ele>
        <time>2026-03-14T10:23:55Z</time>
      </trkpt>
      <trkpt lat="42.26150974581735" lon="-79.74467188043130">
        <ele>206.7877292489</ele>
        <time>2026-03-14T10:24:03Z</time>
      </trkpt>
      <trkpt lat="42.26238769679220" lon="-79.74302664893160">
        <ele>206.9766492653</ele>
        <time>2026-03-14T10:24:10Z</time>
      </trkpt>
      <trkpt lat="42.26347695951491" lon="-79.74128511030229">
        <ele>205.7282255471</ele>
        <time>2026-03-14T10:24:17Z</time>
      </trkpt>
      <trkpt lat="42.26405308650497" lon="-79.74040276840005">
        <ele>204.6362043841</ele>
        <time>2026-03-14T10:24:20Z</time>
      </trkpt>
      <trkpt lat="42.26463158954297" lon="-79.73953688908574">
        <ele>205.0687095759</ele>
        <time>2026-03-14T10:24:25Z</time>
      </trkpt>
      <trkpt lat="42.26496924065099" lon="-79.73903973666539">
        <ele>204.0806148852</ele>
        <time>2026-03-14T10:24:27Z</time>
      </trkpt>
      <trkpt lat="42.26588159816537" lon="-79.73766310411922">
        <ele>203.6715229614</ele>
        <time>2026-03-14T10:24:33Z</time>
      </trkpt>
      <trkpt lat="42.26659832195372" lon="-79.73650274894747">
        <ele>203.0990884928</ele>
        <time>2026-03-14T10:24:37Z</time>
      </trkpt>
      <trkpt lat="42.26813537361008" lon="-79.73388986574631">
        <ele>201.7222759097</ele>
        <time>2026-03-14T10:24:48Z</time>
      </trkpt>
      <trkpt lat="42.26898226144764" lon="-79.73236743770384">
        <ele>202.2052979970</ele>
        <time>2026-03-14T10:24:54Z</time>
      </trkpt>
      <trkpt lat="42.26970484899347" lon="-79.73097241565011">
        <ele>203.1647163697</ele>
        <time>2026-03-14T10:24:59Z</time>
      </trkpt>
      <trkpt lat="42.27038000473947" lon="-79.72950218643970">
        <ele>204.0340657361</ele>
        <time>2026-03-14T10:25:06Z</time>
      </trkpt>
      <trkpt lat="42.27103595035476" lon="-79.72802925010046">
        <ele>202.9061498487</ele>
        <time>2026-03-14T10:25:10Z</time>
      </trkpt>
      <trkpt lat="42.27153590825978" lon="-79.72678870811916">
        <ele>202.9359610213</ele>
        <time>2026-03-14T10:25:14Z</time>
      </trkpt>
      <trkpt lat="42.27200551249346" lon="-79.72548974965819">
        <ele>201.8919206997</ele>
        <time>2026-03-14T10:25:19Z</time>
      </trkpt>
      <trkpt lat="42.27267905758635" lon="-79.72353329718504">
        <ele>201.8597288169</ele>
        <time>2026-03-14T10:25:27Z</time>
      </trkpt>
      <trkpt lat="42.27330545774140" lon="-79.72142842556542">
        <ele>202.5435313614</ele>
        <time>2026-03-14T10:25:34Z</time>
      </trkpt>
      <trkpt lat="42.27389990766009" lon="-79.71902956891584">
        <ele>204.1507962216</ele>
        <time>2026-03-14T10:25:41Z</time>
      </trkpt>
      <trkpt lat="42.27443419965273" lon="-79.71675844319768">
        <ele>204.5190749851</ele>
        <time>2026-03-14T10:25:47Z</time>
      </trkpt>
      <trkpt lat="42.27585622009001" lon="-79.71052225867732">
        <ele>207.7742342789</ele>
        <time>2026-03-14T10:26:06Z</time>
      </trkpt>
      <trkpt lat="42.27682625592994" lon="-79.70630775663803">
        <ele>207.0137059368</ele>
        <time>2026-03-14T10:26:20Z</time>
      </trkpt>
      <trkpt lat="42.27753583223710" lon="-79.70372141479427">
        <ele>207.0941894575</ele>
        <time>2026-03-14T10:26:32Z</time>
      </trkpt>
      <trkpt lat="42.27825319800424" lon="-79.70156565796302">
        <ele>208.4055433918</ele>
        <time>2026-03-14T10:26:38Z</time>
      </trkpt>
      <trkpt lat="42.27894698446428" lon="-79.69982461422853">
        <ele>208.4777421382</ele>
        <time>2026-03-14T10:26:45Z</time>
      </trkpt>
      <trkpt lat="42.27990350862059" lon="-79.69764332431531">
        <ele>209.5862127094</ele>
        <time>2026-03-14T10:26:52Z</time>
      </trkpt>
      <trkpt lat="42.28149188010340" lon="-79.69463420785084">
        <ele>208.3088271333</ele>
        <time>2026-03-14T10:27:01Z</time>
      </trkpt>
      <trkpt lat="42.28241544656694" lon="-79.69304703728132">
        <ele>209.2590699296</ele>
        <time>2026-03-14T10:27:07Z</time>
      </trkpt>
      <trkpt lat="42.28680075073541" lon="-79.68625116752531">
        <ele>205.2325153442</ele>
        <time>2026-03-14T10:27:37Z</time>
      </trkpt>
      <trkpt lat="42.28769308898561" lon="-79.68484838546603">
        <ele>205.1457837469</ele>
        <time>2026-03-14T10:27:43Z</time>
      </trkpt>
      <trkpt lat="42.28881533845204" lon="-79.68288397858237">
        <ele>205.0191943428</ele>
        <time>2026-03-14T10:27:51Z</time>
      </trkpt>
      <trkpt lat="42.28964702450077" lon="-79.68128412032145">
        <ele>205.5696652298</ele>
        <time>2026-03-14T10:27:57Z</time>
      </trkpt>
      <trkpt lat="42.29035232697180" lon="-79.67978875225725">
        <ele>206.5885728119</ele>
        <time>2026-03-14T10:28:02Z</time>
      </trkpt>
      <trkpt lat="42.29101497854467" lon="-79.67824294514469">
        <ele>207.0657821098</ele>
        <time>2026-03-14T10:28:07Z</time>
      </trkpt>
      <trkpt lat="42.29226753124891" lon="-79.67511242783986">
        <ele>206.1031847281</ele>
        <time>2026-03-14T10:28:16Z</time>
      </trkpt>
      <trkpt lat="42.29390553428949" lon="-79.67045814660905">
        <ele>203.9244429061</ele>
        <time>2026-03-14T10:28:34Z</time>
      </trkpt>
      <trkpt lat="42.29625097841823" lon="-79.66377883522527">
        <ele>208.1135167472</ele>
        <time>2026-03-14T10:28:59Z</time>
      </trkpt>
      <trkpt lat="42.29810467389991" lon="-79.65848685807316">
        <ele>206.0883168266</ele>
        <time>2026-03-14T10:29:14Z</time>
      </trkpt>
      <trkpt lat="42.29881047603299" lon="-79.65645691054725">
        <ele>206.7510669573</ele>
        <time>2026-03-14T10:29:22Z</time>
      </trkpt>
      <trkpt lat="42.29983994318517" lon="-79.65389490535941">
        <ele>208.3062107595</ele>
        <time>2026-03-14T10:29:30Z</time>
      </trkpt>
      <trkpt lat="42.30048326652528" lon="-79.65228486677266">
        <ele>207.6336576912</ele>
        <time>2026-03-14T10:29:38Z</time>
      </trkpt>
      <trkpt lat="42.30213450555448" lon="-79.64853837075064">
        <ele>206.0243973876</ele>
        <time>2026-03-14T10:29:50Z</time>
      </trkpt>
      <trkpt lat="42.30374700407682" lon="-79.64526528107136">
        <ele>204.8300184487</ele>
        <time>2026-03-14T10:30:03Z</time>
      </trkpt>
      <trkpt lat="42.30502711432949" lon="-79.64294932487479">
        <ele>203.8896563823</ele>
        <time>2026-03-14T10:30:11Z</time>
      </trkpt>
      <trkpt lat="42.30608428067224" lon="-79.64101889806918">
        <ele>204.5918285525</ele>
        <time>2026-03-14T10:30:18Z</time>
      </trkpt>
      <trkpt lat="42.30684416724467" lon="-79.63936210478333">
        <ele>205.0903040274</ele>
        <time>2026-03-14T10:30:24Z</time>
      </trkpt>
      <trkpt lat="42.30750846750522" lon="-79.63767193706127">
        <ele>204.4924101878</ele>
        <time>2026-03-14T10:30:29Z</time>
      </trkpt>
      <trkpt lat="42.30811853490560" lon="-79.63585561229026">
        <ele>202.7240829938</ele>
        <time>2026-03-14T10:30:37Z</time>
      </trkpt>
      <trkpt lat="42.30851201815389" lon="-79.63464958094782">
        <ele>201.8463134465</ele>
        <time>2026-03-14T10:30:41Z</time>
      </trkpt>
      <trkpt lat="42.30903936979228" lon="-79.63295374433278">
        <ele>200.5618698667</ele>
        <time>2026-03-14T10:30:46Z</time>
      </trkpt>
      <trkpt lat="42.30946552615470" lon="-79.63160577123674">
        <ele>202.9953373143</ele>
        <time>2026-03-14T10:30:50Z</time>
      </trkpt>
      <trkpt lat="42.31063684517942" lon="-79.62788884634004">
        <ele>204.0473929586</ele>
        <time>2026-03-14T10:31:00Z</time>
      </trkpt>
      <trkpt lat="42.31120451607635" lon="-79.62614761152476">
        <ele>203.7969339104</ele>
        <time>2026-03-14T10:31:05Z</time>
      </trkpt>
      <trkpt lat="42.31164691938373" lon="-79.62468617432906">
        <ele>203.3984969851</ele>
        <time>2026-03-14T10:31:09Z</time>
      </trkpt>
      <trkpt lat="42.31202780798737" lon="-79.62360059302942">
        <ele>202.9646604781</ele>
        <time>2026-03-14T10:31:12Z</time>
      </trkpt>
      <trkpt lat="42.31261733615708" lon="-79.62213466918934">
        <ele>202.7521561487</ele>
        <time>2026-03-14T10:31:17Z</time>
      </trkpt>
      <trkpt lat="42.31349319754180" lon="-79.62026913437796">
        <ele>203.4766706663</ele>
        <time>2026-03-14T10:31:24Z</time>
      </trkpt>
      <trkpt lat="42.31447536884907" lon="-79.61844537630783">
        <ele>204.5470600907</ele>
        <time>2026-03-14T10:31:32Z</time>
      </trkpt>
      <trkpt lat="42.31540539147593" lon="-79.61699581140932">
        <ele>204.4108638895</ele>
        <time>2026-03-14T10:31:38Z</time>
      </trkpt>
      <trkpt lat="42.31659687145201" lon="-79.61541340305183">
        <ele>203.3511149288</ele>
        <time>2026-03-14T10:31:47Z</time>
      </trkpt>
      <trkpt lat="42.31841696559137" lon="-79.61321694914005">
        <ele>200.7214862566</ele>
        <time>2026-03-14T10:31:57Z</time>
      </trkpt>
      <trkpt lat="42.31901339785001" lon="-79.61246884626141">
        <ele>202.5129058922</ele>
        <time>2026-03-14T10:32:01Z</time>
      </trkpt>
      <trkpt lat="42.32143700527249" lon="-79.60952157434483">
        <ele>203.1690702202</ele>
        <time>2026-03-14T10:32:12Z</time>
      </trkpt>
      <trkpt lat="42.32345335898334" lon="-79.60706640386051">
        <ele>201.0988439650</ele>
        <time>2026-03-14T10:32:21Z</time>
      </trkpt>
      <trkpt lat="42.32442629393584" lon="-79.60585820639082">
        <ele>198.9121957651</ele>
        <time>2026-03-14T10:32:27Z</time>
      </trkpt>
      <trkpt lat="42.32547576204130" lon="-79.60444951578451">
        <ele>197.9780414463</ele>
        <time>2026-03-14T10:32:33Z</time>
      </trkpt>
      <trkpt lat="42.32650225595548" lon="-79.60299469594796">
        <ele>197.9767685604</ele>
        <time>2026-03-14T10:32:38Z</time>
      </trkpt>
      <trkpt lat="42.32833943370762" lon="-79.60012397090759">
        <ele>199.5283426008</ele>
        <time>2026-03-14T10:32:50Z</time>
      </trkpt>
      <trkpt lat="42.33009889719926" lon="-79.59728633220784">
        <ele>198.0665230465</ele>
        <time>2026-03-14T10:33:01Z</time>
      </trkpt>
      <trkpt lat="42.33239676270868" lon="-79.59338456203223">
        <ele>195.5819496742</ele>
        <time>2026-03-14T10:33:15Z</time>
      </trkpt>
      <trkpt lat="42.33256675890508" lon="-79.59311762544682">
        <ele>193.1613702660</ele>
        <time>2026-03-14T10:33:16Z</time>
      </trkpt>
      <trkpt lat="42.33333871912868" lon="-79.59182880161597">
        <ele>193.7626600512</ele>
        <time>2026-03-14T10:33:20Z</time>
      </trkpt>
      <trkpt lat="42.33416771057446" lon="-79.59049185821860">
        <ele>196.0134964671</ele>
        <time>2026-03-14T10:33:25Z</time>
      </trkpt>
      <trkpt lat="42.33722159387233" lon="-79.58545642466437">
        <ele>199.8780273248</ele>
        <time>2026-03-14T10:33:47Z</time>
      </trkpt>
      <trkpt lat="42.33828961462935" lon="-79.58370436129519">
        <ele>198.8243130693</ele>
        <time>2026-03-14T10:33:54Z</time>
      </trkpt>
      <trkpt lat="42.33998117353834" lon="-79.58087973685929">
        <ele>198.1684799286</ele>
        <time>2026-03-14T10:34:05Z</time>
      </trkpt>
      <trkpt lat="42.34061887183913" lon="-79.57964675181765">
        <ele>199.6012130382</ele>
        <time>2026-03-14T10:34:10Z</time>
      </trkpt>
      <trkpt lat="42.34165417410152" lon="-79.57736633046510">
        <ele>201.7755540861</ele>
        <time>2026-03-14T10:34:20Z</time>
      </trkpt>
      <trkpt lat="42.34245672709795" lon="-79.57512466199366">
        <ele>201.6874799431</ele>
        <time>2026-03-14T10:34:28Z</time>
      </trkpt>
      <trkpt lat="42.34311701173841" lon="-79.57301903813435">
        <ele>201.2292829035</ele>
        <time>2026-03-14T10:34:34Z</time>
      </trkpt>
      <trkpt lat="42.34367791818597" lon="-79.57071400129493">
        <ele>200.9406394477</ele>
        <time>2026-03-14T10:34:43Z</time>
      </trkpt>
      <trkpt lat="42.34506944082048" lon="-79.56418734652826">
        <ele>204.7388474437</ele>
        <time>2026-03-14T10:35:01Z</time>
      </trkpt>
      <trkpt lat="42.34528364458333" lon="-79.56319225146618">
        <ele>204.4016566997</ele>
        <time>2026-03-14T10:35:04Z</time>
      </trkpt>
      <trkpt lat="42.34558131525168" lon="-79.56190211316385">
        <ele>205.9387041002</ele>
        <time>2026-03-14T10:35:09Z</time>
      </trkpt>
      <trkpt lat="42.34608977536144" lon="-79.55989899832782">
        <ele>207.1565975839</ele>
        <time>2026-03-14T10:35:14Z</time>
      </trkpt>
      <trkpt lat="42.34707448333160" lon="-79.55669191034323">
        <ele>205.6474706671</ele>
        <time>2026-03-14T10:35:25Z</time>
      </trkpt>
      <trkpt lat="42.34767151238475" lon="-79.55480347734058">
        <ele>204.7816239671</ele>
        <time>2026-03-14T10:35:31Z</time>
      </trkpt>
      <trkpt lat="42.34841222298644" lon="-79.55292770825579">
        <ele>206.0028017627</ele>
        <time>2026-03-14T10:35:40Z</time>
      </trkpt>
      <trkpt lat="42.34934424507416" lon="-79.55053996531751">
        <ele>206.9271286704</ele>
        <time>2026-03-14T10:35:46Z</time>
      </trkpt>
      <trkpt lat="42.34961317774341" lon="-79.54990658988548">
        <ele>208.2384934689</ele>
        <time>2026-03-14T10:35:49Z</time>
      </trkpt>
      <trkpt lat="42.35072204307117" lon="-79.54737338986691">
        <ele>208.0260677211</ele>
        <time>2026-03-14T10:35:58Z</time>
      </trkpt>
      <trkpt lat="42.35238326136469" lon="-79.54355855933019">
        <ele>205.5330276947</ele>
        <time>2026-03-14T10:36:15Z</time>
      </trkpt>
      <trkpt lat="42.35498942741373" lon="-79.53758151418602">
        <ele>208.7729761891</ele>
        <time>2026-03-14T10:36:34Z</time>
      </trkpt>
      <trkpt lat="42.35648039584795" lon="-79.53451108301449">
        <ele>210.2250085088</ele>
        <time>2026-03-14T10:36:44Z</time>
      </trkpt>
      <trkpt lat="42.35790518831917" lon="-79.53185482808397">
        <ele>210.5197763271</ele>
        <time>2026-03-14T10:36:57Z</time>
      </trkpt>
      <trkpt lat="42.35856676769732" lon="-79.53069917398190">
        <ele>212.1460696007</ele>
        <time>2026-03-14T10:37:01Z</time>
      </trkpt>
      <trkpt lat="42.36009939933898" lon="-79.52809714496132">
        <ele>210.8633677789</ele>
        <time>2026-03-14T10:37:11Z</time>
      </trkpt>
      <trkpt lat="42.36178786526779" lon="-79.52550421026170">
        <ele>209.0121585614</ele>
        <time>2026-03-14T10:37:20Z</time>
      </trkpt>
      <trkpt lat="42.36537357006534" lon="-79.52026615898789">
        <ele>210.9597732423</ele>
        <time>2026-03-14T10:37:38Z</time>
      </trkpt>
      <trkpt lat="42.36758829291505" lon="-79.51702515446826">
        <ele>209.0959405873</ele>
        <time>2026-03-14T10:37:50Z</time>
      </trkpt>
      <trkpt lat="42.37092795018999" lon="-79.51162603328160">
        <ele>210.0123910274</ele>
        <time>2026-03-14T10:38:11Z</time>
      </trkpt>
      <trkpt lat="42.37320090476811" lon="-79.50792949961865">
        <ele>203.5161240297</ele>
        <time>2026-03-14T10:38:24Z</time>
      </trkpt>
      <trkpt lat="42.37428225539486" lon="-79.50611095792115">
        <ele>201.7436727470</ele>
        <time>2026-03-14T10:38:31Z</time>
      </trkpt>
      <trkpt lat="42.37591248080818" lon="-79.50303308943009">
        <ele>202.9314545757</ele>
        <time>2026-03-14T10:38:42Z</time>
      </trkpt>
      <trkpt lat="42.37751886034757" lon="-79.49959299197238">
        <ele>204.9735822060</ele>
        <time>2026-03-14T10:38:53Z</time>
      </trkpt>
      <trkpt lat="42.37876853098746" lon="-79.49653931288438">
        <ele>205.8858385640</ele>
        <time>2026-03-14T10:39:04Z</time>
      </trkpt>
      <trkpt lat="42.37969804503967" lon="-79.49407113142382">
        <ele>207.1140440314</ele>
        <time>2026-03-14T10:39:12Z</time>
      </trkpt>
      <trkpt lat="42.38032360574251" lon="-79.49258139737969">
        <ele>207.7831746878</ele>
        <time>2026-03-14T10:39:19Z</time>
      </trkpt>
      <trkpt lat="42.38091978492475" lon="-79.49127754836610">
        <ele>208.1765661852</ele>
        <time>2026-03-14T10:39:23Z</time>
      </trkpt>
      <trkpt lat="42.38120227019071" lon="-79.49061934001161">
        <ele>206.0610490229</ele>
        <time>2026-03-14T10:39:26Z</time>
      </trkpt>
      <trkpt lat="42.38217793789018" lon="-79.48875359290848">
        <ele>202.9208359708</ele>
        <time>2026-03-14T10:39:32Z</time>
      </trkpt>
      <trkpt lat="42.38283736145267" lon="-79.48757439381538">
        <ele>200.2623798414</ele>
        <time>2026-03-14T10:39:37Z</time>
      </trkpt>
      <trkpt lat="42.38393082324659" lon="-79.48574641134844">
        <ele>201.1800941270</ele>
        <time>2026-03-14T10:39:43Z</time>
      </trkpt>
      <trkpt lat="42.38547755877191" lon="-79.48348495725777">
        <ele>201.9127981820</ele>
        <time>2026-03-14T10:39:54Z</time>
      </trkpt>
      <trkpt lat="42.38726774215591" lon="-79.48076485618969">
        <ele>203.7396386508</ele>
        <time>2026-03-14T10:40:05Z</time>
      </trkpt>
      <trkpt lat="42.38797327238811" lon="-79.47969184573867">
        <ele>202.7904295195</ele>
        <time>2026-03-14T10:40:10Z</time>
      </trkpt>
      <trkpt lat="42.38874389295826" lon="-79.47842164228210">
        <ele>202.7429156890</ele>
        <time>2026-03-14T10:40:15Z</time>
      </trkpt>
      <trkpt lat="42.38966836075718" lon="-79.47671377987483">
        <ele>202.1851911550</ele>
        <time>2026-03-14T10:40:22Z</time>
      </trkpt>
      <trkpt lat="42.39040680623921" lon="-79.47525914376834">
        <ele>201.0009595937</ele>
        <time>2026-03-14T10:40:27Z</time>
      </trkpt>
      <trkpt lat="42.39302524220430" lon="-79.46959904407903">
        <ele>198.0605805581</ele>
        <time>2026-03-14T10:40:45Z</time>
      </trkpt>
      <trkpt lat="42.39504972017670" lon="-79.46520284046167">
        <ele>198.7142069866</ele>
        <time>2026-03-14T10:41:01Z</time>
      </trkpt>
      <trkpt lat="42.39591143369953" lon="-79.46298515647216">
        <ele>200.4745397072</ele>
        <time>2026-03-14T10:41:09Z</time>
      </trkpt>
      <trkpt lat="42.39646539899590" lon="-79.46123138379856">
        <ele>202.9630547444</ele>
        <time>2026-03-14T10:41:14Z</time>
      </trkpt>
      <trkpt lat="42.39701763311687" lon="-79.45923811223057">
        <ele>206.0847418940</ele>
        <time>2026-03-14T10:41:20Z</time>
      </trkpt>
      <trkpt lat="42.39750520982277" lon="-79.45728297836619">
        <ele>207.5618246417</ele>
        <time>2026-03-14T10:41:29Z</time>
      </trkpt>
      <trkpt lat="42.39796963788331" lon="-79.45581821730654">
        <ele>206.5559530599</ele>
        <time>2026-03-14T10:41:33Z</time>
      </trkpt>
      <trkpt lat="42.39869798327356" lon="-79.45386149216000">
        <ele>205.9557412084</ele>
        <time>2026-03-14T10:41:39Z</time>
      </trkpt>
      <trkpt lat="42.39947992032745" lon="-79.45216929352493">
        <ele>204.8684033243</ele>
        <time>2026-03-14T10:41:44Z</time>
      </trkpt>
      <trkpt lat="42.39979372670945" lon="-79.45157152774857">
        <ele>205.0865688814</ele>
        <time>2026-03-14T10:41:46Z</time>
      </trkpt>
      <trkpt lat="42.40027641357351" lon="-79.45066771617199">
        <ele>202.0582015218</ele>
        <time>2026-03-14T10:41:49Z</time>
      </trkpt>
      <trkpt lat="42.40109677434477" lon="-79.44930113699557">
        <ele>204.0515668181</ele>
        <time>2026-03-14T10:41:53Z</time>
      </trkpt>
      <trkpt lat="42.40223775316736" lon="-79.44770094955938">
        <ele>204.3126479959</ele>
        <time>2026-03-14T10:42:00Z</time>
      </trkpt>
      <trkpt lat="42.40331401127132" lon="-79.44644534274943">
        <ele>204.6730763677</ele>
        <time>2026-03-14T10:42:05Z</time>
      </trkpt>
      <trkpt lat="42.40391662642428" lon="-79.44580015206651">
        <ele>205.3715616398</ele>
        <time>2026-03-14T10:42:08Z</time>
      </trkpt>
      <trkpt lat="42.40453059731973" lon="-79.44515591112911">
        <ele>203.5301549943</ele>
        <time>2026-03-14T10:42:11Z</time>
      </trkpt>
      <trkpt lat="42.40493748478704" lon="-79.44472122469983">
        <ele>206.1414906596</ele>
        <time>2026-03-14T10:42:14Z</time>
      </trkpt>
      <trkpt lat="42.40554845984911" lon="-79.44407583126971">
        <ele>206.8970123506</ele>
        <time>2026-03-14T10:42:16Z</time>
      </trkpt>
      <trkpt lat="42.40628589383367" lon="-79.44313438234437">
        <ele>205.4196777761</ele>
        <time>2026-03-14T10:42:20Z</time>
      </trkpt>
      <trkpt lat="42.40735518091357" lon="-79.44164245127340">
        <ele>203.9136106097</ele>
        <time>2026-03-14T10:42:26Z</time>
      </trkpt>
      <trkpt lat="42.40751412927476" lon="-79.44137649608918">
        <ele>205.1416518583</ele>
        <time>2026-03-14T10:42:27Z</time>
      </trkpt>
      <trkpt lat="42.40783626997727" lon="-79.44085631364663">
        <ele>203.4759350034</ele>
        <time>2026-03-14T10:42:29Z</time>
      </trkpt>
      <trkpt lat="42.40830517288779" lon="-79.44007310279319">
        <ele>203.3560554642</ele>
        <time>2026-03-14T10:42:31Z</time>
      </trkpt>
      <trkpt lat="42.40912578067387" lon="-79.43847031628546">
        <ele>203.8408256430</ele>
        <time>2026-03-14T10:42:39Z</time>
      </trkpt>
      <trkpt lat="42.40983944252258" lon="-79.43679400657561">
        <ele>204.9348307564</ele>
        <time>2026-03-14T10:42:46Z</time>
      </trkpt>
      <trkpt lat="42.41052255515577" lon="-79.43492817944470">
        <ele>205.5037424768</ele>
        <time>2026-03-14T10:42:52Z</time>
      </trkpt>
      <trkpt lat="42.41103283904929" lon="-79.43309801107371">
        <ele>206.1247400406</ele>
        <time>2026-03-14T10:42:57Z</time>
      </trkpt>
      <trkpt lat="42.41147380342653" lon="-79.43114921117288">
        <ele>207.8647006619</ele>
        <time>2026-03-14T10:43:03Z</time>
      </trkpt>
      <trkpt lat="42.41182180777559" lon="-79.42897752801906">
        <ele>210.9841801693</ele>
        <time>2026-03-14T10:43:11Z</time>
      </trkpt>
      <trkpt lat="42.41199583975465" lon="-79.42767299002514">
        <ele>213.5111858575</ele>
        <time>2026-03-14T10:43:15Z</time>
      </trkpt>
      <trkpt lat="42.41204258332577" lon="-79.42702155352060">
        <ele>214.8692956491</ele>
        <time>2026-03-14T10:43:17Z</time>
      </trkpt>
      <trkpt lat="42.41208049512628" lon="-79.42669679154412">
        <ele>213.2493202354</ele>
        <time>2026-03-14T10:43:18Z</time>
      </trkpt>
      <trkpt lat="42.41216729712561" lon="-79.42493769846683">
        <ele>214.1424517751</ele>
        <time>2026-03-14T10:43:23Z</time>
      </trkpt>
      <trkpt lat="42.41234621130755" lon="-79.42153573465770">
        <ele>213.4549272129</ele>
        <time>2026-03-14T10:43:35Z</time>
      </trkpt>
      <trkpt lat="42.41245150105098" lon="-79.41993788947036">
        <ele>213.2110121134</ele>
        <time>2026-03-14T10:43:40Z</time>
      </trkpt>
      <trkpt lat="42.41261987807550" lon="-79.41842282714491">
        <ele>212.9054900222</ele>
        <time>2026-03-14T10:43:44Z</time>
      </trkpt>
      <trkpt lat="42.41289344996289" lon="-79.41674568102606">
        <ele>212.3443258451</ele>
        <time>2026-03-14T10:43:49Z</time>
      </trkpt>
      <trkpt lat="42.41317920615140" lon="-79.41524047967204">
        <ele>212.1441178483</ele>
        <time>2026-03-14T10:43:54Z</time>
      </trkpt>
      <trkpt lat="42.41362956032133" lon="-79.41352444350686">
        <ele>211.6853499014</ele>
        <time>2026-03-14T10:44:00Z</time>
      </trkpt>
      <trkpt lat="42.41429161065031" lon="-79.41141065578486">
        <ele>211.1499618378</ele>
        <time>2026-03-14T10:44:11Z</time>
      </trkpt>
      <trkpt lat="42.41499369890566" lon="-79.40957222601962">
        <ele>210.8453804101</ele>
        <time>2026-03-14T10:44:17Z</time>
      </trkpt>
      <trkpt lat="42.41571836627827" lon="-79.40805863129025">
        <ele>210.4142056218</ele>
        <time>2026-03-14T10:44:23Z</time>
      </trkpt>
      <trkpt lat="42.41658711192952" lon="-79.40639451009795">
        <ele>209.9826312784</ele>
        <time>2026-03-14T10:44:30Z</time>
      </trkpt>
      <trkpt lat="42.41736689970028" lon="-79.40516790087381">
        <ele>209.7450600629</ele>
        <time>2026-03-14T10:44:34Z</time>
      </trkpt>
      <trkpt lat="42.41827595015437" lon="-79.40383454924769">
        <ele>209.5336165650</ele>
        <time>2026-03-14T10:44:39Z</time>
      </trkpt>
      <trkpt lat="42.41932689124529" lon="-79.40245466438300">
        <ele>208.6934076543</ele>
        <time>2026-03-14T10:44:47Z</time>
      </trkpt>
      <trkpt lat="42.42032311695253" lon="-79.40134691497919">
        <ele>208.3588070946</ele>
        <time>2026-03-14T10:44:55Z</time>
      </trkpt>
      <trkpt lat="42.42435267374805" lon="-79.39758991025350">
        <ele>206.4498084314</ele>
        <time>2026-03-14T10:45:17Z</time>
      </trkpt>
      <trkpt lat="42.42638114465814" lon="-79.39552358989476">
        <ele>205.5668465018</ele>
        <time>2026-03-14T10:45:25Z</time>
      </trkpt>
      <trkpt lat="42.43103511573108" lon="-79.39033932638939">
        <ele>203.2179436088</ele>
        <time>2026-03-14T10:45:50Z</time>
      </trkpt>
      <trkpt lat="42.43388428176203" lon="-79.38705918764371">
        <ele>201.6782534873</ele>
        <time>2026-03-14T10:46:07Z</time>
      </trkpt>
      <trkpt lat="42.43505123121215" lon="-79.38580034340364">
        <ele>201.0400880672</ele>
        <time>2026-03-14T10:46:13Z</time>
      </trkpt>
      <trkpt lat="42.43623402243082" lon="-79.38463980640128">
        <ele>200.9765127728</ele>
        <time>2026-03-14T10:46:19Z</time>
      </trkpt>
      <trkpt lat="42.43900402349755" lon="-79.38208221002105">
        <ele>199.7661643092</ele>
        <time>2026-03-14T10:46:33Z</time>
      </trkpt>
      <trkpt lat="42.44066373453487" lon="-79.38067489436438">
        <ele>198.9055057356</ele>
        <time>2026-03-14T10:46:42Z</time>
      </trkpt>
      <trkpt lat="42.44338229185701" lon="-79.37866505022171">
        <ele>197.7413387640</ele>
        <time>2026-03-14T10:46:55Z</time>
      </trkpt>
      <trkpt lat="42.44618835926291" lon="-79.37667640653891">
        <ele>196.8201900557</ele>
        <time>2026-03-14T10:47:09Z</time>
      </trkpt>
      <trkpt lat="42.44740598602024" lon="-79.37567936952391">
        <ele>196.1003985046</ele>
        <time>2026-03-14T10:47:15Z</time>
      </trkpt>
      <trkpt lat="42.44919303494642" lon="-79.37397004824162">
        <ele>195.5972156003</ele>
        <time>2026-03-14T10:47:25Z</time>
      </trkpt>
      <trkpt lat="42.45069027987070" lon="-79.37228861595737">
        <ele>194.7617825324</ele>
        <time>2026-03-14T10:47:33Z</time>
      </trkpt>
      <trkpt lat="42.45211355161416" lon="-79.37039641222466">
        <ele>194.1227065840</ele>
        <time>2026-03-14T10:47:40Z</time>
      </trkpt>
      <trkpt lat="42.45313379037530" lon="-79.36884625924458">
        <ele>193.4551394006</ele>
        <time>2026-03-14T10:47:47Z</time>
      </trkpt>
      <trkpt lat="42.45444834300781" lon="-79.36646837304416">
        <ele>192.6052553244</ele>
        <time>2026-03-14T10:47:58Z</time>
      </trkpt>
      <trkpt lat="42.45537726235598" lon="-79.36447736806157">
        <ele>191.7604023622</ele>
        <time>2026-03-14T10:48:05Z</time>
      </trkpt>
      <trkpt lat="42.45624171260815" lon="-79.36223419952979">
        <ele>190.8720253470</ele>
        <time>2026-03-14T10:48:15Z</time>
      </trkpt>
      <trkpt lat="42.45673058428398" lon="-79.36081190711593">
        <ele>190.9459696972</ele>
        <time>2026-03-14T10:48:21Z</time>
      </trkpt>
      <trkpt lat="42.45741233980723" lon="-79.35843942678703">
        <ele>192.5142889873</ele>
        <time>2026-03-14T10:48:29Z</time>
      </trkpt>
      <trkpt lat="42.45799765259966" lon="-79.35584943520375">
        <ele>193.8415362781</ele>
        <time>2026-03-14T10:48:37Z</time>
      </trkpt>
      <trkpt lat="42.45835652777465" lon="-79.35355772653242">
        <ele>195.0787603559</ele>
        <time>2026-03-14T10:48:45Z</time>
      </trkpt>
      <trkpt lat="42.45855074634991" lon="-79.35169447512735">
        <ele>195.6167209531</ele>
        <time>2026-03-14T10:48:51Z</time>
      </trkpt>
      <trkpt lat="42.45870132559400" lon="-79.35009011444997">
        <ele>195.9873437393</ele>
        <time>2026-03-14T10:48:56Z</time>
      </trkpt>
      <trkpt lat="42.45876059295273" lon="-79.34839118469361">
        <ele>196.9414798303</ele>
        <time>2026-03-14T10:49:03Z</time>
      </trkpt>
      <trkpt lat="42.45874087126936" lon="-79.34009074994293">
        <ele>201.2807516927</ele>
        <time>2026-03-14T10:49:30Z</time>
      </trkpt>
      <trkpt lat="42.45874692859373" lon="-79.33828334060321">
        <ele>203.9884959848</ele>
        <time>2026-03-14T10:49:36Z</time>
      </trkpt>
      <trkpt lat="42.45875804024814" lon="-79.33508484268759">
        <ele>208.8237614251</ele>
        <time>2026-03-14T10:49:44Z</time>
      </trkpt>
      <trkpt lat="42.45875927463662" lon="-79.33437174250493">
        <ele>208.9829128405</ele>
        <time>2026-03-14T10:49:46Z</time>
      </trkpt>
      <trkpt lat="42.45875765818245" lon="-79.33400193881648">
        <ele>206.6341797145</ele>
        <time>2026-03-14T10:49:48Z</time>
      </trkpt>
      <trkpt lat="42.45875785639882" lon="-79.33373488676456">
        <ele>206.2074906427</ele>
        <time>2026-03-14T10:49:49Z</time>
      </trkpt>
      <trkpt lat="42.45874325844985" lon="-79.33174516322461">
        <ele>208.4889122338</ele>
        <time>2026-03-14T10:49:55Z</time>
      </trkpt>
      <trkpt lat="42.45879647207462" lon="-79.33049106721950">
        <ele>209.7952332396</ele>
        <time>2026-03-14T10:49:58Z</time>
      </trkpt>
      <trkpt lat="42.45892510962739" lon="-79.32901287943945">
        <ele>211.5659111891</ele>
        <time>2026-03-14T10:50:03Z</time>
      </trkpt>
      <trkpt lat="42.45913943857290" lon="-79.32731145946212">
        <ele>213.1100020511</ele>
        <time>2026-03-14T10:50:07Z</time>
      </trkpt>
      <trkpt lat="42.45959999056050" lon="-79.32469287297545">
        <ele>216.2558989107</ele>
        <time>2026-03-14T10:50:15Z</time>
      </trkpt>
      <trkpt lat="42.45979212199657" lon="-79.32373254626718">
        <ele>216.0540666418</ele>
        <time>2026-03-14T10:50:19Z</time>
      </trkpt>
      <trkpt lat="42.46007788173753" lon="-79.32210686546775">
        <ele>215.5557080845</ele>
        <time>2026-03-14T10:50:23Z</time>
      </trkpt>
      <trkpt lat="42.46035747266486" lon="-79.32057861773261">
        <ele>215.2030919482</ele>
        <time>2026-03-14T10:50:28Z</time>
      </trkpt>
      <trkpt lat="42.46077228312881" lon="-79.31800954028796">
        <ele>214.7559721148</ele>
        <time>2026-03-14T10:50:35Z</time>
      </trkpt>
      <trkpt lat="42.46094268653090" lon="-79.31656652301740">
        <ele>214.4503856055</ele>
        <time>2026-03-14T10:50:40Z</time>
      </trkpt>
      <trkpt lat="42.46132872081893" lon="-79.31262806287104">
        <ele>213.7257087341</ele>
        <time>2026-03-14T10:50:58Z</time>
      </trkpt>
      <trkpt lat="42.46135154301510" lon="-79.31210894041470">
        <ele>213.5747347460</ele>
        <time>2026-03-14T10:50:59Z</time>
      </trkpt>
      <trkpt lat="42.46154641551005" lon="-79.30974643655158">
        <ele>214.9217771952</ele>
        <time>2026-03-14T10:51:05Z</time>
      </trkpt>
      <trkpt lat="42.46174191350753" lon="-79.30677806641408">
        <ele>216.9944342023</ele>
        <time>2026-03-14T10:51:15Z</time>
      </trkpt>
      <trkpt lat="42.46182445018658" lon="-79.30578690200346">
        <ele>217.0529430403</ele>
        <time>2026-03-14T10:51:17Z</time>
      </trkpt>
      <trkpt lat="42.46201846224839" lon="-79.30419179803884">
        <ele>218.8958409342</ele>
        <time>2026-03-14T10:51:22Z</time>
      </trkpt>
      <trkpt lat="42.46234075274462" lon="-79.30234519566002">
        <ele>219.9324391893</ele>
        <time>2026-03-14T10:51:28Z</time>
      </trkpt>
      <trkpt lat="42.46268845387468" lon="-79.30048611344111">
        <ele>221.8152991398</ele>
        <time>2026-03-14T10:51:33Z</time>
      </trkpt>
      <trkpt lat="42.46309943917077" lon="-79.29898513537802">
        <ele>222.3964006482</ele>
        <time>2026-03-14T10:51:38Z</time>
      </trkpt>
      <trkpt lat="42.46350362513092" lon="-79.29772789411857">
        <ele>220.9303669408</ele>
        <time>2026-03-14T10:51:42Z</time>
      </trkpt>
      <trkpt lat="42.46410270159334" lon="-79.29619723781573">
        <ele>221.4372493713</ele>
        <time>2026-03-14T10:51:47Z</time>
      </trkpt>
      <trkpt lat="42.46474159962432" lon="-79.29478422322340">
        <ele>221.0933534868</ele>
        <time>2026-03-14T10:51:52Z</time>
      </trkpt>
      <trkpt lat="42.46854669939390" lon="-79.28685204155225">
        <ele>221.8573650574</ele>
        <time>2026-03-14T10:52:19Z</time>
      </trkpt>
      <trkpt lat="42.47060021693425" lon="-79.28257304047651">
        <ele>220.5186827094</ele>
        <time>2026-03-14T10:52:37Z</time>
      </trkpt>
      <trkpt lat="42.47610527728056" lon="-79.27118024742400">
        <ele>218.1790676119</ele>
        <time>2026-03-14T10:53:15Z</time>
      </trkpt>
      <trkpt lat="42.47808227514393" lon="-79.26708881294775">
        <ele>216.9755984996</ele>
        <time>2026-03-14T10:53:30Z</time>
      </trkpt>
      <trkpt lat="42.47851442143962" lon="-79.26619611836033">
        <ele>216.9860824905</ele>
        <time>2026-03-14T10:53:34Z</time>
      </trkpt>
      <trkpt lat="42.47865259343854" lon="-79.26589486687193">
        <ele>218.6589503179</ele>
        <time>2026-03-14T10:53:35Z</time>
      </trkpt>
      <trkpt lat="42.47879475781180" lon="-79.26560184973400">
        <ele>217.2008775016</ele>
        <time>2026-03-14T10:53:36Z</time>
      </trkpt>
      <trkpt lat="42.47989368000461" lon="-79.26330584590505">
        <ele>217.6005948865</ele>
        <time>2026-03-14T10:53:43Z</time>
      </trkpt>
      <trkpt lat="42.48037489471572" lon="-79.26238574191044">
        <ele>218.0867182411</ele>
        <time>2026-03-14T10:53:47Z</time>
      </trkpt>
      <trkpt lat="42.48090703082869" lon="-79.26148757360910">
        <ele>218.5697518447</ele>
        <time>2026-03-14T10:53:51Z</time>
      </trkpt>
      <trkpt lat="42.48158586356585" lon="-79.26038792459585">
        <ele>218.9006605903</ele>
        <time>2026-03-14T10:53:56Z</time>
      </trkpt>
      <trkpt lat="42.48251289820355" lon="-79.25899761447999">
        <ele>219.9518182795</ele>
        <time>2026-03-14T10:54:01Z</time>
      </trkpt>
      <trkpt lat="42.48500951036910" lon="-79.25515798452780">
        <ele>217.0524558192</ele>
        <time>2026-03-14T10:54:18Z</time>
      </trkpt>
      <trkpt lat="42.48911497656786" lon="-79.24885507144060">
        <ele>220.1647287445</ele>
        <time>2026-03-14T10:54:48Z</time>
      </trkpt>
      <trkpt lat="42.49476739053792" lon="-79.24017285477559">
        <ele>218.9322503957</ele>
        <time>2026-03-14T10:55:21Z</time>
      </trkpt>
      <trkpt lat="42.49598470499748" lon="-79.23813757502249">
        <ele>217.8904526985</ele>
        <time>2026-03-14T10:55:29Z</time>
      </trkpt>
      <trkpt lat="42.49678249669066" lon="-79.23668312485523">
        <ele>217.0161254156</ele>
        <time>2026-03-14T10:55:35Z</time>
      </trkpt>
      <trkpt lat="42.49747227969322" lon="-79.23533178682243">
        <ele>216.9515806805</ele>
        <time>2026-03-14T10:55:41Z</time>
      </trkpt>
      <trkpt lat="42.49816438144035" lon="-79.23379098563515">
        <ele>217.7167962499</ele>
        <time>2026-03-14T10:55:47Z</time>
      </trkpt>
      <trkpt lat="42.49876851105678" lon="-79.23236677731646">
        <ele>217.8157247135</ele>
        <time>2026-03-14T10:55:54Z</time>
      </trkpt>
      <trkpt lat="42.49951115945876" lon="-79.23046955484639">
        <ele>219.0329836864</ele>
        <time>2026-03-14T10:56:00Z</time>
      </trkpt>
      <trkpt lat="42.50130139840527" lon="-79.22595066590105">
        <ele>218.1438399702</ele>
        <time>2026-03-14T10:56:17Z</time>
      </trkpt>
      <trkpt lat="42.50308897608240" lon="-79.22142846045587">
        <ele>220.8569634069</ele>
        <time>2026-03-14T10:56:38Z</time>
      </trkpt>
      <trkpt lat="42.50500119106160" lon="-79.21660062416856">
        <ele>218.9698417435</ele>
        <time>2026-03-14T10:56:54Z</time>
      </trkpt>
      <trkpt lat="42.50892373240731" lon="-79.20662643163537">
        <ele>222.7299877331</ele>
        <time>2026-03-14T10:57:36Z</time>
      </trkpt>
      <trkpt lat="42.51070954529074" lon="-79.20208706365054">
        <ele>222.5487226925</ele>
        <time>2026-03-14T10:57:51Z</time>
      </trkpt>
      <trkpt lat="42.51113865304214" lon="-79.20087348210946">
        <ele>223.0265053833</ele>
        <time>2026-03-14T10:57:54Z</time>
      </trkpt>
      <trkpt lat="42.51146510861685" lon="-79.19980553515116">
        <ele>223.5578230542</ele>
        <time>2026-03-14T10:57:57Z</time>
      </trkpt>
      <trkpt lat="42.51172205180671" lon="-79.19865139493565">
        <ele>224.2121468107</ele>
        <time>2026-03-14T10:58:03Z</time>
      </trkpt>
      <trkpt lat="42.51197796313424" lon="-79.19743191585749">
        <ele>223.6198087023</ele>
        <time>2026-03-14T10:58:06Z</time>
      </trkpt>
      <trkpt lat="42.51215499087498" lon="-79.19611542482288">
        <ele>224.0469512466</ele>
        <time>2026-03-14T10:58:09Z</time>
      </trkpt>
      <trkpt lat="42.51228358837754" lon="-79.19497311458423">
        <ele>224.8998162737</ele>
        <time>2026-03-14T10:58:12Z</time>
      </trkpt>
      <trkpt lat="42.51236672752561" lon="-79.19349686369479">
        <ele>225.2719840716</ele>
        <time>2026-03-14T10:58:18Z</time>
      </trkpt>
      <trkpt lat="42.51240288321961" lon="-79.17987664526591">
        <ele>232.1210141268</ele>
        <time>2026-03-14T10:59:01Z</time>
      </trkpt>
      <trkpt lat="42.51242956046720" lon="-79.17809556143152">
        <ele>234.0026180865</ele>
        <time>2026-03-14T10:59:06Z</time>
      </trkpt>
      <trkpt lat="42.51247678392367" lon="-79.17596089091721">
        <ele>233.8034636471</ele>
        <time>2026-03-14T10:59:12Z</time>
      </trkpt>
      <trkpt lat="42.51250947051809" lon="-79.17417320672473">
        <ele>231.8683245014</ele>
        <time>2026-03-14T10:59:17Z</time>
      </trkpt>
      <trkpt lat="42.51252897736919" lon="-79.17311728221046">
        <ele>228.7934859020</ele>
        <time>2026-03-14T10:59:21Z</time>
      </trkpt>
      <trkpt lat="42.51252689044006" lon="-79.17210806089993">
        <ele>226.9246769923</ele>
        <time>2026-03-14T10:59:23Z</time>
      </trkpt>
      <trkpt lat="42.51254799451148" lon="-79.17084613810734">
        <ele>230.0248949688</ele>
        <time>2026-03-14T10:59:28Z</time>
      </trkpt>
      <trkpt lat="42.51260190211988" lon="-79.16903680944985">
        <ele>232.7639026517</ele>
        <time>2026-03-14T10:59:32Z</time>
      </trkpt>
      <trkpt lat="42.51268972337957" lon="-79.16729430082803">
        <ele>234.8634475650</ele>
        <time>2026-03-14T10:59:37Z</time>
      </trkpt>
      <trkpt lat="42.51288263148164" lon="-79.16531100297469">
        <ele>236.9668013662</ele>
        <time>2026-03-14T10:59:43Z</time>
      </trkpt>
      <trkpt lat="42.51311413578266" lon="-79.16368756965163">
        <ele>236.8324724223</ele>
        <time>2026-03-14T10:59:48Z</time>
      </trkpt>
      <trkpt lat="42.51347943590046" lon="-79.16215125997489">
        <ele>236.4254641980</ele>
        <time>2026-03-14T10:59:53Z</time>
      </trkpt>
      <trkpt lat="42.51404505177619" lon="-79.16033009689777">
        <ele>235.8327163161</ele>
        <time>2026-03-14T10:59:58Z</time>
      </trkpt>
      <trkpt lat="42.51460115054768" lon="-79.15894691076177">
        <ele>234.9679231860</ele>
        <time>2026-03-14T11:00:02Z</time>
      </trkpt>
      <trkpt lat="42.51511636839420" lon="-79.15783370675589">
        <ele>234.9834668955</ele>
        <time>2026-03-14T11:00:06Z</time>
      </trkpt>
      <trkpt lat="42.51741653292004" lon="-79.15326671176950">
        <ele>230.7267508465</ele>
        <time>2026-03-14T11:00:23Z</time>
      </trkpt>
      <trkpt lat="42.51789364350360" lon="-79.15233867057697">
        <ele>230.5431493698</ele>
        <time>2026-03-14T11:00:26Z</time>
      </trkpt>
      <trkpt lat="42.51805286128722" lon="-79.15203911898314">
        <ele>232.9138108893</ele>
        <time>2026-03-14T11:00:27Z</time>
      </trkpt>
      <trkpt lat="42.51835390582312" lon="-79.15141998642282">
        <ele>233.9054072615</ele>
        <time>2026-03-14T11:00:30Z</time>
      </trkpt>
      <trkpt lat="42.51926718034343" lon="-79.14958260560310">
        <ele>235.0062402469</ele>
        <time>2026-03-14T11:00:37Z</time>
      </trkpt>
      <trkpt lat="42.51990662030493" lon="-79.14846282617773">
        <ele>234.9729837239</ele>
        <time>2026-03-14T11:00:41Z</time>
      </trkpt>
      <trkpt lat="42.52151656648577" lon="-79.14599543870368">
        <ele>236.0250802642</ele>
        <time>2026-03-14T11:00:52Z</time>
      </trkpt>
      <trkpt lat="42.52382348506805" lon="-79.14242257060786">
        <ele>233.2516282550</ele>
        <time>2026-03-14T11:01:05Z</time>
      </trkpt>
      <trkpt lat="42.52613630175312" lon="-79.13886634991788">
        <ele>233.8295867639</ele>
        <time>2026-03-14T11:01:22Z</time>
      </trkpt>
      <trkpt lat="42.52785856844795" lon="-79.13634390371975">
        <ele>233.9229422130</ele>
        <time>2026-03-14T11:01:30Z</time>
      </trkpt>
      <trkpt lat="42.52927099677457" lon="-79.13443316729604">
        <ele>232.1113065069</ele>
        <time>2026-03-14T11:01:38Z</time>
      </trkpt>
      <trkpt lat="42.52991026649910" lon="-79.13366645220300">
        <ele>230.8011405736</ele>
        <time>2026-03-14T11:01:43Z</time>
      </trkpt>
      <trkpt lat="42.53196728195275" lon="-79.13118042105340">
        <ele>221.9248098059</ele>
        <time>2026-03-14T11:01:54Z</time>
      </trkpt>
      <trkpt lat="42.53482726588475" lon="-79.12772017388131">
        <ele>219.0130253301</ele>
        <time>2026-03-14T11:02:10Z</time>
      </trkpt>
      <trkpt lat="42.53766502485838" lon="-79.12426873559363">
        <ele>219.0040438774</ele>
        <time>2026-03-14T11:02:23Z</time>
      </trkpt>
      <trkpt lat="42.54478458618718" lon="-79.11546287221815">
        <ele>212.2000829800</ele>
        <time>2026-03-14T11:03:12Z</time>
      </trkpt>
      <trkpt lat="42.54557796603584" lon="-79.11452210583568">
        <ele>211.9123523381</ele>
        <time>2026-03-14T11:03:17Z</time>
      </trkpt>
      <trkpt lat="42.54775501034630" lon="-79.11181155510324">
        <ele>212.9671803787</ele>
        <time>2026-03-14T11:03:29Z</time>
      </trkpt>
      <trkpt lat="42.54936171152868" lon="-79.10983918352581">
        <ele>210.0628233664</ele>
        <time>2026-03-14T11:03:38Z</time>
      </trkpt>
      <trkpt lat="42.55204952382777" lon="-79.10654481703210">
        <ele>198.0241921172</ele>
        <time>2026-03-14T11:03:56Z</time>
      </trkpt>
      <trkpt lat="42.55394690735870" lon="-79.10428421520409">
        <ele>188.7931431020</ele>
        <time>2026-03-14T11:04:06Z</time>
      </trkpt>
      <trkpt lat="42.55442861416042" lon="-79.10372968877931">
        <ele>187.0188501681</ele>
        <time>2026-03-14T11:04:08Z</time>
      </trkpt>
      <trkpt lat="42.55494023372975" lon="-79.10316489961181">
        <ele>184.8541823102</ele>
        <time>2026-03-14T11:04:11Z</time>
      </trkpt>
      <trkpt lat="42.55577708485419" lon="-79.10219279743670">
        <ele>183.0072532964</ele>
        <time>2026-03-14T11:04:15Z</time>
      </trkpt>
      <trkpt lat="42.55953883901492" lon="-79.09782095350384">
        <ele>181.1959461542</ele>
        <time>2026-03-14T11:04:38Z</time>
      </trkpt>
      <trkpt lat="42.56439418616849" lon="-79.09221501267164">
        <ele>185.1659297897</ele>
        <time>2026-03-14T11:04:59Z</time>
      </trkpt>
      <trkpt lat="42.56877085092395" lon="-79.08715877318696">
        <ele>190.8215903377</ele>
        <time>2026-03-14T11:05:25Z</time>
      </trkpt>
      <trkpt lat="42.57062113035411" lon="-79.08502961988637">
        <ele>197.1249210222</ele>
        <time>2026-03-14T11:05:35Z</time>
      </trkpt>
      <trkpt lat="42.57154812897762" lon="-79.08390763771577">
        <ele>200.2700646466</ele>
        <time>2026-03-14T11:05:41Z</time>
      </trkpt>
      <trkpt lat="42.57260940003989" lon="-79.08249726078621">
        <ele>203.0069729371</ele>
        <time>2026-03-14T11:05:47Z</time>
      </trkpt>
      <trkpt lat="42.57282590456701" lon="-79.08218504161657">
        <ele>202.7263021492</ele>
        <time>2026-03-14T11:05:49Z</time>
      </trkpt>
      <trkpt lat="42.57430632419855" lon="-79.07985858758759">
        <ele>205.7932131925</ele>
        <time>2026-03-14T11:05:59Z</time>
      </trkpt>
      <trkpt lat="42.57567807608389" lon="-79.07730385423017">
        <ele>205.4735011434</ele>
        <time>2026-03-14T11:06:08Z</time>
      </trkpt>
      <trkpt lat="42.57664017655611" lon="-79.07513716123110">
        <ele>201.9669870646</ele>
        <time>2026-03-14T11:06:14Z</time>
      </trkpt>
      <trkpt lat="42.57842062575256" lon="-79.07031079635686">
        <ele>195.9427330427</ele>
        <time>2026-03-14T11:06:35Z</time>
      </trkpt>
      <trkpt lat="42.57913292607091" lon="-79.06850934827902">
        <ele>196.6010342600</ele>
        <time>2026-03-14T11:06:41Z</time>
      </trkpt>
      <trkpt lat="42.58006336272150" lon="-79.06640809956082">
        <ele>200.8740695446</ele>
        <time>2026-03-14T11:06:48Z</time>
      </trkpt>
      <trkpt lat="42.58086696413795" lon="-79.06488046636170">
        <ele>203.3924519187</ele>
        <time>2026-03-14T11:06:54Z</time>
      </trkpt>
      <trkpt lat="42.58170508840387" lon="-79.06340838441872">
        <ele>204.0890849230</ele>
        <time>2026-03-14T11:06:59Z</time>
      </trkpt>
      <trkpt lat="42.58289155631515" lon="-79.06165161403884">
        <ele>203.9894734811</ele>
        <time>2026-03-14T11:07:07Z</time>
      </trkpt>
      <trkpt lat="42.58386757711281" lon="-79.06015732220722">
        <ele>202.6181590411</ele>
        <time>2026-03-14T11:07:13Z</time>
      </trkpt>
      <trkpt lat="42.58560475804121" lon="-79.05803662469839">
        <ele>201.7215162909</ele>
        <time>2026-03-14T11:07:21Z</time>
      </trkpt>
      <trkpt lat="42.58702777406859" lon="-79.05637290700749">
        <ele>200.8411000913</ele>
        <time>2026-03-14T11:07:28Z</time>
      </trkpt>
      <trkpt lat="42.58925579644634" lon="-79.05373444248846">
        <ele>202.9354915477</ele>
        <time>2026-03-14T11:07:42Z</time>
      </trkpt>
      <trkpt lat="42.59044923514975" lon="-79.05225454979195">
        <ele>203.7358209957</ele>
        <time>2026-03-14T11:07:49Z</time>
      </trkpt>
      <trkpt lat="42.59139494128986" lon="-79.05091559709032">
        <ele>205.0027920558</ele>
        <time>2026-03-14T11:07:54Z</time>
      </trkpt>
      <trkpt lat="42.59228404618951" lon="-79.04946233581795">
        <ele>206.4906601551</ele>
        <time>2026-03-14T11:08:03Z</time>
      </trkpt>
      <trkpt lat="42.59317874114640" lon="-79.04776834809223">
        <ele>207.7916653687</ele>
        <time>2026-03-14T11:08:08Z</time>
      </trkpt>
      <trkpt lat="42.59539891054038" lon="-79.04287679293343">
        <ele>206.0120949787</ele>
        <time>2026-03-14T11:08:32Z</time>
      </trkpt>
      <trkpt lat="42.59638756593323" lon="-79.04075922667272">
        <ele>206.8405776348</ele>
        <time>2026-03-14T11:08:39Z</time>
      </trkpt>
      <trkpt lat="42.59803728209282" lon="-79.03765850390832">
        <ele>209.0186783225</ele>
        <time>2026-03-14T11:08:51Z</time>
      </trkpt>
      <trkpt lat="42.60057951426366" lon="-79.03321409719804">
        <ele>211.6832401535</ele>
        <time>2026-03-14T11:09:09Z</time>
      </trkpt>
      <trkpt lat="42.60141796618853" lon="-79.03175419324187">
        <ele>210.0190291900</ele>
        <time>2026-03-14T11:09:14Z</time>
      </trkpt>
      <trkpt lat="42.60280283275876" lon="-79.02930353978138">
        <ele>208.2101211705</ele>
        <time>2026-03-14T11:09:23Z</time>
      </trkpt>
      <trkpt lat="42.60389079863022" lon="-79.02766001754475">
        <ele>206.4382146675</ele>
        <time>2026-03-14T11:09:29Z</time>
      </trkpt>
      <trkpt lat="42.60483857978101" lon="-79.02634724014533">
        <ele>209.0001562330</ele>
        <time>2026-03-14T11:09:35Z</time>
      </trkpt>
      <trkpt lat="42.60634227813325" lon="-79.02457617384275">
        <ele>213.0319461980</ele>
        <time>2026-03-14T11:09:48Z</time>
      </trkpt>
      <trkpt lat="42.60746610397531" lon="-79.02347496001919">
        <ele>215.0155336448</ele>
        <time>2026-03-14T11:09:53Z</time>
      </trkpt>
      <trkpt lat="42.60992890232195" lon="-79.02103320962387">
        <ele>213.8382588048</ele>
        <time>2026-03-14T11:10:06Z</time>
      </trkpt>
      <trkpt lat="42.61174369178742" lon="-79.01895342804968">
        <ele>211.6353241223</ele>
        <time>2026-03-14T11:10:15Z</time>
      </trkpt>
      <trkpt lat="42.61307145389286" lon="-79.01715481508734">
        <ele>211.9620686713</ele>
        <time>2026-03-14T11:10:22Z</time>
      </trkpt>
      <trkpt lat="42.61515674521560" lon="-79.01377527114153">
        <ele>219.0580092117</ele>
        <time>2026-03-14T11:10:37Z</time>
      </trkpt>
      <trkpt lat="42.61656737660147" lon="-79.01145190268784">
        <ele>220.2554326694</ele>
        <time>2026-03-14T11:10:50Z</time>
      </trkpt>
      <trkpt lat="42.61792218790873" lon="-79.00949404815064">
        <ele>221.9923086245</ele>
        <time>2026-03-14T11:11:01Z</time>
      </trkpt>
      <trkpt lat="42.61942776741369" lon="-79.00742812460898">
        <ele>223.6923113531</ele>
        <time>2026-03-14T11:11:13Z</time>
      </trkpt>
      <trkpt lat="42.62158865612753" lon="-79.00483846296518">
        <ele>222.9335280132</ele>
        <time>2026-03-14T11:11:25Z</time>
      </trkpt>
      <trkpt lat="42.62309534919750" lon="-79.00325526228839">
        <ele>222.1942462187</ele>
        <time>2026-03-14T11:11:32Z</time>
      </trkpt>
      <trkpt lat="42.62477675849347" lon="-79.00153132902440">
        <ele>220.8276756856</ele>
        <time>2026-03-14T11:11:39Z</time>
      </trkpt>
      <trkpt lat="42.62600651372459" lon="-79.00031119487677">
        <ele>219.8925395399</ele>
        <time>2026-03-14T11:11:46Z</time>
      </trkpt>
      <trkpt lat="42.62746301003392" lon="-78.99880496081073">
        <ele>218.8763964818</ele>
        <time>2026-03-14T11:11:52Z</time>
      </trkpt>
      <trkpt lat="42.62863493978295" lon="-78.99753629592649">
        <ele>217.9917592094</ele>
        <time>2026-03-14T11:12:01Z</time>
      </trkpt>
      <trkpt lat="42.62996412501417" lon="-78.99599100053055">
        <ele>217.0231381395</ele>
        <time>2026-03-14T11:12:07Z</time>
      </trkpt>
      <trkpt lat="42.63117025766178" lon="-78.99454940918038">
        <ele>215.9098223970</ele>
        <time>2026-03-14T11:12:13Z</time>
      </trkpt>
      <trkpt lat="42.63168114861350" lon="-78.99389514293262">
        <ele>217.6240991152</ele>
        <time>2026-03-14T11:12:16Z</time>
      </trkpt>
      <trkpt lat="42.63235362880536" lon="-78.99303010431154">
        <ele>218.0706883992</ele>
        <time>2026-03-14T11:12:20Z</time>
      </trkpt>
      <trkpt lat="42.63370619075970" lon="-78.99118404250659">
        <ele>220.5429532985</ele>
        <time>2026-03-14T11:12:30Z</time>
      </trkpt>
      <trkpt lat="42.63701770171242" lon="-78.98651256273719">
        <ele>223.9904717598</ele>
        <time>2026-03-14T11:12:51Z</time>
      </trkpt>
      <trkpt lat="42.63722771204366" lon="-78.98620133289955">
        <ele>224.1280287234</ele>
        <time>2026-03-14T11:12:53Z</time>
      </trkpt>
      <trkpt lat="42.63783752725134" lon="-78.98538992811775">
        <ele>224.7041174870</ele>
        <time>2026-03-14T11:12:56Z</time>
      </trkpt>
      <trkpt lat="42.63869927671936" lon="-78.98433216316772">
        <ele>225.3485073946</ele>
        <time>2026-03-14T11:13:01Z</time>
      </trkpt>
      <trkpt lat="42.63949654891043" lon="-78.98346423097401">
        <ele>225.6510482757</ele>
        <time>2026-03-14T11:13:06Z</time>
      </trkpt>
      <trkpt lat="42.64180685523514" lon="-78.98087090000705">
        <ele>229.1588778912</ele>
        <time>2026-03-14T11:13:17Z</time>
      </trkpt>
      <trkpt lat="42.64297784425843" lon="-78.97941676106107">
        <ele>231.9229425195</ele>
        <time>2026-03-14T11:13:23Z</time>
      </trkpt>
      <trkpt lat="42.64397576490880" lon="-78.97809107644430">
        <ele>232.8360315447</ele>
        <time>2026-03-14T11:13:28Z</time>
      </trkpt>
      <trkpt lat="42.64506062665490" lon="-78.97658695638314">
        <ele>231.1915573687</ele>
        <time>2026-03-14T11:13:34Z</time>
      </trkpt>
      <trkpt lat="42.64696728782242" lon="-78.97376371910980">
        <ele>227.8454568590</ele>
        <time>2026-03-14T11:13:43Z</time>
      </trkpt>
      <trkpt lat="42.64776616662159" lon="-78.97275110794466">
        <ele>226.7548277830</ele>
        <time>2026-03-14T11:13:48Z</time>
      </trkpt>
      <trkpt lat="42.64938716826561" lon="-78.97096590678484">
        <ele>228.1487186460</ele>
        <time>2026-03-14T11:13:58Z</time>
      </trkpt>
      <trkpt lat="42.65096831794652" lon="-78.96941845628453">
        <ele>229.1297000949</ele>
        <time>2026-03-14T11:14:07Z</time>
      </trkpt>
      <trkpt lat="42.65212388376136" lon="-78.96826567198248">
        <ele>228.9934377844</ele>
        <time>2026-03-14T11:14:13Z</time>
      </trkpt>
      <trkpt lat="42.65404112691094" lon="-78.96629098117576">
        <ele>227.8712256379</ele>
        <time>2026-03-14T11:14:23Z</time>
      </trkpt>
      <trkpt lat="42.65637922509346" lon="-78.96366001379566">
        <ele>225.7790972874</ele>
        <time>2026-03-14T11:14:34Z</time>
      </trkpt>
      <trkpt lat="42.65945190704888" lon="-78.96004278697772">
        <ele>224.9473041177</ele>
        <time>2026-03-14T11:14:54Z</time>
      </trkpt>
      <trkpt lat="42.66095331683972" lon="-78.95843973401576">
        <ele>226.2337264329</ele>
        <time>2026-03-14T11:15:03Z</time>
      </trkpt>
      <trkpt lat="42.66365500464240" lon="-78.95569568820143">
        <ele>226.6376281189</ele>
        <time>2026-03-14T11:15:18Z</time>
      </trkpt>
      <trkpt lat="42.66491331600580" lon="-78.95448651407747">
        <ele>225.9449269072</ele>
        <time>2026-03-14T11:15:24Z</time>
      </trkpt>
      <trkpt lat="42.66823957674597" lon="-78.95150877348553">
        <ele>227.9589823035</ele>
        <time>2026-03-14T11:15:41Z</time>
      </trkpt>
      <trkpt lat="42.67160700822718" lon="-78.94869068605021">
        <ele>229.0933562095</ele>
        <time>2026-03-14T11:15:56Z</time>
      </trkpt>
      <trkpt lat="42.67554975838785" lon="-78.94548974674487">
        <ele>226.0930443718</ele>
        <time>2026-03-14T11:16:13Z</time>
      </trkpt>
      <trkpt lat="42.67905916754648" lon="-78.94288323876387">
        <ele>223.9102850181</ele>
        <time>2026-03-14T11:16:27Z</time>
      </trkpt>
      <trkpt lat="42.68197439880180" lon="-78.94078564283842">
        <ele>223.8381834931</ele>
        <time>2026-03-14T11:16:40Z</time>
      </trkpt>
      <trkpt lat="42.68548790408052" lon="-78.93842444909383">
        <ele>225.5171739011</ele>
        <time>2026-03-14T11:16:57Z</time>
      </trkpt>
      <trkpt lat="42.68626558557056" lon="-78.93785392698118">
        <ele>225.2293744242</ele>
        <time>2026-03-14T11:17:01Z</time>
      </trkpt>
      <trkpt lat="42.68674045704387" lon="-78.93747117011613">
        <ele>224.7045313744</ele>
        <time>2026-03-14T11:17:04Z</time>
      </trkpt>
      <trkpt lat="42.68765144689160" lon="-78.93672433998798">
        <ele>224.4760948224</ele>
        <time>2026-03-14T11:17:09Z</time>
      </trkpt>
      <trkpt lat="42.68911473069929" lon="-78.93535392660081">
        <ele>223.3816117440</ele>
        <time>2026-03-14T11:17:17Z</time>
      </trkpt>
      <trkpt lat="42.68980480485974" lon="-78.93463549770156">
        <ele>222.8913956877</ele>
        <time>2026-03-14T11:17:20Z</time>
      </trkpt>
      <trkpt lat="42.69054277318536" lon="-78.93382122853643">
        <ele>222.3643971887</ele>
        <time>2026-03-14T11:17:24Z</time>
      </trkpt>
      <trkpt lat="42.69339042653863" lon="-78.93044234673965">
        <ele>219.8307990162</ele>
        <time>2026-03-14T11:17:40Z</time>
      </trkpt>
      <trkpt lat="42.69452858120736" lon="-78.92903154114123">
        <ele>220.0951439811</ele>
        <time>2026-03-14T11:17:46Z</time>
      </trkpt>
      <trkpt lat="42.69656279481024" lon="-78.92658299223042">
        <ele>221.9283176141</ele>
        <time>2026-03-14T11:18:00Z</time>
      </trkpt>
      <trkpt lat="42.69799376375936" lon="-78.92477000394369">
        <ele>222.6021347580</ele>
        <time>2026-03-14T11:18:07Z</time>
      </trkpt>
      <trkpt lat="42.69994168749598" lon="-78.92225004997982">
        <ele>224.1848227763</ele>
        <time>2026-03-14T11:18:18Z</time>
      </trkpt>
      <trkpt lat="42.70262066817931" lon="-78.91871885267138">
        <ele>226.5494179634</ele>
        <time>2026-03-14T11:18:31Z</time>
      </trkpt>
      <trkpt lat="42.70459379971676" lon="-78.91593077943030">
        <ele>228.1148150918</ele>
        <time>2026-03-14T11:18:42Z</time>
      </trkpt>
      <trkpt lat="42.70713523717613" lon="-78.91225820535669">
        <ele>229.4205965916</ele>
        <time>2026-03-14T11:19:02Z</time>
      </trkpt>
      <trkpt lat="42.70752666043986" lon="-78.91170044113430">
        <ele>231.1846029239</ele>
        <time>2026-03-14T11:19:04Z</time>
      </trkpt>
      <trkpt lat="42.70811653912637" lon="-78.91084209337612">
        <ele>230.2735566967</ele>
        <time>2026-03-14T11:19:07Z</time>
      </trkpt>
      <trkpt lat="42.70912130889066" lon="-78.90937533364851">
        <ele>231.1953187062</ele>
        <time>2026-03-14T11:19:14Z</time>
      </trkpt>
      <trkpt lat="42.71047457216684" lon="-78.90740559855054">
        <ele>232.8170024646</ele>
        <time>2026-03-14T11:19:22Z</time>
      </trkpt>
      <trkpt lat="42.71148004221125" lon="-78.90582726063526">
        <ele>233.7972458657</ele>
        <time>2026-03-14T11:19:28Z</time>
      </trkpt>
      <trkpt lat="42.71171068615555" lon="-78.90545701465570">
        <ele>233.3051791971</ele>
        <time>2026-03-14T11:19:29Z</time>
      </trkpt>
      <trkpt lat="42.71284912151258" lon="-78.90353134428938">
        <ele>232.1677452543</ele>
        <time>2026-03-14T11:19:36Z</time>
      </trkpt>
      <trkpt lat="42.71381872858939" lon="-78.90181922161250">
        <ele>231.6805073954</ele>
        <time>2026-03-14T11:19:46Z</time>
      </trkpt>
      <trkpt lat="42.71491487349444" lon="-78.89968913497795">
        <ele>233.1098300605</ele>
        <time>2026-03-14T11:19:56Z</time>
      </trkpt>
      <trkpt lat="42.71747053675494" lon="-78.89443661427245">
        <ele>235.0784210902</ele>
        <time>2026-03-14T11:20:16Z</time>
      </trkpt>
      <trkpt lat="42.71820820796749" lon="-78.89300739577587">
        <ele>236.0364886729</ele>
        <time>2026-03-14T11:20:22Z</time>
      </trkpt>
      <trkpt lat="42.71894447156563" lon="-78.89158088565392">
        <ele>234.8006675177</ele>
        <time>2026-03-14T11:20:27Z</time>
      </trkpt>
      <trkpt lat="42.72027060225972" lon="-78.88918615245997">
        <ele>233.4107771787</ele>
        <time>2026-03-14T11:20:37Z</time>
      </trkpt>
      <trkpt lat="42.72143455627572" lon="-78.88716844962924">
        <ele>232.9123372664</ele>
        <time>2026-03-14T11:20:45Z</time>
      </trkpt>
      <trkpt lat="42.72387058219569" lon="-78.88323264168987">
        <ele>234.8283991896</ele>
        <time>2026-03-14T11:21:04Z</time>
      </trkpt>
      <trkpt lat="42.72460516991917" lon="-78.88199369588310">
        <ele>235.5555692913</ele>
        <time>2026-03-14T11:21:09Z</time>
      </trkpt>
      <trkpt lat="42.72546595323907" lon="-78.88054186870910">
        <ele>235.9894157697</ele>
        <time>2026-03-14T11:21:15Z</time>
      </trkpt>
      <trkpt lat="42.72625616386724" lon="-78.87915865881713">
        <ele>236.5742232145</ele>
        <time>2026-03-14T11:21:20Z</time>
      </trkpt>
      <trkpt lat="42.72754268990099" lon="-78.87658141648343">
        <ele>235.7217486163</ele>
        <time>2026-03-14T11:21:32Z</time>
      </trkpt>
      <trkpt lat="42.72846734966893" lon="-78.87459241885858">
        <ele>236.3970866695</ele>
        <time>2026-03-14T11:21:39Z</time>
      </trkpt>
      <trkpt lat="42.72936501624118" lon="-78.87259655995594">
        <ele>237.7048591373</ele>
        <time>2026-03-14T11:21:46Z</time>
      </trkpt>
      <trkpt lat="42.72993139893536" lon="-78.87120770949878">
        <ele>238.0282956603</ele>
        <time>2026-03-14T11:21:51Z</time>
      </trkpt>
      <trkpt lat="42.73068218340450" lon="-78.86928803940151">
        <ele>238.0986174353</ele>
        <time>2026-03-14T11:21:59Z</time>
      </trkpt>
      <trkpt lat="42.73127085510222" lon="-78.86769641649671">
        <ele>237.2045599849</ele>
        <time>2026-03-14T11:22:04Z</time>
      </trkpt>
      <trkpt lat="42.73231359000067" lon="-78.86465809768731">
        <ele>235.7652135361</ele>
        <time>2026-03-14T11:22:18Z</time>
      </trkpt>
      <trkpt lat="42.73313016359581" lon="-78.86261256027245">
        <ele>234.5388864252</ele>
        <time>2026-03-14T11:22:24Z</time>
      </trkpt>
      <trkpt lat="42.73415024883536" lon="-78.86032049429255">
        <ele>233.2728725757</ele>
        <time>2026-03-14T11:22:31Z</time>
      </trkpt>
      <trkpt lat="42.73611697449900" lon="-78.85639473966970">
        <ele>230.5996847943</ele>
        <time>2026-03-14T11:22:46Z</time>
      </trkpt>
      <trkpt lat="42.73714043725480" lon="-78.85421683394853">
        <ele>231.7764603167</ele>
        <time>2026-03-14T11:22:55Z</time>
      </trkpt>
      <trkpt lat="42.73793630460265" lon="-78.85243822438999">
        <ele>231.9868565613</ele>
        <time>2026-03-14T11:23:03Z</time>
      </trkpt>
      <trkpt lat="42.73867603286156" lon="-78.85073039459280">
        <ele>231.9381563347</ele>
        <time>2026-03-14T11:23:08Z</time>
      </trkpt>
      <trkpt lat="42.74060470167903" lon="-78.84598102538718">
        <ele>230.0726304084</ele>
        <time>2026-03-14T11:23:23Z</time>
      </trkpt>
      <trkpt lat="42.74155786253277" lon="-78.84383595680058">
        <ele>231.4312022904</ele>
        <time>2026-03-14T11:23:32Z</time>
      </trkpt>
      <trkpt lat="42.74169015108669" lon="-78.84358086902473">
        <ele>231.8041968117</ele>
        <time>2026-03-14T11:23:33Z</time>
      </trkpt>
      <trkpt lat="42.74207149805187" lon="-78.84256584701649">
        <ele>231.8206225152</ele>
        <time>2026-03-14T11:23:37Z</time>
      </trkpt>
      <trkpt lat="42.74214203371520" lon="-78.84211515355675">
        <ele>231.7870413602</ele>
        <time>2026-03-14T11:23:38Z</time>
      </trkpt>
      <trkpt lat="42.74217914466953" lon="-78.84179730894900">
        <ele>231.7372488019</ele>
        <time>2026-03-14T11:23:39Z</time>
      </trkpt>
      <trkpt lat="42.74218650362889" lon="-78.84147138318522">
        <ele>232.2487009606</ele>
        <time>2026-03-14T11:23:41Z</time>
      </trkpt>
      <trkpt lat="42.74216340055441" lon="-78.84114241794013">
        <ele>231.8553087484</ele>
        <time>2026-03-14T11:23:42Z</time>
      </trkpt>
      <trkpt lat="42.74198611253749" lon="-78.83962209173275">
        <ele>232.9562570100</ele>
        <time>2026-03-14T11:23:46Z</time>
      </trkpt>
      <trkpt lat="42.74199645445146" lon="-78.83936725419497">
        <ele>233.3427581151</ele>
        <time>2026-03-14T11:23:47Z</time>
      </trkpt>
      <trkpt lat="42.74204146250708" lon="-78.83910564635454">
        <ele>233.3137038229</ele>
        <time>2026-03-14T11:23:49Z</time>
      </trkpt>
      <trkpt lat="42.74211611048813" lon="-78.83890532915723">
        <ele>233.5783713579</ele>
        <time>2026-03-14T11:23:50Z</time>
      </trkpt>
      <trkpt lat="42.74221717629479" lon="-78.83872033604058">
        <ele>233.8545823863</ele>
        <time>2026-03-14T11:23:51Z</time>
      </trkpt>
      <trkpt lat="42.74235578276128" lon="-78.83854543689935">
        <ele>233.9559825844</ele>
        <time>2026-03-14T11:23:52Z</time>
      </trkpt>
      <trkpt lat="42.74246235473972" lon="-78.83844464058092">
        <ele>234.0921194381</ele>
        <time>2026-03-14T11:23:53Z</time>
      </trkpt>
      <trkpt lat="42.74267995903185" lon="-78.83833950490052">
        <ele>234.0249840948</ele>
        <time>2026-03-14T11:23:54Z</time>
      </trkpt>
      <trkpt lat="42.74279386315279" lon="-78.83832673637050">
        <ele>234.2602717952</ele>
        <time>2026-03-14T11:23:55Z</time>
      </trkpt>
      <trkpt lat="42.74296434361364" lon="-78.83832900846609">
        <ele>234.3365272095</ele>
        <time>2026-03-14T11:23:56Z</time>
      </trkpt>
      <trkpt lat="42.74314409880747" lon="-78.83838240173614">
        <ele>234.3111617742</ele>
        <time>2026-03-14T11:23:57Z</time>
      </trkpt>
      <trkpt lat="42.74331181687381" lon="-78.83846073882820">
        <ele>234.7408421858</ele>
        <time>2026-03-14T11:23:58Z</time>
      </trkpt>
      <trkpt lat="42.74346386067285" lon="-78.83863304840480">
        <ele>234.7503983527</ele>
        <time>2026-03-14T11:23:59Z</time>
      </trkpt>
      <trkpt lat="42.74474564928348" lon="-78.84032794681244">
        <ele>236.4842885397</ele>
        <time>2026-03-14T11:24:06Z</time>
      </trkpt>
      <trkpt lat="42.74533439565235" lon="-78.84113580161186">
        <ele>233.1570180087</ele>
        <time>2026-03-14T11:24:09Z</time>
      </trkpt>
      <trkpt lat="42.74565675249630" lon="-78.84169475423440">
        <ele>231.9455649382</ele>
        <time>2026-03-14T11:24:12Z</time>
      </trkpt>
      <trkpt lat="42.74574376254306" lon="-78.84194557551130">
        <ele>231.9147344900</ele>
        <time>2026-03-14T11:24:13Z</time>
      </trkpt>
      <trkpt lat="42.74577266228466" lon="-78.84222230823070">
        <ele>232.0739264287</ele>
        <time>2026-03-14T11:24:14Z</time>
      </trkpt>
      <trkpt lat="42.74577847156945" lon="-78.84242030446043">
        <ele>231.9394881262</ele>
        <time>2026-03-14T11:24:15Z</time>
      </trkpt>
      <trkpt lat="42.74575797741065" lon="-78.84261522826449">
        <ele>232.0344072043</ele>
        <time>2026-03-14T11:24:16Z</time>
      </trkpt>
      <trkpt lat="42.74571751909366" lon="-78.84274329838023">
        <ele>231.7020226394</ele>
        <time>2026-03-14T11:24:17Z</time>
      </trkpt>
      <trkpt lat="42.74562479794105" lon="-78.84302852141279">
        <ele>230.7240988744</ele>
        <time>2026-03-14T11:24:18Z</time>
      </trkpt>
      <trkpt lat="42.74531564999256" lon="-78.84362916427324">
        <ele>230.9640066037</ele>
        <time>2026-03-14T11:24:20Z</time>
      </trkpt>
      <trkpt lat="42.74485841777609" lon="-78.84460921544176">
        <ele>230.8755672799</ele>
        <time>2026-03-14T11:24:24Z</time>
      </trkpt>
      <trkpt lat="42.74415324475594" lon="-78.84610023226278">
        <ele>230.1025102117</ele>
        <time>2026-03-14T11:24:29Z</time>
      </trkpt>
      <trkpt lat="42.74408518504952" lon="-78.84634672759356">
        <ele>230.0164855024</ele>
        <time>2026-03-14T11:24:30Z</time>
      </trkpt>
      <trkpt lat="42.74376156666685" lon="-78.84710999556620">
        <ele>228.8408818804</ele>
        <time>2026-03-14T11:24:33Z</time>
      </trkpt>
      <trkpt lat="42.74326629080974" lon="-78.84810702581505">
        <ele>228.3920602681</ele>
        <time>2026-03-14T11:24:36Z</time>
      </trkpt>
      <trkpt lat="42.74317118736938" lon="-78.84830344605108">
        <ele>228.0398339303</ele>
        <time>2026-03-14T11:24:37Z</time>
      </trkpt>
      <trkpt lat="42.74313299093672" lon="-78.84851171803187">
        <ele>228.1675015193</ele>
        <time>2026-03-14T11:24:38Z</time>
      </trkpt>
      <trkpt lat="42.74315022728638" lon="-78.84870094452103">
        <ele>228.0241077930</ele>
        <time>2026-03-14T11:24:39Z</time>
      </trkpt>
      <trkpt lat="42.74318878981374" lon="-78.84884993917606">
        <ele>227.8994257079</ele>
        <time>2026-03-14T11:24:40Z</time>
      </trkpt>
      <trkpt lat="42.74334613117429" lon="-78.84909653670984">
        <ele>227.8882621163</ele>
        <time>2026-03-14T11:24:41Z</time>
      </trkpt>
      <trkpt lat="42.74470570740273" lon="-78.85040114691174">
        <ele>226.0542961127</ele>
        <time>2026-03-14T11:24:49Z</time>
      </trkpt>
      <trkpt lat="42.74482354604479" lon="-78.85056561059834">
        <ele>226.1881447313</ele>
        <time>2026-03-14T11:24:50Z</time>
      </trkpt>
      <trkpt lat="42.74569328329918" lon="-78.85138305011978">
        <ele>224.9784774766</ele>
        <time>2026-03-14T11:24:54Z</time>
      </trkpt>
      <trkpt lat="42.74606474514726" lon="-78.85169626904440">
        <ele>223.8489517170</ele>
        <time>2026-03-14T11:24:56Z</time>
      </trkpt>
      <trkpt lat="42.74670131453399" lon="-78.85219420962601">
        <ele>222.9359603600</ele>
        <time>2026-03-14T11:24:58Z</time>
      </trkpt>
      <trkpt lat="42.74728083507787" lon="-78.85269227753751">
        <ele>220.9469054213</ele>
        <time>2026-03-14T11:25:01Z</time>
      </trkpt>
      <trkpt lat="42.74954268972066" lon="-78.85444677703676">
        <ele>219.7846156159</ele>
        <time>2026-03-14T11:25:13Z</time>
      </trkpt>
      <trkpt lat="42.75021267395960" lon="-78.85494912583763">
        <ele>220.0815212186</ele>
        <time>2026-03-14T11:25:17Z</time>
      </trkpt>
      <trkpt lat="42.75064713855959" lon="-78.85528219248590">
        <ele>219.0518064225</ele>
        <time>2026-03-14T11:25:20Z</time>
      </trkpt>
      <trkpt lat="42.75216459427725" lon="-78.85644184241205">
        <ele>213.0403312939</ele>
        <time>2026-03-14T11:25:27Z</time>
      </trkpt>
      <trkpt lat="42.75392720376814" lon="-78.85779160401800">
        <ele>209.9118905866</ele>
        <time>2026-03-14T11:25:34Z</time>
      </trkpt>
      <trkpt lat="42.75518899499865" lon="-78.85873480532655">
        <ele>206.0796859337</ele>
        <time>2026-03-14T11:25:40Z</time>
      </trkpt>
      <trkpt lat="42.75689241768228" lon="-78.86003964894608">
        <ele>203.8807571960</ele>
        <time>2026-03-14T11:25:49Z</time>
      </trkpt>
      <trkpt lat="42.75819664346189" lon="-78.86090424647929">
        <ele>200.9352616240</ele>
        <time>2026-03-14T11:25:55Z</time>
      </trkpt>
      <trkpt lat="42.75859843196883" lon="-78.86113386447171">
        <ele>199.7560949225</ele>
        <time>2026-03-14T11:25:57Z</time>
      </trkpt>
      <trkpt lat="42.75915950759488" lon="-78.86139558092046">
        <ele>198.7795944110</ele>
        <time>2026-03-14T11:25:59Z</time>
      </trkpt>
      <trkpt lat="42.75976453323802" lon="-78.86169312286277">
        <ele>198.8697418847</ele>
        <time>2026-03-14T11:26:01Z</time>
      </trkpt>
      <trkpt lat="42.76171382015483" lon="-78.86262332318194">
        <ele>197.1058826805</ele>
        <time>2026-03-14T11:26:11Z</time>
      </trkpt>
      <trkpt lat="42.76279417879621" lon="-78.86320165877470">
        <ele>195.0465052398</ele>
        <time>2026-03-14T11:26:17Z</time>
      </trkpt>
      <trkpt lat="42.76373454872388" lon="-78.86370362324321">
        <ele>189.3908587091</ele>
        <time>2026-03-14T11:26:21Z</time>
      </trkpt>
      <trkpt lat="42.76427209079775" lon="-78.86400302687093">
        <ele>187.0923310118</ele>
        <time>2026-03-14T11:26:23Z</time>
      </trkpt>
      <trkpt lat="42.76482000512129" lon="-78.86434164570750">
        <ele>186.0835366605</ele>
        <time>2026-03-14T11:26:25Z</time>
      </trkpt>
      <trkpt lat="42.76502395809501" lon="-78.86446864514845">
        <ele>187.6644480696</ele>
        <time>2026-03-14T11:26:26Z</time>
      </trkpt>
      <trkpt lat="42.76522871025021" lon="-78.86458922817590">
        <ele>185.8079955204</ele>
        <time>2026-03-14T11:26:27Z</time>
      </trkpt>
      <trkpt lat="42.76642111180165" lon="-78.86531517680750">
        <ele>191.3944312291</ele>
        <time>2026-03-14T11:26:33Z</time>
      </trkpt>
      <trkpt lat="42.76694399703612" lon="-78.86543859744810">
        <ele>192.0463350737</ele>
        <time>2026-03-14T11:26:35Z</time>
      </trkpt>
      <trkpt lat="42.76719913568660" lon="-78.86539099035181">
        <ele>191.9485296181</ele>
        <time>2026-03-14T11:26:36Z</time>
      </trkpt>
      <trkpt lat="42.76760684138578" lon="-78.86515313725593">
        <ele>190.6429216090</ele>
        <time>2026-03-14T11:26:38Z</time>
      </trkpt>
      <trkpt lat="42.76824925622946" lon="-78.86432251975430">
        <ele>188.8957224908</ele>
        <time>2026-03-14T11:26:42Z</time>
      </trkpt>
      <trkpt lat="42.76855814494479" lon="-78.86401830713315">
        <ele>188.1294464120</ele>
        <time>2026-03-14T11:26:44Z</time>
      </trkpt>
      <trkpt lat="42.76890882413603" lon="-78.86365613329956">
        <ele>186.6333316455</ele>
        <time>2026-03-14T11:26:45Z</time>
      </trkpt>
      <trkpt lat="42.76920069997868" lon="-78.86340404000002">
        <ele>185.4005924556</ele>
        <time>2026-03-14T11:26:47Z</time>
      </trkpt>
      <trkpt lat="42.76945987769940" lon="-78.86316158258046">
        <ele>183.8051865656</ele>
        <time>2026-03-14T11:26:48Z</time>
      </trkpt>
      <trkpt lat="42.77041295264816" lon="-78.86239213786281">
        <ele>180.7955055660</ele>
        <time>2026-03-14T11:26:53Z</time>
      </trkpt>
      <trkpt lat="42.77286630716130" lon="-78.86039891273722">
        <ele>178.9360206725</ele>
        <time>2026-03-14T11:27:04Z</time>
      </trkpt>
      <trkpt lat="42.77363174208754" lon="-78.85979186473195">
        <ele>179.0055834699</ele>
        <time>2026-03-14T11:27:08Z</time>
      </trkpt>
      <trkpt lat="42.77419330291454" lon="-78.85935435122894">
        <ele>180.0088771406</ele>
        <time>2026-03-14T11:27:11Z</time>
      </trkpt>
      <trkpt lat="42.77437976415720" lon="-78.85910542915637">
        <ele>180.0866561495</ele>
        <time>2026-03-14T11:27:13Z</time>
      </trkpt>
      <trkpt lat="42.77578081255707" lon="-78.85764908910443">
        <ele>180.1335104020</ele>
        <time>2026-03-14T11:27:21Z</time>
      </trkpt>
      <trkpt lat="42.77651009224140" lon="-78.85684823655600">
        <ele>180.0406665792</ele>
        <time>2026-03-14T11:27:24Z</time>
      </trkpt>
      <trkpt lat="42.77804311760435" lon="-78.85498272014576">
        <ele>180.6112405111</ele>
        <time>2026-03-14T11:27:37Z</time>
      </trkpt>
      <trkpt lat="42.77930051442407" lon="-78.85369867016698">
        <ele>181.1809633107</ele>
        <time>2026-03-14T11:27:42Z</time>
      </trkpt>
      <trkpt lat="42.77968696406563" lon="-78.85327227001049">
        <ele>181.8019040770</ele>
        <time>2026-03-14T11:27:44Z</time>
      </trkpt>
      <trkpt lat="42.78060471128750" lon="-78.85227319540590">
        <ele>181.7930597311</ele>
        <time>2026-03-14T11:27:49Z</time>
      </trkpt>
      <trkpt lat="42.78104047449731" lon="-78.85181594881328">
        <ele>181.8435705296</ele>
        <time>2026-03-14T11:27:51Z</time>
      </trkpt>
      <trkpt lat="42.78262533599988" lon="-78.85012288482514">
        <ele>182.0313722562</ele>
        <time>2026-03-14T11:28:01Z</time>
      </trkpt>
      <trkpt lat="42.78358051932386" lon="-78.84912893702942">
        <ele>181.8917504140</ele>
        <time>2026-03-14T11:28:06Z</time>
      </trkpt>
      <trkpt lat="42.78397493055946" lon="-78.84873722291167">
        <ele>181.3683172752</ele>
        <time>2026-03-14T11:28:08Z</time>
      </trkpt>
      <trkpt lat="42.78507710315780" lon="-78.84789549566513">
        <ele>180.8071167452</ele>
        <time>2026-03-14T11:28:14Z</time>
      </trkpt>
      <trkpt lat="42.78589069121819" lon="-78.84748086265871">
        <ele>179.8240200275</ele>
        <time>2026-03-14T11:28:17Z</time>
      </trkpt>
      <trkpt lat="42.78656564159578" lon="-78.84723454932170">
        <ele>179.9764599620</ele>
        <time>2026-03-14T11:28:20Z</time>
      </trkpt>
      <trkpt lat="42.78700669006148" lon="-78.84717164084788">
        <ele>179.6009979940</ele>
        <time>2026-03-14T11:28:22Z</time>
      </trkpt>
      <trkpt lat="42.78770258817233" lon="-78.84708345969196">
        <ele>180.9713536485</ele>
        <time>2026-03-14T11:28:25Z</time>
      </trkpt>
      <trkpt lat="42.78850492879738" lon="-78.84703960616500">
        <ele>184.1340093115</ele>
        <time>2026-03-14T11:28:27Z</time>
      </trkpt>
      <trkpt lat="42.78926000108006" lon="-78.84699661109420">
        <ele>182.7046214311</ele>
        <time>2026-03-14T11:28:30Z</time>
      </trkpt>
      <trkpt lat="42.79098674959172" lon="-78.84690440159942">
        <ele>184.3148728883</ele>
        <time>2026-03-14T11:28:40Z</time>
      </trkpt>
      <trkpt lat="42.79144936997396" lon="-78.84687562725577">
        <ele>183.5695297332</ele>
        <time>2026-03-14T11:28:42Z</time>
      </trkpt>
      <trkpt lat="42.79334115435833" lon="-78.84672414531640">
        <ele>181.0779938350</ele>
        <time>2026-03-14T11:28:50Z</time>
      </trkpt>
      <trkpt lat="42.79407138597454" lon="-78.84672777718653">
        <ele>179.5555049060</ele>
        <time>2026-03-14T11:28:54Z</time>
      </trkpt>
      <trkpt lat="42.79425629012827" lon="-78.84681700338322">
        <ele>178.8701587570</ele>
        <time>2026-03-14T11:28:55Z</time>
      </trkpt>
      <trkpt lat="42.79498781248781" lon="-78.84683393516237">
        <ele>179.0066133264</ele>
        <time>2026-03-14T11:28:58Z</time>
      </trkpt>
      <trkpt lat="42.79734831978770" lon="-78.84684511154717">
        <ele>180.9543665451</ele>
        <time>2026-03-14T11:29:07Z</time>
      </trkpt>
      <trkpt lat="42.79778509525062" lon="-78.84680575437800">
        <ele>182.0069815331</ele>
        <time>2026-03-14T11:29:08Z</time>
      </trkpt>
      <trkpt lat="42.79887737440851" lon="-78.84669920399715">
        <ele>180.1160092147</ele>
        <time>2026-03-14T11:29:13Z</time>
      </trkpt>
      <trkpt lat="42.79960365009613" lon="-78.84661749997760">
        <ele>178.4413336890</ele>
        <time>2026-03-14T11:29:16Z</time>
      </trkpt>
      <trkpt lat="42.80135183726492" lon="-78.84648261641794">
        <ele>176.8529934872</ele>
        <time>2026-03-14T11:29:23Z</time>
      </trkpt>
      <trkpt lat="42.80396669701015" lon="-78.84626804366621">
        <ele>177.1701011767</ele>
        <time>2026-03-14T11:29:40Z</time>
      </trkpt>
      <trkpt lat="42.80422464998718" lon="-78.84623166889531">
        <ele>178.2735790405</ele>
        <time>2026-03-14T11:29:41Z</time>
      </trkpt>
      <trkpt lat="42.80527790428338" lon="-78.84614755321311">
        <ele>176.8664868145</ele>
        <time>2026-03-14T11:29:45Z</time>
      </trkpt>
      <trkpt lat="42.80685114661951" lon="-78.84596658129350">
        <ele>177.9856927036</ele>
        <time>2026-03-14T11:29:51Z</time>
      </trkpt>
      <trkpt lat="42.80974714445932" lon="-78.84565238605083">
        <ele>177.0790178732</ele>
        <time>2026-03-14T11:30:05Z</time>
      </trkpt>
      <trkpt lat="42.81099980971399" lon="-78.84550869905027">
        <ele>177.2073034118</ele>
        <time>2026-03-14T11:30:10Z</time>
      </trkpt>
      <trkpt lat="42.81237492512422" lon="-78.84540427147120">
        <ele>178.0317137829</ele>
        <time>2026-03-14T11:30:16Z</time>
      </trkpt>
      <trkpt lat="42.81307272155546" lon="-78.84537432775305">
        <ele>178.2843606060</ele>
        <time>2026-03-14T11:30:18Z</time>
      </trkpt>
      <trkpt lat="42.81389474755559" lon="-78.84545711604341">
        <ele>177.9852444773</ele>
        <time>2026-03-14T11:30:21Z</time>
      </trkpt>
      <trkpt lat="42.81502211149390" lon="-78.84569038896976">
        <ele>177.1713322811</ele>
        <time>2026-03-14T11:30:26Z</time>
      </trkpt>
      <trkpt lat="42.81586894675591" lon="-78.84603748047462">
        <ele>176.8604201351</ele>
        <time>2026-03-14T11:30:30Z</time>
      </trkpt>
      <trkpt lat="42.81639425866590" lon="-78.84632043636414">
        <ele>177.0826985552</ele>
        <time>2026-03-14T11:30:32Z</time>
      </trkpt>
      <trkpt lat="42.81766984416021" lon="-78.84696732417491">
        <ele>175.9530765636</ele>
        <time>2026-03-14T11:30:38Z</time>
      </trkpt>
      <trkpt lat="42.81875658542289" lon="-78.84746450997228">
        <ele>176.0317715639</ele>
        <time>2026-03-14T11:30:42Z</time>
      </trkpt>
      <trkpt lat="42.82018589503150" lon="-78.84819719946354">
        <ele>176.1997437144</ele>
        <time>2026-03-14T11:30:47Z</time>
      </trkpt>
      <trkpt lat="42.82083071793488" lon="-78.84852898471647">
        <ele>175.8703323755</ele>
        <time>2026-03-14T11:30:50Z</time>
      </trkpt>
      <trkpt lat="42.82108779271442" lon="-78.84855357602935">
        <ele>176.1289543376</ele>
        <time>2026-03-14T11:30:51Z</time>
      </trkpt>
      <trkpt lat="42.82241271799165" lon="-78.84918096958449">
        <ele>176.4589698891</ele>
        <time>2026-03-14T11:30:57Z</time>
      </trkpt>
      <trkpt lat="42.82325511271466" lon="-78.84953755010926">
        <ele>177.5739930637</ele>
        <time>2026-03-14T11:31:01Z</time>
      </trkpt>
      <trkpt lat="42.82367751936388" lon="-78.84966814328169">
        <ele>177.9897323986</ele>
        <time>2026-03-14T11:31:03Z</time>
      </trkpt>
      <trkpt lat="42.82402847491242" lon="-78.84974791533165">
        <ele>178.7849351642</ele>
        <time>2026-03-14T11:31:05Z</time>
      </trkpt>
      <trkpt lat="42.82465405103442" lon="-78.84982980044427">
        <ele>179.5188559004</ele>
        <time>2026-03-14T11:31:07Z</time>
      </trkpt>
      <trkpt lat="42.82498309425600" lon="-78.84984630759237">
        <ele>179.9332823418</ele>
        <time>2026-03-14T11:31:08Z</time>
      </trkpt>
      <trkpt lat="42.82583834617159" lon="-78.84992903376919">
        <ele>180.9525919674</ele>
        <time>2026-03-14T11:31:11Z</time>
      </trkpt>
      <trkpt lat="42.82608197117359" lon="-78.84997116437171">
        <ele>181.3812631076</ele>
        <time>2026-03-14T11:31:12Z</time>
      </trkpt>
      <trkpt lat="42.82631676921907" lon="-78.85001652582699">
        <ele>181.6159698011</ele>
        <time>2026-03-14T11:31:13Z</time>
      </trkpt>
      <trkpt lat="42.82652377894446" lon="-78.85008147446347">
        <ele>181.7000825761</ele>
        <time>2026-03-14T11:31:14Z</time>
      </trkpt>
      <trkpt lat="42.82695970798244" lon="-78.85022886381785">
        <ele>182.5093693259</ele>
        <time>2026-03-14T11:31:16Z</time>
      </trkpt>
      <trkpt lat="42.82738972469961" lon="-78.85040641702199">
        <ele>183.1563608989</ele>
        <time>2026-03-14T11:31:18Z</time>
      </trkpt>
      <trkpt lat="42.82761738499661" lon="-78.85052184401243">
        <ele>183.3467791361</ele>
        <time>2026-03-14T11:31:19Z</time>
      </trkpt>
      <trkpt lat="42.82800912035996" lon="-78.85073038501609">
        <ele>183.2853858400</ele>
        <time>2026-03-14T11:31:21Z</time>
      </trkpt>
      <trkpt lat="42.82909011957207" lon="-78.85133162602665">
        <ele>181.3388168752</ele>
        <time>2026-03-14T11:31:26Z</time>
      </trkpt>
      <trkpt lat="42.83015527393457" lon="-78.85187249958609">
        <ele>179.9410063043</ele>
        <time>2026-03-14T11:31:31Z</time>
      </trkpt>
      <trkpt lat="42.83148214014852" lon="-78.85257227816554">
        <ele>178.0803149974</ele>
        <time>2026-03-14T11:31:37Z</time>
      </trkpt>
      <trkpt lat="42.83434060326007" lon="-78.85409363597243">
        <ele>184.4898836536</ele>
        <time>2026-03-14T11:31:49Z</time>
      </trkpt>
      <trkpt lat="42.83640144437863" lon="-78.85518304204359">
        <ele>183.4605712430</ele>
        <time>2026-03-14T11:31:59Z</time>
      </trkpt>
      <trkpt lat="42.83798232585482" lon="-78.85601899399759">
        <ele>184.4322389943</ele>
        <time>2026-03-14T11:32:06Z</time>
      </trkpt>
      <trkpt lat="42.83916373744846" lon="-78.85664355516573">
        <ele>185.1846140995</ele>
        <time>2026-03-14T11:32:12Z</time>
      </trkpt>
      <trkpt lat="42.83980533620289" lon="-78.85700903373612">
        <ele>184.2211687620</ele>
        <time>2026-03-14T11:32:15Z</time>
      </trkpt>
      <trkpt lat="42.84022696403176" lon="-78.85727959769983">
        <ele>183.4992347658</ele>
        <time>2026-03-14T11:32:17Z</time>
      </trkpt>
      <trkpt lat="42.84128915348477" lon="-78.85798632829787">
        <ele>181.5243098766</ele>
        <time>2026-03-14T11:32:22Z</time>
      </trkpt>
      <trkpt lat="42.84199380317956" lon="-78.85840584170458">
        <ele>180.8264999058</ele>
        <time>2026-03-14T11:32:26Z</time>
      </trkpt>
      <trkpt lat="42.84238172234841" lon="-78.85863348590306">
        <ele>180.1166937601</ele>
        <time>2026-03-14T11:32:28Z</time>
      </trkpt>
      <trkpt lat="42.84368030438392" lon="-78.85931773248682">
        <ele>179.0461254220</ele>
        <time>2026-03-14T11:32:35Z</time>
      </trkpt>
      <trkpt lat="42.84431391407588" lon="-78.85963950203258">
        <ele>180.0822546106</ele>
        <time>2026-03-14T11:32:38Z</time>
      </trkpt>
      <trkpt lat="42.84499467586674" lon="-78.85994681003248">
        <ele>181.2515032105</ele>
        <time>2026-03-14T11:32:41Z</time>
      </trkpt>
      <trkpt lat="42.84572458428354" lon="-78.86024955025739">
        <ele>182.9640719346</ele>
        <time>2026-03-14T11:32:43Z</time>
      </trkpt>
      <trkpt lat="42.84595494272679" lon="-78.86033539498659">
        <ele>180.0475970099</ele>
        <time>2026-03-14T11:32:44Z</time>
      </trkpt>
      <trkpt lat="42.84612681147941" lon="-78.86040018998729">
        <ele>180.0414921188</ele>
        <time>2026-03-14T11:32:45Z</time>
      </trkpt>
      <trkpt lat="42.84638991272456" lon="-78.86051685986922">
        <ele>183.1841768668</ele>
        <time>2026-03-14T11:32:47Z</time>
      </trkpt>
      <trkpt lat="42.84694925352662" lon="-78.86075037061406">
        <ele>182.8861129202</ele>
        <time>2026-03-14T11:32:49Z</time>
      </trkpt>
      <trkpt lat="42.84815510470678" lon="-78.86134913706158">
        <ele>179.0238300657</ele>
        <time>2026-03-14T11:32:54Z</time>
      </trkpt>
      <trkpt lat="42.84911665446439" lon="-78.86184092814766">
        <ele>177.8176718694</ele>
        <time>2026-03-14T11:32:58Z</time>
      </trkpt>
      <trkpt lat="42.84944335791107" lon="-78.86192911688997">
        <ele>178.7707673854</ele>
        <time>2026-03-14T11:32:59Z</time>
      </trkpt>
      <trkpt lat="42.85107763800521" lon="-78.86260413711936">
        <ele>178.6610710245</ele>
        <time>2026-03-14T11:33:05Z</time>
      </trkpt>
      <trkpt lat="42.85160041334489" lon="-78.86282713575289">
        <ele>178.9672151213</ele>
        <time>2026-03-14T11:33:08Z</time>
      </trkpt>
      <trkpt lat="42.85263510784900" lon="-78.86339476415280">
        <ele>178.9018159297</ele>
        <time>2026-03-14T11:33:12Z</time>
      </trkpt>
      <trkpt lat="42.85288186995888" lon="-78.86355191210983">
        <ele>178.5593673619</ele>
        <time>2026-03-14T11:33:13Z</time>
      </trkpt>
      <trkpt lat="42.85307567148831" lon="-78.86376072705704">
        <ele>178.6007126688</ele>
        <time>2026-03-14T11:33:14Z</time>
      </trkpt>
      <trkpt lat="42.85314552263819" lon="-78.86385472397059">
        <ele>177.8074264728</ele>
        <time>2026-03-14T11:33:15Z</time>
      </trkpt>
      <trkpt lat="42.85325812766920" lon="-78.86378605844568">
        <ele>178.3953413524</ele>
        <time>2026-03-14T11:33:16Z</time>
      </trkpt>
      <trkpt lat="42.85337507093091" lon="-78.86376430906144">
        <ele>178.8739869913</ele>
        <time>2026-03-14T11:33:17Z</time>
      </trkpt>
      <trkpt lat="42.85349146306305" lon="-78.86377137156398">
        <ele>179.6618966549</ele>
        <time>2026-03-14T11:33:18Z</time>
      </trkpt>
      <trkpt lat="42.85368075386328" lon="-78.86382585926394">
        <ele>180.1841008676</ele>
        <time>2026-03-14T11:33:19Z</time>
      </trkpt>
      <trkpt lat="42.85489333373794" lon="-78.86447411967616">
        <ele>183.5830672960</ele>
        <time>2026-03-14T11:33:24Z</time>
      </trkpt>
      <trkpt lat="42.85560583615556" lon="-78.86489744545315">
        <ele>181.4481654190</ele>
        <time>2026-03-14T11:33:28Z</time>
      </trkpt>
      <trkpt lat="42.85620280739634" lon="-78.86531658764035">
        <ele>179.9141031262</ele>
        <time>2026-03-14T11:33:31Z</time>
      </trkpt>
      <trkpt lat="42.85676657954954" lon="-78.86578284413412">
        <ele>179.0960839988</ele>
        <time>2026-03-14T11:33:35Z</time>
      </trkpt>
      <trkpt lat="42.85744672643782" lon="-78.86641144383249">
        <ele>177.9933209445</ele>
        <time>2026-03-14T11:33:38Z</time>
      </trkpt>
      <trkpt lat="42.85801908752439" lon="-78.86687788737903">
        <ele>177.1825089633</ele>
        <time>2026-03-14T11:33:41Z</time>
      </trkpt>
      <trkpt lat="42.85830431634140" lon="-78.86705409401833">
        <ele>176.9655360771</ele>
        <time>2026-03-14T11:33:42Z</time>
      </trkpt>
      <trkpt lat="42.85964773050280" lon="-78.86776761133922">
        <ele>177.0181265102</ele>
        <time>2026-03-14T11:33:47Z</time>
      </trkpt>
      <trkpt lat="42.85982908351474" lon="-78.86776998174103">
        <ele>176.9370778461</ele>
        <time>2026-03-14T11:33:48Z</time>
      </trkpt>
      <trkpt lat="42.86056614344407" lon="-78.86757363811596">
        <ele>177.7966979518</ele>
        <time>2026-03-14T11:33:53Z</time>
      </trkpt>
      <trkpt lat="42.86082395060522" lon="-78.86751601705419">
        <ele>177.8279343679</ele>
        <time>2026-03-14T11:33:54Z</time>
      </trkpt>
      <trkpt lat="42.86113757757079" lon="-78.86743932102522">
        <ele>178.1724083446</ele>
        <time>2026-03-14T11:33:55Z</time>
      </trkpt>
      <trkpt lat="42.86135684991605" lon="-78.86739963428309">
        <ele>178.2857294234</ele>
        <time>2026-03-14T11:33:56Z</time>
      </trkpt>
      <trkpt lat="42.86231440067267" lon="-78.86740979864086">
        <ele>178.0949176808</ele>
        <time>2026-03-14T11:34:01Z</time>
      </trkpt>
      <trkpt lat="42.86306990964767" lon="-78.86743116065743">
        <ele>177.1558679402</ele>
        <time>2026-03-14T11:34:05Z</time>
      </trkpt>
      <trkpt lat="42.86324810770171" lon="-78.86743564687266">
        <ele>177.2012574822</ele>
        <time>2026-03-14T11:34:06Z</time>
      </trkpt>
      <trkpt lat="42.86440031857510" lon="-78.86748888417060">
        <ele>177.0939520494</ele>
        <time>2026-03-14T11:34:11Z</time>
      </trkpt>
      <trkpt lat="42.86533088408733" lon="-78.86754337778351">
        <ele>176.9904652623</ele>
        <time>2026-03-14T11:34:15Z</time>
      </trkpt>
      <trkpt lat="42.86609803123501" lon="-78.86759256570481">
        <ele>177.0162054475</ele>
        <time>2026-03-14T11:34:18Z</time>
      </trkpt>
      <trkpt lat="42.86618073539973" lon="-78.86760361601607">
        <ele>177.1077394642</ele>
        <time>2026-03-14T11:34:19Z</time>
      </trkpt>
      <trkpt lat="42.86626484315300" lon="-78.86763302339138">
        <ele>177.0846930814</ele>
        <time>2026-03-14T11:34:20Z</time>
      </trkpt>
      <trkpt lat="42.86674249421795" lon="-78.86786041335560">
        <ele>177.1572998128</ele>
        <time>2026-03-14T11:34:22Z</time>
      </trkpt>
      <trkpt lat="42.86916084568293" lon="-78.86901581476256">
        <ele>176.9001410449</ele>
        <time>2026-03-14T11:34:31Z</time>
      </trkpt>
      <trkpt lat="42.86922739555411" lon="-78.86906376036946">
        <ele>176.8339354262</ele>
        <time>2026-03-14T11:34:32Z</time>
      </trkpt>
      <trkpt lat="42.86985040114579" lon="-78.86947245311018">
        <ele>177.2135197036</ele>
        <time>2026-03-14T11:34:35Z</time>
      </trkpt>
      <trkpt lat="42.87135413559834" lon="-78.87055380531217">
        <ele>177.2473402246</ele>
        <time>2026-03-14T11:34:42Z</time>
      </trkpt>
      <trkpt lat="42.87157442739240" lon="-78.87079315837386">
        <ele>176.9700426539</ele>
        <time>2026-03-14T11:34:43Z</time>
      </trkpt>
      <trkpt lat="42.87193939728560" lon="-78.87168173198843">
        <ele>176.9601471907</ele>
        <time>2026-03-14T11:34:46Z</time>
      </trkpt>
      <trkpt lat="42.87206144026776" lon="-78.87195480975949">
        <ele>178.1082613279</ele>
        <time>2026-03-14T11:34:47Z</time>
      </trkpt>
      <trkpt lat="42.87213921969683" lon="-78.87207821803108">
        <ele>178.2752694402</ele>
        <time>2026-03-14T11:34:48Z</time>
      </trkpt>
      <trkpt lat="42.87220225845714" lon="-78.87204744698622">
        <ele>177.8770413029</ele>
        <time>2026-03-14T11:34:49Z</time>
      </trkpt>
      <trkpt lat="42.87240369980005" lon="-78.87198375966481">
        <ele>177.1117416573</ele>
        <time>2026-03-14T11:34:50Z</time>
      </trkpt>
      <trkpt lat="42.87331803123995" lon="-78.87170386841542">
        <ele>177.1687621785</ele>
        <time>2026-03-14T11:34:53Z</time>
      </trkpt>
      <trkpt lat="42.87351494368597" lon="-78.87161860470538">
        <ele>177.0938669484</ele>
        <time>2026-03-14T11:34:54Z</time>
      </trkpt>
      <trkpt lat="42.87400162001683" lon="-78.87145737121894">
        <ele>177.0862177297</ele>
        <time>2026-03-14T11:34:57Z</time>
      </trkpt>
      <trkpt lat="42.87490950459667" lon="-78.87117169908605">
        <ele>177.1224643031</ele>
        <time>2026-03-14T11:35:02Z</time>
      </trkpt>
      <trkpt lat="42.87506226789201" lon="-78.87113799329370">
        <ele>176.7199569810</ele>
        <time>2026-03-14T11:35:03Z</time>
      </trkpt>
      <trkpt lat="42.87583532849656" lon="-78.87088801000489">
        <ele>177.0619392034</ele>
        <time>2026-03-14T11:35:05Z</time>
      </trkpt>
      <trkpt lat="42.87586902404065" lon="-78.87105956127446">
        <ele>177.0803478245</ele>
        <time>2026-03-14T11:35:06Z</time>
      </trkpt>
      <trkpt lat="42.87589546083715" lon="-78.87103632711747">
        <ele>176.9594376712</ele>
        <time>2026-03-14T11:35:07Z</time>
      </trkpt>
      <trkpt lat="42.87601404815035" lon="-78.87169158653828">
        <ele>177.7461526068</ele>
        <time>2026-03-14T11:35:10Z</time>
      </trkpt>
    </trkseg>
  </trk>
</gpx>