<?xml version='1.0' encoding='UTF-8'?>
<gpx xmlns="http://www.topografix.com/GPX/1/1" creator="https://gpx.studio" version="1.1">
  <metadata>
    <name>Car Ride - 2026-06-05</name>
  </metadata>
  <trk>
    <name>Car Ride - 2026-06-05</name>
    <type>driving</type>
    <trkseg>
      <trkpt lat="41.40132978422697" lon="-81.74040934646588">
        <ele>265.8413724838</ele>
        <time>2026-06-05T09:56:43Z</time>
      </trkpt>
      <trkpt lat="41.40135036097917" lon="-81.74241064293224">
        <ele>264.8465590518</ele>
        <time>2026-06-05T09:56:49Z</time>
      </trkpt>
      <trkpt lat="41.40220762571665" lon="-81.74286690663233">
        <ele>263.1137965949</ele>
        <time>2026-06-05T09:56:53Z</time>
      </trkpt>
      <trkpt lat="41.40310577910908" lon="-81.74329344178381">
        <ele>262.0533225134</ele>
        <time>2026-06-05T09:56:57Z</time>
      </trkpt>
      <trkpt lat="41.40348510030223" lon="-81.74349246470902">
        <ele>261.8480129421</ele>
        <time>2026-06-05T09:56:59Z</time>
      </trkpt>
      <trkpt lat="41.40359557724980" lon="-81.74351560665698">
        <ele>261.7868488661</ele>
        <time>2026-06-05T09:57:00Z</time>
      </trkpt>
      <trkpt lat="41.40488081603198" lon="-81.74350687961051">
        <ele>256.6570579437</ele>
        <time>2026-06-05T09:57:07Z</time>
      </trkpt>
      <trkpt lat="41.40488062886437" lon="-81.74420452197373">
        <ele>254.8309797950</ele>
        <time>2026-06-05T09:57:10Z</time>
      </trkpt>
      <trkpt lat="41.40487678915341" lon="-81.74580465879393">
        <ele>253.9953673842</ele>
        <time>2026-06-05T09:57:16Z</time>
      </trkpt>
      <trkpt lat="41.40487631725590" lon="-81.74729875157522">
        <ele>256.9306740091</ele>
        <time>2026-06-05T09:57:21Z</time>
      </trkpt>
      <trkpt lat="41.40489303375734" lon="-81.74848833309601">
        <ele>256.0146369064</ele>
        <time>2026-06-05T09:57:24Z</time>
      </trkpt>
      <trkpt lat="41.40490203541805" lon="-81.74957071955912">
        <ele>254.9649334839</ele>
        <time>2026-06-05T09:57:27Z</time>
      </trkpt>
      <trkpt lat="41.40491239184725" lon="-81.75019602022573">
        <ele>255.0255884033</ele>
        <time>2026-06-05T09:57:29Z</time>
      </trkpt>
      <trkpt lat="41.40492914910166" lon="-81.75451301151168">
        <ele>247.9509470946</ele>
        <time>2026-06-05T09:57:43Z</time>
      </trkpt>
      <trkpt lat="41.40492669161543" lon="-81.75540003628491">
        <ele>244.9320296534</ele>
        <time>2026-06-05T09:57:46Z</time>
      </trkpt>
      <trkpt lat="41.40493238787775" lon="-81.75632357245568">
        <ele>242.9366962565</ele>
        <time>2026-06-05T09:57:50Z</time>
      </trkpt>
      <trkpt lat="41.40493477018534" lon="-81.75696254812765">
        <ele>243.7017264222</ele>
        <time>2026-06-05T09:57:52Z</time>
      </trkpt>
      <trkpt lat="41.40495769695244" lon="-81.75788853213385">
        <ele>244.8616787458</ele>
        <time>2026-06-05T09:57:55Z</time>
      </trkpt>
      <trkpt lat="41.40617856015601" lon="-81.75792979957951">
        <ele>245.9774231504</ele>
        <time>2026-06-05T09:58:02Z</time>
      </trkpt>
      <trkpt lat="41.40778026653795" lon="-81.75792888670976">
        <ele>244.9841805095</ele>
        <time>2026-06-05T09:58:08Z</time>
      </trkpt>
      <trkpt lat="41.40797380145128" lon="-81.75791119402906">
        <ele>244.7378712267</ele>
        <time>2026-06-05T09:58:09Z</time>
      </trkpt>
      <trkpt lat="41.40815592996043" lon="-81.75787312308621">
        <ele>244.9906954900</ele>
        <time>2026-06-05T09:58:10Z</time>
      </trkpt>
      <trkpt lat="41.40837714780398" lon="-81.75779073505184">
        <ele>244.4234080327</ele>
        <time>2026-06-05T09:58:11Z</time>
      </trkpt>
      <trkpt lat="41.40954463183434" lon="-81.75718257813085">
        <ele>243.1147371079</ele>
        <time>2026-06-05T09:58:17Z</time>
      </trkpt>
      <trkpt lat="41.41018067400334" lon="-81.75682136435604">
        <ele>242.9048526074</ele>
        <time>2026-06-05T09:58:20Z</time>
      </trkpt>
      <trkpt lat="41.41077010346176" lon="-81.75659530045714">
        <ele>242.0334815752</ele>
        <time>2026-06-05T09:58:23Z</time>
      </trkpt>
      <trkpt lat="41.41108390019133" lon="-81.75654993584190">
        <ele>241.9875507981</ele>
        <time>2026-06-05T09:58:24Z</time>
      </trkpt>
      <trkpt lat="41.41249855191356" lon="-81.75657068895219">
        <ele>240.4048928828</ele>
        <time>2026-06-05T09:58:31Z</time>
      </trkpt>
      <trkpt lat="41.41380925174879" lon="-81.75663384568351">
        <ele>240.8933529256</ele>
        <time>2026-06-05T09:58:37Z</time>
      </trkpt>
      <trkpt lat="41.41464542462693" lon="-81.75663821554203">
        <ele>241.1408812057</ele>
        <time>2026-06-05T09:58:43Z</time>
      </trkpt>
      <trkpt lat="41.41538740482250" lon="-81.75667346425239">
        <ele>239.9335707502</ele>
        <time>2026-06-05T09:58:46Z</time>
      </trkpt>
      <trkpt lat="41.41623986408659" lon="-81.75686008341795">
        <ele>238.2122663242</ele>
        <time>2026-06-05T09:58:50Z</time>
      </trkpt>
      <trkpt lat="41.41668051736183" lon="-81.75699277509054">
        <ele>237.2890002167</ele>
        <time>2026-06-05T09:58:52Z</time>
      </trkpt>
      <trkpt lat="41.41681083126855" lon="-81.75704078526441">
        <ele>236.9227789746</ele>
        <time>2026-06-05T09:58:53Z</time>
      </trkpt>
      <trkpt lat="41.41801019139515" lon="-81.75756896561133">
        <ele>235.2028420631</ele>
        <time>2026-06-05T09:58:58Z</time>
      </trkpt>
      <trkpt lat="41.41847901639370" lon="-81.75777927165919">
        <ele>233.8301874972</ele>
        <time>2026-06-05T09:59:00Z</time>
      </trkpt>
      <trkpt lat="41.41846254516548" lon="-81.75912327012385">
        <ele>235.1415866244</ele>
        <time>2026-06-05T09:59:04Z</time>
      </trkpt>
      <trkpt lat="41.41846927949072" lon="-81.75989067373189">
        <ele>236.8283860919</ele>
        <time>2026-06-05T09:59:07Z</time>
      </trkpt>
      <trkpt lat="41.41846696573936" lon="-81.76039324957362">
        <ele>238.2821167264</ele>
        <time>2026-06-05T09:59:08Z</time>
      </trkpt>
      <trkpt lat="41.41846233786693" lon="-81.76075779430242">
        <ele>239.1365859895</ele>
        <time>2026-06-05T09:59:10Z</time>
      </trkpt>
      <trkpt lat="41.41845074565568" lon="-81.76097858412059">
        <ele>240.0255367076</ele>
        <time>2026-06-05T09:59:11Z</time>
      </trkpt>
      <trkpt lat="41.41845037777033" lon="-81.76113358479259">
        <ele>240.0882679024</ele>
        <time>2026-06-05T09:59:12Z</time>
      </trkpt>
      <trkpt lat="41.41844612096491" lon="-81.76191671650479">
        <ele>241.1337135804</ele>
        <time>2026-06-05T09:59:14Z</time>
      </trkpt>
      <trkpt lat="41.41840521935744" lon="-81.76876388595301">
        <ele>240.0866334685</ele>
        <time>2026-06-05T09:59:34Z</time>
      </trkpt>
      <trkpt lat="41.41838488425802" lon="-81.76968016817519">
        <ele>240.0120127332</ele>
        <time>2026-06-05T09:59:37Z</time>
      </trkpt>
      <trkpt lat="41.41841369317849" lon="-81.77000253777652">
        <ele>239.2728791862</ele>
        <time>2026-06-05T09:59:38Z</time>
      </trkpt>
      <trkpt lat="41.41841215852334" lon="-81.77102849145599">
        <ele>238.9858658415</ele>
        <time>2026-06-05T09:59:41Z</time>
      </trkpt>
      <trkpt lat="41.41840848618820" lon="-81.77242639771438">
        <ele>239.3670688460</ele>
        <time>2026-06-05T09:59:47Z</time>
      </trkpt>
      <trkpt lat="41.41841574401728" lon="-81.77346683462591">
        <ele>239.9056599653</ele>
        <time>2026-06-05T09:59:50Z</time>
      </trkpt>
      <trkpt lat="41.41839721387360" lon="-81.77592980612239">
        <ele>241.0634678510</ele>
        <time>2026-06-05T09:59:59Z</time>
      </trkpt>
      <trkpt lat="41.41843121120791" lon="-81.77676024079148">
        <ele>241.9493131848</ele>
        <time>2026-06-05T10:00:02Z</time>
      </trkpt>
      <trkpt lat="41.41842403743495" lon="-81.77760058328410">
        <ele>242.6353853972</ele>
        <time>2026-06-05T10:00:06Z</time>
      </trkpt>
      <trkpt lat="41.41842645789370" lon="-81.77886694814553">
        <ele>242.0224238803</ele>
        <time>2026-06-05T10:00:12Z</time>
      </trkpt>
      <trkpt lat="41.41842629133485" lon="-81.77983442610369">
        <ele>241.2206146551</ele>
        <time>2026-06-05T10:00:16Z</time>
      </trkpt>
      <trkpt lat="41.41843740417394" lon="-81.78034152649802">
        <ele>241.0914365328</ele>
        <time>2026-06-05T10:00:18Z</time>
      </trkpt>
      <trkpt lat="41.41853377383573" lon="-81.78060249615582">
        <ele>241.1700161892</ele>
        <time>2026-06-05T10:00:19Z</time>
      </trkpt>
      <trkpt lat="41.41861992096840" lon="-81.78073706751742">
        <ele>240.8008349171</ele>
        <time>2026-06-05T10:00:20Z</time>
      </trkpt>
      <trkpt lat="41.41869781589014" lon="-81.78078265659701">
        <ele>240.8724009521</ele>
        <time>2026-06-05T10:00:21Z</time>
      </trkpt>
      <trkpt lat="41.41877737987893" lon="-81.78078855144571">
        <ele>240.9244352658</ele>
        <time>2026-06-05T10:00:22Z</time>
      </trkpt>
      <trkpt lat="41.41940082939995" lon="-81.78054502043948">
        <ele>240.9546455671</ele>
        <time>2026-06-05T10:00:25Z</time>
      </trkpt>
      <trkpt lat="41.41982237800853" lon="-81.78043016881008">
        <ele>241.0391499892</ele>
        <time>2026-06-05T10:00:27Z</time>
      </trkpt>
      <trkpt lat="41.42022377700061" lon="-81.78035433922722">
        <ele>241.0203862079</ele>
        <time>2026-06-05T10:00:29Z</time>
      </trkpt>
      <trkpt lat="41.42089564013076" lon="-81.78027846678769">
        <ele>240.2549594877</ele>
        <time>2026-06-05T10:00:32Z</time>
      </trkpt>
      <trkpt lat="41.42110375788155" lon="-81.78027596402465">
        <ele>239.0161171142</ele>
        <time>2026-06-05T10:00:33Z</time>
      </trkpt>
      <trkpt lat="41.42116761884273" lon="-81.78029180977074">
        <ele>239.0534459584</ele>
        <time>2026-06-05T10:00:34Z</time>
      </trkpt>
      <trkpt lat="41.42122227601211" lon="-81.78033849110142">
        <ele>238.7607911364</ele>
        <time>2026-06-05T10:00:35Z</time>
      </trkpt>
      <trkpt lat="41.42067691941660" lon="-81.78262798086207">
        <ele>241.9937415419</ele>
        <time>2026-06-05T10:00:44Z</time>
      </trkpt>
      <trkpt lat="41.42061057230346" lon="-81.78293252817048">
        <ele>242.5341795820</ele>
        <time>2026-06-05T10:00:45Z</time>
      </trkpt>
      <trkpt lat="41.42057961375706" lon="-81.78318467518004">
        <ele>241.7327517713</ele>
        <time>2026-06-05T10:00:46Z</time>
      </trkpt>
      <trkpt lat="41.42056423867567" lon="-81.78344299256642">
        <ele>241.9153566949</ele>
        <time>2026-06-05T10:00:47Z</time>
      </trkpt>
      <trkpt lat="41.42054100520188" lon="-81.78373385040827">
        <ele>241.8827176914</ele>
        <time>2026-06-05T10:00:48Z</time>
      </trkpt>
      <trkpt lat="41.42050322651385" lon="-81.78481630466017">
        <ele>241.8628887221</ele>
        <time>2026-06-05T10:00:51Z</time>
      </trkpt>
      <trkpt lat="41.42043433942813" lon="-81.78597846951099">
        <ele>241.8082777656</ele>
        <time>2026-06-05T10:00:55Z</time>
      </trkpt>
      <trkpt lat="41.42048478844193" lon="-81.79120263631421">
        <ele>241.0241055133</ele>
        <time>2026-06-05T10:01:11Z</time>
      </trkpt>
      <trkpt lat="41.42051044148781" lon="-81.79502713042856">
        <ele>246.7624297151</ele>
        <time>2026-06-05T10:01:24Z</time>
      </trkpt>
      <trkpt lat="41.42051802887087" lon="-81.79531007783675">
        <ele>248.7525442325</ele>
        <time>2026-06-05T10:01:25Z</time>
      </trkpt>
      <trkpt lat="41.42052818647012" lon="-81.79665384327255">
        <ele>251.0339052318</ele>
        <time>2026-06-05T10:01:29Z</time>
      </trkpt>
      <trkpt lat="41.42053092598227" lon="-81.79767511964845">
        <ele>251.1752478470</ele>
        <time>2026-06-05T10:01:32Z</time>
      </trkpt>
      <trkpt lat="41.42054558618398" lon="-81.79801236402442">
        <ele>249.2672134300</ele>
        <time>2026-06-05T10:01:34Z</time>
      </trkpt>
      <trkpt lat="41.42055800992448" lon="-81.80044039094660">
        <ele>248.8719508705</ele>
        <time>2026-06-05T10:01:41Z</time>
      </trkpt>
      <trkpt lat="41.42056261590179" lon="-81.80118308904200">
        <ele>246.7918055421</ele>
        <time>2026-06-05T10:01:44Z</time>
      </trkpt>
      <trkpt lat="41.42055842557571" lon="-81.80185404753021">
        <ele>241.7683376866</ele>
        <time>2026-06-05T10:01:47Z</time>
      </trkpt>
      <trkpt lat="41.42057415558502" lon="-81.80219049341703">
        <ele>244.6728211607</ele>
        <time>2026-06-05T10:01:48Z</time>
      </trkpt>
      <trkpt lat="41.42057905698831" lon="-81.80321807453647">
        <ele>242.2748254080</ele>
        <time>2026-06-05T10:01:52Z</time>
      </trkpt>
      <trkpt lat="41.42058365485283" lon="-81.80392704319124">
        <ele>240.8978203691</ele>
        <time>2026-06-05T10:01:55Z</time>
      </trkpt>
      <trkpt lat="41.42057786718682" lon="-81.80443785679094">
        <ele>237.8414468981</ele>
        <time>2026-06-05T10:01:56Z</time>
      </trkpt>
      <trkpt lat="41.42057842550772" lon="-81.80483128936774">
        <ele>239.0208995030</ele>
        <time>2026-06-05T10:01:58Z</time>
      </trkpt>
      <trkpt lat="41.42060233380441" lon="-81.80776179365894">
        <ele>238.0533402336</ele>
        <time>2026-06-05T10:02:10Z</time>
      </trkpt>
      <trkpt lat="41.42066469857259" lon="-81.81439135660634">
        <ele>239.9754100510</ele>
        <time>2026-06-05T10:02:31Z</time>
      </trkpt>
      <trkpt lat="41.42068065645303" lon="-81.81733411522298">
        <ele>242.9556717645</ele>
        <time>2026-06-05T10:02:40Z</time>
      </trkpt>
      <trkpt lat="41.42069126964016" lon="-81.82024541904866">
        <ele>249.1298571510</ele>
        <time>2026-06-05T10:02:49Z</time>
      </trkpt>
      <trkpt lat="41.42071106549145" lon="-81.82187942652610">
        <ele>251.8291934036</ele>
        <time>2026-06-05T10:02:56Z</time>
      </trkpt>
      <trkpt lat="41.42071982966580" lon="-81.82320067681106">
        <ele>250.5602875962</ele>
        <time>2026-06-05T10:03:00Z</time>
      </trkpt>
      <trkpt lat="41.42071568717098" lon="-81.82360717575853">
        <ele>255.7404212346</ele>
        <time>2026-06-05T10:03:01Z</time>
      </trkpt>
      <trkpt lat="41.42071671137227" lon="-81.82443835282085">
        <ele>256.0401325685</ele>
        <time>2026-06-05T10:03:04Z</time>
      </trkpt>
      <trkpt lat="41.42070035838846" lon="-81.82518663908701">
        <ele>255.6813370810</ele>
        <time>2026-06-05T10:03:06Z</time>
      </trkpt>
      <trkpt lat="41.42065058727635" lon="-81.82608024330698">
        <ele>254.8810628643</ele>
        <time>2026-06-05T10:03:09Z</time>
      </trkpt>
      <trkpt lat="41.42055770018526" lon="-81.82722425659708">
        <ele>251.8797608927</ele>
        <time>2026-06-05T10:03:14Z</time>
      </trkpt>
      <trkpt lat="41.42051343490073" lon="-81.82762725088628">
        <ele>246.4529515127</ele>
        <time>2026-06-05T10:03:15Z</time>
      </trkpt>
      <trkpt lat="41.42028375428131" lon="-81.83020439269514">
        <ele>246.9669617363</ele>
        <time>2026-06-05T10:03:25Z</time>
      </trkpt>
      <trkpt lat="41.42025360602516" lon="-81.83058945126601">
        <ele>242.5057454593</ele>
        <time>2026-06-05T10:03:26Z</time>
      </trkpt>
      <trkpt lat="41.42018856090786" lon="-81.83120737134335">
        <ele>245.1661198735</ele>
        <time>2026-06-05T10:03:29Z</time>
      </trkpt>
      <trkpt lat="41.42009685330009" lon="-81.83223006285813">
        <ele>243.7592230712</ele>
        <time>2026-06-05T10:03:32Z</time>
      </trkpt>
      <trkpt lat="41.42005819866371" lon="-81.83310512915403">
        <ele>241.8865831286</ele>
        <time>2026-06-05T10:03:34Z</time>
      </trkpt>
      <trkpt lat="41.42004026550178" lon="-81.83367521293886">
        <ele>240.8350172306</ele>
        <time>2026-06-05T10:03:36Z</time>
      </trkpt>
      <trkpt lat="41.42005683103639" lon="-81.83425091103328">
        <ele>239.9308679298</ele>
        <time>2026-06-05T10:03:38Z</time>
      </trkpt>
      <trkpt lat="41.42007869911423" lon="-81.83481369037884">
        <ele>238.9980539830</ele>
        <time>2026-06-05T10:03:40Z</time>
      </trkpt>
      <trkpt lat="41.42010672216668" lon="-81.83510875823929">
        <ele>238.1834303965</ele>
        <time>2026-06-05T10:03:41Z</time>
      </trkpt>
      <trkpt lat="41.42013700212745" lon="-81.83543761270793">
        <ele>237.7839076377</ele>
        <time>2026-06-05T10:03:42Z</time>
      </trkpt>
      <trkpt lat="41.42019370742250" lon="-81.83571964180665">
        <ele>237.2261294178</ele>
        <time>2026-06-05T10:03:44Z</time>
      </trkpt>
      <trkpt lat="41.42025461472375" lon="-81.83619937149136">
        <ele>236.6154735720</ele>
        <time>2026-06-05T10:03:45Z</time>
      </trkpt>
      <trkpt lat="41.42032098407755" lon="-81.83658512375611">
        <ele>235.9354702009</ele>
        <time>2026-06-05T10:03:46Z</time>
      </trkpt>
      <trkpt lat="41.42039024882178" lon="-81.83709804010662">
        <ele>235.0564638772</ele>
        <time>2026-06-05T10:03:48Z</time>
      </trkpt>
      <trkpt lat="41.42049294734090" lon="-81.83757179531980">
        <ele>234.0615405424</ele>
        <time>2026-06-05T10:03:50Z</time>
      </trkpt>
      <trkpt lat="41.42061916373675" lon="-81.83808593523698">
        <ele>233.2540558958</ele>
        <time>2026-06-05T10:03:51Z</time>
      </trkpt>
      <trkpt lat="41.42071561396929" lon="-81.83845637693555">
        <ele>232.6072747588</ele>
        <time>2026-06-05T10:03:53Z</time>
      </trkpt>
      <trkpt lat="41.42084581048702" lon="-81.83886479635345">
        <ele>231.7680985565</ele>
        <time>2026-06-05T10:03:54Z</time>
      </trkpt>
      <trkpt lat="41.42103395461920" lon="-81.83953577768287">
        <ele>230.8461085092</ele>
        <time>2026-06-05T10:03:56Z</time>
      </trkpt>
      <trkpt lat="41.42157892444195" lon="-81.84115714973510">
        <ele>228.9295215468</ele>
        <time>2026-06-05T10:04:02Z</time>
      </trkpt>
      <trkpt lat="41.42210538970058" lon="-81.84276297997093">
        <ele>229.1091483561</ele>
        <time>2026-06-05T10:04:08Z</time>
      </trkpt>
      <trkpt lat="41.42240402869638" lon="-81.84360058917311">
        <ele>229.1179338759</ele>
        <time>2026-06-05T10:04:11Z</time>
      </trkpt>
      <trkpt lat="41.42259287208149" lon="-81.84420071777929">
        <ele>228.7239953098</ele>
        <time>2026-06-05T10:04:13Z</time>
      </trkpt>
      <trkpt lat="41.42292977249139" lon="-81.84519147838152">
        <ele>227.9615880946</ele>
        <time>2026-06-05T10:04:16Z</time>
      </trkpt>
      <trkpt lat="41.42329455952317" lon="-81.84639194956274">
        <ele>228.1537753241</ele>
        <time>2026-06-05T10:04:20Z</time>
      </trkpt>
      <trkpt lat="41.42344881768933" lon="-81.84694011737076">
        <ele>228.0882121202</ele>
        <time>2026-06-05T10:04:22Z</time>
      </trkpt>
      <trkpt lat="41.42357753746414" lon="-81.84744394828905">
        <ele>228.0883966735</ele>
        <time>2026-06-05T10:04:24Z</time>
      </trkpt>
      <trkpt lat="41.42373134855713" lon="-81.84820783063361">
        <ele>227.7305200853</ele>
        <time>2026-06-05T10:04:27Z</time>
      </trkpt>
      <trkpt lat="41.42387200387027" lon="-81.84888956050548">
        <ele>227.8127919644</ele>
        <time>2026-06-05T10:04:29Z</time>
      </trkpt>
      <trkpt lat="41.42394671848027" lon="-81.84938106052600">
        <ele>227.1951416193</ele>
        <time>2026-06-05T10:04:30Z</time>
      </trkpt>
      <trkpt lat="41.42403642759754" lon="-81.85015324357980">
        <ele>227.1581259602</ele>
        <time>2026-06-05T10:04:33Z</time>
      </trkpt>
      <trkpt lat="41.42417854762144" lon="-81.85196545655127">
        <ele>227.0443798106</ele>
        <time>2026-06-05T10:04:38Z</time>
      </trkpt>
      <trkpt lat="41.42419598449828" lon="-81.85230608203547">
        <ele>222.0855640411</ele>
        <time>2026-06-05T10:04:39Z</time>
      </trkpt>
      <trkpt lat="41.42457924986261" lon="-81.85764943418839">
        <ele>222.3816742893</ele>
        <time>2026-06-05T10:04:55Z</time>
      </trkpt>
      <trkpt lat="41.42459863763138" lon="-81.85798515205572">
        <ele>225.1570617354</ele>
        <time>2026-06-05T10:04:56Z</time>
      </trkpt>
      <trkpt lat="41.42488604644803" lon="-81.86196006649190">
        <ele>224.8431942085</ele>
        <time>2026-06-05T10:05:10Z</time>
      </trkpt>
      <trkpt lat="41.42487752628511" lon="-81.86231829826984">
        <ele>224.1325465906</ele>
        <time>2026-06-05T10:05:11Z</time>
      </trkpt>
      <trkpt lat="41.42492187319483" lon="-81.86307438825258">
        <ele>224.0511479440</ele>
        <time>2026-06-05T10:05:14Z</time>
      </trkpt>
      <trkpt lat="41.42489788508064" lon="-81.86499461606238">
        <ele>223.7850885393</ele>
        <time>2026-06-05T10:05:19Z</time>
      </trkpt>
      <trkpt lat="41.42487052025159" lon="-81.86575419020949">
        <ele>225.1007747746</ele>
        <time>2026-06-05T10:05:22Z</time>
      </trkpt>
      <trkpt lat="41.42478561358499" lon="-81.86693872144710">
        <ele>225.8397958392</ele>
        <time>2026-06-05T10:05:25Z</time>
      </trkpt>
      <trkpt lat="41.42468597691244" lon="-81.86794617764617">
        <ele>225.9892507850</ele>
        <time>2026-06-05T10:05:30Z</time>
      </trkpt>
      <trkpt lat="41.42454725525894" lon="-81.86892354590556">
        <ele>225.8868995740</ele>
        <time>2026-06-05T10:05:33Z</time>
      </trkpt>
      <trkpt lat="41.42438035222842" lon="-81.87008980125424">
        <ele>225.8640911714</ele>
        <time>2026-06-05T10:05:38Z</time>
      </trkpt>
      <trkpt lat="41.42396175243983" lon="-81.87218518127071">
        <ele>224.9824159501</ele>
        <time>2026-06-05T10:05:45Z</time>
      </trkpt>
      <trkpt lat="41.42366188522907" lon="-81.87334946837619">
        <ele>226.9944841882</ele>
        <time>2026-06-05T10:05:48Z</time>
      </trkpt>
      <trkpt lat="41.42327745856557" lon="-81.87468672045196">
        <ele>230.0127735048</ele>
        <time>2026-06-05T10:05:53Z</time>
      </trkpt>
      <trkpt lat="41.42287820985083" lon="-81.87583364754437">
        <ele>231.9960470015</ele>
        <time>2026-06-05T10:05:57Z</time>
      </trkpt>
      <trkpt lat="41.42250965055808" lon="-81.87670973152841">
        <ele>233.8557531055</ele>
        <time>2026-06-05T10:06:00Z</time>
      </trkpt>
      <trkpt lat="41.42203065144335" lon="-81.87788345220261">
        <ele>232.9813628826</ele>
        <time>2026-06-05T10:06:04Z</time>
      </trkpt>
      <trkpt lat="41.42187108298300" lon="-81.87820365005942">
        <ele>235.0305654756</ele>
        <time>2026-06-05T10:06:06Z</time>
      </trkpt>
      <trkpt lat="41.42157526673987" lon="-81.87887527360722">
        <ele>233.6666439383</ele>
        <time>2026-06-05T10:06:08Z</time>
      </trkpt>
      <trkpt lat="41.42083506830058" lon="-81.88027488375798">
        <ele>232.0213902675</ele>
        <time>2026-06-05T10:06:15Z</time>
      </trkpt>
      <trkpt lat="41.41938064107048" lon="-81.88304067818960">
        <ele>233.7836347059</ele>
        <time>2026-06-05T10:06:27Z</time>
      </trkpt>
      <trkpt lat="41.41870336530679" lon="-81.88441632772700">
        <ele>233.6624704649</ele>
        <time>2026-06-05T10:06:32Z</time>
      </trkpt>
      <trkpt lat="41.41844391803799" lon="-81.88501503389031">
        <ele>234.8772178139</ele>
        <time>2026-06-05T10:06:34Z</time>
      </trkpt>
      <trkpt lat="41.41791830706231" lon="-81.88617583656703">
        <ele>232.6994304330</ele>
        <time>2026-06-05T10:06:40Z</time>
      </trkpt>
      <trkpt lat="41.41730201495263" lon="-81.88768355850362">
        <ele>230.0793471922</ele>
        <time>2026-06-05T10:06:45Z</time>
      </trkpt>
      <trkpt lat="41.41673410947683" lon="-81.88923134187236">
        <ele>228.0725302719</ele>
        <time>2026-06-05T10:06:52Z</time>
      </trkpt>
      <trkpt lat="41.41626999402689" lon="-81.89073671705219">
        <ele>225.9238151377</ele>
        <time>2026-06-05T10:06:57Z</time>
      </trkpt>
      <trkpt lat="41.41587627072651" lon="-81.89194621673579">
        <ele>225.0934322978</ele>
        <time>2026-06-05T10:07:02Z</time>
      </trkpt>
      <trkpt lat="41.41555211137291" lon="-81.89318007405484">
        <ele>223.9964953236</ele>
        <time>2026-06-05T10:07:06Z</time>
      </trkpt>
      <trkpt lat="41.41508597627605" lon="-81.89485339827590">
        <ele>223.9475020441</ele>
        <time>2026-06-05T10:07:14Z</time>
      </trkpt>
      <trkpt lat="41.41471829909177" lon="-81.89631285286744">
        <ele>224.4768916453</ele>
        <time>2026-06-05T10:07:24Z</time>
      </trkpt>
      <trkpt lat="41.41389350322921" lon="-81.89916627306130">
        <ele>225.7811059173</ele>
        <time>2026-06-05T10:07:32Z</time>
      </trkpt>
      <trkpt lat="41.41351277303650" lon="-81.90059848783658">
        <ele>226.9015174495</ele>
        <time>2026-06-05T10:07:39Z</time>
      </trkpt>
      <trkpt lat="41.41324262267776" lon="-81.90149381775846">
        <ele>226.9306399995</ele>
        <time>2026-06-05T10:07:43Z</time>
      </trkpt>
      <trkpt lat="41.41282923122166" lon="-81.90267232958399">
        <ele>227.7492367552</ele>
        <time>2026-06-05T10:07:47Z</time>
      </trkpt>
      <trkpt lat="41.41219913086668" lon="-81.90463726834867">
        <ele>230.0351302594</ele>
        <time>2026-06-05T10:07:55Z</time>
      </trkpt>
      <trkpt lat="41.41153293215192" lon="-81.90652007230121">
        <ele>232.7532452546</ele>
        <time>2026-06-05T10:08:02Z</time>
      </trkpt>
      <trkpt lat="41.41083606390193" lon="-81.90845474992743">
        <ele>233.5697039159</ele>
        <time>2026-06-05T10:08:09Z</time>
      </trkpt>
      <trkpt lat="41.41005164091121" lon="-81.91030647254689">
        <ele>234.5795797199</ele>
        <time>2026-06-05T10:08:16Z</time>
      </trkpt>
      <trkpt lat="41.40861970497781" lon="-81.91366932370113">
        <ele>236.1677252062</ele>
        <time>2026-06-05T10:08:32Z</time>
      </trkpt>
      <trkpt lat="41.40788335206526" lon="-81.91522740885809">
        <ele>237.1769799334</ele>
        <time>2026-06-05T10:08:37Z</time>
      </trkpt>
      <trkpt lat="41.40729193450639" lon="-81.91652478729807">
        <ele>237.6052078492</ele>
        <time>2026-06-05T10:08:43Z</time>
      </trkpt>
      <trkpt lat="41.40665881408149" lon="-81.91778034521560">
        <ele>237.9947532963</ele>
        <time>2026-06-05T10:08:48Z</time>
      </trkpt>
      <trkpt lat="41.40595280639702" lon="-81.91898336346351">
        <ele>238.8266266315</ele>
        <time>2026-06-05T10:08:54Z</time>
      </trkpt>
      <trkpt lat="41.40506652607627" lon="-81.92069966345365">
        <ele>239.5150095056</ele>
        <time>2026-06-05T10:09:01Z</time>
      </trkpt>
      <trkpt lat="41.40475046338620" lon="-81.92122575658679">
        <ele>239.5970213024</ele>
        <time>2026-06-05T10:09:04Z</time>
      </trkpt>
      <trkpt lat="41.40375827695102" lon="-81.92292289679457">
        <ele>239.8342017004</ele>
        <time>2026-06-05T10:09:11Z</time>
      </trkpt>
      <trkpt lat="41.40236080846586" lon="-81.92550324715066">
        <ele>240.4802455333</ele>
        <time>2026-06-05T10:09:21Z</time>
      </trkpt>
      <trkpt lat="41.40168906746688" lon="-81.92669165542080">
        <ele>240.7413254736</ele>
        <time>2026-06-05T10:09:26Z</time>
      </trkpt>
      <trkpt lat="41.40112392185439" lon="-81.92765620717616">
        <ele>240.8813273287</ele>
        <time>2026-06-05T10:09:30Z</time>
      </trkpt>
      <trkpt lat="41.40047852985437" lon="-81.92890670207596">
        <ele>241.4861056625</ele>
        <time>2026-06-05T10:09:34Z</time>
      </trkpt>
      <trkpt lat="41.39949748419875" lon="-81.93119062199386">
        <ele>241.3125202992</ele>
        <time>2026-06-05T10:09:46Z</time>
      </trkpt>
      <trkpt lat="41.39912921772532" lon="-81.93237791774835">
        <ele>241.5378056187</ele>
        <time>2026-06-05T10:09:51Z</time>
      </trkpt>
      <trkpt lat="41.39869781463851" lon="-81.93397479401277">
        <ele>242.0736788444</ele>
        <time>2026-06-05T10:09:56Z</time>
      </trkpt>
      <trkpt lat="41.39860389928452" lon="-81.93440806652463">
        <ele>242.1827444046</ele>
        <time>2026-06-05T10:09:57Z</time>
      </trkpt>
      <trkpt lat="41.39812974463364" lon="-81.93691722874381">
        <ele>240.5653252263</ele>
        <time>2026-06-05T10:10:07Z</time>
      </trkpt>
      <trkpt lat="41.39780569189530" lon="-81.93853052657892">
        <ele>239.7638202350</ele>
        <time>2026-06-05T10:10:14Z</time>
      </trkpt>
      <trkpt lat="41.39776110986965" lon="-81.93877076799936">
        <ele>239.5505432119</ele>
        <time>2026-06-05T10:10:15Z</time>
      </trkpt>
      <trkpt lat="41.39755033663292" lon="-81.93986036238017">
        <ele>238.9633446921</ele>
        <time>2026-06-05T10:10:18Z</time>
      </trkpt>
      <trkpt lat="41.39729078494515" lon="-81.94122987592114">
        <ele>238.0413619557</ele>
        <time>2026-06-05T10:10:24Z</time>
      </trkpt>
      <trkpt lat="41.39682506114706" lon="-81.94301442724657">
        <ele>239.1543774836</ele>
        <time>2026-06-05T10:10:29Z</time>
      </trkpt>
      <trkpt lat="41.39634421232022" lon="-81.94457767007181">
        <ele>238.8913054485</ele>
        <time>2026-06-05T10:10:36Z</time>
      </trkpt>
      <trkpt lat="41.39583593151314" lon="-81.94598972295860">
        <ele>239.9990687770</ele>
        <time>2026-06-05T10:10:41Z</time>
      </trkpt>
      <trkpt lat="41.39533689255325" lon="-81.94726515203180">
        <ele>240.1604062098</ele>
        <time>2026-06-05T10:10:48Z</time>
      </trkpt>
      <trkpt lat="41.39406966593176" lon="-81.95002165800958">
        <ele>239.0788967059</ele>
        <time>2026-06-05T10:11:00Z</time>
      </trkpt>
      <trkpt lat="41.39331883551386" lon="-81.95158735817320">
        <ele>238.7276479025</ele>
        <time>2026-06-05T10:11:05Z</time>
      </trkpt>
      <trkpt lat="41.39258129342892" lon="-81.95303340047433">
        <ele>237.7391550211</ele>
        <time>2026-06-05T10:11:11Z</time>
      </trkpt>
      <trkpt lat="41.39188858929690" lon="-81.95464221214674">
        <ele>237.8612398156</ele>
        <time>2026-06-05T10:11:21Z</time>
      </trkpt>
      <trkpt lat="41.39109648677250" lon="-81.95617771871808">
        <ele>237.1283152227</ele>
        <time>2026-06-05T10:11:26Z</time>
      </trkpt>
      <trkpt lat="41.39051288472762" lon="-81.95758915929027">
        <ele>236.7528857617</ele>
        <time>2026-06-05T10:11:31Z</time>
      </trkpt>
      <trkpt lat="41.39010192337518" lon="-81.95873710803674">
        <ele>237.0026558192</ele>
        <time>2026-06-05T10:11:35Z</time>
      </trkpt>
      <trkpt lat="41.38979212068740" lon="-81.95988149571288">
        <ele>237.2624868062</ele>
        <time>2026-06-05T10:11:40Z</time>
      </trkpt>
      <trkpt lat="41.38956164119344" lon="-81.96105162806663">
        <ele>237.1387131876</ele>
        <time>2026-06-05T10:11:44Z</time>
      </trkpt>
      <trkpt lat="41.38936614466385" lon="-81.96225302132616">
        <ele>237.9207768308</ele>
        <time>2026-06-05T10:11:48Z</time>
      </trkpt>
      <trkpt lat="41.38907136174211" lon="-81.96575532963517">
        <ele>237.2162223411</ele>
        <time>2026-06-05T10:11:58Z</time>
      </trkpt>
      <trkpt lat="41.38847669972628" lon="-81.97199490422787">
        <ele>239.4529640110</ele>
        <time>2026-06-05T10:12:17Z</time>
      </trkpt>
      <trkpt lat="41.38839429021900" lon="-81.97294110246114">
        <ele>239.8646108208</ele>
        <time>2026-06-05T10:12:19Z</time>
      </trkpt>
      <trkpt lat="41.38825077384283" lon="-81.97424719763433">
        <ele>239.4477586669</ele>
        <time>2026-06-05T10:12:24Z</time>
      </trkpt>
      <trkpt lat="41.38818309157200" lon="-81.97481499290893">
        <ele>239.2976603725</ele>
        <time>2026-06-05T10:12:26Z</time>
      </trkpt>
      <trkpt lat="41.38804077688896" lon="-81.97568262147580">
        <ele>238.9642928981</ele>
        <time>2026-06-05T10:12:29Z</time>
      </trkpt>
      <trkpt lat="41.38792415712214" lon="-81.97626342674127">
        <ele>238.5510557441</ele>
        <time>2026-06-05T10:12:31Z</time>
      </trkpt>
      <trkpt lat="41.38772256176542" lon="-81.97709600017859">
        <ele>238.3017657017</ele>
        <time>2026-06-05T10:12:35Z</time>
      </trkpt>
      <trkpt lat="41.38749374122240" lon="-81.97792225084781">
        <ele>237.8071878187</ele>
        <time>2026-06-05T10:12:38Z</time>
      </trkpt>
      <trkpt lat="41.38729019191667" lon="-81.97847191744927">
        <ele>237.3701196380</ele>
        <time>2026-06-05T10:12:40Z</time>
      </trkpt>
      <trkpt lat="41.38711532126446" lon="-81.97892205178226">
        <ele>236.4410016352</ele>
        <time>2026-06-05T10:12:41Z</time>
      </trkpt>
      <trkpt lat="41.38701496038348" lon="-81.97917305075298">
        <ele>235.9337065707</ele>
        <time>2026-06-05T10:12:43Z</time>
      </trkpt>
      <trkpt lat="41.38668687343093" lon="-81.97993095085870">
        <ele>236.0795117246</ele>
        <time>2026-06-05T10:12:46Z</time>
      </trkpt>
      <trkpt lat="41.38589845713195" lon="-81.98165701375818">
        <ele>235.0295538990</ele>
        <time>2026-06-05T10:12:56Z</time>
      </trkpt>
      <trkpt lat="41.38563163320964" lon="-81.98231922124894">
        <ele>234.9090058052</ele>
        <time>2026-06-05T10:12:58Z</time>
      </trkpt>
      <trkpt lat="41.38312845495208" lon="-81.98787911724770">
        <ele>235.8902574870</ele>
        <time>2026-06-05T10:13:15Z</time>
      </trkpt>
      <trkpt lat="41.38287986287789" lon="-81.98844744030734">
        <ele>235.4599230271</ele>
        <time>2026-06-05T10:13:18Z</time>
      </trkpt>
      <trkpt lat="41.38257613651864" lon="-81.98910579402757">
        <ele>235.6102838547</ele>
        <time>2026-06-05T10:13:20Z</time>
      </trkpt>
      <trkpt lat="41.38175506279734" lon="-81.99073876333145">
        <ele>235.0490006049</ele>
        <time>2026-06-05T10:13:27Z</time>
      </trkpt>
      <trkpt lat="41.38082995248310" lon="-81.99291701713082">
        <ele>234.3036638850</ele>
        <time>2026-06-05T10:13:34Z</time>
      </trkpt>
      <trkpt lat="41.38021058998542" lon="-81.99444805561323">
        <ele>231.2904889866</ele>
        <time>2026-06-05T10:13:41Z</time>
      </trkpt>
      <trkpt lat="41.38007644358489" lon="-81.99482583631982">
        <ele>230.5205960825</ele>
        <time>2026-06-05T10:13:42Z</time>
      </trkpt>
      <trkpt lat="41.37989312923622" lon="-81.99545243481269">
        <ele>229.7383052849</ele>
        <time>2026-06-05T10:13:45Z</time>
      </trkpt>
      <trkpt lat="41.37974250506207" lon="-81.99603305517826">
        <ele>228.5244396182</ele>
        <time>2026-06-05T10:13:47Z</time>
      </trkpt>
      <trkpt lat="41.37966831120813" lon="-81.99636892835035">
        <ele>228.7180049292</ele>
        <time>2026-06-05T10:13:49Z</time>
      </trkpt>
      <trkpt lat="41.37960478106298" lon="-81.99676566633424">
        <ele>227.9681787512</ele>
        <time>2026-06-05T10:13:50Z</time>
      </trkpt>
      <trkpt lat="41.37954401352950" lon="-81.99717872576625">
        <ele>227.6733959378</ele>
        <time>2026-06-05T10:13:51Z</time>
      </trkpt>
      <trkpt lat="41.37948259326071" lon="-81.99783715372951">
        <ele>227.3928584275</ele>
        <time>2026-06-05T10:13:53Z</time>
      </trkpt>
      <trkpt lat="41.37946717193601" lon="-81.99845091801841">
        <ele>227.4433849468</ele>
        <time>2026-06-05T10:13:55Z</time>
      </trkpt>
      <trkpt lat="41.37941636555957" lon="-82.00103993508503">
        <ele>227.4443422785</ele>
        <time>2026-06-05T10:14:04Z</time>
      </trkpt>
      <trkpt lat="41.37934694995529" lon="-82.00210137354676">
        <ele>227.9478425303</ele>
        <time>2026-06-05T10:14:07Z</time>
      </trkpt>
      <trkpt lat="41.37935905653476" lon="-82.00383269811881">
        <ele>226.5794014882</ele>
        <time>2026-06-05T10:14:12Z</time>
      </trkpt>
      <trkpt lat="41.37936864619218" lon="-82.00533639458052">
        <ele>227.2437846159</ele>
        <time>2026-06-05T10:14:16Z</time>
      </trkpt>
      <trkpt lat="41.37939759908705" lon="-82.00631577637424">
        <ele>226.8751442985</ele>
        <time>2026-06-05T10:14:19Z</time>
      </trkpt>
      <trkpt lat="41.37941548350325" lon="-82.00697779673150">
        <ele>228.4391654598</ele>
        <time>2026-06-05T10:14:21Z</time>
      </trkpt>
      <trkpt lat="41.37944587116387" lon="-82.00797311591548">
        <ele>227.1366010328</ele>
        <time>2026-06-05T10:14:24Z</time>
      </trkpt>
      <trkpt lat="41.37964822586616" lon="-82.01148096682053">
        <ele>226.9798387202</ele>
        <time>2026-06-05T10:14:38Z</time>
      </trkpt>
      <trkpt lat="41.38000460872052" lon="-82.01764025563234">
        <ele>223.9996184219</ele>
        <time>2026-06-05T10:15:05Z</time>
      </trkpt>
      <trkpt lat="41.38006617988010" lon="-82.01879000369095">
        <ele>225.4008879645</ele>
        <time>2026-06-05T10:15:09Z</time>
      </trkpt>
      <trkpt lat="41.38009898199218" lon="-82.02018654510286">
        <ele>223.9632053387</ele>
        <time>2026-06-05T10:15:14Z</time>
      </trkpt>
      <trkpt lat="41.38011966616656" lon="-82.02136075253752">
        <ele>224.0365632422</ele>
        <time>2026-06-05T10:15:18Z</time>
      </trkpt>
      <trkpt lat="41.38012614642207" lon="-82.02261596486358">
        <ele>223.9306229539</ele>
        <time>2026-06-05T10:15:22Z</time>
      </trkpt>
      <trkpt lat="41.38011897950852" lon="-82.02406201263685">
        <ele>223.4671003896</ele>
        <time>2026-06-05T10:15:27Z</time>
      </trkpt>
      <trkpt lat="41.38007631057786" lon="-82.02514997984400">
        <ele>223.7050972820</ele>
        <time>2026-06-05T10:15:32Z</time>
      </trkpt>
      <trkpt lat="41.38003337581453" lon="-82.02646622095958">
        <ele>224.1222611352</ele>
        <time>2026-06-05T10:15:36Z</time>
      </trkpt>
      <trkpt lat="41.37996903576065" lon="-82.02760895758337">
        <ele>223.4071756256</ele>
        <time>2026-06-05T10:15:40Z</time>
      </trkpt>
      <trkpt lat="41.37879852257175" lon="-82.04378544992672">
        <ele>221.8481183821</ele>
        <time>2026-06-05T10:16:30Z</time>
      </trkpt>
      <trkpt lat="41.37805861337329" lon="-82.05390185779277">
        <ele>222.3133561801</ele>
        <time>2026-06-05T10:16:58Z</time>
      </trkpt>
      <trkpt lat="41.37800416256351" lon="-82.05471636881562">
        <ele>221.7499176034</ele>
        <time>2026-06-05T10:17:00Z</time>
      </trkpt>
      <trkpt lat="41.37796716571736" lon="-82.05529744488906">
        <ele>221.9557432484</ele>
        <time>2026-06-05T10:17:02Z</time>
      </trkpt>
      <trkpt lat="41.37796408475854" lon="-82.05624093080837">
        <ele>221.9789379104</ele>
        <time>2026-06-05T10:17:06Z</time>
      </trkpt>
      <trkpt lat="41.37796220983580" lon="-82.05670059879508">
        <ele>222.0339918839</ele>
        <time>2026-06-05T10:17:07Z</time>
      </trkpt>
      <trkpt lat="41.37798393763732" lon="-82.05719052440293">
        <ele>221.9012018221</ele>
        <time>2026-06-05T10:17:09Z</time>
      </trkpt>
      <trkpt lat="41.37803516614133" lon="-82.05798570793634">
        <ele>221.4849817944</ele>
        <time>2026-06-05T10:17:12Z</time>
      </trkpt>
      <trkpt lat="41.37807903459370" lon="-82.05841763303715">
        <ele>221.1557171195</ele>
        <time>2026-06-05T10:17:13Z</time>
      </trkpt>
      <trkpt lat="41.37816371795725" lon="-82.05926038350133">
        <ele>221.4480969393</ele>
        <time>2026-06-05T10:17:16Z</time>
      </trkpt>
      <trkpt lat="41.37826652082327" lon="-82.05981674617385">
        <ele>221.5874134475</ele>
        <time>2026-06-05T10:17:18Z</time>
      </trkpt>
      <trkpt lat="41.37836213679511" lon="-82.06038915281654">
        <ele>221.7395942269</ele>
        <time>2026-06-05T10:17:20Z</time>
      </trkpt>
      <trkpt lat="41.37851093288126" lon="-82.06112742966465">
        <ele>221.9583166470</ele>
        <time>2026-06-05T10:17:22Z</time>
      </trkpt>
      <trkpt lat="41.37861477881329" lon="-82.06157726883090">
        <ele>221.8083087131</ele>
        <time>2026-06-05T10:17:24Z</time>
      </trkpt>
      <trkpt lat="41.37887028041669" lon="-82.06251223528287">
        <ele>222.0026345903</ele>
        <time>2026-06-05T10:17:28Z</time>
      </trkpt>
      <trkpt lat="41.37909945611415" lon="-82.06325278105356">
        <ele>222.5306288551</ele>
        <time>2026-06-05T10:17:30Z</time>
      </trkpt>
      <trkpt lat="41.37946396583160" lon="-82.06427881887421">
        <ele>223.6789132131</ele>
        <time>2026-06-05T10:17:34Z</time>
      </trkpt>
      <trkpt lat="41.37969266650484" lon="-82.06480502602579">
        <ele>224.5072307193</ele>
        <time>2026-06-05T10:17:35Z</time>
      </trkpt>
      <trkpt lat="41.37995969575060" lon="-82.06540576319699">
        <ele>225.8211650460</ele>
        <time>2026-06-05T10:17:38Z</time>
      </trkpt>
      <trkpt lat="41.38042092409793" lon="-82.06635680278754">
        <ele>225.0882272429</ele>
        <time>2026-06-05T10:17:42Z</time>
      </trkpt>
      <trkpt lat="41.38076595977616" lon="-82.06696623317895">
        <ele>226.8155507527</ele>
        <time>2026-06-05T10:17:45Z</time>
      </trkpt>
      <trkpt lat="41.38119929531497" lon="-82.06767043438911">
        <ele>227.9991858662</ele>
        <time>2026-06-05T10:17:48Z</time>
      </trkpt>
      <trkpt lat="41.38169110644063" lon="-82.06838439556570">
        <ele>227.3966804830</ele>
        <time>2026-06-05T10:17:51Z</time>
      </trkpt>
      <trkpt lat="41.38211832245324" lon="-82.06896513908606">
        <ele>226.1693550688</ele>
        <time>2026-06-05T10:17:55Z</time>
      </trkpt>
      <trkpt lat="41.38276534990469" lon="-82.06972932979330">
        <ele>225.3599626891</ele>
        <time>2026-06-05T10:18:00Z</time>
      </trkpt>
      <trkpt lat="41.38416491966100" lon="-82.07138243762600">
        <ele>224.7825687984</ele>
        <time>2026-06-05T10:18:08Z</time>
      </trkpt>
      <trkpt lat="41.38449938307810" lon="-82.07180728726571">
        <ele>224.5803997404</ele>
        <time>2026-06-05T10:18:10Z</time>
      </trkpt>
      <trkpt lat="41.38476125204772" lon="-82.07217806672118">
        <ele>224.0969900789</ele>
        <time>2026-06-05T10:18:12Z</time>
      </trkpt>
      <trkpt lat="41.38509822926792" lon="-82.07271528955714">
        <ele>223.7948451427</ele>
        <time>2026-06-05T10:18:14Z</time>
      </trkpt>
      <trkpt lat="41.38522547529924" lon="-82.07295859966788">
        <ele>224.0143382358</ele>
        <time>2026-06-05T10:18:15Z</time>
      </trkpt>
      <trkpt lat="41.38541952343211" lon="-82.07329269819306">
        <ele>223.6800915506</ele>
        <time>2026-06-05T10:18:16Z</time>
      </trkpt>
      <trkpt lat="41.38563215762280" lon="-82.07372304865883">
        <ele>223.3959485371</ele>
        <time>2026-06-05T10:18:18Z</time>
      </trkpt>
      <trkpt lat="41.38582834098685" lon="-82.07418105571003">
        <ele>223.3481103520</ele>
        <time>2026-06-05T10:18:19Z</time>
      </trkpt>
      <trkpt lat="41.38597884877470" lon="-82.07459766160089">
        <ele>223.0180458980</ele>
        <time>2026-06-05T10:18:21Z</time>
      </trkpt>
      <trkpt lat="41.38612906329951" lon="-82.07500401166780">
        <ele>222.8972043009</ele>
        <time>2026-06-05T10:18:23Z</time>
      </trkpt>
      <trkpt lat="41.38624750964171" lon="-82.07540394012177">
        <ele>222.7200945175</ele>
        <time>2026-06-05T10:18:24Z</time>
      </trkpt>
      <trkpt lat="41.38644900903399" lon="-82.07609767809585">
        <ele>222.4766965164</ele>
        <time>2026-06-05T10:18:26Z</time>
      </trkpt>
      <trkpt lat="41.38650081822716" lon="-82.07637904106213">
        <ele>222.4366715375</ele>
        <time>2026-06-05T10:18:28Z</time>
      </trkpt>
      <trkpt lat="41.38665158109689" lon="-82.07724167974135">
        <ele>221.9635146168</ele>
        <time>2026-06-05T10:18:31Z</time>
      </trkpt>
      <trkpt lat="41.38671329037393" lon="-82.07774963999481">
        <ele>221.1263485760</ele>
        <time>2026-06-05T10:18:32Z</time>
      </trkpt>
      <trkpt lat="41.38675468284119" lon="-82.07811276737509">
        <ele>220.9352098536</ele>
        <time>2026-06-05T10:18:33Z</time>
      </trkpt>
      <trkpt lat="41.38678291957697" lon="-82.07868621097569">
        <ele>220.6551971289</ele>
        <time>2026-06-05T10:18:36Z</time>
      </trkpt>
      <trkpt lat="41.38679079445283" lon="-82.07920932219726">
        <ele>220.3173412141</ele>
        <time>2026-06-05T10:18:38Z</time>
      </trkpt>
      <trkpt lat="41.38678624732378" lon="-82.07950939248673">
        <ele>220.0593519123</ele>
        <time>2026-06-05T10:18:39Z</time>
      </trkpt>
      <trkpt lat="41.38676303493013" lon="-82.08009030899034">
        <ele>219.7522596645</ele>
        <time>2026-06-05T10:18:41Z</time>
      </trkpt>
      <trkpt lat="41.38669669806464" lon="-82.08078862266592">
        <ele>219.1285786591</ele>
        <time>2026-06-05T10:18:44Z</time>
      </trkpt>
      <trkpt lat="41.38663338242299" lon="-82.08135621211363">
        <ele>218.9898485017</ele>
        <time>2026-06-05T10:18:45Z</time>
      </trkpt>
      <trkpt lat="41.38648163825108" lon="-82.08220747621041">
        <ele>218.1900807895</ele>
        <time>2026-06-05T10:18:48Z</time>
      </trkpt>
      <trkpt lat="41.38448253485507" lon="-82.09242540698209">
        <ele>211.9971988620</ele>
        <time>2026-06-05T10:19:28Z</time>
      </trkpt>
      <trkpt lat="41.38438545091528" lon="-82.09296862192862">
        <ele>211.6998462946</ele>
        <time>2026-06-05T10:19:30Z</time>
      </trkpt>
      <trkpt lat="41.38425923195614" lon="-82.09374949864872">
        <ele>211.3177206765</ele>
        <time>2026-06-05T10:19:33Z</time>
      </trkpt>
      <trkpt lat="41.38418271791669" lon="-82.09447081456442">
        <ele>210.8469648091</ele>
        <time>2026-06-05T10:19:35Z</time>
      </trkpt>
      <trkpt lat="41.38410564739883" lon="-82.09515468041236">
        <ele>210.3295614201</ele>
        <time>2026-06-05T10:19:38Z</time>
      </trkpt>
      <trkpt lat="41.38405279179133" lon="-82.09593239092445">
        <ele>209.9717449901</ele>
        <time>2026-06-05T10:19:41Z</time>
      </trkpt>
      <trkpt lat="41.38404994046324" lon="-82.09639489526963">
        <ele>209.6153348803</ele>
        <time>2026-06-05T10:19:42Z</time>
      </trkpt>
      <trkpt lat="41.38401666624742" lon="-82.09755260712447">
        <ele>208.9002458385</ele>
        <time>2026-06-05T10:19:45Z</time>
      </trkpt>
      <trkpt lat="41.38404467839658" lon="-82.09823284350483">
        <ele>208.7240762280</ele>
        <time>2026-06-05T10:19:48Z</time>
      </trkpt>
      <trkpt lat="41.38407143013342" lon="-82.09916252915649">
        <ele>207.8092891467</ele>
        <time>2026-06-05T10:19:52Z</time>
      </trkpt>
      <trkpt lat="41.38412391335782" lon="-82.09974894147399">
        <ele>207.5283205311</ele>
        <time>2026-06-05T10:19:54Z</time>
      </trkpt>
      <trkpt lat="41.38418702499487" lon="-82.10041115391860">
        <ele>207.3071092660</ele>
        <time>2026-06-05T10:19:56Z</time>
      </trkpt>
      <trkpt lat="41.38426937219911" lon="-82.10112110930193">
        <ele>206.9497223830</ele>
        <time>2026-06-05T10:19:59Z</time>
      </trkpt>
      <trkpt lat="41.38431921525629" lon="-82.10143238368251">
        <ele>206.3838609942</ele>
        <time>2026-06-05T10:20:00Z</time>
      </trkpt>
      <trkpt lat="41.38452923630305" lon="-82.10269437358754">
        <ele>205.5739591030</ele>
        <time>2026-06-05T10:20:07Z</time>
      </trkpt>
      <trkpt lat="41.38462464743651" lon="-82.10324529235956">
        <ele>206.1704115910</ele>
        <time>2026-06-05T10:20:09Z</time>
      </trkpt>
      <trkpt lat="41.38481869877642" lon="-82.10404362811943">
        <ele>206.8402535227</ele>
        <time>2026-06-05T10:20:12Z</time>
      </trkpt>
      <trkpt lat="41.38516322339369" lon="-82.10520574395386">
        <ele>207.1886076148</ele>
        <time>2026-06-05T10:20:16Z</time>
      </trkpt>
      <trkpt lat="41.38530874723092" lon="-82.10566987237775">
        <ele>207.3897979919</ele>
        <time>2026-06-05T10:20:18Z</time>
      </trkpt>
      <trkpt lat="41.38574176510499" lon="-82.10672302721389">
        <ele>207.6905239179</ele>
        <time>2026-06-05T10:20:22Z</time>
      </trkpt>
      <trkpt lat="41.38591140901662" lon="-82.10712799287715">
        <ele>208.0596063005</ele>
        <time>2026-06-05T10:20:24Z</time>
      </trkpt>
      <trkpt lat="41.38637909937724" lon="-82.10811205372812">
        <ele>208.4860576350</ele>
        <time>2026-06-05T10:20:28Z</time>
      </trkpt>
      <trkpt lat="41.38692848012238" lon="-82.10925625160361">
        <ele>211.5500437390</ele>
        <time>2026-06-05T10:20:33Z</time>
      </trkpt>
      <trkpt lat="41.38704292326950" lon="-82.10945302214682">
        <ele>213.1037513157</ele>
        <time>2026-06-05T10:20:34Z</time>
      </trkpt>
      <trkpt lat="41.38713834992519" lon="-82.10957274971966">
        <ele>213.4177892696</ele>
        <time>2026-06-05T10:20:35Z</time>
      </trkpt>
      <trkpt lat="41.38724558009379" lon="-82.10969592814540">
        <ele>213.8922260434</ele>
        <time>2026-06-05T10:20:36Z</time>
      </trkpt>
      <trkpt lat="41.38735371732197" lon="-82.10978225223737">
        <ele>214.6058221099</ele>
        <time>2026-06-05T10:20:37Z</time>
      </trkpt>
      <trkpt lat="41.38746481669052" lon="-82.10986005269565">
        <ele>214.5525044234</ele>
        <time>2026-06-05T10:20:38Z</time>
      </trkpt>
      <trkpt lat="41.38757261558511" lon="-82.10991747657266">
        <ele>215.0856526788</ele>
        <time>2026-06-05T10:20:39Z</time>
      </trkpt>
      <trkpt lat="41.38782893156605" lon="-82.11004541617916">
        <ele>215.6169307041</ele>
        <time>2026-06-05T10:20:40Z</time>
      </trkpt>
      <trkpt lat="41.38838583609427" lon="-82.11030920686287">
        <ele>213.7322456082</ele>
        <time>2026-06-05T10:20:43Z</time>
      </trkpt>
      <trkpt lat="41.38848093617526" lon="-82.11034693708388">
        <ele>214.2329400953</ele>
        <time>2026-06-05T10:20:44Z</time>
      </trkpt>
      <trkpt lat="41.38859867947883" lon="-82.11041236223332">
        <ele>214.3642154483</ele>
        <time>2026-06-05T10:20:45Z</time>
      </trkpt>
      <trkpt lat="41.38870415082729" lon="-82.11051402211648">
        <ele>213.9963330554</ele>
        <time>2026-06-05T10:20:46Z</time>
      </trkpt>
      <trkpt lat="41.38886892677717" lon="-82.11076259347955">
        <ele>213.6928921190</ele>
        <time>2026-06-05T10:20:47Z</time>
      </trkpt>
      <trkpt lat="41.38898891114457" lon="-82.11099193556122">
        <ele>213.8864358755</ele>
        <time>2026-06-05T10:20:48Z</time>
      </trkpt>
      <trkpt lat="41.38928901687719" lon="-82.11149829184583">
        <ele>214.0186805615</ele>
        <time>2026-06-05T10:20:50Z</time>
      </trkpt>
      <trkpt lat="41.38946508570307" lon="-82.11180764326396">
        <ele>213.7847253601</ele>
        <time>2026-06-05T10:20:51Z</time>
      </trkpt>
      <trkpt lat="41.38966926915383" lon="-82.11215267838720">
        <ele>214.1555715703</ele>
        <time>2026-06-05T10:20:53Z</time>
      </trkpt>
      <trkpt lat="41.39052485979234" lon="-82.11376039141585">
        <ele>215.9554742697</ele>
        <time>2026-06-05T10:20:59Z</time>
      </trkpt>
      <trkpt lat="41.39089730681883" lon="-82.11445919695799">
        <ele>215.6934874274</ele>
        <time>2026-06-05T10:21:02Z</time>
      </trkpt>
      <trkpt lat="41.39223959729456" lon="-82.11602593187418">
        <ele>214.4092845541</ele>
        <time>2026-06-05T10:21:09Z</time>
      </trkpt>
      <trkpt lat="41.39243483625989" lon="-82.11620546015162">
        <ele>214.9399421720</ele>
        <time>2026-06-05T10:21:10Z</time>
      </trkpt>
      <trkpt lat="41.39261106680222" lon="-82.11630364201244">
        <ele>214.7674638302</ele>
        <time>2026-06-05T10:21:11Z</time>
      </trkpt>
      <trkpt lat="41.39278488644650" lon="-82.11637548649639">
        <ele>214.2590320046</ele>
        <time>2026-06-05T10:21:12Z</time>
      </trkpt>
      <trkpt lat="41.39363505332931" lon="-82.11647203862913">
        <ele>214.0882039812</ele>
        <time>2026-06-05T10:21:16Z</time>
      </trkpt>
      <trkpt lat="41.39685705941785" lon="-82.11637690939330">
        <ele>213.0838769895</ele>
        <time>2026-06-05T10:21:32Z</time>
      </trkpt>
      <trkpt lat="41.39808827329669" lon="-82.11634406007929">
        <ele>212.9818288454</ele>
        <time>2026-06-05T10:21:38Z</time>
      </trkpt>
      <trkpt lat="41.39975136166083" lon="-82.11637648399116">
        <ele>211.7244698460</ele>
        <time>2026-06-05T10:21:44Z</time>
      </trkpt>
      <trkpt lat="41.40044916072636" lon="-82.11641126265096">
        <ele>212.0536077663</ele>
        <time>2026-06-05T10:21:47Z</time>
      </trkpt>
      <trkpt lat="41.40207126996137" lon="-82.11656123104810">
        <ele>211.9472195786</ele>
        <time>2026-06-05T10:21:53Z</time>
      </trkpt>
      <trkpt lat="41.40375910932266" lon="-82.11678533387759">
        <ele>210.9439269877</ele>
        <time>2026-06-05T10:21:59Z</time>
      </trkpt>
      <trkpt lat="41.40634838438267" lon="-82.11720501194212">
        <ele>209.7522231860</ele>
        <time>2026-06-05T10:22:10Z</time>
      </trkpt>
      <trkpt lat="41.40631495777489" lon="-82.11743652841747">
        <ele>210.0911582383</ele>
        <time>2026-06-05T10:22:11Z</time>
      </trkpt>
      <trkpt lat="41.40621869471121" lon="-82.11841400645335">
        <ele>210.9254728319</ele>
        <time>2026-06-05T10:22:15Z</time>
      </trkpt>
      <trkpt lat="41.40617231304646" lon="-82.11881434018757">
        <ele>210.8040441473</ele>
        <time>2026-06-05T10:22:16Z</time>
      </trkpt>
      <trkpt lat="41.40615659768135" lon="-82.11893979104724">
        <ele>210.7458677720</ele>
        <time>2026-06-05T10:22:17Z</time>
      </trkpt>
      <trkpt lat="41.40609786025406" lon="-82.11914849562933">
        <ele>210.9112310288</ele>
        <time>2026-06-05T10:22:18Z</time>
      </trkpt>
      <trkpt lat="41.40599234254304" lon="-82.11938868212626">
        <ele>210.8498196929</ele>
        <time>2026-06-05T10:22:19Z</time>
      </trkpt>
      <trkpt lat="41.40591974396630" lon="-82.11950907436260">
        <ele>210.7632523313</ele>
        <time>2026-06-05T10:22:20Z</time>
      </trkpt>
      <trkpt lat="41.40577179233291" lon="-82.11968548823086">
        <ele>211.2926272994</ele>
        <time>2026-06-05T10:22:21Z</time>
      </trkpt>
      <trkpt lat="41.40545552585814" lon="-82.12000881919234">
        <ele>211.8108344344</ele>
        <time>2026-06-05T10:22:22Z</time>
      </trkpt>
      <trkpt lat="41.40517119356658" lon="-82.12032947227726">
        <ele>212.2494143635</ele>
        <time>2026-06-05T10:22:24Z</time>
      </trkpt>
      <trkpt lat="41.40507643967979" lon="-82.12048618173293">
        <ele>212.5448263719</ele>
        <time>2026-06-05T10:22:25Z</time>
      </trkpt>
      <trkpt lat="41.40487653580515" lon="-82.12082844313483">
        <ele>212.2311451143</ele>
        <time>2026-06-05T10:22:26Z</time>
      </trkpt>
      <trkpt lat="41.40481402915362" lon="-82.12099977825864">
        <ele>212.5881072913</ele>
        <time>2026-06-05T10:22:27Z</time>
      </trkpt>
      <trkpt lat="41.40474592564737" lon="-82.12119403149613">
        <ele>212.2293590106</ele>
        <time>2026-06-05T10:22:28Z</time>
      </trkpt>
      <trkpt lat="41.40466509294873" lon="-82.12154518692380">
        <ele>213.0208850528</ele>
        <time>2026-06-05T10:22:30Z</time>
      </trkpt>
      <trkpt lat="41.40462436530100" lon="-82.12186322768021">
        <ele>212.5950240664</ele>
        <time>2026-06-05T10:22:31Z</time>
      </trkpt>
      <trkpt lat="41.40447136846170" lon="-82.12391926040458">
        <ele>213.9054870669</ele>
        <time>2026-06-05T10:22:38Z</time>
      </trkpt>
      <trkpt lat="41.40427790095737" lon="-82.12577086631785">
        <ele>218.7923850795</ele>
        <time>2026-06-05T10:22:44Z</time>
      </trkpt>
      <trkpt lat="41.40411596266485" lon="-82.12844083725169">
        <ele>224.0232006742</ele>
        <time>2026-06-05T10:22:52Z</time>
      </trkpt>
      <trkpt lat="41.40404774354827" lon="-82.12946072977772">
        <ele>224.2584123555</ele>
        <time>2026-06-05T10:22:56Z</time>
      </trkpt>
      <trkpt lat="41.40401958064246" lon="-82.13001095078744">
        <ele>224.3667341883</ele>
        <time>2026-06-05T10:22:58Z</time>
      </trkpt>
      <trkpt lat="41.40392636901635" lon="-82.13167164598283">
        <ele>226.8691562208</ele>
        <time>2026-06-05T10:23:03Z</time>
      </trkpt>
      <trkpt lat="41.40388442018756" lon="-82.13224380182687">
        <ele>227.4595017238</ele>
        <time>2026-06-05T10:23:05Z</time>
      </trkpt>
      <trkpt lat="41.40383384641977" lon="-82.13310261519368">
        <ele>226.9848029880</ele>
        <time>2026-06-05T10:23:10Z</time>
      </trkpt>
      <trkpt lat="41.40363231134855" lon="-82.13650330415376">
        <ele>223.9917255696</ele>
        <time>2026-06-05T10:23:20Z</time>
      </trkpt>
      <trkpt lat="41.40361955047399" lon="-82.13696288465216">
        <ele>223.7065678509</ele>
        <time>2026-06-05T10:23:22Z</time>
      </trkpt>
      <trkpt lat="41.40361513166275" lon="-82.13731941262942">
        <ele>223.6246235588</ele>
        <time>2026-06-05T10:23:23Z</time>
      </trkpt>
      <trkpt lat="41.40363361307196" lon="-82.13855110602552">
        <ele>224.0286021530</ele>
        <time>2026-06-05T10:23:27Z</time>
      </trkpt>
      <trkpt lat="41.40364401225222" lon="-82.13874731305773">
        <ele>224.1540984073</ele>
        <time>2026-06-05T10:23:28Z</time>
      </trkpt>
      <trkpt lat="41.40368420436987" lon="-82.13944733498414">
        <ele>224.6371400352</ele>
        <time>2026-06-05T10:23:31Z</time>
      </trkpt>
      <trkpt lat="41.40373626052668" lon="-82.14019760729713">
        <ele>224.9865473915</ele>
        <time>2026-06-05T10:23:34Z</time>
      </trkpt>
      <trkpt lat="41.40381547506483" lon="-82.14084471342814">
        <ele>224.5564263668</ele>
        <time>2026-06-05T10:23:35Z</time>
      </trkpt>
      <trkpt lat="41.40388406851624" lon="-82.14138951615605">
        <ele>225.0824592158</ele>
        <time>2026-06-05T10:23:37Z</time>
      </trkpt>
      <trkpt lat="41.40395284078448" lon="-82.14189978611340">
        <ele>225.4205584987</ele>
        <time>2026-06-05T10:23:39Z</time>
      </trkpt>
      <trkpt lat="41.40405460515701" lon="-82.14248352957257">
        <ele>226.0265673179</ele>
        <time>2026-06-05T10:23:41Z</time>
      </trkpt>
      <trkpt lat="41.40419483814604" lon="-82.14319242683106">
        <ele>225.7500843012</ele>
        <time>2026-06-05T10:23:44Z</time>
      </trkpt>
      <trkpt lat="41.40432654625466" lon="-82.14379090178065">
        <ele>226.0974436364</ele>
        <time>2026-06-05T10:23:45Z</time>
      </trkpt>
      <trkpt lat="41.40452001809437" lon="-82.14457259478034">
        <ele>226.5100354505</ele>
        <time>2026-06-05T10:23:48Z</time>
      </trkpt>
      <trkpt lat="41.40472914138077" lon="-82.14528662404730">
        <ele>226.7077139390</ele>
        <time>2026-06-05T10:23:50Z</time>
      </trkpt>
      <trkpt lat="41.40490259649619" lon="-82.14586588819151">
        <ele>226.8360583226</ele>
        <time>2026-06-05T10:23:52Z</time>
      </trkpt>
      <trkpt lat="41.40506939439095" lon="-82.14634889488337">
        <ele>227.1092158882</ele>
        <time>2026-06-05T10:23:54Z</time>
      </trkpt>
      <trkpt lat="41.40526139072489" lon="-82.14691366051646">
        <ele>228.1232829995</ele>
        <time>2026-06-05T10:23:56Z</time>
      </trkpt>
      <trkpt lat="41.40549418835610" lon="-82.14747743169350">
        <ele>228.8112999479</ele>
        <time>2026-06-05T10:23:58Z</time>
      </trkpt>
      <trkpt lat="41.40570662547440" lon="-82.14799249379547">
        <ele>230.1338798428</ele>
        <time>2026-06-05T10:24:01Z</time>
      </trkpt>
      <trkpt lat="41.40583966318813" lon="-82.14828660953638">
        <ele>230.7361832212</ele>
        <time>2026-06-05T10:24:02Z</time>
      </trkpt>
      <trkpt lat="41.40598343230486" lon="-82.14856541378158">
        <ele>228.2288387483</ele>
        <time>2026-06-05T10:24:03Z</time>
      </trkpt>
      <trkpt lat="41.40612905378736" lon="-82.14887979856276">
        <ele>227.0845766831</ele>
        <time>2026-06-05T10:24:04Z</time>
      </trkpt>
      <trkpt lat="41.40773828007922" lon="-82.15204393239287">
        <ele>235.1719228971</ele>
        <time>2026-06-05T10:24:16Z</time>
      </trkpt>
      <trkpt lat="41.40790970045313" lon="-82.15240007160941">
        <ele>234.4665730141</ele>
        <time>2026-06-05T10:24:17Z</time>
      </trkpt>
      <trkpt lat="41.40921699844148" lon="-82.15495698186299">
        <ele>231.0686037389</ele>
        <time>2026-06-05T10:24:29Z</time>
      </trkpt>
      <trkpt lat="41.40963413134615" lon="-82.15584636666324">
        <ele>229.5350234491</ele>
        <time>2026-06-05T10:24:32Z</time>
      </trkpt>
      <trkpt lat="41.40982151572002" lon="-82.15630439121767">
        <ele>228.9625966752</ele>
        <time>2026-06-05T10:24:34Z</time>
      </trkpt>
      <trkpt lat="41.41008466086515" lon="-82.15700665166466">
        <ele>228.1055072487</ele>
        <time>2026-06-05T10:24:36Z</time>
      </trkpt>
      <trkpt lat="41.41039975471439" lon="-82.15798300602827">
        <ele>226.8490761044</ele>
        <time>2026-06-05T10:24:39Z</time>
      </trkpt>
      <trkpt lat="41.41057879234737" lon="-82.15857555344759">
        <ele>226.0431137486</ele>
        <time>2026-06-05T10:24:42Z</time>
      </trkpt>
      <trkpt lat="41.41070213764503" lon="-82.15909736319087">
        <ele>225.2693962252</ele>
        <time>2026-06-05T10:24:43Z</time>
      </trkpt>
      <trkpt lat="41.41092082708514" lon="-82.16010085238268">
        <ele>224.1426242094</ele>
        <time>2026-06-05T10:24:46Z</time>
      </trkpt>
      <trkpt lat="41.41098037739778" lon="-82.16043164891468">
        <ele>223.4888388168</ele>
        <time>2026-06-05T10:24:47Z</time>
      </trkpt>
      <trkpt lat="41.41114536180262" lon="-82.16160678337408">
        <ele>222.9599640054</ele>
        <time>2026-06-05T10:24:52Z</time>
      </trkpt>
      <trkpt lat="41.41122085820206" lon="-82.16239861327172">
        <ele>222.1823807293</ele>
        <time>2026-06-05T10:24:54Z</time>
      </trkpt>
      <trkpt lat="41.41125297383597" lon="-82.16329530344007">
        <ele>221.9943366344</ele>
        <time>2026-06-05T10:24:58Z</time>
      </trkpt>
      <trkpt lat="41.41127550534382" lon="-82.16414314652955">
        <ele>220.9958100788</ele>
        <time>2026-06-05T10:25:01Z</time>
      </trkpt>
      <trkpt lat="41.41135743339102" lon="-82.16979334371148">
        <ele>218.8433347315</ele>
        <time>2026-06-05T10:25:18Z</time>
      </trkpt>
      <trkpt lat="41.41135716726463" lon="-82.17117831340128">
        <ele>217.9214229363</ele>
        <time>2026-06-05T10:25:24Z</time>
      </trkpt>
      <trkpt lat="41.41134057824873" lon="-82.17224390167478">
        <ele>217.0440552929</ele>
        <time>2026-06-05T10:25:29Z</time>
      </trkpt>
      <trkpt lat="41.41118846099516" lon="-82.17773369965822">
        <ele>215.1839742003</ele>
        <time>2026-06-05T10:25:48Z</time>
      </trkpt>
      <trkpt lat="41.41119386175797" lon="-82.18058815484842">
        <ele>214.0412819804</ele>
        <time>2026-06-05T10:25:57Z</time>
      </trkpt>
      <trkpt lat="41.41118106147919" lon="-82.18440663105538">
        <ele>213.0596808742</ele>
        <time>2026-06-05T10:26:10Z</time>
      </trkpt>
      <trkpt lat="41.41118702092592" lon="-82.18583479646041">
        <ele>210.9854950489</ele>
        <time>2026-06-05T10:26:14Z</time>
      </trkpt>
      <trkpt lat="41.41120001176739" lon="-82.18703160539752">
        <ele>209.9880717930</ele>
        <time>2026-06-05T10:26:18Z</time>
      </trkpt>
      <trkpt lat="41.41126886619581" lon="-82.18833670436941">
        <ele>208.0931920063</ele>
        <time>2026-06-05T10:26:23Z</time>
      </trkpt>
      <trkpt lat="41.41135773404725" lon="-82.18899648349461">
        <ele>207.0616964932</ele>
        <time>2026-06-05T10:26:25Z</time>
      </trkpt>
      <trkpt lat="41.41144623728274" lon="-82.18963223833175">
        <ele>206.1822753190</ele>
        <time>2026-06-05T10:26:27Z</time>
      </trkpt>
      <trkpt lat="41.41155595261102" lon="-82.19026014437721">
        <ele>205.7684205760</ele>
        <time>2026-06-05T10:26:29Z</time>
      </trkpt>
      <trkpt lat="41.41174071813109" lon="-82.19105362203722">
        <ele>205.1031845041</ele>
        <time>2026-06-05T10:26:32Z</time>
      </trkpt>
      <trkpt lat="41.41191910985209" lon="-82.19170728282344">
        <ele>204.0214431586</ele>
        <time>2026-06-05T10:26:36Z</time>
      </trkpt>
      <trkpt lat="41.41221679678441" lon="-82.19267349553613">
        <ele>202.8468317133</ele>
        <time>2026-06-05T10:26:39Z</time>
      </trkpt>
      <trkpt lat="41.41251928771985" lon="-82.19366931831867">
        <ele>201.7343477673</ele>
        <time>2026-06-05T10:26:43Z</time>
      </trkpt>
      <trkpt lat="41.41333070258575" lon="-82.19632267243438">
        <ele>198.9566338884</ele>
        <time>2026-06-05T10:26:52Z</time>
      </trkpt>
      <trkpt lat="41.41365220182395" lon="-82.19750777830527">
        <ele>198.5180367916</ele>
        <time>2026-06-05T10:26:56Z</time>
      </trkpt>
      <trkpt lat="41.41388423897183" lon="-82.19849032440567">
        <ele>197.8495840439</ele>
        <time>2026-06-05T10:26:59Z</time>
      </trkpt>
      <trkpt lat="41.41404608656862" lon="-82.19934360358245">
        <ele>197.0997654241</ele>
        <time>2026-06-05T10:27:02Z</time>
      </trkpt>
      <trkpt lat="41.41424295814564" lon="-82.20063503378827">
        <ele>196.2161612279</ele>
        <time>2026-06-05T10:27:07Z</time>
      </trkpt>
      <trkpt lat="41.41437430338699" lon="-82.20178601147552">
        <ele>195.9434899450</ele>
        <time>2026-06-05T10:27:11Z</time>
      </trkpt>
      <trkpt lat="41.41444576108026" lon="-82.20297840143284">
        <ele>195.1182479268</ele>
        <time>2026-06-05T10:27:15Z</time>
      </trkpt>
      <trkpt lat="41.41446919916937" lon="-82.20340803398467">
        <ele>194.6509933060</ele>
        <time>2026-06-05T10:27:17Z</time>
      </trkpt>
      <trkpt lat="41.41447282708893" lon="-82.20389254773376">
        <ele>195.0581558744</ele>
        <time>2026-06-05T10:27:19Z</time>
      </trkpt>
      <trkpt lat="41.41446679618854" lon="-82.20480348628517">
        <ele>195.9755456292</ele>
        <time>2026-06-05T10:27:22Z</time>
      </trkpt>
      <trkpt lat="41.41441915802636" lon="-82.20577463144083">
        <ele>196.7459990698</ele>
        <time>2026-06-05T10:27:26Z</time>
      </trkpt>
      <trkpt lat="41.41437120943962" lon="-82.20652572263265">
        <ele>197.4639461815</ele>
        <time>2026-06-05T10:27:28Z</time>
      </trkpt>
      <trkpt lat="41.41417524324671" lon="-82.20875455592780">
        <ele>199.6784481499</ele>
        <time>2026-06-05T10:27:35Z</time>
      </trkpt>
      <trkpt lat="41.41412802912475" lon="-82.20938762822830">
        <ele>199.6471245113</ele>
        <time>2026-06-05T10:27:37Z</time>
      </trkpt>
      <trkpt lat="41.41366890385905" lon="-82.21463728307225">
        <ele>193.0412860797</ele>
        <time>2026-06-05T10:27:53Z</time>
      </trkpt>
      <trkpt lat="41.41349302763806" lon="-82.21663548135015">
        <ele>191.0241480301</ele>
        <time>2026-06-05T10:28:00Z</time>
      </trkpt>
      <trkpt lat="41.41335553217096" lon="-82.21781194376980">
        <ele>190.8481947108</ele>
        <time>2026-06-05T10:28:04Z</time>
      </trkpt>
      <trkpt lat="41.41319567954518" lon="-82.21889654467235">
        <ele>190.9844119517</ele>
        <time>2026-06-05T10:28:08Z</time>
      </trkpt>
      <trkpt lat="41.41303273065868" lon="-82.21993120068240">
        <ele>190.6326107292</ele>
        <time>2026-06-05T10:28:12Z</time>
      </trkpt>
      <trkpt lat="41.41282728221239" lon="-82.22106222466768">
        <ele>190.0075385672</ele>
        <time>2026-06-05T10:28:16Z</time>
      </trkpt>
      <trkpt lat="41.41189232461828" lon="-82.22659279254799">
        <ele>188.8059168312</ele>
        <time>2026-06-05T10:28:33Z</time>
      </trkpt>
      <trkpt lat="41.41178765664790" lon="-82.22715577994094">
        <ele>187.6239481290</ele>
        <time>2026-06-05T10:28:35Z</time>
      </trkpt>
      <trkpt lat="41.41169602949414" lon="-82.22770781373208">
        <ele>187.7242638551</ele>
        <time>2026-06-05T10:28:37Z</time>
      </trkpt>
      <trkpt lat="41.41109294580890" lon="-82.23123650622023">
        <ele>191.0083849072</ele>
        <time>2026-06-05T10:28:51Z</time>
      </trkpt>
      <trkpt lat="41.41099920166519" lon="-82.23188250023766">
        <ele>192.0926144995</ele>
        <time>2026-06-05T10:28:54Z</time>
      </trkpt>
      <trkpt lat="41.41093885415482" lon="-82.23265455581334">
        <ele>191.9291009160</ele>
        <time>2026-06-05T10:28:56Z</time>
      </trkpt>
      <trkpt lat="41.41089193103875" lon="-82.23344218465138">
        <ele>193.1981646248</ele>
        <time>2026-06-05T10:28:58Z</time>
      </trkpt>
      <trkpt lat="41.41087167526219" lon="-82.23379613211530">
        <ele>192.7730313345</ele>
        <time>2026-06-05T10:28:59Z</time>
      </trkpt>
      <trkpt lat="41.41086417835906" lon="-82.23478122142022">
        <ele>192.8355090674</ele>
        <time>2026-06-05T10:29:02Z</time>
      </trkpt>
      <trkpt lat="41.41090889567932" lon="-82.23874748490553">
        <ele>193.9400666539</ele>
        <time>2026-06-05T10:29:15Z</time>
      </trkpt>
      <trkpt lat="41.41094273908438" lon="-82.24270391459618">
        <ele>195.9025638146</ele>
        <time>2026-06-05T10:29:30Z</time>
      </trkpt>
      <trkpt lat="41.41096469321445" lon="-82.24486989946215">
        <ele>196.9703080658</ele>
        <time>2026-06-05T10:29:37Z</time>
      </trkpt>
      <trkpt lat="41.41096858838571" lon="-82.24566679232417">
        <ele>197.7281647403</ele>
        <time>2026-06-05T10:29:39Z</time>
      </trkpt>
      <trkpt lat="41.41094940605903" lon="-82.24614304189195">
        <ele>197.6523352928</ele>
        <time>2026-06-05T10:29:41Z</time>
      </trkpt>
      <trkpt lat="41.41093246111022" lon="-82.24661141139394">
        <ele>198.2269933191</ele>
        <time>2026-06-05T10:29:43Z</time>
      </trkpt>
      <trkpt lat="41.41089056694629" lon="-82.24712104897480">
        <ele>198.9411224188</ele>
        <time>2026-06-05T10:29:44Z</time>
      </trkpt>
      <trkpt lat="41.41081563646313" lon="-82.24768149496255">
        <ele>199.5984582614</ele>
        <time>2026-06-05T10:29:46Z</time>
      </trkpt>
      <trkpt lat="41.41072335826168" lon="-82.24824482467660">
        <ele>200.0750997883</ele>
        <time>2026-06-05T10:29:48Z</time>
      </trkpt>
      <trkpt lat="41.41060850312810" lon="-82.24880466603666">
        <ele>200.7537733137</ele>
        <time>2026-06-05T10:29:50Z</time>
      </trkpt>
      <trkpt lat="41.41047187687600" lon="-82.24932903571705">
        <ele>201.3575271902</ele>
        <time>2026-06-05T10:29:52Z</time>
      </trkpt>
      <trkpt lat="41.41031933980835" lon="-82.24985601099050">
        <ele>201.9066851581</ele>
        <time>2026-06-05T10:29:54Z</time>
      </trkpt>
      <trkpt lat="41.41018881372063" lon="-82.25024884330561">
        <ele>202.4803968507</ele>
        <time>2026-06-05T10:29:55Z</time>
      </trkpt>
      <trkpt lat="41.41001281701661" lon="-82.25070040788299">
        <ele>202.9782724760</ele>
        <time>2026-06-05T10:29:57Z</time>
      </trkpt>
      <trkpt lat="41.40984558516296" lon="-82.25111042226622">
        <ele>203.3426316752</ele>
        <time>2026-06-05T10:29:58Z</time>
      </trkpt>
      <trkpt lat="41.40953574148733" lon="-82.25173703308714">
        <ele>204.2995112653</ele>
        <time>2026-06-05T10:30:01Z</time>
      </trkpt>
      <trkpt lat="41.40930083182739" lon="-82.25216075324639">
        <ele>204.8732791270</ele>
        <time>2026-06-05T10:30:03Z</time>
      </trkpt>
      <trkpt lat="41.40905681071989" lon="-82.25255713843337">
        <ele>205.4569393447</ele>
        <time>2026-06-05T10:30:04Z</time>
      </trkpt>
      <trkpt lat="41.40872681618470" lon="-82.25306647443028">
        <ele>206.0091038938</ele>
        <time>2026-06-05T10:30:07Z</time>
      </trkpt>
      <trkpt lat="41.40831331184594" lon="-82.25358419123536">
        <ele>206.5832548524</ele>
        <time>2026-06-05T10:30:09Z</time>
      </trkpt>
      <trkpt lat="41.40774776104855" lon="-82.25425649990004">
        <ele>207.8162380972</ele>
        <time>2026-06-05T10:30:13Z</time>
      </trkpt>
      <trkpt lat="41.40461780869467" lon="-82.25789078457083">
        <ele>213.2127762132</ele>
        <time>2026-06-05T10:30:31Z</time>
      </trkpt>
      <trkpt lat="41.40414728194700" lon="-82.25847984681049">
        <ele>214.2130452305</ele>
        <time>2026-06-05T10:30:34Z</time>
      </trkpt>
      <trkpt lat="41.40377100304104" lon="-82.25897443039803">
        <ele>215.1006787485</ele>
        <time>2026-06-05T10:30:36Z</time>
      </trkpt>
      <trkpt lat="41.40340057679060" lon="-82.25955416082820">
        <ele>214.7535563385</ele>
        <time>2026-06-05T10:30:39Z</time>
      </trkpt>
      <trkpt lat="41.40326857433883" lon="-82.25981475861525">
        <ele>214.7738978936</ele>
        <time>2026-06-05T10:30:40Z</time>
      </trkpt>
      <trkpt lat="41.40310200946820" lon="-82.26014694738667">
        <ele>214.2689461122</ele>
        <time>2026-06-05T10:30:42Z</time>
      </trkpt>
      <trkpt lat="41.40283163618462" lon="-82.26074263855001">
        <ele>213.4766455150</ele>
        <time>2026-06-05T10:30:44Z</time>
      </trkpt>
      <trkpt lat="41.40265775414910" lon="-82.26121934510124">
        <ele>212.5750597160</ele>
        <time>2026-06-05T10:30:45Z</time>
      </trkpt>
      <trkpt lat="41.40249424630699" lon="-82.26172019299568">
        <ele>211.9876461866</ele>
        <time>2026-06-05T10:30:47Z</time>
      </trkpt>
      <trkpt lat="41.40235485017202" lon="-82.26222711858564">
        <ele>211.1157669984</ele>
        <time>2026-06-05T10:30:49Z</time>
      </trkpt>
      <trkpt lat="41.40224928981050" lon="-82.26267897364592">
        <ele>210.7043611427</ele>
        <time>2026-06-05T10:30:51Z</time>
      </trkpt>
      <trkpt lat="41.40217300267875" lon="-82.26309801078409">
        <ele>209.9687782965</ele>
        <time>2026-06-05T10:30:53Z</time>
      </trkpt>
      <trkpt lat="41.40211879967919" lon="-82.26353424902490">
        <ele>209.3640061485</ele>
        <time>2026-06-05T10:30:54Z</time>
      </trkpt>
      <trkpt lat="41.40205950958557" lon="-82.26425792440942">
        <ele>208.1369620811</ele>
        <time>2026-06-05T10:30:57Z</time>
      </trkpt>
      <trkpt lat="41.40205161418779" lon="-82.26509037502777">
        <ele>207.0320037212</ele>
        <time>2026-06-05T10:31:00Z</time>
      </trkpt>
      <trkpt lat="41.40205929293477" lon="-82.26555059970617">
        <ele>206.4643353693</ele>
        <time>2026-06-05T10:31:02Z</time>
      </trkpt>
      <trkpt lat="41.40208996007133" lon="-82.26600953506042">
        <ele>206.0690419905</ele>
        <time>2026-06-05T10:31:03Z</time>
      </trkpt>
      <trkpt lat="41.40213897102203" lon="-82.26649196278953">
        <ele>205.6060654266</ele>
        <time>2026-06-05T10:31:05Z</time>
      </trkpt>
      <trkpt lat="41.40220737005156" lon="-82.26696499959647">
        <ele>205.0923267378</ele>
        <time>2026-06-05T10:31:07Z</time>
      </trkpt>
      <trkpt lat="41.40232453959199" lon="-82.26749354757865">
        <ele>204.9061894301</ele>
        <time>2026-06-05T10:31:10Z</time>
      </trkpt>
      <trkpt lat="41.40258468649432" lon="-82.26847782870740">
        <ele>204.0724759412</ele>
        <time>2026-06-05T10:31:13Z</time>
      </trkpt>
      <trkpt lat="41.40314862928481" lon="-82.27044487842828">
        <ele>202.8099743273</ele>
        <time>2026-06-05T10:31:19Z</time>
      </trkpt>
      <trkpt lat="41.40330763458310" lon="-82.27102293771904">
        <ele>202.9150551167</ele>
        <time>2026-06-05T10:31:21Z</time>
      </trkpt>
      <trkpt lat="41.40349117172565" lon="-82.27186328521651">
        <ele>203.0569252812</ele>
        <time>2026-06-05T10:31:26Z</time>
      </trkpt>
      <trkpt lat="41.40363938189535" lon="-82.27271691281257">
        <ele>201.8755997164</ele>
        <time>2026-06-05T10:31:28Z</time>
      </trkpt>
      <trkpt lat="41.40370900384301" lon="-82.27313474160924">
        <ele>201.8500432246</ele>
        <time>2026-06-05T10:31:30Z</time>
      </trkpt>
      <trkpt lat="41.40374453529301" lon="-82.27349019527587">
        <ele>201.8501624805</ele>
        <time>2026-06-05T10:31:31Z</time>
      </trkpt>
      <trkpt lat="41.40382293764303" lon="-82.27437156717295">
        <ele>201.0399329738</ele>
        <time>2026-06-05T10:31:34Z</time>
      </trkpt>
      <trkpt lat="41.40383816378323" lon="-82.27474656392428">
        <ele>201.1545103897</ele>
        <time>2026-06-05T10:31:36Z</time>
      </trkpt>
      <trkpt lat="41.40385216376209" lon="-82.27519887521260">
        <ele>200.7754837990</ele>
        <time>2026-06-05T10:31:37Z</time>
      </trkpt>
      <trkpt lat="41.40385839220026" lon="-82.27651205192659">
        <ele>199.9441453517</ele>
        <time>2026-06-05T10:31:43Z</time>
      </trkpt>
      <trkpt lat="41.40382864578267" lon="-82.27827620014098">
        <ele>199.1703252460</ele>
        <time>2026-06-05T10:31:51Z</time>
      </trkpt>
      <trkpt lat="41.40375335938076" lon="-82.28255814735387">
        <ele>203.1225727093</ele>
        <time>2026-06-05T10:32:06Z</time>
      </trkpt>
      <trkpt lat="41.40374553633226" lon="-82.28313081219784">
        <ele>201.5774717026</ele>
        <time>2026-06-05T10:32:08Z</time>
      </trkpt>
      <trkpt lat="41.40366645994839" lon="-82.28922727163167">
        <ele>198.8393406494</ele>
        <time>2026-06-05T10:32:25Z</time>
      </trkpt>
      <trkpt lat="41.40364471082405" lon="-82.29379652129892">
        <ele>199.9976502293</ele>
        <time>2026-06-05T10:32:39Z</time>
      </trkpt>
      <trkpt lat="41.40366586262529" lon="-82.29619898266270">
        <ele>200.8920849526</ele>
        <time>2026-06-05T10:32:47Z</time>
      </trkpt>
      <trkpt lat="41.40368734392520" lon="-82.29844281420114">
        <ele>200.1438027781</ele>
        <time>2026-06-05T10:32:54Z</time>
      </trkpt>
      <trkpt lat="41.40373931966933" lon="-82.30198880169151">
        <ele>198.8310166155</ele>
        <time>2026-06-05T10:33:05Z</time>
      </trkpt>
      <trkpt lat="41.40382242470780" lon="-82.30976383762876">
        <ele>201.5298174668</ele>
        <time>2026-06-05T10:33:34Z</time>
      </trkpt>
      <trkpt lat="41.40386131738673" lon="-82.31239723499621">
        <ele>202.1544924870</ele>
        <time>2026-06-05T10:33:45Z</time>
      </trkpt>
      <trkpt lat="41.40388030109818" lon="-82.31388576208474">
        <ele>200.9564867691</ele>
        <time>2026-06-05T10:33:53Z</time>
      </trkpt>
      <trkpt lat="41.40389120448716" lon="-82.31531197833826">
        <ele>200.0277600347</ele>
        <time>2026-06-05T10:33:57Z</time>
      </trkpt>
      <trkpt lat="41.40390766057713" lon="-82.31801753855596">
        <ele>199.0561488141</ele>
        <time>2026-06-05T10:34:05Z</time>
      </trkpt>
      <trkpt lat="41.40394780805513" lon="-82.32145506685362">
        <ele>197.0612069700</ele>
        <time>2026-06-05T10:34:15Z</time>
      </trkpt>
      <trkpt lat="41.40392936176501" lon="-82.32277035122499">
        <ele>197.1681759332</ele>
        <time>2026-06-05T10:34:19Z</time>
      </trkpt>
      <trkpt lat="41.40386563269217" lon="-82.32431736477285">
        <ele>195.9408691039</ele>
        <time>2026-06-05T10:34:25Z</time>
      </trkpt>
      <trkpt lat="41.40384881633364" lon="-82.32478471510680">
        <ele>195.2671953397</ele>
        <time>2026-06-05T10:34:27Z</time>
      </trkpt>
      <trkpt lat="41.40368973868964" lon="-82.32684263199958">
        <ele>192.3595262623</ele>
        <time>2026-06-05T10:34:36Z</time>
      </trkpt>
      <trkpt lat="41.40354974129336" lon="-82.32869379616011">
        <ele>188.1988393734</ele>
        <time>2026-06-05T10:34:42Z</time>
      </trkpt>
      <trkpt lat="41.40339013776868" lon="-82.33099613691579">
        <ele>187.6600119289</ele>
        <time>2026-06-05T10:34:52Z</time>
      </trkpt>
      <trkpt lat="41.40300034357634" lon="-82.33609894298492">
        <ele>197.6898029558</ele>
        <time>2026-06-05T10:35:08Z</time>
      </trkpt>
      <trkpt lat="41.40274898646447" lon="-82.33934251767819">
        <ele>198.9756871426</ele>
        <time>2026-06-05T10:35:23Z</time>
      </trkpt>
      <trkpt lat="41.40271068644642" lon="-82.34001137630607">
        <ele>199.6507145260</ele>
        <time>2026-06-05T10:35:26Z</time>
      </trkpt>
      <trkpt lat="41.40245177001153" lon="-82.34321024956843">
        <ele>200.4354261787</ele>
        <time>2026-06-05T10:35:38Z</time>
      </trkpt>
      <trkpt lat="41.40177536517036" lon="-82.35246169077486">
        <ele>199.0412898656</ele>
        <time>2026-06-05T10:36:09Z</time>
      </trkpt>
      <trkpt lat="41.40172332757486" lon="-82.35309955617097">
        <ele>198.9570631895</ele>
        <time>2026-06-05T10:36:11Z</time>
      </trkpt>
      <trkpt lat="41.40162853064511" lon="-82.35391517747057">
        <ele>198.9844657932</ele>
        <time>2026-06-05T10:36:14Z</time>
      </trkpt>
      <trkpt lat="41.40148542476010" lon="-82.35472886524320">
        <ele>198.6906225793</ele>
        <time>2026-06-05T10:36:17Z</time>
      </trkpt>
      <trkpt lat="41.40142191067545" lon="-82.35508059033660">
        <ele>198.7247065762</ele>
        <time>2026-06-05T10:36:18Z</time>
      </trkpt>
      <trkpt lat="41.40125693879285" lon="-82.35569544876920">
        <ele>198.8070293610</ele>
        <time>2026-06-05T10:36:20Z</time>
      </trkpt>
      <trkpt lat="41.40094529408618" lon="-82.35670582669150">
        <ele>198.8074182833</ele>
        <time>2026-06-05T10:36:24Z</time>
      </trkpt>
      <trkpt lat="41.40069145994016" lon="-82.35732777568623">
        <ele>198.9874108739</ele>
        <time>2026-06-05T10:36:26Z</time>
      </trkpt>
      <trkpt lat="41.40018233046472" lon="-82.35838635969193">
        <ele>198.5381904792</ele>
        <time>2026-06-05T10:36:30Z</time>
      </trkpt>
      <trkpt lat="41.39956227658973" lon="-82.35961618832069">
        <ele>198.8655047381</ele>
        <time>2026-06-05T10:36:35Z</time>
      </trkpt>
      <trkpt lat="41.39941933873906" lon="-82.35989971918218">
        <ele>198.8970552616</ele>
        <time>2026-06-05T10:36:36Z</time>
      </trkpt>
      <trkpt lat="41.39914787146934" lon="-82.36053267287095">
        <ele>198.8458560559</ele>
        <time>2026-06-05T10:36:39Z</time>
      </trkpt>
      <trkpt lat="41.39891272103175" lon="-82.36112103494392">
        <ele>199.1827686936</ele>
        <time>2026-06-05T10:36:42Z</time>
      </trkpt>
      <trkpt lat="41.39880082515742" lon="-82.36144269311075">
        <ele>199.8940179299</ele>
        <time>2026-06-05T10:36:43Z</time>
      </trkpt>
      <trkpt lat="41.39859753722151" lon="-82.36213446842061">
        <ele>200.1025840266</ele>
        <time>2026-06-05T10:36:45Z</time>
      </trkpt>
      <trkpt lat="41.39849078806993" lon="-82.36248121269703">
        <ele>200.2516533205</ele>
        <time>2026-06-05T10:36:46Z</time>
      </trkpt>
      <trkpt lat="41.39833050527442" lon="-82.36316069739453">
        <ele>200.7082917138</ele>
        <time>2026-06-05T10:36:48Z</time>
      </trkpt>
      <trkpt lat="41.39825989833783" lon="-82.36350646332303">
        <ele>201.1867387386</ele>
        <time>2026-06-05T10:36:50Z</time>
      </trkpt>
      <trkpt lat="41.39815041044115" lon="-82.36406477615417">
        <ele>201.5654501638</ele>
        <time>2026-06-05T10:36:52Z</time>
      </trkpt>
      <trkpt lat="41.39809456257795" lon="-82.36440164217439">
        <ele>201.4954920148</ele>
        <time>2026-06-05T10:36:53Z</time>
      </trkpt>
      <trkpt lat="41.39804123848317" lon="-82.36470307177301">
        <ele>201.6172485927</ele>
        <time>2026-06-05T10:36:54Z</time>
      </trkpt>
      <trkpt lat="41.39801368640234" lon="-82.36505012622106">
        <ele>201.9530700164</ele>
        <time>2026-06-05T10:36:55Z</time>
      </trkpt>
      <trkpt lat="41.39795143460388" lon="-82.36557435208307">
        <ele>201.5308002645</ele>
        <time>2026-06-05T10:36:57Z</time>
      </trkpt>
      <trkpt lat="41.39792299869760" lon="-82.36596425325780">
        <ele>200.7907114306</ele>
        <time>2026-06-05T10:36:58Z</time>
      </trkpt>
      <trkpt lat="41.39788323629911" lon="-82.36667710716952">
        <ele>200.2883130282</ele>
        <time>2026-06-05T10:37:01Z</time>
      </trkpt>
      <trkpt lat="41.39788051886416" lon="-82.36727242837830">
        <ele>199.5056794031</ele>
        <time>2026-06-05T10:37:03Z</time>
      </trkpt>
      <trkpt lat="41.39789823533307" lon="-82.37624129136768">
        <ele>191.4546110910</ele>
        <time>2026-06-05T10:37:33Z</time>
      </trkpt>
      <trkpt lat="41.39791810447239" lon="-82.38373028206861">
        <ele>189.0221374129</ele>
        <time>2026-06-05T10:38:03Z</time>
      </trkpt>
      <trkpt lat="41.39794501726586" lon="-82.38631016178601">
        <ele>189.0137961253</ele>
        <time>2026-06-05T10:38:11Z</time>
      </trkpt>
      <trkpt lat="41.39789533637028" lon="-82.38749594583719">
        <ele>189.1015916267</ele>
        <time>2026-06-05T10:38:15Z</time>
      </trkpt>
      <trkpt lat="41.39780808929347" lon="-82.38839648212269">
        <ele>188.8454721195</ele>
        <time>2026-06-05T10:38:18Z</time>
      </trkpt>
      <trkpt lat="41.39772180096223" lon="-82.38894980574342">
        <ele>189.0411249255</ele>
        <time>2026-06-05T10:38:20Z</time>
      </trkpt>
      <trkpt lat="41.39759776483445" lon="-82.38979653137831">
        <ele>190.2774141309</ele>
        <time>2026-06-05T10:38:23Z</time>
      </trkpt>
      <trkpt lat="41.39730057132984" lon="-82.39109184393863">
        <ele>189.4136049774</ele>
        <time>2026-06-05T10:38:29Z</time>
      </trkpt>
      <trkpt lat="41.39679509790822" lon="-82.39260885776993">
        <ele>189.9546800649</ele>
        <time>2026-06-05T10:38:35Z</time>
      </trkpt>
      <trkpt lat="41.39641559522590" lon="-82.39361447550488">
        <ele>189.7133082048</ele>
        <time>2026-06-05T10:38:38Z</time>
      </trkpt>
      <trkpt lat="41.39578061245240" lon="-82.39482473812258">
        <ele>189.2218835881</ele>
        <time>2026-06-05T10:38:44Z</time>
      </trkpt>
      <trkpt lat="41.39539654831985" lon="-82.39555249526678">
        <ele>188.9684785157</ele>
        <time>2026-06-05T10:38:47Z</time>
      </trkpt>
      <trkpt lat="41.39252121396422" lon="-82.40091765208412">
        <ele>187.6206356484</ele>
        <time>2026-06-05T10:39:09Z</time>
      </trkpt>
      <trkpt lat="41.39052467182502" lon="-82.40460503532738">
        <ele>186.6192374380</ele>
        <time>2026-06-05T10:39:25Z</time>
      </trkpt>
      <trkpt lat="41.38933088787741" lon="-82.40681945631911">
        <ele>187.9898589641</ele>
        <time>2026-06-05T10:39:34Z</time>
      </trkpt>
      <trkpt lat="41.38586504922312" lon="-82.41333605746651">
        <ele>186.4701625660</ele>
        <time>2026-06-05T10:40:00Z</time>
      </trkpt>
      <trkpt lat="41.38568764233121" lon="-82.41362730427423">
        <ele>185.8384952926</ele>
        <time>2026-06-05T10:40:01Z</time>
      </trkpt>
      <trkpt lat="41.38303122228191" lon="-82.41847436015173">
        <ele>187.6857431335</ele>
        <time>2026-06-05T10:40:25Z</time>
      </trkpt>
      <trkpt lat="41.37989449140872" lon="-82.42436019576478">
        <ele>190.0730181804</ele>
        <time>2026-06-05T10:40:48Z</time>
      </trkpt>
      <trkpt lat="41.37835832438215" lon="-82.42725136491411">
        <ele>189.0669846697</ele>
        <time>2026-06-05T10:41:04Z</time>
      </trkpt>
      <trkpt lat="41.37756771393827" lon="-82.42872196326856">
        <ele>188.5589336147</ele>
        <time>2026-06-05T10:41:10Z</time>
      </trkpt>
      <trkpt lat="41.37740612608863" lon="-82.42903546356079">
        <ele>187.8897124049</ele>
        <time>2026-06-05T10:41:11Z</time>
      </trkpt>
      <trkpt lat="41.37636456498094" lon="-82.43094731737082">
        <ele>189.2489627782</ele>
        <time>2026-06-05T10:41:19Z</time>
      </trkpt>
      <trkpt lat="41.37530266425745" lon="-82.43297372711038">
        <ele>190.0719799506</ele>
        <time>2026-06-05T10:41:28Z</time>
      </trkpt>
      <trkpt lat="41.37346088198063" lon="-82.43637682827206">
        <ele>190.9133108922</ele>
        <time>2026-06-05T10:41:41Z</time>
      </trkpt>
      <trkpt lat="41.37244166615672" lon="-82.43828830726980">
        <ele>191.9266716110</ele>
        <time>2026-06-05T10:41:52Z</time>
      </trkpt>
      <trkpt lat="41.37232011640997" lon="-82.43847135108660">
        <ele>191.9560581827</ele>
        <time>2026-06-05T10:41:53Z</time>
      </trkpt>
      <trkpt lat="41.37149965562446" lon="-82.44002293083970">
        <ele>191.8513616231</ele>
        <time>2026-06-05T10:41:59Z</time>
      </trkpt>
      <trkpt lat="41.37066753551911" lon="-82.44152760480853">
        <ele>192.6558444706</ele>
        <time>2026-06-05T10:42:06Z</time>
      </trkpt>
      <trkpt lat="41.36989953861115" lon="-82.44321707783007">
        <ele>192.7447351804</ele>
        <time>2026-06-05T10:42:13Z</time>
      </trkpt>
      <trkpt lat="41.36968166397170" lon="-82.44372766209169">
        <ele>193.1482514393</ele>
        <time>2026-06-05T10:42:15Z</time>
      </trkpt>
      <trkpt lat="41.36936205853603" lon="-82.44464076340944">
        <ele>193.1303118769</ele>
        <time>2026-06-05T10:42:18Z</time>
      </trkpt>
      <trkpt lat="41.36902692578369" lon="-82.44567003964305">
        <ele>193.7298361543</ele>
        <time>2026-06-05T10:42:21Z</time>
      </trkpt>
      <trkpt lat="41.36871359731516" lon="-82.44682826554094">
        <ele>194.0191792367</ele>
        <time>2026-06-05T10:42:25Z</time>
      </trkpt>
      <trkpt lat="41.36840594139760" lon="-82.44824539729332">
        <ele>193.9454791128</ele>
        <time>2026-06-05T10:42:29Z</time>
      </trkpt>
      <trkpt lat="41.36827058472652" lon="-82.44898415729979">
        <ele>194.8950848080</ele>
        <time>2026-06-05T10:42:32Z</time>
      </trkpt>
      <trkpt lat="41.36812277254146" lon="-82.45002939202458">
        <ele>195.8627022500</ele>
        <time>2026-06-05T10:42:35Z</time>
      </trkpt>
      <trkpt lat="41.36802847688033" lon="-82.45099770375528">
        <ele>197.0114518090</ele>
        <time>2026-06-05T10:42:39Z</time>
      </trkpt>
      <trkpt lat="41.36796561319122" lon="-82.45197317777765">
        <ele>198.4241293467</ele>
        <time>2026-06-05T10:42:42Z</time>
      </trkpt>
      <trkpt lat="41.36792581340142" lon="-82.45350771857045">
        <ele>199.7095823979</ele>
        <time>2026-06-05T10:42:46Z</time>
      </trkpt>
      <trkpt lat="41.36791512154009" lon="-82.45471569569169">
        <ele>200.6542286181</ele>
        <time>2026-06-05T10:42:50Z</time>
      </trkpt>
      <trkpt lat="41.36792580107739" lon="-82.45558273355461">
        <ele>200.2168547834</ele>
        <time>2026-06-05T10:42:53Z</time>
      </trkpt>
      <trkpt lat="41.36794400758967" lon="-82.45775435132197">
        <ele>198.7283423204</ele>
        <time>2026-06-05T10:43:03Z</time>
      </trkpt>
      <trkpt lat="41.36794913516437" lon="-82.45835059579909">
        <ele>198.0746025900</ele>
        <time>2026-06-05T10:43:05Z</time>
      </trkpt>
      <trkpt lat="41.36794526904754" lon="-82.46228995694410">
        <ele>191.3429554103</ele>
        <time>2026-06-05T10:43:18Z</time>
      </trkpt>
      <trkpt lat="41.36796194148176" lon="-82.46481505627820">
        <ele>189.0171921499</ele>
        <time>2026-06-05T10:43:25Z</time>
      </trkpt>
      <trkpt lat="41.36802306028653" lon="-82.47845699808842">
        <ele>187.1168358680</ele>
        <time>2026-06-05T10:44:08Z</time>
      </trkpt>
      <trkpt lat="41.36802765950208" lon="-82.47937080636353">
        <ele>186.0284560490</ele>
        <time>2026-06-05T10:44:11Z</time>
      </trkpt>
      <trkpt lat="41.36803674225050" lon="-82.48227391539838">
        <ele>186.1613855567</ele>
        <time>2026-06-05T10:44:19Z</time>
      </trkpt>
      <trkpt lat="41.36804758994239" lon="-82.48361240284424">
        <ele>186.0784986367</ele>
        <time>2026-06-05T10:44:23Z</time>
      </trkpt>
      <trkpt lat="41.36804301905838" lon="-82.48705676614908">
        <ele>187.1067821818</ele>
        <time>2026-06-05T10:44:39Z</time>
      </trkpt>
      <trkpt lat="41.36811298382110" lon="-82.48973574749438">
        <ele>187.7472426099</ele>
        <time>2026-06-05T10:44:51Z</time>
      </trkpt>
      <trkpt lat="41.36807018547816" lon="-82.49243044886190">
        <ele>186.6412298396</ele>
        <time>2026-06-05T10:45:00Z</time>
      </trkpt>
      <trkpt lat="41.36803504728781" lon="-82.49401511820619">
        <ele>186.0971313303</ele>
        <time>2026-06-05T10:45:09Z</time>
      </trkpt>
      <trkpt lat="41.36775589227968" lon="-82.49973919012632">
        <ele>183.8530393614</ele>
        <time>2026-06-05T10:45:26Z</time>
      </trkpt>
      <trkpt lat="41.36762917873535" lon="-82.50158866430564">
        <ele>183.1589598460</ele>
        <time>2026-06-05T10:45:32Z</time>
      </trkpt>
      <trkpt lat="41.36750411298640" lon="-82.50352892275383">
        <ele>180.9945645004</ele>
        <time>2026-06-05T10:45:39Z</time>
      </trkpt>
      <trkpt lat="41.36736558681356" lon="-82.50609171861818">
        <ele>179.6895167026</ele>
        <time>2026-06-05T10:45:49Z</time>
      </trkpt>
      <trkpt lat="41.36732873699102" lon="-82.50682830721786">
        <ele>177.6250935931</ele>
        <time>2026-06-05T10:45:52Z</time>
      </trkpt>
      <trkpt lat="41.36729595730836" lon="-82.50735132546870">
        <ele>176.5035641621</ele>
        <time>2026-06-05T10:45:53Z</time>
      </trkpt>
      <trkpt lat="41.36727328686576" lon="-82.50894133529856">
        <ele>178.5609415420</ele>
        <time>2026-06-05T10:45:59Z</time>
      </trkpt>
      <trkpt lat="41.36725636869701" lon="-82.51053442953857">
        <ele>179.8803966968</ele>
        <time>2026-06-05T10:46:04Z</time>
      </trkpt>
      <trkpt lat="41.36728689979044" lon="-82.51239069422169">
        <ele>180.9362613832</ele>
        <time>2026-06-05T10:46:10Z</time>
      </trkpt>
      <trkpt lat="41.36745381381929" lon="-82.51448825986419">
        <ele>182.6495699797</ele>
        <time>2026-06-05T10:46:17Z</time>
      </trkpt>
      <trkpt lat="41.36758364641700" lon="-82.51599903051017">
        <ele>183.5708582739</ele>
        <time>2026-06-05T10:46:23Z</time>
      </trkpt>
      <trkpt lat="41.36769742306900" lon="-82.51700529414782">
        <ele>183.9983909922</ele>
        <time>2026-06-05T10:46:27Z</time>
      </trkpt>
      <trkpt lat="41.36784514107971" lon="-82.51875857696068">
        <ele>184.9723085858</ele>
        <time>2026-06-05T10:46:33Z</time>
      </trkpt>
      <trkpt lat="41.36829451473879" lon="-82.52319746643214">
        <ele>186.0158005340</ele>
        <time>2026-06-05T10:46:47Z</time>
      </trkpt>
      <trkpt lat="41.36882399411212" lon="-82.52797655317671">
        <ele>187.0779087774</ele>
        <time>2026-06-05T10:47:04Z</time>
      </trkpt>
      <trkpt lat="41.36895210375352" lon="-82.52941890335686">
        <ele>187.2315810087</ele>
        <time>2026-06-05T10:47:09Z</time>
      </trkpt>
      <trkpt lat="41.36933348613663" lon="-82.53339340081422">
        <ele>186.0520405212</ele>
        <time>2026-06-05T10:47:24Z</time>
      </trkpt>
      <trkpt lat="41.36958370122230" lon="-82.53583647520060">
        <ele>185.0173140659</ele>
        <time>2026-06-05T10:47:33Z</time>
      </trkpt>
      <trkpt lat="41.36965900147027" lon="-82.53679306784187">
        <ele>185.0279428950</ele>
        <time>2026-06-05T10:47:36Z</time>
      </trkpt>
      <trkpt lat="41.36973325265711" lon="-82.53794099573302">
        <ele>184.9533477494</ele>
        <time>2026-06-05T10:47:39Z</time>
      </trkpt>
      <trkpt lat="41.36978275331391" lon="-82.53916581963456">
        <ele>185.1612513304</ele>
        <time>2026-06-05T10:47:43Z</time>
      </trkpt>
      <trkpt lat="41.36984287649013" lon="-82.54267764579689">
        <ele>190.7709779528</ele>
        <time>2026-06-05T10:47:53Z</time>
      </trkpt>
      <trkpt lat="41.36987036023785" lon="-82.54409352212882">
        <ele>191.0523108653</ele>
        <time>2026-06-05T10:47:58Z</time>
      </trkpt>
      <trkpt lat="41.36987778688398" lon="-82.54442640666728">
        <ele>189.5260511470</ele>
        <time>2026-06-05T10:48:00Z</time>
      </trkpt>
      <trkpt lat="41.37004269870514" lon="-82.55399631041718">
        <ele>178.3761331572</ele>
        <time>2026-06-05T10:48:30Z</time>
      </trkpt>
      <trkpt lat="41.37016193135005" lon="-82.56142241390465">
        <ele>180.7550082412</ele>
        <time>2026-06-05T10:48:51Z</time>
      </trkpt>
      <trkpt lat="41.37020864442426" lon="-82.56343494872908">
        <ele>181.7566780154</ele>
        <time>2026-06-05T10:48:59Z</time>
      </trkpt>
      <trkpt lat="41.37025565804723" lon="-82.56422588762528">
        <ele>181.7270726992</ele>
        <time>2026-06-05T10:49:02Z</time>
      </trkpt>
      <trkpt lat="41.37030167482072" lon="-82.56470429709663">
        <ele>181.3324700512</ele>
        <time>2026-06-05T10:49:03Z</time>
      </trkpt>
      <trkpt lat="41.37036866896418" lon="-82.56515820680731">
        <ele>181.8315644684</ele>
        <time>2026-06-05T10:49:05Z</time>
      </trkpt>
      <trkpt lat="41.37040499573582" lon="-82.56558600170835">
        <ele>180.9855913921</ele>
        <time>2026-06-05T10:49:07Z</time>
      </trkpt>
      <trkpt lat="41.37051142946660" lon="-82.56612026937513">
        <ele>180.9167211843</ele>
        <time>2026-06-05T10:49:08Z</time>
      </trkpt>
      <trkpt lat="41.37062284613341" lon="-82.56659498892726">
        <ele>181.0551259215</ele>
        <time>2026-06-05T10:49:10Z</time>
      </trkpt>
      <trkpt lat="41.37075551664829" lon="-82.56706034669583">
        <ele>180.8286028480</ele>
        <time>2026-06-05T10:49:12Z</time>
      </trkpt>
      <trkpt lat="41.37089800596353" lon="-82.56750075709262">
        <ele>180.8488240637</ele>
        <time>2026-06-05T10:49:13Z</time>
      </trkpt>
      <trkpt lat="41.37108247071031" lon="-82.56797442535789">
        <ele>180.9273742675</ele>
        <time>2026-06-05T10:49:15Z</time>
      </trkpt>
      <trkpt lat="41.37123115893043" lon="-82.56834471225380">
        <ele>180.7630259311</ele>
        <time>2026-06-05T10:49:16Z</time>
      </trkpt>
      <trkpt lat="41.37143375604519" lon="-82.56877608379079">
        <ele>180.9616002260</ele>
        <time>2026-06-05T10:49:18Z</time>
      </trkpt>
      <trkpt lat="41.37170203275873" lon="-82.56930000136379">
        <ele>180.1098820790</ele>
        <time>2026-06-05T10:49:20Z</time>
      </trkpt>
      <trkpt lat="41.37191403902407" lon="-82.56965176458331">
        <ele>179.9076246404</ele>
        <time>2026-06-05T10:49:21Z</time>
      </trkpt>
      <trkpt lat="41.37221273925783" lon="-82.57013115645771">
        <ele>180.0441851861</ele>
        <time>2026-06-05T10:49:23Z</time>
      </trkpt>
      <trkpt lat="41.37253601833144" lon="-82.57056848652543">
        <ele>179.8879766867</ele>
        <time>2026-06-05T10:49:26Z</time>
      </trkpt>
      <trkpt lat="41.37284655240723" lon="-82.57091861511522">
        <ele>179.9782184436</ele>
        <time>2026-06-05T10:49:28Z</time>
      </trkpt>
      <trkpt lat="41.37329370267806" lon="-82.57142959777894">
        <ele>180.2159313497</ele>
        <time>2026-06-05T10:49:32Z</time>
      </trkpt>
      <trkpt lat="41.37359472048502" lon="-82.57163590738493">
        <ele>178.9917361778</ele>
        <time>2026-06-05T10:49:33Z</time>
      </trkpt>
      <trkpt lat="41.37364835380065" lon="-82.57168769865625">
        <ele>179.0594139258</ele>
        <time>2026-06-05T10:49:34Z</time>
      </trkpt>
      <trkpt lat="41.37391479400443" lon="-82.57191556869536">
        <ele>179.0733275866</ele>
        <time>2026-06-05T10:49:36Z</time>
      </trkpt>
      <trkpt lat="41.37434089155057" lon="-82.57225346192918">
        <ele>179.0878023958</ele>
        <time>2026-06-05T10:49:38Z</time>
      </trkpt>
      <trkpt lat="41.37478918759912" lon="-82.57255152906588">
        <ele>179.2105962709</ele>
        <time>2026-06-05T10:49:40Z</time>
      </trkpt>
      <trkpt lat="41.37526308142007" lon="-82.57280310305907">
        <ele>178.9484593883</ele>
        <time>2026-06-05T10:49:43Z</time>
      </trkpt>
      <trkpt lat="41.37565677735793" lon="-82.57299754572254">
        <ele>179.0571331892</ele>
        <time>2026-06-05T10:49:45Z</time>
      </trkpt>
      <trkpt lat="41.37591230096814" lon="-82.57311334765913">
        <ele>179.1914331013</ele>
        <time>2026-06-05T10:49:46Z</time>
      </trkpt>
      <trkpt lat="41.37624781164121" lon="-82.57322832888559">
        <ele>179.2311094420</ele>
        <time>2026-06-05T10:49:48Z</time>
      </trkpt>
      <trkpt lat="41.37656345467111" lon="-82.57330777255794">
        <ele>179.3505888277</ele>
        <time>2026-06-05T10:49:49Z</time>
      </trkpt>
      <trkpt lat="41.37708671614140" lon="-82.57341397482814">
        <ele>179.7856532996</ele>
        <time>2026-06-05T10:49:52Z</time>
      </trkpt>
      <trkpt lat="41.37733763347551" lon="-82.57344962751431">
        <ele>179.5640057646</ele>
        <time>2026-06-05T10:49:53Z</time>
      </trkpt>
      <trkpt lat="41.37785959165128" lon="-82.57349040231895">
        <ele>179.8125200909</ele>
        <time>2026-06-05T10:49:56Z</time>
      </trkpt>
      <trkpt lat="41.38480934748490" lon="-82.57370190514202">
        <ele>182.1774291838</ele>
        <time>2026-06-05T10:50:34Z</time>
      </trkpt>
      <trkpt lat="41.38671951586645" lon="-82.57376840210117">
        <ele>185.3300321771</ele>
        <time>2026-06-05T10:50:42Z</time>
      </trkpt>
      <trkpt lat="41.38872027944225" lon="-82.57385972114895">
        <ele>188.7618758624</ele>
        <time>2026-06-05T10:50:51Z</time>
      </trkpt>
      <trkpt lat="41.38912410573229" lon="-82.57388172251611">
        <ele>190.5200289245</ele>
        <time>2026-06-05T10:50:53Z</time>
      </trkpt>
      <trkpt lat="41.39006506367974" lon="-82.57389858628378">
        <ele>191.1217629098</ele>
        <time>2026-06-05T10:50:57Z</time>
      </trkpt>
      <trkpt lat="41.39207298891008" lon="-82.57395803458326">
        <ele>192.7396015314</ele>
        <time>2026-06-05T10:51:07Z</time>
      </trkpt>
      <trkpt lat="41.39259607343716" lon="-82.57398315178476">
        <ele>190.7425411434</ele>
        <time>2026-06-05T10:51:10Z</time>
      </trkpt>
      <trkpt lat="41.39407621728677" lon="-82.57402476383919">
        <ele>188.5276857574</ele>
        <time>2026-06-05T10:51:17Z</time>
      </trkpt>
      <trkpt lat="41.39527656467195" lon="-82.57406810574417">
        <ele>186.6767823230</ele>
        <time>2026-06-05T10:51:22Z</time>
      </trkpt>
      <trkpt lat="41.39587153298474" lon="-82.57411059848506">
        <ele>184.8381506216</ele>
        <time>2026-06-05T10:51:24Z</time>
      </trkpt>
      <trkpt lat="41.39608059332826" lon="-82.57413973019432">
        <ele>184.8853203638</ele>
        <time>2026-06-05T10:51:25Z</time>
      </trkpt>
      <trkpt lat="41.39651505020580" lon="-82.57422881617997">
        <ele>184.3158351381</ele>
        <time>2026-06-05T10:51:27Z</time>
      </trkpt>
      <trkpt lat="41.39683955823568" lon="-82.57433829589372">
        <ele>183.8026446697</ele>
        <time>2026-06-05T10:51:29Z</time>
      </trkpt>
      <trkpt lat="41.39701829224731" lon="-82.57440561951624">
        <ele>183.9545758782</ele>
        <time>2026-06-05T10:51:30Z</time>
      </trkpt>
      <trkpt lat="41.39725407984122" lon="-82.57452273467671">
        <ele>183.5052662141</ele>
        <time>2026-06-05T10:51:31Z</time>
      </trkpt>
      <trkpt lat="41.39782927647010" lon="-82.57484338647600">
        <ele>183.8522818018</ele>
        <time>2026-06-05T10:51:34Z</time>
      </trkpt>
      <trkpt lat="41.39810808506411" lon="-82.57504654153524">
        <ele>183.9420879845</ele>
        <time>2026-06-05T10:51:35Z</time>
      </trkpt>
      <trkpt lat="41.39859157469780" lon="-82.57547929626831">
        <ele>182.8094273930</ele>
        <time>2026-06-05T10:51:38Z</time>
      </trkpt>
      <trkpt lat="41.39872592164780" lon="-82.57560650058139">
        <ele>183.1635920069</ele>
        <time>2026-06-05T10:51:39Z</time>
      </trkpt>
      <trkpt lat="41.39907221671326" lon="-82.57599160005623">
        <ele>182.7270909509</ele>
        <time>2026-06-05T10:51:41Z</time>
      </trkpt>
      <trkpt lat="41.39944648019794" lon="-82.57650452261883">
        <ele>182.8429168529</ele>
        <time>2026-06-05T10:51:44Z</time>
      </trkpt>
      <trkpt lat="41.39979711597395" lon="-82.57707556293445">
        <ele>182.9648608233</ele>
        <time>2026-06-05T10:51:48Z</time>
      </trkpt>
      <trkpt lat="41.39994994774052" lon="-82.57737144737176">
        <ele>182.5593317463</ele>
        <time>2026-06-05T10:51:49Z</time>
      </trkpt>
      <trkpt lat="41.40070520986373" lon="-82.57927104294404">
        <ele>181.8983229813</ele>
        <time>2026-06-05T10:51:57Z</time>
      </trkpt>
      <trkpt lat="41.40270766593619" lon="-82.58463543754918">
        <ele>181.8476916969</ele>
        <time>2026-06-05T10:52:17Z</time>
      </trkpt>
      <trkpt lat="41.40318474699657" lon="-82.58596877830222">
        <ele>181.8296544568</ele>
        <time>2026-06-05T10:52:23Z</time>
      </trkpt>
      <trkpt lat="41.40381293708496" lon="-82.58793984791663">
        <ele>181.7851219009</ele>
        <time>2026-06-05T10:52:29Z</time>
      </trkpt>
      <trkpt lat="41.40427447925051" lon="-82.58903023932830">
        <ele>182.1265274475</ele>
        <time>2026-06-05T10:52:32Z</time>
      </trkpt>
      <trkpt lat="41.40440370281630" lon="-82.58928516099637">
        <ele>181.5914599535</ele>
        <time>2026-06-05T10:52:34Z</time>
      </trkpt>
      <trkpt lat="41.40449863141313" lon="-82.58947421194179">
        <ele>181.6732462686</ele>
        <time>2026-06-05T10:52:35Z</time>
      </trkpt>
      <trkpt lat="41.40460027677145" lon="-82.58965652432568">
        <ele>181.4628854311</ele>
        <time>2026-06-05T10:52:36Z</time>
      </trkpt>
      <trkpt lat="41.40478392776588" lon="-82.58990686685317">
        <ele>181.5456693203</ele>
        <time>2026-06-05T10:52:37Z</time>
      </trkpt>
      <trkpt lat="41.40488394082047" lon="-82.59003334883064">
        <ele>181.9316316556</ele>
        <time>2026-06-05T10:52:38Z</time>
      </trkpt>
      <trkpt lat="41.40507675670229" lon="-82.59019504064683">
        <ele>182.0986560517</ele>
        <time>2026-06-05T10:52:39Z</time>
      </trkpt>
      <trkpt lat="41.40552549333641" lon="-82.59054127536152">
        <ele>183.2890120501</ele>
        <time>2026-06-05T10:52:41Z</time>
      </trkpt>
      <trkpt lat="41.40560878158913" lon="-82.59061302758411">
        <ele>183.3622464011</ele>
        <time>2026-06-05T10:52:42Z</time>
      </trkpt>
      <trkpt lat="41.40569064779954" lon="-82.59071062627632">
        <ele>184.0502427355</ele>
        <time>2026-06-05T10:52:43Z</time>
      </trkpt>
      <trkpt lat="41.40575116976664" lon="-82.59081238875402">
        <ele>183.5244206439</ele>
        <time>2026-06-05T10:52:44Z</time>
      </trkpt>
      <trkpt lat="41.40579175472192" lon="-82.59090677353817">
        <ele>183.4508848781</ele>
        <time>2026-06-05T10:52:45Z</time>
      </trkpt>
      <trkpt lat="41.40583530993646" lon="-82.59103250655765">
        <ele>184.0524672218</ele>
        <time>2026-06-05T10:52:46Z</time>
      </trkpt>
      <trkpt lat="41.40585995447117" lon="-82.59114717628580">
        <ele>184.3709322253</ele>
        <time>2026-06-05T10:52:47Z</time>
      </trkpt>
      <trkpt lat="41.40586633446633" lon="-82.59132339193245">
        <ele>184.8127010580</ele>
        <time>2026-06-05T10:52:48Z</time>
      </trkpt>
      <trkpt lat="41.40713331540116" lon="-82.59138554616202">
        <ele>179.8862220489</ele>
        <time>2026-06-05T10:52:55Z</time>
      </trkpt>
      <trkpt lat="41.40763767045124" lon="-82.59140639179927">
        <ele>180.2035825333</ele>
        <time>2026-06-05T10:52:57Z</time>
      </trkpt>
      <trkpt lat="41.40777661491735" lon="-82.59138896214472">
        <ele>180.9838309605</ele>
        <time>2026-06-05T10:52:58Z</time>
      </trkpt>
      <trkpt lat="41.40758787939115" lon="-82.59209902266551">
        <ele>180.9491720735</ele>
        <time>2026-06-05T10:53:01Z</time>
      </trkpt>
      <trkpt lat="41.40726394269907" lon="-82.59326695093803">
        <ele>180.9614005740</ele>
        <time>2026-06-05T10:53:04Z</time>
      </trkpt>
      <trkpt lat="41.40676866066888" lon="-82.59514641980628">
        <ele>178.6606189113</ele>
        <time>2026-06-05T10:53:10Z</time>
      </trkpt>
      <trkpt lat="41.40671624710212" lon="-82.59537091141283">
        <ele>178.4303867731</ele>
        <time>2026-06-05T10:53:11Z</time>
      </trkpt>
      <trkpt lat="41.40669640830585" lon="-82.59557884024383">
        <ele>178.0193211784</ele>
        <time>2026-06-05T10:53:12Z</time>
      </trkpt>
      <trkpt lat="41.40669145181130" lon="-82.59581749552618">
        <ele>178.1187985143</ele>
        <time>2026-06-05T10:53:13Z</time>
      </trkpt>
      <trkpt lat="41.40670993328711" lon="-82.59611106478243">
        <ele>177.7403844704</ele>
        <time>2026-06-05T10:53:14Z</time>
      </trkpt>
      <trkpt lat="41.40674649720891" lon="-82.59640622449206">
        <ele>179.8109529147</ele>
        <time>2026-06-05T10:53:15Z</time>
      </trkpt>
      <trkpt lat="41.40686835026911" lon="-82.59692818117904">
        <ele>180.7544684597</ele>
        <time>2026-06-05T10:53:17Z</time>
      </trkpt>
      <trkpt lat="41.40716855043697" lon="-82.59830127776840">
        <ele>181.8991740156</ele>
        <time>2026-06-05T10:53:23Z</time>
      </trkpt>
      <trkpt lat="41.40786644911796" lon="-82.60148841848752">
        <ele>182.9901752388</ele>
        <time>2026-06-05T10:53:33Z</time>
      </trkpt>
      <trkpt lat="41.40814998226666" lon="-82.60278634049401">
        <ele>183.1037336159</ele>
        <time>2026-06-05T10:53:37Z</time>
      </trkpt>
      <trkpt lat="41.40892897776504" lon="-82.60631298669294">
        <ele>183.0211795065</ele>
        <time>2026-06-05T10:53:53Z</time>
      </trkpt>
      <trkpt lat="41.40905352629349" lon="-82.60680662775381">
        <ele>183.0033331663</ele>
        <time>2026-06-05T10:53:54Z</time>
      </trkpt>
      <trkpt lat="41.40921702380875" lon="-82.60737871999348">
        <ele>182.6967856424</ele>
        <time>2026-06-05T10:53:56Z</time>
      </trkpt>
      <trkpt lat="41.40944009317037" lon="-82.60797907690491">
        <ele>182.8778927756</ele>
        <time>2026-06-05T10:53:59Z</time>
      </trkpt>
      <trkpt lat="41.40987793961413" lon="-82.60883960654435">
        <ele>182.1010254935</ele>
        <time>2026-06-05T10:54:02Z</time>
      </trkpt>
      <trkpt lat="41.40996020964093" lon="-82.60902822138523">
        <ele>182.0801032175</ele>
        <time>2026-06-05T10:54:03Z</time>
      </trkpt>
      <trkpt lat="41.41052125023878" lon="-82.61013748917728">
        <ele>180.4407397906</ele>
        <time>2026-06-05T10:54:07Z</time>
      </trkpt>
      <trkpt lat="41.41072030057539" lon="-82.61054879518403">
        <ele>181.9915130612</ele>
        <time>2026-06-05T10:54:09Z</time>
      </trkpt>
      <trkpt lat="41.41105391268194" lon="-82.61121391131759">
        <ele>183.4465581006</ele>
        <time>2026-06-05T10:54:12Z</time>
      </trkpt>
      <trkpt lat="41.41173129944280" lon="-82.61263806763235">
        <ele>186.3554990999</ele>
        <time>2026-06-05T10:54:18Z</time>
      </trkpt>
      <trkpt lat="41.41236152105269" lon="-82.61418100737311">
        <ele>186.7099362083</ele>
        <time>2026-06-05T10:54:25Z</time>
      </trkpt>
      <trkpt lat="41.41263169434990" lon="-82.61490231111898">
        <ele>187.0923582620</ele>
        <time>2026-06-05T10:54:28Z</time>
      </trkpt>
      <trkpt lat="41.41283354250785" lon="-82.61558764214178">
        <ele>187.0676442768</ele>
        <time>2026-06-05T10:54:30Z</time>
      </trkpt>
      <trkpt lat="41.41287394682746" lon="-82.61581330653527">
        <ele>186.7809905895</ele>
        <time>2026-06-05T10:54:31Z</time>
      </trkpt>
      <trkpt lat="41.41291388234219" lon="-82.61600393946968">
        <ele>186.8013005853</ele>
        <time>2026-06-05T10:54:32Z</time>
      </trkpt>
      <trkpt lat="41.41296245137060" lon="-82.61628529149262">
        <ele>185.9197596325</ele>
        <time>2026-06-05T10:54:33Z</time>
      </trkpt>
      <trkpt lat="41.41300964977267" lon="-82.61745258110435">
        <ele>186.1309247294</ele>
        <time>2026-06-05T10:54:38Z</time>
      </trkpt>
      <trkpt lat="41.41306369485406" lon="-82.61777440136487">
        <ele>185.8400428359</ele>
        <time>2026-06-05T10:54:39Z</time>
      </trkpt>
      <trkpt lat="41.41313677936041" lon="-82.61801071725561">
        <ele>185.6372942545</ele>
        <time>2026-06-05T10:54:40Z</time>
      </trkpt>
      <trkpt lat="41.41334494367906" lon="-82.61844720067086">
        <ele>185.7182785721</ele>
        <time>2026-06-05T10:54:42Z</time>
      </trkpt>
      <trkpt lat="41.41344646581003" lon="-82.61869133109961">
        <ele>186.0327780895</ele>
        <time>2026-06-05T10:54:43Z</time>
      </trkpt>
      <trkpt lat="41.41463555079550" lon="-82.62116989322794">
        <ele>182.1314455917</ele>
        <time>2026-06-05T10:54:52Z</time>
      </trkpt>
      <trkpt lat="41.41626642895562" lon="-82.62458334045014">
        <ele>180.1135297720</ele>
        <time>2026-06-05T10:55:04Z</time>
      </trkpt>
      <trkpt lat="41.41636502327033" lon="-82.62468153173397">
        <ele>180.1493812103</ele>
        <time>2026-06-05T10:55:05Z</time>
      </trkpt>
      <trkpt lat="41.41643308748699" lon="-82.62473699847288">
        <ele>180.2802455468</ele>
        <time>2026-06-05T10:55:06Z</time>
      </trkpt>
      <trkpt lat="41.41658074926085" lon="-82.62480691609117">
        <ele>179.4932150849</ele>
        <time>2026-06-05T10:55:07Z</time>
      </trkpt>
      <trkpt lat="41.41662705628554" lon="-82.62480315938740">
        <ele>179.4358378320</ele>
        <time>2026-06-05T10:55:08Z</time>
      </trkpt>
      <trkpt lat="41.41676919313308" lon="-82.62482907274685">
        <ele>179.2699991303</ele>
        <time>2026-06-05T10:55:09Z</time>
      </trkpt>
      <trkpt lat="41.41708335875055" lon="-82.62495850328044">
        <ele>179.9422271032</ele>
        <time>2026-06-05T10:55:11Z</time>
      </trkpt>
      <trkpt lat="41.41724605687443" lon="-82.62507112290648">
        <ele>179.9751732981</ele>
        <time>2026-06-05T10:55:12Z</time>
      </trkpt>
      <trkpt lat="41.41747598182721" lon="-82.62526323167528">
        <ele>179.3724809273</ele>
        <time>2026-06-05T10:55:14Z</time>
      </trkpt>
      <trkpt lat="41.41776119953978" lon="-82.62546471553752">
        <ele>179.6944483901</ele>
        <time>2026-06-05T10:55:15Z</time>
      </trkpt>
      <trkpt lat="41.42081183509075" lon="-82.62557307026033">
        <ele>177.0769077705</ele>
        <time>2026-06-05T10:55:27Z</time>
      </trkpt>
      <trkpt lat="41.42120613120790" lon="-82.62559848567165">
        <ele>176.9429460915</ele>
        <time>2026-06-05T10:55:29Z</time>
      </trkpt>
      <trkpt lat="41.42154399466963" lon="-82.62567922576132">
        <ele>176.2024195271</ele>
        <time>2026-06-05T10:55:30Z</time>
      </trkpt>
      <trkpt lat="41.42200534661133" lon="-82.62579825072794">
        <ele>175.0230109815</ele>
        <time>2026-06-05T10:55:32Z</time>
      </trkpt>
      <trkpt lat="41.42243118658347" lon="-82.62590971238502">
        <ele>175.3620080115</ele>
        <time>2026-06-05T10:55:34Z</time>
      </trkpt>
      <trkpt lat="41.42269005447577" lon="-82.62597364029419">
        <ele>176.0466052097</ele>
        <time>2026-06-05T10:55:35Z</time>
      </trkpt>
      <trkpt lat="41.42364428949955" lon="-82.62596505850019">
        <ele>175.8812784030</ele>
        <time>2026-06-05T10:55:42Z</time>
      </trkpt>
      <trkpt lat="41.42394135905688" lon="-82.62592195748751">
        <ele>175.2310576374</ele>
        <time>2026-06-05T10:55:43Z</time>
      </trkpt>
      <trkpt lat="41.42412044783890" lon="-82.62588356140715">
        <ele>175.4662898318</ele>
        <time>2026-06-05T10:55:44Z</time>
      </trkpt>
      <trkpt lat="41.42432483975214" lon="-82.62579152315671">
        <ele>175.7150731993</ele>
        <time>2026-06-05T10:55:45Z</time>
      </trkpt>
      <trkpt lat="41.42573479874611" lon="-82.62499323180459">
        <ele>175.7525381991</ele>
        <time>2026-06-05T10:55:54Z</time>
      </trkpt>
      <trkpt lat="41.43233205588607" lon="-82.62123431692851">
        <ele>175.3432598213</ele>
        <time>2026-06-05T10:56:22Z</time>
      </trkpt>
      <trkpt lat="41.43260394978964" lon="-82.62112221414634">
        <ele>174.8615080345</ele>
        <time>2026-06-05T10:56:23Z</time>
      </trkpt>
      <trkpt lat="41.43307785739645" lon="-82.62094153815680">
        <ele>176.7219200847</ele>
        <time>2026-06-05T10:56:25Z</time>
      </trkpt>
      <trkpt lat="41.43318281782816" lon="-82.62092600325295">
        <ele>176.6846737549</ele>
        <time>2026-06-05T10:56:26Z</time>
      </trkpt>
      <trkpt lat="41.43325904118764" lon="-82.62094661118779">
        <ele>176.9570827601</ele>
        <time>2026-06-05T10:56:27Z</time>
      </trkpt>
      <trkpt lat="41.43390018481108" lon="-82.62198375623623">
        <ele>176.6529880309</ele>
        <time>2026-06-05T10:56:32Z</time>
      </trkpt>
      <trkpt lat="41.43522062315520" lon="-82.62406636615823">
        <ele>176.1375069217</ele>
        <time>2026-06-05T10:56:41Z</time>
      </trkpt>
      <trkpt lat="41.43588908687995" lon="-82.62512157411206">
        <ele>176.9553665502</ele>
        <time>2026-06-05T10:56:44Z</time>
      </trkpt>
      <trkpt lat="41.43853084472499" lon="-82.62917060265075">
        <ele>176.7287981741</ele>
        <time>2026-06-05T10:57:11Z</time>
      </trkpt>
      <trkpt lat="41.44163065924266" lon="-82.63380626907011">
        <ele>176.1748725456</ele>
        <time>2026-06-05T10:57:29Z</time>
      </trkpt>
      <trkpt lat="41.44282728200746" lon="-82.63554369611033">
        <ele>175.9125443839</ele>
        <time>2026-06-05T10:57:36Z</time>
      </trkpt>
      <trkpt lat="41.44673553253183" lon="-82.64107524082361">
        <ele>176.5994119512</ele>
        <time>2026-06-05T10:58:00Z</time>
      </trkpt>
      <trkpt lat="41.44848526166695" lon="-82.64330647708886">
        <ele>176.7048536383</ele>
        <time>2026-06-05T10:58:13Z</time>
      </trkpt>
      <trkpt lat="41.44999042965625" lon="-82.64528334652871">
        <ele>176.5454165639</ele>
        <time>2026-06-05T10:58:24Z</time>
      </trkpt>
      <trkpt lat="41.45008997084864" lon="-82.64543024664334">
        <ele>176.1955846831</ele>
        <time>2026-06-05T10:58:25Z</time>
      </trkpt>
      <trkpt lat="41.45118663648233" lon="-82.64686771535719">
        <ele>176.4133457684</ele>
        <time>2026-06-05T10:58:31Z</time>
      </trkpt>
      <trkpt lat="41.45205535728511" lon="-82.64790850003411">
        <ele>176.2587584962</ele>
        <time>2026-06-05T10:58:36Z</time>
      </trkpt>
      <trkpt lat="41.45521375232460" lon="-82.65180569793122">
        <ele>176.6050870878</ele>
        <time>2026-06-05T10:58:56Z</time>
      </trkpt>
      <trkpt lat="41.45570371700904" lon="-82.65234890792084">
        <ele>176.8742667702</ele>
        <time>2026-06-05T10:58:59Z</time>
      </trkpt>
      <trkpt lat="41.45713476633448" lon="-82.65403424011417">
        <ele>176.7263090645</ele>
        <time>2026-06-05T10:59:10Z</time>
      </trkpt>
      <trkpt lat="41.45752704619321" lon="-82.65444054240739">
        <ele>176.6526851098</ele>
        <time>2026-06-05T10:59:12Z</time>
      </trkpt>
      <trkpt lat="41.45789290011200" lon="-82.65485483697420">
        <ele>176.3784426661</ele>
        <time>2026-06-05T10:59:14Z</time>
      </trkpt>
      <trkpt lat="41.45927413697417" lon="-82.65644064590538">
        <ele>177.1755773493</ele>
        <time>2026-06-05T10:59:22Z</time>
      </trkpt>
      <trkpt lat="41.45966324799907" lon="-82.65687248409174">
        <ele>176.7297821706</ele>
        <time>2026-06-05T10:59:24Z</time>
      </trkpt>
      <trkpt lat="41.46004360885681" lon="-82.65731203325865">
        <ele>176.9547777936</ele>
        <time>2026-06-05T10:59:26Z</time>
      </trkpt>
      <trkpt lat="41.46142257775689" lon="-82.65887320843187">
        <ele>176.8151246928</ele>
        <time>2026-06-05T10:59:35Z</time>
      </trkpt>
      <trkpt lat="41.46218284618956" lon="-82.65973103451863">
        <ele>177.5173059971</ele>
        <time>2026-06-05T10:59:39Z</time>
      </trkpt>
      <trkpt lat="41.46692905495486" lon="-82.66484732564199">
        <ele>177.0069835713</ele>
        <time>2026-06-05T11:00:04Z</time>
      </trkpt>
      <trkpt lat="41.46828187567754" lon="-82.66624324297572">
        <ele>176.9964172974</ele>
        <time>2026-06-05T11:00:14Z</time>
      </trkpt>
      <trkpt lat="41.46924738429500" lon="-82.66727767396138">
        <ele>177.1433614062</ele>
        <time>2026-06-05T11:00:19Z</time>
      </trkpt>
      <trkpt lat="41.46995976059350" lon="-82.66800548281208">
        <ele>176.9308655058</ele>
        <time>2026-06-05T11:00:23Z</time>
      </trkpt>
      <trkpt lat="41.47171139289802" lon="-82.66980643718105">
        <ele>176.5885552542</ele>
        <time>2026-06-05T11:00:32Z</time>
      </trkpt>
      <trkpt lat="41.47270424504287" lon="-82.67078521163479">
        <ele>176.8063128992</ele>
        <time>2026-06-05T11:00:38Z</time>
      </trkpt>
      <trkpt lat="41.47293173047967" lon="-82.67105666915386">
        <ele>177.2076981052</ele>
        <time>2026-06-05T11:00:40Z</time>
      </trkpt>
      <trkpt lat="41.47357683873700" lon="-82.67169979528938">
        <ele>176.1541622336</ele>
        <time>2026-06-05T11:00:44Z</time>
      </trkpt>
      <trkpt lat="41.47368078934576" lon="-82.67185298891260">
        <ele>176.1460190206</ele>
        <time>2026-06-05T11:00:45Z</time>
      </trkpt>
      <trkpt lat="41.47374510870103" lon="-82.67208167421028">
        <ele>177.0374257860</ele>
        <time>2026-06-05T11:00:46Z</time>
      </trkpt>
      <trkpt lat="41.47375686064746" lon="-82.67218762814321">
        <ele>176.9803210065</ele>
        <time>2026-06-05T11:00:47Z</time>
      </trkpt>
      <trkpt lat="41.47372047971461" lon="-82.67240146919032">
        <ele>176.9184731555</ele>
        <time>2026-06-05T11:00:48Z</time>
      </trkpt>
      <trkpt lat="41.47368647665599" lon="-82.67251660199427">
        <ele>176.9162641118</ele>
        <time>2026-06-05T11:00:49Z</time>
      </trkpt>
      <trkpt lat="41.47357334598376" lon="-82.67273131939770">
        <ele>177.0503974079</ele>
        <time>2026-06-05T11:00:50Z</time>
      </trkpt>
      <trkpt lat="41.47347299819221" lon="-82.67290898630228">
        <ele>177.0790272286</ele>
        <time>2026-06-05T11:00:51Z</time>
      </trkpt>
      <trkpt lat="41.47378560516498" lon="-82.67321824636051">
        <ele>176.9831811040</ele>
        <time>2026-06-05T11:00:53Z</time>
      </trkpt>
      <trkpt lat="41.47392683449257" lon="-82.67330483299108">
        <ele>177.1034047664</ele>
        <time>2026-06-05T11:00:54Z</time>
      </trkpt>
      <trkpt lat="41.47420368381344" lon="-82.67353508045917">
        <ele>176.9571878624</ele>
        <time>2026-06-05T11:00:55Z</time>
      </trkpt>
      <trkpt lat="41.47432593779354" lon="-82.67363610349078">
        <ele>176.9076193069</ele>
        <time>2026-06-05T11:00:56Z</time>
      </trkpt>
      <trkpt lat="41.47551792858030" lon="-82.67483051884008">
        <ele>177.2379380943</ele>
        <time>2026-06-05T11:01:03Z</time>
      </trkpt>
      <trkpt lat="41.47499715290941" lon="-82.67745358204118">
        <ele>175.8613681917</ele>
        <time>2026-06-05T11:01:12Z</time>
      </trkpt>
    </trkseg>
  </trk>
</gpx>